locator,variant,scope,n_clean,n_erroneous,argmax_sla,argmax_early,argmax_late,false_alarm_budget,false_alarm,theta,detected,exact,early_stop,no_stop,mean_delay_steps,median_delay_steps,mean_delay_tokens
ct7,offline,macro8_all,2358,4442,0.3824853669518235,0.2739756866276452,0.3435389464205313,0.05,0.037743850720949955,1.9955247062604848,0.027915353444394417,0.015083295812696983,0.00765420981539847,0.9644304367402071,3.1129032258064515,0.0,190.31451612903226
ct7,offline,macro8_all,2358,4442,0.3824853669518235,0.2739756866276452,0.3435389464205313,0.1,0.08142493638676845,1.8408389058384784,0.04930211616389014,0.027465105808194508,0.016434038721296715,0.9342638451148132,2.2374429223744294,0.0,143.50228310502283
ct7,offline,macro8_all,2358,4442,0.3824853669518235,0.2739756866276452,0.3435389464205313,0.2,0.1878710771840543,1.6425087670782392,0.11683926159387663,0.06911301215668618,0.04840162089149032,0.834759117514633,1.747591522157996,0.0,128.51445086705203
ct7,offline,macro8_all,2358,4442,0.3824853669518235,0.2739756866276452,0.3435389464205313,0.3,0.268871925360475,1.5555567172600586,0.15623592976136874,0.09207564160288159,0.06393516434038721,0.779828905898244,1.5706051873198847,0.0,122.164265129683
ct7,offline,steps_2_to_5,950,1312,0.4763719512195122,0.24466463414634146,0.27896341463414637,0.05,0.03263157894736842,1.6924429993518482,0.03353658536585366,0.022865853658536585,0.011432926829268292,0.9550304878048781,0.5681818181818182,0.0,46.15909090909091
ct7,offline,steps_2_to_5,950,1312,0.4763719512195122,0.24466463414634146,0.27896341463414637,0.1,0.08421052631578947,1.5964280282962213,0.06935975609756098,0.054115853658536585,0.01676829268292683,0.9138719512195121,0.37362637362637363,0.0,31.439560439560438
ct7,offline,steps_2_to_5,950,1312,0.4763719512195122,0.24466463414634146,0.27896341463414637,0.2,0.19263157894736843,1.451205845109234,0.12576219512195122,0.08689024390243902,0.035823170731707314,0.8384146341463414,0.5272727272727272,0.0,51.654545454545456
ct7,offline,steps_2_to_5,950,1312,0.4763719512195122,0.24466463414634146,0.27896341463414637,0.3,0.2694736842105263,1.3815884700715346,0.1875,0.13185975609756098,0.051067073170731704,0.7614329268292683,0.491869918699187,0.0,46.792682926829265
ct7,offline,steps_6_to_10,1124,2308,0.3587521663778163,0.28812824956672445,0.3531195840554593,0.05,0.03202846975088968,1.9955247062604848,0.01733102253032929,0.012131715771230503,0.0030329289428076256,0.979636048526863,1.0,0.0,53.975
ct7,offline,steps_6_to_10,1124,2308,0.3587521663778163,0.28812824956672445,0.3531195840554593,0.1,0.08185053380782918,1.8408389058384784,0.0389948006932409,0.025996533795493933,0.008665511265164644,0.9523396880415944,0.8555555555555555,0.0,61.25555555555555
ct7,offline,steps_6_to_10,1124,2308,0.3587521663778163,0.28812824956672445,0.3531195840554593,0.2,0.19661921708185054,1.6425087670782392,0.11395147313691507,0.07105719237435008,0.036395147313691506,0.8496533795493935,1.0836501901140685,0.0,94.34600760456274
ct7,offline,steps_6_to_10,1124,2308,0.3587521663778163,0.28812824956672445,0.3531195840554593,0.3,0.2873665480427046,1.5555567172600586,0.15554592720970536,0.09445407279029462,0.050693240901213174,0.7937608318890814,1.1086350974930361,0.0,101.22562674094708
ct7,offline,steps_11_plus,284,822,0.29927007299270075,0.28102189781021897,0.4197080291970803,0.2,0.18661971830985916,1.9955247062604848,0.10218978102189781,0.04744525547445255,0.032846715328467155,0.864963503649635,4.119047619047619,1.0,255.23809523809524
ct7,offline,steps_11_plus,284,822,0.29927007299270075,0.28102189781021897,0.4197080291970803,0.3,0.18661971830985916,1.9955247062604848,0.10218978102189781,0.04744525547445255,0.032846715328467155,0.864963503649635,4.119047619047619,1.0,255.23809523809524
ct7,offline,cell=pb_gsm8k_q4,193,207,0.4830917874396135,0.2463768115942029,0.27053140096618356,0.05,0.025906735751295335,1.8408389058384784,0.03864734299516908,0.024154589371980676,0.0,0.961352657004831,2.125,0.0,150.625
ct7,offline,cell=pb_gsm8k_q4,193,207,0.4830917874396135,0.2463768115942029,0.27053140096618356,0.1,0.07772020725388601,1.6924429993518482,0.08695652173913043,0.06280193236714976,0.00966183574879227,0.9033816425120773,1.1666666666666667,0.0,82.27777777777777
ct7,offline,cell=pb_gsm8k_q4,193,207,0.4830917874396135,0.2463768115942029,0.27053140096618356,0.2,0.18652849740932642,1.5133811421215566,0.17391304347826086,0.12077294685990338,0.028985507246376812,0.7971014492753623,1.1111111111111112,0.0,66.72222222222223
ct7,offline,cell=pb_gsm8k_q4,193,207,0.4830917874396135,0.2463768115942029,0.27053140096618356,0.3,0.26424870466321243,1.451205845109234,0.21739130434782608,0.15458937198067632,0.057971014492753624,0.7246376811594203,1.1111111111111112,0.0,73.28888888888889
ct7,offline,cell=pb_gsm8k_q8,193,207,0.47342995169082125,0.23671497584541062,0.2898550724637681,0.05,0.031088082901554404,1.7543859988038821,0.03864734299516908,0.01932367149758454,0.004830917874396135,0.9565217391304348,2.5,1.0,168.125
ct7,offline,cell=pb_gsm8k_q8,193,207,0.47342995169082125,0.23671497584541062,0.2898550724637681,0.1,0.07772020725388601,1.6425087670782392,0.0966183574879227,0.04830917874396135,0.014492753623188406,0.8888888888888888,1.75,0.5,108.25
ct7,offline,cell=pb_gsm8k_q8,193,207,0.47342995169082125,0.23671497584541062,0.2898550724637681,0.2,0.18652849740932642,1.5133811421215566,0.178743961352657,0.1111111111111111,0.043478260869565216,0.7777777777777778,1.2702702702702702,0.0,79.45945945945945
ct7,offline,cell=pb_gsm8k_q8,193,207,0.47342995169082125,0.23671497584541062,0.2898550724637681,0.3,0.2849740932642487,1.4231945037794396,0.2608695652173913,0.1642512077294686,0.07246376811594203,0.6666666666666666,1.0185185185185186,0.0,61.870370370370374
ct7,offline,cell=pb_math_q4,406,594,0.3569023569023569,0.26936026936026936,0.37373737373737376,0.05,0.04187192118226601,1.9955247062604848,0.015151515151515152,0.005050505050505051,0.011784511784511785,0.9730639730639731,5.111111111111111,2.0,327.1111111111111
ct7,offline,cell=pb_math_q4,406,594,0.3569023569023569,0.26936026936026936,0.37373737373737376,0.1,0.0812807881773399,1.8408389058384784,0.03535353535353535,0.016835016835016835,0.020202020202020204,0.9444444444444444,2.8095238095238093,1.0,187.1904761904762
ct7,offline,cell=pb_math_q4,406,594,0.3569023569023569,0.26936026936026936,0.37373737373737376,0.2,0.17733990147783252,1.6425087670782392,0.11616161616161616,0.06734006734006734,0.05387205387205387,0.82996632996633,2.347826086956522,0.0,168.46376811594203
ct7,offline,cell=pb_math_q4,406,594,0.3569023569023569,0.26936026936026936,0.37373737373737376,0.3,0.27586206896551724,1.5133811421215566,0.1717171717171717,0.10101010101010101,0.06397306397306397,0.7643097643097643,1.8627450980392157,0.0,142.16666666666666
ct7,offline,cell=pb_math_q8,406,594,0.3686868686868687,0.28114478114478114,0.3501683501683502,0.05,0.04926108374384237,1.9955247062604848,0.011784511784511785,0.003367003367003367,0.013468013468013467,0.9747474747474747,5.0,3.0,320.7142857142857
ct7,offline,cell=pb_math_q8,406,594,0.3686868686868687,0.28114478114478114,0.3501683501683502,0.1,0.09113300492610837,1.8408389058384784,0.03198653198653199,0.011784511784511785,0.026936026936026935,0.9410774410774411,3.263157894736842,1.0,226.68421052631578
ct7,offline,cell=pb_math_q8,406,594,0.3686868686868687,0.28114478114478114,0.3501683501683502,0.2,0.19704433497536947,1.6425087670782392,0.10606060606060606,0.06397306397306397,0.04713804713804714,0.8468013468013468,1.8571428571428572,0.0,130.3968253968254
ct7,offline,cell=pb_math_q8,406,594,0.3686868686868687,0.28114478114478114,0.3501683501683502,0.3,0.29310344827586204,1.5133811421215566,0.16835016835016836,0.09595959595959595,0.06565656565656566,0.765993265993266,1.8,0.0,132.96
ct7,offline,cell=pb_olympiadbench_q4,339,661,0.3903177004538578,0.29954614220877457,0.3101361573373676,0.1,0.05604719764011799,1.9955247062604848,0.04236006051437216,0.0226928895612708,0.009077155824508321,0.9485627836611196,3.7857142857142856,0.0,220.35714285714286
ct7,offline,cell=pb_olympiadbench_q4,339,661,0.3903177004538578,0.29954614220877457,0.3101361573373676,0.2,0.18289085545722714,1.7543859988038821,0.09228441754916793,0.05446293494704992,0.036308623298033284,0.8714069591527988,1.9180327868852458,0.0,128.78688524590163
ct7,offline,cell=pb_olympiadbench_q4,339,661,0.3903177004538578,0.29954614220877457,0.3101361573373676,0.3,0.28023598820059,1.5964280282962213,0.16036308623298035,0.09682299546142209,0.08472012102874432,0.7549167927382754,1.3679245283018868,0.0,109.83962264150944
ct7,offline,cell=pb_olympiadbench_q8,339,661,0.3767019667170953,0.32526475037821484,0.2980332829046899,0.1,0.05604719764011799,1.9955247062604848,0.046898638426626324,0.02723146747352496,0.009077155824508321,0.9440242057488654,2.6129032258064515,0.0,156.5483870967742
ct7,offline,cell=pb_olympiadbench_q8,339,661,0.3767019667170953,0.32526475037821484,0.2980332829046899,0.2,0.1504424778761062,1.7543859988038821,0.0832072617246596,0.05143721633888049,0.036308623298033284,0.8804841149773072,1.981818181818182,0.0,122.0909090909091
ct7,offline,cell=pb_olympiadbench_q8,339,661,0.3767019667170953,0.32526475037821484,0.2980332829046899,0.3,0.28023598820059,1.5964280282962213,0.1361573373676248,0.09228441754916793,0.08018154311649017,0.783661119515885,1.2222222222222223,0.0,82.88888888888889
ct7,offline,cell=pb_omnimath_q4,241,759,0.3715415019762846,0.24110671936758893,0.38735177865612647,0.05,0.016597510373443983,1.9955247062604848,0.028985507246376812,0.017127799736495388,0.005270092226613966,0.9657444005270093,2.4545454545454546,0.0,145.04545454545453
ct7,offline,cell=pb_omnimath_q4,241,759,0.3715415019762846,0.24110671936758893,0.38735177865612647,0.1,0.07883817427385892,1.8408389058384784,0.048748353096179184,0.026350461133069828,0.014492753623188406,0.9367588932806324,1.9189189189189189,0.0,121.97297297297297
ct7,offline,cell=pb_omnimath_q4,241,759,0.3715415019762846,0.24110671936758893,0.38735177865612647,0.2,0.1908713692946058,1.6425087670782392,0.12121212121212122,0.061923583662714096,0.03820816864295125,0.8405797101449275,1.9673913043478262,0.0,156.70652173913044
ct7,offline,cell=pb_omnimath_q4,241,759,0.3715415019762846,0.24110671936758893,0.38735177865612647,0.3,0.27800829875518673,1.5555567172600586,0.1541501976284585,0.08036890645586298,0.048748353096179184,0.7971014492753623,1.6666666666666667,0.0,146.86324786324786
ct7,offline,cell=pb_omnimath_q8,241,759,0.3702239789196311,0.25559947299077734,0.37417654808959155,0.05,0.03319502074688797,1.9955247062604848,0.025032938076416336,0.015810276679841896,0.003952569169960474,0.9710144927536232,1.894736842105263,0.0,110.42105263157895
ct7,offline,cell=pb_omnimath_q8,241,759,0.3702239789196311,0.25559947299077734,0.37417654808959155,0.1,0.08713692946058091,1.8408389058384784,0.05138339920948617,0.030303030303030304,0.00922266139657444,0.9393939393939394,1.7179487179487178,0.0,111.33333333333333
ct7,offline,cell=pb_omnimath_q8,241,759,0.3702239789196311,0.25559947299077734,0.37417654808959155,0.2,0.1908713692946058,1.6425087670782392,0.11067193675889328,0.06060606060606061,0.039525691699604744,0.849802371541502,1.7738095238095237,0.0,139.02380952380952
ct7,offline,cell=pb_omnimath_q8,241,759,0.3702239789196311,0.25559947299077734,0.37417654808959155,0.3,0.23651452282157676,1.5964280282962213,0.12779973649538867,0.06982872200263504,0.04479578392621871,0.8274044795783926,1.690721649484536,0.0,132.91752577319588
token_lsml,offline,macro8_all,2358,4442,0.3313822602431337,0.22534894191805493,0.44326879783881135,0.05,0.0275657336726039,2.0757280053704514,0.03444394416929311,0.01575866726699685,0.007203962179198559,0.9583520936515083,3.196078431372549,1.0,237.63398692810458
token_lsml,offline,macro8_all,2358,4442,0.3313822602431337,0.22534894191805493,0.44326879783881135,0.1,0.06870229007633588,1.9074790916232125,0.062134173795587576,0.026114362899594776,0.013732552904097254,0.9241332733003151,3.0652173913043477,1.0,239.57608695652175
token_lsml,offline,macro8_all,2358,4442,0.3313822602431337,0.22534894191805493,0.44326879783881135,0.2,0.1734520780322307,1.6885009281181984,0.14430436740207114,0.06461053579468708,0.03714542998649257,0.8185502026114363,2.3946957878315134,1.0,206.399375975039
token_lsml,offline,macro8_all,2358,4442,0.3313822602431337,0.22534894191805493,0.44326879783881135,0.3,0.2866836301950806,1.5742158925739331,0.22039621791985592,0.09725348941918055,0.056731202161188654,0.7228725799189554,2.17364657814096,1.0,190.42594484167518
token_lsml,offline,steps_2_to_5,950,1312,0.4321646341463415,0.20503048780487804,0.3628048780487805,0.05,0.034736842105263156,1.7407985929216383,0.023628048780487805,0.01676829268292683,0.004573170731707317,0.9717987804878049,0.7419354838709677,0.0,64.41935483870968
token_lsml,offline,steps_2_to_5,950,1312,0.4321646341463415,0.20503048780487804,0.3628048780487805,0.1,0.08210526315789474,1.6471053896901047,0.0701219512195122,0.04344512195121951,0.012957317073170731,0.916920731707317,0.8152173913043478,0.0,71.56521739130434
token_lsml,offline,steps_2_to_5,950,1312,0.4321646341463415,0.20503048780487804,0.3628048780487805,0.2,0.1831578947368421,1.5037576315651298,0.15091463414634146,0.09070121951219512,0.02972560975609756,0.819359756097561,0.7373737373737373,0.0,66.82828282828282
token_lsml,offline,steps_2_to_5,950,1312,0.4321646341463415,0.20503048780487804,0.3628048780487805,0.3,0.26526315789473687,1.4206319838014576,0.20884146341463414,0.12195121951219512,0.041920731707317076,0.7492378048780488,0.7372262773722628,0.0,69.87226277372262
token_lsml,offline,steps_6_to_10,1124,2308,0.31802426343154244,0.22616984402079723,0.4558058925476603,0.05,0.023131672597864767,2.0757280053704514,0.029896013864818025,0.014298093587521665,0.004332755632582322,0.9657712305025996,1.8695652173913044,1.0,165.31884057971016
token_lsml,offline,steps_6_to_10,1124,2308,0.31802426343154244,0.22616984402079723,0.4558058925476603,0.1,0.07028469750889679,1.9074790916232125,0.05805892547660312,0.025996533795493933,0.00996533795493934,0.9319757365684576,1.8955223880597014,1.0,184.7462686567164
token_lsml,offline,steps_6_to_10,1124,2308,0.31802426343154244,0.22616984402079723,0.4558058925476603,0.2,0.19750889679715303,1.6885009281181984,0.14861351819757365,0.07062391681109186,0.02512998266897747,0.8262564991334489,1.6151603498542273,1.0,165.21574344023324
token_lsml,offline,steps_6_to_10,1124,2308,0.31802426343154244,0.22616984402079723,0.4558058925476603,0.3,0.27846975088967973,1.6115203992581189,0.19930675909878684,0.09402079722703639,0.03596187175043328,0.7647313691507799,1.6043478260869566,1.0,161.58478260869566
token_lsml,offline,steps_11_plus,284,822,0.20802919708029197,0.25547445255474455,0.5364963503649635,0.2,0.13732394366197184,2.0757280053704514,0.10218978102189781,0.045012165450121655,0.0267639902676399,0.8710462287104623,4.285714285714286,1.0,297.0357142857143
token_lsml,offline,steps_11_plus,284,822,0.20802919708029197,0.25547445255474455,0.5364963503649635,0.3,0.25704225352112675,1.9074790916232125,0.1654501216545012,0.06447688564476886,0.046228710462287104,0.7883211678832117,4.3088235294117645,2.0,300.3897058823529
token_lsml,offline,cell=pb_gsm8k_q4,193,207,0.4782608695652174,0.2028985507246377,0.3188405797101449,0.05,0.046632124352331605,1.8089202053968472,0.06280193236714976,0.03864734299516908,0.004830917874396135,0.9323671497584541,1.6923076923076923,0.0,127.38461538461539
token_lsml,offline,cell=pb_gsm8k_q4,193,207,0.4782608695652174,0.2028985507246377,0.3188405797101449,0.1,0.07253886010362694,1.6885009281181984,0.1111111111111111,0.06763285024154589,0.004830917874396135,0.8840579710144928,1.565217391304348,0.0,124.47826086956522
token_lsml,offline,cell=pb_gsm8k_q4,193,207,0.4782608695652174,0.2028985507246377,0.3188405797101449,0.2,0.19170984455958548,1.5377628894804842,0.20772946859903382,0.10628019323671498,0.01932367149758454,0.7729468599033816,1.6511627906976745,0.0,108.81395348837209
token_lsml,offline,cell=pb_gsm8k_q4,193,207,0.4782608695652174,0.2028985507246377,0.3188405797101449,0.3,0.29015544041450775,1.4481191242156206,0.28019323671497587,0.1497584541062802,0.03864734299516908,0.6811594202898551,1.3793103448275863,0.0,92.15517241379311
token_lsml,offline,cell=pb_gsm8k_q8,193,207,0.4975845410628019,0.17391304347826086,0.3285024154589372,0.05,0.046632124352331605,1.6885009281181984,0.08695652173913043,0.043478260869565216,0.01932367149758454,0.893719806763285,1.7777777777777777,0.5,115.5
token_lsml,offline,cell=pb_gsm8k_q8,193,207,0.4975845410628019,0.17391304347826086,0.3285024154589372,0.1,0.08808290155440414,1.6471053896901047,0.1111111111111111,0.04830917874396135,0.01932367149758454,0.8695652173913043,1.7391304347826086,1.0,108.0
token_lsml,offline,cell=pb_gsm8k_q8,193,207,0.4975845410628019,0.17391304347826086,0.3285024154589372,0.2,0.19170984455958548,1.4755865623357813,0.28502415458937197,0.14492753623188406,0.04830917874396135,0.6666666666666666,1.3220338983050848,0.0,85.23728813559322
token_lsml,offline,cell=pb_gsm8k_q8,193,207,0.4975845410628019,0.17391304347826086,0.3285024154589372,0.3,0.2849740932642487,1.3997766088616928,0.3864734299516908,0.21739130434782608,0.057971014492753624,0.5555555555555556,1.15,0.0,73.0875
token_lsml,offline,cell=pb_math_q4,406,594,0.3484848484848485,0.21548821548821548,0.43602693602693604,0.05,0.027093596059113302,2.0757280053704514,0.026936026936026935,0.010101010101010102,0.008417508417508417,0.9646464646464646,3.625,1.5,224.5625
token_lsml,offline,cell=pb_math_q4,406,594,0.3484848484848485,0.21548821548821548,0.43602693602693604,0.1,0.0960591133004926,1.8089202053968472,0.0723905723905724,0.030303030303030304,0.018518518518518517,0.9090909090909091,2.441860465116279,1.0,175.02325581395348
token_lsml,offline,cell=pb_math_q4,406,594,0.3484848484848485,0.21548821548821548,0.43602693602693604,0.2,0.19950738916256158,1.6471053896901047,0.16161616161616163,0.07575757575757576,0.03872053872053872,0.7996632996632996,2.0833333333333335,1.0,172.72916666666666
token_lsml,offline,cell=pb_math_q4,406,594,0.3484848484848485,0.21548821548821548,0.43602693602693604,0.3,0.26354679802955666,1.5742158925739331,0.20875420875420875,0.08754208754208755,0.05555555555555555,0.7356902356902357,2.129032258064516,1.0,181.28225806451613
token_lsml,offline,cell=pb_math_q8,406,594,0.31986531986531985,0.18181818181818182,0.4983164983164983,0.05,0.019704433497536946,2.0757280053704514,0.02356902356902357,0.010101010101010102,0.010101010101010102,0.9663299663299664,3.5714285714285716,1.5,229.42857142857142
token_lsml,offline,cell=pb_math_q8,406,594,0.31986531986531985,0.18181818181818182,0.4983164983164983,0.1,0.07389162561576355,1.9074790916232125,0.04208754208754209,0.015151515151515152,0.013468013468013467,0.9444444444444444,3.6,2.0,238.64
token_lsml,offline,cell=pb_math_q8,406,594,0.31986531986531985,0.18181818181818182,0.4983164983164983,0.2,0.1921182266009852,1.6471053896901047,0.17676767676767677,0.0707070707070707,0.04208754208754209,0.7811447811447811,2.5428571428571427,2.0,224.42857142857142
token_lsml,offline,cell=pb_math_q8,406,594,0.31986531986531985,0.18181818181818182,0.4983164983164983,0.3,0.2660098522167488,1.5742158925739331,0.23232323232323232,0.09595959595959595,0.05555555555555555,0.7121212121212122,2.3260869565217392,1.0,202.93478260869566
token_lsml,offline,cell=pb_olympiadbench_q4,339,661,0.30559757942511345,0.3071104387291982,0.38729198184568836,0.05,0.0471976401179941,2.0757280053704514,0.0453857791225416,0.019667170953101363,0.01059001512859304,0.9440242057488654,3.7666666666666666,3.0,292.3333333333333
token_lsml,offline,cell=pb_olympiadbench_q4,339,661,0.30559757942511345,0.3071104387291982,0.38729198184568836,0.1,0.08849557522123894,1.9074790916232125,0.0832072617246596,0.037821482602118005,0.019667170953101363,0.897125567322239,3.2545454545454544,1.0,262.72727272727275
token_lsml,offline,cell=pb_olympiadbench_q4,339,661,0.30559757942511345,0.3071104387291982,0.38729198184568836,0.2,0.19469026548672566,1.7407985929216383,0.13010590015128592,0.06656580937972768,0.04387291981845688,0.8260211800302572,2.383720930232558,0.0,197.19767441860466
token_lsml,offline,cell=pb_olympiadbench_q4,339,661,0.30559757942511345,0.3071104387291982,0.38729198184568836,0.3,0.2448377581120944,1.6885009281181984,0.16944024205748864,0.08623298033282904,0.05143721633888049,0.7791225416036308,2.0892857142857144,0.0,176.42857142857142
token_lsml,offline,cell=pb_olympiadbench_q8,339,661,0.3101361573373676,0.27987897125567324,0.40998487140695916,0.05,0.038348082595870206,2.0757280053704514,0.049924357034795766,0.025718608169440244,0.007564296520423601,0.9425113464447806,3.484848484848485,0.0,271.6363636363636
token_lsml,offline,cell=pb_olympiadbench_q8,339,661,0.3101361573373676,0.27987897125567324,0.40998487140695916,0.1,0.09144542772861357,1.9074790916232125,0.08169440242057488,0.036308623298033284,0.01361573373676248,0.9046898638426626,2.9444444444444446,1.0,240.6851851851852
token_lsml,offline,cell=pb_olympiadbench_q8,339,661,0.3101361573373676,0.27987897125567324,0.40998487140695916,0.2,0.18289085545722714,1.7407985929216383,0.13313161875945537,0.060514372163388806,0.04084720121028744,0.8260211800302572,2.4431818181818183,1.0,223.3181818181818
token_lsml,offline,cell=pb_olympiadbench_q8,339,661,0.3101361573373676,0.27987897125567324,0.40998487140695916,0.3,0.29793510324483774,1.6115203992581189,0.21633888048411498,0.1059001512859304,0.0680786686838124,0.7155824508320726,2.1468531468531467,1.0,196.9020979020979
token_lsml,offline,cell=pb_omnimath_q4,241,759,0.3096179183135705,0.2160737812911726,0.4743083003952569,0.05,0.029045643153526972,2.0757280053704514,0.034255599472990776,0.017127799736495388,0.006587615283267457,0.9591567852437418,2.769230769230769,0.5,205.57692307692307
token_lsml,offline,cell=pb_omnimath_q4,241,759,0.3096179183135705,0.2160737812911726,0.4743083003952569,0.1,0.0954356846473029,1.9074790916232125,0.06455862977602109,0.025032938076416336,0.017127799736495388,0.9183135704874835,3.1020408163265305,2.0,251.81632653061226
token_lsml,offline,cell=pb_omnimath_q4,241,759,0.3096179183135705,0.2160737812911726,0.4743083003952569,0.2,0.17427385892116182,1.7407985929216383,0.11857707509881422,0.05006587615283267,0.028985507246376812,0.852437417654809,2.4444444444444446,1.0,216.53333333333333
token_lsml,offline,cell=pb_omnimath_q4,241,759,0.3096179183135705,0.2160737812911726,0.4743083003952569,0.3,0.2863070539419087,1.6115203992581189,0.17654808959156784,0.07509881422924901,0.0461133069828722,0.7773386034255599,2.3656716417910446,1.0,209.2462686567164
token_lsml,offline,cell=pb_omnimath_q8,241,759,0.30434782608695654,0.17786561264822134,0.5177865612648221,0.05,0.03734439834024896,2.0757280053704514,0.03689064558629776,0.017127799736495388,0.003952569169960474,0.9591567852437418,2.142857142857143,1.0,183.28571428571428
token_lsml,offline,cell=pb_omnimath_q8,241,759,0.30434782608695654,0.17786561264822134,0.5177865612648221,0.1,0.07883817427385892,1.9074790916232125,0.06851119894598155,0.025032938076416336,0.010540184453227932,0.9209486166007905,3.076923076923077,2.0,259.75
token_lsml,offline,cell=pb_omnimath_q8,241,759,0.30434782608695654,0.17786561264822134,0.5177865612648221,0.2,0.17012448132780084,1.7407985929216383,0.13438735177865613,0.052700922266139656,0.019762845849802372,0.8458498023715415,2.8627450980392157,2.0,237.76470588235293
token_lsml,offline,cell=pb_omnimath_q8,241,759,0.30434782608695654,0.17786561264822134,0.5177865612648221,0.3,0.2987551867219917,1.5742158925739331,0.23978919631093545,0.09486166007905138,0.043478260869565216,0.7167325428194994,2.4725274725274726,1.5,223.21428571428572
token_equal,offline,macro8_all,2358,4442,0.30369203061683925,0.18640252138676272,0.509905447996398,0.05,0.031806615776081425,2.1706432295953433,0.03286807744259343,0.011481314723097704,0.007429085997298514,0.959702836560108,4.267123287671233,2.0,317.458904109589
token_equal,offline,macro8_all,2358,4442,0.30369203061683925,0.18640252138676272,0.509905447996398,0.1,0.09457167090754877,1.9069390394436239,0.09905447996398019,0.03556956325979289,0.01891040072039622,0.8820351193156236,3.209090909090909,2.0,267.3954545454545
token_equal,offline,macro8_all,2358,4442,0.30369203061683925,0.18640252138676272,0.509905447996398,0.2,0.19635284139100934,1.7378286247102237,0.18527690229626295,0.06483565961278703,0.0384961728950923,0.7762269248086447,2.7861482381530984,2.0,253.3523693803159
token_equal,offline,macro8_all,2358,4442,0.30369203061683925,0.18640252138676272,0.509905447996398,0.3,0.2968617472434266,1.615008913804949,0.26812246735704637,0.09792886087348042,0.05785682125168843,0.6740207113912652,2.510495382031906,2.0,229.5776658270361
token_equal,offline,steps_2_to_5,950,1312,0.3986280487804878,0.17911585365853658,0.4222560975609756,0.05,0.034736842105263156,1.7867163270999598,0.02972560975609756,0.019054878048780487,0.003048780487804878,0.9672256097560976,0.717948717948718,0.0,77.12820512820512
token_equal,offline,steps_2_to_5,950,1312,0.3986280487804878,0.17911585365853658,0.4222560975609756,0.1,0.07263157894736842,1.697031032523527,0.06554878048780488,0.037347560975609755,0.009146341463414634,0.9253048780487805,0.872093023255814,0.0,80.62790697674419
token_equal,offline,steps_2_to_5,950,1312,0.3986280487804878,0.17911585365853658,0.4222560975609756,0.2,0.17578947368421052,1.5478306286943138,0.15472560975609756,0.08841463414634146,0.022103658536585365,0.823170731707317,0.8226600985221675,0.0,86.01970443349754
token_equal,offline,steps_2_to_5,950,1312,0.3986280487804878,0.17911585365853658,0.4222560975609756,0.3,0.2905263157894737,1.433245735285889,0.24771341463414634,0.1402439024390244,0.036585365853658534,0.7157012195121951,0.8092307692307692,0.0,79.53538461538461
token_equal,offline,steps_6_to_10,1124,2308,0.29462738301559793,0.17937608318890816,0.5259965337954939,0.05,0.026690391459074734,2.1706432295953433,0.021663778162911613,0.009532062391681109,0.0030329289428076256,0.9753032928942807,1.94,1.5,199.78
token_equal,offline,steps_6_to_10,1124,2308,0.29462738301559793,0.17937608318890816,0.5259965337954939,0.1,0.099644128113879,1.9069390394436239,0.09662045060658579,0.04116117850953206,0.01386481802426343,0.8895147313691508,1.9596412556053813,2.0,201.57847533632287
token_equal,offline,steps_6_to_10,1124,2308,0.29462738301559793,0.17937608318890816,0.5259965337954939,0.2,0.16814946619217083,1.7867163270999598,0.16854419410745233,0.06802426343154246,0.0255632582322357,0.8058925476603119,1.9383033419023137,2.0,204.16709511568124
token_equal,offline,steps_6_to_10,1124,2308,0.29462738301559793,0.17937608318890816,0.5259965337954939,0.3,0.29626334519572955,1.6544860667608925,0.2603986135181976,0.09878682842287695,0.03986135181975736,0.699740034662045,1.945091514143095,2.0,206.41930116472545
token_equal,offline,steps_11_plus,284,822,0.17761557177615572,0.21776155717761558,0.6046228710462287,0.2,0.15845070422535212,2.1706432295953433,0.11678832116788321,0.03527980535279805,0.031630170316301706,0.851581508515815,5.479166666666667,4.0,378.75
token_equal,offline,steps_11_plus,284,822,0.17761557177615572,0.21776155717761558,0.6046228710462287,0.3,0.29225352112676056,2.00940805013329,0.20072992700729927,0.05474452554744526,0.04866180048661801,0.7506082725060828,5.115151515151515,4.0,362.6848484848485
token_equal,offline,cell=pb_gsm8k_q4,193,207,0.4492753623188406,0.23671497584541062,0.3140096618357488,0.05,0.031088082901554404,1.9069390394436239,0.033816425120772944,0.01932367149758454,0.004830917874396135,0.961352657004831,1.7142857142857142,0.0,103.71428571428571
token_equal,offline,cell=pb_gsm8k_q4,193,207,0.4492753623188406,0.23671497584541062,0.3140096618357488,0.1,0.09326424870466321,1.7378286247102237,0.10628019323671498,0.06763285024154589,0.01932367149758454,0.8743961352657005,0.9545454545454546,0.0,58.63636363636363
token_equal,offline,cell=pb_gsm8k_q4,193,207,0.4492753623188406,0.23671497584541062,0.3140096618357488,0.2,0.17616580310880828,1.615008913804949,0.16908212560386474,0.1111111111111111,0.043478260869565216,0.7874396135265701,1.0285714285714285,0.0,59.68571428571428
token_equal,offline,cell=pb_gsm8k_q4,193,207,0.4492753623188406,0.23671497584541062,0.3140096618357488,0.3,0.29533678756476683,1.487973360303623,0.26570048309178745,0.1642512077294686,0.06280193236714976,0.6714975845410628,1.018181818181818,0.0,60.70909090909091
token_equal,offline,cell=pb_gsm8k_q8,193,207,0.4106280193236715,0.2318840579710145,0.357487922705314,0.05,0.031088082901554404,1.8411662452862465,0.07729468599033816,0.03864734299516908,0.014492753623188406,0.9082125603864735,1.375,0.5,85.375
token_equal,offline,cell=pb_gsm8k_q8,193,207,0.4106280193236715,0.2318840579710145,0.357487922705314,0.1,0.08808290155440414,1.697031032523527,0.1111111111111111,0.043478260869565216,0.03864734299516908,0.8502415458937198,1.565217391304348,1.0,89.82608695652173
token_equal,offline,cell=pb_gsm8k_q8,193,207,0.4106280193236715,0.2318840579710145,0.357487922705314,0.2,0.19689119170984457,1.5478306286943138,0.22705314009661837,0.1111111111111111,0.043478260869565216,0.7294685990338164,1.2340425531914894,1.0,71.59574468085107
token_equal,offline,cell=pb_gsm8k_q8,193,207,0.4106280193236715,0.2318840579710145,0.357487922705314,0.3,0.27979274611398963,1.487973360303623,0.2946859903381642,0.14492753623188406,0.06280193236714976,0.642512077294686,1.1475409836065573,1.0,66.24590163934427
token_equal,offline,cell=pb_math_q4,406,594,0.30303030303030304,0.18855218855218855,0.5084175084175084,0.05,0.03940886699507389,2.00940805013329,0.045454545454545456,0.011784511784511785,0.013468013468013467,0.9410774410774411,4.2592592592592595,3.0,329.037037037037
token_equal,offline,cell=pb_math_q4,406,594,0.30303030303030304,0.18855218855218855,0.5084175084175084,0.1,0.0960591133004926,1.8411662452862465,0.10101010101010101,0.03535353535353535,0.020202020202020204,0.8787878787878788,3.7,2.0,309.96666666666664
token_equal,offline,cell=pb_math_q4,406,594,0.30303030303030304,0.18855218855218855,0.5084175084175084,0.2,0.18226600985221675,1.697031032523527,0.18181818181818182,0.06565656565656566,0.04040404040404041,0.7777777777777778,2.787037037037037,2.0,241.53703703703704
token_equal,offline,cell=pb_math_q4,406,594,0.30303030303030304,0.18855218855218855,0.5084175084175084,0.3,0.29802955665024633,1.5478306286943138,0.2878787878787879,0.11447811447811448,0.06397306397306397,0.6481481481481481,2.5146198830409356,2.0,226.5906432748538
token_equal,offline,cell=pb_math_q8,406,594,0.29797979797979796,0.1447811447811448,0.5572390572390572,0.05,0.019704433497536946,2.1706432295953433,0.03198653198653199,0.008417508417508417,0.008417508417508417,0.9595959595959596,4.2631578947368425,2.0,322.10526315789474
token_equal,offline,cell=pb_math_q8,406,594,0.29797979797979796,0.1447811447811448,0.5572390572390572,0.1,0.09113300492610837,1.9069390394436239,0.08417508417508418,0.021885521885521887,0.021885521885521887,0.8939393939393939,4.04,3.0,326.3
token_equal,offline,cell=pb_math_q8,406,594,0.29797979797979796,0.1447811447811448,0.5572390572390572,0.2,0.17733990147783252,1.7378286247102237,0.17003367003367004,0.050505050505050504,0.03367003367003367,0.7962962962962963,3.257425742574257,2.0,298.23762376237624
token_equal,offline,cell=pb_math_q8,406,594,0.29797979797979796,0.1447811447811448,0.5572390572390572,0.3,0.28078817733990147,1.615008913804949,0.26936026936026936,0.09090909090909091,0.04377104377104377,0.6868686868686869,2.6125,2.0,236.1
token_equal,offline,cell=pb_olympiadbench_q4,339,661,0.2753403933434191,0.24357034795763993,0.481089258698941,0.1,0.05309734513274336,2.1706432295953433,0.037821482602118005,0.018154311649016642,0.009077155824508321,0.9531013615733737,3.56,1.0,287.72
token_equal,offline,cell=pb_olympiadbench_q4,339,661,0.2753403933434191,0.24357034795763993,0.481089258698941,0.2,0.1887905604719764,1.8411662452862465,0.1422087745839637,0.059001512859304085,0.039334341906202726,0.8184568835098336,3.1595744680851063,2.0,276.0744680851064
token_equal,offline,cell=pb_olympiadbench_q4,339,661,0.2753403933434191,0.24357034795763993,0.481089258698941,0.3,0.2861356932153392,1.7378286247102237,0.1800302571860817,0.07110438729198185,0.06202723146747353,0.7579425113464447,2.899159663865546,2.0,264.3193277310924
token_equal,offline,cell=pb_olympiadbench_q8,339,661,0.2980332829046899,0.20121028744326777,0.5007564296520424,0.1,0.07079646017699115,2.1706432295953433,0.0453857791225416,0.019667170953101363,0.012102874432677761,0.9425113464447806,3.9,1.0,309.8
token_equal,offline,cell=pb_olympiadbench_q8,339,661,0.2980332829046899,0.20121028744326777,0.5007564296520424,0.2,0.168141592920354,1.9069390394436239,0.11649016641452345,0.046898638426626324,0.02723146747352496,0.8562783661119516,3.4545454545454546,2.0,279.06493506493507
token_equal,offline,cell=pb_olympiadbench_q8,339,661,0.2980332829046899,0.20121028744326777,0.5007564296520424,0.3,0.2949852507374631,1.7378286247102237,0.22844175491679275,0.08623298033282904,0.05143721633888049,0.7201210287443268,2.8675496688741724,2.0,256.5960264900662
token_equal,offline,cell=pb_omnimath_q4,241,759,0.2951251646903821,0.1712779973649539,0.5335968379446641,0.05,0.04564315352697095,2.1706432295953433,0.034255599472990776,0.010540184453227932,0.005270092226613966,0.9604743083003953,4.653846153846154,2.5,336.3076923076923
token_equal,offline,cell=pb_omnimath_q4,241,759,0.2951251646903821,0.1712779973649539,0.5335968379446641,0.1,0.07883817427385892,1.9069390394436239,0.1080368906455863,0.03820816864295125,0.014492753623188406,0.8774703557312253,3.0121951219512195,2.0,262.5
token_equal,offline,cell=pb_omnimath_q4,241,759,0.2951251646903821,0.1712779973649539,0.5335968379446641,0.2,0.1908713692946058,1.7378286247102237,0.20816864295125165,0.06982872200263504,0.03293807641633729,0.758893280632411,2.588607594936709,2.0,247.94303797468353
token_equal,offline,cell=pb_omnimath_q4,241,759,0.2951251646903821,0.1712779973649539,0.5335968379446641,0.3,0.2946058091286307,1.615008913804949,0.2885375494071146,0.10013175230566534,0.04743083003952569,0.6640316205533597,2.506849315068493,2.0,238.4840182648402
token_equal,offline,cell=pb_omnimath_q8,241,759,0.2779973649538867,0.14361001317523056,0.5783926218708827,0.05,0.029045643153526972,2.1706432295953433,0.04216073781291173,0.011857707509881422,0.003952569169960474,0.9538866930171278,4.875,3.0,355.59375
token_equal,offline,cell=pb_omnimath_q8,241,759,0.2779973649538867,0.14361001317523056,0.5783926218708827,0.1,0.06639004149377593,2.00940805013329,0.08036890645586298,0.022397891963109356,0.007905138339920948,0.9117259552042161,3.622950819672131,2.0,290.04918032786884
token_equal,offline,cell=pb_omnimath_q8,241,759,0.2779973649538867,0.14361001317523056,0.5783926218708827,0.2,0.1825726141078838,1.7867163270999598,0.1963109354413702,0.061923583662714096,0.023715415019762844,0.7799736495388669,2.7248322147651005,2.0,251.70469798657717
token_equal,offline,cell=pb_omnimath_q8,241,759,0.2779973649538867,0.14361001317523056,0.5783926218708827,0.3,0.2946058091286307,1.6544860667608925,0.28063241106719367,0.08432147562582346,0.043478260869565216,0.6758893280632411,2.6948356807511735,2.0,255.4600938967136
mindgap,offline,macro8_all,2358,4442,0.214993246285457,0.27577667717244486,0.5092300765420982,0.05,0.03477523324851569,2.1180611337677653,0.028365601080594327,0.006303466906798739,0.010580819450697884,0.9610535794687078,3.9365079365079363,3.0,304.5952380952381
mindgap,offline,macro8_all,2358,4442,0.214993246285457,0.27577667717244486,0.5092300765420982,0.1,0.06870229007633588,1.9861141928322303,0.05560558307068888,0.0135074290859973,0.022287257991895543,0.9221071589374156,3.623481781376518,2.0,292.1336032388664
mindgap,offline,macro8_all,2358,4442,0.214993246285457,0.27577667717244486,0.5092300765420982,0.2,0.18405428329092452,1.7698844054029563,0.12944619540747412,0.0315173345339937,0.05290409725348942,0.8176497073390365,3.213913043478261,2.0,265.83478260869566
mindgap,offline,macro8_all,2358,4442,0.214993246285457,0.27577667717244486,0.5092300765420982,0.3,0.2926208651399491,1.646224358478363,0.20058532192705988,0.04997748761819001,0.08509680324178298,0.7143178748311572,2.9371492704826037,2.0,258.0314253647587
mindgap,offline,steps_2_to_5,950,1312,0.3079268292682927,0.27515243902439024,0.4169207317073171,0.05,0.037894736842105266,1.824160228112927,0.025914634146341462,0.006859756097560976,0.019054878048780487,0.9550304878048781,1.3823529411764706,1.0,127.76470588235294
mindgap,offline,steps_2_to_5,950,1312,0.3079268292682927,0.27515243902439024,0.4169207317073171,0.1,0.08842105263157894,1.7207449893904971,0.057926829268292686,0.022103658536585365,0.03353658536585366,0.9085365853658537,1.144736842105263,1.0,115.71052631578948
mindgap,offline,steps_2_to_5,950,1312,0.3079268292682927,0.27515243902439024,0.4169207317073171,0.2,0.1736842105263158,1.6104738205841729,0.11814024390243902,0.04420731707317073,0.06859756097560976,0.8132621951219512,1.064516129032258,1.0,115.83225806451613
mindgap,offline,steps_2_to_5,950,1312,0.3079268292682927,0.27515243902439024,0.4169207317073171,0.3,0.2863157894736842,1.4860823768151703,0.19588414634146342,0.07774390243902439,0.09527439024390244,0.7088414634146342,1.0077821011673151,1.0,113.28793774319067
mindgap,offline,steps_6_to_10,1124,2308,0.19887348353552858,0.2716637781629116,0.5294627383015598,0.05,0.04092526690391459,2.1180611337677653,0.026429809358752165,0.006932409012131715,0.009098786828422877,0.9644714038128249,2.4754098360655736,2.0,206.2295081967213
mindgap,offline,steps_6_to_10,1124,2308,0.19887348353552858,0.2716637781629116,0.5294627383015598,0.1,0.08451957295373666,1.9861141928322303,0.059358752166377815,0.018197573656845753,0.02123050259965338,0.9194107452339688,2.145985401459854,2.0,201.34306569343065
mindgap,offline,steps_6_to_10,1124,2308,0.19887348353552858,0.2716637781629116,0.5294627383015598,0.2,0.18416370106761565,1.824160228112927,0.10875216637781629,0.029462738301559793,0.04072790294627383,0.8505199306759099,2.1075697211155378,2.0,200.3585657370518
mindgap,offline,steps_6_to_10,1124,2308,0.19887348353552858,0.2716637781629116,0.5294627383015598,0.3,0.25622775800711745,1.7207449893904971,0.16204506065857885,0.04419410745233969,0.060658578856152515,0.7772963604852686,2.0588235294117645,2.0,205.27807486631016
mindgap,offline,steps_11_plus,284,822,0.11192214111922141,0.28832116788321166,0.5997566909975669,0.2,0.1267605633802817,2.1180611337677653,0.07907542579075426,0.014598540145985401,0.031630170316301706,0.889294403892944,5.3076923076923075,5.0,396.9076923076923
mindgap,offline,steps_11_plus,284,822,0.11192214111922141,0.28832116788321166,0.5997566909975669,0.3,0.2323943661971831,1.9861141928322303,0.13381995133819952,0.021897810218978103,0.05961070559610705,0.8065693430656934,5.463636363636364,5.0,405.2090909090909
mindgap,offline,cell=pb_gsm8k_q4,193,207,0.28019323671497587,0.32367149758454106,0.3961352657004831,0.05,0.03626943005181347,1.9861141928322303,0.028985507246376812,0.004830917874396135,0.024154589371980676,0.9468599033816425,3.5,4.0,189.16666666666666
mindgap,offline,cell=pb_gsm8k_q4,193,207,0.28019323671497587,0.32367149758454106,0.3961352657004831,0.1,0.09844559585492228,1.824160228112927,0.05314009661835749,0.00966183574879227,0.04830917874396135,0.8985507246376812,2.3636363636363638,2.0,122.81818181818181
mindgap,offline,cell=pb_gsm8k_q4,193,207,0.28019323671497587,0.32367149758454106,0.3961352657004831,0.2,0.15025906735751296,1.7207449893904971,0.08695652173913043,0.01932367149758454,0.06280193236714976,0.8502415458937198,2.0,1.5,112.05555555555556
mindgap,offline,cell=pb_gsm8k_q4,193,207,0.28019323671497587,0.32367149758454106,0.3961352657004831,0.3,0.26424870466321243,1.6104738205841729,0.13043478260869565,0.043478260869565216,0.10144927536231885,0.7681159420289855,1.5555555555555556,1.0,90.77777777777777
mindgap,offline,cell=pb_gsm8k_q8,193,207,0.22705314009661837,0.391304347826087,0.38164251207729466,0.05,0.046632124352331605,1.897146888258598,0.024154589371980676,0.004830917874396135,0.01932367149758454,0.9565217391304348,3.0,4.0,158.2
mindgap,offline,cell=pb_gsm8k_q8,193,207,0.22705314009661837,0.391304347826087,0.38164251207729466,0.1,0.09326424870466321,1.7698844054029563,0.04830917874396135,0.00966183574879227,0.03864734299516908,0.9130434782608695,2.6,2.5,138.5
mindgap,offline,cell=pb_gsm8k_q8,193,207,0.22705314009661837,0.391304347826087,0.38164251207729466,0.2,0.18652849740932642,1.646224358478363,0.1111111111111111,0.028985507246376812,0.11594202898550725,0.7729468599033816,1.826086956521739,2.0,106.21739130434783
mindgap,offline,cell=pb_gsm8k_q8,193,207,0.22705314009661837,0.391304347826087,0.38164251207729466,0.3,0.27461139896373055,1.543831124377811,0.1642512077294686,0.05314009661835749,0.16908212560386474,0.6666666666666666,1.5,1.0,88.55882352941177
mindgap,offline,cell=pb_math_q4,406,594,0.23737373737373738,0.2727272727272727,0.4898989898989899,0.05,0.027093596059113302,2.1180611337677653,0.03198653198653199,0.005050505050505051,0.010101010101010102,0.9579124579124579,4.684210526315789,4.0,331.42105263157896
mindgap,offline,cell=pb_math_q4,406,594,0.23737373737373738,0.2727272727272727,0.4898989898989899,0.1,0.0960591133004926,1.897146888258598,0.07744107744107744,0.016835016835016835,0.04040404040404041,0.8821548821548821,3.0652173913043477,2.0,230.41304347826087
mindgap,offline,cell=pb_math_q4,406,594,0.23737373737373738,0.2727272727272727,0.4898989898989899,0.2,0.17980295566502463,1.7698844054029563,0.12289562289562289,0.02861952861952862,0.06734006734006734,0.8097643097643098,3.2739726027397262,2.0,229.4794520547945
mindgap,offline,cell=pb_math_q4,406,594,0.23737373737373738,0.2727272727272727,0.4898989898989899,0.3,0.2955665024630542,1.6104738205841729,0.2255892255892256,0.05723905723905724,0.10437710437710437,0.67003367003367,2.6044776119402986,2.0,207.49253731343285
mindgap,offline,cell=pb_math_q8,406,594,0.24579124579124578,0.26430976430976433,0.4898989898989899,0.05,0.03940886699507389,2.1180611337677653,0.018518518518518517,0.003367003367003367,0.008417508417508417,0.9730639730639731,4.909090909090909,6.0,398.3636363636364
mindgap,offline,cell=pb_math_q8,406,594,0.24579124579124578,0.26430976430976433,0.4898989898989899,0.1,0.06896551724137931,1.9861141928322303,0.03367003367003367,0.008417508417508417,0.015151515151515152,0.9511784511784511,3.95,5.0,339.65
mindgap,offline,cell=pb_math_q8,406,594,0.24579124579124578,0.26430976430976433,0.4898989898989899,0.2,0.18472906403940886,1.7207449893904971,0.12626262626262627,0.037037037037037035,0.03872053872053872,0.835016835016835,2.88,1.0,244.41333333333333
mindgap,offline,cell=pb_math_q8,406,594,0.24579124579124578,0.26430976430976433,0.4898989898989899,0.3,0.2955665024630542,1.6104738205841729,0.18518518518518517,0.05218855218855219,0.07575757575757576,0.7390572390572391,2.7,2.0,244.12727272727273
mindgap,offline,cell=pb_olympiadbench_q4,339,661,0.18608169440242056,0.29954614220877457,0.5143721633888049,0.05,0.0471976401179941,2.1180611337677653,0.03328290468986384,0.007564296520423601,0.009077155824508321,0.9576399394856279,4.409090909090909,4.5,305.40909090909093
mindgap,offline,cell=pb_olympiadbench_q4,339,661,0.18608169440242056,0.29954614220877457,0.5143721633888049,0.1,0.09144542772861357,1.9861141928322303,0.06656580937972768,0.01664145234493192,0.030257186081694403,0.903177004538578,3.272727272727273,3.0,242.0681818181818
mindgap,offline,cell=pb_olympiadbench_q4,339,661,0.18608169440242056,0.29954614220877457,0.5143721633888049,0.2,0.18289085545722714,1.824160228112927,0.11497730711043873,0.024205748865355523,0.048411497730711045,0.8366111951588502,3.0,2.0,229.78947368421052
mindgap,offline,cell=pb_olympiadbench_q4,339,661,0.18608169440242056,0.29954614220877457,0.5143721633888049,0.3,0.26843657817109146,1.7207449893904971,0.1649016641452345,0.039334341906202726,0.06959152798789713,0.7655068078668684,2.8440366972477062,2.0,238.37614678899084
mindgap,offline,cell=pb_olympiadbench_q8,339,661,0.18456883509833585,0.2934947049924357,0.5219364599092284,0.1,0.05309734513274336,2.1180611337677653,0.03177004538577912,0.007564296520423601,0.018154311649016642,0.9500756429652042,2.7142857142857144,2.0,219.04761904761904
mindgap,offline,cell=pb_olympiadbench_q8,339,661,0.18456883509833585,0.2934947049924357,0.5219364599092284,0.2,0.15339233038348082,1.897146888258598,0.09228441754916793,0.01664145234493192,0.036308623298033284,0.8714069591527988,3.7704918032786887,2.0,295.7049180327869
mindgap,offline,cell=pb_olympiadbench_q8,339,661,0.18456883509833585,0.2934947049924357,0.5219364599092284,0.3,0.2713864306784661,1.7207449893904971,0.18910741301059,0.0453857791225416,0.08018154311649017,0.7307110438729199,3.4,2.0,282.504
mindgap,offline,cell=pb_omnimath_q4,241,759,0.21739130434782608,0.2437417654808959,0.538866930171278,0.05,0.04979253112033195,1.9861141928322303,0.077733860342556,0.022397891963109356,0.019762845849802372,0.9025032938076416,3.406779661016949,2.0,289.77966101694915
mindgap,offline,cell=pb_omnimath_q4,241,759,0.21739130434782608,0.2437417654808959,0.538866930171278,0.1,0.0912863070539419,1.897146888258598,0.10408432147562582,0.03162055335968379,0.034255599472990776,0.8616600790513834,3.3037974683544302,2.0,292.9620253164557
mindgap,offline,cell=pb_omnimath_q4,241,759,0.21739130434782608,0.2437417654808959,0.538866930171278,0.2,0.1825726141078838,1.7698844054029563,0.15810276679841898,0.04216073781291173,0.05138339920948617,0.7905138339920948,3.0416666666666665,2.0,289.7416666666667
mindgap,offline,cell=pb_omnimath_q4,241,759,0.21739130434782608,0.2437417654808959,0.538866930171278,0.3,0.2987551867219917,1.646224358478363,0.230566534914361,0.06324110671936758,0.07905138339920949,0.6903820816864296,2.942857142857143,2.0,289.9142857142857
mindgap,offline,cell=pb_omnimath_q8,241,759,0.2015810276679842,0.23847167325428195,0.5599472990777339,0.1,0.0954356846473029,1.9861141928322303,0.05533596837944664,0.01844532279314888,0.025032938076416336,0.919631093544137,3.5,2.0,307.3809523809524
mindgap,offline,cell=pb_omnimath_q8,241,759,0.2015810276679842,0.23847167325428195,0.5599472990777339,0.2,0.15767634854771784,1.824160228112927,0.10935441370223979,0.028985507246376812,0.039525691699604744,0.8511198945981555,3.4578313253012047,2.0,312.7590361445783
mindgap,offline,cell=pb_omnimath_q8,241,759,0.2015810276679842,0.23847167325428195,0.5599472990777339,0.3,0.27800829875518673,1.7207449893904971,0.16600790513833993,0.03557312252964427,0.05401844532279315,0.7799736495388669,3.5,2.0,313.24603174603175
control__longest_step,offline,macro8_all,2358,4442,0.29671319225574067,0.3259792886087348,0.3773075191355245,0.05,0.03477523324851569,2.6254564914910654,0.028815848716794237,0.01170643854119766,0.010805943268797838,0.9603782080144079,3.546875,2.0,248.171875
control__longest_step,offline,macro8_all,2358,4442,0.29671319225574067,0.3259792886087348,0.3773075191355245,0.1,0.06870229007633588,2.4087150554495818,0.0540297163439892,0.021611886537595677,0.024313372354795137,0.9216569113012156,3.2,2.0,243.40833333333333
control__longest_step,offline,macro8_all,2358,4442,0.29671319225574067,0.3259792886087348,0.3773075191355245,0.2,0.18659881255301103,2.0147194686450907,0.16028815848716793,0.06393516434038721,0.07294011706438541,0.7667717244484467,2.452247191011236,1.0,207.01685393258427
control__longest_step,offline,macro8_all,2358,4442,0.29671319225574067,0.3259792886087348,0.3773075191355245,0.3,0.2866836301950806,1.8406421057355307,0.22467357046375508,0.09095002251238181,0.11436289959477713,0.6609635299414678,2.3006012024048097,1.0,196.87374749498997
control__longest_step,offline,steps_2_to_5,950,1312,0.4268292682926829,0.3003048780487805,0.2728658536585366,0.05,0.035789473684210524,1.8986149610335605,0.027439024390243903,0.01524390243902439,0.010670731707317074,0.961890243902439,0.7777777777777778,0.0,104.27777777777777
control__longest_step,offline,steps_2_to_5,950,1312,0.4268292682926829,0.3003048780487805,0.2728658536585366,0.1,0.08210526315789474,1.7346614334660868,0.0701219512195122,0.039634146341463415,0.022865853658536585,0.9070121951219512,0.8260869565217391,0.0,83.84782608695652
control__longest_step,offline,steps_2_to_5,950,1312,0.4268292682926829,0.3003048780487805,0.2728658536585366,0.2,0.15789473684210525,1.6581346359230946,0.1173780487804878,0.06859756097560976,0.04420731707317073,0.8384146341463414,0.7142857142857143,0.0,68.14285714285714
control__longest_step,offline,steps_2_to_5,950,1312,0.4268292682926829,0.3003048780487805,0.2728658536585366,0.3,0.2736842105263158,1.5181291457517336,0.21189024390243902,0.12042682926829268,0.08384146341463415,0.7042682926829268,0.7122302158273381,0.0,70.27338129496403
control__longest_step,offline,steps_6_to_10,1124,2308,0.26603119584055457,0.3197573656845754,0.41421143847487,0.05,0.04804270462633452,2.4087150554495818,0.033795493934142114,0.018197573656845753,0.008665511265164644,0.9575389948006933,1.4102564102564104,0.0,125.76923076923077
control__longest_step,offline,steps_6_to_10,1124,2308,0.26603119584055457,0.3197573656845754,0.41421143847487,0.1,0.09252669039145907,2.2759801823293584,0.06412478336221837,0.03552859618717504,0.022530329289428077,0.9133448873483535,1.3108108108108107,0.0,122.85135135135135
control__longest_step,offline,steps_6_to_10,1124,2308,0.26603119584055457,0.3197573656845754,0.41421143847487,0.2,0.17615658362989323,2.09275740370729,0.13518197573656845,0.0684575389948007,0.049393414211438474,0.8154246100519931,1.435897435897436,0.0,137.51923076923077
control__longest_step,offline,steps_6_to_10,1124,2308,0.26603119584055457,0.3197573656845754,0.41421143847487,0.3,0.25444839857651247,1.9516919772354488,0.20797227036395147,0.09532062391681109,0.07712305025996534,0.7149046793760832,1.5625,1.0,153.28333333333333
control__longest_step,offline,steps_11_plus,284,822,0.17518248175182483,0.3844282238442822,0.44038929440389296,0.3,0.2605633802816901,2.6254564914910654,0.12895377128953772,0.046228710462287104,0.0535279805352798,0.8175182481751825,4.09433962264151,2.0,280.6981132075472
control__longest_step,offline,cell=pb_gsm8k_q4,193,207,0.4106280193236715,0.30434782608695654,0.28502415458937197,0.05,0.04145077720207254,2.0147194686450907,0.06280193236714976,0.03864734299516908,0.028985507246376812,0.9082125603864735,1.3076923076923077,0.0,53.76923076923077
control__longest_step,offline,cell=pb_gsm8k_q4,193,207,0.4106280193236715,0.30434782608695654,0.28502415458937197,0.1,0.09844559585492228,1.8406421057355307,0.08695652173913043,0.04830917874396135,0.0821256038647343,0.8309178743961353,1.3888888888888888,0.0,53.0
control__longest_step,offline,cell=pb_gsm8k_q4,193,207,0.4106280193236715,0.30434782608695654,0.28502415458937197,0.2,0.16580310880829016,1.6944742344234938,0.17391304347826086,0.08695652173913043,0.08695652173913043,0.7391304347826086,1.3055555555555556,0.5,62.583333333333336
control__longest_step,offline,cell=pb_gsm8k_q4,193,207,0.4106280193236715,0.30434782608695654,0.28502415458937197,0.3,0.29533678756476683,1.5518340014348855,0.27053140096618356,0.15458937198067632,0.12560386473429952,0.6038647342995169,1.0357142857142858,0.0,53.089285714285715
control__longest_step,offline,cell=pb_gsm8k_q8,193,207,0.4106280193236715,0.30434782608695654,0.28502415458937197,0.05,0.04145077720207254,2.0147194686450907,0.06280193236714976,0.03864734299516908,0.028985507246376812,0.9082125603864735,1.3076923076923077,0.0,53.76923076923077
control__longest_step,offline,cell=pb_gsm8k_q8,193,207,0.4106280193236715,0.30434782608695654,0.28502415458937197,0.1,0.09844559585492228,1.8406421057355307,0.08695652173913043,0.04830917874396135,0.0821256038647343,0.8309178743961353,1.3888888888888888,0.0,53.0
control__longest_step,offline,cell=pb_gsm8k_q8,193,207,0.4106280193236715,0.30434782608695654,0.28502415458937197,0.2,0.16580310880829016,1.6944742344234938,0.17391304347826086,0.08695652173913043,0.08695652173913043,0.7391304347826086,1.3055555555555556,0.5,62.583333333333336
control__longest_step,offline,cell=pb_gsm8k_q8,193,207,0.4106280193236715,0.30434782608695654,0.28502415458937197,0.3,0.29533678756476683,1.5518340014348855,0.27053140096618356,0.15458937198067632,0.12560386473429952,0.6038647342995169,1.0357142857142858,0.0,53.089285714285715
control__longest_step,offline,cell=pb_math_q4,406,594,0.33164983164983164,0.335016835016835,0.3333333333333333,0.05,0.029556650246305417,2.4087150554495818,0.037037037037037035,0.013468013468013467,0.021885521885521887,0.9410774410774411,3.1363636363636362,2.0,223.45454545454547
control__longest_step,offline,cell=pb_math_q4,406,594,0.33164983164983164,0.335016835016835,0.3333333333333333,0.1,0.07881773399014778,2.1810281874050723,0.07912457912457913,0.02861952861952862,0.04208754208754209,0.8787878787878788,2.4680851063829787,2.0,210.9787234042553
control__longest_step,offline,cell=pb_math_q4,406,594,0.33164983164983164,0.335016835016835,0.3333333333333333,0.2,0.16995073891625614,1.9516919772354488,0.13973063973063973,0.05723905723905724,0.06902356902356903,0.7912457912457912,2.397590361445783,1.0,200.03614457831324
control__longest_step,offline,cell=pb_math_q4,406,594,0.33164983164983164,0.335016835016835,0.3333333333333333,0.3,0.2857142857142857,1.782416691790693,0.1936026936026936,0.07407407407407407,0.10101010101010101,0.7053872053872053,2.3304347826086955,1.0,193.6782608695652
control__longest_step,offline,cell=pb_math_q8,406,594,0.33164983164983164,0.335016835016835,0.3333333333333333,0.05,0.029556650246305417,2.4087150554495818,0.037037037037037035,0.013468013468013467,0.021885521885521887,0.9410774410774411,3.1363636363636362,2.0,223.45454545454547
control__longest_step,offline,cell=pb_math_q8,406,594,0.33164983164983164,0.335016835016835,0.3333333333333333,0.1,0.07881773399014778,2.1810281874050723,0.07912457912457913,0.02861952861952862,0.04208754208754209,0.8787878787878788,2.4680851063829787,2.0,210.9787234042553
control__longest_step,offline,cell=pb_math_q8,406,594,0.33164983164983164,0.335016835016835,0.3333333333333333,0.2,0.16995073891625614,1.9516919772354488,0.13973063973063973,0.05723905723905724,0.06902356902356903,0.7912457912457912,2.397590361445783,1.0,200.03614457831324
control__longest_step,offline,cell=pb_math_q8,406,594,0.33164983164983164,0.335016835016835,0.3333333333333333,0.3,0.2857142857142857,1.782416691790693,0.1936026936026936,0.07407407407407407,0.10101010101010101,0.7053872053872053,2.3304347826086955,1.0,193.6782608695652
control__longest_step,offline,cell=pb_olympiadbench_q4,339,661,0.2481089258698941,0.37367624810892586,0.37821482602118,0.1,0.07079646017699115,2.6254564914910654,0.03479576399394856,0.015128593040847202,0.018154311649016642,0.9470499243570348,4.521739130434782,1.0,267.17391304347825
control__longest_step,offline,cell=pb_olympiadbench_q4,339,661,0.2481089258698941,0.37367624810892586,0.37821482602118,0.2,0.1887905604719764,2.2759801823293584,0.09379727685325265,0.04084720121028744,0.060514372163388806,0.8456883509833586,3.0483870967741935,1.0,228.0
control__longest_step,offline,cell=pb_olympiadbench_q4,339,661,0.2481089258698941,0.37367624810892586,0.37821482602118,0.3,0.2861356932153392,2.0147194686450907,0.1800302571860817,0.06505295007564296,0.11195158850226929,0.708018154311649,2.7899159663865545,2.0,232.7983193277311
control__longest_step,offline,cell=pb_olympiadbench_q8,339,661,0.2481089258698941,0.37367624810892586,0.37821482602118,0.1,0.07079646017699115,2.6254564914910654,0.03479576399394856,0.015128593040847202,0.018154311649016642,0.9470499243570348,4.521739130434782,1.0,267.17391304347825
control__longest_step,offline,cell=pb_olympiadbench_q8,339,661,0.2481089258698941,0.37367624810892586,0.37821482602118,0.2,0.1887905604719764,2.2759801823293584,0.09379727685325265,0.04084720121028744,0.060514372163388806,0.8456883509833586,3.0483870967741935,1.0,228.0
control__longest_step,offline,cell=pb_olympiadbench_q8,339,661,0.2481089258698941,0.37367624810892586,0.37821482602118,0.3,0.2861356932153392,2.0147194686450907,0.1800302571860817,0.06505295007564296,0.11195158850226929,0.708018154311649,2.7899159663865545,2.0,232.7983193277311
control__longest_step,offline,cell=pb_omnimath_q4,241,759,0.28063241106719367,0.28326745718050067,0.43610013175230566,0.05,0.04149377593360996,2.6254564914910654,0.03557312252964427,0.015810276679841896,0.010540184453227932,0.9538866930171278,2.5185185185185186,1.0,214.88888888888889
control__longest_step,offline,cell=pb_omnimath_q4,241,759,0.28063241106719367,0.28326745718050067,0.43610013175230566,0.1,0.04149377593360996,2.6254564914910654,0.03557312252964427,0.015810276679841896,0.010540184453227932,0.9538866930171278,2.5185185185185186,1.0,214.88888888888889
control__longest_step,offline,cell=pb_omnimath_q4,241,759,0.28063241106719367,0.28326745718050067,0.43610013175230566,0.2,0.1908713692946058,2.1810281874050723,0.12779973649538867,0.057971014492753624,0.039525691699604744,0.8326745718050066,2.216494845360825,1.0,189.88659793814432
control__longest_step,offline,cell=pb_omnimath_q4,241,759,0.28063241106719367,0.28326745718050067,0.43610013175230566,0.3,0.2697095435684647,1.9516919772354488,0.22924901185770752,0.09354413702239789,0.07378129117259552,0.696969696969697,2.3160919540229883,1.0,201.74137931034483
control__longest_step,offline,cell=pb_omnimath_q8,241,759,0.28063241106719367,0.28326745718050067,0.43610013175230566,0.05,0.04149377593360996,2.6254564914910654,0.03557312252964427,0.015810276679841896,0.010540184453227932,0.9538866930171278,2.5185185185185186,1.0,214.88888888888889
control__longest_step,offline,cell=pb_omnimath_q8,241,759,0.28063241106719367,0.28326745718050067,0.43610013175230566,0.1,0.04149377593360996,2.6254564914910654,0.03557312252964427,0.015810276679841896,0.010540184453227932,0.9538866930171278,2.5185185185185186,1.0,214.88888888888889
control__longest_step,offline,cell=pb_omnimath_q8,241,759,0.28063241106719367,0.28326745718050067,0.43610013175230566,0.2,0.1908713692946058,2.1810281874050723,0.12779973649538867,0.057971014492753624,0.039525691699604744,0.8326745718050066,2.216494845360825,1.0,189.88659793814432
control__longest_step,offline,cell=pb_omnimath_q8,241,759,0.28063241106719367,0.28326745718050067,0.43610013175230566,0.3,0.2697095435684647,1.9516919772354488,0.22924901185770752,0.09354413702239789,0.07378129117259552,0.696969696969697,2.3160919540229883,1.0,201.74137931034483
q15_H1__top5,offline,macro8_all,2358,4442,0.2978388113462404,0.2611436289959478,0.4410175596578118,0.05,0.03859202714164546,2.108359884151996,0.0270148581719946,0.012156686177397569,0.009004952723998198,0.9639801891040072,3.425,1.0,220.80833333333334
q15_H1__top5,offline,macro8_all,2358,4442,0.2978388113462404,0.2611436289959478,0.4410175596578118,0.1,0.0737913486005089,1.9511735374962147,0.0520036019810896,0.020711391265195857,0.01936064835659613,0.9286357496623143,3.155844155844156,1.0,227.84848484848484
q15_H1__top5,offline,macro8_all,2358,4442,0.2978388113462404,0.2611436289959478,0.4410175596578118,0.2,0.18659881255301103,1.7318057865447094,0.11773975686627645,0.04660063034669068,0.04840162089149032,0.8338586222422333,2.3021032504780115,1.0,196.79541108986615
q15_H1__top5,offline,macro8_all,2358,4442,0.2978388113462404,0.2611436289959478,0.4410175596578118,0.3,0.2909245122985581,1.6025523427097774,0.18730301665916255,0.07744259342638452,0.07721746960828456,0.7354795137325529,2.128605769230769,1.0,186.22115384615384
q15_H1__top5,offline,steps_2_to_5,950,1312,0.4214939024390244,0.20655487804878048,0.3719512195121951,0.05,0.03894736842105263,1.787923279667823,0.025914634146341462,0.012957317073170731,0.005335365853658537,0.96875,0.9411764705882353,0.5,90.23529411764706
q15_H1__top5,offline,steps_2_to_5,950,1312,0.4214939024390244,0.20655487804878048,0.3719512195121951,0.1,0.08736842105263158,1.6806332968966384,0.06097560975609756,0.03201219512195122,0.013719512195121951,0.9253048780487805,0.825,0.0,78.2875
q15_H1__top5,offline,steps_2_to_5,950,1312,0.4214939024390244,0.20655487804878048,0.3719512195121951,0.2,0.17157894736842105,1.5682208756271743,0.12347560975609756,0.06478658536585366,0.03125,0.8452743902439024,0.7962962962962963,0.0,73.61111111111111
q15_H1__top5,offline,steps_2_to_5,950,1312,0.4214939024390244,0.20655487804878048,0.3719512195121951,0.3,0.29368421052631577,1.444335090612108,0.18673780487804878,0.09984756097560976,0.04725609756097561,0.7660060975609756,0.7714285714285715,0.0,75.91836734693878
q15_H1__top5,offline,steps_6_to_10,1124,2308,0.2729636048526863,0.27946273830155977,0.4475736568457539,0.05,0.028469750889679714,2.108359884151996,0.018630849220103985,0.009532062391681109,0.006065857885615251,0.9753032928942807,1.3953488372093024,0.0,136.4418604651163
q15_H1__top5,offline,steps_6_to_10,1124,2308,0.2729636048526863,0.27946273830155977,0.4475736568457539,0.1,0.06227758007117438,1.9511735374962147,0.04462738301559792,0.02123050259965338,0.01169844020797227,0.9436741767764298,1.5533980582524272,1.0,149.98058252427185
q15_H1__top5,offline,steps_6_to_10,1124,2308,0.2729636048526863,0.27946273830155977,0.4475736568457539,0.2,0.199288256227758,1.7318057865447094,0.12175043327556326,0.05415944540727903,0.038128249566724434,0.8401213171577123,1.5338078291814947,1.0,166.09608540925268
q15_H1__top5,offline,steps_6_to_10,1124,2308,0.2729636048526863,0.27946273830155977,0.4475736568457539,0.3,0.2749110320284697,1.6403596629182238,0.16464471403812825,0.07538994800693241,0.053292894280762566,0.7820623916811091,1.5263157894736843,1.0,161.14473684210526
q15_H1__top5,offline,steps_11_plus,284,822,0.170316301703163,0.29683698296836986,0.5328467153284672,0.3,0.20774647887323944,2.108359884151996,0.09367396593673966,0.038929440389294405,0.031630170316301706,0.8746958637469586,4.558441558441558,1.0,267.9220779220779
q15_H1__top5,offline,cell=pb_gsm8k_q4,193,207,0.4057971014492754,0.28019323671497587,0.3140096618357488,0.05,0.03626943005181347,1.8617262316658163,0.06280193236714976,0.03864734299516908,0.01932367149758454,0.9178743961352657,0.6923076923076923,0.0,53.15384615384615
q15_H1__top5,offline,cell=pb_gsm8k_q4,193,207,0.4057971014492754,0.28019323671497587,0.3140096618357488,0.1,0.08808290155440414,1.7318057865447094,0.09178743961352658,0.057971014492753624,0.043478260869565216,0.8647342995169082,0.6842105263157895,0.0,46.1578947368421
q15_H1__top5,offline,cell=pb_gsm8k_q4,193,207,0.4057971014492754,0.28019323671497587,0.3140096618357488,0.2,0.18652849740932642,1.6025523427097774,0.18357487922705315,0.0966183574879227,0.07246376811594203,0.7439613526570048,1.0789473684210527,0.0,66.13157894736842
q15_H1__top5,offline,cell=pb_gsm8k_q4,193,207,0.4057971014492754,0.28019323671497587,0.3140096618357488,0.3,0.25906735751295334,1.5021860450497586,0.2463768115942029,0.12077294685990338,0.0966183574879227,0.6570048309178744,1.2745098039215685,1.0,81.84313725490196
q15_H1__top5,offline,cell=pb_gsm8k_q8,193,207,0.42028985507246375,0.2898550724637681,0.2898550724637681,0.05,0.025906735751295335,1.8617262316658163,0.05314009661835749,0.024154589371980676,0.014492753623188406,0.9323671497584541,1.1818181818181819,1.0,85.63636363636364
q15_H1__top5,offline,cell=pb_gsm8k_q8,193,207,0.42028985507246375,0.2898550724637681,0.2898550724637681,0.1,0.06217616580310881,1.7318057865447094,0.10144927536231885,0.05314009661835749,0.01932367149758454,0.8792270531400966,1.0,0.0,63.04761904761905
q15_H1__top5,offline,cell=pb_gsm8k_q8,193,207,0.42028985507246375,0.2898550724637681,0.2898550724637681,0.2,0.18134715025906736,1.5682208756271743,0.20772946859903382,0.11594202898550725,0.09178743961352658,0.7004830917874396,0.9767441860465116,0.0,63.76744186046512
q15_H1__top5,offline,cell=pb_gsm8k_q8,193,207,0.42028985507246375,0.2898550724637681,0.2898550724637681,0.3,0.27979274611398963,1.444335090612108,0.28019323671497587,0.1642512077294686,0.1111111111111111,0.6086956521739131,1.0172413793103448,0.0,73.22413793103448
q15_H1__top5,offline,cell=pb_math_q4,406,594,0.3181818181818182,0.24579124579124578,0.43602693602693604,0.05,0.03694581280788178,2.108359884151996,0.025252525252525252,0.008417508417508417,0.008417508417508417,0.9663299663299664,4.333333333333333,1.0,244.66666666666666
q15_H1__top5,offline,cell=pb_math_q4,406,594,0.3181818181818182,0.24579124579124578,0.43602693602693604,0.1,0.06403940886699508,1.9511735374962147,0.045454545454545456,0.013468013468013467,0.015151515151515152,0.9393939393939394,3.1481481481481484,2.0,219.22222222222223
q15_H1__top5,offline,cell=pb_math_q4,406,594,0.3181818181818182,0.24579124579124578,0.43602693602693604,0.2,0.19704433497536947,1.6806332968966384,0.1447811447811448,0.05723905723905724,0.05218855218855219,0.803030303030303,2.255813953488372,1.0,186.3139534883721
q15_H1__top5,offline,cell=pb_math_q4,406,594,0.3181818181818182,0.24579124579124578,0.43602693602693604,0.3,0.2660098522167488,1.6025523427097774,0.18686868686868688,0.0707070707070707,0.06565656565656566,0.7474747474747475,2.234234234234234,1.0,185.47747747747746
q15_H1__top5,offline,cell=pb_math_q8,406,594,0.31986531986531985,0.2239057239057239,0.4562289562289562,0.05,0.034482758620689655,2.108359884151996,0.018518518518518517,0.008417508417508417,0.010101010101010102,0.9713804713804713,3.909090909090909,1.0,266.0
q15_H1__top5,offline,cell=pb_math_q8,406,594,0.31986531986531985,0.2239057239057239,0.4562289562289562,0.1,0.0960591133004926,1.8617262316658163,0.06565656565656566,0.026936026936026935,0.018518518518518517,0.9158249158249159,2.6923076923076925,1.0,227.48717948717947
q15_H1__top5,offline,cell=pb_math_q8,406,594,0.31986531986531985,0.2239057239057239,0.4562289562289562,0.2,0.17980295566502463,1.7318057865447094,0.10942760942760943,0.03872053872053872,0.03535353535353535,0.8552188552188552,2.4307692307692306,1.0,203.09230769230768
q15_H1__top5,offline,cell=pb_math_q8,406,594,0.31986531986531985,0.2239057239057239,0.4562289562289562,0.3,0.270935960591133,1.6025523427097774,0.1936026936026936,0.07912457912457913,0.06060606060606061,0.7457912457912458,2.356521739130435,1.0,192.68695652173912
q15_H1__top5,offline,cell=pb_olympiadbench_q4,339,661,0.2692889561270802,0.3434190620272315,0.38729198184568836,0.1,0.06784660766961652,2.108359884151996,0.039334341906202726,0.02118003025718608,0.009077155824508321,0.9515885022692889,3.269230769230769,0.0,200.26923076923077
q15_H1__top5,offline,cell=pb_olympiadbench_q4,339,661,0.2692889561270802,0.3434190620272315,0.38729198184568836,0.2,0.1887905604719764,1.8617262316658163,0.0907715582450832,0.037821482602118005,0.04084720121028744,0.8683812405446294,2.6333333333333333,1.0,189.63333333333333
q15_H1__top5,offline,cell=pb_olympiadbench_q4,339,661,0.2692889561270802,0.3434190620272315,0.38729198184568836,0.3,0.25073746312684364,1.7318057865447094,0.1346444780635401,0.05597579425113464,0.06656580937972768,0.7987897125567323,2.269662921348315,1.0,186.75280898876406
q15_H1__top5,offline,cell=pb_olympiadbench_q8,339,661,0.2813918305597579,0.31164901664145234,0.4069591527987897,0.1,0.06489675516224189,2.108359884151996,0.039334341906202726,0.02118003025718608,0.01664145234493192,0.9440242057488654,2.3076923076923075,0.0,158.5
q15_H1__top5,offline,cell=pb_olympiadbench_q8,339,661,0.2813918305597579,0.31164901664145234,0.4069591527987897,0.2,0.16224188790560473,1.8617262316658163,0.08169440242057488,0.036308623298033284,0.04084720121028744,0.8774583963691377,3.037037037037037,1.0,229.24074074074073
q15_H1__top5,offline,cell=pb_olympiadbench_q8,339,661,0.2813918305597579,0.31164901664145234,0.4069591527987897,0.3,0.2949852507374631,1.6806332968966384,0.14674735249621784,0.05597579425113464,0.07715582450832073,0.7760968229954615,2.329896907216495,1.0,194.08247422680412
q15_H1__top5,offline,cell=pb_omnimath_q4,241,759,0.27009222661396576,0.22529644268774704,0.5046113306982872,0.05,0.03319502074688797,2.108359884151996,0.023715415019762844,0.007905138339920948,0.007905138339920948,0.9683794466403162,5.222222222222222,2.5,365.6111111111111
q15_H1__top5,offline,cell=pb_omnimath_q4,241,759,0.27009222661396576,0.22529644268774704,0.5046113306982872,0.1,0.07468879668049792,1.9511735374962147,0.052700922266139656,0.017127799736495388,0.017127799736495388,0.930171277997365,3.375,2.0,278.7
q15_H1__top5,offline,cell=pb_omnimath_q4,241,759,0.27009222661396576,0.22529644268774704,0.5046113306982872,0.2,0.15352697095435686,1.787923279667823,0.0922266139657444,0.03820816864295125,0.03820816864295125,0.8695652173913043,2.3714285714285714,1.0,225.07142857142858
q15_H1__top5,offline,cell=pb_omnimath_q4,241,759,0.27009222661396576,0.22529644268774704,0.5046113306982872,0.3,0.27800829875518673,1.6403596629182238,0.16337285902503293,0.06587615283267458,0.061923583662714096,0.7747035573122529,2.2096774193548385,1.0,216.3951612903226
q15_H1__top5,offline,cell=pb_omnimath_q8,241,759,0.26877470355731226,0.20948616600790515,0.5217391304347826,0.05,0.029045643153526972,2.108359884151996,0.022397891963109356,0.007905138339920948,0.003952569169960474,0.9736495388669302,3.588235294117647,2.0,213.05882352941177
q15_H1__top5,offline,cell=pb_omnimath_q8,241,759,0.26877470355731226,0.20948616600790515,0.5217391304347826,0.1,0.07468879668049792,1.9511735374962147,0.04479578392621871,0.01844532279314888,0.021080368906455864,0.9341238471673254,3.264705882352941,1.0,227.61764705882354
q15_H1__top5,offline,cell=pb_omnimath_q8,241,759,0.26877470355731226,0.20948616600790515,0.5217391304347826,0.2,0.1908713692946058,1.7318057865447094,0.11989459815546773,0.039525691699604744,0.04084321475625823,0.839262187088274,2.4175824175824174,2.0,230.07692307692307
q15_H1__top5,offline,cell=pb_omnimath_q8,241,759,0.26877470355731226,0.20948616600790515,0.5217391304347826,0.3,0.2987551867219917,1.6025523427097774,0.18708827404479578,0.07378129117259552,0.06324110671936758,0.7496706192358367,2.2746478873239435,1.0,211.00704225352112
q15_VE1__top5,offline,macro8_all,2358,4442,0.3059432687978388,0.2654209815398469,0.42863574966231427,0.05,0.030534351145038167,2.106651062608463,0.03241782980639352,0.01125619090499775,0.008329581269698334,0.9592525889239082,3.1805555555555554,1.0,233.91666666666666
q15_VE1__top5,offline,macro8_all,2358,4442,0.3059432687978388,0.2654209815398469,0.42863574966231427,0.1,0.06912637828668362,1.9534553617875998,0.05763169743358847,0.02363800090049527,0.018009905447996397,0.9243583971184152,2.7265625,1.0,205.7421875
q15_VE1__top5,offline,macro8_all,2358,4442,0.3059432687978388,0.2654209815398469,0.42863574966231427,0.2,0.18023748939779474,1.7302373481693873,0.13169743358847366,0.05605583070688879,0.04524988743809095,0.8230526789734354,2.1709401709401708,1.0,182.77094017094018
q15_VE1__top5,offline,macro8_all,2358,4442,0.3059432687978388,0.2654209815398469,0.42863574966231427,0.3,0.2871077184054283,1.606223368260133,0.19293111211166142,0.0835209365150833,0.07676722197208465,0.7303016659162539,1.9883313885647609,1.0,176.11901983663944
q15_VE1__top5,offline,steps_2_to_5,950,1312,0.41996951219512196,0.2576219512195122,0.32240853658536583,0.05,0.037894736842105266,1.7302373481693873,0.028201219512195123,0.01524390243902439,0.007621951219512195,0.9641768292682927,0.8918918918918919,0.0,80.54054054054055
q15_VE1__top5,offline,steps_2_to_5,950,1312,0.41996951219512196,0.2576219512195122,0.32240853658536583,0.1,0.06421052631578947,1.685002266566434,0.04344512195121951,0.024390243902439025,0.013719512195121951,0.9428353658536586,0.8421052631578947,0.0,66.0
q15_VE1__top5,offline,steps_2_to_5,950,1312,0.41996951219512196,0.2576219512195122,0.32240853658536583,0.2,0.1831578947368421,1.5353564914783913,0.10975609756097561,0.06859756097560976,0.02972560975609756,0.8605182926829268,0.6458333333333334,0.0,57.673611111111114
q15_VE1__top5,offline,steps_2_to_5,950,1312,0.41996951219512196,0.2576219512195122,0.32240853658536583,0.3,0.2768421052631579,1.4174154211412797,0.17835365853658536,0.11509146341463415,0.052591463414634144,0.7690548780487805,0.6111111111111112,0.0,58.1965811965812
q15_VE1__top5,offline,steps_6_to_10,1124,2308,0.28292894280762565,0.2651646447140381,0.45190641247833624,0.05,0.023131672597864767,2.106651062608463,0.024263431542461005,0.009098786828422877,0.00389948006932409,0.9718370883882149,1.7857142857142858,1.0,170.01785714285714
q15_VE1__top5,offline,steps_6_to_10,1124,2308,0.28292894280762565,0.2651646447140381,0.45190641247833624,0.1,0.06405693950177936,1.9534553617875998,0.05155979202772964,0.024696707105719237,0.010398613518197574,0.9380415944540728,1.3949579831932772,1.0,131.4033613445378
q15_VE1__top5,offline,steps_6_to_10,1124,2308,0.28292894280762565,0.2651646447140381,0.45190641247833624,0.2,0.16281138790035588,1.7871556050348631,0.10961871750433276,0.050693240901213174,0.026429809358752165,0.8639514731369151,1.5217391304347827,1.0,153.1106719367589
q15_VE1__top5,offline,steps_6_to_10,1124,2308,0.28292894280762565,0.2651646447140381,0.45190641247833624,0.3,0.28647686832740216,1.6445275505073422,0.17937608318890816,0.08448873483535528,0.0524263431542461,0.7681975736568457,1.429951690821256,1.0,148.22705314009661
q15_VE1__top5,offline,steps_11_plus,284,822,0.18856447688564476,0.27858880778588807,0.5328467153284672,0.2,0.1619718309859155,2.106651062608463,0.1070559610705596,0.03527980535279805,0.0340632603406326,0.8588807785888077,4.068181818181818,2.0,274.57954545454544
q15_VE1__top5,offline,steps_11_plus,284,822,0.18856447688564476,0.27858880778588807,0.5328467153284672,0.3,0.1619718309859155,2.106651062608463,0.1070559610705596,0.03527980535279805,0.0340632603406326,0.8588807785888077,4.068181818181818,2.0,274.57954545454544
q15_VE1__top5,offline,cell=pb_gsm8k_q4,193,207,0.42995169082125606,0.30434782608695654,0.26570048309178745,0.05,0.025906735751295335,1.8633774146067121,0.04830917874396135,0.033816425120772944,0.014492753623188406,0.9371980676328503,1.7,0.0,120.5
q15_VE1__top5,offline,cell=pb_gsm8k_q4,193,207,0.42995169082125606,0.30434782608695654,0.26570048309178745,0.1,0.08808290155440414,1.7302373481693873,0.07729468599033816,0.04830917874396135,0.024154589371980676,0.8985507246376812,1.3125,0.0,93.625
q15_VE1__top5,offline,cell=pb_gsm8k_q4,193,207,0.42995169082125606,0.30434782608695654,0.26570048309178745,0.2,0.19170984455958548,1.606223368260133,0.14009661835748793,0.08695652173913043,0.06763285024154589,0.7922705314009661,1.0,0.0,66.75862068965517
q15_VE1__top5,offline,cell=pb_gsm8k_q4,193,207,0.42995169082125606,0.30434782608695654,0.26570048309178745,0.3,0.29015544041450775,1.503698305884665,0.25120772946859904,0.1497584541062802,0.09178743961352658,0.6570048309178744,1.1730769230769231,0.0,81.57692307692308
q15_VE1__top5,offline,cell=pb_gsm8k_q8,193,207,0.3864734299516908,0.30917874396135264,0.30434782608695654,0.05,0.015544041450777202,1.8633774146067121,0.03864734299516908,0.014492753623188406,0.01932367149758454,0.9420289855072463,1.125,1.0,64.25
q15_VE1__top5,offline,cell=pb_gsm8k_q8,193,207,0.3864734299516908,0.30917874396135264,0.30434782608695654,0.1,0.09326424870466321,1.685002266566434,0.10144927536231885,0.03864734299516908,0.033816425120772944,0.8647342995169082,1.380952380952381,1.0,83.9047619047619
q15_VE1__top5,offline,cell=pb_gsm8k_q8,193,207,0.3864734299516908,0.30917874396135264,0.30434782608695654,0.2,0.15544041450777202,1.606223368260133,0.178743961352657,0.08695652173913043,0.05314009661835749,0.7681159420289855,1.3783783783783783,1.0,84.70270270270271
q15_VE1__top5,offline,cell=pb_gsm8k_q8,193,207,0.3864734299516908,0.30917874396135264,0.30434782608695654,0.3,0.2849740932642487,1.503698305884665,0.22705314009661837,0.1111111111111111,0.07729468599033816,0.6956521739130435,1.4042553191489362,1.0,85.02127659574468
q15_VE1__top5,offline,cell=pb_math_q4,406,594,0.2845117845117845,0.2946127946127946,0.4208754208754209,0.05,0.027093596059113302,2.106651062608463,0.030303030303030304,0.010101010101010102,0.010101010101010102,0.9595959595959596,3.0555555555555554,1.5,292.0
q15_VE1__top5,offline,cell=pb_math_q4,406,594,0.2845117845117845,0.2946127946127946,0.4208754208754209,0.1,0.06896551724137931,1.9534553617875998,0.05723905723905724,0.02356902356902357,0.020202020202020204,0.9225589225589226,2.4705882352941178,1.0,212.2941176470588
q15_VE1__top5,offline,cell=pb_math_q4,406,594,0.2845117845117845,0.2946127946127946,0.4208754208754209,0.2,0.18719211822660098,1.7302373481693873,0.1111111111111111,0.04208754208754209,0.04040404040404041,0.8484848484848485,2.272727272727273,1.0,194.66666666666666
q15_VE1__top5,offline,cell=pb_math_q4,406,594,0.2845117845117845,0.2946127946127946,0.4208754208754209,0.3,0.28078817733990147,1.606223368260133,0.16161616161616163,0.06060606060606061,0.07912457912457913,0.7592592592592593,2.21875,1.0,191.98958333333334
q15_VE1__top5,offline,cell=pb_math_q8,406,594,0.2962962962962963,0.26936026936026936,0.43434343434343436,0.05,0.03694581280788178,2.106651062608463,0.025252525252525252,0.006734006734006734,0.015151515151515152,0.9595959595959596,3.8666666666666667,4.0,323.4
q15_VE1__top5,offline,cell=pb_math_q8,406,594,0.2962962962962963,0.26936026936026936,0.43434343434343436,0.1,0.07881773399014778,1.9534553617875998,0.05218855218855219,0.015151515151515152,0.02356902356902357,0.9242424242424242,3.7419354838709675,3.0,292.64516129032256
q15_VE1__top5,offline,cell=pb_math_q8,406,594,0.2962962962962963,0.26936026936026936,0.43434343434343436,0.2,0.16502463054187191,1.7302373481693873,0.11784511784511785,0.04040404040404041,0.04882154882154882,0.8333333333333334,2.642857142857143,2.0,212.57142857142858
q15_VE1__top5,offline,cell=pb_math_q8,406,594,0.2962962962962963,0.26936026936026936,0.43434343434343436,0.3,0.270935960591133,1.606223368260133,0.16835016835016836,0.06734006734006734,0.07575757575757576,0.7558922558922558,2.28,1.0,181.25
q15_VE1__top5,offline,cell=pb_olympiadbench_q4,339,661,0.3101361573373676,0.29652042360060515,0.39334341906202724,0.05,0.0471976401179941,2.106651062608463,0.049924357034795766,0.018154311649016642,0.009077155824508321,0.9409984871406959,3.8484848484848486,2.0,254.06060606060606
q15_VE1__top5,offline,cell=pb_olympiadbench_q4,339,661,0.3101361573373676,0.29652042360060515,0.39334341906202724,0.1,0.0471976401179941,2.106651062608463,0.049924357034795766,0.018154311649016642,0.009077155824508321,0.9409984871406959,3.8484848484848486,2.0,254.06060606060606
q15_VE1__top5,offline,cell=pb_olympiadbench_q4,339,661,0.3101361573373676,0.29652042360060515,0.39334341906202724,0.2,0.168141592920354,1.8633774146067121,0.09833585476550681,0.049924357034795766,0.03177004538577912,0.869894099848714,2.6153846153846154,0.0,190.07692307692307
q15_VE1__top5,offline,cell=pb_olympiadbench_q4,339,661,0.3101361573373676,0.29652042360060515,0.39334341906202724,0.3,0.2949852507374631,1.685002266566434,0.16792738275340394,0.0832072617246596,0.07866868381240545,0.7534039334341907,1.972972972972973,1.0,168.52252252252254
q15_VE1__top5,offline,cell=pb_olympiadbench_q8,339,661,0.3071104387291982,0.2783661119515885,0.4145234493192133,0.05,0.0471976401179941,2.106651062608463,0.048411497730711045,0.018154311649016642,0.01059001512859304,0.9409984871406959,3.0,1.5,202.5
q15_VE1__top5,offline,cell=pb_olympiadbench_q8,339,661,0.3071104387291982,0.2783661119515885,0.4145234493192133,0.1,0.0943952802359882,1.9534553617875998,0.07261724659606657,0.02118003025718608,0.0226928895612708,0.9046898638426626,2.9583333333333335,2.0,215.9375
q15_VE1__top5,offline,cell=pb_olympiadbench_q8,339,661,0.3071104387291982,0.2783661119515885,0.4145234493192133,0.2,0.17404129793510326,1.7871556050348631,0.13918305597579425,0.05446293494704992,0.048411497730711045,0.8124054462934948,2.4565217391304346,1.0,187.32608695652175
q15_VE1__top5,offline,cell=pb_olympiadbench_q8,339,661,0.3071104387291982,0.2783661119515885,0.4145234493192133,0.3,0.2536873156342183,1.685002266566434,0.19818456883509833,0.08472012102874432,0.06354009077155824,0.7382753403933434,2.16793893129771,1.0,181.0916030534351
q15_VE1__top5,offline,cell=pb_omnimath_q4,241,759,0.2766798418972332,0.23847167325428195,0.48484848484848486,0.05,0.024896265560165973,2.106651062608463,0.025032938076416336,0.006587615283267457,0.006587615283267457,0.9683794466403162,4.0,1.0,267.05263157894734
q15_VE1__top5,offline,cell=pb_omnimath_q4,241,759,0.2766798418972332,0.23847167325428195,0.48484848484848486,0.1,0.0954356846473029,1.8633774146067121,0.07246376811594203,0.030303030303030304,0.021080368906455864,0.9064558629776021,2.418181818181818,1.0,195.96363636363637
q15_VE1__top5,offline,cell=pb_omnimath_q4,241,759,0.2766798418972332,0.23847167325428195,0.48484848484848486,0.2,0.17842323651452283,1.7302373481693873,0.11989459815546773,0.05006587615283267,0.03820816864295125,0.841897233201581,2.21978021978022,1.0,200.4835164835165
q15_VE1__top5,offline,cell=pb_omnimath_q4,241,759,0.2766798418972332,0.23847167325428195,0.48484848484848486,0.3,0.2946058091286307,1.606223368260133,0.19367588932806323,0.07246376811594203,0.06719367588932806,0.7391304347826086,2.183673469387755,1.0,214.38095238095238
q15_VE1__top5,offline,cell=pb_omnimath_q8,241,759,0.29907773386034253,0.20553359683794467,0.49538866930171277,0.05,0.029045643153526972,2.106651062608463,0.028985507246376812,0.011857707509881422,0.002635046113306983,0.9683794466403162,1.6818181818181819,1.0,145.72727272727272
q15_VE1__top5,offline,cell=pb_omnimath_q8,241,759,0.29907773386034253,0.20553359683794467,0.49538866930171277,0.1,0.07468879668049792,1.9534553617875998,0.057971014492753624,0.028985507246376812,0.00922266139657444,0.932806324110672,1.7272727272727273,0.5,158.9090909090909
q15_VE1__top5,offline,cell=pb_omnimath_q8,241,759,0.29907773386034253,0.20553359683794467,0.49538866930171277,0.2,0.1991701244813278,1.7302373481693873,0.14492753623188406,0.061923583662714096,0.04084321475625823,0.8142292490118577,2.0636363636363635,1.0,186.11818181818182
q15_VE1__top5,offline,cell=pb_omnimath_q8,241,759,0.29907773386034253,0.20553359683794467,0.49538866930171277,0.3,0.25311203319502074,1.685002266566434,0.16469038208168643,0.06587615283267458,0.04479578392621871,0.7905138339920948,2.08,1.0,193.544
chosen_surprisal__top5,offline,macro8_all,2358,4442,0.12809545249887438,0.8689779378658262,0.002926609635299415,0.05,0.035623409669211195,3.2501507062298636,0.004727600180099055,0.004727600180099055,0.034218820351193155,0.9610535794687078,0.0,0.0,0.0
chosen_surprisal__top5,offline,macro8_all,2358,4442,0.12809545249887438,0.8689779378658262,0.002926609635299415,0.1,0.0996607294317218,2.7936508230309514,0.008554705087798289,0.008554705087798289,0.11166141377757767,0.879783881134624,0.0,0.0,0.0
chosen_surprisal__top5,offline,macro8_all,2358,4442,0.12809545249887438,0.8689779378658262,0.002926609635299415,0.2,0.16751484308736217,2.5808240266458187,0.015533543448896894,0.015533543448896894,0.18370103556956327,0.8007654209815398,0.0,0.0,0.0
chosen_surprisal__top5,offline,macro8_all,2358,4442,0.12809545249887438,0.8689779378658262,0.002926609635299415,0.3,0.2692960135708227,2.3583922428078985,0.025889239081494823,0.025889239081494823,0.29131022062134176,0.6828005402971634,0.0,0.0,0.0
chosen_surprisal__top5,offline,steps_2_to_5,950,1312,0.2347560975609756,0.7576219512195121,0.007621951219512195,0.05,0.021052631578947368,1.9848758295136308,0.006097560975609756,0.006097560975609756,0.012195121951219513,0.9817073170731707,0.0,0.0,0.0
chosen_surprisal__top5,offline,steps_2_to_5,950,1312,0.2347560975609756,0.7576219512195121,0.007621951219512195,0.1,0.08210526315789474,1.9446141753477804,0.018292682926829267,0.018292682926829267,0.06021341463414634,0.9214939024390244,0.0,0.0,0.0
chosen_surprisal__top5,offline,steps_2_to_5,950,1312,0.2347560975609756,0.7576219512195121,0.007621951219512195,0.2,0.1463157894736842,1.9065858542062075,0.03201219512195122,0.03201219512195122,0.11128048780487805,0.8567073170731707,0.0,0.0,0.0
chosen_surprisal__top5,offline,steps_2_to_5,950,1312,0.2347560975609756,0.7576219512195121,0.007621951219512195,0.3,0.28,1.7974979112221965,0.055640243902439025,0.055640243902439025,0.22408536585365854,0.7202743902439024,0.0,0.0,0.0
chosen_surprisal__top5,offline,steps_6_to_10,1124,2308,0.09098786828422877,0.9077123050259965,0.0012998266897746968,0.05,0.02224199288256228,2.7936508230309514,0.0,0.0,0.016031195840554593,0.9839688041594454,nan,nan,nan
chosen_surprisal__top5,offline,steps_6_to_10,1124,2308,0.09098786828422877,0.9077123050259965,0.0012998266897746968,0.1,0.06227758007117438,2.670974361998598,0.0030329289428076256,0.0030329289428076256,0.04982668977469671,0.9471403812824957,0.0,0.0,0.0
chosen_surprisal__top5,offline,steps_6_to_10,1124,2308,0.09098786828422877,0.9077123050259965,0.0012998266897746968,0.2,0.18505338078291814,2.501864576251762,0.01733102253032929,0.01733102253032929,0.14861351819757365,0.834055459272097,0.0,0.0,0.0
chosen_surprisal__top5,offline,steps_6_to_10,1124,2308,0.09098786828422877,0.9077123050259965,0.0012998266897746968,0.3,0.2402135231316726,2.424555623072618,0.021663778162911613,0.021663778162911613,0.20883882149046792,0.7694974003466204,0.0,0.0,0.0
chosen_surprisal__top5,offline,steps_11_plus,284,822,0.06204379562043796,0.9379562043795621,0.0,0.3,0.29577464788732394,3.2501507062298636,0.025547445255474453,0.025547445255474453,0.18491484184914841,0.7895377128953771,0.0,0.0,0.0
chosen_surprisal__top5,offline,cell=pb_gsm8k_q4,193,207,0.18840579710144928,0.8115942028985508,0.0,0.05,0.046632124352331605,2.424555623072618,0.004830917874396135,0.004830917874396135,0.024154589371980676,0.9710144927536232,0.0,0.0,0.0
chosen_surprisal__top5,offline,cell=pb_gsm8k_q4,193,207,0.18840579710144928,0.8115942028985508,0.0,0.1,0.08290155440414508,2.2319696116632883,0.00966183574879227,0.00966183574879227,0.07729468599033816,0.9130434782608695,0.0,0.0,0.0
chosen_surprisal__top5,offline,cell=pb_gsm8k_q4,193,207,0.18840579710144928,0.8115942028985508,0.0,0.2,0.14507772020725387,2.1380819164728195,0.014492753623188406,0.014492753623188406,0.14009661835748793,0.8454106280193237,0.0,0.0,0.0
chosen_surprisal__top5,offline,cell=pb_gsm8k_q4,193,207,0.18840579710144928,0.8115942028985508,0.0,0.3,0.26424870466321243,1.9848758295136308,0.024154589371980676,0.024154589371980676,0.2028985507246377,0.7729468599033816,0.0,0.0,0.0
chosen_surprisal__top5,offline,cell=pb_gsm8k_q8,193,207,0.1932367149758454,0.8067632850241546,0.0,0.05,0.04145077720207254,2.424555623072618,0.004830917874396135,0.004830917874396135,0.024154589371980676,0.9710144927536232,0.0,0.0,0.0
chosen_surprisal__top5,offline,cell=pb_gsm8k_q8,193,207,0.1932367149758454,0.8067632850241546,0.0,0.1,0.07253886010362694,2.2319696116632883,0.004830917874396135,0.004830917874396135,0.08695652173913043,0.9082125603864735,0.0,0.0,0.0
chosen_surprisal__top5,offline,cell=pb_gsm8k_q8,193,207,0.1932367149758454,0.8067632850241546,0.0,0.2,0.17616580310880828,2.088445382594855,0.01932367149758454,0.01932367149758454,0.14009661835748793,0.8405797101449275,0.0,0.0,0.0
chosen_surprisal__top5,offline,cell=pb_gsm8k_q8,193,207,0.1932367149758454,0.8067632850241546,0.0,0.3,0.2849740932642487,1.9848758295136308,0.024154589371980676,0.024154589371980676,0.21256038647342995,0.7632850241545893,0.0,0.0,0.0
chosen_surprisal__top5,offline,cell=pb_math_q4,406,594,0.19865319865319866,0.7912457912457912,0.010101010101010102,0.05,0.034482758620689655,2.973327050309471,0.005050505050505051,0.005050505050505051,0.04377104377104377,0.9511784511784511,0.0,0.0,0.0
chosen_surprisal__top5,offline,cell=pb_math_q4,406,594,0.19865319865319866,0.7912457912457912,0.010101010101010102,0.1,0.07881773399014778,2.670974361998598,0.011784511784511785,0.011784511784511785,0.09090909090909091,0.8973063973063973,0.0,0.0,0.0
chosen_surprisal__top5,offline,cell=pb_math_q4,406,594,0.19865319865319866,0.7912457912457912,0.010101010101010102,0.2,0.18719211822660098,2.3583922428078985,0.026936026936026935,0.026936026936026935,0.18855218855218855,0.7845117845117845,0.0,0.0,0.0
chosen_surprisal__top5,offline,cell=pb_math_q4,406,594,0.19865319865319866,0.7912457912457912,0.010101010101010102,0.3,0.2955665024630542,2.1380819164728195,0.04377104377104377,0.04377104377104377,0.28114478114478114,0.6750841750841751,0.0,0.0,0.0
chosen_surprisal__top5,offline,cell=pb_math_q8,406,594,0.20202020202020202,0.7929292929292929,0.005050505050505051,0.05,0.03940886699507389,2.973327050309471,0.005050505050505051,0.005050505050505051,0.05387205387205387,0.9410774410774411,0.0,0.0,0.0
chosen_surprisal__top5,offline,cell=pb_math_q8,406,594,0.20202020202020202,0.7929292929292929,0.005050505050505051,0.1,0.0960591133004926,2.670974361998598,0.013468013468013467,0.013468013468013467,0.1111111111111111,0.8754208754208754,0.0,0.0,0.0
chosen_surprisal__top5,offline,cell=pb_math_q8,406,594,0.20202020202020202,0.7929292929292929,0.005050505050505051,0.2,0.1625615763546798,2.424555623072618,0.02861952861952862,0.02861952861952862,0.18855218855218855,0.7828282828282829,0.0,0.0,0.0
chosen_surprisal__top5,offline,cell=pb_math_q8,406,594,0.20202020202020202,0.7929292929292929,0.005050505050505051,0.3,0.27832512315270935,2.1825830426565056,0.04208754208754209,0.04208754208754209,0.2996632996632997,0.6582491582491582,0.0,0.0,0.0
chosen_surprisal__top5,offline,cell=pb_olympiadbench_q4,339,661,0.07564296520423601,0.924357034795764,0.0,0.1,0.07964601769911504,3.2501507062298636,0.006051437216338881,0.006051437216338881,0.046898638426626324,0.9470499243570348,0.0,0.0,0.0
chosen_surprisal__top5,offline,cell=pb_olympiadbench_q4,339,661,0.07564296520423601,0.924357034795764,0.0,0.2,0.17699115044247787,2.7936508230309514,0.009077155824508321,0.009077155824508321,0.1573373676248109,0.8335854765506808,0.0,0.0,0.0
chosen_surprisal__top5,offline,cell=pb_olympiadbench_q4,339,661,0.07564296520423601,0.924357034795764,0.0,0.3,0.2831858407079646,2.5808240266458187,0.01361573373676248,0.01361573373676248,0.25113464447806355,0.735249621785174,0.0,0.0,0.0
chosen_surprisal__top5,offline,cell=pb_olympiadbench_q8,339,661,0.07564296520423601,0.924357034795764,0.0,0.1,0.0855457227138643,3.2501507062298636,0.006051437216338881,0.006051437216338881,0.059001512859304085,0.9349470499243571,0.0,0.0,0.0
chosen_surprisal__top5,offline,cell=pb_olympiadbench_q8,339,661,0.07564296520423601,0.924357034795764,0.0,0.2,0.15634218289085547,2.973327050309471,0.007564296520423601,0.007564296520423601,0.12102874432677761,0.8714069591527988,0.0,0.0,0.0
chosen_surprisal__top5,offline,cell=pb_olympiadbench_q8,339,661,0.07564296520423601,0.924357034795764,0.0,0.3,0.25663716814159293,2.670974361998598,0.01059001512859304,0.01059001512859304,0.23751891074130105,0.7518910741301059,0.0,0.0,0.0
chosen_surprisal__top5,offline,cell=pb_omnimath_q4,241,759,0.10276679841897234,0.8932806324110671,0.003952569169960474,0.05,0.03319502074688797,3.2501507062298636,0.005270092226613966,0.005270092226613966,0.03293807641633729,0.9617918313570487,0.0,0.0,0.0
chosen_surprisal__top5,offline,cell=pb_omnimath_q4,241,759,0.10276679841897234,0.8932806324110671,0.003952569169960474,0.1,0.0954356846473029,2.7936508230309514,0.010540184453227932,0.010540184453227932,0.09881422924901186,0.8906455862977603,0.0,0.0,0.0
chosen_surprisal__top5,offline,cell=pb_omnimath_q4,241,759,0.10276679841897234,0.8932806324110671,0.003952569169960474,0.2,0.1908713692946058,2.5808240266458187,0.017127799736495388,0.017127799736495388,0.17654808959156784,0.8063241106719368,0.0,0.0,0.0
chosen_surprisal__top5,offline,cell=pb_omnimath_q4,241,759,0.10276679841897234,0.8932806324110671,0.003952569169960474,0.3,0.26556016597510373,2.424555623072618,0.025032938076416336,0.025032938076416336,0.2635046113306983,0.7114624505928854,0.0,0.0,0.0
chosen_surprisal__top5,offline,cell=pb_omnimath_q8,241,759,0.09749670619235837,0.9011857707509882,0.0013175230566534915,0.05,0.03319502074688797,3.2501507062298636,0.007905138339920948,0.007905138339920948,0.043478260869565216,0.9486166007905138,0.0,0.0,0.0
chosen_surprisal__top5,offline,cell=pb_omnimath_q8,241,759,0.09749670619235837,0.9011857707509882,0.0013175230566534915,0.1,0.07468879668049792,2.973327050309471,0.00922266139657444,0.00922266139657444,0.08300395256916997,0.9077733860342556,0.0,0.0,0.0
chosen_surprisal__top5,offline,cell=pb_omnimath_q8,241,759,0.09749670619235837,0.9011857707509882,0.0013175230566534915,0.2,0.16182572614107885,2.670974361998598,0.014492753623188406,0.014492753623188406,0.17654808959156784,0.8089591567852438,0.0,0.0,0.0
chosen_surprisal__top5,offline,cell=pb_omnimath_q8,241,759,0.09749670619235837,0.9011857707509882,0.0013175230566534915,0.3,0.2946058091286307,2.424555623072618,0.026350461133069828,0.026350461133069828,0.30303030303030304,0.6706192358366272,0.0,0.0,0.0
logprob_margin__top5,offline,macro8_all,2358,4442,0.2989644304367402,0.3255290409725349,0.3755065285907249,0.05,0.033502968617472435,1.6390790610749915,0.025213867627194957,0.01170643854119766,0.0135074290859973,0.9612787032868078,1.3214285714285714,1.0,137.77678571428572
logprob_margin__top5,offline,macro8_all,2358,4442,0.2989644304367402,0.3255290409725349,0.3755065285907249,0.1,0.07421543681085666,1.5088499815250733,0.04840162089149032,0.02003601981089599,0.023863124718595228,0.9277352543899144,1.6837209302325582,1.0,188.50697674418603
logprob_margin__top5,offline,macro8_all,2358,4442,0.2989644304367402,0.3255290409725349,0.3755065285907249,0.2,0.181509754028838,1.3242890607414632,0.11706438541197658,0.05515533543448897,0.054930211616389016,0.8280054029716344,1.5596153846153846,1.0,159.24423076923077
logprob_margin__top5,offline,macro8_all,2358,4442,0.2989644304367402,0.3255290409725349,0.3755065285907249,0.3,0.272264631043257,1.2187845887469477,0.1724448446645655,0.07969383160738407,0.0855470508779829,0.7420081044574516,1.514360313315927,1.0,150.11749347258487
logprob_margin__top5,offline,steps_2_to_5,950,1312,0.40015243902439024,0.2964939024390244,0.30335365853658536,0.05,0.035789473684210524,1.6390790610749915,0.02972560975609756,0.018292682926829267,0.010670731707317074,0.9596036585365854,0.5897435897435898,0.0,65.0
logprob_margin__top5,offline,steps_2_to_5,950,1312,0.40015243902439024,0.2964939024390244,0.30335365853658536,0.1,0.07263157894736842,1.5088499815250733,0.06021341463414634,0.03277439024390244,0.021341463414634148,0.9184451219512195,0.8481012658227848,0.0,105.87341772151899
logprob_margin__top5,offline,steps_2_to_5,950,1312,0.40015243902439024,0.2964939024390244,0.30335365853658536,0.2,0.19894736842105262,1.3242890607414632,0.15167682926829268,0.09070121951219512,0.052591463414634144,0.7957317073170732,0.6432160804020101,0.0,78.30653266331659
logprob_margin__top5,offline,steps_2_to_5,950,1312,0.40015243902439024,0.2964939024390244,0.30335365853658536,0.3,0.28526315789473683,1.2187845887469477,0.21265243902439024,0.12271341463414634,0.07545731707317073,0.711890243902439,0.6594982078853047,0.0,75.77777777777777
logprob_margin__top5,offline,steps_6_to_10,1124,2308,0.287261698440208,0.32582322357019067,0.3869150779896014,0.05,0.03291814946619217,1.6390790610749915,0.02859618717504333,0.011265164644714038,0.01559792027729636,0.9558058925476604,1.393939393939394,1.0,163.62121212121212
logprob_margin__top5,offline,steps_6_to_10,1124,2308,0.287261698440208,0.32582322357019067,0.3869150779896014,0.1,0.07829181494661921,1.5088499815250733,0.048960138648180246,0.01776429809358752,0.0255632582322357,0.925476603119584,1.8407079646017699,1.0,221.7079646017699
logprob_margin__top5,offline,steps_6_to_10,1124,2308,0.287261698440208,0.32582322357019067,0.3869150779896014,0.2,0.17170818505338079,1.3242890607414632,0.11178509532062392,0.04679376083188908,0.05459272097053726,0.8336221837088388,1.627906976744186,1.0,181.89147286821705
logprob_margin__top5,offline,steps_6_to_10,1124,2308,0.287261698440208,0.32582322357019067,0.3869150779896014,0.3,0.29626334519572955,1.192166019176912,0.18197573656845753,0.07712305025996534,0.09662045060658579,0.7214038128249567,1.5380952380952382,1.0,167.63095238095238
logprob_margin__top5,offline,steps_11_plus,284,822,0.170316301703163,0.3710462287104623,0.4586374695863747,0.05,0.028169014084507043,1.6390790610749915,0.00851581508515815,0.0024330900243309003,0.012165450121654502,0.9793187347931873,4.714285714285714,5.0,299.57142857142856
logprob_margin__top5,offline,steps_11_plus,284,822,0.170316301703163,0.3710462287104623,0.4586374695863747,0.1,0.06338028169014084,1.5088499815250733,0.027980535279805353,0.006082725060827251,0.023114355231143552,0.948905109489051,3.782608695652174,4.0,309.2173913043478
logprob_margin__top5,offline,steps_11_plus,284,822,0.170316301703163,0.3710462287104623,0.4586374695863747,0.2,0.1936619718309859,1.2820897483978404,0.09002433090024331,0.025547445255474453,0.07907542579075426,0.8309002433090025,4.256756756756757,3.5,324.93243243243245
logprob_margin__top5,offline,steps_11_plus,284,822,0.170316301703163,0.3710462287104623,0.4586374695863747,0.3,0.2852112676056338,1.192166019176912,0.14841849148418493,0.04744525547445255,0.11800486618004866,0.7335766423357665,3.4262295081967213,3.0,267.1967213114754
logprob_margin__top5,offline,cell=pb_gsm8k_q4,193,207,0.3864734299516908,0.3188405797101449,0.2946859903381642,0.05,0.025906735751295335,1.6390790610749915,0.014492753623188406,0.00966183574879227,0.00966183574879227,0.9758454106280193,0.3333333333333333,0.0,27.666666666666668
logprob_margin__top5,offline,cell=pb_gsm8k_q4,193,207,0.3864734299516908,0.3188405797101449,0.2946859903381642,0.1,0.05699481865284974,1.5088499815250733,0.028985507246376812,0.01932367149758454,0.024154589371980676,0.9468599033816425,0.8333333333333334,0.0,73.33333333333333
logprob_margin__top5,offline,cell=pb_gsm8k_q4,193,207,0.3864734299516908,0.3188405797101449,0.2946859903381642,0.2,0.13989637305699482,1.3728129190476885,0.0966183574879227,0.06280193236714976,0.05314009661835749,0.8502415458937198,0.6,0.0,47.9
logprob_margin__top5,offline,cell=pb_gsm8k_q4,193,207,0.3864734299516908,0.3188405797101449,0.2946859903381642,0.3,0.27979274611398963,1.2187845887469477,0.2222222222222222,0.13043478260869565,0.0966183574879227,0.6811594202898551,0.8043478260869565,0.0,48.47826086956522
logprob_margin__top5,offline,cell=pb_gsm8k_q8,193,207,0.3961352657004831,0.34299516908212563,0.2608695652173913,0.05,0.03626943005181347,1.6390790610749915,0.033816425120772944,0.00966183574879227,0.00966183574879227,0.9565217391304348,1.0,1.0,64.0
logprob_margin__top5,offline,cell=pb_gsm8k_q8,193,207,0.3961352657004831,0.34299516908212563,0.2608695652173913,0.1,0.08808290155440414,1.4142135623730945,0.0821256038647343,0.033816425120772944,0.043478260869565216,0.8743961352657005,1.0,1.0,62.11764705882353
logprob_margin__top5,offline,cell=pb_gsm8k_q8,193,207,0.3961352657004831,0.34299516908212563,0.2608695652173913,0.2,0.18134715025906736,1.245495135852819,0.18840579710144928,0.11594202898550725,0.11594202898550725,0.6956521739130435,0.6666666666666666,0.0,44.56410256410256
logprob_margin__top5,offline,cell=pb_gsm8k_q8,193,207,0.3961352657004831,0.34299516908212563,0.2608695652173913,0.3,0.29015544041450775,1.1245070864089663,0.2946859903381642,0.18840579710144928,0.15458937198067632,0.5507246376811594,0.6885245901639344,0.0,44.65573770491803
logprob_margin__top5,offline,cell=pb_math_q4,406,594,0.31313131313131315,0.3047138047138047,0.38215488215488214,0.05,0.04433497536945813,1.6390790610749915,0.03198653198653199,0.015151515151515152,0.015151515151515152,0.9528619528619529,1.368421052631579,1.0,144.8421052631579
logprob_margin__top5,offline,cell=pb_math_q4,406,594,0.31313131313131315,0.3047138047138047,0.38215488215488214,0.1,0.09359605911330049,1.5088499815250733,0.05387205387205387,0.02861952861952862,0.03198653198653199,0.9141414141414141,1.53125,0.0,158.1875
logprob_margin__top5,offline,cell=pb_math_q4,406,594,0.31313131313131315,0.3047138047138047,0.38215488215488214,0.2,0.1724137931034483,1.3728129190476885,0.1111111111111111,0.05723905723905724,0.05387205387205387,0.835016835016835,1.696969696969697,0.0,149.5909090909091
logprob_margin__top5,offline,cell=pb_math_q4,406,594,0.31313131313131315,0.3047138047138047,0.38215488215488214,0.3,0.29802955665024633,1.245495135852819,0.17676767676767677,0.08754208754208755,0.08080808080808081,0.7424242424242424,1.5809523809523809,1.0,139.98095238095237
logprob_margin__top5,offline,cell=pb_math_q8,406,594,0.31986531986531985,0.29797979797979796,0.38215488215488214,0.05,0.027093596059113302,1.6390790610749915,0.037037037037037035,0.020202020202020204,0.016835016835016835,0.9461279461279462,1.0454545454545454,0.0,100.45454545454545
logprob_margin__top5,offline,cell=pb_math_q8,406,594,0.31986531986531985,0.29797979797979796,0.38215488215488214,0.1,0.07389162561576355,1.5088499815250733,0.058922558922558925,0.02861952861952862,0.020202020202020204,0.9208754208754208,1.1714285714285715,1.0,103.91428571428571
logprob_margin__top5,offline,cell=pb_math_q8,406,594,0.31986531986531985,0.29797979797979796,0.38215488215488214,0.2,0.1896551724137931,1.3242890607414632,0.14309764309764308,0.06902356902356903,0.03872053872053872,0.8181818181818182,1.7294117647058824,1.0,139.52941176470588
logprob_margin__top5,offline,cell=pb_math_q8,406,594,0.31986531986531985,0.29797979797979796,0.38215488215488214,0.3,0.2832512315270936,1.2187845887469477,0.2037037037037037,0.09595959595959595,0.06902356902356903,0.7272727272727273,1.5702479338842976,1.0,124.71900826446281
logprob_margin__top5,offline,cell=pb_olympiadbench_q4,339,661,0.2783661119515885,0.3842662632375189,0.3373676248108926,0.05,0.011799410029498525,1.6390790610749915,0.030257186081694403,0.01059001512859304,0.01664145234493192,0.9531013615733737,1.4,1.0,153.15
logprob_margin__top5,offline,cell=pb_olympiadbench_q4,339,661,0.2783661119515885,0.3842662632375189,0.3373676248108926,0.1,0.0855457227138643,1.4142135623730945,0.07715582450832073,0.03177004538577912,0.04236006051437216,0.8804841149773072,1.5294117647058822,1.0,179.68627450980392
logprob_margin__top5,offline,cell=pb_olympiadbench_q4,339,661,0.2783661119515885,0.3842662632375189,0.3373676248108926,0.2,0.18584070796460178,1.2820897483978404,0.12254160363086233,0.05597579425113464,0.08018154311649017,0.7972768532526475,1.4197530864197532,1.0,164.39506172839506
logprob_margin__top5,offline,cell=pb_olympiadbench_q4,339,661,0.2783661119515885,0.3842662632375189,0.3373676248108926,0.3,0.2713864306784661,1.192166019176912,0.17095310136157338,0.0832072617246596,0.10892586989409984,0.7201210287443268,1.415929203539823,1.0,150.55752212389382
logprob_margin__top5,offline,cell=pb_olympiadbench_q8,339,661,0.2692889561270802,0.38729198184568836,0.3434190620272315,0.05,0.038348082595870206,1.6390790610749915,0.015128593040847202,0.007564296520423601,0.015128593040847202,0.9697428139183056,1.5,0.5,119.0
logprob_margin__top5,offline,cell=pb_olympiadbench_q8,339,661,0.2692889561270802,0.38729198184568836,0.3434190620272315,0.1,0.07374631268436578,1.5088499815250733,0.04084720121028744,0.019667170953101363,0.0226928895612708,0.9364599092284418,1.6666666666666667,1.0,195.59259259259258
logprob_margin__top5,offline,cell=pb_olympiadbench_q8,339,661,0.2692889561270802,0.38729198184568836,0.3434190620272315,0.2,0.1887905604719764,1.2820897483978404,0.10136157337367625,0.046898638426626324,0.06202723146747353,0.8366111951588502,1.791044776119403,1.0,196.32835820895522
logprob_margin__top5,offline,cell=pb_olympiadbench_q8,339,661,0.2692889561270802,0.38729198184568836,0.3434190620272315,0.3,0.29793510324483774,1.1696482750172372,0.17095310136157338,0.07261724659606657,0.12102874432677761,0.708018154311649,1.6725663716814159,1.0,178.00884955752213
logprob_margin__top5,offline,cell=pb_omnimath_q4,241,759,0.2779973649538867,0.2951251646903821,0.4268774703557312,0.05,0.04564315352697095,1.6390790610749915,0.01844532279314888,0.00922266139657444,0.003952569169960474,0.9776021080368906,1.9285714285714286,0.5,231.78571428571428
logprob_margin__top5,offline,cell=pb_omnimath_q4,241,759,0.2779973649538867,0.2951251646903821,0.4268774703557312,0.1,0.07468879668049792,1.5088499815250733,0.0461133069828722,0.015810276679841896,0.014492753623188406,0.9393939393939394,2.2285714285714286,2.0,285.14285714285717
logprob_margin__top5,offline,cell=pb_omnimath_q4,241,759,0.2779973649538867,0.2951251646903821,0.4268774703557312,0.2,0.1950207468879668,1.2820897483978404,0.13306982872200263,0.052700922266139656,0.06587615283267458,0.8010540184453228,1.7524752475247525,1.0,196.54455445544554
logprob_margin__top5,offline,cell=pb_omnimath_q4,241,759,0.2779973649538867,0.2951251646903821,0.4268774703557312,0.3,0.27385892116182575,1.2187845887469477,0.1673254281949934,0.06982872200263504,0.07905138339920949,0.7536231884057971,1.5905511811023623,1.0,175.31496062992127
logprob_margin__top5,offline,cell=pb_omnimath_q8,241,759,0.2859025032938076,0.2859025032938076,0.4281949934123847,0.05,0.04149377593360996,1.6390790610749915,0.022397891963109356,0.010540184453227932,0.017127799736495388,0.9604743083003953,1.2352941176470589,1.0,143.52941176470588
logprob_margin__top5,offline,cell=pb_omnimath_q8,241,759,0.2859025032938076,0.2859025032938076,0.4281949934123847,0.1,0.0954356846473029,1.5088499815250733,0.039525691699604744,0.013175230566534914,0.022397891963109356,0.9380764163372859,1.8666666666666667,2.0,227.36666666666667
logprob_margin__top5,offline,cell=pb_omnimath_q8,241,759,0.2859025032938076,0.2859025032938076,0.4281949934123847,0.2,0.1950207468879668,1.3728129190476885,0.07905138339920949,0.02766798418972332,0.04216073781291173,0.8787878787878788,1.9,1.0,224.86666666666667
logprob_margin__top5,offline,cell=pb_omnimath_q8,241,759,0.2859025032938076,0.2859025032938076,0.4281949934123847,0.3,0.2863070539419087,1.245495135852819,0.15151515151515152,0.05928853754940711,0.06587615283267458,0.782608695652174,1.8956521739130434,1.0,207.1478260869565
true_tail50__top5,offline,macro8_all,2358,4442,0.2728500675371454,0.19675821701936064,0.530391715443494,0.05,0.03095843935538592,3.128267918807215,0.03219270598829356,0.008329581269698334,0.008779828905898244,0.9590274651058082,4.580419580419581,3.0,353.7762237762238
true_tail50__top5,offline,macro8_all,2358,4442,0.2728500675371454,0.19675821701936064,0.530391715443494,0.1,0.0899067005937235,2.672422613675453,0.09770373705538046,0.02363800090049527,0.025664115263394866,0.8766321476812247,3.9654377880184333,3.0,326.2327188940092
true_tail50__top5,offline,macro8_all,2358,4442,0.2728500675371454,0.19675821701936064,0.530391715443494,0.2,0.18490245971162,2.336252886134074,0.19135524538496174,0.04930211616389014,0.04682575416479064,0.7618190004502476,3.2941176470588234,2.0,288.3494117647059
true_tail50__top5,offline,macro8_all,2358,4442,0.2728500675371454,0.19675821701936064,0.530391715443494,0.3,0.2955894826123834,2.143348078419332,0.2726249437190455,0.07609185051778478,0.06956325979288609,0.6578117964880684,2.972749793559042,2.0,268.3682906688687
true_tail50__top5,offline,steps_2_to_5,950,1312,0.3742378048780488,0.15091463414634146,0.47484756097560976,0.05,0.0,2.015640274085799,0.0,0.0,0.0,1.0,nan,nan,nan
true_tail50__top5,offline,steps_2_to_5,950,1312,0.3742378048780488,0.15091463414634146,0.47484756097560976,0.1,0.1,1.9406687223331303,0.08231707317073171,0.038871951219512195,0.01600609756097561,0.9016768292682927,0.9722222222222222,1.0,110.06481481481481
true_tail50__top5,offline,steps_2_to_5,950,1312,0.3742378048780488,0.15091463414634146,0.47484756097560976,0.2,0.1957894736842105,1.8020283215723405,0.18445121951219512,0.08460365853658537,0.037347560975609755,0.7782012195121951,0.9710743801652892,1.0,111.05785123966942
true_tail50__top5,offline,steps_2_to_5,950,1312,0.3742378048780488,0.15091463414634146,0.47484756097560976,0.3,0.22210526315789475,1.7457595274267372,0.2073170731707317,0.09146341463414634,0.041158536585365856,0.7515243902439024,1.0,1.0,113.11764705882354
true_tail50__top5,offline,steps_6_to_10,1124,2308,0.25736568457538994,0.21317157712305027,0.5294627383015598,0.05,0.03825622775800712,2.672422613675453,0.053726169844020795,0.016897746967071057,0.008232235701906412,0.9380415944540728,2.314516129032258,2.0,239.24193548387098
true_tail50__top5,offline,steps_6_to_10,1124,2308,0.25736568457538994,0.21317157712305027,0.5294627383015598,0.1,0.0800711743772242,2.535957477302862,0.10008665511265165,0.03076256499133449,0.014731369150779897,0.8851819757365684,2.324675324675325,2.0,238.24675324675326
true_tail50__top5,offline,steps_6_to_10,1124,2308,0.25736568457538994,0.21317157712305027,0.5294627383015598,0.2,0.19128113879003558,2.336252886134074,0.1841421143847487,0.05719237435008666,0.03249566724436742,0.7833622183708839,2.155294117647059,2.0,224.95764705882354
true_tail50__top5,offline,steps_6_to_10,1124,2308,0.25736568457538994,0.21317157712305027,0.5294627383015598,0.3,0.24555160142348753,2.249585154917354,0.225736568457539,0.07019064124783363,0.04246100519930676,0.7318024263431543,2.1190019193857967,2.0,223.1285988483685
true_tail50__top5,offline,steps_11_plus,284,822,0.15450121654501217,0.22384428223844283,0.621654501216545,0.3,0.25704225352112675,3.128267918807215,0.17396593673965938,0.045012165450121655,0.04744525547445255,0.7785888077858881,4.580419580419581,3.0,353.7762237762238
true_tail50__top5,offline,cell=pb_gsm8k_q4,193,207,0.3864734299516908,0.2222222222222222,0.391304347826087,0.05,0.031088082901554404,2.420283331956706,0.033816425120772944,0.014492753623188406,0.014492753623188406,0.9516908212560387,4.285714285714286,4.0,301.42857142857144
true_tail50__top5,offline,cell=pb_gsm8k_q4,193,207,0.3864734299516908,0.2222222222222222,0.391304347826087,0.1,0.09844559585492228,2.202230714941242,0.08695652173913043,0.03864734299516908,0.057971014492753624,0.855072463768116,2.611111111111111,1.5,182.22222222222223
true_tail50__top5,offline,cell=pb_gsm8k_q4,193,207,0.3864734299516908,0.2222222222222222,0.391304347826087,0.2,0.19689119170984457,2.015640274085799,0.13043478260869565,0.057971014492753624,0.06763285024154589,0.8019323671497585,2.037037037037037,1.0,142.8148148148148
true_tail50__top5,offline,cell=pb_gsm8k_q4,193,207,0.3864734299516908,0.2222222222222222,0.391304347826087,0.3,0.27461139896373055,1.9406687223331303,0.19806763285024154,0.09178743961352658,0.08695652173913043,0.714975845410628,1.6341463414634145,1.0,114.95121951219512
true_tail50__top5,offline,cell=pb_gsm8k_q8,193,207,0.3526570048309179,0.20772946859903382,0.4396135265700483,0.05,0.031088082901554404,2.249585154917354,0.05314009661835749,0.01932367149758454,0.024154589371980676,0.9227053140096618,3.727272727272727,4.0,234.63636363636363
true_tail50__top5,offline,cell=pb_gsm8k_q8,193,207,0.3526570048309179,0.20772946859903382,0.4396135265700483,0.1,0.09326424870466321,2.143348078419332,0.1111111111111111,0.028985507246376812,0.043478260869565216,0.8454106280193237,2.869565217391304,2.0,185.2173913043478
true_tail50__top5,offline,cell=pb_gsm8k_q8,193,207,0.3526570048309179,0.20772946859903382,0.4396135265700483,0.2,0.17098445595854922,1.9754392656017021,0.18840579710144928,0.05314009661835749,0.06763285024154589,0.7439613526570048,2.3076923076923075,2.0,142.89743589743588
true_tail50__top5,offline,cell=pb_gsm8k_q8,193,207,0.3526570048309179,0.20772946859903382,0.4396135265700483,0.3,0.29533678756476683,1.8020283215723405,0.2946859903381642,0.0966183574879227,0.10144927536231885,0.6038647342995169,1.8688524590163935,1.0,116.62295081967213
true_tail50__top5,offline,cell=pb_math_q4,406,594,0.26262626262626265,0.1936026936026936,0.5437710437710438,0.05,0.03201970443349754,2.8592007927226675,0.04377104377104377,0.006734006734006734,0.013468013468013467,0.9427609427609428,4.961538461538462,5.0,409.15384615384613
true_tail50__top5,offline,cell=pb_math_q4,406,594,0.26262626262626265,0.1936026936026936,0.5437710437710438,0.1,0.07389162561576355,2.535957477302862,0.1127946127946128,0.02356902356902357,0.03198653198653199,0.8552188552188552,3.5970149253731343,3.0,318.9850746268657
true_tail50__top5,offline,cell=pb_math_q4,406,594,0.26262626262626265,0.1936026936026936,0.5437710437710438,0.2,0.18226600985221675,2.202230714941242,0.21548821548821548,0.045454545454545456,0.05723905723905724,0.7272727272727273,3.40625,3.0,287.6875
true_tail50__top5,offline,cell=pb_math_q4,406,594,0.26262626262626265,0.1936026936026936,0.5437710437710438,0.3,0.2857142857142857,2.015640274085799,0.2760942760942761,0.06397306397306397,0.0723905723905724,0.6515151515151515,3.073170731707317,2.0,270.5426829268293
true_tail50__top5,offline,cell=pb_math_q8,406,594,0.25925925925925924,0.15656565656565657,0.5841750841750841,0.05,0.03940886699507389,2.8592007927226675,0.03872053872053872,0.005050505050505051,0.015151515151515152,0.9461279461279462,6.130434782608695,5.0,457.6521739130435
true_tail50__top5,offline,cell=pb_math_q8,406,594,0.25925925925925924,0.15656565656565657,0.5841750841750841,0.1,0.07142857142857142,2.672422613675453,0.07575757575757576,0.008417508417508417,0.020202020202020204,0.9040404040404041,5.177777777777778,5.0,402.0444444444444
true_tail50__top5,offline,cell=pb_math_q8,406,594,0.25925925925925924,0.15656565656565657,0.5841750841750841,0.2,0.16748768472906403,2.249585154917354,0.18013468013468015,0.02861952861952862,0.037037037037037035,0.7828282828282829,3.869158878504673,3.0,321.3457943925234
true_tail50__top5,offline,cell=pb_math_q8,406,594,0.25925925925925924,0.15656565656565657,0.5841750841750841,0.3,0.2832512315270936,2.015640274085799,0.2845117845117845,0.06060606060606061,0.05387205387205387,0.6616161616161617,3.2485207100591715,3.0,281.73372781065086
true_tail50__top5,offline,cell=pb_olympiadbench_q4,339,661,0.2723146747352496,0.25718608169440244,0.47049924357034795,0.1,0.07964601769911504,3.128267918807215,0.0453857791225416,0.012102874432677761,0.012102874432677761,0.9425113464447806,3.7333333333333334,2.0,276.93333333333334
true_tail50__top5,offline,cell=pb_olympiadbench_q4,339,661,0.2723146747352496,0.25718608169440244,0.47049924357034795,0.2,0.16224188790560473,2.672422613675453,0.12254160363086233,0.03328290468986384,0.04084720121028744,0.8366111951588502,3.4444444444444446,2.0,292.01234567901236
true_tail50__top5,offline,cell=pb_olympiadbench_q4,339,661,0.2723146747352496,0.25718608169440244,0.47049924357034795,0.3,0.2536873156342183,2.420283331956706,0.19062027231467474,0.05446293494704992,0.06354009077155824,0.745839636913767,2.9682539682539684,2.0,263.7936507936508
true_tail50__top5,offline,cell=pb_olympiadbench_q8,339,661,0.2859304084720121,0.2254160363086233,0.4886535552193646,0.1,0.07079646017699115,3.128267918807215,0.0529500756429652,0.024205748865355523,0.009077155824508321,0.9379727685325264,3.4571428571428573,1.0,245.4
true_tail50__top5,offline,cell=pb_olympiadbench_q8,339,661,0.2859304084720121,0.2254160363086233,0.4886535552193646,0.2,0.1976401179941003,2.535957477302862,0.16944024205748864,0.05143721633888049,0.04084720121028744,0.789712556732224,3.4375,2.0,287.67857142857144
true_tail50__top5,offline,cell=pb_olympiadbench_q8,339,661,0.2859304084720121,0.2254160363086233,0.4886535552193646,0.3,0.2949852507374631,2.336252886134074,0.24659606656580937,0.07413010590015129,0.06202723146747353,0.6913767019667171,3.0122699386503067,2.0,262.8834355828221
true_tail50__top5,offline,cell=pb_omnimath_q4,241,759,0.25559947299077734,0.18181818181818182,0.5625823451910409,0.05,0.02074688796680498,3.128267918807215,0.04084321475625823,0.007905138339920948,0.013175230566534914,0.9459815546772069,5.354838709677419,3.0,415.741935483871
true_tail50__top5,offline,cell=pb_omnimath_q4,241,759,0.25559947299077734,0.18181818181818182,0.5625823451910409,0.1,0.0954356846473029,2.672422613675453,0.11462450592885376,0.03162055335968379,0.025032938076416336,0.8603425559947299,3.7126436781609193,2.0,314.88505747126436
true_tail50__top5,offline,cell=pb_omnimath_q4,241,759,0.25559947299077734,0.18181818181818182,0.5625823451910409,0.2,0.1908713692946058,2.420283331956706,0.18050065876152832,0.043478260869565216,0.034255599472990776,0.7852437417654808,3.4744525547445257,2.0,295.8905109489051
true_tail50__top5,offline,cell=pb_omnimath_q4,241,759,0.25559947299077734,0.18181818181818182,0.5625823451910409,0.3,0.29045643153526973,2.202230714941242,0.2595520421607378,0.06060606060606061,0.05401844532279315,0.686429512516469,3.263959390862944,2.0,295.89340101522845
true_tail50__top5,offline,cell=pb_omnimath_q8,241,759,0.2450592885375494,0.15810276679841898,0.5968379446640316,0.05,0.024896265560165973,3.128267918807215,0.03820816864295125,0.00922266139657444,0.00922266139657444,0.9525691699604744,4.793103448275862,3.0,381.82758620689657
true_tail50__top5,offline,cell=pb_omnimath_q8,241,759,0.2450592885375494,0.15810276679841898,0.5968379446640316,0.1,0.07053941908713693,2.8592007927226675,0.07246376811594203,0.019762845849802372,0.017127799736495388,0.9104084321475626,4.181818181818182,2.0,339.8
true_tail50__top5,offline,cell=pb_omnimath_q8,241,759,0.2450592885375494,0.15810276679841898,0.5968379446640316,0.2,0.1908713692946058,2.420283331956706,0.18708827404479578,0.0461133069828722,0.03557312252964427,0.7773386034255599,3.591549295774648,3.0,315.3943661971831
true_tail50__top5,offline,cell=pb_omnimath_q8,241,759,0.2450592885375494,0.15810276679841898,0.5968379446640316,0.3,0.26141078838174275,2.249585154917354,0.2648221343873518,0.07246376811594203,0.048748353096179184,0.686429512516469,3.1592039800995027,2.0,302.02487562189054
energy_level__top5,offline,macro8_all,2358,4442,0.2514633048176497,0.15330932012606935,0.595227375056281,0.05,0.02374893977947413,2.095785551249577,0.03962179198559208,0.010580819450697884,0.00495272399819901,0.955425484016209,3.897727272727273,3.0,322.4431818181818
energy_level__top5,offline,macro8_all,2358,4442,0.2514633048176497,0.15330932012606935,0.595227375056281,0.1,0.09329940627650551,1.8418610008099292,0.10558307068887889,0.029716343989194056,0.013732552904097254,0.8806843764070239,3.388059701492537,2.0,293.0127931769723
energy_level__top5,offline,macro8_all,2358,4442,0.2514633048176497,0.15330932012606935,0.595227375056281,0.2,0.16836301950805768,1.7144894014711285,0.16411526339486718,0.04817649707339036,0.02363800090049527,0.8122467357046376,3.0754458161865568,2.0,272.8998628257888
energy_level__top5,offline,macro8_all,2358,4442,0.2514633048176497,0.15330932012606935,0.595227375056281,0.3,0.29855810008481765,1.5555912376980199,0.2832057631697434,0.08734804142278253,0.045024763619991,0.6717694732102657,2.7146263910969792,2.0,248.45548489666137
energy_level__top5,offline,steps_2_to_5,950,1312,0.3513719512195122,0.1326219512195122,0.5160060975609756,0.05,0.03684210526315789,1.7718080421816738,0.03048780487804878,0.012957317073170731,0.003048780487804878,0.9664634146341463,1.25,1.0,113.8
energy_level__top5,offline,steps_2_to_5,950,1312,0.3513719512195122,0.1326219512195122,0.5160060975609756,0.1,0.0968421052631579,1.6729300814430692,0.07774390243902439,0.038871951219512195,0.005335365853658537,0.916920731707317,1.0392156862745099,0.5,101.50980392156863
energy_level__top5,offline,steps_2_to_5,950,1312,0.3513719512195122,0.1326219512195122,0.5160060975609756,0.2,0.1831578947368421,1.5555912376980199,0.15472560975609756,0.0701219512195122,0.01600609756097561,0.8292682926829268,1.0788177339901477,1.0,102.23645320197045
energy_level__top5,offline,steps_2_to_5,950,1312,0.3513719512195122,0.1326219512195122,0.5160060975609756,0.3,0.2968421052631579,1.4256562287671999,0.24542682926829268,0.1013719512195122,0.03201219512195122,0.7225609756097561,1.1273291925465838,1.0,111.15527950310559
energy_level__top5,offline,steps_6_to_10,1124,2308,0.23310225303292895,0.15511265164644714,0.6117850953206239,0.05,0.027580071174377226,2.095785551249577,0.037694974003466206,0.012564991334488735,0.00389948006932409,0.9584055459272097,2.2528735632183907,2.0,235.09195402298852
energy_level__top5,offline,steps_6_to_10,1124,2308,0.23310225303292895,0.15511265164644714,0.6117850953206239,0.1,0.07562277580071175,1.9396494778086664,0.07755632582322357,0.02729636048526863,0.008232235701906412,0.91421143847487,2.0614525139664805,2.0,218.91620111731842
energy_level__top5,offline,steps_6_to_10,1124,2308,0.23310225303292895,0.15511265164644714,0.6117850953206239,0.2,0.16459074733096085,1.7718080421816738,0.1412478336221837,0.047660311958405546,0.01733102253032929,0.841421143847487,2.1226993865030677,2.0,224.04907975460122
energy_level__top5,offline,steps_6_to_10,1124,2308,0.23310225303292895,0.15511265164644714,0.6117850953206239,0.3,0.2677935943060498,1.632771979839178,0.23830155979202772,0.07885615251299827,0.030329289428076257,0.7313691507798961,2.089090909090909,2.0,225.4781818181818
energy_level__top5,offline,steps_11_plus,284,822,0.1435523114355231,0.18126520681265207,0.6751824817518248,0.1,0.0880281690140845,2.095785551249577,0.10827250608272507,0.021897810218978103,0.015815085158150853,0.8759124087591241,5.50561797752809,4.0,407.8314606741573
energy_level__top5,offline,steps_11_plus,284,822,0.1435523114355231,0.18126520681265207,0.6751824817518248,0.2,0.15845070422535212,1.9396494778086664,0.17639902676399027,0.0364963503649635,0.032846715328467155,0.7907542579075426,5.413793103448276,4.0,402.22758620689655
energy_level__top5,offline,steps_11_plus,284,822,0.1435523114355231,0.18126520681265207,0.6751824817518248,0.3,0.22887323943661972,1.8418610008099292,0.24209245742092458,0.046228710462287104,0.04257907542579075,0.7153284671532847,5.1959798994974875,4.0,390.90452261306535
energy_level__top5,offline,cell=pb_gsm8k_q4,193,207,0.37681159420289856,0.18840579710144928,0.43478260869565216,0.05,0.04145077720207254,1.8418610008099292,0.04830917874396135,0.028985507246376812,0.0,0.9516908212560387,1.5,0.0,120.5
energy_level__top5,offline,cell=pb_gsm8k_q4,193,207,0.37681159420289856,0.18840579710144928,0.43478260869565216,0.1,0.09844559585492228,1.7144894014711285,0.08695652173913043,0.04830917874396135,0.024154589371980676,0.8888888888888888,1.1666666666666667,0.0,82.38888888888889
energy_level__top5,offline,cell=pb_gsm8k_q4,193,207,0.37681159420289856,0.18840579710144928,0.43478260869565216,0.2,0.19170984455958548,1.592680851302146,0.18840579710144928,0.0966183574879227,0.04830917874396135,0.7632850241545893,1.2307692307692308,0.0,79.74358974358974
energy_level__top5,offline,cell=pb_gsm8k_q4,193,207,0.37681159420289856,0.18840579710144928,0.43478260869565216,0.3,0.29015544041450775,1.4894864687530691,0.2463768115942029,0.12560386473429952,0.057971014492753624,0.6956521739130435,1.196078431372549,0.0,75.74509803921569
energy_level__top5,offline,cell=pb_gsm8k_q8,193,207,0.33816425120772947,0.14492753623188406,0.5169082125603864,0.05,0.046632124352331605,1.9396494778086664,0.01932367149758454,0.00966183574879227,0.0,0.9806763285024155,1.75,1.5,64.25
energy_level__top5,offline,cell=pb_gsm8k_q8,193,207,0.33816425120772947,0.14492753623188406,0.5169082125603864,0.1,0.08808290155440414,1.7144894014711285,0.0821256038647343,0.024154589371980676,0.004830917874396135,0.9130434782608695,2.0,1.0,116.41176470588235
energy_level__top5,offline,cell=pb_gsm8k_q8,193,207,0.33816425120772947,0.14492753623188406,0.5169082125603864,0.2,0.19170984455958548,1.592680851302146,0.15942028985507245,0.06763285024154589,0.00966183574879227,0.8309178743961353,1.393939393939394,1.0,86.42424242424242
energy_level__top5,offline,cell=pb_gsm8k_q8,193,207,0.33816425120772947,0.14492753623188406,0.5169082125603864,0.3,0.27979274611398963,1.4894864687530691,0.2028985507246377,0.0821256038647343,0.01932367149758454,0.7777777777777778,1.5,1.0,91.52380952380952
energy_level__top5,offline,cell=pb_math_q4,406,594,0.2845117845117845,0.15993265993265993,0.5555555555555556,0.05,0.029556650246305417,1.9396494778086664,0.05218855218855219,0.010101010101010102,0.015151515151515152,0.9326599326599326,3.5806451612903225,3.0,285.06451612903226
energy_level__top5,offline,cell=pb_math_q4,406,594,0.2845117845117845,0.15993265993265993,0.5555555555555556,0.1,0.0960591133004926,1.7718080421816738,0.11952861952861953,0.037037037037037035,0.018518518518518517,0.8619528619528619,2.8309859154929575,2.0,233.0
energy_level__top5,offline,cell=pb_math_q4,406,594,0.2845117845117845,0.15993265993265993,0.5555555555555556,0.2,0.17980295566502463,1.632771979839178,0.2037037037037037,0.0723905723905724,0.03367003367003367,0.7626262626262627,2.5454545454545454,2.0,217.06611570247935
energy_level__top5,offline,cell=pb_math_q4,406,594,0.2845117845117845,0.15993265993265993,0.5555555555555556,0.3,0.27832512315270935,1.5237961147059402,0.3063973063973064,0.09764309764309764,0.050505050505050504,0.6430976430976431,2.576923076923077,2.0,218.7087912087912
energy_level__top5,offline,cell=pb_math_q8,406,594,0.2138047138047138,0.09932659932659933,0.6868686868686869,0.05,0.03201970443349754,1.9396494778086664,0.06228956228956229,0.010101010101010102,0.006734006734006734,0.930976430976431,3.2432432432432434,3.0,275.64864864864865
energy_level__top5,offline,cell=pb_math_q8,406,594,0.2138047138047138,0.09932659932659933,0.6868686868686869,0.1,0.07881773399014778,1.8418610008099292,0.09427609427609428,0.015151515151515152,0.008417508417508417,0.8973063973063973,3.642857142857143,3.0,304.55357142857144
energy_level__top5,offline,cell=pb_math_q8,406,594,0.2138047138047138,0.09932659932659933,0.6868686868686869,0.2,0.18226600985221675,1.6729300814430692,0.1750841750841751,0.03872053872053872,0.020202020202020204,0.8047138047138047,3.201923076923077,3.0,282.6057692307692
energy_level__top5,offline,cell=pb_math_q8,406,594,0.2138047138047138,0.09932659932659933,0.6868686868686869,0.3,0.29064039408866993,1.5555912376980199,0.265993265993266,0.05723905723905724,0.02356902356902357,0.7104377104377104,3.0443037974683542,2.0,263.6518987341772
energy_level__top5,offline,cell=pb_olympiadbench_q4,339,661,0.27987897125567324,0.22844175491679275,0.491679273827534,0.05,0.032448377581120944,2.095785551249577,0.0529500756429652,0.015128593040847202,0.007564296520423601,0.9394856278366112,3.0285714285714285,2.0,266.1142857142857
energy_level__top5,offline,cell=pb_olympiadbench_q4,339,661,0.27987897125567324,0.22844175491679275,0.491679273827534,0.1,0.07669616519174041,1.9396494778086664,0.08472012102874432,0.025718608169440244,0.02118003025718608,0.8940998487140696,3.25,2.0,274.51785714285717
energy_level__top5,offline,cell=pb_olympiadbench_q4,339,661,0.27987897125567324,0.22844175491679275,0.491679273827534,0.2,0.17404129793510326,1.7718080421816738,0.14674735249621784,0.049924357034795766,0.04084720121028744,0.8124054462934948,3.051546391752577,2.0,283.8659793814433
energy_level__top5,offline,cell=pb_olympiadbench_q4,339,661,0.27987897125567324,0.22844175491679275,0.491679273827534,0.3,0.2713864306784661,1.632771979839178,0.24205748865355523,0.09379727685325265,0.06354009077155824,0.6944024205748865,2.45625,1.0,236.96875
energy_level__top5,offline,cell=pb_olympiadbench_q8,339,661,0.22844175491679275,0.1573373676248109,0.6142208774583964,0.05,0.04424778761061947,2.095785551249577,0.046898638426626324,0.009077155824508321,0.0030257186081694403,0.9500756429652042,5.096774193548387,4.0,375.2258064516129
energy_level__top5,offline,cell=pb_olympiadbench_q8,339,661,0.22844175491679275,0.1573373676248109,0.6142208774583964,0.1,0.04424778761061947,2.095785551249577,0.046898638426626324,0.009077155824508321,0.0030257186081694403,0.9500756429652042,5.096774193548387,4.0,375.2258064516129
energy_level__top5,offline,cell=pb_olympiadbench_q8,339,661,0.22844175491679275,0.1573373676248109,0.6142208774583964,0.2,0.13569321533923304,1.8418610008099292,0.11043872919818457,0.030257186081694403,0.009077155824508321,0.8804841149773072,3.684931506849315,3.0,312.5753424657534
energy_level__top5,offline,cell=pb_olympiadbench_q8,339,661,0.22844175491679275,0.1573373676248109,0.6142208774583964,0.3,0.29793510324483774,1.6729300814430692,0.19969742813918306,0.048411497730711045,0.03177004538577912,0.7685325264750378,3.6666666666666665,3.0,327.4318181818182
energy_level__top5,offline,cell=pb_omnimath_q4,241,759,0.2516469038208169,0.17523056653491437,0.5731225296442688,0.05,0.03734439834024896,2.095785551249577,0.04743083003952569,0.013175230566534914,0.005270092226613966,0.9472990777338604,3.9166666666666665,2.0,351.4166666666667
energy_level__top5,offline,cell=pb_omnimath_q4,241,759,0.2516469038208169,0.17523056653491437,0.5731225296442688,0.1,0.07053941908713693,1.9396494778086664,0.09881422924901186,0.030303030303030304,0.013175230566534914,0.8880105401844532,3.2133333333333334,2.0,290.5466666666667
energy_level__top5,offline,cell=pb_omnimath_q4,241,759,0.2516469038208169,0.17523056653491437,0.5731225296442688,0.2,0.1991701244813278,1.7144894014711285,0.19367588932806323,0.05928853754940711,0.025032938076416336,0.7812911725955204,2.9591836734693877,2.0,273.76190476190476
energy_level__top5,offline,cell=pb_omnimath_q4,241,759,0.2516469038208169,0.17523056653491437,0.5731225296442688,0.3,0.29045643153526973,1.592680851302146,0.29117259552042163,0.09486166007905138,0.043478260869565216,0.6653491436100132,2.4479638009049776,2.0,239.94117647058823
energy_level__top5,offline,cell=pb_omnimath_q8,241,759,0.19235836627140976,0.0922266139657444,0.7154150197628458,0.05,0.04979253112033195,2.095785551249577,0.039525691699604744,0.014492753623188406,0.002635046113306983,0.9578392621870883,4.266666666666667,3.0,407.23333333333335
energy_level__top5,offline,cell=pb_omnimath_q8,241,759,0.19235836627140976,0.0922266139657444,0.7154150197628458,0.1,0.08298755186721991,1.9396494778086664,0.08432147562582346,0.026350461133069828,0.005270092226613966,0.9104084321475626,4.28125,3.0,387.5
energy_level__top5,offline,cell=pb_omnimath_q8,241,759,0.19235836627140976,0.0922266139657444,0.7154150197628458,0.2,0.13692946058091288,1.7718080421816738,0.14756258234519104,0.04084321475625823,0.00922266139657444,0.8432147562582345,3.7589285714285716,2.5,326.5357142857143
energy_level__top5,offline,cell=pb_omnimath_q8,241,759,0.19235836627140976,0.0922266139657444,0.7154150197628458,0.3,0.27385892116182575,1.632771979839178,0.23451910408432147,0.05533596837944664,0.015810276679841896,0.7496706192358367,3.331460674157303,2.0,312.62359550561797
energy_innovation__top5,offline,macro8_all,2358,4442,0.15983791085096805,0.5941017559657812,0.2460603331832508,0.05,0.02544529262086514,2.322537904104109,0.011481314723097704,0.004277352543899144,0.03219270598829356,0.9563259792886087,3.2745098039215685,1.0,241.52941176470588
energy_innovation__top5,offline,macro8_all,2358,4442,0.15983791085096805,0.5941017559657812,0.2460603331832508,0.1,0.08142493638676845,2.044607561933307,0.031967582170193604,0.01125619090499775,0.09477712742008104,0.8732552904097254,2.676056338028169,2.0,212.44366197183098
energy_innovation__top5,offline,macro8_all,2358,4442,0.15983791085096805,0.5941017559657812,0.2460603331832508,0.2,0.17387616624257846,1.8352985672091089,0.06573615488518686,0.024988743809095004,0.17537145429986492,0.7588923908149482,2.393835616438356,1.0,219.51027397260273
energy_innovation__top5,offline,macro8_all,2358,4442,0.15983791085096805,0.5941017559657812,0.2460603331832508,0.3,0.29770992366412213,1.6410223442966163,0.11796488068437641,0.04592525889239082,0.26587122917604683,0.6161638901395767,1.9713740458015268,1.0,187.04770992366412
energy_innovation__top5,offline,steps_2_to_5,950,1312,0.26753048780487804,0.5015243902439024,0.23094512195121952,0.05,0.04421052631578947,1.7760976021607295,0.022865853658536585,0.014481707317073171,0.041158536585365856,0.9359756097560976,0.9,0.0,84.7
energy_innovation__top5,offline,steps_2_to_5,950,1312,0.26753048780487804,0.5015243902439024,0.23094512195121952,0.1,0.0863157894736842,1.6849529609010852,0.04725609756097561,0.028201219512195123,0.07774390243902439,0.875,0.7903225806451613,0.0,85.7741935483871
energy_innovation__top5,offline,steps_2_to_5,950,1312,0.26753048780487804,0.5015243902439024,0.23094512195121952,0.2,0.17578947368421052,1.5704873686761762,0.08536585365853659,0.04954268292682927,0.12652439024390244,0.788109756097561,0.7946428571428571,0.0,89.875
energy_innovation__top5,offline,steps_2_to_5,950,1312,0.26753048780487804,0.5015243902439024,0.23094512195121952,0.3,0.28842105263157897,1.440764132649263,0.1448170731707317,0.08384146341463415,0.18140243902439024,0.6737804878048781,0.7631578947368421,0.0,82.96315789473684
energy_innovation__top5,offline,steps_6_to_10,1124,2308,0.13474870017331023,0.6091854419410745,0.25606585788561526,0.05,0.020462633451957295,2.322537904104109,0.009098786828422877,0.004766031195840554,0.023830155979202773,0.9670710571923743,1.3333333333333333,0.0,114.14285714285714
energy_innovation__top5,offline,steps_6_to_10,1124,2308,0.13474870017331023,0.6091854419410745,0.25606585788561526,0.1,0.06405693950177936,2.150619623368972,0.020363951473136917,0.009532062391681109,0.06195840554592721,0.9176776429809359,1.7659574468085106,1.0,130.63829787234042
energy_innovation__top5,offline,steps_6_to_10,1124,2308,0.13474870017331023,0.6091854419410745,0.25606585788561526,0.2,0.18416370106761565,1.8947515787490434,0.06239168110918544,0.0255632582322357,0.16897746967071056,0.7686308492201039,1.6736111111111112,1.0,149.29861111111111
energy_innovation__top5,offline,steps_6_to_10,1124,2308,0.13474870017331023,0.6091854419410745,0.25606585788561526,0.3,0.2695729537366548,1.7760976021607295,0.0927209705372617,0.036395147313691506,0.22833622183708838,0.67894280762565,1.6682242990654206,1.0,164.84579439252337
energy_innovation__top5,offline,steps_11_plus,284,822,0.058394160583941604,0.6995133819951338,0.24209245742092458,0.2,0.19718309859154928,2.150619623368972,0.052311435523114354,0.01338199513381995,0.18004866180048662,0.767639902676399,4.627906976744186,2.0,347.1162790697674
energy_innovation__top5,offline,steps_11_plus,284,822,0.058394160583941604,0.6995133819951338,0.24209245742092458,0.3,0.23943661971830985,2.044607561933307,0.06690997566909976,0.0170316301703163,0.21654501216545013,0.7165450121654501,4.163636363636364,2.0,311.23636363636365
energy_innovation__top5,offline,cell=pb_gsm8k_q4,193,207,0.18840579710144928,0.4057971014492754,0.4057971014492754,0.05,0.04145077720207254,1.9625141435304008,0.00966183574879227,0.0,0.00966183574879227,0.9806763285024155,2.0,2.0,111.0
energy_innovation__top5,offline,cell=pb_gsm8k_q4,193,207,0.18840579710144928,0.4057971014492754,0.4057971014492754,0.1,0.08808290155440414,1.723223912219592,0.033816425120772944,0.00966183574879227,0.06280193236714976,0.9033816425120773,1.7142857142857142,2.0,92.71428571428571
energy_innovation__top5,offline,cell=pb_gsm8k_q4,193,207,0.18840579710144928,0.4057971014492754,0.4057971014492754,0.2,0.17616580310880828,1.5704873686761762,0.1111111111111111,0.04830917874396135,0.09178743961352658,0.7971014492753623,1.1304347826086956,1.0,71.26086956521739
energy_innovation__top5,offline,cell=pb_gsm8k_q4,193,207,0.18840579710144928,0.4057971014492754,0.4057971014492754,0.3,0.26424870466321243,1.4727171898486795,0.16908212560386474,0.06280193236714976,0.11594202898550725,0.714975845410628,1.2285714285714286,1.0,70.05714285714286
energy_innovation__top5,offline,cell=pb_gsm8k_q8,193,207,0.2560386473429952,0.42028985507246375,0.32367149758454106,0.05,0.046632124352331605,1.8947515787490434,0.028985507246376812,0.00966183574879227,0.05314009661835749,0.9178743961352657,1.8333333333333333,2.0,109.83333333333333
energy_innovation__top5,offline,cell=pb_gsm8k_q8,193,207,0.2560386473429952,0.42028985507246375,0.32367149758454106,0.1,0.09326424870466321,1.723223912219592,0.057971014492753624,0.014492753623188406,0.08695652173913043,0.855072463768116,1.8333333333333333,2.0,111.83333333333333
energy_innovation__top5,offline,cell=pb_gsm8k_q8,193,207,0.2560386473429952,0.42028985507246375,0.32367149758454106,0.2,0.17098445595854922,1.6410223442966163,0.08695652173913043,0.033816425120772944,0.11594202898550725,0.7971014492753623,1.4444444444444444,1.5,81.27777777777777
energy_innovation__top5,offline,cell=pb_gsm8k_q8,193,207,0.2560386473429952,0.42028985507246375,0.32367149758454106,0.3,0.29015544041450775,1.5034209605321789,0.17391304347826086,0.0821256038647343,0.15942028985507245,0.6666666666666666,1.1944444444444444,1.0,64.36111111111111
energy_innovation__top5,offline,cell=pb_math_q4,406,594,0.22895622895622897,0.5151515151515151,0.2558922558922559,0.05,0.034482758620689655,2.044607561933307,0.020202020202020204,0.005050505050505051,0.05723905723905724,0.9225589225589226,1.8333333333333333,1.0,121.91666666666667
energy_innovation__top5,offline,cell=pb_math_q4,406,594,0.22895622895622897,0.5151515151515151,0.2558922558922559,0.1,0.09359605911330049,1.8352985672091089,0.058922558922558925,0.025252525252525252,0.09932659932659933,0.8417508417508418,1.4857142857142858,1.0,117.57142857142857
energy_innovation__top5,offline,cell=pb_math_q4,406,594,0.22895622895622897,0.5151515151515151,0.2558922558922559,0.2,0.1896551724137931,1.6410223442966163,0.10774410774410774,0.04713804713804714,0.15993265993265993,0.7323232323232324,1.484375,1.0,114.90625
energy_innovation__top5,offline,cell=pb_math_q4,406,594,0.22895622895622897,0.5151515151515151,0.2558922558922559,0.3,0.28078817733990147,1.5371576060666958,0.14309764309764308,0.06397306397306397,0.20033670033670034,0.6565656565656566,1.4588235294117646,1.0,120.88235294117646
energy_innovation__top5,offline,cell=pb_math_q8,406,594,0.20707070707070707,0.6161616161616161,0.17676767676767677,0.05,0.019704433497536946,2.322537904104109,0.0016835016835016834,0.0016835016835016834,0.04208754208754209,0.9562289562289562,0.0,0.0,0.0
energy_innovation__top5,offline,cell=pb_math_q8,406,594,0.20707070707070707,0.6161616161616161,0.17676767676767677,0.1,0.0960591133004926,2.044607561933307,0.025252525252525252,0.016835016835016835,0.10606060606060606,0.8686868686868687,1.9333333333333333,0.0,99.2
energy_innovation__top5,offline,cell=pb_math_q8,406,594,0.20707070707070707,0.6161616161616161,0.17676767676767677,0.2,0.19950738916256158,1.8352985672091089,0.06060606060606061,0.03367003367003367,0.19696969696969696,0.7424242424242424,1.7777777777777777,0.0,159.72222222222223
energy_innovation__top5,offline,cell=pb_math_q8,406,594,0.20707070707070707,0.6161616161616161,0.17676767676767677,0.3,0.2733990147783251,1.723223912219592,0.09090909090909091,0.04882154882154882,0.234006734006734,0.6750841750841751,1.6666666666666667,0.0,146.55555555555554
energy_innovation__top5,offline,cell=pb_olympiadbench_q4,339,661,0.12254160363086233,0.632375189107413,0.24508320726172467,0.05,0.038348082595870206,2.150619623368972,0.019667170953101363,0.0045385779122541605,0.036308623298033284,0.9440242057488654,6.0,2.0,335.2307692307692
energy_innovation__top5,offline,cell=pb_olympiadbench_q4,339,661,0.12254160363086233,0.632375189107413,0.24508320726172467,0.1,0.08849557522123894,1.9625141435304008,0.04084720121028744,0.009077155824508321,0.08774583963691376,0.8714069591527988,3.962962962962963,2.0,260.74074074074076
energy_innovation__top5,offline,cell=pb_olympiadbench_q4,339,661,0.12254160363086233,0.632375189107413,0.24508320726172467,0.2,0.19174041297935104,1.7760976021607295,0.06656580937972768,0.01664145234493192,0.16187594553706505,0.7715582450832073,3.2954545454545454,1.5,243.13636363636363
energy_innovation__top5,offline,cell=pb_olympiadbench_q4,339,661,0.12254160363086233,0.632375189107413,0.24508320726172467,0.3,0.2713864306784661,1.6410223442966163,0.09531013615733737,0.02118003025718608,0.21936459909228442,0.6853252647503782,3.0,2.0,233.84126984126985
energy_innovation__top5,offline,cell=pb_olympiadbench_q8,339,661,0.11195158850226929,0.7140695915279879,0.17397881996974282,0.1,0.0855457227138643,2.322537904104109,0.012102874432677761,0.0045385779122541605,0.06656580937972768,0.9213313161875946,1.875,1.0,199.5
energy_innovation__top5,offline,cell=pb_olympiadbench_q8,339,661,0.11195158850226929,0.7140695915279879,0.17397881996974282,0.2,0.16519174041297935,2.044607561933307,0.03328290468986384,0.01059001512859304,0.1664145234493192,0.800302571860817,2.772727272727273,2.0,233.5
energy_innovation__top5,offline,cell=pb_olympiadbench_q8,339,661,0.11195158850226929,0.7140695915279879,0.17397881996974282,0.3,0.26548672566371684,1.8947515787490434,0.046898638426626324,0.015128593040847202,0.24357034795763993,0.7095310136157338,2.6774193548387095,2.0,257.61290322580646
energy_innovation__top5,offline,cell=pb_omnimath_q4,241,759,0.13175230566534915,0.5573122529644269,0.310935441370224,0.05,0.03734439834024896,2.150619623368972,0.025032938076416336,0.006587615283267457,0.04216073781291173,0.932806324110672,3.3684210526315788,2.0,280.5263157894737
energy_innovation__top5,offline,cell=pb_omnimath_q4,241,759,0.13175230566534915,0.5573122529644269,0.310935441370224,0.1,0.07468879668049792,1.9625141435304008,0.06587615283267458,0.019762845849802372,0.09354413702239789,0.8405797101449275,3.28,2.0,320.92
energy_innovation__top5,offline,cell=pb_omnimath_q4,241,759,0.13175230566534915,0.5573122529644269,0.310935441370224,0.2,0.1950207468879668,1.7760976021607295,0.11198945981554677,0.03293807641633729,0.16996047430830039,0.7180500658761528,2.847058823529412,2.0,300.36470588235295
energy_innovation__top5,offline,cell=pb_omnimath_q4,241,759,0.13175230566534915,0.5573122529644269,0.310935441370224,0.3,0.2572614107883817,1.6849529609010852,0.1422924901185771,0.04479578392621871,0.20816864295125165,0.6495388669301713,2.564814814814815,2.0,267.31481481481484
energy_innovation__top5,offline,cell=pb_omnimath_q8,241,759,0.1370223978919631,0.6363636363636364,0.22661396574440051,0.05,0.04979253112033195,2.322537904104109,0.021080368906455864,0.00922266139657444,0.05533596837944664,0.9235836627140975,2.5,2.0,246.75
energy_innovation__top5,offline,cell=pb_omnimath_q8,241,759,0.1370223978919631,0.6363636363636364,0.22661396574440051,0.1,0.04979253112033195,2.322537904104109,0.021080368906455864,0.00922266139657444,0.05533596837944664,0.9235836627140975,2.5,2.0,246.75
energy_innovation__top5,offline,cell=pb_omnimath_q8,241,759,0.1370223978919631,0.6363636363636364,0.22661396574440051,0.2,0.18672199170124482,1.9625141435304008,0.06060606060606061,0.026350461133069828,0.17918313570487485,0.7602108036890646,2.0869565217391304,1.0,207.02173913043478
energy_innovation__top5,offline,cell=pb_omnimath_q8,241,759,0.1370223978919631,0.6363636363636364,0.22661396574440051,0.3,0.23236514522821577,1.8947515787490434,0.07114624505928854,0.028985507246376812,0.230566534914361,0.6982872200263505,2.1296296296296298,1.0,218.24074074074073
top15_turnover__top5,offline,macro8_all,2358,4442,0.1265195857721747,0.8719045475011257,0.0015758667266996848,0.05,0.035199321458863446,0.6030226891555273,0.005402971634398919,0.004727600180099055,0.009004952723998198,0.9855920756416029,0.16666666666666666,0.0,6.416666666666667
top15_turnover__top5,offline,macro8_all,2358,4442,0.1265195857721747,0.8719045475011257,0.0015758667266996848,0.1,0.0810008481764207,0.5000000000000009,0.011931562359297614,0.010805943268797838,0.029040972534894193,0.9590274651058082,0.1320754716981132,0.0,5.69811320754717
top15_turnover__top5,offline,macro8_all,2358,4442,0.1265195857721747,0.8719045475011257,0.0015758667266996848,0.2,0.19635284139100934,0.3325595214920631,0.020486267447095904,0.01936064835659613,0.11413777577667718,0.8653759567762269,0.07692307692307693,0.0,3.318681318681319
top15_turnover__top5,offline,macro8_all,2358,4442,0.1265195857721747,0.8719045475011257,0.0015758667266996848,0.3,0.23282442748091603,0.19611613513818116,0.02341287708239532,0.022287257991895543,0.14858171994597028,0.8280054029716344,0.0673076923076923,0.0,2.9038461538461537
top15_turnover__top5,offline,steps_2_to_5,950,1312,0.23246951219512196,0.7644817073170732,0.003048780487804878,0.05,0.03894736842105263,0.6030226891555273,0.009908536585365854,0.007621951219512195,0.008384146341463415,0.9817073170731707,0.3076923076923077,0.0,11.846153846153847
top15_turnover__top5,offline,steps_2_to_5,950,1312,0.23246951219512196,0.7644817073170732,0.003048780487804878,0.1,0.06947368421052631,0.5773502691896258,0.019817073170731708,0.01753048780487805,0.028201219512195123,0.9519817073170732,0.15384615384615385,0.0,5.923076923076923
top15_turnover__top5,offline,steps_2_to_5,950,1312,0.23246951219512196,0.7644817073170732,0.003048780487804878,0.2,0.18421052631578946,0.19611613513818116,0.039634146341463415,0.036585365853658534,0.08460365853658537,0.8757621951219512,0.09615384615384616,0.0,3.6153846153846154
top15_turnover__top5,offline,steps_2_to_5,950,1312,0.23246951219512196,0.7644817073170732,0.003048780487804878,0.3,0.18421052631578946,0.19611613513818116,0.039634146341463415,0.036585365853658534,0.08460365853658537,0.8757621951219512,0.09615384615384616,0.0,3.6153846153846154
top15_turnover__top5,offline,steps_6_to_10,1124,2308,0.09012131715771231,0.9094454072790294,0.0004332755632582322,0.05,0.046263345195729534,0.5773502691896251,0.006065857885615251,0.005632582322357019,0.016464471403812825,0.9774696707105719,0.14285714285714285,0.0,8.142857142857142
top15_turnover__top5,offline,steps_6_to_10,1124,2308,0.09012131715771231,0.9094454072790294,0.0004332755632582322,0.1,0.09786476868327403,0.44721359549995743,0.00779896013864818,0.007365684575389948,0.038128249566724434,0.9540727902946274,0.1111111111111111,0.0,6.333333333333333
top15_turnover__top5,offline,steps_6_to_10,1124,2308,0.09012131715771231,0.9094454072790294,0.0004332755632582322,0.2,0.19661921708185054,0.37062465833054736,0.010831889081455806,0.010398613518197574,0.09878682842287695,0.8903812824956673,0.08,0.0,4.56
top15_turnover__top5,offline,steps_6_to_10,1124,2308,0.09012131715771231,0.9094454072790294,0.0004332755632582322,0.3,0.2277580071174377,0.19611613513818116,0.013431542461005199,0.012998266897746967,0.14688041594454074,0.8396880415944541,0.06451612903225806,0.0,3.6774193548387095
top15_turnover__top5,offline,steps_11_plus,284,822,0.05961070559610705,0.9379562043795621,0.0024330900243309003,0.05,0.04929577464788732,0.44721359549995965,0.0036496350364963502,0.0036496350364963502,0.03527980535279805,0.9610705596107056,0.0,0.0,0.0
top15_turnover__top5,offline,steps_11_plus,284,822,0.05961070559610705,0.9379562043795621,0.0024330900243309003,0.1,0.09859154929577464,0.37796447300922725,0.0072992700729927005,0.0072992700729927005,0.0535279805352798,0.9391727493917275,0.0,0.0,0.0
top15_turnover__top5,offline,steps_11_plus,284,822,0.05961070559610705,0.9379562043795621,0.0024330900243309003,0.2,0.19718309859154928,0.3015113445777649,0.01338199513381995,0.01338199513381995,0.11800486618004866,0.8686131386861314,0.0,0.0,0.0
top15_turnover__top5,offline,steps_11_plus,284,822,0.05961070559610705,0.9379562043795621,0.0024330900243309003,0.3,0.2992957746478873,0.2773500981126151,0.02068126520681265,0.02068126520681265,0.17274939172749393,0.8065693430656934,0.0,0.0,0.0
top15_turnover__top5,offline,cell=pb_gsm8k_q4,193,207,0.18840579710144928,0.8115942028985508,0.0,0.05,0.046632124352331605,0.5773502691896258,0.01932367149758454,0.01932367149758454,0.05314009661835749,0.927536231884058,0.0,0.0,0.0
top15_turnover__top5,offline,cell=pb_gsm8k_q4,193,207,0.18840579710144928,0.8115942028985508,0.0,0.1,0.06735751295336788,0.5000000000000009,0.028985507246376812,0.028985507246376812,0.07246376811594203,0.8985507246376812,0.0,0.0,0.0
top15_turnover__top5,offline,cell=pb_gsm8k_q4,193,207,0.18840579710144928,0.8115942028985508,0.0,0.2,0.19689119170984457,0.4146981098256841,0.043478260869565216,0.043478260869565216,0.12077294685990338,0.8357487922705314,0.0,0.0,0.0
top15_turnover__top5,offline,cell=pb_gsm8k_q4,193,207,0.18840579710144928,0.8115942028985508,0.0,0.3,0.23834196891191708,0.19611613513818116,0.04830917874396135,0.04830917874396135,0.18357487922705315,0.7681159420289855,0.0,0.0,0.0
top15_turnover__top5,offline,cell=pb_gsm8k_q8,193,207,0.19806763285024154,0.7874396135265701,0.014492753623188406,0.1,0.08290155440414508,0.6030226891555273,0.03864734299516908,0.028985507246376812,0.043478260869565216,0.9178743961352657,0.25,0.0,9.75
top15_turnover__top5,offline,cell=pb_gsm8k_q8,193,207,0.19806763285024154,0.7874396135265701,0.014492753623188406,0.2,0.18652849740932642,0.5345224838248466,0.06763285024154589,0.057971014492753624,0.0966183574879227,0.8357487922705314,0.14285714285714285,0.0,5.571428571428571
top15_turnover__top5,offline,cell=pb_gsm8k_q8,193,207,0.19806763285024154,0.7874396135265701,0.014492753623188406,0.3,0.27461139896373055,0.44721359549995965,0.09178743961352658,0.07729468599033816,0.178743961352657,0.7294685990338164,0.15789473684210525,0.0,5.894736842105263
top15_turnover__top5,offline,cell=pb_math_q4,406,594,0.19528619528619529,0.8047138047138047,0.0,0.05,0.04926108374384237,0.6030226891555273,0.003367003367003367,0.003367003367003367,0.006734006734006734,0.98989898989899,0.0,0.0,0.0
top15_turnover__top5,offline,cell=pb_math_q4,406,594,0.19528619528619529,0.8047138047138047,0.0,0.1,0.09359605911330049,0.5773502691896251,0.011784511784511785,0.011784511784511785,0.025252525252525252,0.9629629629629629,0.0,0.0,0.0
top15_turnover__top5,offline,cell=pb_math_q4,406,594,0.19528619528619529,0.8047138047138047,0.0,0.2,0.1896551724137931,0.19611613513818116,0.026936026936026935,0.026936026936026935,0.12794612794612795,0.8451178451178452,0.0,0.0,0.0
top15_turnover__top5,offline,cell=pb_math_q4,406,594,0.19528619528619529,0.8047138047138047,0.0,0.3,0.1896551724137931,0.19611613513818116,0.026936026936026935,0.026936026936026935,0.12794612794612795,0.8451178451178452,0.0,0.0,0.0
top15_turnover__top5,offline,cell=pb_math_q8,406,594,0.19865319865319866,0.797979797979798,0.003367003367003367,0.1,0.07881773399014778,0.5773502691896258,0.015151515151515152,0.011784511784511785,0.025252525252525252,0.9595959595959596,0.4444444444444444,0.0,21.11111111111111
top15_turnover__top5,offline,cell=pb_math_q8,406,594,0.19865319865319866,0.797979797979798,0.003367003367003367,0.2,0.19950738916256158,0.3779644730092276,0.02861952861952862,0.025252525252525252,0.1026936026936027,0.8686868686868687,0.23529411764705882,0.0,11.176470588235293
top15_turnover__top5,offline,cell=pb_math_q8,406,594,0.19865319865319866,0.797979797979798,0.003367003367003367,0.3,0.2413793103448276,0.19611613513818116,0.03535353535353535,0.03198653198653199,0.15824915824915825,0.8063973063973064,0.19047619047619047,0.0,9.047619047619047
top15_turnover__top5,offline,cell=pb_olympiadbench_q4,339,661,0.07261724659606657,0.9273827534039334,0.0,0.05,0.04129793510324484,0.44721359549995743,0.0045385779122541605,0.0045385779122541605,0.037821482602118005,0.9576399394856279,0.0,0.0,0.0
top15_turnover__top5,offline,cell=pb_olympiadbench_q4,339,661,0.07261724659606657,0.9273827534039334,0.0,0.1,0.09144542772861357,0.37062465833054736,0.006051437216338881,0.006051437216338881,0.0680786686838124,0.9258698940998488,0.0,0.0,0.0
top15_turnover__top5,offline,cell=pb_olympiadbench_q4,339,661,0.07261724659606657,0.9273827534039334,0.0,0.2,0.19469026548672566,0.24253562503633314,0.012102874432677761,0.012102874432677761,0.12556732223903178,0.8623298033282905,0.0,0.0,0.0
top15_turnover__top5,offline,cell=pb_olympiadbench_q4,339,661,0.07261724659606657,0.9273827534039334,0.0,0.3,0.20943952802359883,0.19611613513818116,0.01361573373676248,0.01361573373676248,0.13161875945537066,0.8547655068078669,0.0,0.0,0.0
top15_turnover__top5,offline,cell=pb_olympiadbench_q8,339,661,0.07564296520423601,0.924357034795764,0.0,0.05,0.038348082595870206,0.5000000000000009,0.0030257186081694403,0.0030257186081694403,0.024205748865355523,0.972768532526475,0.0,0.0,0.0
top15_turnover__top5,offline,cell=pb_olympiadbench_q8,339,661,0.07564296520423601,0.924357034795764,0.0,0.1,0.08849557522123894,0.44721359549995743,0.006051437216338881,0.006051437216338881,0.05446293494704992,0.9394856278366112,0.0,0.0,0.0
top15_turnover__top5,offline,cell=pb_olympiadbench_q8,339,661,0.07564296520423601,0.924357034795764,0.0,0.2,0.19469026548672566,0.3325595214920631,0.012102874432677761,0.012102874432677761,0.11043872919818457,0.8774583963691377,0.0,0.0,0.0
top15_turnover__top5,offline,cell=pb_olympiadbench_q8,339,661,0.07564296520423601,0.924357034795764,0.0,0.3,0.2861356932153392,0.19611613513818116,0.01664145234493192,0.01664145234493192,0.1649016641452345,0.8184568835098336,0.0,0.0,0.0
top15_turnover__top5,offline,cell=pb_omnimath_q4,241,759,0.09749670619235837,0.9011857707509882,0.0013175230566534915,0.05,0.04564315352697095,0.5000000000000009,0.003952569169960474,0.003952569169960474,0.010540184453227932,0.9855072463768116,0.0,0.0,0.0
top15_turnover__top5,offline,cell=pb_omnimath_q4,241,759,0.09749670619235837,0.9011857707509882,0.0013175230566534915,0.1,0.08713692946058091,0.39223227027637386,0.005270092226613966,0.005270092226613966,0.03557312252964427,0.9591567852437418,0.0,0.0,0.0
top15_turnover__top5,offline,cell=pb_omnimath_q4,241,759,0.09749670619235837,0.9011857707509882,0.0013175230566534915,0.2,0.15767634854771784,0.19611613513818116,0.00922266139657444,0.00922266139657444,0.11857707509881422,0.8722002635046113,0.0,0.0,0.0
top15_turnover__top5,offline,cell=pb_omnimath_q4,241,759,0.09749670619235837,0.9011857707509882,0.0013175230566534915,0.3,0.15767634854771784,0.19611613513818116,0.00922266139657444,0.00922266139657444,0.11857707509881422,0.8722002635046113,0.0,0.0,0.0
top15_turnover__top5,offline,cell=pb_omnimath_q8,241,759,0.10013175230566534,0.8985507246376812,0.0013175230566534915,0.05,0.04149377593360996,0.6030226891555273,0.003952569169960474,0.003952569169960474,0.002635046113306983,0.9934123847167325,0.0,0.0,0.0
top15_turnover__top5,offline,cell=pb_omnimath_q8,241,759,0.10013175230566534,0.8985507246376812,0.0013175230566534915,0.1,0.0995850622406639,0.4649905549752769,0.00922266139657444,0.00922266139657444,0.019762845849802372,0.9710144927536232,0.0,0.0,0.0
top15_turnover__top5,offline,cell=pb_omnimath_q8,241,759,0.10013175230566534,0.8985507246376812,0.0013175230566534915,0.2,0.1991701244813278,0.25819888974715777,0.011857707509881422,0.011857707509881422,0.13175230566534915,0.8563899868247694,0.0,0.0,0.0
top15_turnover__top5,offline,cell=pb_omnimath_q8,241,759,0.10013175230566534,0.8985507246376812,0.0013175230566534915,0.3,0.2033195020746888,0.19611613513818116,0.013175230566534914,0.013175230566534914,0.14361001317523056,0.8432147562582345,0.0,0.0,0.0
top50_js__top5,offline,macro8_all,2358,4442,0.12877082395317424,0.8541197658712292,0.017109410175596577,0.05,0.03986429177268872,0.7500000000000017,0.019135524538496172,0.012832057631697433,0.015533543448896894,0.9653309320126069,0.5411764705882353,0.0,32.68235294117647
top50_js__top5,offline,macro8_all,2358,4442,0.12877082395317424,0.8541197658712292,0.017109410175596577,0.1,0.09541984732824428,0.57735026918965,0.03309320126069338,0.02341287708239532,0.0565060783430887,0.9104007203962179,0.4489795918367347,0.0,25.6734693877551
top50_js__top5,offline,macro8_all,2358,4442,0.12877082395317424,0.8541197658712292,0.017109410175596577,0.2,0.19974554707379136,0.5,0.05132823052678973,0.04164790634849167,0.12922107158937415,0.8194506978838361,0.2719298245614035,0.0,15.846491228070175
top50_js__top5,offline,macro8_all,2358,4442,0.12877082395317424,0.8541197658712292,0.017109410175596577,0.3,0.2972858354537744,0.40824829046386607,0.06731202161188654,0.05763169743358847,0.24065736154885187,0.6920306168392616,0.19063545150501673,0.0,11.68227424749164
top50_js__top5,offline,steps_2_to_5,950,1312,0.2263719512195122,0.7416158536585366,0.03201219512195122,0.1,0.08315789473684211,0.7500000000000017,0.051067073170731704,0.03429878048780488,0.03048780487804878,0.9184451219512195,0.5373134328358209,0.0,33.71641791044776
top50_js__top5,offline,steps_2_to_5,950,1312,0.2263719512195122,0.7416158536585366,0.03201219512195122,0.2,0.19789473684210526,0.5773502691896258,0.09832317073170732,0.07393292682926829,0.1211890243902439,0.7804878048780488,0.3875968992248062,0.0,22.100775193798448
top50_js__top5,offline,steps_2_to_5,950,1312,0.2263719512195122,0.7416158536585366,0.03201219512195122,0.3,0.2863157894736842,0.5000000000001905,0.12042682926829268,0.0975609756097561,0.19207317073170732,0.6875,0.2911392405063291,0.0,16.670886075949365
top50_js__top5,offline,steps_6_to_10,1124,2308,0.09618717504332755,0.8912478336221837,0.012564991334488735,0.05,0.04448398576512456,0.6307059974731433,0.012131715771230503,0.00779896013864818,0.03466204506065858,0.9532062391681109,0.5357142857142857,0.0,32.642857142857146
top50_js__top5,offline,steps_6_to_10,1124,2308,0.09618717504332755,0.8912478336221837,0.012564991334488735,0.1,0.09608540925266904,0.5162545445482151,0.019064124783362217,0.013431542461005199,0.08145580589254767,0.8994800693240901,0.36363636363636365,0.0,20.0
top50_js__top5,offline,steps_6_to_10,1124,2308,0.09618717504332755,0.8912478336221837,0.012564991334488735,0.2,0.19217081850533807,0.447213595499958,0.03162911611785095,0.0255632582322357,0.1637781629116118,0.8045927209705372,0.2191780821917808,0.0,13.657534246575343
top50_js__top5,offline,steps_6_to_10,1124,2308,0.09618717504332755,0.8912478336221837,0.012564991334488735,0.3,0.2900355871886121,0.40824829046386224,0.04462738301559792,0.03856152512998267,0.27772963604852685,0.6776429809358753,0.1553398058252427,0.0,9.74757281553398
top50_js__top5,offline,steps_11_plus,284,822,0.06447688564476886,0.9294403892944039,0.006082725060827251,0.05,0.04225352112676056,0.3933560546386057,0.01338199513381995,0.010948905109489052,0.12165450121654502,0.864963503649635,0.18181818181818182,0.0,20.818181818181817
top50_js__top5,offline,steps_11_plus,284,822,0.06447688564476886,0.9294403892944039,0.006082725060827251,0.1,0.09154929577464789,0.3535533905932611,0.0170316301703163,0.015815085158150853,0.18491484184914841,0.7980535279805353,0.07142857142857142,0.0,6.928571428571429
top50_js__top5,offline,steps_11_plus,284,822,0.06447688564476886,0.9294403892944039,0.006082725060827251,0.2,0.19718309859154928,0.3162277660168272,0.0267639902676399,0.024330900243309004,0.30656934306569344,0.6666666666666666,0.09090909090909091,0.0,6.136363636363637
top50_js__top5,offline,steps_11_plus,284,822,0.06447688564476886,0.9294403892944039,0.006082725060827251,0.3,0.29577464788732394,0.29093158468979524,0.038929440389294405,0.037712895377128956,0.44282238442822386,0.5182481751824818,0.03125,0.0,3.03125
top50_js__top5,offline,cell=pb_gsm8k_q4,193,207,0.18840579710144928,0.7632850241545893,0.04830917874396135,0.05,0.025906735751295335,0.824584880020673,0.033816425120772944,0.024154589371980676,0.028985507246376812,0.9371980676328503,0.42857142857142855,0.0,38.285714285714285
top50_js__top5,offline,cell=pb_gsm8k_q4,193,207,0.18840579710144928,0.7632850241545893,0.04830917874396135,0.1,0.09844559585492228,0.57735026918965,0.0966183574879227,0.06280193236714976,0.13043478260869565,0.7729468599033816,0.6,0.0,34.15
top50_js__top5,offline,cell=pb_gsm8k_q4,193,207,0.18840579710144928,0.7632850241545893,0.04830917874396135,0.2,0.19170984455958548,0.5523916691733123,0.14009661835748793,0.10144927536231885,0.18840579710144928,0.6714975845410628,0.41379310344827586,0.0,24.96551724137931
top50_js__top5,offline,cell=pb_gsm8k_q4,193,207,0.18840579710144928,0.7632850241545893,0.04830917874396135,0.3,0.29533678756476683,0.4712681781935918,0.15942028985507245,0.12077294685990338,0.2898550724637681,0.5507246376811594,0.36363636363636365,0.0,21.939393939393938
top50_js__top5,offline,cell=pb_gsm8k_q8,193,207,0.22705314009661837,0.6763285024154589,0.0966183574879227,0.1,0.07772020725388601,0.824584880020673,0.0821256038647343,0.057971014492753624,0.06763285024154589,0.8502415458937198,0.47058823529411764,0.0,32.1764705882353
top50_js__top5,offline,cell=pb_gsm8k_q8,193,207,0.22705314009661837,0.6763285024154589,0.0966183574879227,0.2,0.18134715025906736,0.7071067811865468,0.14492753623188406,0.09178743961352658,0.14009661835748793,0.714975845410628,0.6666666666666666,0.0,38.266666666666666
top50_js__top5,offline,cell=pb_gsm8k_q8,193,207,0.22705314009661837,0.6763285024154589,0.0966183574879227,0.3,0.26424870466321243,0.6307059974731433,0.16908212560386474,0.10628019323671498,0.1932367149758454,0.6376811594202898,0.6857142857142857,0.0,38.77142857142857
top50_js__top5,offline,cell=pb_math_q4,406,594,0.18013468013468015,0.7929292929292929,0.026936026936026935,0.05,0.04433497536945813,0.7500000000000017,0.03198653198653199,0.020202020202020204,0.011784511784511785,0.9562289562289562,0.7368421052631579,0.0,36.89473684210526
top50_js__top5,offline,cell=pb_math_q4,406,594,0.18013468013468015,0.7929292929292929,0.026936026936026935,0.1,0.09359605911330049,0.5773502691896258,0.06060606060606061,0.045454545454545456,0.06734006734006734,0.8720538720538721,0.4166666666666667,0.0,21.61111111111111
top50_js__top5,offline,cell=pb_math_q4,406,594,0.18013468013468015,0.7929292929292929,0.026936026936026935,0.2,0.19704433497536947,0.44721359550112255,0.08754208754208755,0.07407407407407407,0.1632996632996633,0.7491582491582491,0.21153846153846154,0.0,10.846153846153847
top50_js__top5,offline,cell=pb_math_q4,406,594,0.18013468013468015,0.7929292929292929,0.026936026936026935,0.3,0.29802955665024633,0.31622776601683794,0.1127946127946128,0.09764309764309764,0.3451178451178451,0.5420875420875421,0.1791044776119403,0.0,9.447761194029852
top50_js__top5,offline,cell=pb_math_q8,406,594,0.1835016835016835,0.7878787878787878,0.02861952861952862,0.05,0.03201970443349754,0.824584880020673,0.025252525252525252,0.018518518518518517,0.008417508417508417,0.9663299663299664,0.4,0.0,24.066666666666666
top50_js__top5,offline,cell=pb_math_q8,406,594,0.1835016835016835,0.7878787878787878,0.02861952861952862,0.1,0.0960591133004926,0.7071067811865468,0.05723905723905724,0.04377104377104377,0.03198653198653199,0.9107744107744108,0.35294117647058826,0.0,16.705882352941178
top50_js__top5,offline,cell=pb_math_q8,406,594,0.1835016835016835,0.7878787878787878,0.02861952861952862,0.2,0.1896551724137931,0.5773502691896255,0.07912457912457913,0.06397306397306397,0.10606060606060606,0.8148148148148148,0.2553191489361702,0.0,12.595744680851064
top50_js__top5,offline,cell=pb_math_q8,406,594,0.1835016835016835,0.7878787878787878,0.02861952861952862,0.3,0.29802955665024633,0.5,0.09595959595959595,0.07912457912457913,0.18686868686868688,0.7171717171717171,0.22807017543859648,0.0,12.052631578947368
top50_js__top5,offline,cell=pb_olympiadbench_q4,339,661,0.08169440242057488,0.9122541603630863,0.006051437216338881,0.05,0.04129793510324484,0.5345224838248248,0.012102874432677761,0.01059001512859304,0.048411497730711045,0.9394856278366112,0.25,0.0,10.5
top50_js__top5,offline,cell=pb_olympiadbench_q4,339,661,0.08169440242057488,0.9122541603630863,0.006051437216338881,0.1,0.09734513274336283,0.447213595499958,0.02118003025718608,0.018154311649016642,0.1437216338880484,0.8350983358547656,0.21428571428571427,0.0,12.5
top50_js__top5,offline,cell=pb_olympiadbench_q4,339,661,0.08169440242057488,0.9122541603630863,0.006051437216338881,0.2,0.1976401179941003,0.37796447300922714,0.03328290468986384,0.030257186081694403,0.25718608169440244,0.7095310136157338,0.13636363636363635,0.0,7.954545454545454
top50_js__top5,offline,cell=pb_olympiadbench_q4,339,661,0.08169440242057488,0.9122541603630863,0.006051437216338881,0.3,0.29793510324483774,0.30151134457776363,0.04084720121028744,0.036308623298033284,0.40242057488653554,0.556732223903177,0.14814814814814814,0.0,7.888888888888889
top50_js__top5,offline,cell=pb_olympiadbench_q8,339,661,0.08018154311649017,0.9167927382753404,0.0030257186081694403,0.05,0.038348082595870206,0.5773502691896258,0.007564296520423601,0.006051437216338881,0.039334341906202726,0.9531013615733737,0.2,0.0,16.6
top50_js__top5,offline,cell=pb_olympiadbench_q8,339,661,0.08018154311649017,0.9167927382753404,0.0030257186081694403,0.1,0.09144542772861357,0.5000000000001905,0.009077155824508321,0.007564296520423601,0.0907715582450832,0.9001512859304085,0.16666666666666666,0.0,13.833333333333334
top50_js__top5,offline,cell=pb_olympiadbench_q8,339,661,0.08018154311649017,0.9167927382753404,0.0030257186081694403,0.2,0.19469026548672566,0.43790815511731684,0.025718608169440244,0.024205748865355523,0.19818456883509833,0.7760968229954615,0.058823529411764705,0.0,4.882352941176471
top50_js__top5,offline,cell=pb_olympiadbench_q8,339,661,0.08018154311649017,0.9167927382753404,0.0030257186081694403,0.3,0.29793510324483774,0.36547655780588184,0.03177004538577912,0.030257186081694403,0.33434190620272314,0.6338880484114977,0.047619047619047616,0.0,3.9523809523809526
top50_js__top5,offline,cell=pb_omnimath_q4,241,759,0.10935441370223979,0.8880105401844532,0.002635046113306983,0.05,0.03734439834024896,0.57735026918965,0.003952569169960474,0.003952569169960474,0.028985507246376812,0.9670619235836627,0.0,0.0,0.0
top50_js__top5,offline,cell=pb_omnimath_q4,241,759,0.10935441370223979,0.8880105401844532,0.002635046113306983,0.1,0.0912863070539419,0.5000000000000003,0.014492753623188406,0.013175230566534914,0.06982872200263504,0.9156785243741765,0.09090909090909091,0.0,12.0
top50_js__top5,offline,cell=pb_omnimath_q4,241,759,0.10935441370223979,0.8880105401844532,0.002635046113306983,0.2,0.1991701244813278,0.4082482904637937,0.03557312252964427,0.03293807641633729,0.1831357048748353,0.7812911725955204,0.07407407407407407,0.0,8.296296296296296
top50_js__top5,offline,cell=pb_omnimath_q4,241,759,0.10935441370223979,0.8880105401844532,0.002635046113306983,0.3,0.2987551867219917,0.3162277660168464,0.048748353096179184,0.04743083003952569,0.3544137022397892,0.5968379446640316,0.02702702702702703,0.0,2.4864864864864864
top50_js__top5,offline,cell=pb_omnimath_q8,241,759,0.10540184453227931,0.8880105401844532,0.006587615283267457,0.05,0.029045643153526972,0.824584880020673,0.002635046113306983,0.0,0.005270092226613966,0.9920948616600791,1.5,1.5,212.5
top50_js__top5,offline,cell=pb_omnimath_q8,241,759,0.10540184453227931,0.8880105401844532,0.006587615283267457,0.1,0.0995850622406639,0.57735026918965,0.007905138339920948,0.003952569169960474,0.052700922266139656,0.9393939393939394,0.5,0.5,61.333333333333336
top50_js__top5,offline,cell=pb_omnimath_q8,241,759,0.10540184453227931,0.8880105401844532,0.006587615283267457,0.2,0.1991701244813278,0.4999999999998567,0.019762845849802372,0.015810276679841896,0.1067193675889328,0.8735177865612648,0.2,0.0,24.533333333333335
top50_js__top5,offline,cell=pb_omnimath_q8,241,759,0.10540184453227931,0.8880105401844532,0.006587615283267457,0.3,0.2987551867219917,0.4082482904638631,0.039525691699604744,0.03689064558629776,0.20553359683794467,0.7549407114624506,0.06666666666666667,0.0,7.833333333333333
dominant_freq16__top5,offline,macro8_all,2358,4442,0.1380009004952724,0.8529941467807294,0.009004952723998198,0.05,0.04664970313825276,0.7753620709361089,0.00990544799639802,0.006528590724898694,0.011031067086897793,0.9790634849167041,0.6363636363636364,0.0,28.568181818181817
dominant_freq16__top5,offline,macro8_all,2358,4442,0.1380009004952724,0.8529941467807294,0.009004952723998198,0.1,0.09414758269720101,0.6804510993672779,0.017109410175596577,0.012832057631697433,0.024763619990995047,0.9581269698334084,0.42105263157894735,0.0,18.157894736842106
dominant_freq16__top5,offline,macro8_all,2358,4442,0.1380009004952724,0.8529941467807294,0.009004952723998198,0.2,0.1946564885496183,0.5773502691896255,0.029491220171094103,0.02408824853669518,0.06641152633948672,0.9040972534894192,0.26717557251908397,0.0,12.419847328244275
dominant_freq16__top5,offline,macro8_all,2358,4442,0.1380009004952724,0.8529941467807294,0.009004952723998198,0.3,0.29346904156064463,0.4567734398020993,0.04187303016659163,0.035119315623592974,0.13777577667717245,0.820351193156236,0.22043010752688172,0.0,10.908602150537634
dominant_freq16__top5,offline,steps_2_to_5,950,1312,0.23780487804878048,0.7416158536585366,0.020579268292682928,0.1,0.09263157894736843,0.720119037778775,0.03353658536585366,0.022865853658536585,0.026676829268292682,0.9397865853658537,0.5227272727272727,0.0,25.25
dominant_freq16__top5,offline,steps_2_to_5,950,1312,0.23780487804878048,0.7416158536585366,0.020579268292682928,0.2,0.15157894736842106,0.5773502691896261,0.051829268292682924,0.038109756097560975,0.04801829268292683,0.9001524390243902,0.39705882352941174,0.0,18.102941176470587
dominant_freq16__top5,offline,steps_2_to_5,950,1312,0.23780487804878048,0.7416158536585366,0.020579268292682928,0.3,0.2863157894736842,0.5052198884797946,0.08155487804878049,0.06554878048780488,0.10594512195121951,0.8125,0.2803738317757009,0.0,13.626168224299066
dominant_freq16__top5,offline,steps_6_to_10,1124,2308,0.10701906412478336,0.8886481802426344,0.004332755632582322,0.05,0.042704626334519574,0.720119037778775,0.004332755632582322,0.0030329289428076256,0.011265164644714038,0.9844020797227037,0.7,0.0,21.1
dominant_freq16__top5,offline,steps_6_to_10,1124,2308,0.10701906412478336,0.8886481802426344,0.004332755632582322,0.1,0.0809608540925267,0.6804510993672779,0.006065857885615251,0.004766031195840554,0.02296360485268631,0.9709705372616985,0.5,0.0,15.071428571428571
dominant_freq16__top5,offline,steps_6_to_10,1124,2308,0.10701906412478336,0.8886481802426344,0.004332755632582322,0.2,0.19839857651245552,0.5000000000000002,0.013431542461005199,0.012131715771230503,0.08752166377816291,0.8990467937608319,0.16129032258064516,0.0,5.451612903225806
dominant_freq16__top5,offline,steps_6_to_10,1124,2308,0.10701906412478336,0.8886481802426344,0.004332755632582322,0.3,0.28380782918149466,0.4472135954999579,0.026863084922010397,0.0255632582322357,0.13214904679376083,0.8409878682842288,0.08064516129032258,0.0,2.725806451612903
dominant_freq16__top5,offline,steps_11_plus,284,822,0.06569343065693431,0.9306569343065694,0.0036496350364963502,0.05,0.04225352112676056,0.6145352970211851,0.0024330900243309003,0.0024330900243309003,0.02068126520681265,0.9768856447688564,0.0,0.0,0.0
dominant_freq16__top5,offline,steps_11_plus,284,822,0.06569343065693431,0.9306569343065694,0.0036496350364963502,0.1,0.09859154929577464,0.5352067869990855,0.00851581508515815,0.00851581508515815,0.06326034063260341,0.9282238442822385,0.0,0.0,0.0
dominant_freq16__top5,offline,steps_11_plus,284,822,0.06569343065693431,0.9306569343065694,0.0036496350364963502,0.2,0.19718309859154928,0.44721359549995804,0.014598540145985401,0.014598540145985401,0.1192214111922141,0.8661800486618005,0.0,0.0,0.0
dominant_freq16__top5,offline,steps_11_plus,284,822,0.06569343065693431,0.9306569343065694,0.0036496350364963502,0.3,0.2992957746478873,0.4008918628686367,0.019464720194647202,0.01824817518248175,0.20194647201946472,0.7785888077858881,0.0625,0.0,3.375
dominant_freq16__top5,offline,cell=pb_gsm8k_q4,193,207,0.2560386473429952,0.7246376811594203,0.01932367149758454,0.1,0.07772020725388601,0.8660254037844389,0.024154589371980676,0.014492753623188406,0.00966183574879227,0.966183574879227,1.0,0.0,29.6
dominant_freq16__top5,offline,cell=pb_gsm8k_q4,193,207,0.2560386473429952,0.7246376811594203,0.01932367149758454,0.2,0.16580310880829016,0.7071067811865474,0.06280193236714976,0.05314009661835749,0.057971014492753624,0.8792270531400966,0.38461538461538464,0.0,11.384615384615385
dominant_freq16__top5,offline,cell=pb_gsm8k_q4,193,207,0.2560386473429952,0.7246376811594203,0.01932367149758454,0.3,0.29533678756476683,0.6145352970211851,0.08695652173913043,0.07246376811594203,0.08695652173913043,0.8260869565217391,0.3333333333333333,0.0,9.666666666666666
dominant_freq16__top5,offline,cell=pb_gsm8k_q8,193,207,0.25120772946859904,0.7198067632850241,0.028985507246376812,0.1,0.09326424870466321,0.8660254037844389,0.024154589371980676,0.014492753623188406,0.014492753623188406,0.961352657004831,1.2,0.0,30.4
dominant_freq16__top5,offline,cell=pb_gsm8k_q8,193,207,0.25120772946859904,0.7198067632850241,0.028985507246376812,0.2,0.16062176165803108,0.720119037778775,0.04830917874396135,0.033816425120772944,0.057971014492753624,0.893719806763285,0.6,0.0,19.0
dominant_freq16__top5,offline,cell=pb_gsm8k_q8,193,207,0.25120772946859904,0.7198067632850241,0.028985507246376812,0.3,0.27979274611398963,0.5773502691896261,0.07729468599033816,0.057971014492753624,0.13526570048309178,0.7874396135265701,0.4375,0.0,14.1875
dominant_freq16__top5,offline,cell=pb_math_q4,406,594,0.1919191919191919,0.7895622895622896,0.018518518518518517,0.05,0.03940886699507389,0.8660254037844389,0.015151515151515152,0.008417508417508417,0.006734006734006734,0.9781144781144782,0.6666666666666666,0.0,24.77777777777778
dominant_freq16__top5,offline,cell=pb_math_q4,406,594,0.1919191919191919,0.7895622895622896,0.018518518518518517,0.1,0.09852216748768473,0.7071067811865474,0.026936026936026935,0.016835016835016835,0.02861952861952862,0.9444444444444444,0.5625,0.0,30.125
dominant_freq16__top5,offline,cell=pb_math_q4,406,594,0.1919191919191919,0.7895622895622896,0.018518518518518517,0.2,0.19704433497536947,0.5773502691896258,0.03198653198653199,0.021885521885521887,0.08585858585858586,0.8821548821548821,0.47368421052631576,0.0,25.36842105263158
dominant_freq16__top5,offline,cell=pb_math_q4,406,594,0.1919191919191919,0.7895622895622896,0.018518518518518517,0.3,0.29802955665024633,0.4567734398020993,0.050505050505050504,0.03872053872053872,0.15151515151515152,0.797979797979798,0.3333333333333333,0.0,17.133333333333333
dominant_freq16__top5,offline,cell=pb_math_q8,406,594,0.2037037037037037,0.7777777777777778,0.018518518518518517,0.05,0.04433497536945813,0.7753620709361089,0.015151515151515152,0.006734006734006734,0.015151515151515152,0.9696969696969697,1.0,1.0,52.22222222222222
dominant_freq16__top5,offline,cell=pb_math_q8,406,594,0.2037037037037037,0.7777777777777778,0.018518518518518517,0.1,0.0960591133004926,0.6804510993672779,0.02861952861952862,0.015151515151515152,0.026936026936026935,0.9444444444444444,0.7058823529411765,0.0,32.94117647058823
dominant_freq16__top5,offline,cell=pb_math_q8,406,594,0.2037037037037037,0.7777777777777778,0.018518518518518517,0.2,0.18719211822660098,0.5773502691896255,0.05218855218855219,0.03535353535353535,0.07407407407407407,0.8737373737373737,0.45161290322580644,0.0,21.096774193548388
dominant_freq16__top5,offline,cell=pb_math_q8,406,594,0.2037037037037037,0.7777777777777778,0.018518518518518517,0.3,0.2955665024630542,0.4567734398020993,0.07407407407407407,0.05723905723905724,0.15656565656565657,0.7693602693602694,0.3181818181818182,0.0,14.863636363636363
dominant_freq16__top5,offline,cell=pb_olympiadbench_q4,339,661,0.0907715582450832,0.9062027231467473,0.0030257186081694403,0.05,0.04424778761061947,0.6804510993672779,0.007564296520423601,0.007564296520423601,0.018154311649016642,0.9742813918305597,0.0,0.0,0.0
dominant_freq16__top5,offline,cell=pb_olympiadbench_q4,339,661,0.0907715582450832,0.9062027231467473,0.0030257186081694403,0.1,0.0943952802359882,0.5773502691896255,0.009077155824508321,0.009077155824508321,0.0529500756429652,0.9379727685325264,0.0,0.0,0.0
dominant_freq16__top5,offline,cell=pb_olympiadbench_q4,339,661,0.0907715582450832,0.9062027231467473,0.0030257186081694403,0.2,0.19469026548672566,0.44721359549995804,0.0226928895612708,0.02118003025718608,0.1361573373676248,0.8411497730711044,0.06666666666666667,0.0,4.4
dominant_freq16__top5,offline,cell=pb_olympiadbench_q4,339,661,0.0907715582450832,0.9062027231467473,0.0030257186081694403,0.3,0.29793510324483774,0.40824829046386313,0.030257186081694403,0.02723146747352496,0.22239031770045387,0.7473524962178517,0.1,0.0,6.0
dominant_freq16__top5,offline,cell=pb_olympiadbench_q8,339,661,0.0832072617246596,0.9152798789712556,0.0015128593040847202,0.05,0.04129793510324484,0.6546536707079771,0.006051437216338881,0.006051437216338881,0.02118003025718608,0.972768532526475,0.0,0.0,0.0
dominant_freq16__top5,offline,cell=pb_olympiadbench_q8,339,661,0.0832072617246596,0.9152798789712556,0.0015128593040847202,0.1,0.09734513274336283,0.5352067869990855,0.006051437216338881,0.006051437216338881,0.06505295007564296,0.9288956127080181,0.0,0.0,0.0
dominant_freq16__top5,offline,cell=pb_olympiadbench_q8,339,661,0.0832072617246596,0.9152798789712556,0.0015128593040847202,0.2,0.18584070796460178,0.44721359549995804,0.01361573373676248,0.012102874432677761,0.1361573373676248,0.8502269288956127,0.1111111111111111,0.0,7.333333333333333
dominant_freq16__top5,offline,cell=pb_olympiadbench_q8,339,661,0.0832072617246596,0.9152798789712556,0.0015128593040847202,0.3,0.2949852507374631,0.4008918628686367,0.02118003025718608,0.019667170953101363,0.23600605143721634,0.7428139183055976,0.07142857142857142,0.0,4.714285714285714
dominant_freq16__top5,offline,cell=pb_omnimath_q4,241,759,0.10276679841897234,0.8945981554677207,0.002635046113306983,0.05,0.04564315352697095,0.7071067811865474,0.003952569169960474,0.003952569169960474,0.013175230566534914,0.9828722002635046,0.0,0.0,0.0
dominant_freq16__top5,offline,cell=pb_omnimath_q4,241,759,0.10276679841897234,0.8945981554677207,0.002635046113306983,0.1,0.0995850622406639,0.5773502691896261,0.005270092226613966,0.005270092226613966,0.03689064558629776,0.9578392621870883,0.0,0.0,0.0
dominant_freq16__top5,offline,cell=pb_omnimath_q4,241,759,0.10276679841897234,0.8945981554677207,0.002635046113306983,0.2,0.1991701244813278,0.5000000000000001,0.010540184453227932,0.00922266139657444,0.07114624505928854,0.9183135704874835,0.125,0.0,8.25
dominant_freq16__top5,offline,cell=pb_omnimath_q4,241,759,0.10276679841897234,0.8945981554677207,0.002635046113306983,0.3,0.2987551867219917,0.4137283784938759,0.023715415019762844,0.021080368906455864,0.14756258234519104,0.8287220026350461,0.1111111111111111,0.0,6.444444444444445
dominant_freq16__top5,offline,cell=pb_omnimath_q8,241,759,0.10540184453227931,0.8906455862977603,0.003952569169960474,0.05,0.04979253112033195,0.6546536707079771,0.005270092226613966,0.005270092226613966,0.013175230566534914,0.9815546772068511,0.0,0.0,0.0
dominant_freq16__top5,offline,cell=pb_omnimath_q8,241,759,0.10540184453227931,0.8906455862977603,0.003952569169960474,0.1,0.0995850622406639,0.5773502691896261,0.00922266139657444,0.00922266139657444,0.022397891963109356,0.9683794466403162,0.0,0.0,0.0
dominant_freq16__top5,offline,cell=pb_omnimath_q8,241,759,0.10540184453227931,0.8906455862977603,0.003952569169960474,0.2,0.1825726141078838,0.5000000000000002,0.01844532279314888,0.015810276679841896,0.061923583662714096,0.919631093544137,0.14285714285714285,0.0,14.5
dominant_freq16__top5,offline,cell=pb_omnimath_q8,241,759,0.10540184453227931,0.8906455862977603,0.003952569169960474,0.3,0.29045643153526973,0.420084025208403,0.03162055335968379,0.02766798418972332,0.14492753623188406,0.8234519104084321,0.125,0.0,10.875
bocpd_p0__top5,offline,macro8_all,2358,4442,0.2395317424583521,0.2809545249887438,0.4795137325529041,0.05,0.02714164546225615,2.5218412920218647,0.03061683926159388,0.007429085997298514,0.012381809995497524,0.9570013507429086,4.169117647058823,3.0,344.5367647058824
bocpd_p0__top5,offline,macro8_all,2358,4442,0.2395317424583521,0.2809545249887438,0.4795137325529041,0.1,0.09033078880407125,2.192045426460538,0.08487167942368302,0.023187753264295362,0.03692030616839262,0.8782080144079244,3.4880636604774535,3.0,305.3395225464191
bocpd_p0__top5,offline,macro8_all,2358,4442,0.2395317424583521,0.2809545249887438,0.4795137325529041,0.2,0.17854113655640375,1.9829837434928776,0.16884286357496622,0.048626744709590275,0.0704637550652859,0.7606933813597478,3.124,3.0,284.792
bocpd_p0__top5,offline,macro8_all,2358,4442,0.2395317424583521,0.2809545249887438,0.4795137325529041,0.3,0.2837150127226463,1.8430777264106326,0.24561008554705088,0.0745159837910851,0.10063034669067987,0.6537595677622693,2.846012832263978,2.0,262.3996333638863
bocpd_p0__top5,offline,steps_2_to_5,950,1312,0.32698170731707316,0.23323170731707318,0.43978658536585363,0.05,0.03368421052631579,1.932336471316518,0.019054878048780487,0.006859756097560976,0.008384146341463415,0.9725609756097561,1.32,1.0,94.52
bocpd_p0__top5,offline,steps_2_to_5,950,1312,0.32698170731707316,0.23323170731707318,0.43978658536585363,0.1,0.09368421052631579,1.7988809503021805,0.06783536585365854,0.03048780487804878,0.024390243902439025,0.9077743902439024,1.146067415730337,1.0,113.06741573033707
bocpd_p0__top5,offline,steps_2_to_5,950,1312,0.32698170731707316,0.23323170731707318,0.43978658536585363,0.2,0.16631578947368422,1.7149732986139965,0.11585365853658537,0.04954268292682927,0.0350609756097561,0.8490853658536586,1.1907894736842106,1.0,112.66447368421052
bocpd_p0__top5,offline,steps_2_to_5,950,1312,0.32698170731707316,0.23323170731707318,0.43978658536585363,0.3,0.28842105263157897,1.6197455003362196,0.20503048780487804,0.08536585365853659,0.06402439024390244,0.7309451219512195,1.1449814126394051,1.0,108.06691449814126
bocpd_p0__top5,offline,steps_6_to_10,1124,2308,0.22616984402079723,0.28682842287694976,0.48700173310225303,0.05,0.011565836298932384,2.5218412920218647,0.014731369150779897,0.005632582322357019,0.008232235701906412,0.9770363951473137,2.411764705882353,3.0,240.02941176470588
bocpd_p0__top5,offline,steps_6_to_10,1124,2308,0.22616984402079723,0.28682842287694976,0.48700173310225303,0.1,0.09875444839857651,2.192045426460538,0.07279029462738301,0.026429809358752165,0.03119584055459272,0.8960138648180243,2.261904761904762,2.0,239.89880952380952
bocpd_p0__top5,offline,steps_6_to_10,1124,2308,0.22616984402079723,0.28682842287694976,0.48700173310225303,0.2,0.18772241992882563,2.0429853775776152,0.15164644714038128,0.0524263431542461,0.05675909878682842,0.7915944540727903,2.3142857142857145,2.0,235.7
bocpd_p0__top5,offline,steps_6_to_10,1124,2308,0.22616984402079723,0.28682842287694976,0.48700173310225303,0.3,0.2775800711743772,1.932336471316518,0.21750433275563258,0.07409012131715771,0.08362218370883882,0.6988734835355286,2.197211155378486,2.0,228.07370517928288
bocpd_p0__top5,offline,steps_11_plus,284,822,0.13746958637469586,0.340632603406326,0.5218978102189781,0.2,0.1795774647887324,2.5218412920218647,0.12408759124087591,0.024330900243309004,0.043795620437956206,0.8321167883211679,4.754901960784314,4.0,379.37254901960785
bocpd_p0__top5,offline,steps_11_plus,284,822,0.13746958637469586,0.340632603406326,0.5218978102189781,0.3,0.2676056338028169,2.323390077470624,0.19951338199513383,0.037712895377128956,0.08150851581508516,0.718978102189781,4.634146341463414,4.0,375.25
bocpd_p0__top5,offline,cell=pb_gsm8k_q4,193,207,0.37681159420289856,0.15458937198067632,0.46859903381642515,0.05,0.03626943005181347,2.192045426460538,0.024154589371980676,0.014492753623188406,0.014492753623188406,0.961352657004831,0.8,0.0,47.4
bocpd_p0__top5,offline,cell=pb_gsm8k_q4,193,207,0.37681159420289856,0.15458937198067632,0.46859903381642515,0.1,0.09326424870466321,1.9829837434928776,0.0821256038647343,0.024154589371980676,0.014492753623188406,0.9033816425120773,1.7647058823529411,2.0,93.17647058823529
bocpd_p0__top5,offline,cell=pb_gsm8k_q4,193,207,0.37681159420289856,0.15458937198067632,0.46859903381642515,0.2,0.16580310880829016,1.8856098737870293,0.12077294685990338,0.043478260869565216,0.028985507246376812,0.8502415458937198,1.76,1.0,91.12
bocpd_p0__top5,offline,cell=pb_gsm8k_q4,193,207,0.37681159420289856,0.15458937198067632,0.46859903381642515,0.3,0.25906735751295334,1.7492214770011194,0.1642512077294686,0.07246376811594203,0.033816425120772944,0.8019323671497585,1.4705882352941178,1.0,76.97058823529412
bocpd_p0__top5,offline,cell=pb_gsm8k_q8,193,207,0.3188405797101449,0.1642512077294686,0.5169082125603864,0.05,0.046632124352331605,2.1086668603883503,0.033816425120772944,0.004830917874396135,0.00966183574879227,0.9565217391304348,3.0,3.0,138.28571428571428
bocpd_p0__top5,offline,cell=pb_gsm8k_q8,193,207,0.3188405797101449,0.1642512077294686,0.5169082125603864,0.1,0.08808290155440414,1.9829837434928776,0.06763285024154589,0.024154589371980676,0.01932367149758454,0.9130434782608695,2.357142857142857,2.0,108.35714285714286
bocpd_p0__top5,offline,cell=pb_gsm8k_q8,193,207,0.3188405797101449,0.1642512077294686,0.5169082125603864,0.2,0.19689119170984457,1.7492214770011194,0.20772946859903382,0.07729468599033816,0.024154589371980676,0.7681159420289855,1.9767441860465116,2.0,112.62790697674419
bocpd_p0__top5,offline,cell=pb_gsm8k_q8,193,207,0.3188405797101449,0.1642512077294686,0.5169082125603864,0.3,0.29015544041450775,1.7149732986139965,0.22705314009661837,0.08695652173913043,0.024154589371980676,0.748792270531401,1.872340425531915,2.0,106.19148936170212
bocpd_p0__top5,offline,cell=pb_math_q4,406,594,0.2558922558922559,0.25084175084175087,0.49326599326599324,0.05,0.03694581280788178,2.323390077470624,0.05218855218855219,0.011784511784511785,0.015151515151515152,0.9326599326599326,3.4193548387096775,3.0,321.741935483871
bocpd_p0__top5,offline,cell=pb_math_q4,406,594,0.2558922558922559,0.25084175084175087,0.49326599326599324,0.1,0.09113300492610837,2.0429853775776152,0.1127946127946128,0.03198653198653199,0.045454545454545456,0.8417508417508418,3.208955223880597,3.0,284.7014925373134
bocpd_p0__top5,offline,cell=pb_math_q4,406,594,0.2558922558922559,0.25084175084175087,0.49326599326599324,0.2,0.1896551724137931,1.8856098737870293,0.16666666666666666,0.05387205387205387,0.07744107744107744,0.7558922558922558,2.727272727272727,2.0,243.8080808080808
bocpd_p0__top5,offline,cell=pb_math_q4,406,594,0.2558922558922559,0.25084175084175087,0.49326599326599324,0.3,0.2955665024630542,1.7492214770011194,0.23232323232323232,0.07575757575757576,0.10101010101010101,0.6666666666666666,2.746376811594203,2.0,228.40579710144928
bocpd_p0__top5,offline,cell=pb_math_q8,406,594,0.25925925925925924,0.2609427609427609,0.4797979797979798,0.05,0.03940886699507389,2.323390077470624,0.03535353535353535,0.006734006734006734,0.010101010101010102,0.9545454545454546,3.7142857142857144,3.0,324.6666666666667
bocpd_p0__top5,offline,cell=pb_math_q8,406,594,0.25925925925925924,0.2609427609427609,0.4797979797979798,0.1,0.08620689655172414,2.1086668603883503,0.08922558922558922,0.026936026936026935,0.026936026936026935,0.8838383838383839,3.0754716981132075,2.0,288.52830188679246
bocpd_p0__top5,offline,cell=pb_math_q8,406,594,0.25925925925925924,0.2609427609427609,0.4797979797979798,0.2,0.18226600985221675,1.8856098737870293,0.18013468013468015,0.05387205387205387,0.06228956228956229,0.7575757575757576,2.7383177570093458,2.0,254.6728971962617
bocpd_p0__top5,offline,cell=pb_math_q8,406,594,0.25925925925925924,0.2609427609427609,0.4797979797979798,0.3,0.27832512315270935,1.7492214770011194,0.23737373737373738,0.07744107744107744,0.09764309764309764,0.664983164983165,2.5886524822695036,2.0,233.9078014184397
bocpd_p0__top5,offline,cell=pb_olympiadbench_q4,339,661,0.2102874432677761,0.3358547655068079,0.45385779122541603,0.1,0.05014749262536873,2.5218412920218647,0.03177004538577912,0.006051437216338881,0.01361573373676248,0.9546142208774584,4.476190476190476,4.0,321.95238095238096
bocpd_p0__top5,offline,cell=pb_olympiadbench_q4,339,661,0.2102874432677761,0.3358547655068079,0.45385779122541603,0.2,0.1592920353982301,2.192045426460538,0.08169440242057488,0.018154311649016642,0.05143721633888049,0.8668683812405447,3.8333333333333335,3.5,306.24074074074076
bocpd_p0__top5,offline,cell=pb_olympiadbench_q4,339,661,0.2102874432677761,0.3358547655068079,0.45385779122541603,0.3,0.2713864306784661,1.9829837434928776,0.17246596066565809,0.05446293494704992,0.09531013615733737,0.7322239031770046,3.0,3.0,261.7105263157895
bocpd_p0__top5,offline,cell=pb_olympiadbench_q8,339,661,0.2042360060514372,0.3313161875945537,0.46444780635400906,0.1,0.06489675516224189,2.5218412920218647,0.04387291981845688,0.007564296520423601,0.015128593040847202,0.9409984871406959,5.551724137931035,6.0,425.7241379310345
bocpd_p0__top5,offline,cell=pb_olympiadbench_q8,339,661,0.2042360060514372,0.3313161875945537,0.46444780635400906,0.2,0.19469026548672566,2.1086668603883503,0.1346444780635401,0.03479576399394856,0.0680786686838124,0.7972768532526475,3.6292134831460676,4.0,319.3707865168539
bocpd_p0__top5,offline,cell=pb_olympiadbench_q8,339,661,0.2042360060514372,0.3313161875945537,0.46444780635400906,0.3,0.2831858407079646,1.9829837434928776,0.18608169440242056,0.04387291981845688,0.09833585476550681,0.7155824508320726,3.4146341463414633,3.0,308.5934959349593
bocpd_p0__top5,offline,cell=pb_omnimath_q4,241,759,0.230566534914361,0.28326745718050067,0.48616600790513836,0.05,0.03734439834024896,2.323390077470624,0.08959156785243742,0.023715415019762844,0.026350461133069828,0.8840579710144928,3.735294117647059,3.0,331.8235294117647
bocpd_p0__top5,offline,cell=pb_omnimath_q4,241,759,0.230566534914361,0.28326745718050067,0.48616600790513836,0.1,0.08713692946058091,2.192045426460538,0.11725955204216074,0.03557312252964427,0.043478260869565216,0.839262187088274,3.3258426966292136,2.0,291.8426966292135
bocpd_p0__top5,offline,cell=pb_omnimath_q4,241,759,0.230566534914361,0.28326745718050067,0.48616600790513836,0.2,0.18672199170124482,2.0429853775776152,0.18050065876152832,0.057971014492753624,0.06982872200263504,0.7496706192358367,3.153284671532847,2.0,296.46715328467155
bocpd_p0__top5,offline,cell=pb_omnimath_q4,241,759,0.230566534914361,0.28326745718050067,0.48616600790513836,0.3,0.26141078838174275,1.932336471316518,0.23978919631093545,0.07378129117259552,0.0922266139657444,0.6679841897233202,3.0714285714285716,2.0,295.43956043956047
bocpd_p0__top5,offline,cell=pb_omnimath_q8,241,759,0.21739130434782608,0.2924901185770751,0.4901185770750988,0.05,0.03319502074688797,2.5218412920218647,0.04084321475625823,0.013175230566534914,0.019762845849802372,0.9393939393939394,3.4193548387096775,2.0,302.2903225806452
bocpd_p0__top5,offline,cell=pb_omnimath_q8,241,759,0.21739130434782608,0.2924901185770751,0.4901185770750988,0.1,0.058091286307053944,2.323390077470624,0.06719367588932806,0.017127799736495388,0.030303030303030304,0.9025032938076416,3.8627450980392157,3.0,351.3921568627451
bocpd_p0__top5,offline,cell=pb_omnimath_q8,241,759,0.21739130434782608,0.2924901185770751,0.4901185770750988,0.2,0.1950207468879668,1.9829837434928776,0.20816864295125165,0.05665349143610013,0.077733860342556,0.7140974967061924,3.240506329113924,3.0,318.46835443037975
bocpd_p0__top5,offline,cell=pb_omnimath_q8,241,759,0.21739130434782608,0.2924901185770751,0.4901185770750988,0.3,0.2697095435684647,1.8856098737870293,0.26613965744400525,0.06982872200263504,0.10408432147562582,0.6297760210803689,3.1930693069306932,2.0,309.55445544554453
q15_H1__page_wmax,offline,macro8_all,2358,4442,0.23863124718595227,0.2573165240882485,0.5040522287257991,0.05,0.02586938083121289,2.707591997038971,0.03264295362449347,0.005628095452498875,0.011031067086897793,0.9563259792886087,4.682758620689655,4.0,354.06206896551726
q15_H1__page_wmax,offline,macro8_all,2358,4442,0.23863124718595227,0.2573165240882485,0.5040522287257991,0.1,0.08863443596268024,2.3434613360824494,0.09027465105808194,0.016884286357496624,0.029491220171094103,0.880234128770824,3.9875311720698257,3.0,334.4937655860349
q15_H1__page_wmax,offline,macro8_all,2358,4442,0.23863124718595227,0.2573165240882485,0.5040522287257991,0.2,0.1993214588634436,2.055374456698111,0.19945970283656012,0.047726249437190456,0.06866276452048627,0.7318775326429536,3.136568848758465,2.0,289.32844243792323
q15_H1__page_wmax,offline,macro8_all,2358,4442,0.23863124718595227,0.2573165240882485,0.5040522287257991,0.3,0.2858354537743851,1.9045108949369511,0.2694732102656461,0.07068887888338586,0.09882935614588023,0.6316974335884736,2.8646616541353382,2.0,272.2080200501253
q15_H1__page_wmax,offline,steps_2_to_5,950,1312,0.3628048780487805,0.21417682926829268,0.42301829268292684,0.05,0.04736842105263158,1.9045108949369511,0.038109756097560975,0.01753048780487805,0.007621951219512195,0.9542682926829268,0.98,1.0,96.72
q15_H1__page_wmax,offline,steps_2_to_5,950,1312,0.3628048780487805,0.21417682926829268,0.42301829268292684,0.1,0.1,1.786506219080184,0.08689024390243902,0.040396341463414635,0.022865853658536585,0.8902439024390244,0.9035087719298246,1.0,104.54385964912281
q15_H1__page_wmax,offline,steps_2_to_5,950,1312,0.3628048780487805,0.21417682926829268,0.42301829268292684,0.2,0.16842105263157894,1.7176047395227256,0.12576219512195122,0.057164634146341466,0.03277439024390244,0.8414634146341463,0.9515151515151515,1.0,102.95151515151515
q15_H1__page_wmax,offline,steps_2_to_5,950,1312,0.3628048780487805,0.21417682926829268,0.42301829268292684,0.3,0.26842105263157895,1.654441129071087,0.18445121951219512,0.09070121951219512,0.051067073170731704,0.7644817073170732,0.8512396694214877,1.0,93.26446280991736
q15_H1__page_wmax,offline,steps_6_to_10,1124,2308,0.20753899480069324,0.2781629116117851,0.5142980935875217,0.05,0.037366548042704624,2.468521573555308,0.03119584055459272,0.006065857885615251,0.007365684575389948,0.9614384748700173,3.0833333333333335,3.0,309.8333333333333
q15_H1__page_wmax,offline,steps_6_to_10,1124,2308,0.20753899480069324,0.2781629116117851,0.5142980935875217,0.1,0.07384341637010676,2.3434613360824494,0.060658578856152515,0.014731369150779897,0.014298093587521665,0.9250433275563258,2.55,2.0,270.98571428571427
q15_H1__page_wmax,offline,steps_6_to_10,1124,2308,0.20753899480069324,0.2781629116117851,0.5142980935875217,0.2,0.19306049822064056,2.112882950251517,0.1611785095320624,0.048960138648180246,0.05155979202772964,0.787261698440208,2.1693548387096775,2.0,233.6451612903226
q15_H1__page_wmax,offline,steps_6_to_10,1124,2308,0.20753899480069324,0.2781629116117851,0.5142980935875217,0.3,0.2704626334519573,1.9991526880013815,0.23093587521663778,0.07062391681109186,0.0818890814558059,0.6871750433275563,2.0581613508442778,1.0,231.08067542213882
q15_H1__page_wmax,offline,steps_11_plus,284,822,0.12773722627737227,0.26763990267639903,0.6046228710462287,0.2,0.19718309859154928,2.707591997038971,0.1435523114355231,0.025547445255474453,0.0535279805352798,0.8029197080291971,4.991525423728813,4.0,362.76271186440675
q15_H1__page_wmax,offline,steps_11_plus,284,822,0.12773722627737227,0.26763990267639903,0.6046228710462287,0.3,0.19718309859154928,2.707591997038971,0.1435523114355231,0.025547445255474453,0.0535279805352798,0.8029197080291971,4.991525423728813,4.0,362.76271186440675
q15_H1__page_wmax,offline,cell=pb_gsm8k_q4,193,207,0.3333333333333333,0.2898550724637681,0.37681159420289856,0.05,0.03626943005181347,2.112882950251517,0.05314009661835749,0.01932367149758454,0.033816425120772944,0.9130434782608695,2.0,1.0,169.9090909090909
q15_H1__page_wmax,offline,cell=pb_gsm8k_q4,193,207,0.3333333333333333,0.2898550724637681,0.37681159420289856,0.1,0.09326424870466321,1.9501057152260672,0.12077294685990338,0.06280193236714976,0.06763285024154589,0.8115942028985508,1.36,0.0,104.64
q15_H1__page_wmax,offline,cell=pb_gsm8k_q4,193,207,0.3333333333333333,0.2898550724637681,0.37681159420289856,0.2,0.19689119170984457,1.786506219080184,0.18840579710144928,0.07729468599033816,0.10628019323671498,0.7053140096618358,1.3846153846153846,1.0,100.7948717948718
q15_H1__page_wmax,offline,cell=pb_gsm8k_q4,193,207,0.3333333333333333,0.2898550724637681,0.37681159420289856,0.3,0.26424870466321243,1.7176047395227256,0.26570048309178745,0.08695652173913043,0.12560386473429952,0.6086956521739131,1.4727272727272727,1.0,103.78181818181818
q15_H1__page_wmax,offline,cell=pb_gsm8k_q8,193,207,0.3333333333333333,0.30917874396135264,0.357487922705314,0.05,0.046632124352331605,1.9991526880013815,0.09178743961352658,0.03864734299516908,0.06763285024154589,0.8405797101449275,1.7894736842105263,1.0,138.8421052631579
q15_H1__page_wmax,offline,cell=pb_gsm8k_q8,193,207,0.3333333333333333,0.30917874396135264,0.357487922705314,0.1,0.09844559585492228,1.9045108949369511,0.14492753623188406,0.06280193236714976,0.08695652173913043,0.7681159420289855,1.5,1.0,108.66666666666667
q15_H1__page_wmax,offline,cell=pb_gsm8k_q8,193,207,0.3333333333333333,0.30917874396135264,0.357487922705314,0.2,0.19689119170984457,1.7464017010171178,0.1932367149758454,0.0821256038647343,0.11594202898550725,0.6908212560386473,1.45,1.0,102.025
q15_H1__page_wmax,offline,cell=pb_gsm8k_q8,193,207,0.3333333333333333,0.30917874396135264,0.357487922705314,0.3,0.27979274611398963,1.6866950184541836,0.2318840579710145,0.0966183574879227,0.1497584541062802,0.6183574879227053,1.3958333333333333,1.0,98.3125
q15_H1__page_wmax,offline,cell=pb_math_q4,406,594,0.24242424242424243,0.26262626262626265,0.494949494949495,0.05,0.03940886699507389,2.468521573555308,0.04208754208754209,0.0016835016835016834,0.008417508417508417,0.9494949494949495,5.4,5.0,430.44
q15_H1__page_wmax,offline,cell=pb_math_q4,406,594,0.24242424242424243,0.26262626262626265,0.494949494949495,0.1,0.07142857142857142,2.253997780073336,0.1026936026936027,0.020202020202020204,0.02861952861952862,0.8686868686868687,4.049180327868853,4.0,350.6393442622951
q15_H1__page_wmax,offline,cell=pb_math_q4,406,594,0.24242424242424243,0.26262626262626265,0.494949494949495,0.2,0.17733990147783252,1.9991526880013815,0.18686868686868688,0.04208754208754209,0.06397306397306397,0.7491582491582491,3.6216216216216215,3.0,331.76576576576576
q15_H1__page_wmax,offline,cell=pb_math_q4,406,594,0.24242424242424243,0.26262626262626265,0.494949494949495,0.3,0.2881773399014778,1.8248479746253148,0.2609427609427609,0.0707070707070707,0.09259259259259259,0.6464646464646465,3.032258064516129,2.0,279.96774193548384
q15_H1__page_wmax,offline,cell=pb_math_q8,406,594,0.23905723905723905,0.23232323232323232,0.5286195286195287,0.05,0.03694581280788178,2.468521573555308,0.04377104377104377,0.005050505050505051,0.011784511784511785,0.9444444444444444,6.076923076923077,5.0,458.03846153846155
q15_H1__page_wmax,offline,cell=pb_math_q8,406,594,0.23905723905723905,0.23232323232323232,0.5286195286195287,0.1,0.0960591133004926,2.1782368101616796,0.11952861952861953,0.026936026936026935,0.04040404040404041,0.8400673400673401,4.154929577464789,4.0,342.84507042253523
q15_H1__page_wmax,offline,cell=pb_math_q8,406,594,0.23905723905723905,0.23232323232323232,0.5286195286195287,0.2,0.1724137931034483,1.9991526880013815,0.18518518518518517,0.04377104377104377,0.06228956228956229,0.7525252525252525,3.672727272727273,2.5,334.3272727272727
q15_H1__page_wmax,offline,cell=pb_math_q8,406,594,0.23905723905723905,0.23232323232323232,0.5286195286195287,0.3,0.29064039408866993,1.8248479746253148,0.2676767676767677,0.07407407407407407,0.09259259259259259,0.6397306397306397,3.1320754716981134,2.0,285.42138364779873
q15_H1__page_wmax,offline,cell=pb_olympiadbench_q4,339,661,0.22995461422087746,0.31164901664145234,0.4583963691376702,0.1,0.05604719764011799,2.707591997038971,0.0453857791225416,0.009077155824508321,0.0226928895612708,0.9319213313161876,4.0,2.5,310.3
q15_H1__page_wmax,offline,cell=pb_olympiadbench_q4,339,661,0.22995461422087746,0.31164901664145234,0.4583963691376702,0.2,0.18584070796460178,2.253997780073336,0.13767019667170954,0.03479576399394856,0.06505295007564296,0.7972768532526475,3.3076923076923075,2.0,274.2857142857143
q15_H1__page_wmax,offline,cell=pb_olympiadbench_q4,339,661,0.22995461422087746,0.31164901664145234,0.4583963691376702,0.3,0.27728613569321536,2.112882950251517,0.20121028744326777,0.0529500756429652,0.09228441754916793,0.7065052950075643,2.9323308270676693,2.0,265.1503759398496
q15_H1__page_wmax,offline,cell=pb_olympiadbench_q8,339,661,0.23600605143721634,0.2753403933434191,0.4886535552193646,0.1,0.05309734513274336,2.707591997038971,0.039334341906202726,0.009077155824508321,0.01664145234493192,0.9440242057488654,5.076923076923077,3.5,369.53846153846155
q15_H1__page_wmax,offline,cell=pb_olympiadbench_q8,339,661,0.23600605143721634,0.2753403933434191,0.4886535552193646,0.2,0.16224188790560473,2.3434613360824494,0.1059001512859304,0.025718608169440244,0.039334341906202726,0.8547655068078669,3.2857142857142856,2.0,274.34285714285716
q15_H1__page_wmax,offline,cell=pb_olympiadbench_q8,339,661,0.23600605143721634,0.2753403933434191,0.4886535552193646,0.3,0.28023598820059,2.112882950251517,0.2027231467473525,0.05597579425113464,0.08018154311649017,0.7170953101361573,2.8507462686567164,1.5,250.51492537313433
q15_H1__page_wmax,offline,cell=pb_omnimath_q4,241,759,0.2147562582345191,0.2318840579710145,0.5533596837944664,0.05,0.02074688796680498,2.707591997038971,0.039525691699604744,0.006587615283267457,0.011857707509881422,0.9486166007905138,4.2,3.0,305.8333333333333
q15_H1__page_wmax,offline,cell=pb_omnimath_q4,241,759,0.2147562582345191,0.2318840579710145,0.5533596837944664,0.1,0.08298755186721991,2.468521573555308,0.07378129117259552,0.00922266139657444,0.025032938076416336,0.9011857707509882,4.25,4.0,361.85714285714283
q15_H1__page_wmax,offline,cell=pb_omnimath_q4,241,759,0.2147562582345191,0.2318840579710145,0.5533596837944664,0.2,0.17012448132780084,2.1782368101616796,0.1725955204216074,0.026350461133069828,0.04479578392621871,0.782608695652174,3.8091603053435112,3.0,347.39694656488547
q15_H1__page_wmax,offline,cell=pb_omnimath_q4,241,759,0.2147562582345191,0.2318840579710145,0.5533596837944664,0.3,0.27800829875518673,1.9501057152260672,0.2898550724637681,0.057971014492753624,0.08300395256916997,0.6271409749670619,3.168181818181818,2.0,312.69545454545454
q15_H1__page_wmax,offline,cell=pb_omnimath_q8,241,759,0.21739130434782608,0.21212121212121213,0.5704874835309618,0.05,0.02074688796680498,2.707591997038971,0.04743083003952569,0.00922266139657444,0.010540184453227932,0.9420289855072463,3.9166666666666665,3.0,298.6666666666667
q15_H1__page_wmax,offline,cell=pb_omnimath_q8,241,759,0.21739130434782608,0.21212121212121213,0.5704874835309618,0.1,0.05394190871369295,2.468521573555308,0.08168642951251646,0.015810276679841896,0.022397891963109356,0.8959156785243741,3.8548387096774195,3.0,326.7903225806452
q15_H1__page_wmax,offline,cell=pb_omnimath_q8,241,759,0.21739130434782608,0.21212121212121213,0.5704874835309618,0.2,0.1908713692946058,2.1782368101616796,0.1686429512516469,0.025032938076416336,0.04216073781291173,0.7891963109354414,4.109375,3.5,365.90625
q15_H1__page_wmax,offline,cell=pb_omnimath_q8,241,759,0.21739130434782608,0.21212121212121213,0.5704874835309618,0.3,0.27800829875518673,1.9991526880013815,0.24769433465085638,0.048748353096179184,0.06455862977602109,0.6877470355731226,3.297872340425532,2.0,310.61170212765956
q15_VE1__page_wmax,offline,macro8_all,2358,4442,0.2453849617289509,0.24268347591175146,0.5119315623592976,0.05,0.021628498727735368,2.6392233663777236,0.03534443944169293,0.006978838361098604,0.010130571814497974,0.9545249887438091,4.656050955414012,3.0,351.7388535031847
q15_VE1__page_wmax,offline,macro8_all,2358,4442,0.2453849617289509,0.24268347591175146,0.5119315623592976,0.1,0.08481764206955046,2.3224303474942958,0.09477712742008104,0.021837010355695633,0.02723998199009455,0.8779828905898244,3.828978622327791,3.0,309.5748218527316
q15_VE1__page_wmax,offline,macro8_all,2358,4442,0.2453849617289509,0.24268347591175146,0.5119315623592976,0.2,0.19889737065309585,2.041958610313519,0.20486267447095902,0.05132823052678973,0.06168392615938766,0.7334533993696533,3.078021978021978,2.0,279.1131868131868
q15_VE1__page_wmax,offline,macro8_all,2358,4442,0.2453849617289509,0.24268347591175146,0.5119315623592976,0.3,0.2951653944020356,1.8997543668885504,0.27577667717244486,0.07316524088248537,0.08959927960378208,0.6346240432237731,2.797551020408163,2.0,262.36897959183676
q15_VE1__page_wmax,offline,steps_2_to_5,950,1312,0.3620426829268293,0.21646341463414634,0.4214939024390244,0.05,0.031578947368421054,1.9428114965118897,0.019817073170731708,0.009146341463414634,0.004573170731707317,0.975609756097561,0.8076923076923077,1.0,97.65384615384616
q15_VE1__page_wmax,offline,steps_2_to_5,950,1312,0.3620426829268293,0.21646341463414634,0.4214939024390244,0.1,0.0968421052631579,1.8090357774277763,0.06859756097560976,0.03048780487804878,0.020579268292682928,0.9108231707317073,1.0777777777777777,1.0,120.1
q15_VE1__page_wmax,offline,steps_2_to_5,950,1312,0.3620426829268293,0.21646341463414634,0.4214939024390244,0.2,0.17789473684210527,1.7051729716422945,0.1364329268292683,0.06859756097560976,0.035823170731707314,0.8277439024390244,0.8659217877094972,0.0,95.84357541899442
q15_VE1__page_wmax,offline,steps_2_to_5,950,1312,0.3620426829268293,0.21646341463414634,0.4214939024390244,0.3,0.25894736842105265,1.6472089945264319,0.19359756097560976,0.0975609756097561,0.051067073170731704,0.7553353658536586,0.8228346456692913,0.0,97.70866141732283
q15_VE1__page_wmax,offline,steps_6_to_10,1124,2308,0.2162045060658579,0.2538994800693241,0.529896013864818,0.05,0.036476868327402136,2.4501761672381095,0.03162911611785095,0.009532062391681109,0.005632582322357019,0.962738301559792,2.589041095890411,2.0,249.5068493150685
q15_VE1__page_wmax,offline,steps_6_to_10,1124,2308,0.2162045060658579,0.2538994800693241,0.529896013864818,0.1,0.06672597864768683,2.3224303474942958,0.06195840554592721,0.01733102253032929,0.012998266897746967,0.9250433275563258,2.2587412587412588,2.0,230.37062937062936
q15_VE1__page_wmax,offline,steps_6_to_10,1124,2308,0.2162045060658579,0.2538994800693241,0.529896013864818,0.2,0.19128113879003558,2.101165144235999,0.16941074523396882,0.05199306759098787,0.043327556325823226,0.787261698440208,2.0920716112531967,1.0,229.4526854219949
q15_VE1__page_wmax,offline,steps_6_to_10,1124,2308,0.2162045060658579,0.2538994800693241,0.529896013864818,0.3,0.29092526690391457,1.9864084831767281,0.24090121317157712,0.07062391681109186,0.07149046793760831,0.6876083188908145,2.0593525179856114,1.0,225.80395683453239
q15_VE1__page_wmax,offline,steps_11_plus,284,822,0.1411192214111922,0.25304136253041365,0.6058394160583942,0.2,0.176056338028169,2.6392233663777236,0.16909975669099755,0.031630170316301706,0.049878345498783457,0.781021897810219,4.892086330935252,3.0,369.2517985611511
q15_VE1__page_wmax,offline,steps_11_plus,284,822,0.1411192214111922,0.25304136253041365,0.6058394160583942,0.3,0.2852112676056338,2.4501761672381095,0.26763990267639903,0.052311435523114354,0.08637469586374696,0.6459854014598541,4.9,4.0,368.9681818181818
q15_VE1__page_wmax,offline,cell=pb_gsm8k_q4,193,207,0.3526570048309179,0.26570048309178745,0.38164251207729466,0.05,0.046632124352331605,2.101165144235999,0.06280193236714976,0.024154589371980676,0.024154589371980676,0.9130434782608695,2.1538461538461537,1.0,156.69230769230768
q15_VE1__page_wmax,offline,cell=pb_gsm8k_q4,193,207,0.3526570048309179,0.26570048309178745,0.38164251207729466,0.1,0.09326424870466321,1.9428114965118897,0.11594202898550725,0.043478260869565216,0.03864734299516908,0.8454106280193237,1.7083333333333333,1.0,115.95833333333333
q15_VE1__page_wmax,offline,cell=pb_gsm8k_q4,193,207,0.3526570048309179,0.26570048309178745,0.38164251207729466,0.2,0.16062176165803108,1.8556171127157446,0.15942028985507245,0.057971014492753624,0.07246376811594203,0.7681159420289855,1.7272727272727273,1.0,111.93939393939394
q15_VE1__page_wmax,offline,cell=pb_gsm8k_q4,193,207,0.3526570048309179,0.26570048309178745,0.38164251207729466,0.3,0.2694300518134715,1.7314819343143175,0.21739130434782608,0.08695652173913043,0.08695652173913043,0.6956521739130435,1.4222222222222223,1.0,94.06666666666666
q15_VE1__page_wmax,offline,cell=pb_gsm8k_q8,193,207,0.3526570048309179,0.28019323671497587,0.3671497584541063,0.05,0.03626943005181347,2.101165144235999,0.05314009661835749,0.024154589371980676,0.014492753623188406,0.9323671497584541,1.1818181818181819,1.0,86.63636363636364
q15_VE1__page_wmax,offline,cell=pb_gsm8k_q8,193,207,0.3526570048309179,0.28019323671497587,0.3671497584541063,0.1,0.07772020725388601,1.9428114965118897,0.11594202898550725,0.057971014492753624,0.043478260869565216,0.8405797101449275,1.25,0.5,98.70833333333333
q15_VE1__page_wmax,offline,cell=pb_gsm8k_q8,193,207,0.3526570048309179,0.28019323671497587,0.3671497584541063,0.2,0.18134715025906736,1.8090357774277763,0.20772946859903382,0.09178743961352658,0.07246376811594203,0.7198067632850241,1.186046511627907,1.0,90.46511627906976
q15_VE1__page_wmax,offline,cell=pb_gsm8k_q8,193,207,0.3526570048309179,0.28019323671497587,0.3671497584541063,0.3,0.24870466321243523,1.7314819343143175,0.24154589371980675,0.10144927536231885,0.0966183574879227,0.6618357487922706,1.24,1.0,89.76
q15_VE1__page_wmax,offline,cell=pb_math_q4,406,594,0.25084175084175087,0.26936026936026936,0.4797979797979798,0.05,0.04926108374384237,2.3224303474942958,0.07744107744107744,0.008417508417508417,0.015151515151515152,0.9074074074074074,4.956521739130435,4.0,389.2391304347826
q15_VE1__page_wmax,offline,cell=pb_math_q4,406,594,0.25084175084175087,0.26936026936026936,0.4797979797979798,0.1,0.0960591133004926,2.1664372256556326,0.12794612794612795,0.025252525252525252,0.03535353535353535,0.8367003367003367,3.9078947368421053,3.0,328.9605263157895
q15_VE1__page_wmax,offline,cell=pb_math_q4,406,594,0.25084175084175087,0.26936026936026936,0.4797979797979798,0.2,0.1625615763546798,1.9864084831767281,0.19528619528619529,0.03872053872053872,0.07744107744107744,0.7272727272727273,3.5172413793103448,2.5,327.6034482758621
q15_VE1__page_wmax,offline,cell=pb_math_q4,406,594,0.25084175084175087,0.26936026936026936,0.4797979797979798,0.3,0.28078817733990147,1.8090357774277763,0.2558922558922559,0.06228956228956229,0.1111111111111111,0.632996632996633,2.986842105263158,2.0,277.67105263157896
q15_VE1__page_wmax,offline,cell=pb_math_q8,406,594,0.2255892255892256,0.24074074074074073,0.5336700336700336,0.05,0.046798029556650245,2.3224303474942958,0.07575757575757576,0.011784511784511785,0.015151515151515152,0.9090909090909091,4.711111111111111,4.0,393.3333333333333
q15_VE1__page_wmax,offline,cell=pb_math_q8,406,594,0.2255892255892256,0.24074074074074073,0.5336700336700336,0.1,0.09852216748768473,2.1664372256556326,0.13131313131313133,0.030303030303030304,0.030303030303030304,0.8383838383838383,3.576923076923077,3.0,323.11538461538464
q15_VE1__page_wmax,offline,cell=pb_math_q8,406,594,0.2255892255892256,0.24074074074074073,0.5336700336700336,0.2,0.19704433497536947,1.9864084831767281,0.19865319865319866,0.04377104377104377,0.04882154882154882,0.7525252525252525,3.610169491525424,3.0,319.9237288135593
q15_VE1__page_wmax,offline,cell=pb_math_q8,406,594,0.2255892255892256,0.24074074074074073,0.5336700336700336,0.3,0.27832512315270935,1.8556171127157446,0.24579124579124578,0.05555555555555555,0.07744107744107744,0.6767676767676768,3.328767123287671,2.0,294.7054794520548
q15_VE1__page_wmax,offline,cell=pb_olympiadbench_q4,339,661,0.25416036308623297,0.27382753403933435,0.4720121028744327,0.05,0.04424778761061947,2.6392233663777236,0.04387291981845688,0.012102874432677761,0.01664145234493192,0.9394856278366112,3.6206896551724137,1.0,272.62068965517244
q15_VE1__page_wmax,offline,cell=pb_olympiadbench_q4,339,661,0.25416036308623297,0.27382753403933435,0.4720121028744327,0.1,0.0943952802359882,2.4501761672381095,0.08472012102874432,0.02723146747352496,0.024205748865355523,0.8910741301059002,3.4285714285714284,1.0,263.75
q15_VE1__page_wmax,offline,cell=pb_olympiadbench_q4,339,661,0.25416036308623297,0.27382753403933435,0.4720121028744327,0.2,0.17404129793510326,2.3224303474942958,0.12708018154311648,0.04084720121028744,0.037821482602118005,0.8350983358547656,3.1785714285714284,1.0,250.60714285714286
q15_VE1__page_wmax,offline,cell=pb_olympiadbench_q4,339,661,0.25416036308623297,0.27382753403933435,0.4720121028744327,0.3,0.25958702064896755,2.1664372256556326,0.18910741301059,0.06656580937972768,0.060514372163388806,0.7503782148260212,2.792,1.0,236.128
q15_VE1__page_wmax,offline,cell=pb_olympiadbench_q8,339,661,0.26021180030257185,0.2526475037821483,0.48714069591527986,0.1,0.05309734513274336,2.6392233663777236,0.048411497730711045,0.012102874432677761,0.015128593040847202,0.9364599092284418,5.125,2.0,363.71875
q15_VE1__page_wmax,offline,cell=pb_olympiadbench_q8,339,661,0.26021180030257185,0.2526475037821483,0.48714069591527986,0.2,0.16519174041297935,2.3224303474942958,0.11800302571860817,0.030257186081694403,0.03479576399394856,0.8472012102874432,3.6923076923076925,2.0,286.6794871794872
q15_VE1__page_wmax,offline,cell=pb_olympiadbench_q8,339,661,0.26021180030257185,0.2526475037821483,0.48714069591527986,0.3,0.2890855457227139,2.041958610313519,0.25113464447806355,0.07564296520423601,0.08169440242057488,0.6671709531013615,2.783132530120482,1.0,240.59036144578315
q15_VE1__page_wmax,offline,cell=pb_omnimath_q4,241,759,0.2015810276679842,0.22266139657444006,0.5757575757575758,0.05,0.02074688796680498,2.6392233663777236,0.04743083003952569,0.00922266139657444,0.014492753623188406,0.9380764163372859,4.027777777777778,3.0,314.27777777777777
q15_VE1__page_wmax,offline,cell=pb_omnimath_q4,241,759,0.2015810276679842,0.22266139657444006,0.5757575757575758,0.1,0.0954356846473029,2.3224303474942958,0.10540184453227931,0.022397891963109356,0.03557312252964427,0.8590250329380764,3.6625,3.0,314.4
q15_VE1__page_wmax,offline,cell=pb_omnimath_q4,241,759,0.2015810276679842,0.22266139657444006,0.5757575757575758,0.2,0.17427385892116182,2.101165144235999,0.18050065876152832,0.03557312252964427,0.05533596837944664,0.764163372859025,3.3503649635036497,3.0,311.54744525547443
q15_VE1__page_wmax,offline,cell=pb_omnimath_q4,241,759,0.2015810276679842,0.22266139657444006,0.5757575757575758,0.3,0.27385892116182575,1.9428114965118897,0.28063241106719367,0.05533596837944664,0.08036890645586298,0.6389986824769434,3.1502347417840375,2.0,299.94835680751174
q15_VE1__page_wmax,offline,cell=pb_omnimath_q8,241,759,0.22134387351778656,0.19104084321475626,0.5876152832674572,0.05,0.016597510373443983,2.6392233663777236,0.043478260869565216,0.00922266139657444,0.010540184453227932,0.9459815546772069,3.8181818181818183,3.0,287.3939393939394
q15_VE1__page_wmax,offline,cell=pb_omnimath_q8,241,759,0.22134387351778656,0.19104084321475626,0.5876152832674572,0.1,0.08713692946058091,2.3224303474942958,0.1067193675889328,0.021080368906455864,0.03293807641633729,0.8603425559947299,3.876543209876543,3.0,312.0617283950617
q15_VE1__page_wmax,offline,cell=pb_omnimath_q8,241,759,0.22134387351778656,0.19104084321475626,0.5876152832674572,0.2,0.17012448132780084,2.1664372256556326,0.1686429512516469,0.03689064558629776,0.04479578392621871,0.7865612648221344,3.390625,3.0,297.078125
q15_VE1__page_wmax,offline,cell=pb_omnimath_q8,241,759,0.22134387351778656,0.19104084321475626,0.5876152832674572,0.3,0.27385892116182575,1.9864084831767281,0.2608695652173913,0.05665349143610013,0.06851119894598155,0.6706192358366272,3.0656565656565657,2.0,291.0959595959596
chosen_surprisal__page_wmax,offline,macro8_all,2358,4442,0.12922107158937415,0.8586222422332283,0.012156686177397569,0.05,0.027989821882951654,3.354369796749208,0.004502476361999099,0.004502476361999099,0.0384961728950923,0.9570013507429086,0.0,0.0,0.0
chosen_surprisal__page_wmax,offline,macro8_all,2358,4442,0.12922107158937415,0.8586222422332283,0.012156686177397569,0.1,0.09626802374893978,2.9209605204766906,0.00810445745159838,0.007879333633498424,0.11368752814047726,0.8782080144079244,0.1388888888888889,0.0,8.833333333333334
chosen_surprisal__page_wmax,offline,macro8_all,2358,4442,0.12922107158937415,0.8586222422332283,0.012156686177397569,0.2,0.19338422391857507,2.5987309191023953,0.018009905447996397,0.017109410175596577,0.22264745610085548,0.7593426384511481,0.1875,0.0,14.125
chosen_surprisal__page_wmax,offline,macro8_all,2358,4442,0.12922107158937415,0.8586222422332283,0.012156686177397569,0.3,0.28965224766751485,2.398913997898099,0.0270148581719946,0.025213867627194957,0.33273300315173343,0.640252138676272,0.225,0.0,21.2
chosen_surprisal__page_wmax,offline,steps_2_to_5,950,1312,0.23094512195121952,0.7545731707317073,0.014481707317073171,0.05,0.04,1.9855078289851689,0.013719512195121951,0.013719512195121951,0.04344512195121951,0.9428353658536586,0.0,0.0,0.0
chosen_surprisal__page_wmax,offline,steps_2_to_5,950,1312,0.23094512195121952,0.7545731707317073,0.014481707317073171,0.1,0.04,1.9855078289851689,0.013719512195121951,0.013719512195121951,0.04344512195121951,0.9428353658536586,0.0,0.0,0.0
chosen_surprisal__page_wmax,offline,steps_2_to_5,950,1312,0.23094512195121952,0.7545731707317073,0.014481707317073171,0.2,0.13578947368421052,1.9637208826771584,0.026676829268292682,0.026676829268292682,0.10823170731707317,0.8650914634146342,0.0,0.0,0.0
chosen_surprisal__page_wmax,offline,steps_2_to_5,950,1312,0.23094512195121952,0.7545731707317073,0.014481707317073171,0.3,0.2326315789473684,1.9306448713214117,0.039634146341463415,0.039634146341463415,0.16844512195121952,0.791920731707317,0.0,0.0,0.0
chosen_surprisal__page_wmax,offline,steps_6_to_10,1124,2308,0.09402079722703639,0.8990467937608319,0.006932409012131715,0.05,0.04804270462633452,2.799387919923032,0.0034662045060658577,0.0034662045060658577,0.048960138648180246,0.9475736568457539,0.0,0.0,0.0
chosen_surprisal__page_wmax,offline,steps_6_to_10,1124,2308,0.09402079722703639,0.8990467937608319,0.006932409012131715,0.1,0.099644128113879,2.692702104154945,0.006932409012131715,0.006932409012131715,0.10138648180242635,0.891681109185442,0.0,0.0,0.0
chosen_surprisal__page_wmax,offline,steps_6_to_10,1124,2308,0.09402079722703639,0.8990467937608319,0.006932409012131715,0.2,0.1699288256227758,2.5987309191023953,0.012131715771230503,0.012131715771230503,0.15294627383015597,0.8349220103986135,0.0,0.0,0.0
chosen_surprisal__page_wmax,offline,steps_6_to_10,1124,2308,0.09402079722703639,0.8990467937608319,0.006932409012131715,0.3,0.29537366548042704,2.4555682017258924,0.021663778162911613,0.021663778162911613,0.2837954939341421,0.6945407279029463,0.0,0.0,0.0
chosen_surprisal__page_wmax,offline,steps_11_plus,284,822,0.06569343065693431,0.9111922141119222,0.023114355231143552,0.3,0.2323943661971831,3.354369796749208,0.024330900243309004,0.024330900243309004,0.20802919708029197,0.767639902676399,0.0,0.0,0.0
chosen_surprisal__page_wmax,offline,cell=pb_gsm8k_q4,193,207,0.19806763285024154,0.7971014492753623,0.004830917874396135,0.05,0.046632124352331605,2.398913997898099,0.004830917874396135,0.004830917874396135,0.04830917874396135,0.9468599033816425,0.0,0.0,0.0
chosen_surprisal__page_wmax,offline,cell=pb_gsm8k_q4,193,207,0.19806763285024154,0.7971014492753623,0.004830917874396135,0.1,0.09844559585492228,2.2850374233833026,0.00966183574879227,0.00966183574879227,0.11594202898550725,0.8743961352657005,0.0,0.0,0.0
chosen_surprisal__page_wmax,offline,cell=pb_gsm8k_q4,193,207,0.19806763285024154,0.7971014492753623,0.004830917874396135,0.2,0.18652849740932642,2.1538955098732924,0.014492753623188406,0.014492753623188406,0.19806763285024154,0.7874396135265701,0.0,0.0,0.0
chosen_surprisal__page_wmax,offline,cell=pb_gsm8k_q4,193,207,0.19806763285024154,0.7971014492753623,0.004830917874396135,0.3,0.27979274611398963,2.0423218596887756,0.01932367149758454,0.01932367149758454,0.2753623188405797,0.7053140096618358,0.0,0.0,0.0
chosen_surprisal__page_wmax,offline,cell=pb_gsm8k_q8,193,207,0.1932367149758454,0.8019323671497585,0.004830917874396135,0.05,0.04145077720207254,2.4555682017258924,0.004830917874396135,0.004830917874396135,0.028985507246376812,0.966183574879227,0.0,0.0,0.0
chosen_surprisal__page_wmax,offline,cell=pb_gsm8k_q8,193,207,0.1932367149758454,0.8019323671497585,0.004830917874396135,0.1,0.09844559585492228,2.2850374233833026,0.00966183574879227,0.00966183574879227,0.10144927536231885,0.8888888888888888,0.0,0.0,0.0
chosen_surprisal__page_wmax,offline,cell=pb_gsm8k_q8,193,207,0.1932367149758454,0.8019323671497585,0.004830917874396135,0.2,0.17616580310880828,2.1888544696115857,0.014492753623188406,0.014492753623188406,0.17391304347826086,0.8115942028985508,0.0,0.0,0.0
chosen_surprisal__page_wmax,offline,cell=pb_gsm8k_q8,193,207,0.1932367149758454,0.8019323671497585,0.004830917874396135,0.3,0.29533678756476683,2.0423218596887756,0.014492753623188406,0.014492753623188406,0.28019323671497587,0.7053140096618358,0.0,0.0,0.0
chosen_surprisal__page_wmax,offline,cell=pb_math_q4,406,594,0.19865319865319866,0.765993265993266,0.03535353535353535,0.05,0.03694581280788178,3.077766714974496,0.003367003367003367,0.003367003367003367,0.04040404040404041,0.9562289562289562,0.0,0.0,0.0
chosen_surprisal__page_wmax,offline,cell=pb_math_q4,406,594,0.19865319865319866,0.765993265993266,0.03535353535353535,0.1,0.08620689655172414,2.692702104154945,0.015151515151515152,0.015151515151515152,0.1111111111111111,0.8737373737373737,0.0,0.0,0.0
chosen_surprisal__page_wmax,offline,cell=pb_math_q4,406,594,0.19865319865319866,0.765993265993266,0.03535353535353535,0.2,0.19704433497536947,2.398913997898099,0.026936026936026935,0.026936026936026935,0.21043771043771045,0.7626262626262627,0.0,0.0,0.0
chosen_surprisal__page_wmax,offline,cell=pb_math_q4,406,594,0.19865319865319866,0.765993265993266,0.03535353535353535,0.3,0.270935960591133,2.2219345696642576,0.03872053872053872,0.03872053872053872,0.29797979797979796,0.6632996632996633,0.0,0.0,0.0
chosen_surprisal__page_wmax,offline,cell=pb_math_q8,406,594,0.19528619528619529,0.7912457912457912,0.013468013468013467,0.05,0.034482758620689655,3.077766714974496,0.006734006734006734,0.006734006734006734,0.05555555555555555,0.9377104377104377,0.0,0.0,0.0
chosen_surprisal__page_wmax,offline,cell=pb_math_q8,406,594,0.19528619528619529,0.7912457912457912,0.013468013468013467,0.1,0.08374384236453201,2.692702104154945,0.016835016835016835,0.016835016835016835,0.13636363636363635,0.8468013468013468,0.0,0.0,0.0
chosen_surprisal__page_wmax,offline,cell=pb_math_q8,406,594,0.19528619528619529,0.7912457912457912,0.013468013468013467,0.2,0.1748768472906404,2.4555682017258924,0.026936026936026935,0.026936026936026935,0.22053872053872053,0.7525252525252525,0.0,0.0,0.0
chosen_surprisal__page_wmax,offline,cell=pb_math_q8,406,594,0.19528619528619529,0.7912457912457912,0.013468013468013467,0.3,0.2832512315270936,2.2219345696642576,0.04377104377104377,0.04377104377104377,0.3282828282828283,0.6279461279461279,0.0,0.0,0.0
chosen_surprisal__page_wmax,offline,cell=pb_olympiadbench_q4,339,661,0.08018154311649017,0.913767019667171,0.006051437216338881,0.1,0.06784660766961652,3.354369796749208,0.0045385779122541605,0.0045385779122541605,0.05597579425113464,0.9394856278366112,0.0,0.0,0.0
chosen_surprisal__page_wmax,offline,cell=pb_olympiadbench_q4,339,661,0.08018154311649017,0.913767019667171,0.006051437216338881,0.2,0.168141592920354,2.9209605204766906,0.009077155824508321,0.009077155824508321,0.15431164901664146,0.8366111951588502,0.0,0.0,0.0
chosen_surprisal__page_wmax,offline,cell=pb_olympiadbench_q4,339,661,0.08018154311649017,0.913767019667171,0.006051437216338881,0.3,0.2831858407079646,2.692702104154945,0.015128593040847202,0.01361573373676248,0.2723146747352496,0.7125567322239031,0.1,0.0,13.4
chosen_surprisal__page_wmax,offline,cell=pb_olympiadbench_q8,339,661,0.07715582450832073,0.9152798789712556,0.007564296520423601,0.1,0.07964601769911504,3.354369796749208,0.0045385779122541605,0.0045385779122541605,0.07110438729198185,0.924357034795764,0.0,0.0,0.0
chosen_surprisal__page_wmax,offline,cell=pb_olympiadbench_q8,339,661,0.07715582450832073,0.9152798789712556,0.007564296520423601,0.2,0.1887905604719764,2.9209605204766906,0.009077155824508321,0.009077155824508321,0.18910741301059,0.8018154311649016,0.0,0.0,0.0
chosen_surprisal__page_wmax,offline,cell=pb_olympiadbench_q8,339,661,0.07715582450832073,0.9152798789712556,0.007564296520423601,0.3,0.23893805309734514,2.799387919923032,0.009077155824508321,0.009077155824508321,0.2405446293494705,0.7503782148260212,0.0,0.0,0.0
chosen_surprisal__page_wmax,offline,cell=pb_omnimath_q4,241,759,0.10276679841897234,0.8853754940711462,0.011857707509881422,0.05,0.02074688796680498,3.354369796749208,0.006587615283267457,0.006587615283267457,0.03689064558629776,0.9565217391304348,0.0,0.0,0.0
chosen_surprisal__page_wmax,offline,cell=pb_omnimath_q4,241,759,0.10276679841897234,0.8853754940711462,0.011857707509881422,0.1,0.05394190871369295,3.077766714974496,0.007905138339920948,0.007905138339920948,0.06324110671936758,0.9288537549407114,0.0,0.0,0.0
chosen_surprisal__page_wmax,offline,cell=pb_omnimath_q4,241,759,0.10276679841897234,0.8853754940711462,0.011857707509881422,0.2,0.1908713692946058,2.692702104154945,0.014492753623188406,0.013175230566534914,0.18840579710144928,0.7971014492753623,0.45454545454545453,0.0,28.90909090909091
chosen_surprisal__page_wmax,offline,cell=pb_omnimath_q4,241,759,0.10276679841897234,0.8853754940711462,0.011857707509881422,0.3,0.2697095435684647,2.534692650908527,0.019762845849802372,0.01844532279314888,0.27009222661396576,0.7101449275362319,0.3333333333333333,0.0,21.2
chosen_surprisal__page_wmax,offline,cell=pb_omnimath_q8,241,759,0.10144927536231885,0.8919631093544137,0.006587615283267457,0.05,0.024896265560165973,3.354369796749208,0.007905138339920948,0.007905138339920948,0.043478260869565216,0.9486166007905138,0.0,0.0,0.0
chosen_surprisal__page_wmax,offline,cell=pb_omnimath_q8,241,759,0.10144927536231885,0.8919631093544137,0.006587615283267457,0.1,0.07053941908713693,3.077766714974496,0.007905138339920948,0.007905138339920948,0.08432147562582346,0.9077733860342556,0.0,0.0,0.0
chosen_surprisal__page_wmax,offline,cell=pb_omnimath_q8,241,759,0.10144927536231885,0.8919631093544137,0.006587615283267457,0.2,0.1991701244813278,2.692702104154945,0.019762845849802372,0.01844532279314888,0.22397891963109354,0.7562582345191041,0.3333333333333333,0.0,21.2
chosen_surprisal__page_wmax,offline,cell=pb_omnimath_q8,241,759,0.10144927536231885,0.8919631093544137,0.006587615283267457,0.3,0.29045643153526973,2.534692650908527,0.026350461133069828,0.025032938076416336,0.31357048748353095,0.6600790513833992,0.25,0.0,15.9
logprob_margin__page_wmax,offline,macro8_all,2358,4442,0.24561008554705088,0.24245835209365152,0.5119315623592976,0.05,0.03265479219677693,2.6213626284075984,0.03084196307969383,0.00495272399819901,0.009230076542098155,0.959927960378208,5.102189781021898,4.0,377.2992700729927
logprob_margin__page_wmax,offline,macro8_all,2358,4442,0.24561008554705088,0.24245835209365152,0.5119315623592976,0.1,0.0818490245971162,2.289706760161936,0.09927960378208014,0.02363800090049527,0.025438991445294913,0.875281404772625,3.8480725623582765,3.0,316.05442176870747
logprob_margin__page_wmax,offline,macro8_all,2358,4442,0.24561008554705088,0.24245835209365152,0.5119315623592976,0.2,0.19804919423240033,1.9838437992463713,0.20643854119765873,0.050877982890589826,0.06461053579468708,0.7289509230076542,3.050163576881134,2.0,276.1374045801527
logprob_margin__page_wmax,offline,macro8_all,2358,4442,0.24561008554705088,0.24245835209365152,0.5119315623592976,0.3,0.2989821882951654,1.8568003847334216,0.2789284106258442,0.07294011706438541,0.08869878433138226,0.6323728050427735,2.741727199354318,2.0,257.7465698143664
logprob_margin__page_wmax,offline,steps_2_to_5,950,1312,0.37652439024390244,0.20655487804878048,0.4169207317073171,0.05,0.04105263157894737,1.8968796202200469,0.028201219512195123,0.007621951219512195,0.005335365853658537,0.9664634146341463,1.1891891891891893,1.0,156.54054054054055
logprob_margin__page_wmax,offline,steps_2_to_5,950,1312,0.37652439024390244,0.20655487804878048,0.4169207317073171,0.1,0.08315789473684211,1.8214180297258957,0.06326219512195122,0.025914634146341462,0.01753048780487805,0.9192073170731707,1.0,1.0,120.01204819277109
logprob_margin__page_wmax,offline,steps_2_to_5,950,1312,0.37652439024390244,0.20655487804878048,0.4169207317073171,0.2,0.18947368421052632,1.6865559939207162,0.1448170731707317,0.06021341463414634,0.0350609756097561,0.8201219512195121,0.9947368421052631,1.0,112.08947368421053
logprob_margin__page_wmax,offline,steps_2_to_5,950,1312,0.37652439024390244,0.20655487804878048,0.4169207317073171,0.3,0.28842105263157897,1.5943241289243215,0.21875,0.10442073170731707,0.053353658536585365,0.7278963414634146,0.8362369337979094,1.0,98.01393728222996
logprob_margin__page_wmax,offline,steps_6_to_10,1124,2308,0.20623916811091855,0.26429809358752165,0.5294627383015598,0.05,0.03469750889679715,2.418085740872457,0.03552859618717504,0.009532062391681109,0.010398613518197574,0.9540727902946274,2.768292682926829,2.0,250.890243902439
logprob_margin__page_wmax,offline,steps_6_to_10,1124,2308,0.20623916811091855,0.26429809358752165,0.5294627383015598,0.1,0.09074733096085409,2.188139835158336,0.10398613518197573,0.03292894280762565,0.028162911611785094,0.8678509532062392,2.279166666666667,1.5,232.075
logprob_margin__page_wmax,offline,steps_6_to_10,1124,2308,0.20623916811091855,0.26429809358752165,0.5294627383015598,0.2,0.19306049822064056,2.039468106030743,0.17937608318890816,0.04982668977469671,0.05632582322357019,0.7642980935875217,2.2753623188405796,1.0,239.02657004830917
logprob_margin__page_wmax,offline,steps_6_to_10,1124,2308,0.20623916811091855,0.26429809358752165,0.5294627383015598,0.3,0.28558718861209964,1.9391284474625465,0.24610051993067592,0.07452339688041594,0.0779896013864818,0.6759098786828422,2.132042253521127,1.0,233.6056338028169
logprob_margin__page_wmax,offline,steps_11_plus,284,822,0.14720194647201945,0.2384428223844282,0.6143552311435523,0.3,0.22535211267605634,2.6213626284075984,0.14720194647201945,0.023114355231143552,0.0364963503649635,0.816301703163017,5.371900826446281,4.0,397.25619834710744
logprob_margin__page_wmax,offline,cell=pb_gsm8k_q4,193,207,0.3671497584541063,0.2753623188405797,0.357487922705314,0.05,0.04145077720207254,2.039468106030743,0.06280193236714976,0.033816425120772944,0.00966183574879227,0.927536231884058,1.1538461538461537,0.0,79.23076923076923
logprob_margin__page_wmax,offline,cell=pb_gsm8k_q4,193,207,0.3671497584541063,0.2753623188405797,0.357487922705314,0.1,0.09326424870466321,1.8968796202200469,0.11594202898550725,0.057971014492753624,0.057971014492753624,0.8260869565217391,1.2083333333333333,0.5,76.91666666666667
logprob_margin__page_wmax,offline,cell=pb_gsm8k_q4,193,207,0.3671497584541063,0.2753623188405797,0.357487922705314,0.2,0.18652849740932642,1.7490687466605181,0.18840579710144928,0.08695652173913043,0.10144927536231885,0.7101449275362319,1.2564102564102564,1.0,82.1025641025641
logprob_margin__page_wmax,offline,cell=pb_gsm8k_q4,193,207,0.3671497584541063,0.2753623188405797,0.357487922705314,0.3,0.27979274611398963,1.6550694566991555,0.2463768115942029,0.0966183574879227,0.14009661835748793,0.6135265700483091,1.2549019607843137,1.0,84.72549019607843
logprob_margin__page_wmax,offline,cell=pb_gsm8k_q8,193,207,0.36231884057971014,0.3140096618357488,0.32367149758454106,0.05,0.046632124352331605,1.9838437992463713,0.06280193236714976,0.028985507246376812,0.028985507246376812,0.9082125603864735,1.5384615384615385,1.0,105.61538461538461
logprob_margin__page_wmax,offline,cell=pb_gsm8k_q8,193,207,0.36231884057971014,0.3140096618357488,0.32367149758454106,0.1,0.08808290155440414,1.8968796202200469,0.10144927536231885,0.043478260869565216,0.03864734299516908,0.8599033816425121,1.3333333333333333,1.0,91.66666666666667
logprob_margin__page_wmax,offline,cell=pb_gsm8k_q8,193,207,0.36231884057971014,0.3140096618357488,0.32367149758454106,0.2,0.16580310880829016,1.7490687466605181,0.18357487922705315,0.07246376811594203,0.09178743961352658,0.7246376811594203,1.2894736842105263,1.0,91.47368421052632
logprob_margin__page_wmax,offline,cell=pb_gsm8k_q8,193,207,0.36231884057971014,0.3140096618357488,0.32367149758454106,0.3,0.29015544041450775,1.6217815369087876,0.2753623188405797,0.1111111111111111,0.15458937198067632,0.5700483091787439,1.2280701754385965,1.0,87.0
logprob_margin__page_wmax,offline,cell=pb_math_q4,406,594,0.2542087542087542,0.24074074074074073,0.5050505050505051,0.05,0.04433497536945813,2.289706760161936,0.07744107744107744,0.013468013468013467,0.016835016835016835,0.9057239057239057,4.586956521739131,4.0,365.69565217391306
logprob_margin__page_wmax,offline,cell=pb_math_q4,406,594,0.2542087542087542,0.24074074074074073,0.5050505050505051,0.1,0.09113300492610837,2.1127348784703748,0.12962962962962962,0.026936026936026935,0.02861952861952862,0.8417508417508418,3.896103896103896,3.0,327.46753246753246
logprob_margin__page_wmax,offline,cell=pb_math_q4,406,594,0.2542087542087542,0.24074074074074073,0.5050505050505051,0.2,0.1625615763546798,1.9391284474625465,0.1835016835016835,0.04377104377104377,0.050505050505050504,0.765993265993266,3.220183486238532,2.0,282.4403669724771
logprob_margin__page_wmax,offline,cell=pb_math_q4,406,594,0.2542087542087542,0.24074074074074073,0.5050505050505051,0.3,0.29064039408866993,1.78303942731471,0.2777777777777778,0.0707070707070707,0.08754208754208755,0.6346801346801347,2.7393939393939393,2.0,249.33333333333334
logprob_margin__page_wmax,offline,cell=pb_math_q8,406,594,0.24579124579124578,0.2255892255892256,0.5286195286195287,0.05,0.046798029556650245,2.289706760161936,0.08417508417508418,0.021885521885521887,0.013468013468013467,0.9023569023569024,4.38,4.0,344.6
logprob_margin__page_wmax,offline,cell=pb_math_q8,406,594,0.24579124579124578,0.2255892255892256,0.5286195286195287,0.1,0.08866995073891626,2.1127348784703748,0.13804713804713806,0.02861952861952862,0.030303030303030304,0.8316498316498316,4.2073170731707314,4.0,362.1585365853659
logprob_margin__page_wmax,offline,cell=pb_math_q8,406,594,0.24579124579124578,0.2255892255892256,0.5286195286195287,0.2,0.16748768472906403,1.9391284474625465,0.18855218855218855,0.03535353535353535,0.05218855218855219,0.7592592592592593,3.7589285714285716,3.0,347.74107142857144
logprob_margin__page_wmax,offline,cell=pb_math_q8,406,594,0.24579124579124578,0.2255892255892256,0.5286195286195287,0.3,0.2857142857142857,1.78303942731471,0.26936026936026936,0.06060606060606061,0.08417508417508418,0.6464646464646465,3.05,2.0,277.85625
logprob_margin__page_wmax,offline,cell=pb_olympiadbench_q4,339,661,0.2526475037821483,0.26777609682299547,0.4795763993948563,0.1,0.0855457227138643,2.6213626284075984,0.04236006051437216,0.009077155824508321,0.019667170953101363,0.9379727685325264,4.464285714285714,3.0,346.60714285714283
logprob_margin__page_wmax,offline,cell=pb_olympiadbench_q4,339,661,0.2526475037821483,0.26777609682299547,0.4795763993948563,0.2,0.1976401179941003,2.188139835158336,0.1588502269288956,0.048411497730711045,0.0680786686838124,0.773071104387292,2.857142857142857,1.0,245.74285714285713
logprob_margin__page_wmax,offline,cell=pb_olympiadbench_q4,339,661,0.2526475037821483,0.26777609682299547,0.4795763993948563,0.3,0.2949852507374631,2.039468106030743,0.20726172465960666,0.06354009077155824,0.09379727685325265,0.6989409984871406,2.5985401459854014,1.0,224.62773722627736
logprob_margin__page_wmax,offline,cell=pb_olympiadbench_q8,339,661,0.2481089258698941,0.2556732223903177,0.4962178517397882,0.1,0.07079646017699115,2.6213626284075984,0.049924357034795766,0.01059001512859304,0.015128593040847202,0.9349470499243571,4.393939393939394,2.0,329.72727272727275
logprob_margin__page_wmax,offline,cell=pb_olympiadbench_q8,339,661,0.2481089258698941,0.2556732223903177,0.4962178517397882,0.2,0.1887905604719764,2.188139835158336,0.16187594553706505,0.05143721633888049,0.0529500756429652,0.7851739788199698,2.9813084112149535,1.0,248.4018691588785
logprob_margin__page_wmax,offline,cell=pb_olympiadbench_q8,339,661,0.2481089258698941,0.2556732223903177,0.4962178517397882,0.3,0.2713864306784661,2.039468106030743,0.21482602118003025,0.059001512859304085,0.0832072617246596,0.7019667170953101,2.6267605633802815,1.0,228.1056338028169
logprob_margin__page_wmax,offline,cell=pb_omnimath_q4,241,759,0.20948616600790515,0.21870882740447958,0.5718050065876152,0.05,0.03734439834024896,2.6213626284075984,0.03689064558629776,0.006587615283267457,0.006587615283267457,0.9565217391304348,5.071428571428571,3.5,373.82142857142856
logprob_margin__page_wmax,offline,cell=pb_omnimath_q4,241,759,0.20948616600790515,0.21870882740447958,0.5718050065876152,0.1,0.07468879668049792,2.418085740872457,0.0764163372859025,0.014492753623188406,0.013175230566534914,0.9104084321475626,4.362068965517241,4.0,352.2586206896552
logprob_margin__page_wmax,offline,cell=pb_omnimath_q4,241,759,0.20948616600790515,0.21870882740447958,0.5718050065876152,0.2,0.1825726141078838,2.039468106030743,0.19894598155467721,0.03820816864295125,0.05665349143610013,0.7444005270092227,3.615894039735099,3.0,326.2119205298013
logprob_margin__page_wmax,offline,cell=pb_omnimath_q4,241,759,0.20948616600790515,0.21870882740447958,0.5718050065876152,0.3,0.2946058091286307,1.8968796202200469,0.2924901185770751,0.05665349143610013,0.07905138339920949,0.6284584980237155,3.328828828828829,2.0,318.93243243243245
logprob_margin__page_wmax,offline,cell=pb_omnimath_q8,241,759,0.2015810276679842,0.21870882740447958,0.5797101449275363,0.05,0.024896265560165973,2.6213626284075984,0.028985507246376812,0.003952569169960474,0.003952569169960474,0.9670619235836627,5.454545454545454,3.5,402.8636363636364
logprob_margin__page_wmax,offline,cell=pb_omnimath_q8,241,759,0.2015810276679842,0.21870882740447958,0.5797101449275363,0.1,0.08298755186721991,2.418085740872457,0.07378129117259552,0.014492753623188406,0.011857707509881422,0.9143610013175231,4.267857142857143,4.0,345.7857142857143
logprob_margin__page_wmax,offline,cell=pb_omnimath_q8,241,759,0.2015810276679842,0.21870882740447958,0.5797101449275363,0.2,0.15767634854771784,2.1127348784703748,0.1844532279314888,0.034255599472990776,0.03820816864295125,0.7773386034255599,3.7357142857142858,3.0,344.65714285714284
logprob_margin__page_wmax,offline,cell=pb_omnimath_q8,241,759,0.2015810276679842,0.21870882740447958,0.5797101449275363,0.3,0.2863070539419087,1.9391284474625465,0.2753623188405797,0.052700922266139656,0.06587615283267458,0.6587615283267457,3.277511961722488,2.0,318.1004784688995
true_tail50__page_wmax,offline,macro8_all,2358,4442,0.23075191355245386,0.19923457901846015,0.570013507429086,0.05,0.031806615776081425,3.0442214949296864,0.029266096352994146,0.004502476361999099,0.010130571814497974,0.9606033318325079,5.538461538461538,4.5,419.16153846153844
true_tail50__page_wmax,offline,macro8_all,2358,4442,0.23075191355245386,0.19923457901846015,0.570013507429086,0.1,0.09457167090754877,2.5951850727582007,0.09207564160288159,0.016434038721296715,0.025664115263394866,0.8822602431337235,4.298288508557457,4.0,355.7799511002445
true_tail50__page_wmax,offline,macro8_all,2358,4442,0.23075191355245386,0.19923457901846015,0.570013507429086,0.2,0.19338422391857507,2.312149899627735,0.17964880684376408,0.03444394416929311,0.04682575416479064,0.7735254389914453,3.6766917293233083,3.0,327.5338345864662
true_tail50__page_wmax,offline,macro8_all,2358,4442,0.23075191355245386,0.19923457901846015,0.570013507429086,0.3,0.29346904156064463,2.136415187796715,0.26294461954074744,0.0540297163439892,0.06776226924808645,0.6692931112111662,3.333904109589041,3.0,306.57277397260276
true_tail50__page_wmax,offline,steps_2_to_5,950,1312,0.35746951219512196,0.14405487804878048,0.49847560975609756,0.05,0.0,2.0161750121371487,0.0,0.0,0.0,1.0,nan,nan,nan
true_tail50__page_wmax,offline,steps_2_to_5,950,1312,0.35746951219512196,0.14405487804878048,0.49847560975609756,0.1,0.09789473684210526,1.953023518621669,0.08917682926829268,0.03201219512195122,0.014481707317073171,0.8963414634146342,1.2478632478632479,1.0,140.9059829059829
true_tail50__page_wmax,offline,steps_2_to_5,950,1312,0.35746951219512196,0.14405487804878048,0.49847560975609756,0.2,0.19263157894736843,1.8282741933669822,0.16844512195121952,0.06097560975609756,0.028963414634146343,0.8025914634146342,1.1764705882352942,1.0,137.2760180995475
true_tail50__page_wmax,offline,steps_2_to_5,950,1312,0.35746951219512196,0.14405487804878048,0.49847560975609756,0.3,0.23578947368421052,1.7338236442013382,0.20884146341463414,0.07240853658536585,0.035823170731707314,0.7553353658536586,1.2080291970802919,1.0,141.57299270072994
true_tail50__page_wmax,offline,steps_6_to_10,1124,2308,0.19887348353552858,0.2218370883882149,0.5792894280762565,0.05,0.026690391459074734,2.7719668909405284,0.024696707105719237,0.005632582322357019,0.0034662045060658577,0.9718370883882149,3.263157894736842,3.0,322.29824561403507
true_tail50__page_wmax,offline,steps_6_to_10,1124,2308,0.19887348353552858,0.2218370883882149,0.5792894280762565,0.1,0.060498220640569395,2.5951850727582007,0.05545927209705372,0.01169844020797227,0.010398613518197574,0.9341421143847487,3.125,3.0,330.4765625
true_tail50__page_wmax,offline,steps_6_to_10,1124,2308,0.19887348353552858,0.2218370883882149,0.5792894280762565,0.2,0.16459074733096085,2.3978826226997207,0.12218370883882149,0.0255632582322357,0.022530329289428077,0.8552859618717504,2.74822695035461,2.0,294.1843971631206
true_tail50__page_wmax,offline,steps_6_to_10,1124,2308,0.19887348353552858,0.2218370883882149,0.5792894280762565,0.3,0.26601423487544484,2.231915431493915,0.20667244367417678,0.04679376083188908,0.0415944540727903,0.7517331022530329,2.559748427672956,2.0,272.0314465408805
true_tail50__page_wmax,offline,steps_11_plus,284,822,0.11800486618004866,0.22384428223844283,0.6581508515815085,0.3,0.2640845070422535,3.0442214949296864,0.15815085158150852,0.024330900243309004,0.05474452554744526,0.7871046228710462,5.538461538461538,4.5,419.16153846153844
true_tail50__page_wmax,offline,cell=pb_gsm8k_q4,193,207,0.34782608695652173,0.24154589371980675,0.4106280193236715,0.05,0.04145077720207254,2.3978826226997207,0.033816425120772944,0.00966183574879227,0.004830917874396135,0.961352657004831,3.7142857142857144,2.0,314.2857142857143
true_tail50__page_wmax,offline,cell=pb_gsm8k_q4,193,207,0.34782608695652173,0.24154589371980675,0.4106280193236715,0.1,0.08290155440414508,2.231915431493915,0.06280193236714976,0.01932367149758454,0.01932367149758454,0.9178743961352657,2.769230769230769,1.0,229.53846153846155
true_tail50__page_wmax,offline,cell=pb_gsm8k_q4,193,207,0.34782608695652173,0.24154589371980675,0.4106280193236715,0.2,0.19170984455958548,2.0161750121371487,0.13043478260869565,0.03864734299516908,0.05314009661835749,0.8164251207729468,2.1481481481481484,1.0,149.85185185185185
true_tail50__page_wmax,offline,cell=pb_gsm8k_q4,193,207,0.34782608695652173,0.24154589371980675,0.4106280193236715,0.3,0.27979274611398963,1.953023518621669,0.1932367149758454,0.06763285024154589,0.07729468599033816,0.7294685990338164,1.775,1.0,126.95
true_tail50__page_wmax,offline,cell=pb_gsm8k_q8,193,207,0.30434782608695654,0.20772946859903382,0.48792270531400966,0.05,0.03626943005181347,2.231915431493915,0.09178743961352658,0.01932367149758454,0.00966183574879227,0.8985507246376812,3.3684210526315788,4.0,223.21052631578948
true_tail50__page_wmax,offline,cell=pb_gsm8k_q8,193,207,0.30434782608695654,0.20772946859903382,0.48792270531400966,0.1,0.09844559585492228,2.0779942676444207,0.12077294685990338,0.01932367149758454,0.04830917874396135,0.8309178743961353,3.16,3.0,201.44
true_tail50__page_wmax,offline,cell=pb_gsm8k_q8,193,207,0.30434782608695654,0.20772946859903382,0.48792270531400966,0.2,0.18652849740932642,1.9866059611111118,0.14009661835748793,0.024154589371980676,0.0821256038647343,0.7777777777777778,2.5517241379310347,2.0,160.0
true_tail50__page_wmax,offline,cell=pb_gsm8k_q8,193,207,0.30434782608695654,0.20772946859903382,0.48792270531400966,0.3,0.25906735751295334,1.9144375708334762,0.21256038647342995,0.043478260869565216,0.09178743961352658,0.6956521739130435,2.159090909090909,2.0,135.1818181818182
true_tail50__page_wmax,offline,cell=pb_math_q4,406,594,0.24074074074074073,0.19023569023569023,0.569023569023569,0.05,0.04433497536945813,2.7719668909405284,0.04040404040404041,0.003367003367003367,0.015151515151515152,0.9444444444444444,5.791666666666667,5.0,473.1666666666667
true_tail50__page_wmax,offline,cell=pb_math_q4,406,594,0.24074074074074073,0.19023569023569023,0.569023569023569,0.1,0.08866995073891626,2.4741915096078406,0.10437710437710437,0.011784511784511785,0.025252525252525252,0.8703703703703703,4.564516129032258,4.0,407.51612903225805
true_tail50__page_wmax,offline,cell=pb_math_q4,406,594,0.24074074074074073,0.19023569023569023,0.569023569023569,0.2,0.1625615763546798,2.231915431493915,0.17845117845117844,0.021885521885521887,0.04882154882154882,0.7727272727272727,4.132075471698113,4.0,367.811320754717
true_tail50__page_wmax,offline,cell=pb_math_q4,406,594,0.24074074074074073,0.19023569023569023,0.569023569023569,0.3,0.27832512315270935,2.0161750121371487,0.2609427609427609,0.04882154882154882,0.06734006734006734,0.6717171717171717,3.5483870967741935,3.0,319.1677419354839
true_tail50__page_wmax,offline,cell=pb_math_q8,406,594,0.23232323232323232,0.1447811447811448,0.622895622895623,0.05,0.046798029556650245,2.7719668909405284,0.03367003367003367,0.0,0.006734006734006734,0.9595959595959596,5.75,5.0,454.3
true_tail50__page_wmax,offline,cell=pb_math_q8,406,594,0.23232323232323232,0.1447811447811448,0.622895622895623,0.1,0.08374384236453201,2.4741915096078406,0.09259259259259259,0.010101010101010102,0.021885521885521887,0.8855218855218855,5.036363636363636,5.0,435.8363636363636
true_tail50__page_wmax,offline,cell=pb_math_q8,406,594,0.23232323232323232,0.1447811447811448,0.622895622895623,0.2,0.1896551724137931,2.1903866836330166,0.21717171717171718,0.03198653198653199,0.045454545454545456,0.7373737373737373,3.86046511627907,4.0,344.72868217054264
true_tail50__page_wmax,offline,cell=pb_math_q8,406,594,0.23232323232323232,0.1447811447811448,0.622895622895623,0.3,0.2857142857142857,2.0161750121371487,0.265993265993266,0.03872053872053872,0.06060606060606061,0.6734006734006734,3.8227848101265822,3.0,338.5189873417722
true_tail50__page_wmax,offline,cell=pb_olympiadbench_q4,339,661,0.22390317700453857,0.2617246596066566,0.5143721633888049,0.1,0.05604719764011799,3.0442214949296864,0.04084720121028744,0.007564296520423601,0.01664145234493192,0.9425113464447806,4.333333333333333,2.0,287.48148148148147
true_tail50__page_wmax,offline,cell=pb_olympiadbench_q4,339,661,0.22390317700453857,0.2617246596066566,0.5143721633888049,0.2,0.1976401179941003,2.4741915096078406,0.1664145234493192,0.036308623298033284,0.04236006051437216,0.7912254160363086,3.2636363636363637,2.0,288.1545454545454
true_tail50__page_wmax,offline,cell=pb_olympiadbench_q4,339,661,0.22390317700453857,0.2617246596066566,0.5143721633888049,0.3,0.2949852507374631,2.312149899627735,0.22239031770045387,0.048411497730711045,0.07261724659606657,0.7049924357034796,3.074829931972789,2.0,288.6734693877551
true_tail50__page_wmax,offline,cell=pb_olympiadbench_q8,339,661,0.22995461422087746,0.2254160363086233,0.5446293494704992,0.1,0.06489675516224189,3.0442214949296864,0.0453857791225416,0.007564296520423601,0.012102874432677761,0.9425113464447806,5.166666666666667,6.0,363.1333333333333
true_tail50__page_wmax,offline,cell=pb_olympiadbench_q8,339,661,0.22995461422087746,0.2254160363086233,0.5446293494704992,0.2,0.17404129793510326,2.5951850727582007,0.11951588502269289,0.030257186081694403,0.037821482602118005,0.8426626323751891,4.265822784810126,3.0,318.43037974683546
true_tail50__page_wmax,offline,cell=pb_olympiadbench_q8,339,661,0.22995461422087746,0.2254160363086233,0.5446293494704992,0.3,0.28023598820059,2.3978826226997207,0.19062027231467474,0.046898638426626324,0.049924357034795766,0.7594553706505295,3.7063492063492065,2.0,311.07936507936506
true_tail50__page_wmax,offline,cell=pb_omnimath_q4,241,759,0.21212121212121213,0.19367588932806323,0.5942028985507246,0.05,0.04564315352697095,3.0442214949296864,0.034255599472990776,0.005270092226613966,0.013175230566534914,0.9525691699604744,5.961538461538462,3.5,483.96153846153845
true_tail50__page_wmax,offline,cell=pb_omnimath_q4,241,759,0.21212121212121213,0.19367588932806323,0.5942028985507246,0.1,0.0995850622406639,2.5951850727582007,0.1080368906455863,0.01844532279314888,0.028985507246376812,0.8629776021080369,4.097560975609756,3.0,339.8170731707317
true_tail50__page_wmax,offline,cell=pb_omnimath_q4,241,759,0.21212121212121213,0.19367588932806323,0.5942028985507246,0.2,0.17842323651452283,2.3978826226997207,0.16469038208168643,0.034255599472990776,0.04084321475625823,0.7944664031620553,3.752,3.0,338.68
true_tail50__page_wmax,offline,cell=pb_omnimath_q4,241,759,0.21212121212121213,0.19367588932806323,0.5942028985507246,0.3,0.2697095435684647,2.1903866836330166,0.25823451910408435,0.05665349143610013,0.06060606060606061,0.6811594202898551,3.2551020408163267,2.0,307.39285714285717
true_tail50__page_wmax,offline,cell=pb_omnimath_q8,241,759,0.19499341238471674,0.16337285902503293,0.6416337285902504,0.05,0.03319502074688797,3.0442214949296864,0.030303030303030304,0.007905138339920948,0.015810276679841896,0.9538866930171278,5.478260869565218,3.0,442.8695652173913
true_tail50__page_wmax,offline,cell=pb_omnimath_q8,241,759,0.19499341238471674,0.16337285902503293,0.6416337285902504,0.1,0.08713692946058091,2.7719668909405284,0.06719367588932806,0.014492753623188406,0.019762845849802372,0.9130434782608695,4.294117647058823,3.0,353.7647058823529
true_tail50__page_wmax,offline,cell=pb_omnimath_q8,241,759,0.19499341238471674,0.16337285902503293,0.6416337285902504,0.2,0.1950207468879668,2.4741915096078406,0.14492753623188406,0.026350461133069828,0.03557312252964427,0.8194993412384717,4.054545454545455,3.0,344.3454545454546
true_tail50__page_wmax,offline,cell=pb_omnimath_q8,241,759,0.19499341238471674,0.16337285902503293,0.6416337285902504,0.3,0.2821576763485477,2.231915431493915,0.25296442687747034,0.04743083003952569,0.0461133069828722,0.7009222661396575,3.640625,3.0,330.5208333333333
energy_level__page_wmax,offline,macro8_all,2358,4442,0.18932913102206214,0.09635299414678072,0.7143178748311572,0.05,0.04368108566581849,2.4624580573079977,0.07879333633498424,0.010580819450697884,0.009004952723998198,0.9122017109410175,5.577142857142857,4.0,450.1257142857143
energy_level__page_wmax,offline,macro8_all,2358,4442,0.18932913102206214,0.09635299414678072,0.7143178748311572,0.1,0.09711620016963528,2.2224480069147203,0.15083295812696984,0.023863124718595228,0.014407924358397118,0.834759117514633,4.650746268656716,4.0,406.47462686567167
energy_level__page_wmax,offline,macro8_all,2358,4442,0.18932913102206214,0.09635299414678072,0.7143178748311572,0.2,0.18193384223918574,2.0309395512385393,0.24583520936515083,0.04164790634849167,0.024538496172895094,0.729626294461954,4.157509157509158,3.0,386.9139194139194
energy_level__page_wmax,offline,macro8_all,2358,4442,0.18932913102206214,0.09635299414678072,0.7143178748311572,0.3,0.2731128074639525,1.898602841162033,0.3343088698784331,0.06055830706888789,0.035119315623592974,0.6305718144979738,3.725925925925926,3.0,357.1892255892256
energy_level__page_wmax,offline,steps_2_to_5,950,1312,0.29496951219512196,0.0701219512195122,0.6349085365853658,0.05,0.04736842105263158,1.898602841162033,0.06554878048780488,0.020579268292682928,0.0022865853658536584,0.9321646341463414,1.3488372093023255,1.0,166.6860465116279
energy_level__page_wmax,offline,steps_2_to_5,950,1312,0.29496951219512196,0.0701219512195122,0.6349085365853658,0.1,0.08736842105263158,1.8116791058218762,0.11128048780487805,0.036585365853658534,0.003048780487804878,0.885670731707317,1.226027397260274,1.0,139.0205479452055
energy_level__page_wmax,offline,steps_2_to_5,950,1312,0.29496951219512196,0.0701219512195122,0.6349085365853658,0.2,0.19473684210526315,1.6797609617111542,0.2339939024390244,0.08917682926829268,0.007621951219512195,0.7583841463414634,1.1042345276872965,1.0,121.61237785016287
energy_level__page_wmax,offline,steps_2_to_5,950,1312,0.29496951219512196,0.0701219512195122,0.6349085365853658,0.3,0.2873684210526316,1.5904915695289934,0.3239329268292683,0.11661585365853659,0.018292682926829267,0.6577743902439024,1.1176470588235294,1.0,122.97411764705882
energy_level__page_wmax,offline,steps_6_to_10,1124,2308,0.16594454072790293,0.10441941074523396,0.729636048526863,0.05,0.030249110320284697,2.4624580573079977,0.04722703639514731,0.00779896013864818,0.0025996533795493936,0.9501733102253033,3.3394495412844036,4.0,357.1926605504587
energy_level__page_wmax,offline,steps_6_to_10,1124,2308,0.16594454072790293,0.10441941074523396,0.729636048526863,0.1,0.08807829181494661,2.2224480069147203,0.1304159445407279,0.0255632582322357,0.006499133448873483,0.8630849220103987,2.870431893687708,2.0,313.6146179401993
energy_level__page_wmax,offline,steps_6_to_10,1124,2308,0.16594454072790293,0.10441941074523396,0.729636048526863,0.2,0.18327402135231316,2.0892930324164607,0.21317157712305027,0.04289428076256499,0.012564991334488735,0.774263431542461,2.8069105691056913,2.0,319.8069105691057
energy_level__page_wmax,offline,steps_6_to_10,1124,2308,0.16594454072790293,0.10441941074523396,0.729636048526863,0.3,0.26601423487544484,1.9826850479460194,0.2959272097053726,0.06152512998266898,0.021663778162911613,0.6824090121317158,2.732064421669107,2.0,310.696925329429
energy_level__page_wmax,offline,steps_11_plus,284,822,0.08637469586374696,0.11557177615571776,0.7980535279805353,0.2,0.1443661971830986,2.6729334927867887,0.18856447688564476,0.025547445255474453,0.027980535279805353,0.7834549878345499,7.15483870967742,5.0,500.01935483870966
energy_level__page_wmax,offline,steps_11_plus,284,822,0.08637469586374696,0.11557177615571776,0.7980535279805353,0.3,0.24295774647887325,2.4624580573079977,0.29318734793187345,0.03527980535279805,0.0413625304136253,0.6654501216545012,6.589211618257261,5.0,492.15767634854774
energy_level__page_wmax,offline,cell=pb_gsm8k_q4,193,207,0.30917874396135264,0.1497584541062802,0.5410628019323671,0.05,0.04145077720207254,2.0309395512385393,0.09178743961352658,0.03864734299516908,0.0,0.9082125603864735,1.263157894736842,1.0,76.21052631578948
energy_level__page_wmax,offline,cell=pb_gsm8k_q4,193,207,0.30917874396135264,0.1497584541062802,0.5410628019323671,0.1,0.08808290155440414,1.9391496250069198,0.1642512077294686,0.057971014492753624,0.024154589371980676,0.8115942028985508,1.3529411764705883,1.0,87.05882352941177
energy_level__page_wmax,offline,cell=pb_gsm8k_q4,193,207,0.30917874396135264,0.1497584541062802,0.5410628019323671,0.2,0.18134715025906736,1.8116791058218762,0.2560386473429952,0.08695652173913043,0.033816425120772944,0.7101449275362319,1.3962264150943395,1.0,89.50943396226415
energy_level__page_wmax,offline,cell=pb_gsm8k_q4,193,207,0.30917874396135264,0.1497584541062802,0.5410628019323671,0.3,0.25906735751295334,1.7343226598193955,0.2946859903381642,0.10144927536231885,0.04830917874396135,0.6570048309178744,1.4426229508196722,1.0,89.55737704918033
energy_level__page_wmax,offline,cell=pb_gsm8k_q8,193,207,0.27053140096618356,0.09178743961352658,0.6376811594202898,0.05,0.015544041450777202,2.2224480069147203,0.05314009661835749,0.00966183574879227,0.0,0.9468599033816425,3.090909090909091,2.0,231.54545454545453
energy_level__page_wmax,offline,cell=pb_gsm8k_q8,193,207,0.27053140096618356,0.09178743961352658,0.6376811594202898,0.1,0.09844559585492228,2.0309395512385393,0.10628019323671498,0.01932367149758454,0.004830917874396135,0.8888888888888888,2.590909090909091,2.0,175.5
energy_level__page_wmax,offline,cell=pb_gsm8k_q8,193,207,0.27053140096618356,0.09178743961352658,0.6376811594202898,0.2,0.19689119170984457,1.8535843388639253,0.21256038647342995,0.057971014492753624,0.00966183574879227,0.7777777777777778,2.0454545454545454,1.5,150.4090909090909
energy_level__page_wmax,offline,cell=pb_gsm8k_q8,193,207,0.27053140096618356,0.09178743961352658,0.6376811594202898,0.3,0.27461139896373055,1.7100582137330567,0.357487922705314,0.11594202898550725,0.01932367149758454,0.6231884057971014,1.7702702702702702,1.0,125.89189189189189
energy_level__page_wmax,offline,cell=pb_math_q4,406,594,0.2356902356902357,0.11952861952861953,0.6447811447811448,0.05,0.04926108374384237,2.2224480069147203,0.11616161616161616,0.020202020202020204,0.013468013468013467,0.8703703703703703,4.492753623188406,4.0,376.30434782608694
energy_level__page_wmax,offline,cell=pb_math_q4,406,594,0.2356902356902357,0.11952861952861953,0.6447811447811448,0.1,0.0812807881773399,2.0892930324164607,0.15824915824915825,0.02861952861952862,0.020202020202020204,0.8215488215488216,4.287234042553192,3.0,378.468085106383
energy_level__page_wmax,offline,cell=pb_math_q4,406,594,0.2356902356902357,0.11952861952861953,0.6447811447811448,0.2,0.17980295566502463,1.898602841162033,0.27441077441077444,0.058922558922558925,0.037037037037037035,0.6885521885521886,3.4355828220858897,2.0,320.6871165644172
energy_level__page_wmax,offline,cell=pb_math_q4,406,594,0.2356902356902357,0.11952861952861953,0.6447811447811448,0.3,0.2684729064039409,1.7752308149604976,0.3333333333333333,0.06902356902356903,0.050505050505050504,0.6161616161616161,3.2222222222222223,2.0,298.85353535353534
energy_level__page_wmax,offline,cell=pb_math_q8,406,594,0.16498316498316498,0.0723905723905724,0.7626262626262627,0.05,0.04187192118226601,2.3331442968121174,0.09932659932659933,0.013468013468013467,0.006734006734006734,0.8939393939393939,6.0,5.0,488.9491525423729
energy_level__page_wmax,offline,cell=pb_math_q8,406,594,0.16498316498316498,0.0723905723905724,0.7626262626262627,0.1,0.0812807881773399,2.147531367625852,0.16161616161616163,0.018518518518518517,0.006734006734006734,0.8316498316498316,5.291666666666667,4.5,461.5104166666667
energy_level__page_wmax,offline,cell=pb_math_q8,406,594,0.16498316498316498,0.0723905723905724,0.7626262626262627,0.2,0.1896551724137931,1.9391496250069198,0.26262626262626265,0.037037037037037035,0.013468013468013467,0.7239057239057239,4.282051282051282,4.0,396.61538461538464
energy_level__page_wmax,offline,cell=pb_math_q8,406,594,0.16498316498316498,0.0723905723905724,0.7626262626262627,0.3,0.2881773399014778,1.8116791058218762,0.335016835016835,0.050505050505050504,0.016835016835016835,0.6481481481481481,3.9145728643216082,3.0,362.90452261306535
energy_level__page_wmax,offline,cell=pb_olympiadbench_q4,339,661,0.22087745839636913,0.1422087745839637,0.6369137670196672,0.05,0.02359882005899705,2.6729334927867887,0.05446293494704992,0.01361573373676248,0.015128593040847202,0.9304084720121029,5.305555555555555,3.0,402.97222222222223
energy_level__page_wmax,offline,cell=pb_olympiadbench_q4,339,661,0.22087745839636913,0.1422087745839637,0.6369137670196672,0.1,0.058997050147492625,2.4624580573079977,0.09531013615733737,0.02118003025718608,0.024205748865355523,0.8804841149773072,4.349206349206349,4.0,372.031746031746
energy_level__page_wmax,offline,cell=pb_olympiadbench_q4,339,661,0.22087745839636913,0.1422087745839637,0.6369137670196672,0.2,0.16224188790560473,2.2224480069147203,0.16792738275340394,0.039334341906202726,0.036308623298033284,0.7957639939485628,3.630630630630631,3.0,314.73873873873873
energy_level__page_wmax,offline,cell=pb_olympiadbench_q4,339,661,0.22087745839636913,0.1422087745839637,0.6369137670196672,0.3,0.28023598820059,2.0309395512385393,0.28290468986384265,0.07413010590015129,0.05143721633888049,0.6656580937972768,3.2887700534759357,3.0,317.5347593582888
energy_level__page_wmax,offline,cell=pb_olympiadbench_q8,339,661,0.16944024205748864,0.07413010590015129,0.75642965204236,0.05,0.02654867256637168,2.6729334927867887,0.060514372163388806,0.007564296520423601,0.0045385779122541605,0.9349470499243571,6.475,3.5,500.275
energy_level__page_wmax,offline,cell=pb_olympiadbench_q8,339,661,0.16944024205748864,0.07413010590015129,0.75642965204236,0.1,0.07964601769911504,2.4624580573079977,0.11043872919818457,0.01361573373676248,0.007564296520423601,0.8819969742813918,5.671232876712328,4.0,473.73972602739724
energy_level__page_wmax,offline,cell=pb_olympiadbench_q8,339,661,0.16944024205748864,0.07413010590015129,0.75642965204236,0.2,0.1710914454277286,2.2224480069147203,0.2087745839636914,0.030257186081694403,0.012102874432677761,0.7791225416036308,4.920289855072464,4.0,421.2028985507246
energy_level__page_wmax,offline,cell=pb_olympiadbench_q8,339,661,0.16944024205748864,0.07413010590015129,0.75642965204236,0.3,0.2831858407079646,2.0309395512385393,0.3177004538577912,0.046898638426626324,0.02723146747352496,0.6550680786686838,4.366666666666666,3.0,394.53333333333336
energy_level__page_wmax,offline,cell=pb_omnimath_q4,241,759,0.17918313570487485,0.10935441370223979,0.7114624505928854,0.05,0.03319502074688797,2.6729334927867887,0.048748353096179184,0.006587615283267457,0.005270092226613966,0.9459815546772069,6.1891891891891895,4.0,420.7567567567568
energy_level__page_wmax,offline,cell=pb_omnimath_q4,241,759,0.17918313570487485,0.10935441370223979,0.7114624505928854,0.1,0.07053941908713693,2.4624580573079977,0.08563899868247694,0.006587615283267457,0.00922266139657444,0.9051383399209486,5.384615384615385,4.0,423.96923076923076
energy_level__page_wmax,offline,cell=pb_omnimath_q4,241,759,0.17918313570487485,0.10935441370223979,0.7114624505928854,0.2,0.17427385892116182,2.147531367625852,0.20553359683794467,0.030303030303030304,0.017127799736495388,0.7773386034255599,4.397435897435898,4.0,403.5833333333333
energy_level__page_wmax,offline,cell=pb_omnimath_q4,241,759,0.17918313570487485,0.10935441370223979,0.7114624505928854,0.3,0.2987551867219917,1.9391496250069198,0.33069828722002637,0.05401844532279315,0.034255599472990776,0.6350461133069829,3.749003984063745,3.0,364.3426294820717
energy_level__page_wmax,offline,cell=pb_omnimath_q8,241,759,0.11725955204216074,0.05006587615283267,0.8326745718050066,0.05,0.029045643153526972,2.6729334927867887,0.043478260869565216,0.003952569169960474,0.002635046113306983,0.9538866930171278,6.9393939393939394,5.0,501.8181818181818
energy_level__page_wmax,offline,cell=pb_omnimath_q8,241,759,0.11725955204216074,0.05006587615283267,0.8326745718050066,0.1,0.0995850622406639,2.3331442968121174,0.13175230566534915,0.011857707509881422,0.002635046113306983,0.8656126482213439,5.74,4.0,502.05
energy_level__page_wmax,offline,cell=pb_omnimath_q8,241,759,0.11725955204216074,0.05006587615283267,0.8326745718050066,0.2,0.15767634854771784,2.147531367625852,0.20816864295125165,0.022397891963109356,0.013175230566534914,0.7786561264822134,5.386075949367089,4.0,516.9493670886076
energy_level__page_wmax,offline,cell=pb_omnimath_q8,241,759,0.11725955204216074,0.05006587615283267,0.8326745718050066,0.3,0.2572614107883817,1.9826850479460194,0.3188405797101449,0.03557312252964427,0.01844532279314888,0.6627140974967062,4.859504132231405,4.0,466.2892561983471
energy_innovation__page_wmax,offline,macro8_all,2358,4442,0.1470058532192706,0.5634849167041873,0.2895092300765421,0.05,0.028413910093299407,2.690040998274228,0.01170643854119766,0.00405222872579919,0.028815848716794237,0.9594777127420081,4.230769230769231,2.0,297.2307692307692
energy_innovation__page_wmax,offline,macro8_all,2358,4442,0.1470058532192706,0.5634849167041873,0.2895092300765421,0.1,0.08227311280746395,2.334433040798159,0.03962179198559208,0.014407924358397118,0.08126969833408375,0.8791085096803242,3.375,2.0,299.3806818181818
energy_innovation__page_wmax,offline,macro8_all,2358,4442,0.1470058532192706,0.5634849167041873,0.2895092300765421,0.2,0.17642069550466496,2.0921793603309133,0.07789284106258443,0.026114362899594776,0.14993246285457001,0.7721746960828456,3.008670520231214,2.0,280.45953757225436
energy_innovation__page_wmax,offline,macro8_all,2358,4442,0.1470058532192706,0.5634849167041873,0.2895092300765421,0.3,0.2951653944020356,1.888418843089201,0.13079693831607384,0.04097253489419181,0.23322827555155334,0.6359747861323728,2.710843373493976,2.0,250.89845094664372
energy_innovation__page_wmax,offline,steps_2_to_5,950,1312,0.24847560975609756,0.4771341463414634,0.27439024390243905,0.05,0.034736842105263156,1.9335464616954212,0.019054878048780487,0.010670731707317074,0.024390243902439025,0.9565548780487805,1.0,0.0,123.12
energy_innovation__page_wmax,offline,steps_2_to_5,950,1312,0.24847560975609756,0.4771341463414634,0.27439024390243905,0.1,0.0863157894736842,1.810742819641063,0.04573170731707317,0.027439024390243903,0.06783536585365854,0.8864329268292683,0.7666666666666667,0.0,93.43333333333334
energy_innovation__page_wmax,offline,steps_2_to_5,950,1312,0.24847560975609756,0.4771341463414634,0.27439024390243905,0.2,0.19263157894736843,1.6740756845516218,0.09908536585365854,0.05945121951219512,0.13033536585365854,0.770579268292683,0.7769230769230769,0.0,85.73076923076923
energy_innovation__page_wmax,offline,steps_2_to_5,950,1312,0.24847560975609756,0.4771341463414634,0.27439024390243905,0.3,0.2863157894736842,1.5815525063654796,0.1448170731707317,0.08155487804878049,0.17454268292682926,0.680640243902439,0.8368421052631579,0.0,93.26842105263158
energy_innovation__page_wmax,offline,steps_6_to_10,1124,2308,0.11438474870017332,0.5866551126516465,0.2989601386481802,0.05,0.033807829181494664,2.459563467819205,0.014731369150779897,0.006065857885615251,0.032062391681109186,0.9532062391681109,1.6764705882352942,1.0,193.73529411764707
energy_innovation__page_wmax,offline,steps_6_to_10,1124,2308,0.11438474870017332,0.5866551126516465,0.2989601386481802,0.1,0.0693950177935943,2.334433040798159,0.029896013864818025,0.01386481802426343,0.06152512998266898,0.908578856152513,1.5797101449275361,1.0,176.7826086956522
energy_innovation__page_wmax,offline,steps_6_to_10,1124,2308,0.11438474870017332,0.5866551126516465,0.2989601386481802,0.2,0.19750889679715303,2.0921793603309133,0.0805892547660312,0.033362218370883885,0.1451473136915078,0.774263431542461,1.8010752688172043,1.0,191.16129032258064
energy_innovation__page_wmax,offline,steps_6_to_10,1124,2308,0.11438474870017332,0.5866551126516465,0.2989601386481802,0.3,0.28380782918149466,1.9772579090616862,0.11091854419410745,0.04246100519930676,0.19844020797227035,0.6906412478336221,1.875,1.0,194.859375
energy_innovation__page_wmax,offline,steps_11_plus,284,822,0.07664233576642336,0.6362530413625304,0.2871046228710462,0.3,0.2007042253521127,2.690040998274228,0.05474452554744526,0.01824817518248175,0.1362530413625304,0.8090024330900243,4.7555555555555555,2.0,327.24444444444447
energy_innovation__page_wmax,offline,cell=pb_gsm8k_q4,193,207,0.19806763285024154,0.33816425120772947,0.463768115942029,0.05,0.04145077720207254,1.9335464616954212,0.028985507246376812,0.004830917874396135,0.01932367149758454,0.9516908212560387,2.0,1.5,163.5
energy_innovation__page_wmax,offline,cell=pb_gsm8k_q4,193,207,0.19806763285024154,0.33816425120772947,0.463768115942029,0.1,0.08290155440414508,1.810742819641063,0.057971014492753624,0.014492753623188406,0.028985507246376812,0.9130434782608695,1.75,2.0,124.83333333333333
energy_innovation__page_wmax,offline,cell=pb_gsm8k_q4,193,207,0.19806763285024154,0.33816425120772947,0.463768115942029,0.2,0.19689119170984457,1.7084405124713988,0.12560386473429952,0.04830917874396135,0.04830917874396135,0.8260869565217391,1.5,1.0,99.38461538461539
energy_innovation__page_wmax,offline,cell=pb_gsm8k_q4,193,207,0.19806763285024154,0.33816425120772947,0.463768115942029,0.3,0.29533678756476683,1.611714233837863,0.18357487922705315,0.057971014492753624,0.0966183574879227,0.7198067632850241,1.631578947368421,1.5,101.6842105263158
energy_innovation__page_wmax,offline,cell=pb_gsm8k_q8,193,207,0.21256038647342995,0.4251207729468599,0.36231884057971014,0.05,0.03626943005181347,2.0921793603309133,0.014492753623188406,0.00966183574879227,0.028985507246376812,0.9565217391304348,0.6666666666666666,0.0,21.666666666666668
energy_innovation__page_wmax,offline,cell=pb_gsm8k_q8,193,207,0.21256038647342995,0.4251207729468599,0.36231884057971014,0.1,0.09844559585492228,1.888418843089201,0.06763285024154589,0.033816425120772944,0.057971014492753624,0.8743961352657005,1.2857142857142858,0.5,90.14285714285714
energy_innovation__page_wmax,offline,cell=pb_gsm8k_q8,193,207,0.21256038647342995,0.4251207729468599,0.36231884057971014,0.2,0.19689119170984457,1.7084405124713988,0.11594202898550725,0.04830917874396135,0.11594202898550725,0.7681159420289855,1.5416666666666667,1.0,106.625
energy_innovation__page_wmax,offline,cell=pb_gsm8k_q8,193,207,0.21256038647342995,0.4251207729468599,0.36231884057971014,0.3,0.24870466321243523,1.6740756845516218,0.12560386473429952,0.05314009661835749,0.14009661835748793,0.7342995169082126,1.7692307692307692,1.0,126.15384615384616
energy_innovation__page_wmax,offline,cell=pb_math_q4,406,594,0.20033670033670034,0.5,0.2996632996632997,0.05,0.03694581280788178,2.334433040798159,0.03198653198653199,0.013468013468013467,0.04377104377104377,0.9242424242424242,3.789473684210526,1.0,311.05263157894734
energy_innovation__page_wmax,offline,cell=pb_math_q4,406,594,0.20033670033670034,0.5,0.2996632996632997,0.1,0.0960591133004926,2.0921793603309133,0.06228956228956229,0.02356902356902357,0.08922558922558922,0.8484848484848485,3.27027027027027,1.0,277.5945945945946
energy_innovation__page_wmax,offline,cell=pb_math_q4,406,594,0.20033670033670034,0.5,0.2996632996632997,0.2,0.18719211822660098,1.888418843089201,0.1111111111111111,0.04377104377104377,0.1447811447811448,0.7441077441077442,2.6818181818181817,1.0,220.0151515151515
energy_innovation__page_wmax,offline,cell=pb_math_q4,406,594,0.20033670033670034,0.5,0.2996632996632997,0.3,0.2733990147783251,1.7363759818136457,0.16666666666666666,0.058922558922558925,0.2053872053872054,0.6279461279461279,2.414141414141414,1.0,199.12121212121212
energy_innovation__page_wmax,offline,cell=pb_math_q8,406,594,0.1919191919191919,0.5993265993265994,0.20875420875420875,0.05,0.046798029556650245,2.459563467819205,0.013468013468013467,0.010101010101010102,0.05723905723905724,0.9292929292929293,1.375,0.0,91.875
energy_innovation__page_wmax,offline,cell=pb_math_q8,406,594,0.1919191919191919,0.5993265993265994,0.20875420875420875,0.1,0.09852216748768473,2.2297094615268955,0.04040404040404041,0.020202020202020204,0.12794612794612795,0.8316498316498316,2.1666666666666665,0.5,227.08333333333334
energy_innovation__page_wmax,offline,cell=pb_math_q8,406,594,0.1919191919191919,0.5993265993265994,0.20875420875420875,0.2,0.1921182266009852,2.029077243422641,0.07407407407407407,0.03535353535353535,0.18686868686868688,0.7390572390572391,2.227272727272727,1.0,192.6590909090909
energy_innovation__page_wmax,offline,cell=pb_math_q8,406,594,0.1919191919191919,0.5993265993265994,0.20875420875420875,0.3,0.29802955665024633,1.888418843089201,0.10437710437710437,0.04377104377104377,0.24915824915824916,0.6464646464646465,2.4516129032258065,1.0,201.6290322580645
energy_innovation__page_wmax,offline,cell=pb_olympiadbench_q4,339,661,0.11951588502269289,0.5688350983358548,0.31164901664145234,0.05,0.0471976401179941,2.690040998274228,0.012102874432677761,0.0045385779122541605,0.02723146747352496,0.9606656580937972,6.125,2.0,312.75
energy_innovation__page_wmax,offline,cell=pb_olympiadbench_q4,339,661,0.11951588502269289,0.5688350983358548,0.31164901664145234,0.1,0.07079646017699115,2.459563467819205,0.028744326777609682,0.006051437216338881,0.049924357034795766,0.9213313161875946,5.421052631578948,3.0,423.63157894736844
energy_innovation__page_wmax,offline,cell=pb_olympiadbench_q4,339,661,0.11951588502269289,0.5688350983358548,0.31164901664145234,0.2,0.1887905604719764,2.1547784830810586,0.06354009077155824,0.015128593040847202,0.1059001512859304,0.8305597579425114,3.9761904761904763,3.0,332.4047619047619
energy_innovation__page_wmax,offline,cell=pb_olympiadbench_q4,339,661,0.11951588502269289,0.5688350983358548,0.31164901664145234,0.3,0.2949852507374631,1.9772579090616862,0.14069591527987896,0.037821482602118005,0.18456883509833585,0.6747352496217852,3.0,2.0,276.26881720430106
energy_innovation__page_wmax,offline,cell=pb_olympiadbench_q8,339,661,0.09984871406959153,0.6565809379727685,0.24357034795763993,0.1,0.07079646017699115,2.690040998274228,0.01059001512859304,0.0045385779122541605,0.046898638426626324,0.9425113464447806,4.0,1.0,285.2857142857143
energy_innovation__page_wmax,offline,cell=pb_olympiadbench_q8,339,661,0.09984871406959153,0.6565809379727685,0.24357034795763993,0.2,0.15634218289085547,2.334433040798159,0.036308623298033284,0.01059001512859304,0.12102874432677761,0.8426626323751891,4.291666666666667,2.5,338.0
energy_innovation__page_wmax,offline,cell=pb_olympiadbench_q8,339,661,0.09984871406959153,0.6565809379727685,0.24357034795763993,0.3,0.2890855457227139,2.0921793603309133,0.08018154311649017,0.02118003025718608,0.2178517397881997,0.7019667170953101,3.188679245283019,2.0,272.77358490566036
energy_innovation__page_wmax,offline,cell=pb_omnimath_q4,241,759,0.11594202898550725,0.525691699604743,0.3583662714097497,0.05,0.04979253112033195,2.459563467819205,0.03820816864295125,0.014492753623188406,0.043478260869565216,0.9183135704874835,3.1379310344827585,2.0,271.48275862068965
energy_innovation__page_wmax,offline,cell=pb_omnimath_q4,241,759,0.11594202898550725,0.525691699604743,0.3583662714097497,0.1,0.06224066390041494,2.334433040798159,0.05928853754940711,0.019762845849802372,0.07246376811594203,0.8682476943346509,3.1555555555555554,2.0,301.24444444444447
energy_innovation__page_wmax,offline,cell=pb_omnimath_q4,241,759,0.11594202898550725,0.525691699604743,0.3583662714097497,0.2,0.1908713692946058,2.0921793603309133,0.11067193675889328,0.026350461133069828,0.13570487483530963,0.7536231884057971,3.2857142857142856,2.0,328.5595238095238
energy_innovation__page_wmax,offline,cell=pb_omnimath_q4,241,759,0.11594202898550725,0.525691699604743,0.3583662714097497,0.3,0.2946058091286307,1.9335464616954212,0.15810276679841898,0.03689064558629776,0.19235836627140976,0.6495388669301713,3.1,2.0,310.1166666666667
energy_innovation__page_wmax,offline,cell=pb_omnimath_q8,241,759,0.13438735177865613,0.6363636363636364,0.22924901185770752,0.05,0.03734439834024896,2.690040998274228,0.017127799736495388,0.003952569169960474,0.048748353096179184,0.9341238471673254,2.230769230769231,2.0,218.6153846153846
energy_innovation__page_wmax,offline,cell=pb_omnimath_q8,241,759,0.13438735177865613,0.6363636363636364,0.22924901185770752,0.1,0.07883817427385892,2.459563467819205,0.03293807641633729,0.010540184453227932,0.08959156785243742,0.8774703557312253,3.0,2.0,284.36
energy_innovation__page_wmax,offline,cell=pb_omnimath_q8,241,759,0.13438735177865613,0.6363636363636364,0.22924901185770752,0.2,0.14937759336099585,2.334433040798159,0.05533596837944664,0.019762845849802372,0.13175230566534915,0.8129117259552042,2.9047619047619047,1.5,297.1666666666667
energy_innovation__page_wmax,offline,cell=pb_omnimath_q8,241,759,0.13438735177865613,0.6363636363636364,0.22924901185770752,0.3,0.2821576763485477,2.1547784830810586,0.07509881422924901,0.030303030303030304,0.19235836627140976,0.7325428194993412,2.807017543859649,1.0,289.50877192982455
top15_turnover__page_wmax,offline,macro8_all,2358,4442,0.21319225574065737,0.3385862224223323,0.44822152183701036,0.05,0.033502968617472435,2.5991244619709284,0.021386762719495724,0.004727600180099055,0.017334533993696534,0.9612787032868078,4.6947368421052635,3.0,352.0
top15_turnover__page_wmax,offline,macro8_all,2358,4442,0.21319225574065737,0.3385862224223323,0.44822152183701036,0.1,0.0899067005937235,2.2307895473324337,0.07294011706438541,0.016659162539396668,0.048626744709590275,0.8784331382260243,3.75,3.0,312.26851851851853
top15_turnover__page_wmax,offline,macro8_all,2358,4442,0.21319225574065737,0.3385862224223323,0.44822152183701036,0.2,0.18363019508057676,2.0031985285950333,0.14182800540297164,0.03714542998649257,0.09522737505628096,0.7629446195407474,3.0587301587301585,2.0,266.47301587301587
top15_turnover__page_wmax,offline,macro8_all,2358,4442,0.21319225574065737,0.3385862224223323,0.44822152183701036,0.3,0.28498727735368956,1.8597810555225667,0.20868977937865826,0.05628095452498874,0.1325979288608735,0.6587122917604683,2.7691477885652644,2.0,252.5426105717368
top15_turnover__page_wmax,offline,steps_2_to_5,950,1312,0.3003048780487805,0.28353658536585363,0.41615853658536583,0.05,0.042105263157894736,1.90485275472815,0.03048780487804878,0.012195121951219513,0.01753048780487805,0.9519817073170732,0.975,1.0,112.825
top15_turnover__page_wmax,offline,steps_2_to_5,950,1312,0.3003048780487805,0.28353658536585363,0.41615853658536583,0.1,0.09052631578947369,1.775394099078411,0.07240853658536585,0.028201219512195123,0.040396341463414635,0.8871951219512195,1.0526315789473684,1.0,120.54736842105264
top15_turnover__page_wmax,offline,steps_2_to_5,950,1312,0.3003048780487805,0.28353658536585363,0.41615853658536583,0.2,0.18947368421052632,1.6754656394640917,0.15167682926829268,0.06173780487804878,0.06859756097560976,0.7797256097560976,0.9949748743718593,1.0,104.49748743718592
top15_turnover__page_wmax,offline,steps_2_to_5,950,1312,0.3003048780487805,0.28353658536585363,0.41615853658536583,0.3,0.26105263157894737,1.610905675043714,0.2027439024390244,0.08079268292682927,0.0899390243902439,0.7073170731707317,1.0338345864661653,1.0,106.83082706766918
top15_turnover__page_wmax,offline,steps_6_to_10,1124,2308,0.20363951473136915,0.35008665511265163,0.4462738301559792,0.05,0.04359430604982206,2.364594005525226,0.03466204506065858,0.00996533795493934,0.016897746967071057,0.9484402079722704,2.425,2.0,234.5125
top15_turnover__page_wmax,offline,steps_6_to_10,1124,2308,0.20363951473136915,0.35008665511265163,0.4462738301559792,0.1,0.08540925266903915,2.2307895473324337,0.06109185441941074,0.01776429809358752,0.03509532062391681,0.9038128249566725,2.3049645390070923,2.0,226.95035460992906
top15_turnover__page_wmax,offline,steps_6_to_10,1124,2308,0.20363951473136915,0.35008665511265163,0.4462738301559792,0.2,0.18327402135231316,2.072468945216689,0.12261698440207973,0.0389948006932409,0.07192374350086655,0.8054592720970537,1.982332155477032,2.0,207.5689045936396
top15_turnover__page_wmax,offline,steps_6_to_10,1124,2308,0.20363951473136915,0.35008665511265163,0.4462738301559792,0.3,0.2775800711743772,1.9506549346853117,0.18284228769497402,0.05719237435008666,0.11005199306759099,0.707105719237435,1.919431279620853,1.0,203.34123222748815
top15_turnover__page_wmax,offline,steps_11_plus,284,822,0.10097323600973236,0.39416058394160586,0.5048661800486618,0.3,0.24647887323943662,2.5991244619709284,0.09245742092457421,0.019464720194647202,0.07420924574209246,0.8333333333333334,5.223684210526316,4.0,389.36842105263156
top15_turnover__page_wmax,offline,cell=pb_gsm8k_q4,193,207,0.27053140096618356,0.38164251207729466,0.34782608695652173,0.05,0.04145077720207254,2.1489253167941635,0.033816425120772944,0.00966183574879227,0.05314009661835749,0.9130434782608695,2.142857142857143,2.0,141.28571428571428
top15_turnover__page_wmax,offline,cell=pb_gsm8k_q4,193,207,0.27053140096618356,0.38164251207729466,0.34782608695652173,0.1,0.08808290155440414,1.9506549346853117,0.05314009661835749,0.014492753623188406,0.07729468599033816,0.8695652173913043,1.8181818181818181,2.0,123.18181818181819
top15_turnover__page_wmax,offline,cell=pb_gsm8k_q4,193,207,0.27053140096618356,0.38164251207729466,0.34782608695652173,0.2,0.18652849740932642,1.734829472916216,0.10628019323671498,0.033816425120772944,0.1497584541062802,0.7439613526570048,1.5454545454545454,1.0,104.77272727272727
top15_turnover__page_wmax,offline,cell=pb_gsm8k_q4,193,207,0.27053140096618356,0.38164251207729466,0.34782608695652173,0.3,0.27461139896373055,1.6754656394640917,0.178743961352657,0.07246376811594203,0.17391304347826086,0.6473429951690821,1.2162162162162162,1.0,84.27027027027027
top15_turnover__page_wmax,offline,cell=pb_gsm8k_q8,193,207,0.27053140096618356,0.34782608695652173,0.38164251207729466,0.05,0.04145077720207254,2.072468945216689,0.028985507246376812,0.014492753623188406,0.04830917874396135,0.9227053140096618,0.8333333333333334,0.5,48.5
top15_turnover__page_wmax,offline,cell=pb_gsm8k_q8,193,207,0.27053140096618356,0.34782608695652173,0.38164251207729466,0.1,0.09326424870466321,1.9506549346853117,0.06280193236714976,0.028985507246376812,0.06763285024154589,0.8695652173913043,1.2307692307692308,1.0,81.23076923076923
top15_turnover__page_wmax,offline,cell=pb_gsm8k_q8,193,207,0.27053140096618356,0.34782608695652173,0.38164251207729466,0.2,0.19170984455958548,1.775394099078411,0.1111111111111111,0.04830917874396135,0.1111111111111111,0.7777777777777778,1.5217391304347827,1.0,103.82608695652173
top15_turnover__page_wmax,offline,cell=pb_gsm8k_q8,193,207,0.27053140096618356,0.34782608695652173,0.38164251207729466,0.3,0.27461139896373055,1.70606752435178,0.178743961352657,0.07729468599033816,0.12560386473429952,0.6956521739130435,1.4054054054054055,1.0,92.91891891891892
top15_turnover__page_wmax,offline,cell=pb_math_q4,406,594,0.25925925925925924,0.26430976430976433,0.4764309764309764,0.05,0.04433497536945813,2.2307895473324337,0.0723905723905724,0.016835016835016835,0.026936026936026935,0.9006734006734006,3.627906976744186,3.0,271.95348837209303
top15_turnover__page_wmax,offline,cell=pb_math_q4,406,594,0.25925925925925924,0.26430976430976433,0.4764309764309764,0.1,0.09359605911330049,2.0031985285950333,0.12626262626262627,0.03535353535353535,0.05218855218855219,0.8215488215488216,2.96,2.0,232.26666666666668
top15_turnover__page_wmax,offline,cell=pb_math_q4,406,594,0.25925925925925924,0.26430976430976433,0.4764309764309764,0.2,0.17733990147783252,1.8597810555225667,0.2053872053872054,0.06060606060606061,0.08249158249158249,0.7121212121212122,2.69672131147541,2.0,220.31967213114754
top15_turnover__page_wmax,offline,cell=pb_math_q4,406,594,0.25925925925925924,0.26430976430976433,0.4764309764309764,0.3,0.29802955665024633,1.70606752435178,0.3265993265993266,0.09932659932659933,0.12962962962962962,0.5437710437710438,2.345360824742268,1.0,200.38659793814432
top15_turnover__page_wmax,offline,cell=pb_math_q8,406,594,0.22895622895622897,0.29797979797979796,0.4730639730639731,0.05,0.04433497536945813,2.364594005525226,0.04040404040404041,0.011784511784511785,0.010101010101010102,0.9494949494949495,3.9583333333333335,3.0,282.1666666666667
top15_turnover__page_wmax,offline,cell=pb_math_q8,406,594,0.22895622895622897,0.29797979797979796,0.4730639730639731,0.1,0.08620689655172414,2.1489253167941635,0.08417508417508418,0.016835016835016835,0.03198653198653199,0.8838383838383839,3.2,3.0,262.86
top15_turnover__page_wmax,offline,cell=pb_math_q8,406,594,0.22895622895622897,0.29797979797979796,0.4730639730639731,0.2,0.16009852216748768,1.9506549346853117,0.15824915824915825,0.04040404040404041,0.06734006734006734,0.7744107744107744,2.617021276595745,1.5,216.82978723404256
top15_turnover__page_wmax,offline,cell=pb_math_q8,406,594,0.22895622895622897,0.29797979797979796,0.4730639730639731,0.3,0.29310344827586204,1.775394099078411,0.22895622895622897,0.06397306397306397,0.1127946127946128,0.6582491582491582,2.448529411764706,1.0,209.3014705882353
top15_turnover__page_wmax,offline,cell=pb_olympiadbench_q4,339,661,0.18456883509833585,0.3903177004538578,0.42511346444780634,0.1,0.0855457227138643,2.5991244619709284,0.019667170953101363,0.0030257186081694403,0.028744326777609682,0.9515885022692889,5.538461538461538,4.0,359.0
top15_turnover__page_wmax,offline,cell=pb_olympiadbench_q4,339,661,0.18456883509833585,0.3903177004538578,0.42511346444780634,0.2,0.17994100294985252,2.2307895473324337,0.07413010590015129,0.02118003025718608,0.06202723146747353,0.8638426626323752,4.204081632653061,3.0,362.8979591836735
top15_turnover__page_wmax,offline,cell=pb_olympiadbench_q4,339,661,0.18456883509833585,0.3903177004538578,0.42511346444780634,0.3,0.2448377581120944,2.072468945216689,0.13010590015128592,0.03328290468986384,0.11043872919818457,0.7594553706505295,3.558139534883721,3.0,322.7093023255814
top15_turnover__page_wmax,offline,cell=pb_olympiadbench_q8,339,661,0.17246596066565809,0.4296520423600605,0.3978819969742814,0.1,0.05604719764011799,2.5991244619709284,0.01361573373676248,0.0015128593040847202,0.024205748865355523,0.962178517397882,5.111111111111111,3.0,323.6666666666667
top15_turnover__page_wmax,offline,cell=pb_olympiadbench_q8,339,661,0.17246596066565809,0.4296520423600605,0.3978819969742814,0.2,0.15339233038348082,2.2307895473324337,0.06656580937972768,0.009077155824508321,0.07564296520423601,0.8577912254160364,4.795454545454546,4.5,375.15909090909093
top15_turnover__page_wmax,offline,cell=pb_olympiadbench_q8,339,661,0.17246596066565809,0.4296520423600605,0.3978819969742814,0.3,0.24778761061946902,2.072468945216689,0.11195158850226929,0.019667170953101363,0.12102874432677761,0.7670196671709532,3.7027027027027026,3.0,320.86486486486484
top15_turnover__page_wmax,offline,cell=pb_omnimath_q4,241,759,0.2002635046113307,0.31357048748353095,0.48616600790513836,0.05,0.04149377593360996,2.5991244619709284,0.03689064558629776,0.007905138339920948,0.01844532279314888,0.9446640316205533,3.9642857142857144,2.5,346.10714285714283
top15_turnover__page_wmax,offline,cell=pb_omnimath_q4,241,759,0.2002635046113307,0.31357048748353095,0.48616600790513836,0.1,0.0954356846473029,2.2307895473324337,0.10013175230566534,0.019762845849802372,0.05533596837944664,0.8445322793148881,3.6973684210526314,2.5,326.2763157894737
top15_turnover__page_wmax,offline,cell=pb_omnimath_q4,241,759,0.2002635046113307,0.31357048748353095,0.48616600790513836,0.2,0.1991701244813278,2.072468945216689,0.16073781291172595,0.039525691699604744,0.08563899868247694,0.7536231884057971,3.1147540983606556,2.0,282.22131147540983
top15_turnover__page_wmax,offline,cell=pb_omnimath_q4,241,759,0.2002635046113307,0.31357048748353095,0.48616600790513836,0.3,0.2863070539419087,1.9506549346853117,0.20685111989459815,0.052700922266139656,0.11989459815546773,0.6732542819499341,2.8535031847133756,2.0,264.77070063694265
top15_turnover__page_wmax,offline,cell=pb_omnimath_q8,241,759,0.20685111989459815,0.31488801054018445,0.4782608695652174,0.05,0.024896265560165973,2.5991244619709284,0.028985507246376812,0.007905138339920948,0.022397891963109356,0.9486166007905138,4.636363636363637,3.0,389.27272727272725
top15_turnover__page_wmax,offline,cell=pb_omnimath_q8,241,759,0.20685111989459815,0.31488801054018445,0.4782608695652174,0.1,0.05394190871369295,2.364594005525226,0.061923583662714096,0.015810276679841896,0.043478260869565216,0.8945981554677207,3.6595744680851063,3.0,321.1276595744681
top15_turnover__page_wmax,offline,cell=pb_omnimath_q8,241,759,0.20685111989459815,0.31488801054018445,0.4782608695652174,0.2,0.16182572614107885,2.1489253167941635,0.10540184453227931,0.030303030303030304,0.06719367588932806,0.8274044795783926,2.925,2.0,267.5875
top15_turnover__page_wmax,offline,cell=pb_omnimath_q8,241,759,0.20685111989459815,0.31488801054018445,0.4782608695652174,0.3,0.2987551867219917,1.90485275472815,0.22002635046113306,0.06982872200263504,0.11989459815546773,0.6600790513833992,2.7245508982035926,2.0,254.60479041916167
dominant_freq16__page_wmax,offline,macro8_all,2358,4442,0.21769473210265647,0.28523187753264295,0.4970733903647006,0.05,0.04919423240033927,2.3210992054942463,0.058081945069788386,0.008329581269698334,0.025664115263394866,0.9162539396668168,4.5310077519379846,3.0,362.2015503875969
dominant_freq16__page_wmax,offline,macro8_all,2358,4442,0.21769473210265647,0.28523187753264295,0.4970733903647006,0.1,0.09754028837998303,2.110390565712573,0.11593876632147682,0.023863124718595228,0.04817649707339036,0.8358847366051328,3.679611650485437,3.0,314.24271844660194
dominant_freq16__page_wmax,offline,macro8_all,2358,4442,0.21769473210265647,0.28523187753264295,0.4970733903647006,0.2,0.18999151823579305,1.910421579104848,0.18707789284106258,0.04277352543899145,0.08419630796938316,0.7287257991895543,3.1167268351383877,2.0,282.17328519855596
dominant_freq16__page_wmax,offline,macro8_all,2358,4442,0.21769473210265647,0.28523187753264295,0.4970733903647006,0.3,0.2875318066157761,1.7706921180669979,0.25821701936064834,0.06393516434038721,0.11323728050427735,0.6285457001350743,2.804707933740192,2.0,265.6774193548387
dominant_freq16__page_wmax,offline,steps_2_to_5,950,1312,0.31935975609756095,0.25990853658536583,0.42073170731707316,0.05,0.04736842105263158,1.815487438902415,0.04573170731707317,0.018292682926829267,0.01753048780487805,0.9367378048780488,1.3166666666666667,1.0,174.76666666666668
dominant_freq16__page_wmax,offline,steps_2_to_5,950,1312,0.31935975609756095,0.25990853658536583,0.42073170731707316,0.1,0.07473684210526316,1.7336408197270732,0.06707317073170732,0.025914634146341462,0.028963414634146343,0.9039634146341463,1.3068181818181819,1.0,166.875
dominant_freq16__page_wmax,offline,steps_2_to_5,950,1312,0.31935975609756095,0.25990853658536583,0.42073170731707316,0.2,0.1726315789473684,1.6403715907344507,0.13490853658536586,0.057164634146341466,0.0586890243902439,0.8064024390243902,1.0960451977401129,1.0,132.14689265536722
dominant_freq16__page_wmax,offline,steps_2_to_5,950,1312,0.31935975609756095,0.25990853658536583,0.42073170731707316,0.3,0.29368421052631577,1.5224619988062382,0.22408536585365854,0.09603658536585366,0.0975609756097561,0.6783536585365854,1.034013605442177,1.0,122.03401360544218
dominant_freq16__page_wmax,offline,steps_6_to_10,1124,2308,0.19410745233968804,0.27989601386481805,0.5259965337954939,0.05,0.026690391459074734,2.3210992054942463,0.03292894280762565,0.005199306759098787,0.010831889081455806,0.9562391681109186,2.5,2.0,295.39473684210526
dominant_freq16__page_wmax,offline,steps_6_to_10,1124,2308,0.19410745233968804,0.27989601386481805,0.5259965337954939,0.1,0.09252669039145907,2.110390565712573,0.10398613518197573,0.026863084922010397,0.03726169844020797,0.8587521663778163,2.2916666666666665,2.0,245.89583333333334
dominant_freq16__page_wmax,offline,steps_6_to_10,1124,2308,0.19410745233968804,0.27989601386481805,0.5259965337954939,0.2,0.17704626334519574,1.9670660080683533,0.17374350086655113,0.04592720970537262,0.06672443674176777,0.7595320623916811,2.162094763092269,2.0,237.15461346633415
dominant_freq16__page_wmax,offline,steps_6_to_10,1124,2308,0.19410745233968804,0.27989601386481805,0.5259965337954939,0.3,0.2669039145907473,1.8616393315048452,0.23613518197573657,0.06542461005199307,0.09012131715771231,0.6737435008665511,2.089908256880734,2.0,228.42385321100917
dominant_freq16__page_wmax,offline,steps_11_plus,284,822,0.12165450121654502,0.340632603406326,0.537712895377129,0.2,0.16901408450704225,2.5102725848967746,0.1386861313868613,0.024330900243309004,0.06326034063260341,0.7980535279805353,5.307017543859649,4.5,387.9122807017544
dominant_freq16__page_wmax,offline,steps_11_plus,284,822,0.12165450121654502,0.340632603406326,0.537712895377129,0.3,0.16901408450704225,2.5102725848967746,0.1386861313868613,0.024330900243309004,0.06326034063260341,0.7980535279805353,5.307017543859649,4.5,387.9122807017544
dominant_freq16__page_wmax,offline,cell=pb_gsm8k_q4,193,207,0.2753623188405797,0.2608695652173913,0.463768115942029,0.05,0.04145077720207254,1.910421579104848,0.033816425120772944,0.004830917874396135,0.028985507246376812,0.9371980676328503,1.4285714285714286,1.0,95.85714285714286
dominant_freq16__page_wmax,offline,cell=pb_gsm8k_q4,193,207,0.2753623188405797,0.2608695652173913,0.463768115942029,0.1,0.09844559585492228,1.7336408197270732,0.10628019323671498,0.03864734299516908,0.05314009661835749,0.8405797101449275,1.5,1.0,108.81818181818181
dominant_freq16__page_wmax,offline,cell=pb_gsm8k_q4,193,207,0.2753623188405797,0.2608695652173913,0.463768115942029,0.2,0.18134715025906736,1.673663334242466,0.13043478260869565,0.043478260869565216,0.0966183574879227,0.7729468599033816,1.5925925925925926,1.0,104.81481481481481
dominant_freq16__page_wmax,offline,cell=pb_gsm8k_q4,193,207,0.2753623188405797,0.2608695652173913,0.463768115942029,0.3,0.29015544041450775,1.5800288579916852,0.21739130434782608,0.057971014492753624,0.12560386473429952,0.6570048309178744,1.6444444444444444,1.0,104.0
dominant_freq16__page_wmax,offline,cell=pb_gsm8k_q8,193,207,0.2560386473429952,0.2560386473429952,0.48792270531400966,0.05,0.03626943005181347,2.0373307234993763,0.033816425120772944,0.00966183574879227,0.004830917874396135,0.961352657004831,1.2857142857142858,1.0,82.71428571428571
dominant_freq16__page_wmax,offline,cell=pb_gsm8k_q8,193,207,0.2560386473429952,0.2560386473429952,0.48792270531400966,0.1,0.09326424870466321,1.8616393315048452,0.07246376811594203,0.01932367149758454,0.014492753623188406,0.9130434782608695,1.4,1.0,99.2
dominant_freq16__page_wmax,offline,cell=pb_gsm8k_q8,193,207,0.2560386473429952,0.2560386473429952,0.48792270531400966,0.2,0.18134715025906736,1.7031759375213114,0.16908212560386474,0.03864734299516908,0.057971014492753624,0.7729468599033816,1.6285714285714286,1.0,108.28571428571429
dominant_freq16__page_wmax,offline,cell=pb_gsm8k_q8,193,207,0.2560386473429952,0.2560386473429952,0.48792270531400966,0.3,0.2849740932642487,1.6088121075205548,0.2222222222222222,0.07246376811594203,0.0966183574879227,0.6811594202898551,1.4565217391304348,1.0,93.15217391304348
dominant_freq16__page_wmax,offline,cell=pb_math_q4,406,594,0.22727272727272727,0.26430976430976433,0.5084175084175084,0.05,0.03694581280788178,2.1934287427853154,0.050505050505050504,0.005050505050505051,0.026936026936026935,0.9225589225589226,4.466666666666667,3.0,372.56666666666666
dominant_freq16__page_wmax,offline,cell=pb_math_q4,406,594,0.22727272727272727,0.26430976430976433,0.5084175084175084,0.1,0.07142857142857142,2.0373307234993763,0.08585858585858586,0.018518518518518517,0.037037037037037035,0.877104377104377,3.4901960784313726,2.0,281.11764705882354
dominant_freq16__page_wmax,offline,cell=pb_math_q4,406,594,0.22727272727272727,0.26430976430976433,0.5084175084175084,0.2,0.19704433497536947,1.815487438902415,0.17845117845117844,0.045454545454545456,0.0707070707070707,0.7508417508417509,2.6037735849056602,2.0,232.4056603773585
dominant_freq16__page_wmax,offline,cell=pb_math_q4,406,594,0.22727272727272727,0.26430976430976433,0.5084175084175084,0.3,0.29802955665024633,1.7031759375213114,0.23905723905723905,0.06565656565656566,0.09259259259259259,0.6683501683501684,2.3450704225352115,2.0,210.8732394366197
dominant_freq16__page_wmax,offline,cell=pb_math_q8,406,594,0.22895622895622897,0.25084175084175087,0.5202020202020202,0.05,0.029556650246305417,2.1934287427853154,0.06060606060606061,0.013468013468013467,0.026936026936026935,0.9124579124579124,3.1944444444444446,1.5,276.22222222222223
dominant_freq16__page_wmax,offline,cell=pb_math_q8,406,594,0.22895622895622897,0.25084175084175087,0.5202020202020202,0.1,0.08374384236453201,1.9670660080683533,0.12289562289562289,0.02861952861952862,0.04713804713804714,0.82996632996633,3.041095890410959,2.0,269.3835616438356
dominant_freq16__page_wmax,offline,cell=pb_math_q8,406,594,0.22895622895622897,0.25084175084175087,0.5202020202020202,0.2,0.1921182266009852,1.7706921180669979,0.21212121212121213,0.04377104377104377,0.08249158249158249,0.7053872053872053,2.6904761904761907,2.0,251.65079365079364
dominant_freq16__page_wmax,offline,cell=pb_math_q8,406,594,0.22895622895622897,0.25084175084175087,0.5202020202020202,0.3,0.270935960591133,1.7031759375213114,0.25252525252525254,0.05387205387205387,0.09427609427609428,0.6531986531986532,2.6466666666666665,2.0,249.78666666666666
dominant_freq16__page_wmax,offline,cell=pb_olympiadbench_q4,339,661,0.2087745839636914,0.3267776096822995,0.46444780635400906,0.1,0.08849557522123894,2.3210992054942463,0.07866868381240545,0.01361573373676248,0.03328290468986384,0.8880484114977307,3.8076923076923075,3.0,313.2692307692308
dominant_freq16__page_wmax,offline,cell=pb_olympiadbench_q4,339,661,0.2087745839636914,0.3267776096822995,0.46444780635400906,0.2,0.16224188790560473,2.110390565712573,0.1437216338880484,0.03479576399394856,0.06354009077155824,0.7927382753403933,3.336842105263158,2.0,270.37894736842105
dominant_freq16__page_wmax,offline,cell=pb_olympiadbench_q4,339,661,0.2087745839636914,0.3267776096822995,0.46444780635400906,0.3,0.2890855457227139,1.910421579104848,0.2178517397881997,0.05143721633888049,0.12254160363086233,0.659606656580938,2.9166666666666665,2.0,257.5833333333333
dominant_freq16__page_wmax,offline,cell=pb_olympiadbench_q8,339,661,0.19818456883509833,0.31316187594553707,0.4886535552193646,0.05,0.035398230088495575,2.5102725848967746,0.046898638426626324,0.007564296520423601,0.019667170953101363,0.9334341906202723,5.0,4.0,328.93548387096774
dominant_freq16__page_wmax,offline,cell=pb_olympiadbench_q8,339,661,0.19818456883509833,0.31316187594553707,0.4886535552193646,0.1,0.09734513274336283,2.3210992054942463,0.08623298033282904,0.012102874432677761,0.03479576399394856,0.8789712556732224,4.2631578947368425,3.0,308.49122807017545
dominant_freq16__page_wmax,offline,cell=pb_olympiadbench_q8,339,661,0.19818456883509833,0.31316187594553707,0.4886535552193646,0.2,0.17404129793510326,2.110390565712573,0.15431164901664146,0.030257186081694403,0.07413010590015129,0.7715582450832073,3.5980392156862746,3.0,277.4117647058824
dominant_freq16__page_wmax,offline,cell=pb_olympiadbench_q8,339,661,0.19818456883509833,0.31316187594553707,0.4886535552193646,0.3,0.26548672566371684,1.9670660080683533,0.20574886535552195,0.0529500756429652,0.1043872919818457,0.6898638426626323,3.0294117647058822,2.0,242.4558823529412
dominant_freq16__page_wmax,offline,cell=pb_omnimath_q4,241,759,0.20685111989459815,0.27931488801054016,0.5138339920948617,0.05,0.029045643153526972,2.5102725848967746,0.043478260869565216,0.006587615283267457,0.017127799736495388,0.9393939393939394,6.212121212121212,5.0,473.8484848484849
dominant_freq16__page_wmax,offline,cell=pb_omnimath_q4,241,759,0.20685111989459815,0.27931488801054016,0.5138339920948617,0.1,0.0954356846473029,2.1934287427853154,0.1067193675889328,0.015810276679841896,0.04479578392621871,0.8484848484848485,4.802469135802469,4.0,431.3703703703704
dominant_freq16__page_wmax,offline,cell=pb_omnimath_q4,241,759,0.20685111989459815,0.27931488801054016,0.5138339920948617,0.2,0.17427385892116182,2.0373307234993763,0.1712779973649539,0.02766798418972332,0.07509881422924901,0.7536231884057971,3.876923076923077,3.0,363.9
dominant_freq16__page_wmax,offline,cell=pb_omnimath_q4,241,759,0.20685111989459815,0.27931488801054016,0.5138339920948617,0.3,0.27800829875518673,1.8616393315048452,0.26877470355731226,0.05138339920948617,0.10013175230566534,0.6310935441370223,3.343137254901961,2.5,334.7156862745098
dominant_freq16__page_wmax,offline,cell=pb_omnimath_q8,241,759,0.21080368906455862,0.2885375494071146,0.5006587615283268,0.05,0.03319502074688797,2.5102725848967746,0.02766798418972332,0.003952569169960474,0.013175230566534914,0.9591567852437418,4.190476190476191,4.0,331.5238095238095
dominant_freq16__page_wmax,offline,cell=pb_omnimath_q8,241,759,0.21080368906455862,0.2885375494071146,0.5006587615283268,0.1,0.08298755186721991,2.3210992054942463,0.07246376811594203,0.010540184453227932,0.02766798418972332,0.8998682476943346,4.8,4.0,392.07272727272726
dominant_freq16__page_wmax,offline,cell=pb_omnimath_q8,241,759,0.21080368906455862,0.2885375494071146,0.5006587615283268,0.2,0.16597510373443983,2.0373307234993763,0.18050065876152832,0.04216073781291173,0.06587615283267458,0.7536231884057971,3.832116788321168,3.0,356.963503649635
dominant_freq16__page_wmax,offline,cell=pb_omnimath_q8,241,759,0.21080368906455862,0.2885375494071146,0.5006587615283268,0.3,0.2697095435684647,1.8616393315048452,0.25823451910408435,0.06587615283267458,0.1080368906455863,0.6337285902503293,3.25,2.5,318.71938775510205
bocpd_p0__page_wmax,offline,macro8_all,2358,4442,0.17221972084646556,0.28140477262494373,0.5463755065285907,0.05,0.029686174724342665,2.1673609822717186,0.029266096352994146,0.003827104907699235,0.012606933813597478,0.9581269698334084,4.3307692307692305,4.0,345.6
bocpd_p0__page_wmax,offline,macro8_all,2358,4442,0.17221972084646556,0.28140477262494373,0.5463755065285907,0.1,0.06022052586938083,1.9912979957863584,0.058081945069788386,0.009680324178298064,0.022737505628095452,0.9191805493021161,3.624031007751938,3.0,301.56976744186045
bocpd_p0__page_wmax,offline,macro8_all,2358,4442,0.17221972084646556,0.28140477262494373,0.5463755065285907,0.2,0.19635284139100934,1.7057912956454848,0.14835659612787033,0.028590724898694284,0.0679873930661864,0.7836560108059433,3.139605462822458,3.0,278.845220030349
bocpd_p0__page_wmax,offline,macro8_all,2358,4442,0.17221972084646556,0.28140477262494373,0.5463755065285907,0.3,0.2913486005089059,1.5842319550505535,0.21634398919405673,0.04209815398469158,0.09792886087348042,0.6857271499324629,2.9573361082206033,2.0,266.0187304890739
bocpd_p0__page_wmax,offline,steps_2_to_5,950,1312,0.25609756097560976,0.2629573170731707,0.4809451219512195,0.05,0.049473684210526316,1.8989146854962673,0.020579268292682928,0.004573170731707317,0.008384146341463415,0.9710365853658537,1.8148148148148149,2.0,139.07407407407408
bocpd_p0__page_wmax,offline,steps_2_to_5,950,1312,0.25609756097560976,0.2629573170731707,0.4809451219512195,0.1,0.08210526315789474,1.748782535884268,0.053353658536585365,0.01600609756097561,0.025152439024390245,0.9214939024390244,1.4857142857142858,1.0,132.45714285714286
bocpd_p0__page_wmax,offline,steps_2_to_5,950,1312,0.25609756097560976,0.2629573170731707,0.4809451219512195,0.2,0.18105263157894738,1.6609276254861787,0.11128048780487805,0.03277439024390244,0.038871951219512195,0.8498475609756098,1.4246575342465753,1.0,120.92465753424658
bocpd_p0__page_wmax,offline,steps_2_to_5,950,1312,0.25609756097560976,0.2629573170731707,0.4809451219512195,0.3,0.29473684210526313,1.5191785684973815,0.1951219512195122,0.06173780487804878,0.07774390243902439,0.7271341463414634,1.375,1.0,116.45703125
bocpd_p0__page_wmax,offline,steps_6_to_10,1124,2308,0.14818024263431542,0.287261698440208,0.5645580589254766,0.05,0.042704626334519574,2.1673609822717186,0.03726169844020797,0.006932409012131715,0.010831889081455806,0.9519064124783362,2.813953488372093,3.0,253.15116279069767
bocpd_p0__page_wmax,offline,steps_6_to_10,1124,2308,0.14818024263431542,0.287261698440208,0.5645580589254766,0.1,0.09697508896797152,1.9912979957863584,0.0792894280762565,0.014731369150779897,0.0255632582322357,0.8951473136915078,2.7814207650273226,3.0,247.31147540983608
bocpd_p0__page_wmax,offline,steps_6_to_10,1124,2308,0.14818024263431542,0.287261698440208,0.5645580589254766,0.2,0.1699288256227758,1.8189692984767896,0.12824956672443674,0.022530329289428077,0.0511265164644714,0.8206239168110918,2.7736486486486487,3.0,254.4966216216216
bocpd_p0__page_wmax,offline,steps_6_to_10,1124,2308,0.14818024263431542,0.287261698440208,0.5645580589254766,0.3,0.297153024911032,1.622812191177661,0.21403812824956672,0.037694974003466206,0.09748700173310225,0.688474870017331,2.7024291497975708,3.0,261.3886639676113
bocpd_p0__page_wmax,offline,steps_11_plus,284,822,0.10583941605839416,0.2944038929440389,0.5997566909975669,0.1,0.07746478873239436,2.1673609822717186,0.0535279805352798,0.0012165450121654502,0.037712895377128956,0.9087591240875912,7.295454545454546,6.5,526.2954545454545
bocpd_p0__page_wmax,offline,steps_11_plus,284,822,0.10583941605839416,0.2944038929440389,0.5997566909975669,0.2,0.16549295774647887,1.8189692984767896,0.13017031630170317,0.02068126520681265,0.09002433090024331,0.7798053527980535,5.327102803738318,5.0,418.98130841121497
bocpd_p0__page_wmax,offline,steps_11_plus,284,822,0.10583941605839416,0.2944038929440389,0.5997566909975669,0.3,0.27816901408450706,1.622812191177661,0.22627737226277372,0.038929440389294405,0.13017031630170317,0.6435523114355232,5.080645161290323,5.0,412.38709677419354
bocpd_p0__page_wmax,offline,cell=pb_gsm8k_q4,193,207,0.2463768115942029,0.1642512077294686,0.5893719806763285,0.05,0.025906735751295335,2.1673609822717186,0.024154589371980676,0.00966183574879227,0.0,0.9758454106280193,1.2,1.0,63.2
bocpd_p0__page_wmax,offline,cell=pb_gsm8k_q4,193,207,0.2463768115942029,0.1642512077294686,0.5893719806763285,0.1,0.08290155440414508,1.9912979957863584,0.07729468599033816,0.014492753623188406,0.0,0.9227053140096618,2.25,2.0,129.6875
bocpd_p0__page_wmax,offline,cell=pb_gsm8k_q4,193,207,0.2463768115942029,0.1642512077294686,0.5893719806763285,0.2,0.16062176165803108,1.8989146854962673,0.10628019323671498,0.01932367149758454,0.00966183574879227,0.8840579710144928,2.227272727272727,2.0,116.04545454545455
bocpd_p0__page_wmax,offline,cell=pb_gsm8k_q4,193,207,0.2463768115942029,0.1642512077294686,0.5893719806763285,0.3,0.23316062176165803,1.748782535884268,0.17391304347826086,0.04830917874396135,0.033816425120772944,0.7922705314009661,2.2777777777777777,2.0,117.16666666666667
bocpd_p0__page_wmax,offline,cell=pb_gsm8k_q8,193,207,0.2222222222222222,0.1932367149758454,0.5845410628019324,0.05,0.02072538860103627,2.1673609822717186,0.00966183574879227,0.004830917874396135,0.00966183574879227,0.9806763285024155,1.5,1.5,39.5
bocpd_p0__page_wmax,offline,cell=pb_gsm8k_q8,193,207,0.2222222222222222,0.1932367149758454,0.5845410628019324,0.1,0.06735751295336788,1.9912979957863584,0.05314009661835749,0.01932367149758454,0.014492753623188406,0.9323671497584541,1.2727272727272727,1.0,53.63636363636363
bocpd_p0__page_wmax,offline,cell=pb_gsm8k_q8,193,207,0.2222222222222222,0.1932367149758454,0.5845410628019324,0.2,0.16580310880829016,1.8189692984767896,0.12560386473429952,0.033816425120772944,0.024154589371980676,0.8502415458937198,1.6538461538461537,2.0,84.34615384615384
bocpd_p0__page_wmax,offline,cell=pb_gsm8k_q8,193,207,0.2222222222222222,0.1932367149758454,0.5845410628019324,0.3,0.29015544041450775,1.7057912956454848,0.1932367149758454,0.05314009661835749,0.03864734299516908,0.7681159420289855,1.8,2.0,97.025
bocpd_p0__page_wmax,offline,cell=pb_math_q4,406,594,0.20707070707070707,0.234006734006734,0.5589225589225589,0.05,0.027093596059113302,2.1673609822717186,0.016835016835016835,0.0,0.006734006734006734,0.9764309764309764,6.4,5.0,479.2
bocpd_p0__page_wmax,offline,cell=pb_math_q4,406,594,0.20707070707070707,0.234006734006734,0.5589225589225589,0.1,0.0665024630541872,1.9912979957863584,0.03535353535353535,0.005050505050505051,0.016835016835016835,0.9478114478114478,4.238095238095238,4.0,324.7142857142857
bocpd_p0__page_wmax,offline,cell=pb_math_q4,406,594,0.20707070707070707,0.234006734006734,0.5589225589225589,0.2,0.19950738916256158,1.6609276254861787,0.132996632996633,0.020202020202020204,0.058922558922558925,0.8080808080808081,3.3417721518987342,3.0,265.72151898734177
bocpd_p0__page_wmax,offline,cell=pb_math_q4,406,594,0.20707070707070707,0.234006734006734,0.5589225589225589,0.3,0.2857142857142857,1.5525957397838743,0.20033670033670034,0.030303030303030304,0.08080808080808081,0.7188552188552189,3.100840336134454,2.0,242.92436974789916
bocpd_p0__page_wmax,offline,cell=pb_math_q8,406,594,0.2053872053872054,0.2441077441077441,0.5505050505050505,0.05,0.03201970443349754,2.1673609822717186,0.018518518518518517,0.0016835016835016834,0.006734006734006734,0.9747474747474747,4.363636363636363,3.0,301.90909090909093
bocpd_p0__page_wmax,offline,cell=pb_math_q8,406,594,0.2053872053872054,0.2441077441077441,0.5505050505050505,0.1,0.09852216748768473,1.8989146854962673,0.050505050505050504,0.005050505050505051,0.021885521885521887,0.9276094276094277,4.0,4.0,302.6333333333333
bocpd_p0__page_wmax,offline,cell=pb_math_q8,406,594,0.2053872053872054,0.2441077441077441,0.5505050505050505,0.2,0.1921182266009852,1.7057912956454848,0.12121212121212122,0.026936026936026935,0.04713804713804714,0.8316498316498316,3.2916666666666665,2.0,250.69444444444446
bocpd_p0__page_wmax,offline,cell=pb_math_q8,406,594,0.2053872053872054,0.2441077441077441,0.5505050505050505,0.3,0.2857142857142857,1.5842319550505535,0.17845117845117844,0.04713804713804714,0.06228956228956229,0.7592592592592593,2.80188679245283,2.0,209.31132075471697
bocpd_p0__page_wmax,offline,cell=pb_olympiadbench_q4,339,661,0.13313161875945537,0.32829046898638425,0.5385779122541604,0.05,0.04129793510324484,2.1673609822717186,0.02118003025718608,0.0,0.009077155824508321,0.9697428139183056,5.357142857142857,4.5,408.5
bocpd_p0__page_wmax,offline,cell=pb_olympiadbench_q4,339,661,0.13313161875945537,0.32829046898638425,0.5385779122541604,0.1,0.0855457227138643,1.8989146854962673,0.0680786686838124,0.006051437216338881,0.03328290468986384,0.8986384266263238,3.6666666666666665,4.0,344.46666666666664
bocpd_p0__page_wmax,offline,cell=pb_olympiadbench_q4,339,661,0.13313161875945537,0.32829046898638425,0.5385779122541604,0.2,0.19174041297935104,1.7057912956454848,0.11800302571860817,0.015128593040847202,0.05597579425113464,0.8260211800302572,3.0128205128205128,3.0,303.14102564102564
bocpd_p0__page_wmax,offline,cell=pb_olympiadbench_q4,339,661,0.13313161875945537,0.32829046898638425,0.5385779122541604,0.3,0.2831858407079646,1.5525957397838743,0.19213313161875945,0.024205748865355523,0.1059001512859304,0.7019667170953101,3.3149606299212597,3.0,311.86614173228344
bocpd_p0__page_wmax,offline,cell=pb_olympiadbench_q8,339,661,0.15431164901664146,0.30257186081694404,0.5431164901664145,0.05,0.02654867256637168,2.1673609822717186,0.030257186081694403,0.0,0.015128593040847202,0.9546142208774584,6.0,5.0,456.1
bocpd_p0__page_wmax,offline,cell=pb_olympiadbench_q8,339,661,0.15431164901664146,0.30257186081694404,0.5431164901664145,0.1,0.09144542772861357,1.8989146854962673,0.07110438729198185,0.01059001512859304,0.03479576399394856,0.8940998487140696,3.8085106382978724,3.0,326.02127659574467
bocpd_p0__page_wmax,offline,cell=pb_olympiadbench_q8,339,661,0.15431164901664146,0.30257186081694404,0.5431164901664145,0.2,0.1976401179941003,1.6609276254861787,0.15431164901664146,0.03479576399394856,0.08472012102874432,0.7609682299546142,3.0686274509803924,3.0,286.05882352941177
bocpd_p0__page_wmax,offline,cell=pb_olympiadbench_q8,339,661,0.15431164901664146,0.30257186081694404,0.5431164901664145,0.3,0.2920353982300885,1.5525957397838743,0.22087745839636913,0.049924357034795766,0.11195158850226929,0.6671709531013615,3.212328767123288,3.0,306.3835616438356
bocpd_p0__page_wmax,offline,cell=pb_omnimath_q4,241,759,0.16205533596837945,0.3069828722002635,0.530961791831357,0.05,0.03734439834024896,2.1673609822717186,0.052700922266139656,0.00922266139657444,0.022397891963109356,0.924901185770751,3.45,3.0,303.5
bocpd_p0__page_wmax,offline,cell=pb_omnimath_q4,241,759,0.16205533596837945,0.3069828722002635,0.530961791831357,0.1,0.0995850622406639,1.8189692984767896,0.1370223978919631,0.030303030303030304,0.07509881422924901,0.7878787878787878,3.0576923076923075,3.0,282.47115384615387
bocpd_p0__page_wmax,offline,cell=pb_omnimath_q4,241,759,0.16205533596837945,0.3069828722002635,0.530961791831357,0.2,0.1991701244813278,1.6609276254861787,0.20553359683794467,0.0461133069828722,0.10540184453227931,0.689064558629776,3.128205128205128,2.5,300.56410256410254
bocpd_p0__page_wmax,offline,cell=pb_omnimath_q4,241,759,0.16205533596837945,0.3069828722002635,0.530961791831357,0.3,0.2821576763485477,1.5525957397838743,0.26877470355731226,0.057971014492753624,0.13570487483530963,0.5955204216073782,2.7254901960784315,2.0,280.3137254901961
bocpd_p0__page_wmax,offline,cell=pb_omnimath_q8,241,759,0.14492753623188406,0.3188405797101449,0.5362318840579711,0.05,0.04149377593360996,1.9912979957863584,0.07509881422924901,0.015810276679841896,0.030303030303030304,0.8945981554677207,3.491228070175439,3.0,317.2280701754386
bocpd_p0__page_wmax,offline,cell=pb_omnimath_q8,241,759,0.14492753623188406,0.3188405797101449,0.5362318840579711,0.1,0.0954356846473029,1.8189692984767896,0.12121212121212122,0.021080368906455864,0.06587615283267458,0.8129117259552042,3.619565217391304,3.0,336.10869565217394
bocpd_p0__page_wmax,offline,cell=pb_omnimath_q8,241,759,0.14492753623188406,0.3188405797101449,0.5362318840579711,0.2,0.17842323651452283,1.6609276254861787,0.18972332015810275,0.03162055335968379,0.10144927536231885,0.7088274044795784,3.3472222222222223,3.0,338.25
bocpd_p0__page_wmax,offline,cell=pb_omnimath_q8,241,759,0.14492753623188406,0.3188405797101449,0.5362318840579711,0.3,0.27800829875518673,1.5191785684973815,0.2845849802371542,0.043478260869565216,0.152832674571805,0.5625823451910409,2.9722222222222223,3.0,309.55555555555554
q15_H1__page_wmax_k0.25,offline,macro8_all,2358,4442,0.21972084646555606,0.22107158937415577,0.5592075641602882,0.05,0.022476675148430873,2.480519975086478,0.037370553804592525,0.005402971634398919,0.006978838361098604,0.9556506078343089,5.024096385542169,4.0,384.2710843373494
q15_H1__page_wmax_k0.25,offline,macro8_all,2358,4442,0.21972084646555606,0.22107158937415577,0.5592075641602882,0.1,0.08396946564885496,2.1960885871603786,0.0974786132372805,0.020486267447095904,0.023863124718595228,0.8786582620441242,3.884526558891455,3.0,336.45034642032334
q15_H1__page_wmax_k0.25,offline,macro8_all,2358,4442,0.21972084646555606,0.22107158937415577,0.5592075641602882,0.2,0.18871925360474978,1.9401424636424223,0.20936515083295812,0.05042773525438991,0.05515533543448897,0.7354795137325529,3.2118279569892474,2.0,295.1784946236559
q15_H1__page_wmax_k0.25,offline,macro8_all,2358,4442,0.21972084646555606,0.22107158937415577,0.5592075641602882,0.3,0.27989821882951654,1.8053944248194411,0.2809545249887438,0.06776226924808645,0.08126969833408375,0.6377757766771724,2.9615384615384617,2.0,275.11939102564105
q15_H1__page_wmax_k0.25,offline,steps_2_to_5,950,1312,0.3399390243902439,0.18902439024390244,0.47103658536585363,0.05,0.03684210526315789,1.897154762216401,0.035823170731707314,0.011432926829268292,0.006859756097560976,0.9573170731707317,1.1914893617021276,1.0,144.93617021276594
q15_H1__page_wmax_k0.25,offline,steps_2_to_5,950,1312,0.3399390243902439,0.18902439024390244,0.47103658536585363,0.1,0.09473684210526316,1.7389421863984227,0.0861280487804878,0.02972560975609756,0.022865853658536585,0.8910060975609756,1.1238938053097345,1.0,131.98230088495575
q15_H1__page_wmax_k0.25,offline,steps_2_to_5,950,1312,0.3399390243902439,0.18902439024390244,0.47103658536585363,0.2,0.1694736842105263,1.683564843785156,0.13109756097560976,0.04878048780487805,0.03353658536585366,0.8353658536585366,1.069767441860465,1.0,121.75581395348837
q15_H1__page_wmax_k0.25,offline,steps_2_to_5,950,1312,0.3399390243902439,0.18902439024390244,0.47103658536585363,0.3,0.2768421052631579,1.6018334730236008,0.18292682926829268,0.07850609756097561,0.04878048780487805,0.7682926829268293,0.9541666666666667,1.0,110.45
q15_H1__page_wmax_k0.25,offline,steps_6_to_10,1124,2308,0.18240901213171576,0.23700173310225303,0.5805892547660312,0.05,0.03291814946619217,2.301910135130266,0.045060658578856154,0.008665511265164644,0.009098786828422877,0.945840554592721,2.75,2.0,265.0769230769231
q15_H1__page_wmax_k0.25,offline,steps_6_to_10,1124,2308,0.18240901213171576,0.23700173310225303,0.5805892547660312,0.1,0.0711743772241993,2.1960885871603786,0.08275563258232235,0.020363951473136917,0.016031195840554593,0.901213171577123,2.696335078534031,2.0,275.4973821989529
q15_H1__page_wmax_k0.25,offline,steps_6_to_10,1124,2308,0.18240901213171576,0.23700173310225303,0.5805892547660312,0.2,0.17437722419928825,1.9847332263970816,0.18760831889081456,0.05155979202772964,0.04462738301559792,0.7677642980935875,2.3856812933025404,2.0,256.72055427251735
q15_H1__page_wmax_k0.25,offline,steps_6_to_10,1124,2308,0.18240901213171576,0.23700173310225303,0.5805892547660312,0.3,0.2998220640569395,1.849702346657572,0.27989601386481805,0.07538994800693241,0.07192374350086655,0.6481802426343154,2.28328173374613,2.0,245.3111455108359
q15_H1__page_wmax_k0.25,offline,steps_11_plus,284,822,0.13260340632603407,0.22749391727493917,0.6399026763990268,0.2,0.15140845070422534,2.480519975086478,0.15328467153284672,0.021897810218978103,0.030413625304136254,0.816301703163017,5.682539682539683,4.0,435.0079365079365
q15_H1__page_wmax_k0.25,offline,steps_11_plus,284,822,0.13260340632603407,0.22749391727493917,0.6399026763990268,0.3,0.15140845070422534,2.480519975086478,0.15328467153284672,0.021897810218978103,0.030413625304136254,0.816301703163017,5.682539682539683,4.0,435.0079365079365
q15_H1__page_wmax_k0.25,offline,cell=pb_gsm8k_q4,193,207,0.33816425120772947,0.28019323671497587,0.38164251207729466,0.05,0.04145077720207254,2.0391521946333317,0.04830917874396135,0.014492753623188406,0.01932367149758454,0.9323671497584541,2.1,1.5,141.0
q15_H1__page_wmax_k0.25,offline,cell=pb_gsm8k_q4,193,207,0.33816425120772947,0.28019323671497587,0.38164251207729466,0.1,0.09844559585492228,1.897154762216401,0.13043478260869565,0.03864734299516908,0.057971014492753624,0.8115942028985508,1.6666666666666667,1.0,110.51851851851852
q15_H1__page_wmax_k0.25,offline,cell=pb_gsm8k_q4,193,207,0.33816425120772947,0.28019323671497587,0.38164251207729466,0.2,0.18134715025906736,1.7389421863984227,0.18357487922705315,0.06763285024154589,0.10628019323671498,0.7101449275362319,1.4210526315789473,1.0,99.8157894736842
q15_H1__page_wmax_k0.25,offline,cell=pb_gsm8k_q4,193,207,0.33816425120772947,0.28019323671497587,0.38164251207729466,0.3,0.2694300518134715,1.683564843785156,0.22705314009661837,0.07729468599033816,0.12560386473429952,0.6473429951690821,1.3829787234042554,1.0,95.38297872340425
q15_H1__page_wmax_k0.25,offline,cell=pb_gsm8k_q8,193,207,0.30917874396135264,0.3285024154589372,0.36231884057971014,0.05,0.046632124352331605,1.9847332263970816,0.07729468599033816,0.028985507246376812,0.024154589371980676,0.8985507246376812,1.6875,1.0,111.0625
q15_H1__page_wmax_k0.25,offline,cell=pb_gsm8k_q8,193,207,0.30917874396135264,0.3285024154589372,0.36231884057971014,0.1,0.09326424870466321,1.849702346657572,0.1642512077294686,0.06280193236714976,0.06280193236714976,0.7729468599033816,1.5294117647058822,1.0,98.47058823529412
q15_H1__page_wmax_k0.25,offline,cell=pb_gsm8k_q8,193,207,0.30917874396135264,0.3285024154589372,0.36231884057971014,0.2,0.16580310880829016,1.7389421863984227,0.21256038647342995,0.07729468599033816,0.08695652173913043,0.7004830917874396,1.5,1.0,98.97727272727273
q15_H1__page_wmax_k0.25,offline,cell=pb_gsm8k_q8,193,207,0.30917874396135264,0.3285024154589372,0.36231884057971014,0.3,0.29533678756476683,1.6018334730236008,0.28502415458937197,0.10144927536231885,0.1497584541062802,0.5652173913043478,1.4576271186440677,1.0,97.0
q15_H1__page_wmax_k0.25,offline,cell=pb_math_q4,406,594,0.2239057239057239,0.2255892255892256,0.5505050505050505,0.05,0.046798029556650245,2.1960885871603786,0.08922558922558922,0.021885521885521887,0.015151515151515152,0.8956228956228957,4.471698113207547,5.0,370.54716981132077
q15_H1__page_wmax_k0.25,offline,cell=pb_math_q4,406,594,0.2239057239057239,0.2255892255892256,0.5505050505050505,0.1,0.0812807881773399,2.0391521946333317,0.13636363636363635,0.030303030303030304,0.03535353535353535,0.8282828282828283,4.172839506172839,4.0,358.12345679012344
q15_H1__page_wmax_k0.25,offline,cell=pb_math_q4,406,594,0.2239057239057239,0.2255892255892256,0.5505050505050505,0.2,0.1896551724137931,1.897154762216401,0.18855218855218855,0.04377104377104377,0.06060606060606061,0.7508417508417509,3.6875,3.0,321.98214285714283
q15_H1__page_wmax_k0.25,offline,cell=pb_math_q4,406,594,0.2239057239057239,0.2255892255892256,0.5505050505050505,0.3,0.2955665024630542,1.7389421863984227,0.2777777777777778,0.06397306397306397,0.08249158249158249,0.6397306397306397,3.1636363636363636,2.0,281.4969696969697
q15_H1__page_wmax_k0.25,offline,cell=pb_math_q8,406,594,0.21717171717171718,0.2138047138047138,0.569023569023569,0.05,0.04926108374384237,2.1960885871603786,0.08417508417508418,0.016835016835016835,0.013468013468013467,0.9023569023569024,4.52,4.5,378.58
q15_H1__page_wmax_k0.25,offline,cell=pb_math_q8,406,594,0.21717171717171718,0.2138047138047138,0.569023569023569,0.1,0.0960591133004926,2.0391521946333317,0.13468013468013468,0.02861952861952862,0.03367003367003367,0.8316498316498316,4.1625,4.0,362.1125
q15_H1__page_wmax_k0.25,offline,cell=pb_math_q8,406,594,0.21717171717171718,0.2138047138047138,0.569023569023569,0.2,0.19704433497536947,1.849702346657572,0.21212121212121213,0.04377104377104377,0.0723905723905724,0.7154882154882155,3.5873015873015874,2.0,319.8412698412698
q15_H1__page_wmax_k0.25,offline,cell=pb_math_q8,406,594,0.21717171717171718,0.2138047138047138,0.569023569023569,0.3,0.2684729064039409,1.7389421863984227,0.2727272727272727,0.06228956228956229,0.08249158249158249,0.6447811447811448,3.2037037037037037,2.0,286.9938271604938
q15_H1__page_wmax_k0.25,offline,cell=pb_olympiadbench_q4,339,661,0.2329803328290469,0.2405446293494705,0.5264750378214826,0.1,0.05309734513274336,2.480519975086478,0.0453857791225416,0.007564296520423601,0.01059001512859304,0.9440242057488654,5.0,2.5,356.0
q15_H1__page_wmax_k0.25,offline,cell=pb_olympiadbench_q4,339,661,0.2329803328290469,0.2405446293494705,0.5264750378214826,0.2,0.19174041297935104,2.1084271883529504,0.16036308623298035,0.039334341906202726,0.0529500756429652,0.7866868381240545,3.2735849056603774,2.0,274.85849056603774
q15_H1__page_wmax_k0.25,offline,cell=pb_olympiadbench_q4,339,661,0.2329803328290469,0.2405446293494705,0.5264750378214826,0.3,0.2861356932153392,1.9401424636424223,0.24357034795763993,0.07261724659606657,0.07261724659606657,0.6838124054462935,2.801242236024845,2.0,244.9689440993789
q15_H1__page_wmax_k0.25,offline,cell=pb_olympiadbench_q8,339,661,0.22087745839636913,0.23751891074130105,0.5416036308623298,0.1,0.05309734513274336,2.480519975086478,0.04236006051437216,0.006051437216338881,0.007564296520423601,0.9500756429652042,5.464285714285714,4.5,379.60714285714283
q15_H1__page_wmax_k0.25,offline,cell=pb_olympiadbench_q8,339,661,0.22087745839636913,0.23751891074130105,0.5416036308623298,0.2,0.18289085545722714,2.1084271883529504,0.13161875945537066,0.03328290468986384,0.039334341906202726,0.8290468986384266,3.3793103448275863,2.0,269.62068965517244
q15_H1__page_wmax_k0.25,offline,cell=pb_olympiadbench_q8,339,661,0.22087745839636913,0.23751891074130105,0.5416036308623298,0.3,0.2743362831858407,1.9401424636424223,0.22844175491679275,0.059001512859304085,0.06202723146747353,0.7095310136157338,2.847682119205298,2.0,261.33112582781456
q15_H1__page_wmax_k0.25,offline,cell=pb_omnimath_q4,241,759,0.18050065876152832,0.19104084321475626,0.6284584980237155,0.05,0.016597510373443983,2.480519975086478,0.043478260869565216,0.006587615283267457,0.006587615283267457,0.9499341238471674,4.606060606060606,3.0,383.1515151515151
q15_H1__page_wmax_k0.25,offline,cell=pb_omnimath_q4,241,759,0.18050065876152832,0.19104084321475626,0.6284584980237155,0.1,0.0912863070539419,2.1960885871603786,0.11198945981554677,0.023715415019762844,0.028985507246376812,0.8590250329380764,3.7058823529411766,3.0,356.4117647058824
q15_H1__page_wmax_k0.25,offline,cell=pb_omnimath_q4,241,759,0.18050065876152832,0.19104084321475626,0.6284584980237155,0.2,0.16182572614107885,1.9847332263970816,0.21212121212121213,0.043478260869565216,0.05006587615283267,0.7378129117259552,3.5714285714285716,3.0,349.0993788819876
q15_H1__page_wmax_k0.25,offline,cell=pb_omnimath_q4,241,759,0.18050065876152832,0.19104084321475626,0.6284584980237155,0.3,0.2946058091286307,1.849702346657572,0.2938076416337286,0.05401844532279315,0.06455862977602109,0.6416337285902504,3.318385650224215,2.0,325.86995515695065
q15_H1__page_wmax_k0.25,offline,cell=pb_omnimath_q8,241,759,0.18840579710144928,0.17654808959156784,0.6350461133069829,0.05,0.016597510373443983,2.480519975086478,0.03820816864295125,0.007905138339920948,0.010540184453227932,0.9512516469038208,4.103448275862069,3.0,358.44827586206895
q15_H1__page_wmax_k0.25,offline,cell=pb_omnimath_q8,241,759,0.18840579710144928,0.17654808959156784,0.6350461133069829,0.1,0.0954356846473029,2.1960885871603786,0.11594202898550725,0.023715415019762844,0.023715415019762844,0.8603425559947299,3.7954545454545454,3.0,362.0568181818182
q15_H1__page_wmax_k0.25,offline,cell=pb_omnimath_q8,241,759,0.18840579710144928,0.17654808959156784,0.6350461133069829,0.2,0.17842323651452283,1.9847332263970816,0.2028985507246377,0.04479578392621871,0.04084321475625823,0.7562582345191041,3.4740259740259742,3.0,334.3181818181818
q15_H1__page_wmax_k0.25,offline,cell=pb_omnimath_q8,241,759,0.18840579710144928,0.17654808959156784,0.6350461133069829,0.3,0.2863070539419087,1.849702346657572,0.2872200263504611,0.05665349143610013,0.052700922266139656,0.6600790513833992,3.3211009174311927,2.0,320.3394495412844
q15_H1__page_wmax_k1.0,offline,macro8_all,2358,4442,0.24583520936515083,0.26677172444844666,0.48739306618640255,0.05,0.027989821882951654,2.8150138867375962,0.0315173345339937,0.005628095452498875,0.010580819450697884,0.9579018460153084,5.314285714285714,4.0,392.02142857142854
q15_H1__page_wmax_k1.0,offline,macro8_all,2358,4442,0.24583520936515083,0.26677172444844666,0.48739306618640255,0.1,0.08778625954198473,2.406305245114534,0.09342638451148132,0.018009905447996397,0.029040972534894193,0.8775326429536245,4.009638554216868,3.0,341.1566265060241
q15_H1__page_wmax_k1.0,offline,macro8_all,2358,4442,0.24583520936515083,0.26677172444844666,0.48739306618640255,0.2,0.16793893129770993,2.1382838829936692,0.17739756866276452,0.041422782530391715,0.06123367852318776,0.7613687528140477,3.279187817258883,2.0,294.81091370558374
q15_H1__page_wmax_k1.0,offline,macro8_all,2358,4442,0.24583520936515083,0.26677172444844666,0.48739306618640255,0.3,0.2989821882951654,1.9123646814567399,0.27577667717244486,0.07203962179198559,0.10310670868977938,0.6211166141377757,2.80734693877551,2.0,267.6065306122449
q15_H1__page_wmax_k1.0,offline,steps_2_to_5,950,1312,0.3635670731707317,0.22865853658536586,0.40777439024390244,0.05,0.037894736842105266,1.9123646814567399,0.035823170731707314,0.020579268292682928,0.005335365853658537,0.9588414634146342,0.7659574468085106,0.0,83.85106382978724
q15_H1__page_wmax_k1.0,offline,steps_2_to_5,950,1312,0.3635670731707317,0.22865853658536586,0.40777439024390244,0.1,0.08105263157894736,1.8268100320933391,0.08384146341463415,0.041158536585365856,0.01600609756097561,0.9001524390243902,0.9181818181818182,1.0,102.27272727272727
q15_H1__page_wmax_k1.0,offline,steps_2_to_5,950,1312,0.3635670731707317,0.22865853658536586,0.40777439024390244,0.2,0.17473684210526316,1.7094207056084434,0.14710365853658536,0.06859756097560976,0.03353658536585366,0.819359756097561,0.9689119170984456,1.0,103.50259067357513
q15_H1__page_wmax_k1.0,offline,steps_2_to_5,950,1312,0.3635670731707317,0.22865853658536586,0.40777439024390244,0.3,0.26842105263157895,1.6455788028960208,0.21646341463414634,0.09908536585365854,0.052591463414634144,0.7309451219512195,0.9119718309859155,1.0,96.28521126760563
q15_H1__page_wmax_k1.0,offline,steps_6_to_10,1124,2308,0.2179376083188908,0.28942807625649913,0.49263431542461006,0.05,0.019572953736654804,2.5603953908431447,0.03682842287694974,0.008665511265164644,0.005199306759098787,0.9579722703639515,2.929411764705882,3.0,301.6235294117647
q15_H1__page_wmax_k1.0,offline,steps_6_to_10,1124,2308,0.2179376083188908,0.28942807625649913,0.49263431542461006,0.1,0.09697508896797152,2.2987450432274055,0.1022530329289428,0.026429809358752165,0.028162911611785094,0.8695840554592721,2.457627118644068,2.0,266.0381355932203
q15_H1__page_wmax_k1.0,offline,steps_6_to_10,1124,2308,0.2179376083188908,0.28942807625649913,0.49263431542461006,0.2,0.18416370106761565,2.1382838829936692,0.1720103986135182,0.050693240901213174,0.05675909878682842,0.7712305025996534,2.168765743073048,2.0,235.66498740554155
q15_H1__page_wmax_k1.0,offline,steps_6_to_10,1124,2308,0.2179376083188908,0.28942807625649913,0.49263431542461006,0.3,0.24377224199288255,2.071010425432537,0.2084055459272097,0.06109185441941074,0.07235701906412478,0.7192374350086655,2.1226611226611225,2.0,232.22245322245323
q15_H1__page_wmax_k1.0,offline,steps_11_plus,284,822,0.1362530413625304,0.2639902676399027,0.5997566909975669,0.3,0.2323943661971831,2.8150138867375962,0.15328467153284672,0.0267639902676399,0.051094890510948905,0.7956204379562044,5.595238095238095,5.0,395.27777777777777
q15_H1__page_wmax_k1.0,offline,cell=pb_gsm8k_q4,193,207,0.357487922705314,0.30434782608695654,0.33816425120772947,0.05,0.025906735751295335,2.1382838829936692,0.06763285024154589,0.024154589371980676,0.01932367149758454,0.9130434782608695,2.0,1.0,156.28571428571428
q15_H1__page_wmax_k1.0,offline,cell=pb_gsm8k_q4,193,207,0.357487922705314,0.30434782608695654,0.33816425120772947,0.1,0.09326424870466321,1.9559084041690296,0.12077294685990338,0.057971014492753624,0.04830917874396135,0.8309178743961353,1.6,1.0,123.12
q15_H1__page_wmax_k1.0,offline,cell=pb_gsm8k_q4,193,207,0.357487922705314,0.30434782608695654,0.33816425120772947,0.2,0.17098445595854922,1.8268100320933391,0.18357487922705315,0.0821256038647343,0.0821256038647343,0.7342995169082126,1.4210526315789473,1.0,107.15789473684211
q15_H1__page_wmax_k1.0,offline,cell=pb_gsm8k_q4,193,207,0.357487922705314,0.30434782608695654,0.33816425120772947,0.3,0.25906735751295334,1.7094207056084434,0.2608695652173913,0.10628019323671498,0.11594202898550725,0.6231884057971014,1.3703703703703705,1.0,93.35185185185185
q15_H1__page_wmax_k1.0,offline,cell=pb_gsm8k_q8,193,207,0.32367149758454106,0.3140096618357488,0.36231884057971014,0.05,0.031088082901554404,2.071010425432537,0.08695652173913043,0.033816425120772944,0.03864734299516908,0.8743961352657005,2.0,1.0,151.55555555555554
q15_H1__page_wmax_k1.0,offline,cell=pb_gsm8k_q8,193,207,0.32367149758454106,0.3140096618357488,0.36231884057971014,0.1,0.08290155440414508,1.9559084041690296,0.11594202898550725,0.05314009661835749,0.057971014492753624,0.8260869565217391,1.75,1.0,131.95833333333334
q15_H1__page_wmax_k1.0,offline,cell=pb_gsm8k_q8,193,207,0.32367149758454106,0.3140096618357488,0.36231884057971014,0.2,0.16580310880829016,1.741898593893001,0.2028985507246377,0.09178743961352658,0.09178743961352658,0.7053140096618358,1.4523809523809523,1.0,104.02380952380952
q15_H1__page_wmax_k1.0,offline,cell=pb_gsm8k_q8,193,207,0.32367149758454106,0.3140096618357488,0.36231884057971014,0.3,0.27461139896373055,1.681021885162706,0.2560386473429952,0.12560386473429952,0.10144927536231885,0.642512077294686,1.2830188679245282,1.0,92.20754716981132
q15_H1__page_wmax_k1.0,offline,cell=pb_math_q4,406,594,0.25757575757575757,0.25252525252525254,0.4898989898989899,0.05,0.03694581280788178,2.5603953908431447,0.050505050505050504,0.005050505050505051,0.008417508417508417,0.9410774410774411,5.066666666666666,4.0,436.2
q15_H1__page_wmax_k1.0,offline,cell=pb_math_q4,406,594,0.25757575757575757,0.25252525252525254,0.4898989898989899,0.1,0.09359605911330049,2.211042132920307,0.12962962962962962,0.02356902356902357,0.03198653198653199,0.8383838383838383,3.8181818181818183,4.0,340.14285714285717
q15_H1__page_wmax_k1.0,offline,cell=pb_math_q4,406,594,0.25757575757575757,0.25252525252525254,0.4898989898989899,0.2,0.19458128078817735,2.009865923951157,0.1717171717171717,0.03872053872053872,0.05555555555555555,0.7727272727272727,3.4019607843137254,3.0,297.8529411764706
q15_H1__page_wmax_k1.0,offline,cell=pb_math_q4,406,594,0.25757575757575757,0.25252525252525254,0.4898989898989899,0.3,0.29064039408866993,1.8268100320933391,0.2676767676767677,0.08249158249158249,0.09427609427609428,0.6380471380471381,2.792452830188679,2.0,248.75471698113208
q15_H1__page_wmax_k1.0,offline,cell=pb_math_q8,406,594,0.26430976430976433,0.2255892255892256,0.51010101010101,0.05,0.03940886699507389,2.5603953908431447,0.05218855218855219,0.006734006734006734,0.011784511784511785,0.936026936026936,5.064516129032258,5.0,441.03225806451616
q15_H1__page_wmax_k1.0,offline,cell=pb_math_q8,406,594,0.26430976430976433,0.2255892255892256,0.51010101010101,0.1,0.09359605911330049,2.211042132920307,0.12121212121212122,0.026936026936026935,0.030303030303030304,0.8484848484848485,3.888888888888889,4.0,344.4166666666667
q15_H1__page_wmax_k1.0,offline,cell=pb_math_q8,406,594,0.26430976430976433,0.2255892255892256,0.51010101010101,0.2,0.19458128078817735,2.009865923951157,0.1835016835016835,0.045454545454545456,0.058922558922558925,0.7575757575757576,3.4954128440366974,3.0,318.3394495412844
q15_H1__page_wmax_k1.0,offline,cell=pb_math_q8,406,594,0.26430976430976433,0.2255892255892256,0.51010101010101,0.3,0.2733990147783251,1.8680631521011741,0.25757575757575757,0.06902356902356903,0.08417508417508418,0.6582491582491582,3.150326797385621,2.0,284.1045751633987
q15_H1__page_wmax_k1.0,offline,cell=pb_olympiadbench_q4,339,661,0.22844175491679275,0.32829046898638425,0.443267776096823,0.1,0.058997050147492625,2.8150138867375962,0.04084720121028744,0.006051437216338881,0.018154311649016642,0.9409984871406959,5.296296296296297,5.0,389.25925925925924
q15_H1__page_wmax_k1.0,offline,cell=pb_olympiadbench_q4,339,661,0.22844175491679275,0.32829046898638425,0.443267776096823,0.2,0.17404129793510326,2.406305245114534,0.11497730711043873,0.024205748865355523,0.0453857791225416,0.8396369137670197,3.789473684210526,3.0,328.0394736842105
q15_H1__page_wmax_k1.0,offline,cell=pb_olympiadbench_q4,339,661,0.22844175491679275,0.32829046898638425,0.443267776096823,0.3,0.27728613569321536,2.1382838829936692,0.20121028744326777,0.05143721633888049,0.09682299546142209,0.7019667170953101,3.0902255639097747,2.0,280.16541353383457
q15_H1__page_wmax_k1.0,offline,cell=pb_olympiadbench_q8,339,661,0.24659606656580937,0.3040847201210287,0.4493192133131619,0.1,0.06489675516224189,2.8150138867375962,0.04387291981845688,0.01059001512859304,0.018154311649016642,0.9379727685325264,5.068965517241379,3.0,400.7586206896552
q15_H1__page_wmax_k1.0,offline,cell=pb_olympiadbench_q8,339,661,0.24659606656580937,0.3040847201210287,0.4493192133131619,0.2,0.19469026548672566,2.2987450432274055,0.15582450832072617,0.04236006051437216,0.06656580937972768,0.7776096822995462,3.3106796116504853,2.0,281.2621359223301
q15_H1__page_wmax_k1.0,offline,cell=pb_olympiadbench_q8,339,661,0.24659606656580937,0.3040847201210287,0.4493192133131619,0.3,0.28023598820059,2.1382838829936692,0.21482602118003025,0.06202723146747353,0.09228441754916793,0.6928895612708018,3.0,2.0,262.30281690140845
q15_H1__page_wmax_k1.0,offline,cell=pb_omnimath_q4,241,759,0.21739130434782608,0.23847167325428195,0.544137022397892,0.05,0.04564315352697095,2.5603953908431447,0.0764163372859025,0.013175230566534914,0.019762845849802372,0.9038208168642952,4.4655172413793105,4.0,366.05172413793105
q15_H1__page_wmax_k1.0,offline,cell=pb_omnimath_q4,241,759,0.21739130434782608,0.23847167325428195,0.544137022397892,0.1,0.08713692946058091,2.406305245114534,0.09486166007905138,0.017127799736495388,0.03293807641633729,0.8722002635046113,4.388888888888889,4.0,361.8888888888889
q15_H1__page_wmax_k1.0,offline,cell=pb_omnimath_q4,241,759,0.21739130434782608,0.23847167325428195,0.544137022397892,0.2,0.1950207468879668,2.1382838829936692,0.2015810276679842,0.03557312252964427,0.05928853754940711,0.7391304347826086,3.372549019607843,3.0,314.7712418300654
q15_H1__page_wmax_k1.0,offline,cell=pb_omnimath_q4,241,759,0.21739130434782608,0.23847167325428195,0.544137022397892,0.3,0.2821576763485477,2.009865923951157,0.26745718050065875,0.057971014492753624,0.08036890645586298,0.6521739130434783,3.0689655172413794,2.0,298.2118226600985
q15_H1__page_wmax_k1.0,offline,cell=pb_omnimath_q8,241,759,0.2134387351778656,0.22924901185770752,0.5573122529644269,0.05,0.029045643153526972,2.8150138867375962,0.039525691699604744,0.007905138339920948,0.010540184453227932,0.9499341238471674,5.0,4.0,357.0
q15_H1__page_wmax_k1.0,offline,cell=pb_omnimath_q8,241,759,0.2134387351778656,0.22924901185770752,0.5573122529644269,0.1,0.06639004149377593,2.5603953908431447,0.07509881422924901,0.010540184453227932,0.015810276679841896,0.9090909090909091,4.2631578947368425,4.0,331.4561403508772
q15_H1__page_wmax_k1.0,offline,cell=pb_omnimath_q8,241,759,0.2134387351778656,0.22924901185770752,0.5573122529644269,0.2,0.15767634854771784,2.211042132920307,0.18181818181818182,0.03820816864295125,0.048748353096179184,0.769433465085639,3.4782608695652173,3.0,315.81159420289856
q15_H1__page_wmax_k1.0,offline,cell=pb_omnimath_q8,241,759,0.2134387351778656,0.22924901185770752,0.5573122529644269,0.3,0.2863070539419087,2.009865923951157,0.2779973649538867,0.05665349143610013,0.08036890645586298,0.6416337285902504,3.1800947867298577,3.0,310.2701421800948
q15_VE1__page_wmax_k0.25,offline,macro8_all,2358,4442,0.22940117064385412,0.2089149031967582,0.5616839261593877,0.05,0.026293469041560644,2.4423947585029975,0.038271049076992344,0.006528590724898694,0.00405222872579919,0.9576767221972085,5.029411764705882,4.0,385.45882352941175
q15_VE1__page_wmax_k0.25,offline,macro8_all,2358,4442,0.22940117064385412,0.2089149031967582,0.5616839261593877,0.1,0.08269720101781171,2.147294487182032,0.1015308419630797,0.020261143628995948,0.01891040072039622,0.8795587573165241,3.838137472283814,3.0,325.13968957871396
q15_VE1__page_wmax_k0.25,offline,macro8_all,2358,4442,0.22940117064385412,0.2089149031967582,0.5616839261593877,0.2,0.19423240033927056,1.906361975745496,0.21566861773975687,0.05110310670868978,0.047726249437190456,0.7366051328230527,3.1962421711899793,2.0,293.0960334029227
q15_VE1__page_wmax_k0.25,offline,macro8_all,2358,4442,0.22940117064385412,0.2089149031967582,0.5616839261593877,0.3,0.28074639525021206,1.7824992867747664,0.28815848716794235,0.07136425033768573,0.07158937415578569,0.640252138676272,2.92421875,2.0,272.09375
q15_VE1__page_wmax_k0.25,offline,steps_2_to_5,950,1312,0.3490853658536585,0.19054878048780488,0.4603658536585366,0.05,0.04105263157894737,1.8622251177843994,0.039634146341463415,0.013719512195121951,0.006859756097560976,0.9535060975609756,1.1923076923076923,1.0,149.23076923076923
q15_VE1__page_wmax_k0.25,offline,steps_2_to_5,950,1312,0.3490853658536585,0.19054878048780488,0.4603658536585366,0.1,0.08421052631578947,1.744906838554124,0.07317073170731707,0.028201219512195123,0.021341463414634148,0.9054878048780488,1.0729166666666667,1.0,141.92708333333334
q15_VE1__page_wmax_k0.25,offline,steps_2_to_5,950,1312,0.3490853658536585,0.19054878048780488,0.4603658536585366,0.2,0.18210526315789474,1.6583088686495482,0.1288109756097561,0.051067073170731704,0.038109756097560975,0.833079268292683,1.0,1.0,118.37278106508876
q15_VE1__page_wmax_k0.25,offline,steps_2_to_5,950,1312,0.3490853658536585,0.19054878048780488,0.4603658536585366,0.3,0.29894736842105263,1.5521598233401588,0.20579268292682926,0.09070121951219512,0.054878048780487805,0.739329268292683,0.8888888888888888,1.0,110.57777777777778
q15_VE1__page_wmax_k0.25,offline,steps_6_to_10,1124,2308,0.1962738301559792,0.21750433275563258,0.5862218370883883,0.05,0.037366548042704624,2.2633905289988094,0.04982668977469671,0.012131715771230503,0.005632582322357019,0.9445407279029463,2.5391304347826087,2.0,252.49565217391304
q15_VE1__page_wmax_k0.25,offline,steps_6_to_10,1124,2308,0.1962738301559792,0.21750433275563258,0.5862218370883883,0.1,0.0693950177935943,2.147294487182032,0.08405545927209705,0.020363951473136917,0.01386481802426343,0.9020797227036396,2.350515463917526,2.0,236.00515463917526
q15_VE1__page_wmax_k0.25,offline,steps_6_to_10,1124,2308,0.1962738301559792,0.21750433275563258,0.5862218370883883,0.2,0.18327402135231316,1.948513770293309,0.18804159445407279,0.050693240901213174,0.03856152512998267,0.7733968804159446,2.2350230414746544,2.0,239.02073732718895
q15_VE1__page_wmax_k0.25,offline,steps_6_to_10,1124,2308,0.1962738301559792,0.21750433275563258,0.5862218370883883,0.3,0.26423487544483987,1.8622251177843994,0.255632582322357,0.06889081455805893,0.049393414211438474,0.6949740034662045,2.2389830508474575,2.0,242.1
q15_VE1__page_wmax_k0.25,offline,steps_11_plus,284,822,0.13138686131386862,0.2141119221411192,0.6545012165450121,0.2,0.1619718309859155,2.4423947585029975,0.15328467153284672,0.019464720194647202,0.01824817518248175,0.8284671532846716,5.76984126984127,5.0,435.4920634920635
q15_VE1__page_wmax_k0.25,offline,steps_11_plus,284,822,0.13138686131386862,0.2141119221411192,0.6545012165450121,0.3,0.2746478873239437,2.2633905289988094,0.25304136253041365,0.0413625304136253,0.046228710462287104,0.7007299270072993,5.201923076923077,4.0,406.4567307692308
q15_VE1__page_wmax_k0.25,offline,cell=pb_gsm8k_q4,193,207,0.34299516908212563,0.2560386473429952,0.40096618357487923,0.05,0.04145077720207254,1.906361975745496,0.1111111111111111,0.033816425120772944,0.024154589371980676,0.8647342995169082,1.826086956521739,1.0,106.65217391304348
q15_VE1__page_wmax_k0.25,offline,cell=pb_gsm8k_q4,193,207,0.34299516908212563,0.2560386473429952,0.40096618357487923,0.1,0.06735751295336788,1.8622251177843994,0.12560386473429952,0.03864734299516908,0.028985507246376812,0.8454106280193237,1.8076923076923077,1.0,107.07692307692308
q15_VE1__page_wmax_k0.25,offline,cell=pb_gsm8k_q4,193,207,0.34299516908212563,0.2560386473429952,0.40096618357487923,0.2,0.16580310880829016,1.715179681414102,0.21256038647342995,0.07729468599033816,0.07729468599033816,0.7101449275362319,1.4090909090909092,1.0,94.45454545454545
q15_VE1__page_wmax_k0.25,offline,cell=pb_gsm8k_q4,193,207,0.34299516908212563,0.2560386473429952,0.40096618357487923,0.3,0.2849740932642487,1.6583088686495482,0.26570048309178745,0.09178743961352658,0.1111111111111111,0.6231884057971014,1.3454545454545455,1.0,92.58181818181818
q15_VE1__page_wmax_k0.25,offline,cell=pb_gsm8k_q8,193,207,0.30917874396135264,0.2995169082125604,0.391304347826087,0.05,0.046632124352331605,1.948513770293309,0.10144927536231885,0.03864734299516908,0.028985507246376812,0.8695652173913043,1.5714285714285714,1.0,94.76190476190476
q15_VE1__page_wmax_k0.25,offline,cell=pb_gsm8k_q8,193,207,0.30917874396135264,0.2995169082125604,0.391304347826087,0.1,0.08808290155440414,1.8622251177843994,0.14009661835748793,0.04830917874396135,0.028985507246376812,0.8309178743961353,1.4482758620689655,1.0,96.93103448275862
q15_VE1__page_wmax_k0.25,offline,cell=pb_gsm8k_q8,193,207,0.30917874396135264,0.2995169082125604,0.391304347826087,0.2,0.18652849740932642,1.715179681414102,0.19806763285024154,0.06280193236714976,0.06763285024154589,0.7342995169082126,1.5121951219512195,1.0,100.02439024390245
q15_VE1__page_wmax_k0.25,offline,cell=pb_gsm8k_q8,193,207,0.30917874396135264,0.2995169082125604,0.391304347826087,0.3,0.27461139896373055,1.6308517035323582,0.25120772946859904,0.08695652173913043,0.10144927536231885,0.6473429951690821,1.3653846153846154,1.0,90.76923076923077
q15_VE1__page_wmax_k0.25,offline,cell=pb_math_q4,406,594,0.24074074074074073,0.2222222222222222,0.5370370370370371,0.05,0.04187192118226601,2.147294487182032,0.09090909090909091,0.011784511784511785,0.010101010101010102,0.898989898989899,4.981481481481482,5.0,416.5740740740741
q15_VE1__page_wmax_k0.25,offline,cell=pb_math_q4,406,594,0.24074074074074073,0.2222222222222222,0.5370370370370371,0.1,0.08374384236453201,2.0017891915254884,0.13131313131313133,0.02356902356902357,0.03535353535353535,0.8333333333333334,4.410256410256411,4.0,374.6923076923077
q15_VE1__page_wmax_k0.25,offline,cell=pb_math_q4,406,594,0.24074074074074073,0.2222222222222222,0.5370370370370371,0.2,0.16009852216748768,1.8622251177843994,0.2053872053872054,0.04040404040404041,0.05387205387205387,0.7407407407407407,3.680327868852459,3.0,331.73770491803276
q15_VE1__page_wmax_k0.25,offline,cell=pb_math_q4,406,594,0.24074074074074073,0.2222222222222222,0.5370370370370371,0.3,0.28078817733990147,1.715179681414102,0.26430976430976433,0.06228956228956229,0.09090909090909091,0.6447811447811448,3.2356687898089174,2.0,288.80254777070064
q15_VE1__page_wmax_k0.25,offline,cell=pb_math_q8,406,594,0.21717171717171718,0.21043771043771045,0.5723905723905723,0.05,0.03940886699507389,2.147294487182032,0.08922558922558922,0.016835016835016835,0.005050505050505051,0.9057239057239057,4.39622641509434,4.0,359.7358490566038
q15_VE1__page_wmax_k0.25,offline,cell=pb_math_q8,406,594,0.21717171717171718,0.21043771043771045,0.5723905723905723,0.1,0.08620689655172414,2.0017891915254884,0.13973063973063973,0.03198653198653199,0.026936026936026935,0.8333333333333334,4.096385542168675,4.0,369.51807228915663
q15_VE1__page_wmax_k0.25,offline,cell=pb_math_q8,406,594,0.21717171717171718,0.21043771043771045,0.5723905723905723,0.2,0.17980295566502463,1.8622251177843994,0.21885521885521886,0.05218855218855219,0.045454545454545456,0.7356902356902357,3.6153846153846154,2.5,333.5846153846154
q15_VE1__page_wmax_k0.25,offline,cell=pb_math_q8,406,594,0.21717171717171718,0.21043771043771045,0.5723905723905723,0.3,0.2955665024630542,1.715179681414102,0.2895622895622896,0.06902356902356903,0.07912457912457913,0.6313131313131313,3.1511627906976742,2.0,289.0406976744186
q15_VE1__page_wmax_k0.25,offline,cell=pb_olympiadbench_q4,339,661,0.23903177004538578,0.22844175491679275,0.5325264750378215,0.1,0.06489675516224189,2.4423947585029975,0.0453857791225416,0.009077155824508321,0.0030257186081694403,0.9515885022692889,4.8,4.5,377.3
q15_VE1__page_wmax_k0.25,offline,cell=pb_olympiadbench_q4,339,661,0.23903177004538578,0.22844175491679275,0.5325264750378215,0.2,0.1710914454277286,2.147294487182032,0.12708018154311648,0.03328290468986384,0.02723146747352496,0.8456883509833586,3.3214285714285716,2.0,277.8333333333333
q15_VE1__page_wmax_k0.25,offline,cell=pb_olympiadbench_q4,339,661,0.23903177004538578,0.22844175491679275,0.5325264750378215,0.3,0.2920353982300885,1.948513770293309,0.2118003025718608,0.06202723146747353,0.05143721633888049,0.7367624810892587,2.8214285714285716,2.0,250.67857142857142
q15_VE1__page_wmax_k0.25,offline,cell=pb_olympiadbench_q8,339,661,0.2556732223903177,0.21482602118003025,0.529500756429652,0.1,0.05309734513274336,2.4423947585029975,0.046898638426626324,0.006051437216338881,0.0045385779122541605,0.9485627836611196,5.032258064516129,5.0,379.258064516129
q15_VE1__page_wmax_k0.25,offline,cell=pb_olympiadbench_q8,339,661,0.2556732223903177,0.21482602118003025,0.529500756429652,0.2,0.168141592920354,2.147294487182032,0.12556732223903178,0.03177004538577912,0.025718608169440244,0.848714069591528,3.2048192771084336,2.0,272.9156626506024
q15_VE1__page_wmax_k0.25,offline,cell=pb_olympiadbench_q8,339,661,0.2556732223903177,0.21482602118003025,0.529500756429652,0.3,0.28023598820059,1.948513770293309,0.21633888048411498,0.06202723146747353,0.05446293494704992,0.7291981845688351,2.804195804195804,2.0,242.3916083916084
q15_VE1__page_wmax_k0.25,offline,cell=pb_omnimath_q4,241,759,0.1844532279314888,0.1857707509881423,0.6297760210803689,0.05,0.024896265560165973,2.4423947585029975,0.043478260869565216,0.00922266139657444,0.00922266139657444,0.9472990777338604,4.7272727272727275,4.0,389.4848484848485
q15_VE1__page_wmax_k0.25,offline,cell=pb_omnimath_q4,241,759,0.1844532279314888,0.1857707509881423,0.6297760210803689,0.1,0.0912863070539419,2.147294487182032,0.10144927536231885,0.015810276679841896,0.026350461133069828,0.8722002635046113,4.220779220779221,3.0,361.038961038961
q15_VE1__page_wmax_k0.25,offline,cell=pb_omnimath_q4,241,759,0.1844532279314888,0.1857707509881423,0.6297760210803689,0.2,0.17427385892116182,1.948513770293309,0.22529644268774704,0.039525691699604744,0.039525691699604744,0.7351778656126482,3.6666666666666665,3.0,339.60818713450294
q15_VE1__page_wmax_k0.25,offline,cell=pb_omnimath_q4,241,759,0.1844532279314888,0.1857707509881423,0.6297760210803689,0.3,0.29045643153526973,1.7824992867747664,0.32806324110671936,0.06587615283267458,0.07114624505928854,0.6007905138339921,3.2208835341365463,2.0,316.1285140562249
q15_VE1__page_wmax_k0.25,offline,cell=pb_omnimath_q8,241,759,0.19104084321475626,0.16073781291172595,0.6482213438735178,0.05,0.03319502074688797,2.4423947585029975,0.039525691699604744,0.00922266139657444,0.006587615283267457,0.9538866930171278,3.7333333333333334,3.0,298.4
q15_VE1__page_wmax_k0.25,offline,cell=pb_omnimath_q8,241,759,0.19104084321475626,0.16073781291172595,0.6482213438735178,0.1,0.0954356846473029,2.147294487182032,0.1080368906455863,0.01844532279314888,0.021080368906455864,0.8708827404479579,3.902439024390244,3.0,349.8414634146341
q15_VE1__page_wmax_k0.25,offline,cell=pb_omnimath_q8,241,759,0.19104084321475626,0.16073781291172595,0.6482213438735178,0.2,0.1825726141078838,1.948513770293309,0.1963109354413702,0.034255599472990776,0.03820816864295125,0.7654808959156785,3.3422818791946307,2.0,322.8255033557047
q15_VE1__page_wmax_k0.25,offline,cell=pb_omnimath_q8,241,759,0.19104084321475626,0.16073781291172595,0.6482213438735178,0.3,0.27385892116182575,1.8219658007080586,0.2859025032938076,0.057971014492753624,0.05006587615283267,0.6640316205533597,3.248847926267281,2.0,314.02764976958525
q15_VE1__page_wmax_k1.0,offline,macro8_all,2358,4442,0.2633948671769473,0.26969833408374605,0.4669067987393066,0.05,0.02502120441051739,2.786093136124492,0.03309320126069338,0.007429085997298514,0.010805943268797838,0.9561008554705088,4.115646258503402,3.0,311.3537414965986
q15_VE1__page_wmax_k1.0,offline,macro8_all,2358,4442,0.2633948671769473,0.26969833408374605,0.4669067987393066,0.1,0.08863443596268024,2.401514960878144,0.09027465105808194,0.020486267447095904,0.028590724898694284,0.8811346240432237,3.603491271820449,3.0,306.41645885286783
q15_VE1__page_wmax_k1.0,offline,macro8_all,2358,4442,0.2633948671769473,0.26969833408374605,0.4669067987393066,0.2,0.1709075487701442,2.136564871375082,0.17987393066186402,0.04592525889239082,0.056731202161188654,0.7633948671769473,3.1001251564455568,2.0,281.5732165206508
q15_VE1__page_wmax_k1.0,offline,macro8_all,2358,4442,0.2633948671769473,0.26969833408374605,0.4669067987393066,0.3,0.2697201017811705,1.954821072578264,0.2559657811796488,0.07384061233678524,0.08239531742458352,0.6616389013957676,2.687774846086192,2.0,253.52946350043976
q15_VE1__page_wmax_k1.0,offline,steps_2_to_5,950,1312,0.3742378048780488,0.2553353658536585,0.3704268292682927,0.05,0.0431578947368421,1.9062797902420325,0.038109756097560975,0.018292682926829267,0.009146341463414634,0.9527439024390244,0.82,1.0,85.74
q15_VE1__page_wmax_k1.0,offline,steps_2_to_5,950,1312,0.3742378048780488,0.2553353658536585,0.3704268292682927,0.1,0.09368421052631579,1.8130429256652183,0.07545731707317073,0.038871951219512195,0.020579268292682928,0.9039634146341463,0.8080808080808081,0.0,92.65656565656566
q15_VE1__page_wmax_k1.0,offline,steps_2_to_5,950,1312,0.3742378048780488,0.2553353658536585,0.3704268292682927,0.2,0.1863157894736842,1.695082414879946,0.14557926829268292,0.07621951219512195,0.04573170731707317,0.8086890243902439,0.7801047120418848,0.0,92.05759162303664
q15_VE1__page_wmax_k1.0,offline,steps_2_to_5,950,1312,0.3742378048780488,0.2553353658536585,0.3704268292682927,0.3,0.2789473684210526,1.6300251380700461,0.19359756097560976,0.10670731707317073,0.06173780487804878,0.7446646341463414,0.7559055118110236,0.0,89.18897637795276
q15_VE1__page_wmax_k1.0,offline,steps_6_to_10,1124,2308,0.24696707105719237,0.27469670710571925,0.4783362218370884,0.05,0.029359430604982206,2.551617900065195,0.02859618717504333,0.00779896013864818,0.006499133448873483,0.9649046793760832,2.5454545454545454,2.0,262.8787878787879
q15_VE1__page_wmax_k1.0,offline,steps_6_to_10,1124,2308,0.24696707105719237,0.27469670710571925,0.4783362218370884,0.1,0.09163701067615658,2.287839985427249,0.09185441941074524,0.028162911611785094,0.02772963604852686,0.8804159445407279,2.1839622641509435,1.0,243.66509433962264
q15_VE1__page_wmax_k1.0,offline,steps_6_to_10,1124,2308,0.24696707105719237,0.27469670710571925,0.4783362218370884,0.2,0.18861209964412812,2.136564871375082,0.17374350086655113,0.055025996533795495,0.0511265164644714,0.7751299826689775,1.9925187032418952,1.0,223.03491271820448
q15_VE1__page_wmax_k1.0,offline,steps_6_to_10,1124,2308,0.24696707105719237,0.27469670710571925,0.4783362218370884,0.3,0.25,2.072221008887282,0.20883882149046792,0.0684575389948007,0.06152512998266898,0.729636048526863,1.966804979253112,1.0,218.201244813278
q15_VE1__page_wmax_k1.0,offline,steps_11_plus,284,822,0.13260340632603407,0.27858880778588807,0.5888077858880778,0.3,0.20422535211267606,2.786093136124492,0.15571776155717762,0.032846715328467155,0.0535279805352798,0.7907542579075426,4.4609375,3.0,321.109375
q15_VE1__page_wmax_k1.0,offline,cell=pb_gsm8k_q4,193,207,0.3961352657004831,0.27053140096618356,0.3333333333333333,0.05,0.04145077720207254,2.072221008887282,0.07729468599033816,0.03864734299516908,0.03864734299516908,0.8840579710144928,2.0625,0.5,137.125
q15_VE1__page_wmax_k1.0,offline,cell=pb_gsm8k_q4,193,207,0.3961352657004831,0.27053140096618356,0.3333333333333333,0.1,0.09326424870466321,1.9062797902420325,0.14009661835748793,0.07246376811594203,0.043478260869565216,0.8164251207729468,1.4482758620689655,0.0,99.62068965517241
q15_VE1__page_wmax_k1.0,offline,cell=pb_gsm8k_q4,193,207,0.3961352657004831,0.27053140096618356,0.3333333333333333,0.2,0.18652849740932642,1.769237206012301,0.18357487922705315,0.09178743961352658,0.07246376811594203,0.7439613526570048,1.4473684210526316,0.5,95.84210526315789
q15_VE1__page_wmax_k1.0,offline,cell=pb_gsm8k_q4,193,207,0.3961352657004831,0.27053140096618356,0.3333333333333333,0.3,0.2694300518134715,1.695082414879946,0.2222222222222222,0.12077294685990338,0.0966183574879227,0.6811594202898551,1.2608695652173914,0.0,82.06521739130434
q15_VE1__page_wmax_k1.0,offline,cell=pb_gsm8k_q8,193,207,0.3671497584541063,0.34299516908212563,0.2898550724637681,0.05,0.025906735751295335,2.136564871375082,0.0821256038647343,0.024154589371980676,0.014492753623188406,0.9033816425120773,2.2941176470588234,1.0,147.11764705882354
q15_VE1__page_wmax_k1.0,offline,cell=pb_gsm8k_q8,193,207,0.3671497584541063,0.34299516908212563,0.2898550724637681,0.1,0.07772020725388601,1.954821072578264,0.11594202898550725,0.04830917874396135,0.033816425120772944,0.8502415458937198,1.75,1.0,115.29166666666667
q15_VE1__page_wmax_k1.0,offline,cell=pb_gsm8k_q8,193,207,0.3671497584541063,0.34299516908212563,0.2898550724637681,0.2,0.19689119170984457,1.8130429256652183,0.178743961352657,0.08695652173913043,0.06763285024154589,0.7536231884057971,1.3783783783783783,1.0,98.62162162162163
q15_VE1__page_wmax_k1.0,offline,cell=pb_gsm8k_q8,193,207,0.3671497584541063,0.34299516908212563,0.2898550724637681,0.3,0.26424870466321243,1.7254865573562317,0.21256038647342995,0.10628019323671498,0.07729468599033816,0.7101449275362319,1.3636363636363635,0.5,96.61363636363636
q15_VE1__page_wmax_k1.0,offline,cell=pb_math_q4,406,594,0.2760942760942761,0.28114478114478114,0.44276094276094274,0.05,0.03201970443349754,2.551617900065195,0.04208754208754209,0.003367003367003367,0.010101010101010102,0.9478114478114478,5.92,5.0,459.72
q15_VE1__page_wmax_k1.0,offline,cell=pb_math_q4,406,594,0.2760942760942761,0.28114478114478114,0.44276094276094274,0.1,0.07881773399014778,2.287839985427249,0.1026936026936027,0.021885521885521887,0.026936026936026935,0.8703703703703703,4.60655737704918,4.0,380.88524590163934
q15_VE1__page_wmax_k1.0,offline,cell=pb_math_q4,406,594,0.2760942760942761,0.28114478114478114,0.44276094276094274,0.2,0.16502463054187191,2.0064757098658377,0.18855218855218855,0.045454545454545456,0.06228956228956229,0.7491582491582491,3.4642857142857144,2.0,312.66964285714283
q15_VE1__page_wmax_k1.0,offline,cell=pb_math_q4,406,594,0.2760942760942761,0.28114478114478114,0.44276094276094274,0.3,0.270935960591133,1.8606983745200223,0.26430976430976433,0.07575757575757576,0.08754208754208755,0.6481481481481481,2.821656050955414,2.0,259.26751592356686
q15_VE1__page_wmax_k1.0,offline,cell=pb_math_q8,406,594,0.2441077441077441,0.2760942760942761,0.4797979797979798,0.05,0.04187192118226601,2.551617900065195,0.05723905723905724,0.005050505050505051,0.006734006734006734,0.936026936026936,5.323529411764706,5.0,431.94117647058823
q15_VE1__page_wmax_k1.0,offline,cell=pb_math_q8,406,594,0.2441077441077441,0.2760942760942761,0.4797979797979798,0.1,0.08866995073891626,2.1982775132748182,0.13468013468013468,0.018518518518518517,0.037037037037037035,0.8282828282828283,4.325,4.0,375.7875
q15_VE1__page_wmax_k1.0,offline,cell=pb_math_q8,406,594,0.2441077441077441,0.2760942760942761,0.4797979797979798,0.2,0.19704433497536947,2.0064757098658377,0.19528619528619529,0.04377104377104377,0.05723905723905724,0.7474747474747475,3.3793103448275863,3.0,317.1896551724138
q15_VE1__page_wmax_k1.0,offline,cell=pb_math_q8,406,594,0.2441077441077441,0.2760942760942761,0.4797979797979798,0.3,0.2955665024630542,1.8606983745200223,0.27104377104377103,0.06902356902356903,0.08417508417508418,0.6447811447811448,2.950310559006211,2.0,274.85714285714283
q15_VE1__page_wmax_k1.0,offline,cell=pb_olympiadbench_q4,339,661,0.2556732223903177,0.291981845688351,0.4523449319213313,0.1,0.06489675516224189,2.786093136124492,0.046898638426626324,0.01059001512859304,0.01664145234493192,0.9364599092284418,3.6774193548387095,3.0,318.9032258064516
q15_VE1__page_wmax_k1.0,offline,cell=pb_olympiadbench_q4,339,661,0.2556732223903177,0.291981845688351,0.4523449319213313,0.2,0.12684365781710916,2.551617900065195,0.08169440242057488,0.019667170953101363,0.028744326777609682,0.8895612708018155,3.2037037037037037,2.0,287.51851851851853
q15_VE1__page_wmax_k1.0,offline,cell=pb_olympiadbench_q4,339,661,0.2556732223903177,0.291981845688351,0.4523449319213313,0.3,0.27728613569321536,2.1982775132748182,0.18305597579425115,0.05446293494704992,0.0680786686838124,0.7488653555219364,2.8677685950413223,2.0,258.64462809917353
q15_VE1__page_wmax_k1.0,offline,cell=pb_olympiadbench_q8,339,661,0.2692889561270802,0.27685325264750377,0.45385779122541603,0.1,0.061946902654867256,2.786093136124492,0.05446293494704992,0.01361573373676248,0.01664145234493192,0.9288956127080181,3.5,2.5,275.5
q15_VE1__page_wmax_k1.0,offline,cell=pb_olympiadbench_q8,339,661,0.2692889561270802,0.27685325264750377,0.45385779122541603,0.2,0.18584070796460178,2.287839985427249,0.1573373676248109,0.04084720121028744,0.049924357034795766,0.7927382753403933,2.8365384615384617,2.0,259.0576923076923
q15_VE1__page_wmax_k1.0,offline,cell=pb_olympiadbench_q8,339,661,0.2692889561270802,0.27685325264750377,0.45385779122541603,0.3,0.2743362831858407,2.136564871375082,0.22087745839636913,0.059001512859304085,0.07413010590015129,0.7049924357034796,2.7534246575342465,2.0,254.86301369863014
q15_VE1__page_wmax_k1.0,offline,cell=pb_omnimath_q4,241,759,0.22661396574440051,0.2463768115942029,0.5270092226613966,0.05,0.008298755186721992,2.786093136124492,0.03293807641633729,0.010540184453227932,0.014492753623188406,0.9525691699604744,3.36,2.0,221.32
q15_VE1__page_wmax_k1.0,offline,cell=pb_omnimath_q4,241,759,0.22661396574440051,0.2463768115942029,0.5270092226613966,0.1,0.07883817427385892,2.401514960878144,0.09749670619235837,0.021080368906455864,0.03293807641633729,0.8695652173913043,3.6486486486486487,3.0,295.06756756756755
q15_VE1__page_wmax_k1.0,offline,cell=pb_omnimath_q4,241,759,0.22661396574440051,0.2463768115942029,0.5270092226613966,0.2,0.1908713692946058,2.136564871375082,0.20816864295125165,0.04743083003952569,0.06060606060606061,0.7312252964426877,3.0,2.0,286.1898734177215
q15_VE1__page_wmax_k1.0,offline,cell=pb_omnimath_q4,241,759,0.22661396574440051,0.2463768115942029,0.5270092226613966,0.3,0.26141078838174275,2.0064757098658377,0.2595520421607378,0.06719367588932806,0.08168642951251646,0.6587615283267457,2.771573604060914,2.0,269.3299492385787
q15_VE1__page_wmax_k1.0,offline,cell=pb_omnimath_q8,241,759,0.24242424242424243,0.233201581027668,0.5243741765480896,0.05,0.012448132780082987,2.786093136124492,0.039525691699604744,0.010540184453227932,0.014492753623188406,0.9459815546772069,3.466666666666667,3.0,246.3
q15_VE1__page_wmax_k1.0,offline,cell=pb_omnimath_q8,241,759,0.24242424242424243,0.233201581027668,0.5243741765480896,0.1,0.08713692946058091,2.401514960878144,0.08563899868247694,0.022397891963109356,0.026350461133069828,0.8880105401844532,2.9692307692307693,2.0,252.47692307692307
q15_VE1__page_wmax_k1.0,offline,cell=pb_omnimath_q8,241,759,0.24242424242424243,0.233201581027668,0.5243741765480896,0.2,0.17012448132780084,2.1982775132748182,0.152832674571805,0.039525691699604744,0.04479578392621871,0.8023715415019763,3.0172413793103448,2.0,267.63793103448273
q15_VE1__page_wmax_k1.0,offline,cell=pb_omnimath_q8,241,759,0.24242424242424243,0.233201581027668,0.5243741765480896,0.3,0.2863070539419087,2.0064757098658377,0.25823451910408435,0.07246376811594203,0.07246376811594203,0.6693017127799736,2.7755102040816326,2.0,257.93367346938777
chosen_surprisal__page_wmax_k0.25,offline,macro8_all,2358,4442,0.14385411976587123,0.7985141828005403,0.05763169743358847,0.05,0.03265479219677693,2.958542430664456,0.003827104907699235,0.0027014858171994596,0.03624493471409275,0.959927960378208,1.3529411764705883,0.0,79.41176470588235
chosen_surprisal__page_wmax_k0.25,offline,macro8_all,2358,4442,0.14385411976587123,0.7985141828005403,0.05763169743358847,0.1,0.09796437659033079,2.5948196230416207,0.009230076542098155,0.006528590724898694,0.10850968032417829,0.8822602431337235,1.8780487804878048,0.0,136.8048780487805
chosen_surprisal__page_wmax_k0.25,offline,macro8_all,2358,4442,0.14385411976587123,0.7985141828005403,0.05763169743358847,0.2,0.1993214588634436,2.341372835836692,0.020936515083295814,0.014182800540297164,0.20936515083295812,0.7696983340837461,1.6559139784946237,0.0,131.94623655913978
chosen_surprisal__page_wmax_k0.25,offline,macro8_all,2358,4442,0.14385411976587123,0.7985141828005403,0.05763169743358847,0.3,0.27014418999151824,2.206948662275314,0.030166591625393965,0.019585772174696082,0.2719495722647456,0.6978838361098604,1.8059701492537314,0.0,151.93283582089552
chosen_surprisal__page_wmax_k0.25,offline,steps_2_to_5,950,1312,0.23323170731707318,0.7309451219512195,0.035823170731707314,0.05,0.04736842105263158,1.9731734924605446,0.009908536585365854,0.009908536585365854,0.040396341463414635,0.9496951219512195,0.0,0.0,0.0
chosen_surprisal__page_wmax_k0.25,offline,steps_2_to_5,950,1312,0.23323170731707318,0.7309451219512195,0.035823170731707314,0.1,0.04736842105263158,1.9731734924605446,0.009908536585365854,0.009908536585365854,0.040396341463414635,0.9496951219512195,0.0,0.0,0.0
chosen_surprisal__page_wmax_k0.25,offline,steps_2_to_5,950,1312,0.23323170731707318,0.7309451219512195,0.035823170731707314,0.2,0.1957894736842105,1.876124445400136,0.03353658536585366,0.03353658536585366,0.15396341463414634,0.8125,0.0,0.0,0.0
chosen_surprisal__page_wmax_k0.25,offline,steps_2_to_5,950,1312,0.23323170731707318,0.7309451219512195,0.035823170731707314,0.3,0.27789473684210525,1.7545871602704048,0.04573170731707317,0.04496951219512195,0.24923780487804878,0.7050304878048781,0.03333333333333333,0.0,4.716666666666667
chosen_surprisal__page_wmax_k0.25,offline,steps_6_to_10,1124,2308,0.11481802426343155,0.8362218370883883,0.048960138648180246,0.05,0.028469750889679714,2.730993810233192,0.0017331022530329288,0.0017331022530329288,0.019064124783362217,0.9792027729636048,0.0,0.0,0.0
chosen_surprisal__page_wmax_k0.25,offline,steps_6_to_10,1124,2308,0.11481802426343155,0.8362218370883883,0.048960138648180246,0.1,0.06850533807829182,2.5948196230416207,0.0034662045060658577,0.0034662045060658577,0.05805892547660312,0.938474870017331,0.0,0.0,0.0
chosen_surprisal__page_wmax_k0.25,offline,steps_6_to_10,1124,2308,0.11481802426343155,0.8362218370883883,0.048960138648180246,0.2,0.1797153024911032,2.4215319978144008,0.009098786828422877,0.009098786828422877,0.1520797227036395,0.8388214904679376,0.0,0.0,0.0
chosen_surprisal__page_wmax_k0.25,offline,steps_6_to_10,1124,2308,0.11481802426343155,0.8362218370883883,0.048960138648180246,0.3,0.29092526690391457,2.2707958317459873,0.019064124783362217,0.018197573656845753,0.255632582322357,0.7253032928942807,0.09090909090909091,0.0,14.295454545454545
chosen_surprisal__page_wmax_k0.25,offline,steps_11_plus,284,822,0.0827250608272506,0.8004866180048662,0.11678832116788321,0.3,0.25,2.958542430664456,0.02068126520681265,0.014598540145985401,0.19464720194647203,0.7846715328467153,1.3529411764705883,0.0,79.41176470588235
chosen_surprisal__page_wmax_k0.25,offline,cell=pb_gsm8k_q4,193,207,0.2318840579710145,0.7439613526570048,0.024154589371980676,0.05,0.04145077720207254,2.2707958317459873,0.004830917874396135,0.004830917874396135,0.057971014492753624,0.9371980676328503,0.0,0.0,0.0
chosen_surprisal__page_wmax_k0.25,offline,cell=pb_gsm8k_q4,193,207,0.2318840579710145,0.7439613526570048,0.024154589371980676,0.1,0.08290155440414508,2.1664384043923457,0.00966183574879227,0.00966183574879227,0.08695652173913043,0.9033816425120773,0.0,0.0,0.0
chosen_surprisal__page_wmax_k0.25,offline,cell=pb_gsm8k_q4,193,207,0.2318840579710145,0.7439613526570048,0.024154589371980676,0.2,0.19170984455958548,1.9455139360774651,0.00966183574879227,0.00966183574879227,0.21739130434782608,0.7729468599033816,0.0,0.0,0.0
chosen_surprisal__page_wmax_k0.25,offline,cell=pb_gsm8k_q4,193,207,0.2318840579710145,0.7439613526570048,0.024154589371980676,0.3,0.27979274611398963,1.876124445400136,0.028985507246376812,0.028985507246376812,0.2608695652173913,0.7101449275362319,0.0,0.0,0.0
chosen_surprisal__page_wmax_k0.25,offline,cell=pb_gsm8k_q8,193,207,0.22705314009661837,0.7584541062801933,0.014492753623188406,0.05,0.046632124352331605,2.2707958317459873,0.004830917874396135,0.004830917874396135,0.05314009661835749,0.9420289855072463,0.0,0.0,0.0
chosen_surprisal__page_wmax_k0.25,offline,cell=pb_gsm8k_q8,193,207,0.22705314009661837,0.7584541062801933,0.014492753623188406,0.1,0.09844559585492228,2.1664384043923457,0.00966183574879227,0.00966183574879227,0.07729468599033816,0.9130434782608695,0.0,0.0,0.0
chosen_surprisal__page_wmax_k0.25,offline,cell=pb_gsm8k_q8,193,207,0.22705314009661837,0.7584541062801933,0.014492753623188406,0.2,0.18134715025906736,1.9731734924605446,0.028985507246376812,0.028985507246376812,0.15942028985507245,0.8115942028985508,0.0,0.0,0.0
chosen_surprisal__page_wmax_k0.25,offline,cell=pb_gsm8k_q8,193,207,0.22705314009661837,0.7584541062801933,0.014492753623188406,0.3,0.2694300518134715,1.876124445400136,0.04830917874396135,0.04830917874396135,0.2608695652173913,0.6908212560386473,0.0,0.0,0.0
chosen_surprisal__page_wmax_k0.25,offline,cell=pb_math_q4,406,594,0.18181818181818182,0.7138047138047138,0.10437710437710437,0.05,0.029556650246305417,2.730993810233192,0.005050505050505051,0.005050505050505051,0.04377104377104377,0.9511784511784511,0.0,0.0,0.0
chosen_surprisal__page_wmax_k0.25,offline,cell=pb_math_q4,406,594,0.18181818181818182,0.7138047138047138,0.10437710437710437,0.1,0.07389162561576355,2.5033068016381277,0.010101010101010102,0.006734006734006734,0.08922558922558922,0.9006734006734006,2.8333333333333335,0.0,215.83333333333334
chosen_surprisal__page_wmax_k0.25,offline,cell=pb_math_q4,406,594,0.18181818181818182,0.7138047138047138,0.10437710437710437,0.2,0.1896551724137931,2.206948662275314,0.030303030303030304,0.016835016835016835,0.16161616161616163,0.8080808080808081,2.611111111111111,0.0,216.11111111111111
chosen_surprisal__page_wmax_k0.25,offline,cell=pb_math_q4,406,594,0.18181818181818182,0.7138047138047138,0.10437710437710437,0.3,0.28078817733990147,2.0665162764582083,0.04377104377104377,0.026936026936026935,0.2356902356902357,0.7205387205387206,1.9230769230769231,0.0,161.80769230769232
chosen_surprisal__page_wmax_k0.25,offline,cell=pb_math_q8,406,594,0.2037037037037037,0.7457912457912458,0.050505050505050504,0.05,0.029556650246305417,2.730993810233192,0.003367003367003367,0.003367003367003367,0.058922558922558925,0.9377104377104377,0.0,0.0,0.0
chosen_surprisal__page_wmax_k0.25,offline,cell=pb_math_q8,406,594,0.2037037037037037,0.7457912457912458,0.050505050505050504,0.1,0.07635467980295567,2.5033068016381277,0.008417508417508417,0.008417508417508417,0.10942760942760943,0.8821548821548821,0.0,0.0,0.0
chosen_surprisal__page_wmax_k0.25,offline,cell=pb_math_q8,406,594,0.2037037037037037,0.7457912457912458,0.050505050505050504,0.2,0.1921182266009852,2.206948662275314,0.02356902356902357,0.020202020202020204,0.1919191919191919,0.7845117845117845,0.7142857142857143,0.0,69.85714285714286
chosen_surprisal__page_wmax_k0.25,offline,cell=pb_math_q8,406,594,0.2037037037037037,0.7457912457912458,0.050505050505050504,0.3,0.29310344827586204,2.0665162764582083,0.04040404040404041,0.030303030303030304,0.2474747474747475,0.7121212121212122,0.7916666666666666,0.0,84.20833333333333
chosen_surprisal__page_wmax_k0.25,offline,cell=pb_olympiadbench_q4,339,661,0.10892586989409984,0.8381240544629349,0.0529500756429652,0.1,0.058997050147492625,2.958542430664456,0.006051437216338881,0.0030257186081694403,0.059001512859304085,0.9349470499243571,4.5,0.5,246.75
chosen_surprisal__page_wmax_k0.25,offline,cell=pb_olympiadbench_q4,339,661,0.10892586989409984,0.8381240544629349,0.0529500756429652,0.2,0.168141592920354,2.5948196230416207,0.012102874432677761,0.007564296520423601,0.16187594553706505,0.8260211800302572,3.375,0.0,225.75
chosen_surprisal__page_wmax_k0.25,offline,cell=pb_olympiadbench_q4,339,661,0.10892586989409984,0.8381240544629349,0.0529500756429652,0.3,0.28023598820059,2.4215319978144008,0.01664145234493192,0.009077155824508321,0.24357034795763993,0.7397881996974282,2.3636363636363638,0.0,219.1818181818182
chosen_surprisal__page_wmax_k0.25,offline,cell=pb_olympiadbench_q8,339,661,0.11043872919818457,0.8502269288956127,0.039334341906202726,0.1,0.07669616519174041,2.958542430664456,0.0045385779122541605,0.0030257186081694403,0.06354009077155824,0.9319213313161876,0.3333333333333333,0.0,22.333333333333332
chosen_surprisal__page_wmax_k0.25,offline,cell=pb_olympiadbench_q8,339,661,0.11043872919818457,0.8502269288956127,0.039334341906202726,0.2,0.18584070796460178,2.5948196230416207,0.009077155824508321,0.0045385779122541605,0.17095310136157338,0.8199697428139183,2.5,0.5,250.33333333333334
chosen_surprisal__page_wmax_k0.25,offline,cell=pb_olympiadbench_q8,339,661,0.11043872919818457,0.8502269288956127,0.039334341906202726,0.3,0.29793510324483774,2.4215319978144008,0.02118003025718608,0.01361573373676248,0.2632375189107413,0.7155824508320726,1.8571428571428572,0.0,172.21428571428572
chosen_surprisal__page_wmax_k0.25,offline,cell=pb_omnimath_q4,241,759,0.11330698287220026,0.8155467720685112,0.07114624505928854,0.05,0.03319502074688797,2.958542430664456,0.005270092226613966,0.003952569169960474,0.022397891963109356,0.9723320158102767,0.5,0.0,37.0
chosen_surprisal__page_wmax_k0.25,offline,cell=pb_omnimath_q4,241,759,0.11330698287220026,0.8155467720685112,0.07114624505928854,0.1,0.07468879668049792,2.730993810233192,0.011857707509881422,0.007905138339920948,0.06719367588932806,0.9209486166007905,3.4444444444444446,0.0,225.44444444444446
chosen_surprisal__page_wmax_k0.25,offline,cell=pb_omnimath_q4,241,759,0.11330698287220026,0.8155467720685112,0.07114624505928854,0.2,0.1908713692946058,2.4215319978144008,0.021080368906455864,0.011857707509881422,0.1844532279314888,0.7944664031620553,2.4375,0.0,174.3125
chosen_surprisal__page_wmax_k0.25,offline,cell=pb_omnimath_q4,241,759,0.11330698287220026,0.8155467720685112,0.07114624505928854,0.3,0.2697095435684647,2.2707958317459873,0.030303030303030304,0.017127799736495388,0.2503293807641634,0.7193675889328063,2.130434782608696,0.0,172.30434782608697
chosen_surprisal__page_wmax_k0.25,offline,cell=pb_omnimath_q8,241,759,0.11067193675889328,0.8353096179183136,0.05401844532279315,0.05,0.03734439834024896,2.958542430664456,0.006587615283267457,0.005270092226613966,0.04084321475625823,0.9525691699604744,0.4,0.0,29.6
chosen_surprisal__page_wmax_k0.25,offline,cell=pb_omnimath_q8,241,759,0.11067193675889328,0.8353096179183136,0.05401844532279315,0.1,0.0912863070539419,2.730993810233192,0.010540184453227932,0.00922266139657444,0.08036890645586298,0.9090909090909091,0.25,0.0,18.5
chosen_surprisal__page_wmax_k0.25,offline,cell=pb_omnimath_q8,241,759,0.11067193675889328,0.8353096179183136,0.05401844532279315,0.2,0.16597510373443983,2.5033068016381277,0.015810276679841896,0.010540184453227932,0.15810276679841898,0.8260869565217391,1.5,0.0,92.16666666666667
chosen_surprisal__page_wmax_k0.25,offline,cell=pb_omnimath_q8,241,759,0.11067193675889328,0.8353096179183136,0.05401844532279315,0.3,0.29045643153526973,2.2707958317459873,0.030303030303030304,0.019762845849802372,0.2938076416337286,0.6758893280632411,1.826086956521739,0.0,137.2608695652174
chosen_surprisal__page_wmax_k1.0,offline,macro8_all,2358,4442,0.12291760468257541,0.8764070238631247,0.0006753714542998649,0.05,0.029262086513994912,3.5269279353889402,0.004502476361999099,0.004502476361999099,0.037370553804592525,0.9581269698334084,0.0,0.0,0.0
chosen_surprisal__page_wmax_k1.0,offline,macro8_all,2358,4442,0.12291760468257541,0.8764070238631247,0.0006753714542998649,0.1,0.08948261238337574,3.06270891418453,0.007879333633498424,0.007879333633498424,0.11728950923007654,0.874831157136425,0.0,0.0,0.0
chosen_surprisal__page_wmax_k1.0,offline,macro8_all,2358,4442,0.12291760468257541,0.8764070238631247,0.0006753714542998649,0.2,0.17557251908396945,2.730532774336525,0.01530841963079694,0.01530841963079694,0.23683025664115265,0.7478613237280505,0.0,0.0,0.0
chosen_surprisal__page_wmax_k1.0,offline,macro8_all,2358,4442,0.12291760468257541,0.8764070238631247,0.0006753714542998649,0.3,0.2684478371501272,2.51959279035853,0.024988743809095004,0.024763619990995047,0.35051778478162987,0.6244934714092751,0.009009009009009009,0.0,1.2072072072072073
chosen_surprisal__page_wmax_k1.0,offline,steps_2_to_5,950,1312,0.2263719512195122,0.7728658536585366,0.0007621951219512195,0.05,0.0,2.0758209482330243,0.0,0.0,0.0,1.0,nan,nan,nan
chosen_surprisal__page_wmax_k1.0,offline,steps_2_to_5,950,1312,0.2263719512195122,0.7728658536585366,0.0007621951219512195,0.1,0.05052631578947368,1.9884126242264246,0.013719512195121951,0.013719512195121951,0.04878048780487805,0.9375,0.0,0.0,0.0
chosen_surprisal__page_wmax_k1.0,offline,steps_2_to_5,950,1312,0.2263719512195122,0.7728658536585366,0.0007621951219512195,0.2,0.15263157894736842,1.969753572122061,0.03125,0.03125,0.13871951219512196,0.8300304878048781,0.0,0.0,0.0
chosen_surprisal__page_wmax_k1.0,offline,steps_2_to_5,950,1312,0.2263719512195122,0.7728658536585366,0.0007621951219512195,0.3,0.2578947368421053,1.939439778470371,0.04725609756097561,0.04725609756097561,0.2263719512195122,0.7263719512195121,0.0,0.0,0.0
chosen_surprisal__page_wmax_k1.0,offline,steps_6_to_10,1124,2308,0.08622183708838821,0.9133448873483535,0.0004332755632582322,0.05,0.020462633451957295,2.923648884094941,0.002166377816291161,0.002166377816291161,0.01949740034662045,0.9783362218370883,0.0,0.0,0.0
chosen_surprisal__page_wmax_k1.0,offline,steps_6_to_10,1124,2308,0.08622183708838821,0.9133448873483535,0.0004332755632582322,0.1,0.06138790035587188,2.8048951543400222,0.005632582322357019,0.005632582322357019,0.06975736568457538,0.9246100519930676,0.0,0.0,0.0
chosen_surprisal__page_wmax_k1.0,offline,steps_6_to_10,1124,2308,0.08622183708838821,0.9133448873483535,0.0004332755632582322,0.2,0.18594306049822065,2.6312785896519557,0.012998266897746967,0.012998266897746967,0.20667244367417678,0.7803292894280762,0.0,0.0,0.0
chosen_surprisal__page_wmax_k1.0,offline,steps_6_to_10,1124,2308,0.08622183708838821,0.9133448873483535,0.0004332755632582322,0.3,0.24733096085409254,2.5766350513297516,0.021663778162911613,0.021663778162911613,0.27339688041594457,0.7049393414211439,0.0,0.0,0.0
chosen_surprisal__page_wmax_k1.0,offline,steps_11_plus,284,822,0.06082725060827251,0.9379562043795621,0.0012165450121654502,0.3,0.24295774647887325,3.5269279353889402,0.024330900243309004,0.024330900243309004,0.20194647201946472,0.7737226277372263,0.0,0.0,0.0
chosen_surprisal__page_wmax_k1.0,offline,cell=pb_gsm8k_q4,193,207,0.178743961352657,0.821256038647343,0.0,0.05,0.04145077720207254,2.5766350513297516,0.004830917874396135,0.004830917874396135,0.05314009661835749,0.9420289855072463,0.0,0.0,0.0
chosen_surprisal__page_wmax_k1.0,offline,cell=pb_gsm8k_q4,193,207,0.178743961352657,0.821256038647343,0.0,0.1,0.07772020725388601,2.3882653574318207,0.004830917874396135,0.004830917874396135,0.10144927536231885,0.893719806763285,0.0,0.0,0.0
chosen_surprisal__page_wmax_k1.0,offline,cell=pb_gsm8k_q4,193,207,0.178743961352657,0.821256038647343,0.0,0.2,0.16062176165803108,2.2084175907260373,0.00966183574879227,0.00966183574879227,0.2028985507246377,0.7874396135265701,0.0,0.0,0.0
chosen_surprisal__page_wmax_k1.0,offline,cell=pb_gsm8k_q4,193,207,0.178743961352657,0.821256038647343,0.0,0.3,0.27979274611398963,2.1453389449605798,0.014492753623188406,0.014492753623188406,0.27053140096618356,0.714975845410628,0.0,0.0,0.0
chosen_surprisal__page_wmax_k1.0,offline,cell=pb_gsm8k_q8,193,207,0.178743961352657,0.821256038647343,0.0,0.05,0.03626943005181347,2.5766350513297516,0.004830917874396135,0.004830917874396135,0.033816425120772944,0.961352657004831,0.0,0.0,0.0
chosen_surprisal__page_wmax_k1.0,offline,cell=pb_gsm8k_q8,193,207,0.178743961352657,0.821256038647343,0.0,0.1,0.09844559585492228,2.3397878942912542,0.004830917874396135,0.004830917874396135,0.12560386473429952,0.8695652173913043,0.0,0.0,0.0
chosen_surprisal__page_wmax_k1.0,offline,cell=pb_gsm8k_q8,193,207,0.178743961352657,0.821256038647343,0.0,0.2,0.16062176165803108,2.2084175907260373,0.00966183574879227,0.00966183574879227,0.19806763285024154,0.7922705314009661,0.0,0.0,0.0
chosen_surprisal__page_wmax_k1.0,offline,cell=pb_gsm8k_q8,193,207,0.178743961352657,0.821256038647343,0.0,0.3,0.27979274611398963,2.1453389449605798,0.014492753623188406,0.014492753623188406,0.27053140096618356,0.714975845410628,0.0,0.0,0.0
chosen_surprisal__page_wmax_k1.0,offline,cell=pb_math_q4,406,594,0.1936026936026936,0.8063973063973064,0.0,0.05,0.04926108374384237,3.06270891418453,0.006734006734006734,0.006734006734006734,0.07407407407407407,0.9191919191919192,0.0,0.0,0.0
chosen_surprisal__page_wmax_k1.0,offline,cell=pb_math_q4,406,594,0.1936026936026936,0.8063973063973064,0.0,0.1,0.08620689655172414,2.8048951543400222,0.016835016835016835,0.016835016835016835,0.12289562289562289,0.8602693602693603,0.0,0.0,0.0
chosen_surprisal__page_wmax_k1.0,offline,cell=pb_math_q4,406,594,0.1936026936026936,0.8063973063973064,0.0,0.2,0.16748768472906403,2.51959279035853,0.030303030303030304,0.030303030303030304,0.24242424242424243,0.7272727272727273,0.0,0.0,0.0
chosen_surprisal__page_wmax_k1.0,offline,cell=pb_math_q4,406,594,0.1936026936026936,0.8063973063973064,0.0,0.3,0.27586206896551724,2.23519548559746,0.045454545454545456,0.045454545454545456,0.36195286195286197,0.5925925925925926,0.0,0.0,0.0
chosen_surprisal__page_wmax_k1.0,offline,cell=pb_math_q8,406,594,0.19528619528619529,0.8047138047138047,0.0,0.05,0.03201970443349754,3.239508886972437,0.006734006734006734,0.006734006734006734,0.04882154882154882,0.9444444444444444,0.0,0.0,0.0
chosen_surprisal__page_wmax_k1.0,offline,cell=pb_math_q8,406,594,0.19528619528619529,0.8047138047138047,0.0,0.1,0.08866995073891626,2.8048951543400222,0.018518518518518517,0.018518518518518517,0.13804713804713806,0.8434343434343434,0.0,0.0,0.0
chosen_surprisal__page_wmax_k1.0,offline,cell=pb_math_q8,406,594,0.19528619528619529,0.8047138047138047,0.0,0.2,0.18226600985221675,2.51959279035853,0.03198653198653199,0.03198653198653199,0.25757575757575757,0.7104377104377104,0.0,0.0,0.0
chosen_surprisal__page_wmax_k1.0,offline,cell=pb_math_q8,406,594,0.19528619528619529,0.8047138047138047,0.0,0.3,0.27832512315270935,2.23519548559746,0.04882154882154882,0.04882154882154882,0.3787878787878788,0.5723905723905723,0.0,0.0,0.0
chosen_surprisal__page_wmax_k1.0,offline,cell=pb_olympiadbench_q4,339,661,0.07261724659606657,0.9258698940998488,0.0015128593040847202,0.1,0.07374631268436578,3.5269279353889402,0.006051437216338881,0.006051437216338881,0.05446293494704992,0.9394856278366112,0.0,0.0,0.0
chosen_surprisal__page_wmax_k1.0,offline,cell=pb_olympiadbench_q4,339,661,0.07261724659606657,0.9258698940998488,0.0015128593040847202,0.2,0.18289085545722714,3.06270891418453,0.009077155824508321,0.009077155824508321,0.1664145234493192,0.8245083207261724,0.0,0.0,0.0
chosen_surprisal__page_wmax_k1.0,offline,cell=pb_olympiadbench_q4,339,661,0.07261724659606657,0.9258698940998488,0.0015128593040847202,0.3,0.24778761061946902,2.8048951543400222,0.012102874432677761,0.012102874432677761,0.26777609682299547,0.7201210287443268,0.0,0.0,0.0
chosen_surprisal__page_wmax_k1.0,offline,cell=pb_olympiadbench_q8,339,661,0.07261724659606657,0.9273827534039334,0.0,0.1,0.07374631268436578,3.5269279353889402,0.006051437216338881,0.006051437216338881,0.0680786686838124,0.9258698940998488,0.0,0.0,0.0
chosen_surprisal__page_wmax_k1.0,offline,cell=pb_olympiadbench_q8,339,661,0.07261724659606657,0.9273827534039334,0.0,0.2,0.17699115044247787,3.06270891418453,0.009077155824508321,0.009077155824508321,0.18910741301059,0.8018154311649016,0.0,0.0,0.0
chosen_surprisal__page_wmax_k1.0,offline,cell=pb_olympiadbench_q8,339,661,0.07261724659606657,0.9273827534039334,0.0,0.3,0.26253687315634217,2.8048951543400222,0.01059001512859304,0.01059001512859304,0.2859304084720121,0.7034795763993948,0.0,0.0,0.0
chosen_surprisal__page_wmax_k1.0,offline,cell=pb_omnimath_q4,241,759,0.09486166007905138,0.9025032938076416,0.002635046113306983,0.05,0.04979253112033195,3.239508886972437,0.00922266139657444,0.00922266139657444,0.08036890645586298,0.9104084321475626,0.0,0.0,0.0
chosen_surprisal__page_wmax_k1.0,offline,cell=pb_omnimath_q4,241,759,0.09486166007905138,0.9025032938076416,0.002635046113306983,0.1,0.0995850622406639,3.06270891418453,0.00922266139657444,0.00922266139657444,0.11725955204216074,0.8735177865612648,0.0,0.0,0.0
chosen_surprisal__page_wmax_k1.0,offline,cell=pb_omnimath_q4,241,759,0.09486166007905138,0.9025032938076416,0.002635046113306983,0.2,0.17842323651452283,2.8048951543400222,0.014492753623188406,0.014492753623188406,0.22266139657444006,0.7628458498023716,0.0,0.0,0.0
chosen_surprisal__page_wmax_k1.0,offline,cell=pb_omnimath_q4,241,759,0.09486166007905138,0.9025032938076416,0.002635046113306983,0.3,0.29045643153526973,2.5766350513297516,0.021080368906455864,0.021080368906455864,0.34914361001317523,0.6297760210803689,0.0,0.0,0.0
chosen_surprisal__page_wmax_k1.0,offline,cell=pb_omnimath_q8,241,759,0.09617918313570488,0.9038208168642952,0.0,0.05,0.024896265560165973,3.5269279353889402,0.007905138339920948,0.007905138339920948,0.043478260869565216,0.9486166007905138,0.0,0.0,0.0
chosen_surprisal__page_wmax_k1.0,offline,cell=pb_omnimath_q8,241,759,0.09617918313570488,0.9038208168642952,0.0,0.1,0.0995850622406639,3.06270891418453,0.00922266139657444,0.00922266139657444,0.13570487483530963,0.855072463768116,0.0,0.0,0.0
chosen_surprisal__page_wmax_k1.0,offline,cell=pb_omnimath_q8,241,759,0.09617918313570488,0.9038208168642952,0.0,0.2,0.14937759336099585,2.923648884094941,0.013175230566534914,0.013175230566534914,0.1963109354413702,0.7905138339920948,0.0,0.0,0.0
chosen_surprisal__page_wmax_k1.0,offline,cell=pb_omnimath_q8,241,759,0.09617918313570488,0.9038208168642952,0.0,0.3,0.2572614107883817,2.6312785896519557,0.023715415019762844,0.023715415019762844,0.32806324110671936,0.6482213438735178,0.0,0.0,0.0
logprob_margin__page_wmax_k0.25,offline,macro8_all,2358,4442,0.2055380459252589,0.19338135974786133,0.6010805943268798,0.05,0.02883799830364716,2.3909365265470637,0.034894191805493024,0.005402971634398919,0.006303466906798739,0.9588023412877082,5.735483870967742,4.0,430.49032258064517
logprob_margin__page_wmax_k0.25,offline,macro8_all,2358,4442,0.2055380459252589,0.19338135974786133,0.6010805943268798,0.1,0.08481764206955046,2.1147147945015066,0.09905447996398019,0.016659162539396668,0.01936064835659613,0.8815848716794237,4.415909090909091,3.0,361.3931818181818
logprob_margin__page_wmax_k0.25,offline,macro8_all,2358,4442,0.2055380459252589,0.19338135974786133,0.6010805943268798,0.2,0.19168787107718405,1.8820724099845814,0.2134173795587573,0.04007203962179198,0.04930211616389014,0.7372805042773526,3.580168776371308,2.0,320.2900843881857
logprob_margin__page_wmax_k0.25,offline,macro8_all,2358,4442,0.2055380459252589,0.19338135974786133,0.6010805943268798,0.3,0.27353689567430023,1.7528762942791594,0.2915353444394417,0.05785682125168843,0.07001350742908599,0.6384511481314723,3.142084942084942,2.0,291.55830115830116
logprob_margin__page_wmax_k0.25,offline,steps_2_to_5,950,1312,0.3254573170731707,0.17454268292682926,0.5,0.05,0.049473684210526316,1.7966447687071803,0.06173780487804878,0.018292682926829267,0.012957317073170731,0.9253048780487805,1.2222222222222223,1.0,169.59259259259258
logprob_margin__page_wmax_k0.25,offline,steps_2_to_5,950,1312,0.3254573170731707,0.17454268292682926,0.5,0.1,0.08736842105263158,1.7162531296786292,0.09527439024390244,0.02972560975609756,0.019054878048780487,0.885670731707317,1.2,1.0,159.488
logprob_margin__page_wmax_k0.25,offline,steps_2_to_5,950,1312,0.3254573170731707,0.17454268292682926,0.5,0.2,0.1968421052631579,1.5990803590162534,0.18597560975609756,0.06707317073170732,0.03353658536585366,0.7804878048780488,1.0245901639344261,1.0,125.69262295081967
logprob_margin__page_wmax_k0.25,offline,steps_2_to_5,950,1312,0.3254573170731707,0.17454268292682926,0.5,0.3,0.29894736842105263,1.498005173517598,0.26448170731707316,0.09679878048780488,0.04801829268292683,0.6875,1.0,1.0,123.82997118155619
logprob_margin__page_wmax_k0.25,offline,steps_6_to_10,1124,2308,0.17157712305025996,0.20797227036395147,0.6204506065857885,0.05,0.042704626334519574,2.2143716667683977,0.04722703639514731,0.00996533795493934,0.011265164644714038,0.9415077989601387,3.0458715596330275,2.0,279.7155963302752
logprob_margin__page_wmax_k0.25,offline,steps_6_to_10,1124,2308,0.17157712305025996,0.20797227036395147,0.6204506065857885,0.1,0.07206405693950178,2.1147147945015066,0.08405545927209705,0.01776429809358752,0.01776429809358752,0.8981802426343154,2.7628865979381443,2.0,270.7474226804124
logprob_margin__page_wmax_k0.25,offline,steps_6_to_10,1124,2308,0.17157712305025996,0.20797227036395147,0.6204506065857885,0.2,0.18683274021352314,1.9304449471041174,0.18327556325823224,0.03856152512998267,0.042027729636048526,0.7746967071057193,2.541371158392435,2.0,266.0851063829787
logprob_margin__page_wmax_k0.25,offline,steps_6_to_10,1124,2308,0.17157712305025996,0.20797227036395147,0.6204506065857885,0.3,0.2944839857651246,1.7966447687071803,0.28162911611785096,0.05979202772963605,0.06239168110918544,0.6559792027729636,2.4,2.0,258.1876923076923
logprob_margin__page_wmax_k0.25,offline,steps_11_plus,284,822,0.10948905109489052,0.18248175182481752,0.708029197080292,0.2,0.18661971830985916,2.3909365265470637,0.13381995133819952,0.01824817518248175,0.021897810218978103,0.8442822384428224,6.845454545454546,5.0,491.24545454545455
logprob_margin__page_wmax_k0.25,offline,steps_11_plus,284,822,0.10948905109489052,0.18248175182481752,0.708029197080292,0.3,0.18661971830985916,2.3909365265470637,0.13381995133819952,0.01824817518248175,0.021897810218978103,0.8442822384428224,6.845454545454546,5.0,491.24545454545455
logprob_margin__page_wmax_k0.25,offline,cell=pb_gsm8k_q4,193,207,0.32367149758454106,0.2753623188405797,0.40096618357487923,0.05,0.03626943005181347,1.9304449471041174,0.08695652173913043,0.01932367149758454,0.004830917874396135,0.9082125603864735,2.1666666666666665,2.0,126.22222222222223
logprob_margin__page_wmax_k0.25,offline,cell=pb_gsm8k_q4,193,207,0.32367149758454106,0.2753623188405797,0.40096618357487923,0.1,0.07253886010362694,1.8394975715984447,0.12560386473429952,0.01932367149758454,0.043478260869565216,0.8309178743961353,2.0,1.5,124.42307692307692
logprob_margin__page_wmax_k0.25,offline,cell=pb_gsm8k_q4,193,207,0.32367149758454106,0.2753623188405797,0.40096618357487923,0.2,0.18652849740932642,1.6523505577706215,0.20772946859903382,0.043478260869565216,0.09178743961352658,0.7004830917874396,1.6744186046511629,1.0,112.18604651162791
logprob_margin__page_wmax_k0.25,offline,cell=pb_gsm8k_q4,193,207,0.32367149758454106,0.2753623188405797,0.40096618357487923,0.3,0.2694300518134715,1.573231534040881,0.2753623188405797,0.06763285024154589,0.13043478260869565,0.5942028985507246,1.5614035087719298,1.0,110.0
logprob_margin__page_wmax_k0.25,offline,cell=pb_gsm8k_q8,193,207,0.30434782608695654,0.2995169082125604,0.3961352657004831,0.05,0.031088082901554404,1.9797660101784305,0.05314009661835749,0.00966183574879227,0.00966183574879227,0.9371980676328503,1.9090909090909092,1.0,132.36363636363637
logprob_margin__page_wmax_k0.25,offline,cell=pb_gsm8k_q8,193,207,0.30434782608695654,0.2995169082125604,0.3961352657004831,0.1,0.08290155440414508,1.8394975715984447,0.12077294685990338,0.01932367149758454,0.03864734299516908,0.8405797101449275,1.84,1.0,127.32
logprob_margin__page_wmax_k0.25,offline,cell=pb_gsm8k_q8,193,207,0.30434782608695654,0.2995169082125604,0.3961352657004831,0.2,0.16062176165803108,1.6846909794242086,0.19806763285024154,0.04830917874396135,0.07729468599033816,0.7246376811594203,1.6341463414634145,1.0,113.82926829268293
logprob_margin__page_wmax_k0.25,offline,cell=pb_gsm8k_q8,193,207,0.30434782608695654,0.2995169082125604,0.3961352657004831,0.3,0.27979274611398963,1.573231534040881,0.26570048309178745,0.06763285024154589,0.12560386473429952,0.6086956521739131,1.4727272727272727,1.0,103.61818181818182
logprob_margin__page_wmax_k0.25,offline,cell=pb_math_q4,406,594,0.21548821548821548,0.20033670033670034,0.5841750841750841,0.05,0.04433497536945813,2.1147147945015066,0.07744107744107744,0.010101010101010102,0.020202020202020204,0.9023569023569024,5.282608695652174,4.5,405.6304347826087
logprob_margin__page_wmax_k0.25,offline,cell=pb_math_q4,406,594,0.21548821548821548,0.20033670033670034,0.5841750841750841,0.1,0.08866995073891626,1.9797660101784305,0.13131313131313133,0.021885521885521887,0.030303030303030304,0.8383838383838383,4.538461538461538,4.0,375.5769230769231
logprob_margin__page_wmax_k0.25,offline,cell=pb_math_q4,406,594,0.21548821548821548,0.20033670033670034,0.5841750841750841,0.2,0.19704433497536947,1.7966447687071803,0.2138047138047138,0.04377104377104377,0.050505050505050504,0.7356902356902357,3.574803149606299,2.0,317.6377952755906
logprob_margin__page_wmax_k0.25,offline,cell=pb_math_q4,406,594,0.21548821548821548,0.20033670033670034,0.5841750841750841,0.3,0.2881773399014778,1.6523505577706215,0.29797979797979796,0.06060606060606061,0.0707070707070707,0.6313131313131313,2.9887005649717513,2.0,264.4632768361582
logprob_margin__page_wmax_k0.25,offline,cell=pb_math_q8,406,594,0.20033670033670034,0.19023569023569023,0.6094276094276094,0.05,0.046798029556650245,2.1147147945015066,0.08417508417508418,0.011784511784511785,0.016835016835016835,0.898989898989899,5.08,4.0,402.92
logprob_margin__page_wmax_k0.25,offline,cell=pb_math_q8,406,594,0.20033670033670034,0.19023569023569023,0.6094276094276094,0.1,0.09113300492610837,1.9797660101784305,0.12457912457912458,0.018518518518518517,0.026936026936026935,0.8484848484848485,4.797297297297297,4.0,404.18918918918916
logprob_margin__page_wmax_k0.25,offline,cell=pb_math_q8,406,594,0.20033670033670034,0.19023569023569023,0.6094276094276094,0.2,0.17980295566502463,1.7966447687071803,0.2222222222222222,0.04208754208754209,0.04713804713804714,0.7306397306397306,3.772727272727273,3.0,334.1439393939394
logprob_margin__page_wmax_k0.25,offline,cell=pb_math_q8,406,594,0.20033670033670034,0.19023569023569023,0.6094276094276094,0.3,0.26108374384236455,1.6846909794242086,0.30134680134680136,0.06734006734006734,0.06397306397306397,0.6346801346801347,3.1731843575418996,2.0,281.7039106145251
logprob_margin__page_wmax_k0.25,offline,cell=pb_olympiadbench_q4,339,661,0.21482602118003025,0.2087745839636914,0.5763993948562783,0.1,0.061946902654867256,2.3909365265470637,0.04084720121028744,0.009077155824508321,0.012102874432677761,0.9470499243570348,5.037037037037037,2.0,379.85185185185185
logprob_margin__page_wmax_k0.25,offline,cell=pb_olympiadbench_q4,339,661,0.21482602118003025,0.2087745839636914,0.5763993948562783,0.2,0.17699115044247787,2.1147147945015066,0.11800302571860817,0.028744326777609682,0.03177004538577912,0.8502269288956127,3.782051282051282,2.5,301.6794871794872
logprob_margin__page_wmax_k0.25,offline,cell=pb_olympiadbench_q4,339,661,0.21482602118003025,0.2087745839636914,0.5763993948562783,0.3,0.27728613569321536,1.9304449471041174,0.22239031770045387,0.05446293494704992,0.05446293494704992,0.7231467473524962,2.979591836734694,2.0,258.57142857142856
logprob_margin__page_wmax_k0.25,offline,cell=pb_olympiadbench_q8,339,661,0.2102874432677761,0.20121028744326777,0.5885022692889561,0.05,0.0471976401179941,2.3909365265470637,0.046898638426626324,0.007564296520423601,0.01059001512859304,0.9425113464447806,5.709677419354839,5.0,428.258064516129
logprob_margin__page_wmax_k0.25,offline,cell=pb_olympiadbench_q8,339,661,0.2102874432677761,0.20121028744326777,0.5885022692889561,0.1,0.0471976401179941,2.3909365265470637,0.046898638426626324,0.007564296520423601,0.01059001512859304,0.9425113464447806,5.709677419354839,5.0,428.258064516129
logprob_margin__page_wmax_k0.25,offline,cell=pb_olympiadbench_q8,339,661,0.2102874432677761,0.20121028744326777,0.5885022692889561,0.2,0.16224188790560473,2.1147147945015066,0.12254160363086233,0.0226928895612708,0.03177004538577912,0.8456883509833586,4.074074074074074,3.0,318.9012345679012
logprob_margin__page_wmax_k0.25,offline,cell=pb_olympiadbench_q8,339,661,0.2102874432677761,0.20121028744326777,0.5885022692889561,0.3,0.2861356932153392,1.9304449471041174,0.22995461422087746,0.049924357034795766,0.06354009077155824,0.7065052950075643,3.3815789473684212,2.0,288.8486842105263
logprob_margin__page_wmax_k0.25,offline,cell=pb_omnimath_q4,241,759,0.1686429512516469,0.15942028985507245,0.6719367588932806,0.1,0.0954356846473029,2.1147147945015066,0.1225296442687747,0.019762845849802372,0.017127799736495388,0.8603425559947299,4.419354838709677,3.0,391.8494623655914
logprob_margin__page_wmax_k0.25,offline,cell=pb_omnimath_q4,241,759,0.1686429512516469,0.15942028985507245,0.6719367588932806,0.2,0.1950207468879668,1.9304449471041174,0.22002635046113306,0.03293807641633729,0.04084321475625823,0.7391304347826086,4.1017964071856285,3.0,378.20958083832335
logprob_margin__page_wmax_k0.25,offline,cell=pb_omnimath_q4,241,759,0.1686429512516469,0.15942028985507245,0.6719367588932806,0.3,0.2863070539419087,1.7966447687071803,0.29907773386034253,0.043478260869565216,0.05928853754940711,0.6416337285902504,3.682819383259912,3.0,349.0396475770925
logprob_margin__page_wmax_k0.25,offline,cell=pb_omnimath_q8,241,759,0.1673254281949934,0.152832674571805,0.6798418972332015,0.05,0.04149377593360996,2.3909365265470637,0.039525691699604744,0.006587615283267457,0.002635046113306983,0.9578392621870883,4.966666666666667,4.0,380.93333333333334
logprob_margin__page_wmax_k0.25,offline,cell=pb_omnimath_q8,241,759,0.1673254281949934,0.152832674571805,0.6798418972332015,0.1,0.0995850622406639,2.1147147945015066,0.10540184453227931,0.013175230566534914,0.010540184453227932,0.8840579710144928,4.7375,3.0,401.8125
logprob_margin__page_wmax_k0.25,offline,cell=pb_omnimath_q8,241,759,0.1673254281949934,0.152832674571805,0.6798418972332015,0.2,0.1991701244813278,1.8820724099845814,0.2437417654808959,0.034255599472990776,0.039525691699604744,0.7167325428194994,3.9513513513513514,3.0,373.9675675675676
logprob_margin__page_wmax_k0.25,offline,cell=pb_omnimath_q8,241,759,0.1673254281949934,0.152832674571805,0.6798418972332015,0.3,0.27385892116182575,1.7966447687071803,0.30303030303030304,0.04216073781291173,0.04743083003952569,0.6495388669301713,3.6,3.0,351.9695652173913
logprob_margin__page_wmax_k1.0,offline,macro8_all,2358,4442,0.23728050427735253,0.34669067987393065,0.4160288158487168,0.05,0.02883799830364716,2.7056116541851267,0.030391715443493922,0.007429085997298514,0.010805943268797838,0.9588023412877082,4.4,3.0,343.2148148148148
logprob_margin__page_wmax_k1.0,offline,macro8_all,2358,4442,0.23728050427735253,0.34669067987393065,0.4160288158487168,0.1,0.08651399491094147,2.299649780004062,0.08194506978838362,0.01936064835659613,0.037370553804592525,0.8806843764070239,3.587912087912088,3.0,303.63186813186815
logprob_margin__page_wmax_k1.0,offline,macro8_all,2358,4442,0.23728050427735253,0.34669067987393065,0.4160288158487168,0.2,0.19168787107718405,2.034590545598935,0.15511031067086897,0.044574515983791085,0.07136425033768573,0.7735254389914453,2.9666182873730045,2.0,273.62844702467345
logprob_margin__page_wmax_k1.0,offline,macro8_all,2358,4442,0.23728050427735253,0.34669067987393065,0.4160288158487168,0.3,0.29855810008481765,1.8665137871313375,0.22467357046375508,0.06978838361098605,0.10243133723547951,0.6728950923007654,2.588176352705411,2.0,249.60521042084167
logprob_margin__page_wmax_k1.0,offline,steps_2_to_5,950,1312,0.32164634146341464,0.30259146341463417,0.3757621951219512,0.05,0.042105263157894736,1.8665137871313375,0.036585365853658534,0.014481707317073171,0.013719512195121951,0.9496951219512195,1.0833333333333333,1.0,127.3125
logprob_margin__page_wmax_k1.0,offline,steps_2_to_5,950,1312,0.32164634146341464,0.30259146341463417,0.3757621951219512,0.1,0.08315789473684211,1.7692274033778366,0.07240853658536585,0.03201219512195122,0.028201219512195123,0.899390243902439,0.8842105263157894,1.0,98.70526315789473
logprob_margin__page_wmax_k1.0,offline,steps_2_to_5,950,1312,0.32164634146341464,0.30259146341463417,0.3757621951219512,0.2,0.16421052631578947,1.6897272252715292,0.11280487804878049,0.051829268292682924,0.05030487804878049,0.836890243902439,0.8378378378378378,1.0,93.38513513513513
logprob_margin__page_wmax_k1.0,offline,steps_2_to_5,950,1312,0.32164634146341464,0.30259146341463417,0.3757621951219512,0.3,0.28842105263157897,1.5837302132792488,0.18445121951219512,0.08536585365853659,0.07698170731707317,0.7385670731707317,0.8388429752066116,1.0,91.55785123966942
logprob_margin__page_wmax_k1.0,offline,steps_6_to_10,1124,2308,0.22746967071057192,0.36221837088388215,0.4103119584055459,0.05,0.029359430604982206,2.456502944150405,0.029462738301559793,0.009532062391681109,0.010398613518197574,0.9601386481802426,2.338235294117647,2.0,259.80882352941177
logprob_margin__page_wmax_k1.0,offline,steps_6_to_10,1124,2308,0.22746967071057192,0.36221837088388215,0.4103119584055459,0.1,0.059608540925266906,2.299649780004062,0.06195840554592721,0.016897746967071057,0.024263431542461005,0.9137781629116117,2.1818181818181817,2.0,242.2237762237762
logprob_margin__page_wmax_k1.0,offline,steps_6_to_10,1124,2308,0.22746967071057192,0.36221837088388215,0.4103119584055459,0.2,0.16459074733096085,2.1152478300196043,0.1317157712305026,0.04462738301559792,0.05025996533795494,0.8180242634315424,1.9967105263157894,1.0,229.76644736842104
logprob_margin__page_wmax_k1.0,offline,steps_6_to_10,1124,2308,0.22746967071057192,0.36221837088388215,0.4103119584055459,0.3,0.2846975088967972,1.972659465758772,0.19064124783362218,0.06889081455805893,0.07972270363951472,0.729636048526863,1.8636363636363635,1.0,216.90227272727273
logprob_margin__page_wmax_k1.0,offline,steps_11_plus,284,822,0.13017031630170317,0.3734793187347932,0.49635036496350365,0.3,0.2147887323943662,2.7056116541851267,0.1411192214111922,0.031630170316301706,0.052311435523114354,0.8065693430656934,4.75,4.0,352.44827586206895
logprob_margin__page_wmax_k1.0,offline,cell=pb_gsm8k_q4,193,207,0.357487922705314,0.2898550724637681,0.3526570048309179,0.05,0.04145077720207254,2.034590545598935,0.033816425120772944,0.01932367149758454,0.024154589371980676,0.9420289855072463,1.7142857142857142,0.0,155.0
logprob_margin__page_wmax_k1.0,offline,cell=pb_gsm8k_q4,193,207,0.357487922705314,0.2898550724637681,0.3526570048309179,0.1,0.06735751295336788,1.972659465758772,0.05314009661835749,0.024154589371980676,0.033816425120772944,0.9130434782608695,1.4545454545454546,1.0,128.0
logprob_margin__page_wmax_k1.0,offline,cell=pb_gsm8k_q4,193,207,0.357487922705314,0.2898550724637681,0.3526570048309179,0.2,0.19170984455958548,1.7692274033778366,0.15942028985507245,0.07729468599033816,0.06280193236714976,0.7777777777777778,1.4242424242424243,1.0,91.87878787878788
logprob_margin__page_wmax_k1.0,offline,cell=pb_gsm8k_q4,193,207,0.357487922705314,0.2898550724637681,0.3526570048309179,0.3,0.2849740932642487,1.6897272252715292,0.22705314009661837,0.13043478260869565,0.08695652173913043,0.6859903381642513,1.127659574468085,0.0,70.06382978723404
logprob_margin__page_wmax_k1.0,offline,cell=pb_gsm8k_q8,193,207,0.32367149758454106,0.3719806763285024,0.30434782608695654,0.05,0.03626943005181347,2.1152478300196043,0.043478260869565216,0.014492753623188406,0.03864734299516908,0.9178743961352657,2.4444444444444446,2.0,187.33333333333334
logprob_margin__page_wmax_k1.0,offline,cell=pb_gsm8k_q8,193,207,0.32367149758454106,0.3719806763285024,0.30434782608695654,0.1,0.09844559585492228,1.9183027892983497,0.10144927536231885,0.057971014492753624,0.057971014492753624,0.8405797101449275,1.380952380952381,0.0,107.0952380952381
logprob_margin__page_wmax_k1.0,offline,cell=pb_gsm8k_q8,193,207,0.32367149758454106,0.3719806763285024,0.30434782608695654,0.2,0.17616580310880828,1.7692274033778366,0.14492753623188406,0.0821256038647343,0.07729468599033816,0.7777777777777778,1.1666666666666667,0.0,87.03333333333333
logprob_margin__page_wmax_k1.0,offline,cell=pb_gsm8k_q8,193,207,0.32367149758454106,0.3719806763285024,0.30434782608695654,0.3,0.2694300518134715,1.6897272252715292,0.18840579710144928,0.0966183574879227,0.10144927536231885,0.7101449275362319,1.3076923076923077,0.0,86.61538461538461
logprob_margin__page_wmax_k1.0,offline,cell=pb_math_q4,406,594,0.2558922558922559,0.2996632996632997,0.4444444444444444,0.05,0.027093596059113302,2.456502944150405,0.05218855218855219,0.008417508417508417,0.011784511784511785,0.936026936026936,4.870967741935484,4.0,362.19354838709677
logprob_margin__page_wmax_k1.0,offline,cell=pb_math_q4,406,594,0.2558922558922559,0.2996632996632997,0.4444444444444444,0.1,0.08374384236453201,2.1939285297890594,0.1026936026936027,0.020202020202020204,0.03872053872053872,0.8585858585858586,4.377049180327869,4.0,358.7704918032787
logprob_margin__page_wmax_k1.0,offline,cell=pb_math_q4,406,594,0.2558922558922559,0.2996632996632997,0.4444444444444444,0.2,0.16748768472906403,1.972659465758772,0.1717171717171717,0.04713804713804714,0.05723905723905724,0.7710437710437711,3.4215686274509802,2.0,297.0882352941176
logprob_margin__page_wmax_k1.0,offline,cell=pb_math_q4,406,594,0.2558922558922559,0.2996632996632997,0.4444444444444444,0.3,0.27832512315270935,1.8134589885055827,0.21885521885521886,0.06734006734006734,0.07912457912457913,0.702020202020202,2.9461538461538463,2.0,262.82307692307694
logprob_margin__page_wmax_k1.0,offline,cell=pb_math_q8,406,594,0.2255892255892256,0.30134680134680136,0.4730639730639731,0.05,0.024630541871921183,2.456502944150405,0.05555555555555555,0.011784511784511785,0.013468013468013467,0.930976430976431,4.696969696969697,4.0,394.6363636363636
logprob_margin__page_wmax_k1.0,offline,cell=pb_math_q8,406,594,0.2255892255892256,0.30134680134680136,0.4730639730639731,0.1,0.0812807881773399,2.1939285297890594,0.09259259259259259,0.02356902356902357,0.03198653198653199,0.8754208754208754,4.072727272727272,4.0,340.41818181818184
logprob_margin__page_wmax_k1.0,offline,cell=pb_math_q8,406,594,0.2255892255892256,0.30134680134680136,0.4730639730639731,0.2,0.17733990147783252,1.972659465758772,0.15656565656565657,0.04208754208754209,0.04713804713804714,0.7962962962962963,3.2580645161290325,2.0,276.7741935483871
logprob_margin__page_wmax_k1.0,offline,cell=pb_math_q8,406,594,0.2255892255892256,0.30134680134680136,0.4730639730639731,0.3,0.27832512315270935,1.8134589885055827,0.22727272727272727,0.058922558922558925,0.08585858585858586,0.6868686868686869,2.837037037037037,2.0,257.3777777777778
logprob_margin__page_wmax_k1.0,offline,cell=pb_olympiadbench_q4,339,661,0.22087745839636913,0.3661119515885023,0.4130105900151286,0.1,0.061946902654867256,2.7056116541851267,0.036308623298033284,0.015128593040847202,0.0226928895612708,0.9409984871406959,4.375,2.0,346.1666666666667
logprob_margin__page_wmax_k1.0,offline,cell=pb_olympiadbench_q4,339,661,0.22087745839636913,0.3661119515885023,0.4130105900151286,0.2,0.1887905604719764,2.1939285297890594,0.11195158850226929,0.03177004538577912,0.07866868381240545,0.8093797276853253,2.7567567567567566,1.0,264.4864864864865
logprob_margin__page_wmax_k1.0,offline,cell=pb_olympiadbench_q4,339,661,0.22087745839636913,0.3661119515885023,0.4130105900151286,0.3,0.24188790560471976,2.1152478300196043,0.14069591527987896,0.0453857791225416,0.0907715582450832,0.7685325264750378,2.6559139784946235,1.0,256.8279569892473
logprob_margin__page_wmax_k1.0,offline,cell=pb_olympiadbench_q8,339,661,0.2314674735249622,0.3691376701966717,0.39939485627836613,0.1,0.07079646017699115,2.7056116541851267,0.04387291981845688,0.01361573373676248,0.01664145234493192,0.9394856278366112,4.0344827586206895,2.0,314.9310344827586
logprob_margin__page_wmax_k1.0,offline,cell=pb_olympiadbench_q8,339,661,0.2314674735249622,0.3691376701966717,0.39939485627836613,0.2,0.1710914454277286,2.1939285297890594,0.12708018154311648,0.03328290468986384,0.06959152798789713,0.8033282904689864,3.4404761904761907,2.0,286.95238095238096
logprob_margin__page_wmax_k1.0,offline,cell=pb_olympiadbench_q8,339,661,0.2314674735249622,0.3691376701966717,0.39939485627836613,0.3,0.2890855457227139,2.034590545598935,0.1875945537065053,0.05597579425113464,0.09682299546142209,0.7155824508320726,2.7096774193548385,2.0,249.7258064516129
logprob_margin__page_wmax_k1.0,offline,cell=pb_omnimath_q4,241,759,0.2002635046113307,0.3715415019762846,0.4281949934123847,0.05,0.03734439834024896,2.7056116541851267,0.03162055335968379,0.006587615283267457,0.00922266139657444,0.9591567852437418,3.9166666666666665,3.0,300.0
logprob_margin__page_wmax_k1.0,offline,cell=pb_omnimath_q4,241,759,0.2002635046113307,0.3715415019762846,0.4281949934123847,0.1,0.06224066390041494,2.456502944150405,0.07114624505928854,0.015810276679841896,0.021080368906455864,0.9077733860342556,3.4814814814814814,3.0,278.2962962962963
logprob_margin__page_wmax_k1.0,offline,cell=pb_omnimath_q4,241,759,0.2002635046113307,0.3715415019762846,0.4281949934123847,0.2,0.15352697095435686,2.1939285297890594,0.13570487483530963,0.03293807641633729,0.05533596837944664,0.8089591567852438,2.941747572815534,2.0,260.4466019417476
logprob_margin__page_wmax_k1.0,offline,cell=pb_omnimath_q4,241,759,0.2002635046113307,0.3715415019762846,0.4281949934123847,0.3,0.27800829875518673,1.972659465758772,0.2134387351778656,0.05006587615283267,0.08695652173913043,0.6996047430830039,3.0185185185185186,2.0,286.2283950617284
logprob_margin__page_wmax_k1.0,offline,cell=pb_omnimath_q8,241,759,0.2318840579710145,0.3662714097496706,0.4018445322793149,0.05,0.029045643153526972,2.7056116541851267,0.02766798418972332,0.003952569169960474,0.00922266139657444,0.9631093544137023,3.5714285714285716,3.0,281.14285714285717
logprob_margin__page_wmax_k1.0,offline,cell=pb_omnimath_q8,241,759,0.2318840579710145,0.3662714097496706,0.4018445322793149,0.1,0.07468879668049792,2.456502944150405,0.0461133069828722,0.00922266139657444,0.01844532279314888,0.9354413702239789,3.257142857142857,3.0,259.85714285714283
logprob_margin__page_wmax_k1.0,offline,cell=pb_omnimath_q8,241,759,0.2318840579710145,0.3662714097496706,0.4018445322793149,0.2,0.17012448132780084,2.1939285297890594,0.11462450592885376,0.028985507246376812,0.04743083003952569,0.8379446640316206,2.7701149425287355,2.0,255.04597701149424
logprob_margin__page_wmax_k1.0,offline,cell=pb_omnimath_q8,241,759,0.2318840579710145,0.3662714097496706,0.4018445322793149,0.3,0.27800829875518673,1.972659465758772,0.19235836627140976,0.05665349143610013,0.07905138339920949,0.7285902503293807,2.7260273972602738,2.0,273.8904109589041
true_tail50__page_wmax_k0.25,offline,macro8_all,2358,4442,0.2140927510130572,0.18640252138676272,0.5995047276001801,0.05,0.03307888040712468,2.8186411177593547,0.0315173345339937,0.0036019810895992796,0.00765420981539847,0.9608284556506078,5.485714285714286,4.5,428.37142857142857
true_tail50__page_wmax_k0.25,offline,macro8_all,2358,4442,0.2140927510130572,0.18640252138676272,0.5995047276001801,0.1,0.09626802374893978,2.439579825380096,0.09432687978388113,0.014858171994597028,0.0225123818099955,0.8831607384061234,4.269689737470167,3.0,363.3985680190931
true_tail50__page_wmax_k0.25,offline,macro8_all,2358,4442,0.2140927510130572,0.18640252138676272,0.5995047276001801,0.2,0.16793893129770993,2.2385722960749876,0.1470058532192706,0.025889239081494823,0.034218820351193155,0.8187753264295362,3.9617151607963246,3.0,352.7166921898928
true_tail50__page_wmax_k0.25,offline,macro8_all,2358,4442,0.2140927510130572,0.18640252138676272,0.5995047276001801,0.3,0.29474130619168787,2.017156451341812,0.25416479063484915,0.04975236380009005,0.06168392615938766,0.6841512832057631,3.4162976085031,3.0,318.9379982285208
true_tail50__page_wmax_k0.25,offline,steps_2_to_5,950,1312,0.3254573170731707,0.14329268292682926,0.53125,0.05,0.04105263157894737,1.9847259353838458,0.03277439024390244,0.008384146341463415,0.006097560975609756,0.9611280487804879,1.6511627906976745,2.0,170.02325581395348
true_tail50__page_wmax_k0.25,offline,steps_2_to_5,950,1312,0.3254573170731707,0.14329268292682926,0.53125,0.1,0.07368421052631578,1.9510265306120687,0.06478658536585366,0.01753048780487805,0.012195121951219513,0.9230182926829268,1.576470588235294,2.0,179.0235294117647
true_tail50__page_wmax_k0.25,offline,steps_2_to_5,950,1312,0.3254573170731707,0.14329268292682926,0.53125,0.2,0.19052631578947368,1.7536248826011511,0.15091463414634146,0.04573170731707317,0.028201219512195123,0.8208841463414634,1.3434343434343434,1.0,153.72727272727272
true_tail50__page_wmax_k0.25,offline,steps_2_to_5,950,1312,0.3254573170731707,0.14329268292682926,0.53125,0.3,0.24526315789473685,1.729271925163327,0.19207317073170732,0.0625,0.02972560975609756,0.7782012195121951,1.257936507936508,1.0,135.88888888888889
true_tail50__page_wmax_k0.25,offline,steps_6_to_10,1124,2308,0.18760831889081456,0.20407279029462738,0.608318890814558,0.05,0.03469750889679715,2.575360040902298,0.036395147313691506,0.006065857885615251,0.005199306759098787,0.9584055459272097,3.25,3.5,334.04761904761904
true_tail50__page_wmax_k0.25,offline,steps_6_to_10,1124,2308,0.18760831889081456,0.20407279029462738,0.608318890814558,0.1,0.08896797153024912,2.439579825380096,0.06499133448873484,0.009532062391681109,0.011265164644714038,0.9237435008665511,3.1266666666666665,3.0,326.8066666666667
true_tail50__page_wmax_k0.25,offline,steps_6_to_10,1124,2308,0.18760831889081456,0.20407279029462738,0.608318890814558,0.2,0.18238434163701067,2.2385722960749876,0.12045060658578856,0.02123050259965338,0.02339688041594454,0.8561525129982669,2.920863309352518,3.0,317.0071942446043
true_tail50__page_wmax_k0.25,offline,steps_6_to_10,1124,2308,0.18760831889081456,0.20407279029462738,0.608318890814558,0.3,0.25355871886120995,2.1912998436519406,0.16031195840554593,0.02772963604852686,0.02859618717504333,0.8110918544194108,2.808108108108108,2.5,303.66486486486485
true_tail50__page_wmax_k0.25,offline,steps_11_plus,284,822,0.11070559610705596,0.20559610705596107,0.683698296836983,0.3,0.24647887323943662,2.8186411177593547,0.14476885644768855,0.0170316301703163,0.0413625304136253,0.8138686131386861,5.73109243697479,5.0,431.6470588235294
true_tail50__page_wmax_k0.25,offline,cell=pb_gsm8k_q4,193,207,0.3140096618357488,0.2318840579710145,0.45410628019323673,0.05,0.025906735751295335,2.339738639908126,0.033816425120772944,0.00966183574879227,0.004830917874396135,0.961352657004831,3.7142857142857144,2.0,314.2857142857143
true_tail50__page_wmax_k0.25,offline,cell=pb_gsm8k_q4,193,207,0.3140096618357488,0.2318840579710145,0.45410628019323673,0.1,0.08808290155440414,2.136579687372464,0.06280193236714976,0.01932367149758454,0.00966183574879227,0.927536231884058,2.8461538461538463,2.0,237.6153846153846
true_tail50__page_wmax_k0.25,offline,cell=pb_gsm8k_q4,193,207,0.3140096618357488,0.2318840579710145,0.45410628019323673,0.2,0.18652849740932642,1.9510265306120687,0.14492753623188406,0.03864734299516908,0.04830917874396135,0.8067632850241546,2.1333333333333333,1.0,158.1
true_tail50__page_wmax_k0.25,offline,cell=pb_gsm8k_q4,193,207,0.3140096618357488,0.2318840579710145,0.45410628019323673,0.3,0.2694300518134715,1.833913688501559,0.1932367149758454,0.05314009661835749,0.07729468599033816,0.7294685990338164,2.075,1.5,143.475
true_tail50__page_wmax_k0.25,offline,cell=pb_gsm8k_q8,193,207,0.28502415458937197,0.2028985507246377,0.5120772946859904,0.05,0.046632124352331605,2.1912998436519406,0.07729468599033816,0.004830917874396135,0.0,0.9227053140096618,3.75,4.0,257.5625
true_tail50__page_wmax_k0.25,offline,cell=pb_gsm8k_q8,193,207,0.28502415458937197,0.2028985507246377,0.5120772946859904,0.1,0.08808290155440414,2.017156451341812,0.10628019323671498,0.014492753623188406,0.014492753623188406,0.8792270531400966,3.0,2.5,204.3181818181818
true_tail50__page_wmax_k0.25,offline,cell=pb_gsm8k_q8,193,207,0.28502415458937197,0.2028985507246377,0.5120772946859904,0.2,0.17616580310880828,1.9106299621259688,0.178743961352657,0.024154589371980676,0.04830917874396135,0.7729468599033816,2.72972972972973,2.0,178.6216216216216
true_tail50__page_wmax_k0.25,offline,cell=pb_gsm8k_q8,193,207,0.28502415458937197,0.2028985507246377,0.5120772946859904,0.3,0.29533678756476683,1.7950121108556685,0.2222222222222222,0.033816425120772944,0.07246376811594203,0.7053140096618358,2.260869565217391,2.0,145.8913043478261
true_tail50__page_wmax_k0.25,offline,cell=pb_math_q4,406,594,0.22895622895622897,0.1835016835016835,0.5875420875420876,0.05,0.03201970443349754,2.575360040902298,0.06565656565656566,0.008417508417508417,0.013468013468013467,0.9208754208754208,4.923076923076923,4.0,444.3333333333333
true_tail50__page_wmax_k0.25,offline,cell=pb_math_q4,406,594,0.22895622895622897,0.1835016835016835,0.5875420875420876,0.1,0.09359605911330049,2.339738639908126,0.10606060606060606,0.008417508417508417,0.025252525252525252,0.8686868686868687,4.761904761904762,5.0,433.44444444444446
true_tail50__page_wmax_k0.25,offline,cell=pb_math_q4,406,594,0.22895622895622897,0.1835016835016835,0.5875420875420876,0.2,0.1896551724137931,2.136579687372464,0.1717171717171717,0.026936026936026935,0.04377104377104377,0.7845117845117845,3.950980392156863,4.0,361.6764705882353
true_tail50__page_wmax_k0.25,offline,cell=pb_math_q4,406,594,0.22895622895622897,0.1835016835016835,0.5875420875420876,0.3,0.28078817733990147,1.9847259353838458,0.234006734006734,0.045454545454545456,0.06228956228956229,0.7037037037037037,3.7194244604316546,3.0,331.8561151079137
true_tail50__page_wmax_k0.25,offline,cell=pb_math_q8,406,594,0.20875420875420875,0.14646464646464646,0.6447811447811448,0.05,0.03201970443349754,2.575360040902298,0.05555555555555555,0.005050505050505051,0.010101010101010102,0.9343434343434344,5.818181818181818,5.0,475.45454545454544
true_tail50__page_wmax_k0.25,offline,cell=pb_math_q8,406,594,0.20875420875420875,0.14646464646464646,0.6447811447811448,0.1,0.059113300492610835,2.439579825380096,0.08249158249158249,0.006734006734006734,0.016835016835016835,0.9006734006734006,5.530612244897959,5.0,461.8775510204082
true_tail50__page_wmax_k0.25,offline,cell=pb_math_q8,406,594,0.20875420875420875,0.14646464646464646,0.6447811447811448,0.2,0.19704433497536947,2.136579687372464,0.18686868686868688,0.020202020202020204,0.03872053872053872,0.7744107744107744,4.306306306306307,4.0,371.27027027027026
true_tail50__page_wmax_k0.25,offline,cell=pb_math_q8,406,594,0.20875420875420875,0.14646464646464646,0.6447811447811448,0.3,0.2955665024630542,1.9847259353838458,0.25252525252525254,0.04040404040404041,0.04713804713804714,0.7003367003367004,3.9133333333333336,3.5,349.32
true_tail50__page_wmax_k0.25,offline,cell=pb_olympiadbench_q4,339,661,0.2178517397881997,0.24205748865355523,0.540090771558245,0.1,0.061946902654867256,2.8186411177593547,0.04084720121028744,0.0045385779122541605,0.01361573373676248,0.9455370650529501,4.703703703703703,4.0,335.0740740740741
true_tail50__page_wmax_k0.25,offline,cell=pb_olympiadbench_q4,339,661,0.2178517397881997,0.24205748865355523,0.540090771558245,0.2,0.15339233038348082,2.439579825380096,0.12102874432677761,0.0226928895612708,0.03177004538577912,0.8472012102874432,3.4375,2.0,276.15
true_tail50__page_wmax_k0.25,offline,cell=pb_olympiadbench_q4,339,661,0.2178517397881997,0.24205748865355523,0.540090771558245,0.3,0.29793510324483774,2.1912998436519406,0.2027231467473525,0.046898638426626324,0.059001512859304085,0.7382753403933434,3.0223880597014925,2.0,274.57462686567163
true_tail50__page_wmax_k0.25,offline,cell=pb_olympiadbench_q8,339,661,0.19969742813918306,0.21482602118003025,0.5854765506807866,0.1,0.07669616519174041,2.8186411177593547,0.048411497730711045,0.0045385779122541605,0.009077155824508321,0.9425113464447806,6.03125,6.0,443.15625
true_tail50__page_wmax_k0.25,offline,cell=pb_olympiadbench_q8,339,661,0.19969742813918306,0.21482602118003025,0.5854765506807866,0.2,0.17404129793510326,2.439579825380096,0.12254160363086233,0.025718608169440244,0.02723146747352496,0.8502269288956127,3.950617283950617,3.0,307.4938271604938
true_tail50__page_wmax_k0.25,offline,cell=pb_olympiadbench_q8,339,661,0.19969742813918306,0.21482602118003025,0.5854765506807866,0.3,0.2861356932153392,2.2385722960749876,0.17246596066565809,0.04387291981845688,0.048411497730711045,0.7791225416036308,3.745614035087719,2.5,305.56140350877195
true_tail50__page_wmax_k0.25,offline,cell=pb_omnimath_q4,241,759,0.19894598155467721,0.1712779973649539,0.6297760210803689,0.05,0.04149377593360996,2.8186411177593547,0.03557312252964427,0.003952569169960474,0.010540184453227932,0.9538866930171278,5.407407407407407,4.0,452.7037037037037
true_tail50__page_wmax_k0.25,offline,cell=pb_omnimath_q4,241,759,0.19894598155467721,0.1712779973649539,0.6297760210803689,0.1,0.07883817427385892,2.575360040902298,0.07246376811594203,0.013175230566534914,0.014492753623188406,0.9130434782608695,4.345454545454546,3.0,376.45454545454544
true_tail50__page_wmax_k0.25,offline,cell=pb_omnimath_q4,241,759,0.19894598155467721,0.1712779973649539,0.6297760210803689,0.2,0.1908713692946058,2.2385722960749876,0.1541501976284585,0.025032938076416336,0.03689064558629776,0.8089591567852438,3.982905982905983,3.0,369.4188034188034
true_tail50__page_wmax_k0.25,offline,cell=pb_omnimath_q4,241,759,0.19894598155467721,0.1712779973649539,0.6297760210803689,0.3,0.27800829875518673,2.07970537124011,0.25559947299077734,0.052700922266139656,0.05533596837944664,0.689064558629776,3.5,3.0,342.14948453608247
true_tail50__page_wmax_k0.25,offline,cell=pb_omnimath_q8,241,759,0.1844532279314888,0.14492753623188406,0.6706192358366272,0.05,0.03734439834024896,2.8186411177593547,0.034255599472990776,0.006587615283267457,0.007905138339920948,0.9578392621870883,5.0,3.5,429.38461538461536
true_tail50__page_wmax_k0.25,offline,cell=pb_omnimath_q8,241,759,0.1844532279314888,0.14492753623188406,0.6706192358366272,0.1,0.08298755186721991,2.575360040902298,0.06060606060606061,0.010540184453227932,0.01844532279314888,0.9209486166007905,4.6521739130434785,3.5,389.32608695652175
true_tail50__page_wmax_k0.25,offline,cell=pb_omnimath_q8,241,759,0.1844532279314888,0.14492753623188406,0.6706192358366272,0.2,0.1950207468879668,2.339738639908126,0.1370223978919631,0.019762845849802372,0.030303030303030304,0.8326745718050066,4.173076923076923,3.0,379.375
true_tail50__page_wmax_k0.25,offline,cell=pb_omnimath_q8,241,759,0.1844532279314888,0.14492753623188406,0.6706192358366272,0.3,0.27385892116182575,2.1912998436519406,0.19104084321475626,0.030303030303030304,0.034255599472990776,0.7747035573122529,3.9379310344827587,3.0,379.2206896551724
true_tail50__page_wmax_k1.0,offline,macro8_all,2358,4442,0.23683025664115265,0.20914002701485818,0.5540297163439892,0.05,0.03307888040712468,3.1770639885179146,0.029040972534894193,0.005177847816298964,0.011031067086897793,0.959927960378208,5.666666666666667,5.0,426.4186046511628
true_tail50__page_wmax_k1.0,offline,macro8_all,2358,4442,0.23683025664115265,0.20914002701485818,0.5540297163439892,0.1,0.09033078880407125,2.694195506981248,0.095002251238181,0.016434038721296715,0.0270148581719946,0.8779828905898244,4.279620853080568,3.0,354.042654028436
true_tail50__page_wmax_k1.0,offline,macro8_all,2358,4442,0.23683025664115265,0.20914002701485818,0.5540297163439892,0.2,0.18659881255301103,2.3898919253586532,0.18820351193156237,0.0384961728950923,0.04727600180099054,0.7645204862674471,3.6566985645933014,3.0,326.2870813397129
true_tail50__page_wmax_k1.0,offline,macro8_all,2358,4442,0.23683025664115265,0.20914002701485818,0.5540297163439892,0.3,0.29304495335029684,2.186165421690036,0.2703737055380459,0.06055830706888789,0.06956325979288609,0.660063034669068,3.2431307243963365,2.0,299.7377185678601
true_tail50__page_wmax_k1.0,offline,steps_2_to_5,950,1312,0.35289634146341464,0.16082317073170732,0.48628048780487804,0.05,0.0,2.0029775183610843,0.0,0.0,0.0,1.0,nan,nan,nan
true_tail50__page_wmax_k1.0,offline,steps_2_to_5,950,1312,0.35289634146341464,0.16082317073170732,0.48628048780487804,0.1,0.07473684210526316,1.9803331940661406,0.06554878048780488,0.024390243902439025,0.008384146341463415,0.9260670731707317,1.2209302325581395,1.0,138.36046511627907
true_tail50__page_wmax_k1.0,offline,steps_2_to_5,950,1312,0.35289634146341464,0.16082317073170732,0.48628048780487804,0.2,0.19052631578947368,1.8525668485871365,0.16920731707317074,0.0663109756097561,0.028963414634146343,0.801829268292683,1.1036036036036037,1.0,125.18468468468468
true_tail50__page_wmax_k1.0,offline,steps_2_to_5,950,1312,0.35289634146341464,0.16082317073170732,0.48628048780487804,0.3,0.24421052631578946,1.7538213158449367,0.21646341463414634,0.08231707317073171,0.039634146341463415,0.7439024390243902,1.119718309859155,1.0,128.3450704225352
true_tail50__page_wmax_k1.0,offline,steps_6_to_10,1124,2308,0.2110051993067591,0.23006932409012132,0.5589254766031195,0.05,0.04359430604982206,2.694195506981248,0.0511265164644714,0.010831889081455806,0.008665511265164644,0.9402079722703639,2.8135593220338984,2.0,285.0169491525424
true_tail50__page_wmax_k1.0,offline,steps_6_to_10,1124,2308,0.2110051993067591,0.23006932409012132,0.5589254766031195,0.1,0.09163701067615658,2.5713515466575387,0.08622183708838821,0.021663778162911613,0.014298093587521665,0.8994800693240901,2.6381909547738696,2.0,273.30150753768845
true_tail50__page_wmax_k1.0,offline,steps_6_to_10,1124,2308,0.2110051993067591,0.23006932409012132,0.5589254766031195,0.2,0.1396797153024911,2.4573640096857905,0.12348353552859619,0.030329289428076257,0.02123050259965338,0.8552859618717504,2.617543859649123,2.0,272.63508771929827
true_tail50__page_wmax_k1.0,offline,steps_6_to_10,1124,2308,0.2110051993067591,0.23006932409012132,0.5589254766031195,0.3,0.2571174377224199,2.3018021072213135,0.21143847487001732,0.049393414211438474,0.045060658578856154,0.7435008665511266,2.485655737704918,2.0,270.5389344262295
true_tail50__page_wmax_k1.0,offline,steps_11_plus,284,822,0.12408759124087591,0.22749391727493917,0.648418491484185,0.3,0.2746478873239437,3.1770639885179146,0.15693430656934307,0.027980535279805353,0.05961070559610705,0.7834549878345499,5.666666666666667,5.0,426.4186046511628
true_tail50__page_wmax_k1.0,offline,cell=pb_gsm8k_q4,193,207,0.3526570048309179,0.2318840579710145,0.41545893719806765,0.05,0.031088082901554404,2.4573640096857905,0.01932367149758454,0.0,0.004830917874396135,0.9758454106280193,6.25,6.0,518.0
true_tail50__page_wmax_k1.0,offline,cell=pb_gsm8k_q4,193,207,0.3526570048309179,0.2318840579710145,0.41545893719806765,0.1,0.09326424870466321,2.228529580028629,0.06280193236714976,0.01932367149758454,0.033816425120772944,0.9033816425120773,2.8461538461538463,2.0,237.6153846153846
true_tail50__page_wmax_k1.0,offline,cell=pb_gsm8k_q4,193,207,0.3526570048309179,0.2318840579710145,0.41545893719806765,0.2,0.18134715025906736,2.1278926344095117,0.1111111111111111,0.043478260869565216,0.057971014492753624,0.8309178743961353,2.0,1.0,151.08695652173913
true_tail50__page_wmax_k1.0,offline,cell=pb_gsm8k_q4,193,207,0.3526570048309179,0.2318840579710145,0.41545893719806765,0.3,0.29533678756476683,1.9803331940661406,0.19806763285024154,0.07246376811594203,0.0821256038647343,0.7198067632850241,1.7804878048780488,1.0,125.63414634146342
true_tail50__page_wmax_k1.0,offline,cell=pb_gsm8k_q8,193,207,0.32367149758454106,0.20772946859903382,0.46859903381642515,0.05,0.04145077720207254,2.3018021072213135,0.04830917874396135,0.014492753623188406,0.014492753623188406,0.9371980676328503,3.6,2.0,263.2
true_tail50__page_wmax_k1.0,offline,cell=pb_gsm8k_q8,193,207,0.32367149758454106,0.20772946859903382,0.46859903381642515,0.1,0.07253886010362694,2.228529580028629,0.08695652173913043,0.014492753623188406,0.01932367149758454,0.893719806763285,3.388888888888889,3.5,234.16666666666666
true_tail50__page_wmax_k1.0,offline,cell=pb_gsm8k_q8,193,207,0.32367149758454106,0.20772946859903382,0.46859903381642515,0.2,0.18134715025906736,2.0029775183610843,0.14009661835748793,0.024154589371980676,0.06763285024154589,0.7922705314009661,2.8275862068965516,2.0,170.17241379310346
true_tail50__page_wmax_k1.0,offline,cell=pb_gsm8k_q8,193,207,0.32367149758454106,0.20772946859903382,0.46859903381642515,0.3,0.27461139896373055,1.9468753734272979,0.2222222222222222,0.03864734299516908,0.08695652173913043,0.6908212560386473,2.369565217391304,2.0,150.7391304347826
true_tail50__page_wmax_k1.0,offline,cell=pb_math_q4,406,594,0.23905723905723905,0.20202020202020202,0.5589225589225589,0.05,0.03694581280788178,2.883381869501002,0.04377104377104377,0.0016835016835016834,0.016835016835016835,0.9393939393939394,6.153846153846154,5.0,521.5769230769231
true_tail50__page_wmax_k1.0,offline,cell=pb_math_q4,406,594,0.23905723905723905,0.20202020202020202,0.5589225589225589,0.1,0.0812807881773399,2.5713515466575387,0.11447811447811448,0.016835016835016835,0.02861952861952862,0.8569023569023569,4.279411764705882,4.0,380.2352941176471
true_tail50__page_wmax_k1.0,offline,cell=pb_math_q4,406,594,0.23905723905723905,0.20202020202020202,0.5589225589225589,0.2,0.18226600985221675,2.228529580028629,0.20707070707070707,0.02861952861952862,0.05555555555555555,0.7373737373737373,3.902439024390244,4.0,340.4146341463415
true_tail50__page_wmax_k1.0,offline,cell=pb_math_q4,406,594,0.23905723905723905,0.20202020202020202,0.5589225589225589,0.3,0.27586206896551724,2.0653711430351027,0.26262626262626265,0.04882154882154882,0.07407407407407407,0.6632996632996633,3.5,3.0,308.54487179487177
true_tail50__page_wmax_k1.0,offline,cell=pb_math_q8,406,594,0.234006734006734,0.15488215488215487,0.6111111111111112,0.05,0.019704433497536946,3.1770639885179146,0.013468013468013467,0.0,0.003367003367003367,0.9831649831649831,7.25,5.5,536.375
true_tail50__page_wmax_k1.0,offline,cell=pb_math_q8,406,594,0.234006734006734,0.15488215488215487,0.6111111111111112,0.1,0.09359605911330049,2.5713515466575387,0.10437710437710437,0.010101010101010102,0.025252525252525252,0.8703703703703703,4.774193548387097,5.0,427.66129032258067
true_tail50__page_wmax_k1.0,offline,cell=pb_math_q8,406,594,0.234006734006734,0.15488215488215487,0.6111111111111112,0.2,0.19704433497536947,2.228529580028629,0.2138047138047138,0.02356902356902357,0.04713804713804714,0.7390572390572391,4.141732283464567,4.0,359.43307086614175
true_tail50__page_wmax_k1.0,offline,cell=pb_math_q8,406,594,0.234006734006734,0.15488215488215487,0.6111111111111112,0.3,0.2857142857142857,2.0653711430351027,0.2845117845117845,0.04882154882154882,0.05218855218855219,0.6632996632996633,3.6508875739644973,3.0,323.8698224852071
true_tail50__page_wmax_k1.0,offline,cell=pb_olympiadbench_q4,339,661,0.23903177004538578,0.26777609682299547,0.49319213313161875,0.1,0.07374631268436578,3.1770639885179146,0.039334341906202726,0.009077155824508321,0.018154311649016642,0.9425113464447806,4.5,2.5,302.7692307692308
true_tail50__page_wmax_k1.0,offline,cell=pb_olympiadbench_q4,339,661,0.23903177004538578,0.26777609682299547,0.49319213313161875,0.2,0.17699115044247787,2.5713515466575387,0.16036308623298035,0.036308623298033284,0.05597579425113464,0.783661119515885,3.141509433962264,2.0,269.99056603773585
true_tail50__page_wmax_k1.0,offline,cell=pb_olympiadbench_q4,339,661,0.23903177004538578,0.26777609682299547,0.49319213313161875,0.3,0.2861356932153392,2.3898919253586532,0.2314674735249622,0.0529500756429652,0.07413010590015129,0.6944024205748865,3.0392156862745097,2.0,283.4640522875817
true_tail50__page_wmax_k1.0,offline,cell=pb_olympiadbench_q8,339,661,0.23751891074130105,0.2329803328290469,0.529500756429652,0.1,0.07079646017699115,3.1770639885179146,0.049924357034795766,0.01361573373676248,0.015128593040847202,0.9349470499243571,4.696969696969697,4.0,332.57575757575756
true_tail50__page_wmax_k1.0,offline,cell=pb_olympiadbench_q8,339,661,0.23751891074130105,0.2329803328290469,0.529500756429652,0.2,0.17404129793510326,2.694195506981248,0.12708018154311648,0.03479576399394856,0.03479576399394856,0.8381240544629349,3.8214285714285716,2.0,309.26190476190476
true_tail50__page_wmax_k1.0,offline,cell=pb_olympiadbench_q8,339,661,0.23751891074130105,0.2329803328290469,0.529500756429652,0.3,0.25073746312684364,2.4573640096857905,0.20726172465960666,0.05143721633888049,0.0529500756429652,0.7397881996974282,3.708029197080292,2.0,309.3211678832117
true_tail50__page_wmax_k1.0,offline,cell=pb_omnimath_q4,241,759,0.21739130434782608,0.20948616600790515,0.5731225296442688,0.05,0.029045643153526972,3.1770639885179146,0.03689064558629776,0.005270092226613966,0.011857707509881422,0.9512516469038208,6.357142857142857,4.5,495.35714285714283
true_tail50__page_wmax_k1.0,offline,cell=pb_omnimath_q4,241,759,0.21739130434782608,0.20948616600790515,0.5731225296442688,0.1,0.07053941908713693,2.883381869501002,0.06851119894598155,0.010540184453227932,0.01844532279314888,0.9130434782608695,4.75,3.0,384.9423076923077
true_tail50__page_wmax_k1.0,offline,cell=pb_omnimath_q4,241,759,0.21739130434782608,0.20948616600790515,0.5731225296442688,0.2,0.18672199170124482,2.4573640096857905,0.16205533596837945,0.03162055335968379,0.043478260869565216,0.7944664031620553,3.902439024390244,3.0,345.1463414634146
true_tail50__page_wmax_k1.0,offline,cell=pb_omnimath_q4,241,759,0.21739130434782608,0.20948616600790515,0.5731225296442688,0.3,0.2987551867219917,2.228529580028629,0.25296442687747034,0.05533596837944664,0.06060606060606061,0.686429512516469,3.3541666666666665,2.0,316.2239583333333
true_tail50__page_wmax_k1.0,offline,cell=pb_omnimath_q8,241,759,0.19894598155467721,0.17918313570487485,0.621870882740448,0.05,0.024896265560165973,3.1770639885179146,0.03293807641633729,0.005270092226613966,0.015810276679841896,0.9512516469038208,6.24,5.0,486.4
true_tail50__page_wmax_k1.0,offline,cell=pb_omnimath_q8,241,759,0.19894598155467721,0.17918313570487485,0.621870882740448,0.1,0.07053941908713693,2.883381869501002,0.07114624505928854,0.011857707509881422,0.021080368906455864,0.9077733860342556,4.648148148148148,3.0,374.3703703703704
true_tail50__page_wmax_k1.0,offline,cell=pb_omnimath_q8,241,759,0.19894598155467721,0.17918313570487485,0.621870882740448,0.2,0.1825726141078838,2.5713515466575387,0.14888010540184454,0.028985507246376812,0.034255599472990776,0.8168642951251647,4.0,3.0,335.7699115044248
true_tail50__page_wmax_k1.0,offline,cell=pb_omnimath_q8,241,759,0.19894598155467721,0.17918313570487485,0.621870882740448,0.3,0.2821576763485477,2.3018021072213135,0.25559947299077734,0.05401844532279315,0.052700922266139656,0.691699604743083,3.6237113402061856,3.0,341.3814432989691
energy_level__page_wmax_k0.25,offline,macro8_all,2358,4442,0.1334984241332733,0.07181449797388564,0.7946870778928411,0.05,0.04283290924512299,2.2723225918802843,0.08329581269698334,0.009680324178298064,0.004502476361999099,0.9122017109410175,5.629729729729729,4.0,478.77027027027026
energy_level__page_wmax_k0.25,offline,macro8_all,2358,4442,0.1334984241332733,0.07181449797388564,0.7946870778928411,0.1,0.09754028837998303,2.075642996387701,0.1470058532192706,0.016884286357496624,0.010805943268797838,0.8421882035119316,5.179173047473201,4.0,460.5635528330781
energy_level__page_wmax_k0.25,offline,macro8_all,2358,4442,0.1334984241332733,0.07181449797388564,0.7946870778928411,0.2,0.181509754028838,1.8963062364654268,0.23975686627645204,0.03129221071589374,0.017784781629896444,0.7424583520936515,4.474178403755869,4.0,418.750234741784
energy_level__page_wmax_k0.25,offline,macro8_all,2358,4442,0.1334984241332733,0.07181449797388564,0.7946870778928411,0.3,0.2951653944020356,1.7229211438428527,0.34826654660063033,0.05042773525438991,0.02723998199009455,0.6244934714092751,4.004524886877828,3.0,383.1131221719457
energy_level__page_wmax_k0.25,offline,steps_2_to_5,950,1312,0.21951219512195122,0.06097560975609756,0.7195121951219512,0.05,0.042105263157894736,1.8517908536422742,0.057926829268292686,0.019054878048780487,0.001524390243902439,0.9405487804878049,1.381578947368421,1.0,163.97368421052633
energy_level__page_wmax_k0.25,offline,steps_2_to_5,950,1312,0.21951219512195122,0.06097560975609756,0.7195121951219512,0.1,0.09894736842105263,1.7229211438428527,0.11356707317073171,0.038109756097560975,0.0038109756097560975,0.8826219512195121,1.2684563758389262,1.0,141.5234899328859
energy_level__page_wmax_k0.25,offline,steps_2_to_5,950,1312,0.21951219512195122,0.06097560975609756,0.7195121951219512,0.2,0.19894736842105262,1.6086009692198517,0.2111280487804878,0.0701219512195122,0.008384146341463415,0.7804878048780488,1.2238267148014441,1.0,130.15162454873646
energy_level__page_wmax_k0.25,offline,steps_2_to_5,950,1312,0.21951219512195122,0.06097560975609756,0.7195121951219512,0.3,0.2968421052631579,1.4753842587796242,0.3254573170731707,0.09451219512195122,0.012957317073170731,0.6615853658536586,1.2669789227166277,1.0,137.57142857142858
energy_level__page_wmax_k0.25,offline,steps_6_to_10,1124,2308,0.10788561525129983,0.07452339688041594,0.8175909878682842,0.05,0.03469750889679715,2.2723225918802843,0.06239168110918544,0.00996533795493934,0.0017331022530329288,0.9358752166377816,3.3819444444444446,3.0,362.8333333333333
energy_level__page_wmax_k0.25,offline,steps_6_to_10,1124,2308,0.10788561525129983,0.07452339688041594,0.8175909878682842,0.1,0.07028469750889679,2.1616935779901563,0.10051993067590988,0.014298093587521665,0.0034662045060658577,0.8960138648180243,3.228448275862069,3.0,364.8491379310345
energy_level__page_wmax_k0.25,offline,steps_6_to_10,1124,2308,0.10788561525129983,0.07452339688041594,0.8175909878682842,0.2,0.17526690391459074,1.9438878994102622,0.21013864818024264,0.030329289428076257,0.011265164644714038,0.7785961871750433,3.1278350515463917,3.0,361.32164948453607
energy_level__page_wmax_k0.25,offline,steps_6_to_10,1124,2308,0.10788561525129983,0.07452339688041594,0.8175909878682842,0.3,0.28380782918149466,1.8054092482456376,0.3076256499133449,0.0415944540727903,0.016897746967071057,0.675476603119584,3.0661971830985917,3.0,349.1718309859155
energy_level__page_wmax_k0.25,offline,steps_11_plus,284,822,0.0681265206812652,0.08150851581508516,0.8503649635036497,0.2,0.13028169014084506,2.4688818507385886,0.1678832116788321,0.0170316301703163,0.012165450121654502,0.8199513381995134,7.6231884057971016,7.0,566.427536231884
energy_level__page_wmax_k0.25,offline,steps_11_plus,284,822,0.0681265206812652,0.08150851581508516,0.8503649635036497,0.3,0.21830985915492956,2.2723225918802843,0.2749391727493917,0.024330900243309004,0.019464720194647202,0.7055961070559611,7.061946902654867,6.0,552.641592920354
energy_level__page_wmax_k0.25,offline,cell=pb_gsm8k_q4,193,207,0.22705314009661837,0.1642512077294686,0.6086956521739131,0.05,0.046632124352331605,2.001641280047618,0.0821256038647343,0.024154589371980676,0.004830917874396135,0.9130434782608695,1.8235294117647058,1.0,120.29411764705883
energy_level__page_wmax_k0.25,offline,cell=pb_gsm8k_q4,193,207,0.22705314009661837,0.1642512077294686,0.6086956521739131,0.1,0.08290155440414508,1.8963062364654268,0.14009661835748793,0.033816425120772944,0.01932367149758454,0.8405797101449275,1.6896551724137931,1.0,115.10344827586206
energy_level__page_wmax_k0.25,offline,cell=pb_gsm8k_q4,193,207,0.22705314009661837,0.1642512077294686,0.6086956521739131,0.2,0.19689119170984457,1.6673214755186225,0.2753623188405797,0.06763285024154589,0.028985507246376812,0.6956521739130435,1.6666666666666667,1.0,106.49122807017544
energy_level__page_wmax_k0.25,offline,cell=pb_gsm8k_q4,193,207,0.22705314009661837,0.1642512077294686,0.6086956521739131,0.3,0.27979274611398963,1.5785831537112707,0.3526570048309179,0.1111111111111111,0.043478260869565216,0.6038647342995169,1.4794520547945205,1.0,92.78082191780823
energy_level__page_wmax_k0.25,offline,cell=pb_gsm8k_q8,193,207,0.21739130434782608,0.0966183574879227,0.6859903381642513,0.05,0.046632124352331605,2.075642996387701,0.06280193236714976,0.004830917874396135,0.0,0.9371980676328503,3.923076923076923,4.0,251.15384615384616
energy_level__page_wmax_k0.25,offline,cell=pb_gsm8k_q8,193,207,0.21739130434782608,0.0966183574879227,0.6859903381642513,0.1,0.08808290155440414,1.9438878994102622,0.10628019323671498,0.01932367149758454,0.00966183574879227,0.8840579710144928,2.909090909090909,2.0,184.8181818181818
energy_level__page_wmax_k0.25,offline,cell=pb_gsm8k_q8,193,207,0.21739130434782608,0.0966183574879227,0.6859903381642513,0.2,0.18134715025906736,1.762720244543052,0.16908212560386474,0.033816425120772944,0.01932367149758454,0.8115942028985508,2.342857142857143,2.0,155.11428571428573
energy_level__page_wmax_k0.25,offline,cell=pb_gsm8k_q8,193,207,0.21739130434782608,0.0966183574879227,0.6859903381642513,0.3,0.29533678756476683,1.6673214755186225,0.28019323671497587,0.06763285024154589,0.024154589371980676,0.6956521739130435,2.0689655172413794,1.5,134.89655172413794
energy_level__page_wmax_k0.25,offline,cell=pb_math_q4,406,594,0.18013468013468015,0.10606060606060606,0.7138047138047138,0.05,0.03940886699507389,2.1616935779901563,0.08922558922558922,0.008417508417508417,0.016835016835016835,0.8939393939393939,5.283018867924528,4.0,453.7169811320755
energy_level__page_wmax_k0.25,offline,cell=pb_math_q4,406,594,0.18013468013468015,0.10606060606060606,0.7138047138047138,0.1,0.08374384236453201,2.001641280047618,0.132996632996633,0.015151515151515152,0.021885521885521887,0.8451178451178452,4.810126582278481,4.0,429.0632911392405
energy_level__page_wmax_k0.25,offline,cell=pb_math_q4,406,594,0.18013468013468015,0.10606060606060606,0.7138047138047138,0.2,0.17733990147783252,1.762720244543052,0.2828282828282828,0.04040404040404041,0.03198653198653199,0.6851851851851852,3.9285714285714284,3.0,350.42261904761904
energy_level__page_wmax_k0.25,offline,cell=pb_math_q4,406,594,0.18013468013468015,0.10606060606060606,0.7138047138047138,0.3,0.29310344827586204,1.6362727635854526,0.3720538720538721,0.06734006734006734,0.04040404040404041,0.5875420875420876,3.4660633484162897,3.0,312.7692307692308
energy_level__page_wmax_k0.25,offline,cell=pb_math_q8,406,594,0.11952861952861953,0.04882154882154882,0.8316498316498316,0.05,0.03940886699507389,2.1616935779901563,0.10942760942760943,0.008417508417508417,0.006734006734006734,0.8838383838383839,5.8307692307692305,5.0,499.03076923076924
energy_level__page_wmax_k0.25,offline,cell=pb_math_q8,406,594,0.11952861952861953,0.04882154882154882,0.8316498316498316,0.1,0.09113300492610837,1.9438878994102622,0.1936026936026936,0.016835016835016835,0.008417508417508417,0.797979797979798,5.217391304347826,5.0,455.74782608695654
energy_level__page_wmax_k0.25,offline,cell=pb_math_q8,406,594,0.11952861952861953,0.04882154882154882,0.8316498316498316,0.2,0.17980295566502463,1.8054092482456376,0.2727272727272727,0.03535353535353535,0.010101010101010102,0.7171717171717171,4.45679012345679,4.0,404.15432098765433
energy_level__page_wmax_k0.25,offline,cell=pb_math_q8,406,594,0.11952861952861953,0.04882154882154882,0.8316498316498316,0.3,0.2832512315270936,1.6673214755186225,0.37037037037037035,0.04713804713804714,0.015151515151515152,0.6144781144781145,3.95,3.0,358.4590909090909
energy_level__page_wmax_k0.25,offline,cell=pb_olympiadbench_q4,339,661,0.1649016641452345,0.09228441754916793,0.7428139183055976,0.05,0.0471976401179941,2.4688818507385886,0.05446293494704992,0.012102874432677761,0.0045385779122541605,0.9409984871406959,4.833333333333333,3.5,383.1666666666667
energy_level__page_wmax_k0.25,offline,cell=pb_olympiadbench_q4,339,661,0.1649016641452345,0.09228441754916793,0.7428139183055976,0.1,0.0943952802359882,2.2723225918802843,0.09833585476550681,0.015128593040847202,0.009077155824508321,0.8925869894099848,4.461538461538462,3.0,374.84615384615387
energy_level__page_wmax_k0.25,offline,cell=pb_olympiadbench_q4,339,661,0.1649016641452345,0.09228441754916793,0.7428139183055976,0.2,0.17404129793510326,2.075642996387701,0.16187594553706505,0.025718608169440244,0.019667170953101363,0.8184568835098336,4.317757009345795,3.0,379.4485981308411
energy_level__page_wmax_k0.25,offline,cell=pb_olympiadbench_q4,339,661,0.1649016641452345,0.09228441754916793,0.7428139183055976,0.3,0.2949852507374631,1.8963062364654268,0.25416036308623297,0.05597579425113464,0.028744326777609682,0.7170953101361573,3.8988095238095237,2.5,356.20238095238096
energy_level__page_wmax_k0.25,offline,cell=pb_olympiadbench_q8,339,661,0.09682299546142209,0.0529500756429652,0.8502269288956127,0.05,0.029498525073746312,2.4688818507385886,0.06959152798789713,0.007564296520423601,0.0,0.9304084720121029,6.6521739130434785,5.0,527.1086956521739
energy_level__page_wmax_k0.25,offline,cell=pb_olympiadbench_q8,339,661,0.09682299546142209,0.0529500756429652,0.8502269288956127,0.1,0.07079646017699115,2.2723225918802843,0.12556732223903178,0.01059001512859304,0.0015128593040847202,0.8729198184568835,5.698795180722891,4.0,495.93975903614455
energy_level__page_wmax_k0.25,offline,cell=pb_olympiadbench_q8,339,661,0.09682299546142209,0.0529500756429652,0.8502269288956127,0.2,0.18289085545722714,2.001641280047618,0.22390317700453857,0.025718608169440244,0.012102874432677761,0.7639939485627837,5.20945945945946,4.0,471.0337837837838
energy_level__page_wmax_k0.25,offline,cell=pb_olympiadbench_q8,339,661,0.09682299546142209,0.0529500756429652,0.8502269288956127,0.3,0.2890855457227139,1.8517908536422742,0.3267776096822995,0.04084720121028744,0.018154311649016642,0.6550680786686838,4.7592592592592595,4.0,446.74074074074076
energy_level__page_wmax_k0.25,offline,cell=pb_omnimath_q4,241,759,0.13043478260869565,0.06982872200263504,0.7997364953886693,0.05,0.029045643153526972,2.4688818507385886,0.04479578392621871,0.005270092226613966,0.0013175230566534915,0.9538866930171278,5.735294117647059,4.5,464.3235294117647
energy_level__page_wmax_k0.25,offline,cell=pb_omnimath_q4,241,759,0.13043478260869565,0.06982872200263504,0.7997364953886693,0.1,0.08298755186721991,2.1616935779901563,0.12121212121212122,0.014492753623188406,0.003952569169960474,0.8748353096179183,5.315217391304348,4.0,475.5108695652174
energy_level__page_wmax_k0.25,offline,cell=pb_omnimath_q4,241,759,0.13043478260869565,0.06982872200263504,0.7997364953886693,0.2,0.17842323651452283,1.9438878994102622,0.233201581027668,0.028985507246376812,0.017127799736495388,0.7496706192358367,4.242937853107344,3.0,422.4632768361582
energy_level__page_wmax_k0.25,offline,cell=pb_omnimath_q4,241,759,0.13043478260869565,0.06982872200263504,0.7997364953886693,0.3,0.2946058091286307,1.8054092482456376,0.33069828722002637,0.039525691699604744,0.023715415019762844,0.6455862977602108,3.9800796812749004,3.0,397.9521912350598
energy_level__page_wmax_k0.25,offline,cell=pb_omnimath_q8,241,759,0.06719367588932806,0.03162055335968379,0.9011857707509882,0.05,0.04564315352697095,2.2723225918802843,0.09617918313570488,0.00922266139657444,0.0013175230566534915,0.9025032938076416,6.835616438356165,6.0,595.2739726027397
energy_level__page_wmax_k0.25,offline,cell=pb_omnimath_q8,241,759,0.06719367588932806,0.03162055335968379,0.9011857707509882,0.1,0.08298755186721991,2.1616935779901563,0.12779973649538867,0.010540184453227932,0.002635046113306983,0.8695652173913043,6.371134020618556,5.0,569.2886597938144
energy_level__page_wmax_k0.25,offline,cell=pb_omnimath_q8,241,759,0.06719367588932806,0.03162055335968379,0.9011857707509882,0.2,0.17012448132780084,1.9438878994102622,0.24110671936758893,0.015810276679841896,0.007905138339920948,0.7509881422924901,5.530054644808743,5.0,531.6775956284152
energy_level__page_wmax_k0.25,offline,cell=pb_omnimath_q8,241,759,0.06719367588932806,0.03162055335968379,0.9011857707509882,0.3,0.26556016597510373,1.8054092482456376,0.3254281949934124,0.022397891963109356,0.011857707509881422,0.6627140974967062,5.133603238866397,4.0,500.502024291498
energy_level__page_wmax_k1.0,offline,macro8_all,2358,4442,0.21679423683025664,0.14115263394867178,0.6420531292210716,0.05,0.04580152671755725,2.579781104208348,0.07789284106258443,0.011481314723097704,0.010805943268797838,0.9113012156686178,5.132947976878612,4.0,436.8728323699422
energy_level__page_wmax_k1.0,offline,macro8_all,2358,4442,0.21679423683025664,0.14115263394867178,0.6420531292210716,0.1,0.09245122985581,2.2908511918568566,0.15285907248986944,0.027465105808194508,0.017559657811796487,0.8295812696983341,4.187039764359352,3.0,373.620029455081
energy_level__page_wmax_k1.0,offline,macro8_all,2358,4442,0.21679423683025664,0.14115263394867178,0.6420531292210716,0.2,0.18193384223918574,2.0652959618458095,0.25168842863574964,0.04705087798289059,0.03061683926159388,0.7176947321026564,3.802325581395349,3.0,350.5554561717352
energy_level__page_wmax_k1.0,offline,macro8_all,2358,4442,0.21679423683025664,0.14115263394867178,0.6420531292210716,0.3,0.27438507209499574,1.9119344554557542,0.3446645655110311,0.07001350742908599,0.04705087798289059,0.6082845565060784,3.4225996080992815,3.0,325.8445460483344
energy_level__page_wmax_k1.0,offline,steps_2_to_5,950,1312,0.3079268292682927,0.12804878048780488,0.5640243902439024,0.05,0.031578947368421054,1.9119344554557542,0.054115853658536585,0.019054878048780487,0.003048780487804878,0.9428353658536586,1.2535211267605635,1.0,115.61971830985915
energy_level__page_wmax_k1.0,offline,steps_2_to_5,950,1312,0.3079268292682927,0.12804878048780488,0.5640243902439024,0.1,0.08315789473684211,1.8231977278923068,0.09679878048780488,0.03201219512195122,0.009908536585365854,0.8932926829268293,1.3543307086614174,1.0,148.3464566929134
energy_level__page_wmax_k1.0,offline,steps_2_to_5,950,1312,0.3079268292682927,0.12804878048780488,0.5640243902439024,0.2,0.16736842105263158,1.7004419301123608,0.20045731707317074,0.07698170731707317,0.01600609756097561,0.7835365853658537,1.1863117870722433,1.0,132.52471482889734
energy_level__page_wmax_k1.0,offline,steps_2_to_5,950,1312,0.3079268292682927,0.12804878048780488,0.5640243902439024,0.3,0.26421052631578945,1.6356990554420212,0.27134146341463417,0.10060975609756098,0.022865853658536585,0.7057926829268293,1.2247191011235956,1.0,134.31741573033707
energy_level__page_wmax_k1.0,offline,steps_6_to_10,1124,2308,0.20233968804159447,0.14688041594454074,0.6507798960138648,0.05,0.046263345195729534,2.41356120531732,0.08232235701906412,0.01733102253032929,0.004766031195840554,0.9129116117850953,2.9526315789473685,3.0,315.3263157894737
energy_level__page_wmax_k1.0,offline,steps_6_to_10,1124,2308,0.20233968804159447,0.14688041594454074,0.6507798960138648,0.1,0.07651245551601424,2.2908511918568566,0.12175043327556326,0.02772963604852686,0.008665511265164644,0.8695840554592721,2.786476868327402,2.0,293.6049822064057
energy_level__page_wmax_k1.0,offline,steps_6_to_10,1124,2308,0.20233968804159447,0.14688041594454074,0.6507798960138648,0.2,0.1619217081850534,2.1303784842466045,0.21490467937608318,0.04636048526863085,0.02079722703639515,0.7642980935875217,2.685483870967742,2.0,289.19354838709677
energy_level__page_wmax_k1.0,offline,steps_6_to_10,1124,2308,0.20233968804159447,0.14688041594454074,0.6507798960138648,0.3,0.2669039145907473,2.0076886154276807,0.31499133448873484,0.07149046793760831,0.03422876949740035,0.6507798960138648,2.5268225584594224,2.0,277.09215955983495
energy_level__page_wmax_k1.0,offline,steps_11_plus,284,822,0.11192214111922141,0.145985401459854,0.7420924574209246,0.2,0.1619718309859155,2.8775119406225516,0.19464720194647203,0.0267639902676399,0.037712895377128956,0.767639902676399,6.35625,5.0,479.325
energy_level__page_wmax_k1.0,offline,steps_11_plus,284,822,0.11192214111922141,0.145985401459854,0.7420924574209246,0.3,0.2992957746478873,2.579781104208348,0.3126520681265207,0.04257907542579075,0.0535279805352798,0.6338199513381995,5.750972762645914,5.0,462.3190661478599
energy_level__page_wmax_k1.0,offline,cell=pb_gsm8k_q4,193,207,0.3719806763285024,0.178743961352657,0.4492753623188406,0.05,0.025906735751295335,2.1303784842466045,0.07729468599033816,0.01932367149758454,0.01932367149758454,0.9033816425120773,3.0625,2.5,225.0625
energy_level__page_wmax_k1.0,offline,cell=pb_gsm8k_q4,193,207,0.3719806763285024,0.178743961352657,0.4492753623188406,0.1,0.08290155440414508,2.0076886154276807,0.1111111111111111,0.033816425120772944,0.024154589371980676,0.8647342995169082,2.608695652173913,2.0,181.3913043478261
energy_level__page_wmax_k1.0,offline,cell=pb_gsm8k_q4,193,207,0.3719806763285024,0.178743961352657,0.4492753623188406,0.2,0.18652849740932642,1.8231977278923068,0.19806763285024154,0.0821256038647343,0.043478260869565216,0.7584541062801933,1.975609756097561,1.0,128.0731707317073
energy_level__page_wmax_k1.0,offline,cell=pb_gsm8k_q4,193,207,0.3719806763285024,0.178743961352657,0.4492753623188406,0.3,0.2538860103626943,1.7004419301123608,0.28502415458937197,0.11594202898550725,0.04830917874396135,0.6666666666666666,1.6779661016949152,1.0,107.20338983050847
energy_level__page_wmax_k1.0,offline,cell=pb_gsm8k_q8,193,207,0.2898550724637681,0.14492753623188406,0.5652173913043478,0.05,0.04145077720207254,2.1303784842466045,0.08695652173913043,0.014492753623188406,0.0,0.9130434782608695,3.2777777777777777,2.5,236.55555555555554
energy_level__page_wmax_k1.0,offline,cell=pb_gsm8k_q8,193,207,0.2898550724637681,0.14492753623188406,0.5652173913043478,0.1,0.09326424870466321,1.960779270303069,0.15942028985507245,0.033816425120772944,0.014492753623188406,0.8260869565217391,2.4545454545454546,2.0,172.1818181818182
energy_level__page_wmax_k1.0,offline,cell=pb_gsm8k_q8,193,207,0.2898550724637681,0.14492753623188406,0.5652173913043478,0.2,0.19170984455958548,1.7316293323972844,0.25120772946859904,0.04830917874396135,0.03864734299516908,0.7101449275362319,2.0961538461538463,2.0,142.28846153846155
energy_level__page_wmax_k1.0,offline,cell=pb_gsm8k_q8,193,207,0.2898550724637681,0.14492753623188406,0.5652173913043478,0.3,0.29533678756476683,1.6693896764057787,0.33816425120772947,0.07729468599033816,0.04830917874396135,0.6135265700483091,1.7857142857142858,1.0,124.61428571428571
energy_level__page_wmax_k1.0,offline,cell=pb_math_q4,406,594,0.26262626262626265,0.15488215488215487,0.5824915824915825,0.05,0.04926108374384237,2.2908511918568566,0.1111111111111111,0.013468013468013467,0.016835016835016835,0.8720538720538721,4.742424242424242,4.0,403.57575757575756
energy_level__page_wmax_k1.0,offline,cell=pb_math_q4,406,594,0.26262626262626265,0.15488215488215487,0.5824915824915825,0.1,0.08620689655172414,2.1303784842466045,0.1632996632996633,0.021885521885521887,0.02861952861952862,0.8080808080808081,4.381443298969073,4.0,372.63917525773195
energy_level__page_wmax_k1.0,offline,cell=pb_math_q4,406,594,0.26262626262626265,0.15488215488215487,0.5824915824915825,0.2,0.1896551724137931,1.9119344554557542,0.2727272727272727,0.06060606060606061,0.045454545454545456,0.6818181818181818,3.2037037037037037,2.0,282.98765432098764
energy_level__page_wmax_k1.0,offline,cell=pb_math_q4,406,594,0.26262626262626265,0.15488215488215487,0.5824915824915825,0.3,0.2881773399014778,1.7791155527471982,0.3720538720538721,0.10101010101010101,0.050505050505050504,0.5774410774410774,2.9004524886877827,2.0,264.88235294117646
energy_level__page_wmax_k1.0,offline,cell=pb_math_q8,406,594,0.15656565656565657,0.10774410774410774,0.7356902356902357,0.05,0.03694581280788178,2.2908511918568566,0.1111111111111111,0.013468013468013467,0.005050505050505051,0.8838383838383839,5.712121212121212,5.0,473.3484848484849
energy_level__page_wmax_k1.0,offline,cell=pb_math_q8,406,594,0.15656565656565657,0.10774410774410774,0.7356902356902357,0.1,0.09113300492610837,2.0652959618458095,0.18518518518518517,0.020202020202020204,0.010101010101010102,0.8047138047138047,4.863636363636363,4.0,412.2818181818182
energy_level__page_wmax_k1.0,offline,cell=pb_math_q8,406,594,0.15656565656565657,0.10774410774410774,0.7356902356902357,0.2,0.19704433497536947,1.8656153316674895,0.31986531986531985,0.04882154882154882,0.02861952861952862,0.6515151515151515,3.905263157894737,3.0,343.2578947368421
energy_level__page_wmax_k1.0,offline,cell=pb_math_q8,406,594,0.15656565656565657,0.10774410774410774,0.7356902356902357,0.3,0.29802955665024633,1.7316293323972844,0.39730639730639733,0.058922558922558925,0.03535353535353535,0.5673400673400674,3.5762711864406778,3.0,316.77966101694915
energy_level__page_wmax_k1.0,offline,cell=pb_olympiadbench_q4,339,661,0.25113464447806355,0.20574886535552195,0.5431164901664145,0.1,0.05014749262536873,2.8775119406225516,0.048411497730711045,0.01361573373676248,0.019667170953101363,0.9319213313161876,5.03125,4.0,438.9375
energy_level__page_wmax_k1.0,offline,cell=pb_olympiadbench_q4,339,661,0.25113464447806355,0.20574886535552195,0.5431164901664145,0.2,0.1710914454277286,2.2908511918568566,0.18456883509833585,0.048411497730711045,0.04236006051437216,0.773071104387292,3.278688524590164,2.0,306.3360655737705
energy_level__page_wmax_k1.0,offline,cell=pb_olympiadbench_q4,339,661,0.25113464447806355,0.20574886535552195,0.5431164901664145,0.3,0.2536873156342183,2.1303784842466045,0.2617246596066566,0.07261724659606657,0.057488653555219364,0.680786686838124,2.9421965317919074,2.0,289.88439306358384
energy_level__page_wmax_k1.0,offline,cell=pb_olympiadbench_q8,339,661,0.19818456883509833,0.13161875945537066,0.670196671709531,0.05,0.032448377581120944,2.8775119406225516,0.049924357034795766,0.0030257186081694403,0.007564296520423601,0.9425113464447806,7.7272727272727275,8.0,605.1212121212121
energy_level__page_wmax_k1.0,offline,cell=pb_olympiadbench_q8,339,661,0.19818456883509833,0.13161875945537066,0.670196671709531,0.1,0.0855457227138643,2.579781104208348,0.09984871406959153,0.01059001512859304,0.01361573373676248,0.886535552193646,5.893939393939394,5.0,492.8333333333333
energy_level__page_wmax_k1.0,offline,cell=pb_olympiadbench_q8,339,661,0.19818456883509833,0.13161875945537066,0.670196671709531,0.2,0.16224188790560473,2.2908511918568566,0.19062027231467474,0.03479576399394856,0.01664145234493192,0.7927382753403933,4.142857142857143,3.0,367.41269841269843
energy_level__page_wmax_k1.0,offline,cell=pb_olympiadbench_q8,339,661,0.19818456883509833,0.13161875945537066,0.670196671709531,0.3,0.25958702064896755,2.1303784842466045,0.2723146747352496,0.0529500756429652,0.024205748865355523,0.7034795763993948,4.072222222222222,3.0,370.0
energy_level__page_wmax_k1.0,offline,cell=pb_omnimath_q4,241,759,0.22002635046113306,0.14492753623188406,0.6350461133069829,0.05,0.04149377593360996,2.8775119406225516,0.05138339920948617,0.00922266139657444,0.007905138339920948,0.9407114624505929,4.410256410256411,3.0,324.46153846153845
energy_level__page_wmax_k1.0,offline,cell=pb_omnimath_q4,241,759,0.22002635046113306,0.14492753623188406,0.6350461133069829,0.1,0.06639004149377593,2.579781104208348,0.0922266139657444,0.017127799736495388,0.014492753623188406,0.8932806324110671,4.185714285714286,3.0,344.2142857142857
energy_level__page_wmax_k1.0,offline,cell=pb_omnimath_q4,241,759,0.22002635046113306,0.14492753623188406,0.6350461133069829,0.2,0.1825726141078838,2.2047263749484003,0.24769433465085638,0.0461133069828722,0.026350461133069828,0.7259552042160737,3.595744680851064,3.0,328.5691489361702
energy_level__page_wmax_k1.0,offline,cell=pb_omnimath_q4,241,759,0.22002635046113306,0.14492753623188406,0.6350461133069829,0.3,0.2946058091286307,2.0076886154276807,0.3557312252964427,0.06982872200263504,0.04084321475625823,0.6034255599472991,3.325925925925926,3.0,325.9259259259259
energy_level__page_wmax_k1.0,offline,cell=pb_omnimath_q8,241,759,0.14888010540184454,0.09354413702239789,0.7575757575757576,0.05,0.04564315352697095,2.579781104208348,0.09486166007905138,0.00922266139657444,0.002635046113306983,0.9025032938076416,5.527777777777778,4.0,469.2361111111111
energy_level__page_wmax_k1.0,offline,cell=pb_omnimath_q8,241,759,0.14888010540184454,0.09354413702239789,0.7575757575757576,0.1,0.0954356846473029,2.41356120531732,0.13175230566534915,0.014492753623188406,0.006587615283267457,0.8616600790513834,4.84,4.0,436.92
energy_level__page_wmax_k1.0,offline,cell=pb_omnimath_q8,241,759,0.14888010540184454,0.09354413702239789,0.7575757575757576,0.2,0.18672199170124482,2.1303784842466045,0.2503293807641634,0.034255599472990776,0.017127799736495388,0.7325428194993412,4.726315789473684,4.0,437.8421052631579
energy_level__page_wmax_k1.0,offline,cell=pb_omnimath_q8,241,759,0.14888010540184454,0.09354413702239789,0.7575757575757576,0.3,0.27800829875518673,2.0076886154276807,0.3241106719367589,0.04479578392621871,0.02766798418972332,0.6482213438735178,4.284552845528455,3.5,412.8455284552846
energy_innovation__page_wmax_k0.25,offline,macro8_all,2358,4442,0.1494822152183701,0.505402971634399,0.34511481314723097,0.05,0.032230703986429174,2.4065232864907347,0.015533543448896894,0.00495272399819901,0.021386762719495724,0.9630796938316074,4.855072463768116,2.0,323.71014492753625
energy_innovation__page_wmax_k0.25,offline,macro8_all,2358,4442,0.1494822152183701,0.505402971634399,0.34511481314723097,0.1,0.08524173027989822,2.1228064943454648,0.04840162089149032,0.014633048176497073,0.060783430886987844,0.8908149482215219,3.8651162790697673,2.0,309.2
energy_innovation__page_wmax_k0.25,offline,macro8_all,2358,4442,0.1494822152183701,0.505402971634399,0.34511481314723097,0.2,0.18193384223918574,1.8789672319074373,0.11143628995947771,0.031742458352093654,0.13912651958577218,0.7494371904547501,3.183838383838384,2.0,281.3939393939394
energy_innovation__page_wmax_k0.25,offline,macro8_all,2358,4442,0.1494822152183701,0.505402971634399,0.34511481314723097,0.3,0.28329092451229854,1.7214093652912719,0.1645655110310671,0.04254840162089149,0.20531292210715893,0.630121566861774,3.054719562243502,2.0,277.0574555403557
energy_innovation__page_wmax_k0.25,offline,steps_2_to_5,950,1312,0.2530487804878049,0.4382621951219512,0.3086890243902439,0.05,0.04736842105263158,1.794926287080688,0.038109756097560975,0.018292682926829267,0.04725609756097561,0.9146341463414634,1.12,1.0,118.54
energy_innovation__page_wmax_k0.25,offline,steps_2_to_5,950,1312,0.2530487804878049,0.4382621951219512,0.3086890243902439,0.1,0.07684210526315789,1.7214093652912719,0.055640243902439025,0.027439024390243903,0.0625,0.881859756097561,1.1095890410958904,1.0,119.47945205479452
energy_innovation__page_wmax_k0.25,offline,steps_2_to_5,950,1312,0.2530487804878049,0.4382621951219512,0.3086890243902439,0.2,0.1968421052631579,1.5725642946468228,0.11966463414634146,0.06173780487804878,0.11432926829268293,0.7660060975609756,1.0254777070063694,0.0,113.7515923566879
energy_innovation__page_wmax_k0.25,offline,steps_2_to_5,950,1312,0.2530487804878049,0.4382621951219512,0.3086890243902439,0.3,0.28421052631578947,1.4726349207982043,0.16310975609756098,0.08460365853658537,0.14939024390243902,0.6875,0.9719626168224299,0.0,103.63084112149532
energy_innovation__page_wmax_k0.25,offline,steps_6_to_10,1124,2308,0.12348353552859619,0.5233968804159446,0.3531195840554593,0.05,0.023131672597864767,2.4065232864907347,0.008665511265164644,0.0034662045060658577,0.011265164644714038,0.9800693240901213,1.75,1.0,158.85
energy_innovation__page_wmax_k0.25,offline,steps_6_to_10,1124,2308,0.12348353552859619,0.5233968804159446,0.3531195840554593,0.1,0.08896797153024912,2.1228064943454648,0.04116117850953206,0.01733102253032929,0.05675909878682842,0.9020797227036396,1.936842105263158,1.0,184.43157894736842
energy_innovation__page_wmax_k0.25,offline,steps_6_to_10,1124,2308,0.12348353552859619,0.5233968804159446,0.3531195840554593,0.2,0.17882562277580072,1.929237291601427,0.09315424610051994,0.03509532062391681,0.1195840554592721,0.787261698440208,2.027906976744186,2.0,210.6
energy_innovation__page_wmax_k0.25,offline,steps_6_to_10,1124,2308,0.12348353552859619,0.5233968804159446,0.3531195840554593,0.3,0.2677935943060498,1.794926287080688,0.1451473136915078,0.04462738301559792,0.16854419410745233,0.6863084922010398,2.2149253731343284,2.0,231.32835820895522
energy_innovation__page_wmax_k0.25,offline,steps_11_plus,284,822,0.057177615571776155,0.5620437956204379,0.38077858880778587,0.2,0.176056338028169,2.4065232864907347,0.05961070559610705,0.0170316301703163,0.08394160583941605,0.8564476885644768,6.122448979591836,3.0,391.0
energy_innovation__page_wmax_k0.25,offline,steps_11_plus,284,822,0.057177615571776155,0.5620437956204379,0.38077858880778587,0.3,0.28169014084507044,2.2335797247413853,0.11192214111922141,0.029197080291970802,0.12773722627737227,0.7603406326034063,5.586956521739131,3.0,383.3695652173913
energy_innovation__page_wmax_k0.25,offline,cell=pb_gsm8k_q4,193,207,0.18357487922705315,0.33816425120772947,0.4782608695652174,0.05,0.046632124352331605,1.7214093652912719,0.06280193236714976,0.01932367149758454,0.033816425120772944,0.9033816425120773,1.6153846153846154,2.0,109.07692307692308
energy_innovation__page_wmax_k0.25,offline,cell=pb_gsm8k_q4,193,207,0.18357487922705315,0.33816425120772947,0.4782608695652174,0.1,0.08808290155440414,1.6292850528245317,0.10144927536231885,0.03864734299516908,0.04830917874396135,0.8502415458937198,1.380952380952381,1.0,87.38095238095238
energy_innovation__page_wmax_k0.25,offline,cell=pb_gsm8k_q4,193,207,0.18357487922705315,0.33816425120772947,0.4782608695652174,0.2,0.17616580310880828,1.5436762600143275,0.1642512077294686,0.05314009661835749,0.06763285024154589,0.7681159420289855,1.7647058823529411,1.5,111.44117647058823
energy_innovation__page_wmax_k0.25,offline,cell=pb_gsm8k_q4,193,207,0.18357487922705315,0.33816425120772947,0.4782608695652174,0.3,0.27979274611398963,1.4726349207982043,0.20772946859903382,0.06763285024154589,0.08695652173913043,0.7053140096618358,1.7209302325581395,1.0,104.37209302325581
energy_innovation__page_wmax_k0.25,offline,cell=pb_gsm8k_q8,193,207,0.2222222222222222,0.3961352657004831,0.38164251207729466,0.05,0.04145077720207254,1.794926287080688,0.043478260869565216,0.01932367149758454,0.06280193236714976,0.893719806763285,1.2222222222222223,1.0,92.66666666666667
energy_innovation__page_wmax_k0.25,offline,cell=pb_gsm8k_q8,193,207,0.2222222222222222,0.3961352657004831,0.38164251207729466,0.1,0.07772020725388601,1.7214093652912719,0.06280193236714976,0.024154589371980676,0.07246376811594203,0.8647342995169082,1.4615384615384615,2.0,95.46153846153847
energy_innovation__page_wmax_k0.25,offline,cell=pb_gsm8k_q8,193,207,0.2222222222222222,0.3961352657004831,0.38164251207729466,0.2,0.15025906735751296,1.6593222678813522,0.07729468599033816,0.033816425120772944,0.10144927536231885,0.821256038647343,1.375,1.5,94.5
energy_innovation__page_wmax_k0.25,offline,cell=pb_gsm8k_q8,193,207,0.2222222222222222,0.3961352657004831,0.38164251207729466,0.3,0.27461139896373055,1.5436762600143275,0.10628019323671498,0.03864734299516908,0.12560386473429952,0.7681159420289855,1.5909090909090908,1.5,109.77272727272727
energy_innovation__page_wmax_k0.25,offline,cell=pb_math_q4,406,594,0.1919191919191919,0.4562289562289562,0.35185185185185186,0.05,0.04433497536945813,2.1228064943454648,0.030303030303030304,0.010101010101010102,0.03535353535353535,0.9343434343434344,4.166666666666667,2.5,320.6111111111111
energy_innovation__page_wmax_k0.25,offline,cell=pb_math_q4,406,594,0.1919191919191919,0.4562289562289562,0.35185185185185186,0.1,0.09113300492610837,1.929237291601427,0.0707070707070707,0.021885521885521887,0.058922558922558925,0.8703703703703703,3.2142857142857144,2.0,278.1666666666667
energy_innovation__page_wmax_k0.25,offline,cell=pb_math_q4,406,594,0.1919191919191919,0.4562289562289562,0.35185185185185186,0.2,0.19704433497536947,1.7214093652912719,0.132996632996633,0.037037037037037035,0.11447811447811448,0.7525252525252525,2.911392405063291,2.0,236.39240506329114
energy_innovation__page_wmax_k0.25,offline,cell=pb_math_q4,406,594,0.1919191919191919,0.4562289562289562,0.35185185185185186,0.3,0.27832512315270935,1.6292850528245317,0.17845117845117844,0.05218855218855219,0.14646464646464646,0.6750841750841751,2.7830188679245285,2.0,221.88679245283018
energy_innovation__page_wmax_k0.25,offline,cell=pb_math_q8,406,594,0.18855218855218855,0.5286195286195287,0.2828282828282828,0.05,0.027093596059113302,2.4065232864907347,0.008417508417508417,0.005050505050505051,0.030303030303030304,0.9612794612794613,1.8,0.0,173.4
energy_innovation__page_wmax_k0.25,offline,cell=pb_math_q8,406,594,0.18855218855218855,0.5286195286195287,0.2828282828282828,0.1,0.07389162561576355,2.1228064943454648,0.04208754208754209,0.021885521885521887,0.07407407407407407,0.8838383838383839,2.0,0.0,168.0
energy_innovation__page_wmax_k0.25,offline,cell=pb_math_q8,406,594,0.18855218855218855,0.5286195286195287,0.2828282828282828,0.2,0.19950738916256158,1.8789672319074373,0.08249158249158249,0.03198653198653199,0.1447811447811448,0.7727272727272727,2.5714285714285716,2.0,227.79591836734693
energy_innovation__page_wmax_k0.25,offline,cell=pb_math_q8,406,594,0.18855218855218855,0.5286195286195287,0.2828282828282828,0.3,0.2955665024630542,1.7214093652912719,0.11952861952861953,0.03872053872053872,0.2053872053872054,0.6750841750841751,2.8309859154929575,2.0,229.6056338028169
energy_innovation__page_wmax_k0.25,offline,cell=pb_olympiadbench_q4,339,661,0.13767019667170954,0.491679273827534,0.37065052950075644,0.1,0.0943952802359882,2.2335797247413853,0.04236006051437216,0.015128593040847202,0.030257186081694403,0.9273827534039334,4.357142857142857,1.5,270.0
energy_innovation__page_wmax_k0.25,offline,cell=pb_olympiadbench_q4,339,661,0.13767019667170954,0.491679273827534,0.37065052950075644,0.2,0.1976401179941003,1.929237291601427,0.11649016641452345,0.039334341906202726,0.10892586989409984,0.7745839636913767,3.220779220779221,2.0,268.05194805194805
energy_innovation__page_wmax_k0.25,offline,cell=pb_olympiadbench_q4,339,661,0.13767019667170954,0.491679273827534,0.37065052950075644,0.3,0.26843657817109146,1.8388300491998508,0.1573373676248109,0.048411497730711045,0.14977307110438728,0.6928895612708018,3.201923076923077,2.0,272.15384615384613
energy_innovation__page_wmax_k0.25,offline,cell=pb_olympiadbench_q8,339,661,0.12405446293494705,0.573373676248109,0.30257186081694404,0.1,0.08259587020648967,2.4065232864907347,0.019667170953101363,0.007564296520423601,0.03328290468986384,0.9470499243570348,4.769230769230769,1.0,233.30769230769232
energy_innovation__page_wmax_k0.25,offline,cell=pb_olympiadbench_q8,339,661,0.12405446293494705,0.573373676248109,0.30257186081694404,0.2,0.1710914454277286,2.1228064943454648,0.05143721633888049,0.01361573373676248,0.0907715582450832,0.8577912254160364,4.588235294117647,3.0,325.29411764705884
energy_innovation__page_wmax_k0.25,offline,cell=pb_olympiadbench_q8,339,661,0.12405446293494705,0.573373676248109,0.30257186081694404,0.3,0.2890855457227139,1.8789672319074373,0.11951588502269289,0.028744326777609682,0.1951588502269289,0.6853252647503782,3.5063291139240507,2.0,283.49367088607596
energy_innovation__page_wmax_k0.25,offline,cell=pb_omnimath_q4,241,759,0.11594202898550725,0.4769433465085639,0.40711462450592883,0.05,0.024896265560165973,2.2335797247413853,0.048748353096179184,0.010540184453227932,0.02766798418972332,0.9235836627140975,4.675675675675675,4.0,392.72972972972974
energy_innovation__page_wmax_k0.25,offline,cell=pb_omnimath_q4,241,759,0.11594202898550725,0.4769433465085639,0.40711462450592883,0.1,0.07468879668049792,2.1228064943454648,0.06719367588932806,0.011857707509881422,0.052700922266139656,0.8801054018445322,4.647058823529412,4.0,413.88235294117646
energy_innovation__page_wmax_k0.25,offline,cell=pb_omnimath_q4,241,759,0.11594202898550725,0.4769433465085639,0.40711462450592883,0.2,0.17842323651452283,1.929237291601427,0.13175230566534915,0.028985507246376812,0.11067193675889328,0.7575757575757576,3.69,3.0,355.97
energy_innovation__page_wmax_k0.25,offline,cell=pb_omnimath_q4,241,759,0.11594202898550725,0.4769433465085639,0.40711462450592883,0.3,0.2821576763485477,1.7539932986574374,0.2134387351778656,0.043478260869565216,0.17786561264822134,0.6086956521739131,3.314814814814815,3.0,327.1666666666667
energy_innovation__page_wmax_k0.25,offline,cell=pb_omnimath_q8,241,759,0.1225296442687747,0.5823451910408433,0.2951251646903821,0.05,0.024896265560165973,2.4065232864907347,0.028985507246376812,0.00922266139657444,0.03689064558629776,0.9341238471673254,3.272727272727273,2.0,273.95454545454544
energy_innovation__page_wmax_k0.25,offline,cell=pb_omnimath_q8,241,759,0.1225296442687747,0.5823451910408433,0.2951251646903821,0.1,0.06224066390041494,2.2335797247413853,0.04479578392621871,0.015810276679841896,0.06455862977602109,0.8906455862977603,3.088235294117647,2.0,259.9117647058824
energy_innovation__page_wmax_k0.25,offline,cell=pb_omnimath_q8,241,759,0.1225296442687747,0.5823451910408433,0.2951251646903821,0.2,0.16597510373443983,2.0371887303022027,0.08168642951251646,0.025032938076416336,0.1251646903820817,0.7931488801054019,3.5483870967741935,2.5,327.4516129032258
energy_innovation__page_wmax_k0.25,offline,cell=pb_omnimath_q8,241,759,0.1225296442687747,0.5823451910408433,0.2951251646903821,0.3,0.27800829875518673,1.8789672319074373,0.1251646903820817,0.04084321475625823,0.21212121212121213,0.6627140974967062,3.0210526315789474,2.0,282.69473684210527
energy_innovation__page_wmax_k1.0,offline,macro8_all,2358,4442,0.1429536244934714,0.6037820801440792,0.2532642953624493,0.05,0.026293469041560644,2.933566010354895,0.006978838361098604,0.0036019810895992796,0.03669518235029266,0.9563259792886087,2.3225806451612905,0.0,233.4516129032258
energy_innovation__page_wmax_k1.0,offline,macro8_all,2358,4442,0.1429536244934714,0.6037820801440792,0.2532642953624493,0.1,0.08396946564885496,2.518517979040983,0.026339486717694732,0.00945520036019811,0.09995497523638001,0.8737055380459252,2.8461538461538463,1.0,259.36752136752136
energy_innovation__page_wmax_k1.0,offline,macro8_all,2358,4442,0.1429536244934714,0.6037820801440792,0.2532642953624493,0.2,0.17557251908396945,2.2153608076466753,0.062359297613687525,0.020936515083295814,0.1809995497523638,0.7566411526339487,2.92057761732852,2.0,252.61371841155236
energy_innovation__page_wmax_k1.0,offline,macro8_all,2358,4442,0.1429536244934714,0.6037820801440792,0.2532642953624493,0.3,0.27353689567430023,2.0343054697397114,0.09477712742008104,0.03219270598829356,0.2595677622692481,0.6456551103106709,2.655581947743468,2.0,241.21615201900238
energy_innovation__page_wmax_k1.0,offline,steps_2_to_5,950,1312,0.2461890243902439,0.4992378048780488,0.2545731707317073,0.05,0.045263157894736845,1.9451782796052322,0.019054878048780487,0.011432926829268292,0.035823170731707314,0.9451219512195121,0.96,0.0,104.16
energy_innovation__page_wmax_k1.0,offline,steps_2_to_5,950,1312,0.2461890243902439,0.4992378048780488,0.2545731707317073,0.1,0.09578947368421052,1.854239093438545,0.04954268292682927,0.02972560975609756,0.07393292682926829,0.8765243902439024,0.7846153846153846,0.0,84.23076923076923
energy_innovation__page_wmax_k1.0,offline,steps_2_to_5,950,1312,0.2461890243902439,0.4992378048780488,0.2545731707317073,0.2,0.18,1.7179851875184582,0.09070121951219512,0.051829268292682924,0.14253048780487804,0.7667682926829268,0.8487394957983193,0.0,85.03361344537815
energy_innovation__page_wmax_k1.0,offline,steps_2_to_5,950,1312,0.2461890243902439,0.4992378048780488,0.2545731707317073,0.3,0.2926315789473684,1.6533121961615946,0.1448170731707317,0.07621951219512195,0.19207317073170732,0.663109756097561,0.9105263157894737,0.0,100.32105263157895
energy_innovation__page_wmax_k1.0,offline,steps_6_to_10,1124,2308,0.11525129982668977,0.6265164644714039,0.2582322357019064,0.05,0.018683274021352312,2.6741787649635897,0.006499133448873483,0.0034662045060658577,0.026429809358752165,0.9670710571923743,0.9333333333333333,0.0,132.4
energy_innovation__page_wmax_k1.0,offline,steps_6_to_10,1124,2308,0.11525129982668977,0.6265164644714039,0.2582322357019064,0.1,0.099644128113879,2.401191109648805,0.03119584055459272,0.01559792027729636,0.09488734835355286,0.8739168110918544,1.2777777777777777,0.5,133.81944444444446
energy_innovation__page_wmax_k1.0,offline,steps_6_to_10,1124,2308,0.11525129982668977,0.6265164644714039,0.2582322357019064,0.2,0.1512455516014235,2.3088011931175214,0.04636048526863085,0.02079722703639515,0.13648180242634314,0.817157712305026,1.4672897196261683,1.0,146.3551401869159
energy_innovation__page_wmax_k1.0,offline,steps_6_to_10,1124,2308,0.11525129982668977,0.6265164644714039,0.2582322357019064,0.3,0.26423487544483987,2.161961830224462,0.07582322357019064,0.03292894280762565,0.21663778162911612,0.7075389948006933,1.502857142857143,1.0,148.68
energy_innovation__page_wmax_k1.0,offline,steps_11_plus,284,822,0.05596107055961071,0.7068126520681265,0.23722627737226276,0.3,0.2112676056338028,2.933566010354895,0.037712895377128956,0.019464720194647202,0.19099756690997566,0.7712895377128953,2.3225806451612905,0.0,233.4516129032258
energy_innovation__page_wmax_k1.0,offline,cell=pb_gsm8k_q4,193,207,0.17391304347826086,0.4106280193236715,0.41545893719806765,0.05,0.04145077720207254,2.2153608076466753,0.004830917874396135,0.0,0.004830917874396135,0.9903381642512077,2.0,2.0,152.0
energy_innovation__page_wmax_k1.0,offline,cell=pb_gsm8k_q4,193,207,0.17391304347826086,0.4106280193236715,0.41545893719806765,0.1,0.07772020725388601,2.0343054697397114,0.033816425120772944,0.00966183574879227,0.033816425120772944,0.9323671497584541,1.4285714285714286,2.0,87.57142857142857
energy_innovation__page_wmax_k1.0,offline,cell=pb_gsm8k_q4,193,207,0.17391304347826086,0.4106280193236715,0.41545893719806765,0.2,0.19170984455958548,1.8049435589933562,0.13526570048309178,0.028985507246376812,0.10628019323671498,0.7584541062801933,1.7142857142857142,2.0,104.25
energy_innovation__page_wmax_k1.0,offline,cell=pb_gsm8k_q4,193,207,0.17391304347826086,0.4106280193236715,0.41545893719806765,0.3,0.26424870466321243,1.6854920813515153,0.2028985507246377,0.05314009661835749,0.14009661835748793,0.6570048309178744,1.5714285714285714,2.0,101.07142857142857
energy_innovation__page_wmax_k1.0,offline,cell=pb_gsm8k_q8,193,207,0.2318840579710145,0.4106280193236715,0.357487922705314,0.05,0.04145077720207254,2.2153608076466753,0.00966183574879227,0.0,0.00966183574879227,0.9806763285024155,2.5,2.5,211.5
energy_innovation__page_wmax_k1.0,offline,cell=pb_gsm8k_q8,193,207,0.2318840579710145,0.4106280193236715,0.357487922705314,0.1,0.09326424870466321,1.985731277196273,0.028985507246376812,0.00966183574879227,0.05314009661835749,0.9178743961352657,1.8333333333333333,2.0,146.0
energy_innovation__page_wmax_k1.0,offline,cell=pb_gsm8k_q8,193,207,0.2318840579710145,0.4106280193236715,0.357487922705314,0.2,0.17098445595854922,1.854239093438545,0.0821256038647343,0.024154589371980676,0.0966183574879227,0.821256038647343,1.7058823529411764,2.0,129.0
energy_innovation__page_wmax_k1.0,offline,cell=pb_gsm8k_q8,193,207,0.2318840579710145,0.4106280193236715,0.357487922705314,0.3,0.29015544041450775,1.6854920813515153,0.1497584541062802,0.06763285024154589,0.15942028985507245,0.6908212560386473,1.2258064516129032,1.0,83.64516129032258
energy_innovation__page_wmax_k1.0,offline,cell=pb_math_q4,406,594,0.20033670033670034,0.5404040404040404,0.25925925925925924,0.05,0.046798029556650245,2.518517979040983,0.02356902356902357,0.011784511784511785,0.06397306397306397,0.9124579124579124,2.5,0.5,193.78571428571428
energy_innovation__page_wmax_k1.0,offline,cell=pb_math_q4,406,594,0.20033670033670034,0.5404040404040404,0.25925925925925924,0.1,0.08620689655172414,2.2153608076466753,0.05218855218855219,0.02356902356902357,0.13636363636363635,0.8114478114478114,2.6129032258064515,1.0,168.90322580645162
energy_innovation__page_wmax_k1.0,offline,cell=pb_math_q4,406,594,0.20033670033670034,0.5404040404040404,0.25925925925925924,0.2,0.18472906403940886,2.0343054697397114,0.08754208754208755,0.03535353535353535,0.19696969696969696,0.7154882154882155,2.5576923076923075,1.0,198.98076923076923
energy_innovation__page_wmax_k1.0,offline,cell=pb_math_q4,406,594,0.20033670033670034,0.5404040404040404,0.25925925925925924,0.3,0.2733990147783251,1.854239093438545,0.12962962962962962,0.05387205387205387,0.2609427609427609,0.6094276094276094,2.2467532467532467,1.0,177.33766233766235
energy_innovation__page_wmax_k1.0,offline,cell=pb_math_q8,406,594,0.18855218855218855,0.6144781144781145,0.19696969696969696,0.05,0.034482758620689655,2.6741787649635897,0.010101010101010102,0.006734006734006734,0.07744107744107744,0.9124579124579124,2.3333333333333335,0.0,167.5
energy_innovation__page_wmax_k1.0,offline,cell=pb_math_q8,406,594,0.18855218855218855,0.6144781144781145,0.19696969696969696,0.1,0.07881773399014778,2.518517979040983,0.02356902356902357,0.011784511784511785,0.09932659932659933,0.877104377104377,3.642857142857143,0.5,298.5
energy_innovation__page_wmax_k1.0,offline,cell=pb_math_q8,406,594,0.18855218855218855,0.6144781144781145,0.19696969696969696,0.2,0.1896551724137931,2.161961830224462,0.06565656565656566,0.03367003367003367,0.21043771043771045,0.7239057239057239,3.051282051282051,0.0,204.30769230769232
energy_innovation__page_wmax_k1.0,offline,cell=pb_math_q8,406,594,0.18855218855218855,0.6144781144781145,0.19696969696969696,0.3,0.29802955665024633,1.985731277196273,0.10101010101010101,0.050505050505050504,0.2777777777777778,0.6212121212121212,2.566666666666667,0.5,190.6
energy_innovation__page_wmax_k1.0,offline,cell=pb_olympiadbench_q4,339,661,0.1059001512859304,0.632375189107413,0.2617246596066566,0.05,0.038348082595870206,2.933566010354895,0.009077155824508321,0.0045385779122541605,0.036308623298033284,0.9546142208774584,2.5,0.5,222.0
energy_innovation__page_wmax_k1.0,offline,cell=pb_olympiadbench_q4,339,661,0.1059001512859304,0.632375189107413,0.2617246596066566,0.1,0.0855457227138643,2.6741787649635897,0.01361573373676248,0.006051437216338881,0.08018154311649017,0.9062027231467473,2.4444444444444446,1.0,205.0
energy_innovation__page_wmax_k1.0,offline,cell=pb_olympiadbench_q4,339,661,0.1059001512859304,0.632375189107413,0.2617246596066566,0.2,0.16519174041297935,2.401191109648805,0.049924357034795766,0.012102874432677761,0.1346444780635401,0.8154311649016641,2.6363636363636362,2.0,215.24242424242425
energy_innovation__page_wmax_k1.0,offline,cell=pb_olympiadbench_q4,339,661,0.1059001512859304,0.632375189107413,0.2617246596066566,0.3,0.2949852507374631,2.161961830224462,0.08623298033282904,0.01664145234493192,0.22390317700453857,0.6898638426626323,2.719298245614035,2.0,255.9298245614035
energy_innovation__page_wmax_k1.0,offline,cell=pb_olympiadbench_q8,339,661,0.08774583963691376,0.7170953101361573,0.1951588502269289,0.1,0.07374631268436578,2.933566010354895,0.01059001512859304,0.0045385779122541605,0.060514372163388806,0.9288956127080181,2.7142857142857144,1.0,244.85714285714286
energy_innovation__page_wmax_k1.0,offline,cell=pb_olympiadbench_q8,339,661,0.08774583963691376,0.7170953101361573,0.1951588502269289,0.2,0.18289085545722714,2.401191109648805,0.030257186081694403,0.01059001512859304,0.18608169440242056,0.783661119515885,2.25,1.5,212.05
energy_innovation__page_wmax_k1.0,offline,cell=pb_olympiadbench_q8,339,661,0.08774583963691376,0.7170953101361573,0.1951588502269289,0.3,0.2861356932153392,2.2153608076466753,0.0529500756429652,0.01361573373676248,0.25416036308623297,0.6928895612708018,2.6285714285714286,2.0,233.68571428571428
energy_innovation__page_wmax_k1.0,offline,cell=pb_omnimath_q4,241,759,0.1383399209486166,0.5533596837944664,0.308300395256917,0.05,0.02074688796680498,2.933566010354895,0.011857707509881422,0.005270092226613966,0.034255599472990776,0.9538866930171278,2.111111111111111,2.0,228.88888888888889
energy_innovation__page_wmax_k1.0,offline,cell=pb_omnimath_q4,241,759,0.1383399209486166,0.5533596837944664,0.308300395256917,0.1,0.06639004149377593,2.6741787649635897,0.028985507246376812,0.00922266139657444,0.06851119894598155,0.9025032938076416,3.3181818181818183,2.0,355.1818181818182
energy_innovation__page_wmax_k1.0,offline,cell=pb_omnimath_q4,241,759,0.1383399209486166,0.5533596837944664,0.308300395256917,0.2,0.18672199170124482,2.3088011931175214,0.07509881422924901,0.021080368906455864,0.15151515151515152,0.7733860342555995,3.3684210526315788,2.0,313.70175438596493
energy_innovation__page_wmax_k1.0,offline,cell=pb_omnimath_q4,241,759,0.1383399209486166,0.5533596837944664,0.308300395256917,0.3,0.27800829875518673,2.102203055407967,0.11857707509881422,0.034255599472990776,0.2318840579710145,0.6495388669301713,2.7555555555555555,2.0,265.93333333333334
energy_innovation__page_wmax_k1.0,offline,cell=pb_omnimath_q8,241,759,0.11462450592885376,0.6772068511198946,0.20816864295125165,0.05,0.016597510373443983,2.933566010354895,0.006587615283267457,0.003952569169960474,0.04743083003952569,0.9459815546772069,3.2,0.0,386.2
energy_innovation__page_wmax_k1.0,offline,cell=pb_omnimath_q8,241,759,0.11462450592885376,0.6772068511198946,0.20816864295125165,0.1,0.08298755186721991,2.6741787649635897,0.017127799736495388,0.00922266139657444,0.08563899868247694,0.8972332015810277,2.3076923076923075,0.0,234.76923076923077
energy_innovation__page_wmax_k1.0,offline,cell=pb_omnimath_q8,241,759,0.11462450592885376,0.6772068511198946,0.20816864295125165,0.2,0.17842323651452283,2.401191109648805,0.04216073781291173,0.01844532279314888,0.15942028985507245,0.7984189723320159,2.9375,1.0,261.125
energy_innovation__page_wmax_k1.0,offline,cell=pb_omnimath_q8,241,759,0.11462450592885376,0.6772068511198946,0.20816864295125165,0.3,0.2863070539419087,2.2153608076466753,0.07378129117259552,0.030303030303030304,0.22793148880105402,0.6982872200263505,3.0,1.0,287.60714285714283
top15_turnover__page_wmax_k0.25,offline,macro8_all,2358,4442,0.2113912651958577,0.33363349842413326,0.45497523638000903,0.05,0.03265479219677693,2.565388315495419,0.024988743809095004,0.006978838361098604,0.014633048176497073,0.9603782080144079,4.81981981981982,3.0,371.1981981981982
top15_turnover__page_wmax_k0.25,offline,macro8_all,2358,4442,0.2113912651958577,0.33363349842413326,0.45497523638000903,0.1,0.08566581849024597,2.2475233211189614,0.07519135524538496,0.020711391265195857,0.04389914452949122,0.8809095002251238,3.622754491017964,2.0,306.9850299401198
top15_turnover__page_wmax_k0.25,offline,macro8_all,2358,4442,0.2113912651958577,0.33363349842413326,0.45497523638000903,0.2,0.18193384223918574,2.019461384202674,0.14610535794687077,0.03939666816749212,0.08104457451598379,0.7728500675371455,2.9922958397534667,2.0,266.2989214175655
top15_turnover__page_wmax_k0.25,offline,macro8_all,2358,4442,0.2113912651958577,0.33363349842413326,0.45497523638000903,0.3,0.2972858354537744,1.8278320600111926,0.23795587573165242,0.06731202161188654,0.1339486717694732,0.6280954524988743,2.6385998107852413,2.0,245.10028382213812
top15_turnover__page_wmax_k0.25,offline,steps_2_to_5,950,1312,0.2934451219512195,0.3003048780487805,0.40625,0.05,0.03894736842105263,1.8699659451950197,0.05030487804878049,0.01676829268292683,0.01600609756097561,0.9336890243902439,1.2424242424242424,1.0,129.3030303030303
top15_turnover__page_wmax_k0.25,offline,steps_2_to_5,950,1312,0.2934451219512195,0.3003048780487805,0.40625,0.1,0.09157894736842105,1.7501945017289373,0.08231707317073171,0.03048780487804878,0.039634146341463415,0.8780487804878049,1.1481481481481481,1.0,125.9074074074074
top15_turnover__page_wmax_k0.25,offline,steps_2_to_5,950,1312,0.2934451219512195,0.3003048780487805,0.40625,0.2,0.17578947368421052,1.6542196198503447,0.16615853658536586,0.06859756097560976,0.07240853658536585,0.7614329268292683,1.0504587155963303,1.0,113.23394495412845
top15_turnover__page_wmax_k0.25,offline,steps_2_to_5,950,1312,0.2934451219512195,0.3003048780487805,0.40625,0.3,0.2631578947368421,1.5659468143463535,0.23704268292682926,0.09451219512195122,0.10365853658536585,0.6592987804878049,1.045016077170418,1.0,110.02250803858522
top15_turnover__page_wmax_k0.25,offline,steps_6_to_10,1124,2308,0.19064124783362218,0.3409878682842288,0.46837088388214904,0.05,0.037366548042704624,2.3664700580935567,0.036395147313691506,0.010831889081455806,0.015164644714038129,0.9484402079722704,2.4761904761904763,2.0,252.6904761904762
top15_turnover__page_wmax_k0.25,offline,steps_6_to_10,1124,2308,0.19064124783362218,0.3409878682842288,0.46837088388214904,0.1,0.06850533807829182,2.2475233211189614,0.0658578856152513,0.020363951473136917,0.029462738301559793,0.9046793760831889,2.164473684210526,2.0,228.76315789473685
top15_turnover__page_wmax_k0.25,offline,steps_6_to_10,1124,2308,0.19064124783362218,0.3409878682842288,0.46837088388214904,0.2,0.16903914590747332,2.080586218768721,0.12305025996533796,0.038128249566724434,0.06239168110918544,0.8145580589254766,1.9683098591549295,1.0,205.71830985915494
top15_turnover__page_wmax_k0.25,offline,steps_6_to_10,1124,2308,0.19064124783362218,0.3409878682842288,0.46837088388214904,0.3,0.2704626334519573,1.961334463321165,0.18024263431542462,0.050693240901213174,0.09532062391681109,0.7244367417677643,1.9471153846153846,1.5,205.70432692307693
top15_turnover__page_wmax_k0.25,offline,steps_11_plus,284,822,0.1386861313868613,0.3661800486618005,0.4951338199513382,0.3,0.2147887323943662,2.565388315495419,0.09610705596107055,0.025547445255474453,0.06690997566909976,0.8369829683698297,5.7215189873417724,4.0,440.63291139240505
top15_turnover__page_wmax_k0.25,offline,cell=pb_gsm8k_q4,193,207,0.2608695652173913,0.3719806763285024,0.3671497584541063,0.05,0.046632124352331605,2.019461384202674,0.04830917874396135,0.024154589371980676,0.043478260869565216,0.9082125603864735,1.0,0.5,56.8
top15_turnover__page_wmax_k0.25,offline,cell=pb_gsm8k_q4,193,207,0.2608695652173913,0.3719806763285024,0.3671497584541063,0.1,0.07253886010362694,1.961334463321165,0.057971014492753624,0.028985507246376812,0.06280193236714976,0.8792270531400966,1.25,0.5,62.416666666666664
top15_turnover__page_wmax_k0.25,offline,cell=pb_gsm8k_q4,193,207,0.2608695652173913,0.3719806763285024,0.3671497584541063,0.2,0.18652849740932642,1.7931980131052672,0.12077294685990338,0.05314009661835749,0.1111111111111111,0.7681159420289855,1.24,1.0,75.52
top15_turnover__page_wmax_k0.25,offline,cell=pb_gsm8k_q4,193,207,0.2608695652173913,0.3719806763285024,0.3671497584541063,0.3,0.26424870466321243,1.7154215299960864,0.15942028985507245,0.057971014492753624,0.14009661835748793,0.7004830917874396,1.3333333333333333,1.0,76.0909090909091
top15_turnover__page_wmax_k0.25,offline,cell=pb_gsm8k_q8,193,207,0.2463768115942029,0.33816425120772947,0.41545893719806765,0.05,0.04145077720207254,2.080586218768721,0.03864734299516908,0.01932367149758454,0.028985507246376812,0.9323671497584541,1.375,1.0,61.875
top15_turnover__page_wmax_k0.25,offline,cell=pb_gsm8k_q8,193,207,0.2463768115942029,0.33816425120772947,0.41545893719806765,0.1,0.08808290155440414,1.8699659451950197,0.1111111111111111,0.05314009661835749,0.09178743961352658,0.7971014492753623,1.5217391304347827,1.0,102.56521739130434
top15_turnover__page_wmax_k0.25,offline,cell=pb_gsm8k_q8,193,207,0.2463768115942029,0.33816425120772947,0.41545893719806765,0.2,0.18134715025906736,1.7501945017289373,0.12560386473429952,0.057971014492753624,0.12560386473429952,0.748792270531401,1.5,1.0,99.53846153846153
top15_turnover__page_wmax_k0.25,offline,cell=pb_gsm8k_q8,193,207,0.2463768115942029,0.33816425120772947,0.41545893719806765,0.3,0.29533678756476683,1.6542196198503447,0.2222222222222222,0.08695652173913043,0.17391304347826086,0.6038647342995169,1.2173913043478262,1.0,75.19565217391305
top15_turnover__page_wmax_k0.25,offline,cell=pb_math_q4,406,594,0.25084175084175087,0.2996632996632997,0.4494949494949495,0.05,0.024630541871921183,2.3664700580935567,0.04208754208754209,0.011784511784511785,0.015151515151515152,0.9427609427609428,4.72,3.0,319.16
top15_turnover__page_wmax_k0.25,offline,cell=pb_math_q4,406,594,0.25084175084175087,0.2996632996632997,0.4494949494949495,0.1,0.09359605911330049,2.080586218768721,0.10606060606060606,0.02356902356902357,0.045454545454545456,0.8484848484848485,3.5873015873015874,3.0,270.7142857142857
top15_turnover__page_wmax_k0.25,offline,cell=pb_math_q4,406,594,0.25084175084175087,0.2996632996632997,0.4494949494949495,0.2,0.18226600985221675,1.915730204158999,0.1750841750841751,0.04882154882154882,0.08754208754208755,0.7373737373737373,2.6634615384615383,2.0,219.97115384615384
top15_turnover__page_wmax_k0.25,offline,cell=pb_math_q4,406,594,0.25084175084175087,0.2996632996632997,0.4494949494949495,0.3,0.29310344827586204,1.7931980131052672,0.24242424242424243,0.06902356902356903,0.10101010101010101,0.6565656565656566,2.4722222222222223,2.0,221.52083333333334
top15_turnover__page_wmax_k0.25,offline,cell=pb_math_q8,406,594,0.2609427609427609,0.30303030303030304,0.43602693602693604,0.05,0.046798029556650245,2.2475233211189614,0.06902356902356903,0.021885521885521887,0.025252525252525252,0.9057239057239057,3.3658536585365852,3.0,239.0731707317073
top15_turnover__page_wmax_k0.25,offline,cell=pb_math_q8,406,594,0.2609427609427609,0.30303030303030304,0.43602693602693604,0.1,0.0960591133004926,2.080586218768721,0.12289562289562289,0.03367003367003367,0.04040404040404041,0.8367003367003367,2.808219178082192,2.0,228.7123287671233
top15_turnover__page_wmax_k0.25,offline,cell=pb_math_q8,406,594,0.2609427609427609,0.30303030303030304,0.43602693602693604,0.2,0.19950738916256158,1.8699659451950197,0.2053872053872054,0.06060606060606061,0.08080808080808081,0.7138047138047138,2.459016393442623,2.0,203.85245901639345
top15_turnover__page_wmax_k0.25,offline,cell=pb_math_q8,406,594,0.2609427609427609,0.30303030303030304,0.43602693602693604,0.3,0.2955665024630542,1.7501945017289373,0.24579124579124578,0.06902356902356903,0.11952861952861953,0.6346801346801347,2.3972602739726026,2.0,206.3835616438356
top15_turnover__page_wmax_k0.25,offline,cell=pb_olympiadbench_q4,339,661,0.1800302571860817,0.4039334341906203,0.41603630862329805,0.1,0.06784660766961652,2.565388315495419,0.030257186081694403,0.01361573373676248,0.02118003025718608,0.9485627836611196,3.9,1.0,252.7
top15_turnover__page_wmax_k0.25,offline,cell=pb_olympiadbench_q4,339,661,0.1800302571860817,0.4039334341906203,0.41603630862329805,0.2,0.1976401179941003,2.15340779211683,0.10741301059001512,0.030257186081694403,0.0832072617246596,0.8093797276853253,3.2535211267605635,1.0,280.59154929577466
top15_turnover__page_wmax_k0.25,offline,cell=pb_olympiadbench_q4,339,661,0.1800302571860817,0.4039334341906203,0.41603630862329805,0.3,0.2920353982300885,2.019461384202674,0.15279878971255673,0.04236006051437216,0.12102874432677761,0.7261724659606656,3.108910891089109,1.0,275.43564356435644
top15_turnover__page_wmax_k0.25,offline,cell=pb_olympiadbench_q8,339,661,0.18456883509833585,0.4009077155824508,0.4145234493192133,0.1,0.07669616519174041,2.565388315495419,0.02118003025718608,0.007564296520423601,0.030257186081694403,0.9485627836611196,5.571428571428571,2.5,367.42857142857144
top15_turnover__page_wmax_k0.25,offline,cell=pb_olympiadbench_q8,339,661,0.18456883509833585,0.4009077155824508,0.4145234493192133,0.2,0.16519174041297935,2.2475233211189614,0.07564296520423601,0.024205748865355523,0.07261724659606657,0.8517397881996974,3.48,2.0,281.82
top15_turnover__page_wmax_k0.25,offline,cell=pb_olympiadbench_q8,339,661,0.18456883509833585,0.4009077155824508,0.4145234493192133,0.3,0.2890855457227139,2.019461384202674,0.14826021180030258,0.0453857791225416,0.12708018154311648,0.7246596066565809,2.8877551020408165,2.0,248.37755102040816
top15_turnover__page_wmax_k0.25,offline,cell=pb_omnimath_q4,241,759,0.19104084321475626,0.2845849802371542,0.5243741765480896,0.05,0.03734439834024896,2.565388315495419,0.026350461133069828,0.005270092226613966,0.010540184453227932,0.9631093544137023,5.3,5.0,504.7
top15_turnover__page_wmax_k0.25,offline,cell=pb_omnimath_q4,241,759,0.19104084321475626,0.2845849802371542,0.5243741765480896,0.1,0.0912863070539419,2.2475233211189614,0.09617918313570488,0.021080368906455864,0.04084321475625823,0.8629776021080369,4.054794520547945,3.0,380.71232876712327
top15_turnover__page_wmax_k0.25,offline,cell=pb_omnimath_q4,241,759,0.19104084321475626,0.2845849802371542,0.5243741765480896,0.2,0.18672199170124482,2.080586218768721,0.1541501976284585,0.04216073781291173,0.06324110671936758,0.782608695652174,3.213675213675214,2.0,305.5726495726496
top15_turnover__page_wmax_k0.25,offline,cell=pb_omnimath_q4,241,759,0.19104084321475626,0.2845849802371542,0.5243741765480896,0.3,0.2821576763485477,1.915730204158999,0.22793148880105402,0.05928853754940711,0.09881422924901186,0.6732542819499341,2.953757225433526,2.0,290.6242774566474
top15_turnover__page_wmax_k0.25,offline,cell=pb_omnimath_q8,241,759,0.18972332015810275,0.30171277997364954,0.5085638998682477,0.05,0.02074688796680498,2.565388315495419,0.03162055335968379,0.005270092226613966,0.019762845849802372,0.9486166007905138,4.916666666666667,3.5,441.7083333333333
top15_turnover__page_wmax_k0.25,offline,cell=pb_omnimath_q8,241,759,0.18972332015810275,0.30171277997364954,0.5085638998682477,0.1,0.058091286307053944,2.3664700580935567,0.07246376811594203,0.013175230566534914,0.03293807641633729,0.8945981554677207,3.7818181818181817,3.0,375.2181818181818
top15_turnover__page_wmax_k0.25,offline,cell=pb_omnimath_q8,241,759,0.18972332015810275,0.30171277997364954,0.5085638998682477,0.2,0.15767634854771784,2.15340779211683,0.1225296442687747,0.028985507246376812,0.05928853754940711,0.8181818181818182,3.3225806451612905,3.0,330.16129032258067
top15_turnover__page_wmax_k0.25,offline,cell=pb_omnimath_q8,241,759,0.18972332015810275,0.30171277997364954,0.5085638998682477,0.3,0.2863070539419087,1.961334463321165,0.20553359683794467,0.04216073781291173,0.08432147562582346,0.7101449275362319,3.128205128205128,2.0,301.3076923076923
top15_turnover__page_wmax_k1.0,offline,macro8_all,2358,4442,0.13124718595227375,0.8232778027915354,0.045475011256190905,0.05,0.03816793893129771,1.7889923410590376,0.021837010355695633,0.00810445745159838,0.012832057631697433,0.9653309320126069,1.8969072164948453,1.0,165.62886597938143
top15_turnover__page_wmax_k1.0,offline,macro8_all,2358,4442,0.13124718595227375,0.8232778027915354,0.045475011256190905,0.1,0.09838846480067855,1.2247448713915894,0.05155335434488969,0.021386762719495724,0.03219270598829356,0.9162539396668168,1.262008733624454,1.0,120.58951965065502
top15_turnover__page_wmax_k1.0,offline,macro8_all,2358,4442,0.13124718595227375,0.8232778027915354,0.045475011256190905,0.2,0.13994910941475827,0.08737040570160387,0.04682575416479064,0.025213867627194957,0.06371004052228726,0.8894642053129221,0.7740384615384616,0.0,75.98557692307692
top15_turnover__page_wmax_k1.0,offline,macro8_all,2358,4442,0.13124718595227375,0.8232778027915354,0.045475011256190905,0.3,0.13994910941475827,0.08737040570160387,0.04682575416479064,0.025213867627194957,0.06371004052228726,0.8894642053129221,0.7740384615384616,0.0,75.98557692307692
top15_turnover__page_wmax_k1.0,offline,steps_2_to_5,950,1312,0.21951219512195122,0.7065548780487805,0.07393292682926829,0.05,0.02526315789473684,1.7889923410590376,0.012195121951219513,0.004573170731707317,0.005335365853658537,0.9824695121951219,1.4375,2.0,165.4375
top15_turnover__page_wmax_k1.0,offline,steps_2_to_5,950,1312,0.21951219512195122,0.7065548780487805,0.07393292682926829,0.1,0.06947368421052631,1.4943807263746083,0.052591463414634144,0.014481707317073171,0.01676829268292683,0.930640243902439,1.3333333333333333,1.0,132.15942028985506
top15_turnover__page_wmax_k1.0,offline,steps_2_to_5,950,1312,0.21951219512195122,0.7065548780487805,0.07393292682926829,0.2,0.17894736842105263,0.08737040570160387,0.09146341463414634,0.039634146341463415,0.06173780487804878,0.8467987804878049,0.9,1.0,85.83333333333333
top15_turnover__page_wmax_k1.0,offline,steps_2_to_5,950,1312,0.21951219512195122,0.7065548780487805,0.07393292682926829,0.3,0.17894736842105263,0.08737040570160387,0.09146341463414634,0.039634146341463415,0.06173780487804878,0.8467987804878049,0.9,1.0,85.83333333333333
top15_turnover__page_wmax_k1.0,offline,steps_6_to_10,1124,2308,0.10311958405545928,0.8635181975736569,0.033362218370883885,0.05,0.03825622775800712,1.7889923410590376,0.023830155979202773,0.010831889081455806,0.012998266897746967,0.9631715771230502,1.4,1.0,124.01818181818182
top15_turnover__page_wmax_k1.0,offline,steps_6_to_10,1124,2308,0.10311958405545928,0.8635181975736569,0.033362218370883885,0.1,0.09430604982206406,1.0,0.048960138648180246,0.02296360485268631,0.0389948006932409,0.9120450606585788,1.2743362831858407,1.0,134.1769911504425
top15_turnover__page_wmax_k1.0,offline,steps_6_to_10,1124,2308,0.10311958405545928,0.8635181975736569,0.033362218370883885,0.2,0.10854092526690391,0.08737040570160387,0.03162911611785095,0.022097053726169845,0.06542461005199307,0.902946273830156,0.6027397260273972,0.0,64.32876712328768
top15_turnover__page_wmax_k1.0,offline,steps_6_to_10,1124,2308,0.10311958405545928,0.8635181975736569,0.033362218370883885,0.3,0.10854092526690391,0.08737040570160387,0.03162911611785095,0.022097053726169845,0.06542461005199307,0.902946273830156,0.6027397260273972,0.0,64.32876712328768
top15_turnover__page_wmax_k1.0,offline,steps_11_plus,284,822,0.06934306569343066,0.8965936739659367,0.0340632603406326,0.1,0.09859154929577464,1.4943807263746083,0.032846715328467155,0.009732360097323601,0.031630170316301706,0.9355231143552312,2.4814814814814814,1.0,198.85185185185185
top15_turnover__page_wmax_k1.0,offline,steps_11_plus,284,822,0.06934306569343066,0.8965936739659367,0.0340632603406326,0.2,0.13380281690140844,0.08737040570160387,0.01824817518248175,0.010948905109489052,0.06204379562043796,0.9197080291970803,0.6,0.0,53.93333333333333
top15_turnover__page_wmax_k1.0,offline,steps_11_plus,284,822,0.06934306569343066,0.8965936739659367,0.0340632603406326,0.3,0.13380281690140844,0.08737040570160387,0.01824817518248175,0.010948905109489052,0.06204379562043796,0.9197080291970803,0.6,0.0,53.93333333333333
top15_turnover__page_wmax_k1.0,offline,cell=pb_gsm8k_q4,193,207,0.18357487922705315,0.7584541062801933,0.057971014492753624,0.05,0.03626943005181347,1.2247448713915894,0.06763285024154589,0.028985507246376812,0.03864734299516908,0.893719806763285,0.9285714285714286,1.0,60.642857142857146
top15_turnover__page_wmax_k1.0,offline,cell=pb_gsm8k_q4,193,207,0.18357487922705315,0.7584541062801933,0.057971014492753624,0.1,0.06217616580310881,0.08737040570160387,0.0821256038647343,0.03864734299516908,0.06280193236714976,0.855072463768116,0.5882352941176471,1.0,35.588235294117645
top15_turnover__page_wmax_k1.0,offline,cell=pb_gsm8k_q4,193,207,0.18357487922705315,0.7584541062801933,0.057971014492753624,0.2,0.06217616580310881,0.08737040570160387,0.0821256038647343,0.03864734299516908,0.06280193236714976,0.855072463768116,0.5882352941176471,1.0,35.588235294117645
top15_turnover__page_wmax_k1.0,offline,cell=pb_gsm8k_q4,193,207,0.18357487922705315,0.7584541062801933,0.057971014492753624,0.3,0.06217616580310881,0.08737040570160387,0.0821256038647343,0.03864734299516908,0.06280193236714976,0.855072463768116,0.5882352941176471,1.0,35.588235294117645
top15_turnover__page_wmax_k1.0,offline,cell=pb_gsm8k_q8,193,207,0.2028985507246377,0.6666666666666666,0.13043478260869565,0.05,0.04145077720207254,1.7889923410590376,0.033816425120772944,0.01932367149758454,0.04830917874396135,0.9178743961352657,1.1428571428571428,0.0,76.14285714285714
top15_turnover__page_wmax_k1.0,offline,cell=pb_gsm8k_q8,193,207,0.2028985507246377,0.6666666666666666,0.13043478260869565,0.1,0.04145077720207254,1.7889923410590376,0.033816425120772944,0.01932367149758454,0.04830917874396135,0.9178743961352657,1.1428571428571428,0.0,76.14285714285714
top15_turnover__page_wmax_k1.0,offline,cell=pb_gsm8k_q8,193,207,0.2028985507246377,0.6666666666666666,0.13043478260869565,0.2,0.18652849740932642,1.2247448713915894,0.1642512077294686,0.07729468599033816,0.10628019323671498,0.7294685990338164,1.088235294117647,1.0,63.794117647058826
top15_turnover__page_wmax_k1.0,offline,cell=pb_gsm8k_q8,193,207,0.2028985507246377,0.6666666666666666,0.13043478260869565,0.3,0.27979274611398963,0.816496580927726,0.21739130434782608,0.10628019323671498,0.15458937198067632,0.6280193236714976,0.9111111111111111,1.0,53.55555555555556
top15_turnover__page_wmax_k1.0,offline,cell=pb_math_q4,406,594,0.19865319865319866,0.7474747474747475,0.05387205387205387,0.05,0.03694581280788178,1.7889923410590376,0.018518518518518517,0.005050505050505051,0.016835016835016835,0.9646464646464646,2.272727272727273,2.0,162.9090909090909
top15_turnover__page_wmax_k1.0,offline,cell=pb_math_q4,406,594,0.19865319865319866,0.7474747474747475,0.05387205387205387,0.1,0.09359605911330049,1.0,0.0707070707070707,0.02861952861952862,0.04377104377104377,0.8855218855218855,1.3095238095238095,1.0,123.64285714285714
top15_turnover__page_wmax_k1.0,offline,cell=pb_math_q4,406,594,0.19865319865319866,0.7474747474747475,0.05387205387205387,0.2,0.11083743842364532,0.08737040570160387,0.05723905723905724,0.02861952861952862,0.06734006734006734,0.8754208754208754,0.8823529411764706,0.5,81.5
top15_turnover__page_wmax_k1.0,offline,cell=pb_math_q4,406,594,0.19865319865319866,0.7474747474747475,0.05387205387205387,0.3,0.11083743842364532,0.08737040570160387,0.05723905723905724,0.02861952861952862,0.06734006734006734,0.8754208754208754,0.8823529411764706,0.5,81.5
top15_turnover__page_wmax_k1.0,offline,cell=pb_math_q8,406,594,0.19865319865319866,0.7255892255892256,0.07575757575757576,0.05,0.04187192118226601,1.7889923410590376,0.030303030303030304,0.008417508417508417,0.020202020202020204,0.9494949494949495,2.8333333333333335,2.5,239.27777777777777
top15_turnover__page_wmax_k1.0,offline,cell=pb_math_q8,406,594,0.19865319865319866,0.7255892255892256,0.07575757575757576,0.1,0.07635467980295567,1.4943807263746083,0.06397306397306397,0.020202020202020204,0.037037037037037035,0.898989898989899,2.0,2.0,175.89473684210526
top15_turnover__page_wmax_k1.0,offline,cell=pb_math_q8,406,594,0.19865319865319866,0.7255892255892256,0.07575757575757576,0.2,0.16502463054187191,0.08737040570160387,0.08080808080808081,0.04377104377104377,0.09764309764309764,0.8215488215488216,1.0416666666666667,0.0,97.89583333333333
top15_turnover__page_wmax_k1.0,offline,cell=pb_math_q8,406,594,0.19865319865319866,0.7255892255892256,0.07575757575757576,0.3,0.16502463054187191,0.08737040570160387,0.08080808080808081,0.04377104377104377,0.09764309764309764,0.8215488215488216,1.0416666666666667,0.0,97.89583333333333
top15_turnover__page_wmax_k1.0,offline,cell=pb_olympiadbench_q4,339,661,0.08472012102874432,0.8925869894099848,0.0226928895612708,0.05,0.029498525073746312,1.7889923410590376,0.02118003025718608,0.007564296520423601,0.007564296520423601,0.9712556732223904,1.1428571428571428,1.0,106.0
top15_turnover__page_wmax_k1.0,offline,cell=pb_olympiadbench_q4,339,661,0.08472012102874432,0.8925869894099848,0.0226928895612708,0.1,0.09734513274336283,0.6030226891548104,0.025718608169440244,0.015128593040847202,0.04084720121028744,0.9334341906202723,0.5882352941176471,0.0,65.47058823529412
top15_turnover__page_wmax_k1.0,offline,cell=pb_olympiadbench_q4,339,661,0.08472012102874432,0.8925869894099848,0.0226928895612708,0.2,0.10029498525073746,0.08737040570160387,0.015128593040847202,0.01059001512859304,0.0529500756429652,0.9319213313161876,0.3,0.0,44.8
top15_turnover__page_wmax_k1.0,offline,cell=pb_olympiadbench_q4,339,661,0.08472012102874432,0.8925869894099848,0.0226928895612708,0.3,0.10029498525073746,0.08737040570160387,0.015128593040847202,0.01059001512859304,0.0529500756429652,0.9319213313161876,0.3,0.0,44.8
top15_turnover__page_wmax_k1.0,offline,cell=pb_olympiadbench_q8,339,661,0.08018154311649017,0.8835098335854765,0.036308623298033284,0.1,0.09144542772861357,1.4943807263746083,0.030257186081694403,0.012102874432677761,0.0226928895612708,0.9470499243570348,1.7,1.0,138.3
top15_turnover__page_wmax_k1.0,offline,cell=pb_olympiadbench_q8,339,661,0.08018154311649017,0.8835098335854765,0.036308623298033284,0.2,0.1415929203539823,0.08737040570160387,0.018154311649016642,0.009077155824508321,0.059001512859304085,0.9228441754916793,0.6666666666666666,0.5,63.083333333333336
top15_turnover__page_wmax_k1.0,offline,cell=pb_olympiadbench_q8,339,661,0.08018154311649017,0.8835098335854765,0.036308623298033284,0.3,0.1415929203539823,0.08737040570160387,0.018154311649016642,0.009077155824508321,0.059001512859304085,0.9228441754916793,0.6666666666666666,0.5,63.083333333333336
top15_turnover__page_wmax_k1.0,offline,cell=pb_omnimath_q4,241,759,0.10144927536231885,0.8748353096179183,0.023715415019762844,0.05,0.03319502074688797,1.7889923410590376,0.01844532279314888,0.006587615283267457,0.005270092226613966,0.9762845849802372,2.2142857142857144,2.0,244.0
top15_turnover__page_wmax_k1.0,offline,cell=pb_omnimath_q4,241,759,0.10144927536231885,0.8748353096179183,0.023715415019762844,0.1,0.0995850622406639,0.08737040570160387,0.030303030303030304,0.013175230566534914,0.02766798418972332,0.9420289855072463,0.8695652173913043,1.0,127.56521739130434
top15_turnover__page_wmax_k1.0,offline,cell=pb_omnimath_q4,241,759,0.10144927536231885,0.8748353096179183,0.023715415019762844,0.2,0.0995850622406639,0.08737040570160387,0.030303030303030304,0.013175230566534914,0.02766798418972332,0.9420289855072463,0.8695652173913043,1.0,127.56521739130434
top15_turnover__page_wmax_k1.0,offline,cell=pb_omnimath_q4,241,759,0.10144927536231885,0.8748353096179183,0.023715415019762844,0.3,0.0995850622406639,0.08737040570160387,0.030303030303030304,0.013175230566534914,0.02766798418972332,0.9420289855072463,0.8695652173913043,1.0,127.56521739130434
top15_turnover__page_wmax_k1.0,offline,cell=pb_omnimath_q8,241,759,0.1067193675889328,0.855072463768116,0.03820816864295125,0.05,0.04979253112033195,1.7889923410590376,0.021080368906455864,0.00922266139657444,0.006587615283267457,0.9723320158102767,1.0625,1.0,120.375
top15_turnover__page_wmax_k1.0,offline,cell=pb_omnimath_q8,241,759,0.1067193675889328,0.855072463768116,0.03820816864295125,0.1,0.0995850622406639,1.2247448713915894,0.04084321475625823,0.013175230566534914,0.019762845849802372,0.9393939393939394,1.096774193548387,1.0,142.2258064516129
top15_turnover__page_wmax_k1.0,offline,cell=pb_omnimath_q8,241,759,0.1067193675889328,0.855072463768116,0.03820816864295125,0.2,0.14937759336099585,0.08737040570160387,0.028985507246376812,0.01844532279314888,0.05006587615283267,0.9209486166007905,0.5,0.0,88.68181818181819
top15_turnover__page_wmax_k1.0,offline,cell=pb_omnimath_q8,241,759,0.1067193675889328,0.855072463768116,0.03820816864295125,0.3,0.14937759336099585,0.08737040570160387,0.028985507246376812,0.01844532279314888,0.05006587615283267,0.9209486166007905,0.5,0.0,88.68181818181819
top50_js__page_wmax_k0.25,offline,macro8_all,2358,4442,0.1240432237730752,0.7318775326429536,0.14407924358397117,0.05,0.037319762510602206,1.6830791629768818,0.0769923457901846,0.016884286357496624,0.054254840162089146,0.8687528140477262,2.6842105263157894,2.0,254.19298245614036
top50_js__page_wmax_k0.25,offline,macro8_all,2358,4442,0.1240432237730752,0.7318775326429536,0.14407924358397117,0.1,0.09923664122137404,1.1788473495399614,0.1490319675821702,0.03286807744259343,0.10085547050877983,0.75011256190905,2.1601208459214503,2.0,209.25528700906344
top50_js__page_wmax_k0.25,offline,macro8_all,2358,4442,0.1240432237730752,0.7318775326429536,0.14407924358397117,0.2,0.12213740458015267,0.025042896702683063,0.11773975686627645,0.05245384961728951,0.16884286357496622,0.7134173795587573,1.0650095602294456,1.0,107.39005736137668
top50_js__page_wmax_k0.25,offline,macro8_all,2358,4442,0.1240432237730752,0.7318775326429536,0.14407924358397117,0.3,0.12213740458015267,0.025042896702683063,0.11773975686627645,0.05245384961728951,0.16884286357496622,0.7134173795587573,1.0650095602294456,1.0,107.39005736137668
top50_js__page_wmax_k0.25,offline,steps_2_to_5,950,1312,0.20198170731707318,0.6425304878048781,0.15548780487804878,0.05,0.0431578947368421,1.5299999056279576,0.0663109756097561,0.022103658536585365,0.040396341463414635,0.8932926829268293,1.367816091954023,1.0,128.86206896551724
top50_js__page_wmax_k0.25,offline,steps_2_to_5,950,1312,0.20198170731707318,0.6425304878048781,0.15548780487804878,0.1,0.08947368421052632,1.291165451123665,0.12957317073170732,0.039634146341463415,0.05945121951219512,0.8109756097560976,1.3058823529411765,1.0,127.37058823529412
top50_js__page_wmax_k0.25,offline,steps_2_to_5,950,1312,0.20198170731707318,0.6425304878048781,0.15548780487804878,0.2,0.16,0.025042896702683063,0.18445121951219512,0.0899390243902439,0.12576219512195122,0.6897865853658537,0.7727272727272727,1.0,76.70247933884298
top50_js__page_wmax_k0.25,offline,steps_2_to_5,950,1312,0.20198170731707318,0.6425304878048781,0.15548780487804878,0.3,0.16,0.025042896702683063,0.18445121951219512,0.0899390243902439,0.12576219512195122,0.6897865853658537,0.7727272727272727,1.0,76.70247933884298
top50_js__page_wmax_k0.25,offline,steps_6_to_10,1124,2308,0.10138648180242635,0.7487001733102253,0.14991334488734837,0.05,0.028469750889679714,1.8433608504384258,0.06369150779896014,0.015164644714038129,0.03726169844020797,0.8990467937608319,2.4149659863945576,2.0,241.6530612244898
top50_js__page_wmax_k0.25,offline,steps_6_to_10,1124,2308,0.10138648180242635,0.7487001733102253,0.14991334488734837,0.1,0.09163701067615658,1.291165451123665,0.1572790294627383,0.03552859618717504,0.09965337954939342,0.7430675909878682,2.286501377410468,2.0,229.18457300275483
top50_js__page_wmax_k0.25,offline,steps_6_to_10,1124,2308,0.10138648180242635,0.7487001733102253,0.14991334488734837,0.2,0.10676156583629894,0.025042896702683063,0.10268630849220103,0.04246100519930676,0.1949740034662045,0.7023396880415944,1.2278481012658229,1.0,128.67932489451476
top50_js__page_wmax_k0.25,offline,steps_6_to_10,1124,2308,0.10138648180242635,0.7487001733102253,0.14991334488734837,0.3,0.10676156583629894,0.025042896702683063,0.10268630849220103,0.04246100519930676,0.1949740034662045,0.7023396880415944,1.2278481012658229,1.0,128.67932489451476
top50_js__page_wmax_k0.25,offline,steps_11_plus,284,822,0.06326034063260341,0.8272506082725061,0.10948905109489052,0.05,0.04929577464788732,1.4036726163720423,0.10583941605839416,0.00851581508515815,0.1070559610705596,0.7871046228710462,4.103448275862069,3.0,358.62068965517244
top50_js__page_wmax_k0.25,offline,steps_11_plus,284,822,0.06326034063260341,0.8272506082725061,0.10948905109489052,0.1,0.056338028169014086,0.025042896702683063,0.0535279805352798,0.02068126520681265,0.16423357664233576,0.7822384428223844,1.7954545454545454,1.5,161.5
top50_js__page_wmax_k0.25,offline,steps_11_plus,284,822,0.06326034063260341,0.8272506082725061,0.10948905109489052,0.2,0.056338028169014086,0.025042896702683063,0.0535279805352798,0.02068126520681265,0.16423357664233576,0.7822384428223844,1.7954545454545454,1.5,161.5
top50_js__page_wmax_k0.25,offline,steps_11_plus,284,822,0.06326034063260341,0.8272506082725061,0.10948905109489052,0.3,0.056338028169014086,0.025042896702683063,0.0535279805352798,0.02068126520681265,0.16423357664233576,0.7822384428223844,1.7954545454545454,1.5,161.5
top50_js__page_wmax_k0.25,offline,cell=pb_gsm8k_q4,193,207,0.16908212560386474,0.6038647342995169,0.22705314009661837,0.05,0.03626943005181347,1.6830791629768818,0.05314009661835749,0.014492753623188406,0.033816425120772944,0.9130434782608695,1.4545454545454546,1.0,91.81818181818181
top50_js__page_wmax_k0.25,offline,cell=pb_gsm8k_q4,193,207,0.16908212560386474,0.6038647342995169,0.22705314009661837,0.1,0.07772020725388601,1.5299999056279576,0.10628019323671498,0.024154589371980676,0.057971014492753624,0.8357487922705314,1.4090909090909092,1.0,83.86363636363636
top50_js__page_wmax_k0.25,offline,cell=pb_gsm8k_q4,193,207,0.16908212560386474,0.6038647342995169,0.22705314009661837,0.2,0.19689119170984457,0.025042896702683063,0.22705314009661837,0.09178743961352658,0.178743961352657,0.5942028985507246,0.8085106382978723,1.0,56.46808510638298
top50_js__page_wmax_k0.25,offline,cell=pb_gsm8k_q4,193,207,0.16908212560386474,0.6038647342995169,0.22705314009661837,0.3,0.19689119170984457,0.025042896702683063,0.22705314009661837,0.09178743961352658,0.178743961352657,0.5942028985507246,0.8085106382978723,1.0,56.46808510638298
top50_js__page_wmax_k0.25,offline,cell=pb_gsm8k_q8,193,207,0.18357487922705315,0.5893719806763285,0.22705314009661837,0.05,0.046632124352331605,1.6830791629768818,0.057971014492753624,0.01932367149758454,0.057971014492753624,0.8840579710144928,1.25,1.0,82.33333333333333
top50_js__page_wmax_k0.25,offline,cell=pb_gsm8k_q8,193,207,0.18357487922705315,0.5893719806763285,0.22705314009661837,0.1,0.08290155440414508,1.5299999056279576,0.10628019323671498,0.033816425120772944,0.07246376811594203,0.821256038647343,1.2272727272727273,1.0,81.0909090909091
top50_js__page_wmax_k0.25,offline,cell=pb_gsm8k_q8,193,207,0.18357487922705315,0.5893719806763285,0.22705314009661837,0.2,0.19170984455958548,1.0720262453145988,0.28502415458937197,0.07246376811594203,0.12077294685990338,0.5942028985507246,1.2203389830508475,1.0,84.71186440677967
top50_js__page_wmax_k0.25,offline,cell=pb_gsm8k_q8,193,207,0.18357487922705315,0.5893719806763285,0.22705314009661837,0.3,0.21761658031088082,0.025042896702683063,0.2318840579710145,0.1111111111111111,0.20772946859903382,0.5603864734299517,0.75,1.0,54.854166666666664
top50_js__page_wmax_k0.25,offline,cell=pb_math_q4,406,594,0.1734006734006734,0.7121212121212122,0.11447811447811448,0.05,0.04187192118226601,1.5299999056279576,0.06565656565656566,0.015151515151515152,0.04040404040404041,0.8939393939393939,2.282051282051282,2.0,184.76923076923077
top50_js__page_wmax_k0.25,offline,cell=pb_math_q4,406,594,0.1734006734006734,0.7121212121212122,0.11447811447811448,0.1,0.0960591133004926,0.8512296573365022,0.13636363636363635,0.037037037037037035,0.0707070707070707,0.7929292929292929,1.6419753086419753,2.0,142.6172839506173
top50_js__page_wmax_k0.25,offline,cell=pb_math_q4,406,594,0.1734006734006734,0.7121212121212122,0.11447811447811448,0.2,0.10098522167487685,0.025042896702683063,0.10942760942760943,0.04208754208754209,0.1026936026936027,0.7878787878787878,1.0153846153846153,1.0,83.63076923076923
top50_js__page_wmax_k0.25,offline,cell=pb_math_q4,406,594,0.1734006734006734,0.7121212121212122,0.11447811447811448,0.3,0.10098522167487685,0.025042896702683063,0.10942760942760943,0.04208754208754209,0.1026936026936027,0.7878787878787878,1.0153846153846153,1.0,83.63076923076923
top50_js__page_wmax_k0.25,offline,cell=pb_math_q8,406,594,0.1835016835016835,0.6936026936026936,0.12289562289562289,0.05,0.03940886699507389,1.6830791629768818,0.058922558922558925,0.016835016835016835,0.021885521885521887,0.9191919191919192,2.057142857142857,2.0,172.4857142857143
top50_js__page_wmax_k0.25,offline,cell=pb_math_q8,406,594,0.1835016835016835,0.6936026936026936,0.12289562289562289,0.1,0.09113300492610837,1.1788473495399614,0.11616161616161616,0.02356902356902357,0.06902356902356903,0.8148148148148148,2.0579710144927534,2.0,175.91304347826087
top50_js__page_wmax_k0.25,offline,cell=pb_math_q8,406,594,0.1835016835016835,0.6936026936026936,0.12289562289562289,0.2,0.11822660098522167,0.025042896702683063,0.10437710437710437,0.04208754208754209,0.13468013468013468,0.7609427609427609,1.0483870967741935,1.0,82.09677419354838
top50_js__page_wmax_k0.25,offline,cell=pb_math_q8,406,594,0.1835016835016835,0.6936026936026936,0.12289562289562289,0.3,0.11822660098522167,0.025042896702683063,0.10437710437710437,0.04208754208754209,0.13468013468013468,0.7609427609427609,1.0483870967741935,1.0,82.09677419354838
top50_js__page_wmax_k0.25,offline,cell=pb_olympiadbench_q4,339,661,0.08018154311649017,0.8199697428139183,0.09984871406959153,0.05,0.0471976401179941,1.5299999056279576,0.07715582450832073,0.019667170953101363,0.05446293494704992,0.8683812405446294,2.980392156862745,3.0,307.921568627451
top50_js__page_wmax_k0.25,offline,cell=pb_olympiadbench_q4,339,661,0.08018154311649017,0.8199697428139183,0.09984871406959153,0.1,0.07374631268436578,0.025042896702683063,0.07261724659606657,0.028744326777609682,0.1361573373676248,0.7912254160363086,1.4166666666666667,1.0,156.77083333333334
top50_js__page_wmax_k0.25,offline,cell=pb_olympiadbench_q4,339,661,0.08018154311649017,0.8199697428139183,0.09984871406959153,0.2,0.07374631268436578,0.025042896702683063,0.07261724659606657,0.028744326777609682,0.1361573373676248,0.7912254160363086,1.4166666666666667,1.0,156.77083333333334
top50_js__page_wmax_k0.25,offline,cell=pb_olympiadbench_q4,339,661,0.08018154311649017,0.8199697428139183,0.09984871406959153,0.3,0.07374631268436578,0.025042896702683063,0.07261724659606657,0.028744326777609682,0.1361573373676248,0.7912254160363086,1.4166666666666667,1.0,156.77083333333334
top50_js__page_wmax_k0.25,offline,cell=pb_olympiadbench_q8,339,661,0.08169440242057488,0.7972768532526475,0.12102874432677761,0.05,0.04129793510324484,1.5299999056279576,0.09379727685325265,0.024205748865355523,0.06202723146747353,0.8441754916792739,2.806451612903226,2.0,290.4032258064516
top50_js__page_wmax_k0.25,offline,cell=pb_olympiadbench_q8,339,661,0.08169440242057488,0.7972768532526475,0.12102874432677761,0.1,0.0855457227138643,0.025042896702683063,0.08623298033282904,0.04236006051437216,0.16187594553706505,0.7518910741301059,1.280701754385965,1.0,139.24561403508773
top50_js__page_wmax_k0.25,offline,cell=pb_olympiadbench_q8,339,661,0.08169440242057488,0.7972768532526475,0.12102874432677761,0.2,0.0855457227138643,0.025042896702683063,0.08623298033282904,0.04236006051437216,0.16187594553706505,0.7518910741301059,1.280701754385965,1.0,139.24561403508773
top50_js__page_wmax_k0.25,offline,cell=pb_olympiadbench_q8,339,661,0.08169440242057488,0.7972768532526475,0.12102874432677761,0.3,0.0855457227138643,0.025042896702683063,0.08623298033282904,0.04236006051437216,0.16187594553706505,0.7518910741301059,1.280701754385965,1.0,139.24561403508773
top50_js__page_wmax_k0.25,offline,cell=pb_omnimath_q4,241,759,0.10408432147562582,0.7417654808959157,0.1541501976284585,0.05,0.04979253112033195,1.6830791629768818,0.09354413702239789,0.015810276679841896,0.0764163372859025,0.8300395256916996,2.915492957746479,2.0,280.67605633802816
top50_js__page_wmax_k0.25,offline,cell=pb_omnimath_q4,241,759,0.10408432147562582,0.7417654808959157,0.1541501976284585,0.1,0.07468879668049792,1.4036726163720423,0.13570487483530963,0.03162055335968379,0.10013175230566534,0.764163372859025,2.349514563106796,2.0,228.58252427184465
top50_js__page_wmax_k0.25,offline,cell=pb_omnimath_q4,241,759,0.10408432147562582,0.7417654808959157,0.1541501976284585,0.2,0.12863070539419086,0.025042896702683063,0.12121212121212122,0.061923583662714096,0.1976284584980237,0.6811594202898551,0.967391304347826,0.0,117.33695652173913
top50_js__page_wmax_k0.25,offline,cell=pb_omnimath_q4,241,759,0.10408432147562582,0.7417654808959157,0.1541501976284585,0.3,0.12863070539419086,0.025042896702683063,0.12121212121212122,0.061923583662714096,0.1976284584980237,0.6811594202898551,0.967391304347826,0.0,117.33695652173913
top50_js__page_wmax_k0.25,offline,cell=pb_omnimath_q8,241,759,0.10540184453227931,0.7075098814229249,0.18708827404479578,0.05,0.04564315352697095,1.6830791629768818,0.11462450592885376,0.017127799736495388,0.08695652173913043,0.7984189723320159,2.954022988505747,2.0,280.39080459770116
top50_js__page_wmax_k0.25,offline,cell=pb_omnimath_q8,241,759,0.10540184453227931,0.7075098814229249,0.18708827404479578,0.1,0.0954356846473029,1.4036726163720423,0.1725955204216074,0.03293807641633729,0.11594202898550725,0.7114624505928854,2.633587786259542,2.0,259.793893129771
top50_js__page_wmax_k0.25,offline,cell=pb_omnimath_q8,241,759,0.10540184453227931,0.7075098814229249,0.18708827404479578,0.2,0.14107883817427386,0.025042896702683063,0.1370223978919631,0.061923583662714096,0.23978919631093545,0.6231884057971014,1.1730769230769231,1.0,135.52884615384616
top50_js__page_wmax_k0.25,offline,cell=pb_omnimath_q8,241,759,0.10540184453227931,0.7075098814229249,0.18708827404479578,0.3,0.14107883817427386,0.025042896702683063,0.1370223978919631,0.061923583662714096,0.23978919631093545,0.6231884057971014,1.1730769230769231,1.0,135.52884615384616
dominant_freq16__page_wmax_k0.25,offline,macro8_all,2358,4442,0.2055380459252589,0.2370553804592526,0.5574065736154885,0.05,0.024173027989821884,2.3310418124721717,0.0315173345339937,0.005177847816298964,0.009680324178298064,0.9588023412877082,5.271428571428571,4.0,405.55
dominant_freq16__page_wmax_k0.25,offline,macro8_all,2358,4442,0.2055380459252589,0.2370553804592526,0.5574065736154885,0.1,0.07591178965224767,2.0620143893149296,0.09027465105808194,0.017559657811796487,0.03061683926159388,0.8791085096803242,3.865336658354115,2.0,331.7206982543641
dominant_freq16__page_wmax_k0.25,offline,macro8_all,2358,4442,0.2055380459252589,0.2370553804592526,0.5574065736154885,0.2,0.1895674300254453,1.8234230455470777,0.19810895992796038,0.03939666816749212,0.0675371454299865,0.7343538946420531,3.168181818181818,2.0,296.2977272727273
dominant_freq16__page_wmax_k0.25,offline,macro8_all,2358,4442,0.2055380459252589,0.2370553804592526,0.5574065736154885,0.3,0.2968617472434266,1.6811566716719648,0.3005402971634399,0.0675371454299865,0.10265646105357946,0.5968032417829806,2.8247191011235957,2.0,272.4149812734082
dominant_freq16__page_wmax_k0.25,offline,steps_2_to_5,950,1312,0.3117378048780488,0.2111280487804878,0.4771341463414634,0.05,0.049473684210526316,1.7457471780497273,0.056402439024390245,0.018292682926829267,0.009908536585365854,0.9336890243902439,1.527027027027027,1.0,207.8783783783784
dominant_freq16__page_wmax_k0.25,offline,steps_2_to_5,950,1312,0.3117378048780488,0.2111280487804878,0.4771341463414634,0.1,0.08315789473684211,1.6811566716719648,0.09984756097560976,0.040396341463414635,0.020579268292682928,0.8795731707317073,1.2290076335877862,1.0,166.01526717557252
dominant_freq16__page_wmax_k0.25,offline,steps_2_to_5,950,1312,0.3117378048780488,0.2111280487804878,0.4771341463414634,0.2,0.19052631578947368,1.5656038612798027,0.17530487804878048,0.06859756097560976,0.041920731707317076,0.7827743902439024,1.2043478260869565,1.0,150.24347826086955
dominant_freq16__page_wmax_k0.25,offline,steps_2_to_5,950,1312,0.3117378048780488,0.2111280487804878,0.4771341463414634,0.3,0.2831578947368421,1.4563972142380244,0.2530487804878049,0.10365853658536585,0.06402439024390244,0.6829268292682927,1.1204819277108433,1.0,135.96987951807228
dominant_freq16__page_wmax_k0.25,offline,steps_6_to_10,1124,2308,0.18067590987868284,0.23050259965337955,0.5888214904679376,0.05,0.03825622775800712,2.162051688809728,0.04072790294627383,0.010831889081455806,0.016464471403812825,0.9428076256499134,2.5638297872340425,2.0,283.031914893617
dominant_freq16__page_wmax_k0.25,offline,steps_6_to_10,1124,2308,0.18067590987868284,0.23050259965337955,0.5888214904679376,0.1,0.06761565836298933,2.0620143893149296,0.07582322357019064,0.019064124783362217,0.026863084922010397,0.8973136915077989,2.297142857142857,2.0,261.37142857142857
dominant_freq16__page_wmax_k0.25,offline,steps_6_to_10,1124,2308,0.18067590987868284,0.23050259965337955,0.5888214904679376,0.2,0.18149466192170818,1.8728745935485973,0.18067590987868284,0.0402946273830156,0.053292894280762566,0.7660311958405546,2.306954436450839,2.0,249.39328537170263
dominant_freq16__page_wmax_k0.25,offline,steps_6_to_10,1124,2308,0.18067590987868284,0.23050259965337955,0.5888214904679376,0.3,0.29626334519572955,1.7457471780497273,0.274263431542461,0.0645580589254766,0.08275563258232235,0.6429809358752167,2.2464454976303316,2.0,242.15165876777252
dominant_freq16__page_wmax_k0.25,offline,steps_11_plus,284,822,0.10583941605839416,0.29683698296836986,0.597323600973236,0.2,0.15845070422535212,2.3310418124721717,0.12773722627737227,0.0170316301703163,0.0364963503649635,0.8357664233576643,6.123809523809523,5.0,436.12380952380954
dominant_freq16__page_wmax_k0.25,offline,steps_11_plus,284,822,0.10583941605839416,0.29683698296836986,0.597323600973236,0.3,0.29225352112676056,2.162051688809728,0.2141119221411192,0.027980535279805353,0.06447688564476886,0.7214111922141119,5.409090909090909,5.0,391.22727272727275
dominant_freq16__page_wmax_k0.25,offline,cell=pb_gsm8k_q4,193,207,0.26570048309178745,0.19806763285024154,0.5362318840579711,0.05,0.04145077720207254,1.8234230455470777,0.04830917874396135,0.014492753623188406,0.014492753623188406,0.9371980676328503,2.2,1.5,168.6
dominant_freq16__page_wmax_k0.25,offline,cell=pb_gsm8k_q4,193,207,0.26570048309178745,0.19806763285024154,0.5362318840579711,0.1,0.08808290155440414,1.7101429490085853,0.10144927536231885,0.028985507246376812,0.028985507246376812,0.8695652173913043,1.9523809523809523,1.0,131.23809523809524
dominant_freq16__page_wmax_k0.25,offline,cell=pb_gsm8k_q4,193,207,0.26570048309178745,0.19806763285024154,0.5362318840579711,0.2,0.18134715025906736,1.5935566587760444,0.15942028985507245,0.03864734299516908,0.04830917874396135,0.7922705314009661,1.9393939393939394,1.0,126.60606060606061
dominant_freq16__page_wmax_k0.25,offline,cell=pb_gsm8k_q4,193,207,0.26570048309178745,0.19806763285024154,0.5362318840579711,0.3,0.2694300518134715,1.5060916071379657,0.22705314009661837,0.043478260869565216,0.06280193236714976,0.7101449275362319,1.8297872340425532,1.0,117.61702127659575
dominant_freq16__page_wmax_k0.25,offline,cell=pb_gsm8k_q8,193,207,0.2608695652173913,0.2222222222222222,0.5169082125603864,0.05,0.031088082901554404,1.8728745935485973,0.06763285024154589,0.00966183574879227,0.00966183574879227,0.9227053140096618,2.642857142857143,2.0,192.57142857142858
dominant_freq16__page_wmax_k0.25,offline,cell=pb_gsm8k_q8,193,207,0.2608695652173913,0.2222222222222222,0.5169082125603864,0.1,0.09326424870466321,1.7101429490085853,0.12077294685990338,0.033816425120772944,0.028985507246376812,0.8502415458937198,1.84,1.0,132.88
dominant_freq16__page_wmax_k0.25,offline,cell=pb_gsm8k_q8,193,207,0.2608695652173913,0.2222222222222222,0.5169082125603864,0.2,0.19170984455958548,1.5935566587760444,0.2608695652173913,0.07729468599033816,0.03864734299516908,0.7004830917874396,1.5925925925925926,1.0,110.42592592592592
dominant_freq16__page_wmax_k0.25,offline,cell=pb_gsm8k_q8,193,207,0.2608695652173913,0.2222222222222222,0.5169082125603864,0.3,0.29015544041450775,1.4802574677309566,0.3333333333333333,0.10628019323671498,0.07729468599033816,0.5893719806763285,1.536231884057971,1.0,104.23188405797102
dominant_freq16__page_wmax_k0.25,offline,cell=pb_math_q4,406,594,0.22727272727272727,0.21717171717171718,0.5555555555555556,0.05,0.03201970443349754,2.0620143893149296,0.06902356902356903,0.011784511784511785,0.020202020202020204,0.9107744107744108,3.5609756097560976,2.0,323.5853658536585
dominant_freq16__page_wmax_k0.25,offline,cell=pb_math_q4,406,594,0.22727272727272727,0.21717171717171718,0.5555555555555556,0.1,0.08620689655172414,1.9219604641174601,0.12457912457912458,0.02356902356902357,0.026936026936026935,0.8484848484848485,3.27027027027027,2.0,308.5945945945946
dominant_freq16__page_wmax_k0.25,offline,cell=pb_math_q4,406,594,0.22727272727272727,0.21717171717171718,0.5555555555555556,0.2,0.18472906403940886,1.7457471780497273,0.21717171717171718,0.04713804713804714,0.05555555555555555,0.7272727272727273,2.682170542635659,2.0,247.66666666666666
dominant_freq16__page_wmax_k0.25,offline,cell=pb_math_q4,406,594,0.22727272727272727,0.21717171717171718,0.5555555555555556,0.3,0.29310344827586204,1.623926347598265,0.2962962962962963,0.0723905723905724,0.08249158249158249,0.6212121212121212,2.4431818181818183,2.0,230.0568181818182
dominant_freq16__page_wmax_k0.25,offline,cell=pb_math_q8,406,594,0.2138047138047138,0.21043771043771045,0.5757575757575758,0.05,0.04433497536945813,2.0620143893149296,0.06902356902356903,0.013468013468013467,0.02356902356902357,0.9074074074074074,3.5609756097560976,2.0,304.7560975609756
dominant_freq16__page_wmax_k0.25,offline,cell=pb_math_q8,406,594,0.2138047138047138,0.21043771043771045,0.5757575757575758,0.1,0.0812807881773399,1.9219604641174601,0.11784511784511785,0.025252525252525252,0.026936026936026935,0.8552188552188552,3.2285714285714286,2.0,280.74285714285713
dominant_freq16__page_wmax_k0.25,offline,cell=pb_math_q8,406,594,0.2138047138047138,0.21043771043771045,0.5757575757575758,0.2,0.19950738916256158,1.7101429490085853,0.21885521885521886,0.05387205387205387,0.06228956228956229,0.7188552188552189,2.8,2.0,261.5230769230769
dominant_freq16__page_wmax_k0.25,offline,cell=pb_math_q8,406,594,0.2138047138047138,0.21043771043771045,0.5757575757575758,0.3,0.26354679802955666,1.6511742832236977,0.2676767676767677,0.06228956228956229,0.07407407407407407,0.6582491582491582,2.647798742138365,2.0,244.7987421383648
dominant_freq16__page_wmax_k0.25,offline,cell=pb_olympiadbench_q4,339,661,0.18456883509833585,0.29046898638426627,0.5249621785173979,0.05,0.0471976401179941,2.3310418124721717,0.03328290468986384,0.0045385779122541605,0.01059001512859304,0.9561270801815431,3.9545454545454546,3.0,305.40909090909093
dominant_freq16__page_wmax_k0.25,offline,cell=pb_olympiadbench_q4,339,661,0.18456883509833585,0.29046898638426627,0.5249621785173979,0.1,0.0471976401179941,2.3310418124721717,0.03328290468986384,0.0045385779122541605,0.01059001512859304,0.9561270801815431,3.9545454545454546,3.0,305.40909090909093
dominant_freq16__page_wmax_k0.25,offline,cell=pb_olympiadbench_q4,339,661,0.18456883509833585,0.29046898638426627,0.5249621785173979,0.2,0.18289085545722714,1.9838715152633013,0.1361573373676248,0.028744326777609682,0.057488653555219364,0.8063540090771558,3.111111111111111,2.0,278.6222222222222
dominant_freq16__page_wmax_k0.25,offline,cell=pb_olympiadbench_q4,339,661,0.18456883509833585,0.29046898638426627,0.5249621785173979,0.3,0.29793510324483774,1.8234230455470777,0.22844175491679275,0.049924357034795766,0.10741301059001512,0.6641452344931922,2.76158940397351,2.0,259.9933774834437
dominant_freq16__page_wmax_k0.25,offline,cell=pb_olympiadbench_q8,339,661,0.18910741301059,0.2632375189107413,0.5476550680786687,0.05,0.04424778761061947,2.3310418124721717,0.04387291981845688,0.007564296520423601,0.01059001512859304,0.9455370650529501,4.379310344827586,4.0,346.41379310344826
dominant_freq16__page_wmax_k0.25,offline,cell=pb_olympiadbench_q8,339,661,0.18910741301059,0.2632375189107413,0.5476550680786687,0.1,0.09144542772861357,2.162051688809728,0.07413010590015129,0.01361573373676248,0.030257186081694403,0.8956127080181543,3.8979591836734695,3.0,303.2857142857143
dominant_freq16__page_wmax_k0.25,offline,cell=pb_olympiadbench_q8,339,661,0.18910741301059,0.2632375189107413,0.5476550680786687,0.2,0.168141592920354,1.9838715152633013,0.1361573373676248,0.025718608169440244,0.057488653555219364,0.8063540090771558,3.4555555555555557,2.5,296.7
dominant_freq16__page_wmax_k0.25,offline,cell=pb_olympiadbench_q8,339,661,0.18910741301059,0.2632375189107413,0.5476550680786687,0.3,0.2920353982300885,1.8234230455470777,0.2314674735249622,0.0529500756429652,0.09682299546142209,0.6717095310136157,2.843137254901961,2.0,265.93464052287584
dominant_freq16__page_wmax_k0.25,offline,cell=pb_omnimath_q4,241,759,0.1963109354413702,0.23847167325428195,0.5652173913043478,0.05,0.04564315352697095,2.3310418124721717,0.04479578392621871,0.00922266139657444,0.013175230566534914,0.9420289855072463,6.029411764705882,6.0,456.2647058823529
dominant_freq16__page_wmax_k0.25,offline,cell=pb_omnimath_q4,241,759,0.1963109354413702,0.23847167325428195,0.5652173913043478,0.1,0.0954356846473029,2.162051688809728,0.08300395256916997,0.013175230566534914,0.022397891963109356,0.8945981554677207,5.222222222222222,5.0,411.0952380952381
dominant_freq16__page_wmax_k0.25,offline,cell=pb_omnimath_q4,241,759,0.1963109354413702,0.23847167325428195,0.5652173913043478,0.2,0.1908713692946058,1.9219604641174601,0.1673254281949934,0.026350461133069828,0.05928853754940711,0.7733860342555995,3.937007874015748,3.0,355.1732283464567
dominant_freq16__page_wmax_k0.25,offline,cell=pb_omnimath_q4,241,759,0.1963109354413702,0.23847167325428195,0.5652173913043478,0.3,0.2987551867219917,1.7457471780497273,0.29117259552042163,0.05928853754940711,0.08695652173913043,0.621870882740448,3.416289592760181,3.0,335.50678733031674
dominant_freq16__page_wmax_k0.25,offline,cell=pb_omnimath_q8,241,759,0.19235836627140976,0.21739130434782608,0.5902503293807642,0.05,0.03319502074688797,2.3310418124721717,0.03557312252964427,0.003952569169960474,0.013175230566534914,0.9512516469038208,6.777777777777778,5.0,521.1111111111111
dominant_freq16__page_wmax_k0.25,offline,cell=pb_omnimath_q8,241,759,0.19235836627140976,0.21739130434782608,0.5902503293807642,0.1,0.07053941908713693,2.162051688809728,0.06719367588932806,0.011857707509881422,0.021080368906455864,0.9117259552042161,5.215686274509804,4.0,418.54901960784315
dominant_freq16__page_wmax_k0.25,offline,cell=pb_omnimath_q8,241,759,0.19235836627140976,0.21739130434782608,0.5902503293807642,0.2,0.17012448132780084,1.9219604641174601,0.17654808959156784,0.03162055335968379,0.05401844532279315,0.769433465085639,4.149253731343284,3.0,383.0223880597015
dominant_freq16__page_wmax_k0.25,offline,cell=pb_omnimath_q8,241,759,0.19235836627140976,0.21739130434782608,0.5902503293807642,0.3,0.2946058091286307,1.7837149392327498,0.26745718050065875,0.04743083003952569,0.08300395256916997,0.6495388669301713,3.6551724137931036,3.0,340.6009852216749
dominant_freq16__page_wmax_k1.0,offline,macro8_all,2358,4442,0.15758667266996848,0.7012606933813598,0.14115263394867178,0.05,0.03604749787955895,2.236067977499747,0.0225123818099955,0.004727600180099055,0.0135074290859973,0.9639801891040072,3.54,3.0,295.16
dominant_freq16__page_wmax_k1.0,offline,macro8_all,2358,4442,0.15758667266996848,0.7012606933813598,0.14115263394867178,0.1,0.0640373197625106,2.0,0.0475011256190905,0.010130571814497974,0.028815848716794237,0.9236830256641153,3.175355450236967,2.0,282.042654028436
dominant_freq16__page_wmax_k1.0,offline,macro8_all,2358,4442,0.15758667266996848,0.7012606933813598,0.14115263394867178,0.2,0.17217981340118746,1.6274669424133905,0.10625844214317876,0.03061683926159388,0.06258442143178748,0.8311571364250337,2.4110169491525424,2.0,224.385593220339
dominant_freq16__page_wmax_k1.0,offline,macro8_all,2358,4442,0.15758667266996848,0.7012606933813598,0.14115263394867178,0.3,0.27989821882951654,1.2819926646952797,0.16073840612336784,0.055830706888788835,0.10108059432687978,0.7381809995497524,1.8725490196078431,1.0,176.93557422969187
dominant_freq16__page_wmax_k1.0,offline,steps_2_to_5,950,1312,0.2660060975609756,0.5975609756097561,0.1364329268292683,0.05,0.02631578947368421,1.8491558662287255,0.01676829268292683,0.006097560975609756,0.010670731707317074,0.9725609756097561,1.0909090909090908,1.0,141.5909090909091
dominant_freq16__page_wmax_k1.0,offline,steps_2_to_5,950,1312,0.2660060975609756,0.5975609756097561,0.1364329268292683,0.1,0.09789473684210526,1.6274669424133905,0.054115853658536585,0.022865853658536585,0.03277439024390244,0.913109756097561,1.1690140845070423,1.0,118.73239436619718
dominant_freq16__page_wmax_k1.0,offline,steps_2_to_5,950,1312,0.2660060975609756,0.5975609756097561,0.1364329268292683,0.2,0.18105263157894738,1.4374658709528758,0.10518292682926829,0.04344512195121951,0.052591463414634144,0.8422256097560976,1.0942028985507246,1.0,113.89855072463769
dominant_freq16__page_wmax_k1.0,offline,steps_2_to_5,950,1312,0.2660060975609756,0.5975609756097561,0.1364329268292683,0.3,0.2926315789473684,1.1249053698199896,0.1913109756097561,0.09298780487804878,0.08079268292682927,0.7278963414634146,0.9282868525896414,1.0,89.61354581673307
dominant_freq16__page_wmax_k1.0,offline,steps_6_to_10,1124,2308,0.12348353552859619,0.7361351819757366,0.14038128249566725,0.05,0.03202846975088968,2.236067977499747,0.02123050259965338,0.006065857885615251,0.006499133448873483,0.9722703639514731,2.5510204081632653,2.0,252.71428571428572
dominant_freq16__page_wmax_k1.0,offline,steps_6_to_10,1124,2308,0.12348353552859619,0.7361351819757366,0.14038128249566725,0.1,0.06850533807829182,2.0,0.053726169844020795,0.014298093587521665,0.022530329289428077,0.9237435008665511,2.4274193548387095,2.0,243.38709677419354
dominant_freq16__page_wmax_k1.0,offline,steps_6_to_10,1124,2308,0.12348353552859619,0.7361351819757366,0.14038128249566725,0.2,0.19839857651245552,1.6274669424133905,0.12435008665511266,0.0389948006932409,0.05719237435008666,0.8184575389948007,1.9825783972125435,2.0,203.61672473867597
dominant_freq16__page_wmax_k1.0,offline,steps_6_to_10,1124,2308,0.12348353552859619,0.7361351819757366,0.14038128249566725,0.3,0.2846975088967972,1.2819926646952797,0.1655112651646447,0.05459272097053726,0.1009532062391681,0.7335355285961872,1.8298429319371727,1.0,183.30366492146598
dominant_freq16__page_wmax_k1.0,offline,steps_11_plus,284,822,0.08029197080291971,0.7688564476885644,0.15085158150851583,0.2,0.17253521126760563,2.236067977499747,0.06204379562043796,0.00851581508515815,0.05474452554744526,0.8832116788321168,4.490196078431373,3.0,335.94117647058823
dominant_freq16__page_wmax_k1.0,offline,steps_11_plus,284,822,0.08029197080291971,0.7688564476885644,0.15085158150851583,0.3,0.29577464788732394,1.7320508075688772,0.12652068126520682,0.0170316301703163,0.11192214111922141,0.7615571776155717,4.173076923076923,3.0,339.7980769230769
dominant_freq16__page_wmax_k1.0,offline,cell=pb_gsm8k_q4,193,207,0.2222222222222222,0.5555555555555556,0.2222222222222222,0.05,0.015544041450777202,2.0,0.01932367149758454,0.004830917874396135,0.014492753623188406,0.966183574879227,1.25,1.0,51.75
dominant_freq16__page_wmax_k1.0,offline,cell=pb_gsm8k_q4,193,207,0.2222222222222222,0.5555555555555556,0.2222222222222222,0.1,0.06217616580310881,1.8491558662287255,0.05314009661835749,0.01932367149758454,0.033816425120772944,0.9130434782608695,1.0,1.0,44.18181818181818
dominant_freq16__page_wmax_k1.0,offline,cell=pb_gsm8k_q4,193,207,0.2222222222222222,0.5555555555555556,0.2222222222222222,0.2,0.13471502590673576,1.7320508075688772,0.0821256038647343,0.033816425120772944,0.043478260869565216,0.8743961352657005,1.1764705882352942,1.0,57.0
dominant_freq16__page_wmax_k1.0,offline,cell=pb_gsm8k_q4,193,207,0.2222222222222222,0.5555555555555556,0.2222222222222222,0.3,0.2849740932642487,1.4374658709528758,0.15942028985507245,0.043478260869565216,0.08695652173913043,0.7536231884057971,1.5151515151515151,1.0,83.78787878787878
dominant_freq16__page_wmax_k1.0,offline,cell=pb_gsm8k_q8,193,207,0.22705314009661837,0.5845410628019324,0.18840579710144928,0.05,0.04145077720207254,2.0,0.014492753623188406,0.0,0.00966183574879227,0.9758454106280193,2.6666666666666665,3.0,153.66666666666666
dominant_freq16__page_wmax_k1.0,offline,cell=pb_gsm8k_q8,193,207,0.22705314009661837,0.5845410628019324,0.18840579710144928,0.1,0.08290155440414508,1.8491558662287255,0.03864734299516908,0.014492753623188406,0.024154589371980676,0.9371980676328503,1.875,2.0,111.5
dominant_freq16__page_wmax_k1.0,offline,cell=pb_gsm8k_q8,193,207,0.22705314009661837,0.5845410628019324,0.18840579710144928,0.2,0.18652849740932642,1.6274669424133905,0.0966183574879227,0.043478260869565216,0.04830917874396135,0.855072463768116,1.2,1.0,76.3
dominant_freq16__page_wmax_k1.0,offline,cell=pb_gsm8k_q8,193,207,0.22705314009661837,0.5845410628019324,0.18840579710144928,0.3,0.29533678756476683,1.4374658709528758,0.16908212560386474,0.07729468599033816,0.07729468599033816,0.7536231884057971,1.1714285714285715,1.0,74.2
dominant_freq16__page_wmax_k1.0,offline,cell=pb_math_q4,406,594,0.20033670033670034,0.6464646464646465,0.1531986531986532,0.05,0.029556650246305417,2.236067977499747,0.015151515151515152,0.0016835016835016834,0.010101010101010102,0.9747474747474747,2.3333333333333335,2.0,187.77777777777777
dominant_freq16__page_wmax_k1.0,offline,cell=pb_math_q4,406,594,0.20033670033670034,0.6464646464646465,0.1531986531986532,0.1,0.0960591133004926,1.8491558662287255,0.06902356902356903,0.015151515151515152,0.02861952861952862,0.9023569023569024,2.4878048780487805,2.0,201.8048780487805
dominant_freq16__page_wmax_k1.0,offline,cell=pb_math_q4,406,594,0.20033670033670034,0.6464646464646465,0.1531986531986532,0.2,0.1896551724137931,1.5420340428733736,0.1111111111111111,0.030303030303030304,0.05387205387205387,0.835016835016835,2.3333333333333335,2.0,197.74242424242425
dominant_freq16__page_wmax_k1.0,offline,cell=pb_math_q4,406,594,0.20033670033670034,0.6464646464646465,0.1531986531986532,0.3,0.2955665024630542,1.2126781251818208,0.17003367003367004,0.05387205387205387,0.08922558922558922,0.7407407407407407,1.693069306930693,1.0,141.79207920792078
dominant_freq16__page_wmax_k1.0,offline,cell=pb_math_q8,406,594,0.19528619528619529,0.6717171717171717,0.132996632996633,0.05,0.04187192118226601,2.0,0.03872053872053872,0.008417508417508417,0.020202020202020204,0.9410774410774411,2.652173913043478,2.0,236.3913043478261
dominant_freq16__page_wmax_k1.0,offline,cell=pb_math_q8,406,594,0.19528619528619529,0.6717171717171717,0.132996632996633,0.1,0.0960591133004926,1.7320508075688772,0.06060606060606061,0.015151515151515152,0.03198653198653199,0.9074074074074074,2.5277777777777777,2.0,213.30555555555554
dominant_freq16__page_wmax_k1.0,offline,cell=pb_math_q8,406,594,0.19528619528619529,0.6717171717171717,0.132996632996633,0.2,0.18719211822660098,1.4374658709528758,0.11616161616161616,0.03198653198653199,0.05555555555555555,0.8282828282828283,2.028985507246377,2.0,182.52173913043478
dominant_freq16__page_wmax_k1.0,offline,cell=pb_math_q8,406,594,0.19528619528619529,0.6717171717171717,0.132996632996633,0.3,0.2955665024630542,1.1249053698199896,0.14983164983164984,0.05218855218855219,0.08080808080808081,0.7693602693602694,1.550561797752809,1.0,137.24719101123594
dominant_freq16__page_wmax_k1.0,offline,cell=pb_olympiadbench_q4,339,661,0.11043872919818457,0.7670196671709532,0.12254160363086233,0.1,0.09144542772861357,2.0,0.05143721633888049,0.015128593040847202,0.04387291981845688,0.9046898638426626,2.8823529411764706,2.0,248.55882352941177
dominant_freq16__page_wmax_k1.0,offline,cell=pb_olympiadbench_q4,339,661,0.11043872919818457,0.7670196671709532,0.12254160363086233,0.2,0.1976401179941003,1.5420340428733736,0.1059001512859304,0.030257186081694403,0.09379727685325265,0.800302571860817,2.2714285714285714,2.0,222.61428571428573
dominant_freq16__page_wmax_k1.0,offline,cell=pb_olympiadbench_q4,339,661,0.11043872919818457,0.7670196671709532,0.12254160363086233,0.3,0.2949852507374631,0.8520172484014382,0.14523449319213314,0.060514372163388806,0.16036308623298035,0.6944024205748865,1.4791666666666667,1.0,149.71875
dominant_freq16__page_wmax_k1.0,offline,cell=pb_olympiadbench_q8,339,661,0.11195158850226929,0.7594553706505295,0.12859304084720122,0.1,0.08849557522123894,2.0,0.060514372163388806,0.015128593040847202,0.030257186081694403,0.9092284417549168,3.15,2.0,276.3
dominant_freq16__page_wmax_k1.0,offline,cell=pb_olympiadbench_q8,339,661,0.11195158850226929,0.7594553706505295,0.12859304084720122,0.2,0.17994100294985252,1.5420340428733736,0.13161875945537066,0.028744326777609682,0.0680786686838124,0.800302571860817,2.4022988505747125,2.0,233.4712643678161
dominant_freq16__page_wmax_k1.0,offline,cell=pb_olympiadbench_q8,339,661,0.11195158850226929,0.7594553706505295,0.12859304084720122,0.3,0.2890855457227139,0.02275667793134497,0.08774583963691376,0.059001512859304085,0.19213313161875945,0.7201210287443268,0.6896551724137931,0.0,70.05172413793103
dominant_freq16__page_wmax_k1.0,offline,cell=pb_omnimath_q4,241,759,0.14888010540184454,0.7088274044795784,0.1422924901185771,0.05,0.04564315352697095,2.236067977499747,0.03293807641633729,0.002635046113306983,0.021080368906455864,0.9459815546772069,4.56,4.0,397.28
dominant_freq16__page_wmax_k1.0,offline,cell=pb_omnimath_q4,241,759,0.14888010540184454,0.7088274044795784,0.1422924901185771,0.1,0.07053941908713693,2.0,0.052700922266139656,0.00922266139657444,0.03162055335968379,0.9156785243741765,3.65,3.5,342.925
dominant_freq16__page_wmax_k1.0,offline,cell=pb_omnimath_q4,241,759,0.14888010540184454,0.7088274044795784,0.1422924901185771,0.2,0.1950207468879668,1.6274669424133905,0.11857707509881422,0.03293807641633729,0.07246376811594203,0.8089591567852438,2.6777777777777776,2.0,275.6111111111111
dominant_freq16__page_wmax_k1.0,offline,cell=pb_omnimath_q4,241,759,0.14888010540184454,0.7088274044795784,0.1422924901185771,0.3,0.2946058091286307,1.2819926646952797,0.17523056653491437,0.06455862977602109,0.11067193675889328,0.7140974967061924,1.9473684210526316,1.0,207.17293233082708
dominant_freq16__page_wmax_k1.0,offline,cell=pb_omnimath_q8,241,759,0.14756258234519104,0.7233201581027668,0.12911725955204217,0.1,0.0954356846473029,2.0,0.052700922266139656,0.007905138339920948,0.03293807641633729,0.9143610013175231,3.8,3.0,355.95
dominant_freq16__page_wmax_k1.0,offline,cell=pb_omnimath_q8,241,759,0.14756258234519104,0.7233201581027668,0.12911725955204217,0.2,0.17427385892116182,1.7320508075688772,0.10013175230566534,0.03293807641633729,0.05928853754940711,0.8405797101449275,2.6184210526315788,2.0,266.5394736842105
dominant_freq16__page_wmax_k1.0,offline,cell=pb_omnimath_q8,241,759,0.14756258234519104,0.7233201581027668,0.12911725955204217,0.3,0.2946058091286307,1.3650601556117354,0.15678524374176547,0.057971014492753624,0.10144927536231885,0.7417654808959157,2.1176470588235294,2.0,216.71428571428572
bocpd_p0__page_wmax_k0.25,offline,macro8_all,2358,4442,0.17379558757316524,0.2753264295362449,0.5508779828905899,0.05,0.030534351145038167,2.1799903307757855,0.030166591625393965,0.004727600180099055,0.010130571814497974,0.959702836560108,4.567164179104478,4.0,366.3134328358209
bocpd_p0__page_wmax_k0.25,offline,macro8_all,2358,4442,0.17379558757316524,0.2753264295362449,0.5508779828905899,0.1,0.09711620016963528,1.9098694165618315,0.08599729851418281,0.014182800540297164,0.030166591625393965,0.8838361098604233,3.8089005235602094,3.0,330.0602094240838
bocpd_p0__page_wmax_k0.25,offline,macro8_all,2358,4442,0.17379558757316524,0.2753264295362449,0.5508779828905899,0.2,0.19889737065309585,1.7160070798363145,0.15916253939666816,0.028365601080594327,0.06280954524988744,0.7780279153534444,3.4625176803394626,3.0,317.02121640735504
bocpd_p0__page_wmax_k0.25,offline,macro8_all,2358,4442,0.17379558757316524,0.2753264295362449,0.5508779828905899,0.3,0.2972858354537744,1.5973327368830923,0.22940117064385412,0.04615038271049077,0.08959927960378208,0.6809995497523638,3.0902845927379783,2.0,284.78410206084396
bocpd_p0__page_wmax_k0.25,offline,steps_2_to_5,950,1312,0.24923780487804878,0.2530487804878049,0.49771341463414637,0.05,0.031578947368421054,1.9098694165618315,0.014481707317073171,0.0038109756097560975,0.006859756097560976,0.9786585365853658,2.1578947368421053,2.0,156.68421052631578
bocpd_p0__page_wmax_k0.25,offline,steps_2_to_5,950,1312,0.24923780487804878,0.2530487804878049,0.49771341463414637,0.1,0.07263157894736842,1.759834423543877,0.04420731707317073,0.010670731707317074,0.022865853658536585,0.9329268292682927,1.603448275862069,1.0,145.77586206896552
bocpd_p0__page_wmax_k0.25,offline,steps_2_to_5,950,1312,0.24923780487804878,0.2530487804878049,0.49771341463414637,0.2,0.1936842105263158,1.6347019838495904,0.1288109756097561,0.0350609756097561,0.041158536585365856,0.8300304878048781,1.532544378698225,2.0,132.66863905325442
bocpd_p0__page_wmax_k0.25,offline,steps_2_to_5,950,1312,0.24923780487804878,0.2530487804878049,0.49771341463414637,0.3,0.28526315789473683,1.5301323499759862,0.18673780487804878,0.057164634146341466,0.06478658536585366,0.7484756097560976,1.420408163265306,1.0,123.35918367346939
bocpd_p0__page_wmax_k0.25,offline,steps_6_to_10,1124,2308,0.15381282495667245,0.28119584055459274,0.5649913344887348,0.05,0.0400355871886121,2.1799903307757855,0.02902946273830156,0.005632582322357019,0.007365684575389948,0.9636048526863085,2.7761194029850746,3.0,258.8955223880597
bocpd_p0__page_wmax_k0.25,offline,steps_6_to_10,1124,2308,0.15381282495667245,0.28119584055459274,0.5649913344887348,0.1,0.09341637010676157,2.0090954360610267,0.07582322357019064,0.01169844020797227,0.01993067590987868,0.9042461005199307,2.954285714285714,3.0,269.92
bocpd_p0__page_wmax_k0.25,offline,steps_6_to_10,1124,2308,0.15381282495667245,0.28119584055459274,0.5649913344887348,0.2,0.1708185053380783,1.8297789474588435,0.13518197573656845,0.023830155979202773,0.042027729636048526,0.8227902946273831,2.875,3.0,282.76602564102564
bocpd_p0__page_wmax_k0.25,offline,steps_6_to_10,1124,2308,0.15381282495667245,0.28119584055459274,0.5649913344887348,0.3,0.27669039145907476,1.6759532867319153,0.2097053726169844,0.036395147313691506,0.07712305025996534,0.7131715771230502,2.8512396694214877,3.0,286.24380165289256
bocpd_p0__page_wmax_k0.25,offline,steps_11_plus,284,822,0.10948905109489052,0.2944038929440389,0.5961070559610706,0.1,0.09507042253521127,2.1799903307757855,0.08150851581508516,0.009732360097323601,0.0340632603406326,0.8844282238442822,6.358208955223881,6.0,473.7313432835821
bocpd_p0__page_wmax_k0.25,offline,steps_11_plus,284,822,0.10948905109489052,0.2944038929440389,0.5961070559610706,0.2,0.176056338028169,1.9098694165618315,0.13381995133819952,0.019464720194647202,0.07177615571776155,0.7944038929440389,6.036363636363636,5.0,466.45454545454544
bocpd_p0__page_wmax_k0.25,offline,steps_11_plus,284,822,0.10948905109489052,0.2944038929440389,0.5961070559610706,0.3,0.29577464788732394,1.6759532867319153,0.24209245742092458,0.046228710462287104,0.11557177615571776,0.6423357664233577,5.276381909547739,5.0,432.45226130653265
bocpd_p0__page_wmax_k0.25,offline,cell=pb_gsm8k_q4,193,207,0.2463768115942029,0.15942028985507245,0.5942028985507246,0.05,0.025906735751295335,2.1799903307757855,0.01932367149758454,0.004830917874396135,0.0,0.9806763285024155,2.0,2.5,120.75
bocpd_p0__page_wmax_k0.25,offline,cell=pb_gsm8k_q4,193,207,0.2463768115942029,0.15942028985507245,0.5942028985507246,0.1,0.07253886010362694,2.0090954360610267,0.06763285024154589,0.014492753623188406,0.0,0.9323671497584541,2.2857142857142856,2.5,133.14285714285714
bocpd_p0__page_wmax_k0.25,offline,cell=pb_gsm8k_q4,193,207,0.2463768115942029,0.15942028985507245,0.5942028985507246,0.2,0.18134715025906736,1.8297789474588435,0.10144927536231885,0.014492753623188406,0.004830917874396135,0.893719806763285,2.619047619047619,3.0,139.1904761904762
bocpd_p0__page_wmax_k0.25,offline,cell=pb_gsm8k_q4,193,207,0.2463768115942029,0.15942028985507245,0.5942028985507246,0.3,0.29533678756476683,1.7160070798363145,0.17391304347826086,0.043478260869565216,0.024154589371980676,0.8019323671497585,2.3055555555555554,2.0,119.61111111111111
bocpd_p0__page_wmax_k0.25,offline,cell=pb_gsm8k_q8,193,207,0.2222222222222222,0.1642512077294686,0.6135265700483091,0.05,0.02072538860103627,2.1799903307757855,0.004830917874396135,0.0,0.004830917874396135,0.9903381642512077,3.0,3.0,79.0
bocpd_p0__page_wmax_k0.25,offline,cell=pb_gsm8k_q8,193,207,0.2222222222222222,0.1642512077294686,0.6135265700483091,0.1,0.07253886010362694,2.0090954360610267,0.028985507246376812,0.004830917874396135,0.00966183574879227,0.961352657004831,2.5,2.0,110.5
bocpd_p0__page_wmax_k0.25,offline,cell=pb_gsm8k_q8,193,207,0.2222222222222222,0.1642512077294686,0.6135265700483091,0.2,0.18652849740932642,1.759834423543877,0.12560386473429952,0.028985507246376812,0.01932367149758454,0.855072463768116,2.076923076923077,2.0,102.26923076923077
bocpd_p0__page_wmax_k0.25,offline,cell=pb_gsm8k_q8,193,207,0.2222222222222222,0.1642512077294686,0.6135265700483091,0.3,0.25906735751295334,1.7160070798363145,0.1642512077294686,0.033816425120772944,0.01932367149758454,0.8164251207729468,2.264705882352941,2.0,123.44117647058823
bocpd_p0__page_wmax_k0.25,offline,cell=pb_math_q4,406,594,0.20202020202020202,0.234006734006734,0.563973063973064,0.05,0.029556650246305417,2.1799903307757855,0.02356902356902357,0.0,0.0016835016835016834,0.9747474747474747,5.857142857142857,5.0,435.7142857142857
bocpd_p0__page_wmax_k0.25,offline,cell=pb_math_q4,406,594,0.20202020202020202,0.234006734006734,0.563973063973064,0.1,0.08866995073891626,1.9098694165618315,0.06565656565656566,0.008417508417508417,0.020202020202020204,0.9141414141414141,3.948717948717949,4.0,305.7435897435897
bocpd_p0__page_wmax_k0.25,offline,cell=pb_math_q4,406,594,0.20202020202020202,0.234006734006734,0.563973063973064,0.2,0.19458128078817735,1.6759532867319153,0.14309764309764308,0.021885521885521887,0.050505050505050504,0.8063973063973064,3.458823529411765,3.0,280.6
bocpd_p0__page_wmax_k0.25,offline,cell=pb_math_q4,406,594,0.20202020202020202,0.234006734006734,0.563973063973064,0.3,0.2733990147783251,1.563616750848577,0.2053872053872054,0.03872053872053872,0.06734006734006734,0.7272727272727273,3.1557377049180326,2.0,258.62295081967216
bocpd_p0__page_wmax_k0.25,offline,cell=pb_math_q8,406,594,0.21043771043771045,0.23737373737373738,0.5521885521885522,0.05,0.029556650246305417,2.1799903307757855,0.018518518518518517,0.0016835016835016834,0.003367003367003367,0.9781144781144782,5.2727272727272725,3.0,439.09090909090907
bocpd_p0__page_wmax_k0.25,offline,cell=pb_math_q8,406,594,0.21043771043771045,0.23737373737373738,0.5521885521885522,0.1,0.09359605911330049,1.9098694165618315,0.06228956228956229,0.006734006734006734,0.016835016835016835,0.9208754208754208,4.54054054054054,4.0,383.18918918918916
bocpd_p0__page_wmax_k0.25,offline,cell=pb_math_q8,406,594,0.21043771043771045,0.23737373737373738,0.5521885521885522,0.2,0.1896551724137931,1.7160070798363145,0.12289562289562289,0.021885521885521887,0.03872053872053872,0.8383838383838383,3.6986301369863015,3.0,327.63013698630135
bocpd_p0__page_wmax_k0.25,offline,cell=pb_math_q8,406,594,0.21043771043771045,0.23737373737373738,0.5521885521885522,0.3,0.2832512315270936,1.5973327368830923,0.1919191919191919,0.04377104377104377,0.058922558922558925,0.7491582491582491,3.210526315789474,2.0,276.55263157894734
bocpd_p0__page_wmax_k0.25,offline,cell=pb_olympiadbench_q4,339,661,0.14069591527987896,0.31164901664145234,0.5476550680786687,0.05,0.035398230088495575,2.1799903307757855,0.024205748865355523,0.0030257186081694403,0.012102874432677761,0.9636913767019667,4.625,3.5,316.1875
bocpd_p0__page_wmax_k0.25,offline,cell=pb_olympiadbench_q4,339,661,0.14069591527987896,0.31164901664145234,0.5476550680786687,0.1,0.09144542772861357,1.9098694165618315,0.07564296520423601,0.007564296520423601,0.03177004538577912,0.8925869894099848,4.16,4.0,349.9
bocpd_p0__page_wmax_k0.25,offline,cell=pb_olympiadbench_q4,339,661,0.14069591527987896,0.31164901664145234,0.5476550680786687,0.2,0.1710914454277286,1.759834423543877,0.12405446293494705,0.02118003025718608,0.05446293494704992,0.8214826021180031,3.6097560975609757,3.0,340.0487804878049
bocpd_p0__page_wmax_k0.25,offline,cell=pb_olympiadbench_q4,339,661,0.14069591527987896,0.31164901664145234,0.5476550680786687,0.3,0.26253687315634217,1.6347019838495904,0.19062027231467474,0.03177004538577912,0.07564296520423601,0.7337367624810892,3.2857142857142856,3.0,326.73015873015873
bocpd_p0__page_wmax_k0.25,offline,cell=pb_olympiadbench_q8,339,661,0.16792738275340394,0.2950075642965204,0.5370650529500757,0.05,0.02654867256637168,2.1799903307757855,0.037821482602118005,0.0030257186081694403,0.012102874432677761,0.9500756429652042,5.2,5.0,384.56
bocpd_p0__page_wmax_k0.25,offline,cell=pb_olympiadbench_q8,339,661,0.16792738275340394,0.2950075642965204,0.5370650529500757,0.1,0.09734513274336283,1.9098694165618315,0.0907715582450832,0.01361573373676248,0.037821482602118005,0.8714069591527988,4.366666666666666,4.0,362.1166666666667
bocpd_p0__page_wmax_k0.25,offline,cell=pb_olympiadbench_q8,339,661,0.16792738275340394,0.2950075642965204,0.5370650529500757,0.2,0.18584070796460178,1.7160070798363145,0.17851739788199697,0.03479576399394856,0.07110438729198185,0.7503782148260212,3.6271186440677967,3.0,341.3135593220339
bocpd_p0__page_wmax_k0.25,offline,cell=pb_olympiadbench_q8,339,661,0.16792738275340394,0.2950075642965204,0.5370650529500757,0.3,0.28023598820059,1.5973327368830923,0.24508320726172467,0.05143721633888049,0.1059001512859304,0.649016641452345,3.3641975308641974,3.0,320.7716049382716
bocpd_p0__page_wmax_k0.25,offline,cell=pb_omnimath_q4,241,759,0.16205533596837945,0.29907773386034253,0.538866930171278,0.05,0.04149377593360996,2.1799903307757855,0.04743083003952569,0.00922266139657444,0.015810276679841896,0.9367588932806324,3.8055555555555554,3.0,329.1666666666667
bocpd_p0__page_wmax_k0.25,offline,cell=pb_omnimath_q4,241,759,0.16205533596837945,0.29907773386034253,0.538866930171278,0.1,0.08713692946058091,1.9098694165618315,0.11594202898550725,0.025032938076416336,0.04479578392621871,0.839262187088274,3.4318181818181817,3.0,340.22727272727275
bocpd_p0__page_wmax_k0.25,offline,cell=pb_omnimath_q4,241,759,0.16205533596837945,0.29907773386034253,0.538866930171278,0.2,0.1908713692946058,1.7160070798363145,0.19499341238471674,0.04084321475625823,0.08827404479578392,0.7167325428194994,3.418918918918919,3.0,337.61486486486484
bocpd_p0__page_wmax_k0.25,offline,cell=pb_omnimath_q4,241,759,0.16205533596837945,0.29907773386034253,0.538866930171278,0.3,0.27800829875518673,1.563616750848577,0.2779973649538867,0.061923583662714096,0.1251646903820817,0.5968379446640316,3.1943127962085307,2.0,314.3601895734597
bocpd_p0__page_wmax_k0.25,offline,cell=pb_omnimath_q8,241,759,0.13570487483530963,0.32674571805006586,0.5375494071146245,0.05,0.03319502074688797,2.1799903307757855,0.03557312252964427,0.010540184453227932,0.017127799736495388,0.9472990777338604,4.444444444444445,5.0,410.037037037037
bocpd_p0__page_wmax_k0.25,offline,cell=pb_omnimath_q8,241,759,0.13570487483530963,0.32674571805006586,0.5375494071146245,0.1,0.0995850622406639,1.8297789474588435,0.12911725955204217,0.021080368906455864,0.05533596837944664,0.8155467720685112,3.7653061224489797,3.0,369.7142857142857
bocpd_p0__page_wmax_k0.25,offline,cell=pb_omnimath_q8,241,759,0.13570487483530963,0.32674571805006586,0.5375494071146245,0.2,0.15352697095435686,1.6759532867319153,0.19104084321475626,0.03162055335968379,0.10144927536231885,0.7075098814229249,3.2896551724137932,3.0,333.50344827586207
bocpd_p0__page_wmax_k0.25,offline,cell=pb_omnimath_q8,241,759,0.13570487483530963,0.32674571805006586,0.5375494071146245,0.3,0.2987551867219917,1.5301323499759862,0.2727272727272727,0.04743083003952569,0.152832674571805,0.5744400527009222,3.1207729468599035,3.0,318.8888888888889
bocpd_p0__page_wmax_k1.0,offline,macro8_all,2358,4442,0.17266996848266547,0.28410625844214316,0.5432237730751913,0.05,0.026293469041560644,2.1737935531343644,0.029040972534894193,0.004502476361999099,0.014407924358397118,0.9565511031067087,3.89922480620155,3.0,306.69767441860466
bocpd_p0__page_wmax_k1.0,offline,macro8_all,2358,4442,0.17266996848266547,0.28410625844214316,0.5432237730751913,0.1,0.09923664122137404,1.911034007818165,0.07384061233678524,0.012156686177397569,0.03759567762269248,0.8885637100405223,3.2957317073170733,3.0,271.2408536585366
bocpd_p0__page_wmax_k1.0,offline,macro8_all,2358,4442,0.17266996848266547,0.28410625844214316,0.5432237730751913,0.2,0.19380831212892283,1.7093793747717265,0.1429536244934714,0.02769022962629446,0.07023863124718595,0.7868077442593426,3.1133858267716534,3.0,262.24724409448817
bocpd_p0__page_wmax_k1.0,offline,macro8_all,2358,4442,0.17266996848266547,0.28410625844214316,0.5432237730751913,0.3,0.28413910093299405,1.584659822132559,0.20666366501575867,0.041422782530391715,0.10175596578117965,0.6915803692030617,2.8366013071895426,2.0,245.14705882352942
bocpd_p0__page_wmax_k1.0,offline,steps_2_to_5,950,1312,0.25914634146341464,0.2629573170731707,0.47789634146341464,0.05,0.049473684210526316,1.911034007818165,0.023628048780487805,0.006097560975609756,0.008384146341463415,0.9679878048780488,1.5806451612903225,1.0,116.58064516129032
bocpd_p0__page_wmax_k1.0,offline,steps_2_to_5,950,1312,0.25914634146341464,0.2629573170731707,0.47789634146341464,0.1,0.08526315789473685,1.7577298047378036,0.053353658536585365,0.01600609756097561,0.025914634146341462,0.9207317073170732,1.5285714285714285,1.0,131.4857142857143
bocpd_p0__page_wmax_k1.0,offline,steps_2_to_5,950,1312,0.25914634146341464,0.2629573170731707,0.47789634146341464,0.2,0.1957894736842105,1.6612947316237128,0.11128048780487805,0.03429878048780488,0.039634146341463415,0.8490853658536586,1.3972602739726028,1.0,112.8972602739726
bocpd_p0__page_wmax_k1.0,offline,steps_2_to_5,950,1312,0.25914634146341464,0.2629573170731707,0.47789634146341464,0.3,0.28526315789473683,1.5492904052918093,0.18216463414634146,0.0586890243902439,0.07164634146341463,0.7461890243902439,1.3556485355648535,1.0,110.80334728033473
bocpd_p0__page_wmax_k1.0,offline,steps_6_to_10,1124,2308,0.14861351819757365,0.28942807625649913,0.5619584055459272,0.05,0.04448398576512456,2.1737935531343644,0.03856152512998267,0.008232235701906412,0.014731369150779897,0.9467071057192374,2.651685393258427,3.0,229.46067415730337
bocpd_p0__page_wmax_k1.0,offline,steps_6_to_10,1124,2308,0.14861351819757365,0.28942807625649913,0.5619584055459272,0.1,0.04448398576512456,2.1737935531343644,0.03856152512998267,0.008232235701906412,0.014731369150779897,0.9467071057192374,2.651685393258427,3.0,229.46067415730337
bocpd_p0__page_wmax_k1.0,offline,steps_6_to_10,1124,2308,0.14861351819757365,0.28942807625649913,0.5619584055459272,0.2,0.1708185053380783,1.824490252738449,0.12305025996533796,0.021663778162911613,0.05979202772963605,0.817157712305026,2.795774647887324,3.0,253.45422535211267
bocpd_p0__page_wmax_k1.0,offline,steps_6_to_10,1124,2308,0.14861351819757365,0.28942807625649913,0.5619584055459272,0.3,0.28380782918149466,1.623738914911797,0.20580589254766032,0.03552859618717504,0.1009532062391681,0.6932409012131716,2.7494736842105265,3.0,253.15157894736842
bocpd_p0__page_wmax_k1.0,offline,steps_11_plus,284,822,0.10218978102189781,0.3029197080291971,0.5948905109489051,0.05,0.04225352112676056,2.1737935531343644,0.04866180048661801,0.0012165450121654502,0.0364963503649635,0.9148418491484185,6.675,6.0,478.55
bocpd_p0__page_wmax_k1.0,offline,steps_11_plus,284,822,0.10218978102189781,0.3029197080291971,0.5948905109489051,0.1,0.08450704225352113,1.996823913032801,0.07177615571776155,0.006082725060827251,0.05596107055961071,0.8722627737226277,6.033898305084746,5.0,442.52542372881356
bocpd_p0__page_wmax_k1.0,offline,steps_11_plus,284,822,0.10218978102189781,0.3029197080291971,0.5948905109489051,0.2,0.19718309859154928,1.7093793747717265,0.16180048661800486,0.023114355231143552,0.10462287104622871,0.7335766423357665,5.541353383458647,5.0,407.7368421052632
bocpd_p0__page_wmax_k1.0,offline,steps_11_plus,284,822,0.10218978102189781,0.3029197080291971,0.5948905109489051,0.3,0.29225352112676056,1.5492904052918093,0.2518248175182482,0.049878345498783457,0.14841849148418493,0.5997566909975669,4.173913043478261,4.0,333.5024154589372
bocpd_p0__page_wmax_k1.0,offline,cell=pb_gsm8k_q4,193,207,0.2463768115942029,0.1642512077294686,0.5893719806763285,0.05,0.025906735751295335,2.1737935531343644,0.024154589371980676,0.00966183574879227,0.0,0.9758454106280193,1.2,1.0,63.2
bocpd_p0__page_wmax_k1.0,offline,cell=pb_gsm8k_q4,193,207,0.2463768115942029,0.1642512077294686,0.5893719806763285,0.1,0.025906735751295335,2.1737935531343644,0.024154589371980676,0.00966183574879227,0.0,0.9758454106280193,1.2,1.0,63.2
bocpd_p0__page_wmax_k1.0,offline,cell=pb_gsm8k_q4,193,207,0.2463768115942029,0.1642512077294686,0.5893719806763285,0.2,0.17098445595854922,1.911034007818165,0.11594202898550725,0.028985507246376812,0.014492753623188406,0.8695652173913043,2.0416666666666665,2.0,106.375
bocpd_p0__page_wmax_k1.0,offline,cell=pb_gsm8k_q4,193,207,0.2463768115942029,0.1642512077294686,0.5893719806763285,0.3,0.23316062176165803,1.7577298047378036,0.178743961352657,0.05314009661835749,0.03864734299516908,0.782608695652174,2.054054054054054,2.0,107.05405405405405
bocpd_p0__page_wmax_k1.0,offline,cell=pb_gsm8k_q8,193,207,0.2222222222222222,0.18840579710144928,0.5893719806763285,0.05,0.015544041450777202,2.1737935531343644,0.014492753623188406,0.004830917874396135,0.00966183574879227,0.9758454106280193,1.3333333333333333,1.0,46.0
bocpd_p0__page_wmax_k1.0,offline,cell=pb_gsm8k_q8,193,207,0.2222222222222222,0.18840579710144928,0.5893719806763285,0.1,0.07253886010362694,1.996823913032801,0.057971014492753624,0.01932367149758454,0.01932367149758454,0.9227053140096618,1.3333333333333333,1.0,65.0
bocpd_p0__page_wmax_k1.0,offline,cell=pb_gsm8k_q8,193,207,0.2222222222222222,0.18840579710144928,0.5893719806763285,0.2,0.16580310880829016,1.824490252738449,0.11594202898550725,0.033816425120772944,0.028985507246376812,0.855072463768116,1.5416666666666667,2.0,75.33333333333333
bocpd_p0__page_wmax_k1.0,offline,cell=pb_gsm8k_q8,193,207,0.2222222222222222,0.18840579710144928,0.5893719806763285,0.3,0.21243523316062177,1.7577298047378036,0.15458937198067632,0.043478260869565216,0.043478260869565216,0.8019323671497585,1.625,2.0,87.9375
bocpd_p0__page_wmax_k1.0,offline,cell=pb_math_q4,406,594,0.21885521885521886,0.23232323232323232,0.5488215488215489,0.05,0.024630541871921183,2.1737935531343644,0.018518518518518517,0.0016835016835016834,0.008417508417508417,0.9730639730639731,4.818181818181818,4.0,298.72727272727275
bocpd_p0__page_wmax_k1.0,offline,cell=pb_math_q4,406,594,0.21885521885521886,0.23232323232323232,0.5488215488215489,0.1,0.06896551724137931,1.996823913032801,0.03367003367003367,0.005050505050505051,0.021885521885521887,0.9444444444444444,4.15,4.0,263.6
bocpd_p0__page_wmax_k1.0,offline,cell=pb_math_q4,406,594,0.21885521885521886,0.23232323232323232,0.5488215488215489,0.2,0.16995073891625614,1.7093793747717265,0.10606060606060606,0.011784511784511785,0.05555555555555555,0.8383838383838383,3.746031746031746,3.0,251.8095238095238
bocpd_p0__page_wmax_k1.0,offline,cell=pb_math_q4,406,594,0.21885521885521886,0.23232323232323232,0.5488215488215489,0.3,0.2832512315270936,1.5492904052918093,0.18686868686868688,0.02861952861952862,0.08754208754208755,0.7255892255892256,2.918918918918919,2.0,203.7927927927928
bocpd_p0__page_wmax_k1.0,offline,cell=pb_math_q8,406,594,0.20033670033670034,0.2542087542087542,0.5454545454545454,0.05,0.024630541871921183,2.1737935531343644,0.018518518518518517,0.0016835016835016834,0.011784511784511785,0.9696969696969697,4.363636363636363,3.0,305.72727272727275
bocpd_p0__page_wmax_k1.0,offline,cell=pb_math_q8,406,594,0.20033670033670034,0.2542087542087542,0.5454545454545454,0.1,0.09359605911330049,1.911034007818165,0.05555555555555555,0.006734006734006734,0.026936026936026935,0.9175084175084175,3.6666666666666665,3.0,268.72727272727275
bocpd_p0__page_wmax_k1.0,offline,cell=pb_math_q8,406,594,0.20033670033670034,0.2542087542087542,0.5454545454545454,0.2,0.1896551724137931,1.7093793747717265,0.12626262626262627,0.030303030303030304,0.04882154882154882,0.8249158249158249,2.9466666666666668,2.0,213.29333333333332
bocpd_p0__page_wmax_k1.0,offline,cell=pb_math_q8,406,594,0.20033670033670034,0.2542087542087542,0.5454545454545454,0.3,0.2857142857142857,1.584659822132559,0.1734006734006734,0.04040404040404041,0.06565656565656566,0.7609427609427609,2.679611650485437,2.0,203.75728155339806
bocpd_p0__page_wmax_k1.0,offline,cell=pb_olympiadbench_q4,339,661,0.13010590015128592,0.329803328290469,0.540090771558245,0.05,0.029498525073746312,2.1737935531343644,0.02723146747352496,0.0,0.01059001512859304,0.962178517397882,4.777777777777778,4.5,402.6666666666667
bocpd_p0__page_wmax_k1.0,offline,cell=pb_olympiadbench_q4,339,661,0.13010590015128592,0.329803328290469,0.540090771558245,0.1,0.0855457227138643,1.911034007818165,0.06202723146747353,0.0045385779122541605,0.03328290468986384,0.9046898638426626,3.8292682926829267,4.0,353.0731707317073
bocpd_p0__page_wmax_k1.0,offline,cell=pb_olympiadbench_q4,339,661,0.13010590015128592,0.329803328290469,0.540090771558245,0.2,0.19174041297935104,1.6612947316237128,0.12859304084720122,0.018154311649016642,0.08018154311649017,0.7912254160363086,3.0588235294117645,3.0,287.3411764705882
bocpd_p0__page_wmax_k1.0,offline,cell=pb_olympiadbench_q4,339,661,0.13010590015128592,0.329803328290469,0.540090771558245,0.3,0.2949852507374631,1.5181116573758795,0.19062027231467474,0.028744326777609682,0.13161875945537066,0.6777609682299546,3.119047619047619,3.0,287.4047619047619
bocpd_p0__page_wmax_k1.0,offline,cell=pb_olympiadbench_q8,339,661,0.15128593040847202,0.30559757942511345,0.5431164901664145,0.05,0.02359882005899705,2.1737935531343644,0.030257186081694403,0.0,0.015128593040847202,0.9546142208774584,5.65,5.0,420.4
bocpd_p0__page_wmax_k1.0,offline,cell=pb_olympiadbench_q8,339,661,0.15128593040847202,0.30559757942511345,0.5431164901664145,0.1,0.07669616519174041,1.911034007818165,0.059001512859304085,0.006051437216338881,0.03479576399394856,0.9062027231467473,3.769230769230769,4.0,319.6923076923077
bocpd_p0__page_wmax_k1.0,offline,cell=pb_olympiadbench_q8,339,661,0.15128593040847202,0.30559757942511345,0.5431164901664145,0.2,0.1887905604719764,1.6612947316237128,0.1437216338880484,0.030257186081694403,0.08623298033282904,0.7700453857791225,3.136842105263158,3.0,285.09473684210525
bocpd_p0__page_wmax_k1.0,offline,cell=pb_olympiadbench_q8,339,661,0.15128593040847202,0.30559757942511345,0.5431164901664145,0.3,0.27728613569321536,1.5492904052918093,0.2087745839636914,0.049924357034795766,0.11346444780635401,0.6777609682299546,3.181159420289855,3.0,295.0507246376812
bocpd_p0__page_wmax_k1.0,offline,cell=pb_omnimath_q4,241,759,0.16337285902503293,0.310935441370224,0.525691699604743,0.05,0.03734439834024896,2.1737935531343644,0.0461133069828722,0.010540184453227932,0.023715415019762844,0.930171277997365,2.942857142857143,3.0,261.65714285714284
bocpd_p0__page_wmax_k1.0,offline,cell=pb_omnimath_q4,241,759,0.16337285902503293,0.310935441370224,0.525691699604743,0.1,0.06224066390041494,1.911034007818165,0.10276679841897234,0.023715415019762844,0.05533596837944664,0.841897233201581,3.0256410256410255,3.0,278.43589743589746
bocpd_p0__page_wmax_k1.0,offline,cell=pb_omnimath_q4,241,759,0.16337285902503293,0.310935441370224,0.525691699604743,0.2,0.18672199170124482,1.6612947316237128,0.1976284584980237,0.04743083003952569,0.1067193675889328,0.6956521739130435,3.1133333333333333,3.0,285.82
bocpd_p0__page_wmax_k1.0,offline,cell=pb_omnimath_q4,241,759,0.16337285902503293,0.310935441370224,0.525691699604743,0.3,0.2987551867219917,1.5181116573758795,0.2635046113306983,0.06324110671936758,0.15019762845849802,0.5862977602108037,2.59,2.0,259.535
bocpd_p0__page_wmax_k1.0,offline,cell=pb_omnimath_q8,241,759,0.14624505928853754,0.3214756258234519,0.5322793148880105,0.05,0.04564315352697095,1.996823913032801,0.06719367588932806,0.011857707509881422,0.034255599472990776,0.8985507246376812,3.803921568627451,3.0,318.80392156862746
bocpd_p0__page_wmax_k1.0,offline,cell=pb_omnimath_q8,241,759,0.14624505928853754,0.3214756258234519,0.5322793148880105,0.1,0.0995850622406639,1.824490252738449,0.11067193675889328,0.017127799736495388,0.07114624505928854,0.8181818181818182,3.4047619047619047,3.0,320.7738095238095
bocpd_p0__page_wmax_k1.0,offline,cell=pb_omnimath_q8,241,759,0.14624505928853754,0.3214756258234519,0.5322793148880105,0.2,0.1908713692946058,1.6612947316237128,0.18050065876152832,0.028985507246376812,0.10144927536231885,0.7180500658761528,3.218978102189781,3.0,317.04379562043795
bocpd_p0__page_wmax_k1.0,offline,cell=pb_omnimath_q8,241,759,0.14624505928853754,0.3214756258234519,0.5322793148880105,0.3,0.27800829875518673,1.5181116573758795,0.25691699604743085,0.04216073781291173,0.152832674571805,0.5902503293807642,2.9076923076923076,2.0,293.6307692307692
q15_H1__top5_causal,causal,macro8_all,2358,4442,0.28883385862224226,0.37663214768122466,0.3345339936965331,0.05,0.02586938083121289,5.043254306037251,0.021837010355695633,0.010130571814497974,0.013957676722197209,0.9642053129221072,2.4123711340206184,1.0,295.92783505154637
q15_H1__top5_causal,causal,macro8_all,2358,4442,0.28883385862224226,0.37663214768122466,0.3345339936965331,0.1,0.09457167090754877,4.390211299027484,0.07991895542548402,0.035794687077892844,0.04975236380009005,0.8703286807744259,2.2140845070422537,1.0,258.712676056338
q15_H1__top5_causal,causal,macro8_all,2358,4442,0.28883385862224226,0.37663214768122466,0.3345339936965331,0.2,0.18659881255301103,4.003925429429503,0.1375506528590725,0.06641152633948672,0.10941017559657812,0.7530391715443494,2.016366612111293,1.0,210.07364975450082
q15_H1__top5_causal,causal,macro8_all,2358,4442,0.28883385862224226,0.37663214768122466,0.3345339936965331,0.3,0.29346904156064463,3.693229569289002,0.19630796938316075,0.10198108959927961,0.18887888338586223,0.614813147230977,1.7568807339449541,0.0,170.60091743119267
q15_H1__top5_causal,causal,steps_2_to_5,950,1312,0.4032012195121951,0.3048780487804878,0.2919207317073171,0.05,0.04631578947368421,4.390211299027484,0.052591463414634144,0.035823170731707314,0.023628048780487805,0.9237804878048781,0.4492753623188406,0.0,85.79710144927536
q15_H1__top5_causal,causal,steps_2_to_5,950,1312,0.4032012195121951,0.3048780487804878,0.2919207317073171,0.1,0.09578947368421052,4.059535952461789,0.08765243902439024,0.057164634146341466,0.040396341463414635,0.8719512195121951,0.48695652173913045,0.0,78.55652173913043
q15_H1__top5_causal,causal,steps_2_to_5,950,1312,0.4032012195121951,0.3048780487804878,0.2919207317073171,0.2,0.19473684210526315,3.6300424715603388,0.16996951219512196,0.11432926829268293,0.10899390243902439,0.7210365853658537,0.47533632286995514,0.0,54.81614349775785
q15_H1__top5_causal,causal,steps_2_to_5,950,1312,0.4032012195121951,0.3048780487804878,0.2919207317073171,0.3,0.29473684210526313,3.3563361813015935,0.2339939024390244,0.15625,0.18902439024390244,0.5769817073170732,0.511400651465798,0.0,55.62540716612378
q15_H1__top5_causal,causal,steps_6_to_10,1124,2308,0.2586655112651646,0.42157712305025996,0.3197573656845754,0.05,0.028469750889679714,5.043254306037251,0.02079722703639515,0.010831889081455806,0.011265164644714038,0.9679376083188909,1.75,0.0,288.7916666666667
q15_H1__top5_causal,causal,steps_6_to_10,1124,2308,0.2586655112651646,0.42157712305025996,0.3197573656845754,0.1,0.09430604982206406,4.390211299027484,0.07062391681109186,0.029462738301559793,0.04722703639514731,0.8821490467937608,1.6319018404907975,1.0,275.0
q15_H1__top5_causal,causal,steps_6_to_10,1124,2308,0.2586655112651646,0.42157712305025996,0.3197573656845754,0.2,0.18505338078291814,4.003925429429503,0.12521663778162911,0.06499133448873484,0.11481802426343155,0.7599653379549394,1.3494809688581315,0.0,200.55017301038063
q15_H1__top5_causal,causal,steps_6_to_10,1124,2308,0.2586655112651646,0.42157712305025996,0.3197573656845754,0.3,0.2891459074733096,3.769310746650334,0.16594454072790293,0.09228769497400346,0.18284228769497402,0.651213171577123,1.2663185378590078,0.0,170.80678851174935
q15_H1__top5_causal,causal,steps_11_plus,284,822,0.19099756690997566,0.36496350364963503,0.4440389294403893,0.1,0.08098591549295775,5.043254306037251,0.04866180048661801,0.019464720194647202,0.0267639902676399,0.9245742092457421,3.55,1.5,327.425
q15_H1__top5_causal,causal,steps_11_plus,284,822,0.19099756690997566,0.36496350364963503,0.4440389294403893,0.2,0.1443661971830986,4.738557453533185,0.08880778588807786,0.031630170316301706,0.046228710462287104,0.864963503649635,4.219178082191781,2.0,339.958904109589
q15_H1__top5_causal,causal,steps_11_plus,284,822,0.19099756690997566,0.36496350364963503,0.4440389294403893,0.3,0.25704225352112675,4.390211299027484,0.14963503649635038,0.0535279805352798,0.09854014598540146,0.7518248175182481,3.975609756097561,2.0,334.130081300813
q15_H1__top5_causal,causal,cell=pb_gsm8k_q4,193,207,0.4444444444444444,0.25120772946859904,0.30434782608695654,0.05,0.046632124352331605,3.469047573610814,0.14009661835748793,0.07729468599033816,0.028985507246376812,0.8309178743961353,1.4482758620689655,0.0,113.75862068965517
q15_H1__top5_causal,causal,cell=pb_gsm8k_q4,193,207,0.4444444444444444,0.25120772946859904,0.30434782608695654,0.1,0.09844559585492228,3.3179805140494256,0.21256038647342995,0.11594202898550725,0.04830917874396135,0.7391304347826086,1.2272727272727273,0.0,91.54545454545455
q15_H1__top5_causal,causal,cell=pb_gsm8k_q4,193,207,0.4444444444444444,0.25120772946859904,0.30434782608695654,0.2,0.18652849740932642,3.0823870959631545,0.30917874396135264,0.2028985507246377,0.07246376811594203,0.6183574879227053,0.90625,0.0,70.609375
q15_H1__top5_causal,causal,cell=pb_gsm8k_q4,193,207,0.4444444444444444,0.25120772946859904,0.30434782608695654,0.3,0.29533678756476683,2.9249016829970604,0.391304347826087,0.2560386473429952,0.11594202898550725,0.4927536231884058,0.8271604938271605,0.0,62.098765432098766
q15_H1__top5_causal,causal,cell=pb_gsm8k_q8,193,207,0.4492753623188406,0.2463768115942029,0.30434782608695654,0.05,0.046632124352331605,3.3563361813015935,0.15942028985507245,0.08695652173913043,0.00966183574879227,0.8309178743961353,1.303030303030303,0.0,99.66666666666667
q15_H1__top5_causal,causal,cell=pb_gsm8k_q8,193,207,0.4492753623188406,0.2463768115942029,0.30434782608695654,0.1,0.09326424870466321,3.1628577740086388,0.2318840579710145,0.12560386473429952,0.03864734299516908,0.7294685990338164,1.25,0.0,93.60416666666667
q15_H1__top5_causal,causal,cell=pb_gsm8k_q8,193,207,0.4492753623188406,0.2463768115942029,0.30434782608695654,0.2,0.18652849740932642,2.911706375954739,0.3140096618357488,0.18357487922705315,0.07246376811594203,0.6135265700483091,1.0,0.0,74.8
q15_H1__top5_causal,causal,cell=pb_gsm8k_q8,193,207,0.4492753623188406,0.2463768115942029,0.30434782608695654,0.3,0.29533678756476683,2.8008794752595154,0.3671497584541063,0.24154589371980675,0.10628019323671498,0.5265700483091788,0.8421052631578947,0.0,60.5
q15_H1__top5_causal,causal,cell=pb_math_q4,406,594,0.30303030303030304,0.30134680134680136,0.3956228956228956,0.05,0.04433497536945813,4.738557453533185,0.03367003367003367,0.015151515151515152,0.018518518518518517,0.9478114478114478,2.1,1.5,262.35
q15_H1__top5_causal,causal,cell=pb_math_q4,406,594,0.30303030303030304,0.30134680134680136,0.3956228956228956,0.1,0.0960591133004926,4.28612571120747,0.10942760942760943,0.04208754208754209,0.03535353535353535,0.8552188552188552,2.246153846153846,1.0,245.73846153846154
q15_H1__top5_causal,causal,cell=pb_math_q4,406,594,0.30303030303030304,0.30134680134680136,0.3956228956228956,0.2,0.19458128078817735,3.807133278418808,0.21885521885521886,0.09090909090909091,0.1111111111111111,0.67003367003367,2.076923076923077,1.0,200.96153846153845
q15_H1__top5_causal,causal,cell=pb_math_q4,406,594,0.30303030303030304,0.30134680134680136,0.3956228956228956,0.3,0.29064039408866993,3.542165708395966,0.2760942760942761,0.12626262626262627,0.1936026936026936,0.5303030303030303,1.579268292682927,1.0,144.83536585365854
q15_H1__top5_causal,causal,cell=pb_math_q8,406,594,0.2996632996632997,0.30303030303030304,0.39730639730639733,0.05,0.046798029556650245,4.738557453533185,0.03367003367003367,0.011784511784511785,0.021885521885521887,0.9444444444444444,2.5,2.0,316.4
q15_H1__top5_causal,causal,cell=pb_math_q8,406,594,0.2996632996632997,0.30303030303030304,0.39730639730639733,0.1,0.09359605911330049,4.28612571120747,0.10101010101010101,0.04040404040404041,0.04377104377104377,0.8552188552188552,2.433333333333333,1.0,263.15
q15_H1__top5_causal,causal,cell=pb_math_q8,406,594,0.2996632996632997,0.30303030303030304,0.39730639730639733,0.2,0.19704433497536947,3.85298813389538,0.19865319865319866,0.09427609427609428,0.09427609427609428,0.7070707070707071,2.016949152542373,1.0,197.46610169491527
q15_H1__top5_causal,causal,cell=pb_math_q8,406,594,0.2996632996632997,0.30303030303030304,0.39730639730639733,0.3,0.2881773399014778,3.599271079300392,0.2441077441077441,0.11952861952861953,0.15656565656565657,0.5993265993265994,1.5379310344827586,1.0,148.70344827586206
q15_H1__top5_causal,causal,cell=pb_olympiadbench_q4,339,661,0.25416036308623297,0.4357034795763994,0.3101361573373676,0.05,0.029498525073746312,5.043254306037251,0.03328290468986384,0.018154311649016642,0.019667170953101363,0.9470499243570348,2.1363636363636362,0.0,232.77272727272728
q15_H1__top5_causal,causal,cell=pb_olympiadbench_q4,339,661,0.25416036308623297,0.4357034795763994,0.3101361573373676,0.1,0.09734513274336283,4.521764772971888,0.08018154311649017,0.03328290468986384,0.059001512859304085,0.8608169440242057,2.69811320754717,1.0,309.7358490566038
q15_H1__top5_causal,causal,cell=pb_olympiadbench_q4,339,661,0.25416036308623297,0.4357034795763994,0.3101361573373676,0.2,0.1887905604719764,4.198283713087705,0.11497730711043873,0.059001512859304085,0.11346444780635401,0.7715582450832073,2.013157894736842,0.0,233.25
q15_H1__top5_causal,causal,cell=pb_olympiadbench_q4,339,661,0.25416036308623297,0.4357034795763994,0.3101361573373676,0.3,0.2831858407079646,4.003925429429503,0.14826021180030258,0.08472012102874432,0.15431164901664146,0.697428139183056,2.0714285714285716,0.0,209.24489795918367
q15_H1__top5_causal,causal,cell=pb_olympiadbench_q8,339,661,0.26021180030257185,0.4341906202723147,0.30559757942511345,0.05,0.029498525073746312,5.043254306037251,0.024205748865355523,0.01664145234493192,0.019667170953101363,0.9561270801815431,1.625,0.0,214.125
q15_H1__top5_causal,causal,cell=pb_olympiadbench_q8,339,661,0.26021180030257185,0.4341906202723147,0.30559757942511345,0.1,0.0943952802359882,4.521764772971888,0.08169440242057488,0.039334341906202726,0.060514372163388806,0.8577912254160364,2.388888888888889,1.0,279.1666666666667
q15_H1__top5_causal,causal,cell=pb_olympiadbench_q8,339,661,0.26021180030257185,0.4341906202723147,0.30559757942511345,0.2,0.1887905604719764,4.198283713087705,0.12556732223903178,0.06202723146747353,0.11497730711043873,0.7594553706505295,2.1566265060240966,1.0,248.66265060240963
q15_H1__top5_causal,causal,cell=pb_olympiadbench_q8,339,661,0.26021180030257185,0.4341906202723147,0.30559757942511345,0.3,0.2743362831858407,4.003925429429503,0.14674735249621784,0.07715582450832073,0.14977307110438728,0.7034795763993948,1.907216494845361,0.0,202.93814432989691
q15_H1__top5_causal,causal,cell=pb_omnimath_q4,241,759,0.27931488801054016,0.4137022397891963,0.3069828722002635,0.05,0.04979253112033195,5.043254306037251,0.023715415019762844,0.00922266139657444,0.013175230566534914,0.9631093544137023,2.7222222222222223,1.0,392.27777777777777
q15_H1__top5_causal,causal,cell=pb_omnimath_q4,241,759,0.27931488801054016,0.4137022397891963,0.3069828722002635,0.1,0.0954356846473029,4.521764772971888,0.061923583662714096,0.03162055335968379,0.03162055335968379,0.9064558629776021,1.6382978723404256,0.0,199.04255319148936
q15_H1__top5_causal,causal,cell=pb_omnimath_q4,241,759,0.27931488801054016,0.4137022397891963,0.3069828722002635,0.2,0.1908713692946058,4.198283713087705,0.10408432147562582,0.0461133069828722,0.08300395256916997,0.8129117259552042,1.7848101265822784,1.0,219.74683544303798
q15_H1__top5_causal,causal,cell=pb_omnimath_q4,241,759,0.27931488801054016,0.4137022397891963,0.3069828722002635,0.3,0.2863070539419087,3.9515860229785966,0.15019762845849802,0.07509881422924901,0.14097496706192358,0.7088274044795784,1.7982456140350878,0.5,194.87719298245614
q15_H1__top5_causal,causal,cell=pb_omnimath_q8,241,759,0.24769433465085638,0.42424242424242425,0.32806324110671936,0.05,0.03734439834024896,5.043254306037251,0.023715415019762844,0.006587615283267457,0.015810276679841896,0.9604743083003953,3.6666666666666665,2.0,392.77777777777777
q15_H1__top5_causal,causal,cell=pb_omnimath_q8,241,759,0.24769433465085638,0.42424242424242425,0.32806324110671936,0.1,0.0954356846473029,4.521764772971888,0.06982872200263504,0.03162055335968379,0.03557312252964427,0.8945981554677207,2.2264150943396226,1.0,243.49056603773585
q15_H1__top5_causal,causal,cell=pb_omnimath_q8,241,759,0.24769433465085638,0.42424242424242425,0.32806324110671936,0.2,0.1908713692946058,4.198283713087705,0.09749670619235837,0.04084321475625823,0.08695652173913043,0.8155467720685112,2.0945945945945947,1.0,250.56756756756758
q15_H1__top5_causal,causal,cell=pb_omnimath_q8,241,759,0.24769433465085638,0.42424242424242425,0.32806324110671936,0.3,0.2987551867219917,3.899736832464048,0.1383399209486166,0.077733860342556,0.14756258234519104,0.7140974967061924,1.4952380952380953,0.0,161.22857142857143
q15_H1__page_wmax_causal,causal,macro8_all,2358,4442,0.25484016208914906,0.2937865826204412,0.4513732552904097,0.05,0.04368108566581849,40.670361565942414,0.09072489869428185,0.025213867627194957,0.01846015308419631,0.8908149482215219,3.198511166253102,2.0,344.52357320099253
q15_H1__page_wmax_causal,causal,macro8_all,2358,4442,0.25484016208914906,0.2937865826204412,0.4513732552904097,0.1,0.09541984732824428,31.995408036005134,0.14723097703737056,0.045475011256190905,0.03669518235029266,0.8160738406123368,2.7920489296636086,2.0,305.1941896024465
q15_H1__page_wmax_causal,causal,macro8_all,2358,4442,0.25484016208914906,0.2937865826204412,0.4513732552904097,0.2,0.19974554707379136,22.961811216688385,0.24335884736605132,0.08262044124268347,0.11211166141377758,0.6445294912201711,2.3098982423681775,1.0,248.66142460684551
q15_H1__page_wmax_causal,causal,macro8_all,2358,4442,0.25484016208914906,0.2937865826204412,0.4513732552904097,0.3,0.28541136556403734,19.417358962886368,0.2940117064385412,0.11256190904997748,0.16681674921206663,0.5391715443493922,2.04364471669219,1.0,215.13399693721286
q15_H1__page_wmax_causal,causal,steps_2_to_5,950,1312,0.38185975609756095,0.2507621951219512,0.3673780487804878,0.05,0.04421052631578947,25.41118152145936,0.07621951219512195,0.0350609756097561,0.027439024390243903,0.8963414634146342,0.75,1.0,125.93
q15_H1__page_wmax_causal,causal,steps_2_to_5,950,1312,0.38185975609756095,0.2507621951219512,0.3673780487804878,0.1,0.09157894736842105,20.995097126908522,0.1326219512195122,0.07164634146341463,0.04649390243902439,0.8208841463414634,0.6839080459770115,0.0,107.66091954022988
q15_H1__page_wmax_causal,causal,steps_2_to_5,950,1312,0.38185975609756095,0.2507621951219512,0.3673780487804878,0.2,0.1957894736842105,16.719055364939052,0.2027439024390244,0.12042682926829268,0.09679878048780488,0.7004573170731707,0.631578947368421,0.0,88.28195488721805
q15_H1__page_wmax_causal,causal,steps_2_to_5,950,1312,0.38185975609756095,0.2507621951219512,0.3673780487804878,0.3,0.3,13.600395137083591,0.28125,0.1714939024390244,0.15091463414634146,0.5678353658536586,0.6395663956639567,0.0,81.21951219512195
q15_H1__page_wmax_causal,causal,steps_6_to_10,1124,2308,0.22140381282495666,0.33882149046793764,0.43977469670710573,0.05,0.04804270462633452,40.670361565942414,0.08102253032928942,0.024696707105719237,0.016464471403812825,0.9025129982668978,2.1390374331550803,2.0,323.4919786096257
q15_H1__page_wmax_causal,causal,steps_6_to_10,1124,2308,0.22140381282495666,0.33882149046793764,0.43977469670710573,0.1,0.09252669039145907,34.298567642855986,0.11611785095320624,0.04072790294627383,0.03162911611785095,0.8522530329289428,2.048507462686567,1.0,298.64925373134326
q15_H1__page_wmax_causal,causal,steps_6_to_10,1124,2308,0.22140381282495666,0.33882149046793764,0.43977469670710573,0.2,0.19217081850533807,24.496660812739044,0.2365684575389948,0.08362218370883882,0.09358752166377816,0.669844020797227,1.8626373626373627,1.0,242.2930402930403
q15_H1__page_wmax_causal,causal,steps_6_to_10,1124,2308,0.22140381282495666,0.33882149046793764,0.43977469670710573,0.3,0.29804270462633453,19.892815770444233,0.30719237435008667,0.11915077989601386,0.16767764298093588,0.5251299826689775,1.691114245416079,1.0,210.63751763046545
q15_H1__page_wmax_causal,causal,steps_11_plus,284,822,0.145985401459854,0.2360097323600973,0.6180048661800487,0.05,0.028169014084507043,66.01090552664287,0.08150851581508516,0.012165450121654502,0.00851581508515815,0.9099756690997567,4.537313432835821,3.0,415.56716417910445
q15_H1__page_wmax_causal,causal,steps_11_plus,284,822,0.145985401459854,0.2360097323600973,0.6180048661800487,0.1,0.07042253521126761,52.88514098550573,0.12895377128953772,0.024330900243309004,0.021897810218978103,0.8491484184914841,4.547169811320755,3.0,388.6698113207547
q15_H1__page_wmax_causal,causal,steps_11_plus,284,822,0.145985401459854,0.2360097323600973,0.6180048661800487,0.2,0.15845070422535212,40.670361565942414,0.24574209245742093,0.05596107055961071,0.0413625304136253,0.7128953771289538,4.361386138613861,4.0,375.9504950495049
q15_H1__page_wmax_causal,causal,steps_11_plus,284,822,0.145985401459854,0.2360097323600973,0.6180048661800487,0.3,0.29577464788732394,31.995408036005134,0.33941605839416056,0.0851581508515815,0.07420924574209246,0.5863746958637469,4.010752688172043,3.0,344.10035842293905
q15_H1__page_wmax_causal,causal,cell=pb_gsm8k_q4,193,207,0.37681159420289856,0.24154589371980675,0.38164251207729466,0.05,0.046632124352331605,17.664999562005967,0.13043478260869565,0.05314009661835749,0.004830917874396135,0.8647342995169082,1.7777777777777777,1.0,150.1851851851852
q15_H1__page_wmax_causal,causal,cell=pb_gsm8k_q4,193,207,0.37681159420289856,0.24154589371980675,0.38164251207729466,0.1,0.09844559585492228,14.975748810513458,0.178743961352657,0.08695652173913043,0.01932367149758454,0.8019323671497585,1.5675675675675675,1.0,123.56756756756756
q15_H1__page_wmax_causal,causal,cell=pb_gsm8k_q4,193,207,0.37681159420289856,0.24154589371980675,0.38164251207729466,0.2,0.18134715025906736,12.443146532415987,0.2608695652173913,0.1111111111111111,0.07729468599033816,0.6618357487922706,1.4814814814814814,1.0,108.14814814814815
q15_H1__page_wmax_causal,causal,cell=pb_gsm8k_q4,193,207,0.37681159420289856,0.24154589371980675,0.38164251207729466,0.3,0.29533678756476683,10.405115512154145,0.32367149758454106,0.18357487922705315,0.13043478260869565,0.5458937198067633,1.1044776119402986,0.0,74.91044776119404
q15_H1__page_wmax_causal,causal,cell=pb_gsm8k_q8,193,207,0.3671497584541063,0.2753623188405797,0.357487922705314,0.05,0.04145077720207254,17.664999562005967,0.1497584541062802,0.057971014492753624,0.00966183574879227,0.8405797101449275,1.967741935483871,1.0,150.8709677419355
q15_H1__page_wmax_causal,causal,cell=pb_gsm8k_q8,193,207,0.3671497584541063,0.2753623188405797,0.357487922705314,0.1,0.09844559585492228,15.237862518418135,0.22705314009661837,0.09178743961352658,0.024154589371980676,0.748792270531401,1.8085106382978724,1.0,129.7659574468085
q15_H1__page_wmax_causal,causal,cell=pb_gsm8k_q8,193,207,0.3671497584541063,0.2753623188405797,0.357487922705314,0.2,0.19170984455958548,12.619936434966801,0.24154589371980675,0.11594202898550725,0.06280193236714976,0.6956521739130435,1.42,1.0,99.24
q15_H1__page_wmax_causal,causal,cell=pb_gsm8k_q8,193,207,0.3671497584541063,0.2753623188405797,0.357487922705314,0.3,0.2849740932642487,11.080038455751097,0.34299516908212563,0.18357487922705315,0.09178743961352658,0.5652173913043478,1.1830985915492958,0.0,80.28169014084507
q15_H1__page_wmax_causal,causal,cell=pb_math_q4,406,594,0.2558922558922559,0.2777777777777778,0.4663299663299663,0.05,0.04187192118226601,31.995408036005134,0.09932659932659933,0.03198653198653199,0.02356902356902357,0.877104377104377,3.016949152542373,3.0,317.8474576271187
q15_H1__page_wmax_causal,causal,cell=pb_math_q4,406,594,0.2558922558922559,0.2777777777777778,0.4663299663299663,0.1,0.09852216748768473,24.496660812739044,0.18013468013468015,0.04882154882154882,0.06228956228956229,0.7575757575757576,2.5046728971962615,2.0,269.1775700934579
q15_H1__page_wmax_causal,causal,cell=pb_math_q4,406,594,0.2558922558922559,0.2777777777777778,0.4663299663299663,0.2,0.1921182266009852,19.417358962886368,0.26936026936026936,0.10101010101010101,0.1127946127946128,0.6178451178451179,2.0875,1.0,202.83125
q15_H1__page_wmax_causal,causal,cell=pb_math_q4,406,594,0.2558922558922559,0.2777777777777778,0.4663299663299663,0.3,0.29064039408866993,16.719055364939052,0.3164983164983165,0.12794612794612795,0.15824915824915825,0.5252525252525253,1.898936170212766,1.0,181.54255319148936
q15_H1__page_wmax_causal,causal,cell=pb_math_q8,406,594,0.2609427609427609,0.25084175084175087,0.4882154882154882,0.05,0.04926108374384237,31.995408036005134,0.12626262626262627,0.03872053872053872,0.025252525252525252,0.8484848484848485,2.88,2.0,306.84
q15_H1__page_wmax_causal,causal,cell=pb_math_q8,406,594,0.2609427609427609,0.25084175084175087,0.4882154882154882,0.1,0.09113300492610837,26.41614112847661,0.18855218855218855,0.058922558922558925,0.05218855218855219,0.7592592592592593,2.5357142857142856,1.5,263.1875
q15_H1__page_wmax_causal,causal,cell=pb_math_q8,406,594,0.2609427609427609,0.25084175084175087,0.4882154882154882,0.2,0.19704433497536947,19.892815770444233,0.28114478114478114,0.10774410774410774,0.1026936026936027,0.6161616161616161,2.035928143712575,1.0,193.2574850299401
q15_H1__page_wmax_causal,causal,cell=pb_math_q8,406,594,0.2609427609427609,0.25084175084175087,0.4882154882154882,0.3,0.2857142857142857,17.33762715039199,0.3265993265993266,0.13804713804713806,0.15151515151515152,0.5218855218855218,1.8917525773195876,1.0,173.3298969072165
q15_H1__page_wmax_causal,causal,cell=pb_olympiadbench_q4,339,661,0.24962178517397882,0.3358547655068079,0.4145234493192133,0.05,0.0471976401179941,45.45112633840289,0.0907715582450832,0.018154311649016642,0.015128593040847202,0.8940998487140696,3.3833333333333333,3.0,367.95
q15_H1__page_wmax_causal,causal,cell=pb_olympiadbench_q4,339,661,0.24962178517397882,0.3358547655068079,0.4145234493192133,0.1,0.08259587020648967,37.204839398733164,0.12708018154311648,0.04084720121028744,0.039334341906202726,0.8335854765506808,2.9761904761904763,1.5,314.1547619047619
q15_H1__page_wmax_causal,causal,cell=pb_olympiadbench_q4,339,661,0.24962178517397882,0.3358547655068079,0.4145234493192133,0.2,0.18584070796460178,28.797528859034614,0.19213313161875945,0.07261724659606657,0.0907715582450832,0.7170953101361573,2.5669291338582676,1.0,270.84251968503935
q15_H1__page_wmax_causal,causal,cell=pb_olympiadbench_q4,339,661,0.24962178517397882,0.3358547655068079,0.4145234493192133,0.3,0.2861356932153392,22.961811216688385,0.2617246596066566,0.10136157337367625,0.16792738275340394,0.5703479576399395,2.005780346820809,1.0,222.46242774566474
q15_H1__page_wmax_causal,causal,cell=pb_olympiadbench_q8,339,661,0.24508320726172467,0.3313161875945537,0.4236006051437216,0.05,0.035398230088495575,52.88514098550573,0.07564296520423601,0.015128593040847202,0.01059001512859304,0.913767019667171,3.56,3.0,370.48
q15_H1__page_wmax_causal,causal,cell=pb_olympiadbench_q8,339,661,0.24508320726172467,0.3313161875945537,0.4236006051437216,0.1,0.07079646017699115,40.670361565942414,0.13010590015128592,0.04236006051437216,0.03328290468986384,0.8366111951588502,2.9651162790697674,2.0,322.8720930232558
q15_H1__page_wmax_causal,causal,cell=pb_olympiadbench_q8,339,661,0.24508320726172467,0.3313161875945537,0.4236006051437216,0.2,0.19174041297935104,30.235637975562966,0.20121028744326777,0.07866868381240545,0.08169440242057488,0.7170953101361573,2.488721804511278,1.0,261.9172932330827
q15_H1__page_wmax_causal,causal,cell=pb_olympiadbench_q8,339,661,0.24508320726172467,0.3313161875945537,0.4236006051437216,0.3,0.27728613569321536,24.496660812739044,0.25113464447806355,0.10287443267776097,0.15279878971255673,0.5960665658093798,2.1325301204819276,1.0,230.31927710843374
q15_H1__page_wmax_causal,causal,cell=pb_omnimath_q4,241,759,0.22661396574440051,0.30171277997364954,0.47167325428194995,0.05,0.03734439834024896,52.88514098550573,0.04216073781291173,0.007905138339920948,0.007905138339920948,0.9499341238471674,3.3125,3.0,437.5625
q15_H1__page_wmax_causal,causal,cell=pb_omnimath_q4,241,759,0.22661396574440051,0.30171277997364954,0.47167325428194995,0.1,0.07883817427385892,40.670361565942414,0.09749670619235837,0.026350461133069828,0.015810276679841896,0.8866930171277997,3.2027027027027026,2.0,354.6081081081081
q15_H1__page_wmax_causal,causal,cell=pb_omnimath_q4,241,759,0.22661396574440051,0.30171277997364954,0.47167325428194995,0.2,0.1950207468879668,28.797528859034614,0.19499341238471674,0.05006587615283267,0.05006587615283267,0.7549407114624506,2.9662162162162162,2.0,344.31081081081084
q15_H1__page_wmax_causal,causal,cell=pb_omnimath_q4,241,759,0.22661396574440051,0.30171277997364954,0.47167325428194995,0.3,0.2863070539419087,24.496660812739044,0.2516469038208169,0.06851119894598155,0.0922266139657444,0.6561264822134387,2.696335078534031,2.0,299.21989528795814
q15_H1__page_wmax_causal,causal,cell=pb_omnimath_q8,241,759,0.22661396574440051,0.28194993412384717,0.4914361001317523,0.05,0.04149377593360996,52.88514098550573,0.04743083003952569,0.00922266139657444,0.011857707509881422,0.9407114624505929,3.5,3.0,440.69444444444446
q15_H1__page_wmax_causal,causal,cell=pb_omnimath_q8,241,759,0.22661396574440051,0.28194993412384717,0.4914361001317523,0.1,0.0954356846473029,40.670361565942414,0.11857707509881422,0.03162055335968379,0.014492753623188406,0.8669301712779973,2.977777777777778,2.0,345.52222222222224
q15_H1__page_wmax_causal,causal,cell=pb_omnimath_q8,241,759,0.22661396574440051,0.28194993412384717,0.4914361001317523,0.2,0.17427385892116182,31.995408036005134,0.1963109354413702,0.05533596837944664,0.034255599472990776,0.769433465085639,2.6912751677852347,2.0,314.248322147651
q15_H1__page_wmax_causal,causal,cell=pb_omnimath_q8,241,759,0.22661396574440051,0.28194993412384717,0.4914361001317523,0.3,0.27800829875518673,26.41614112847661,0.25691699604743085,0.07509881422924901,0.08036890645586298,0.6627140974967062,2.5846153846153848,2.0,296.28205128205127
q15_VE1__top5_causal,causal,macro8_all,2358,4442,0.2985141828005403,0.37280504277352544,0.32868077442593424,0.05,0.04961832061068702,4.505613971882235,0.04277352543899145,0.02003601981089599,0.025664115263394866,0.9315623592976137,2.363157894736842,1.0,260.07894736842104
q15_VE1__top5_causal,causal,macro8_all,2358,4442,0.2985141828005403,0.37280504277352544,0.32868077442593424,0.1,0.09584393553859202,4.183102129307224,0.07811796488068437,0.03759567762269248,0.05110310670868978,0.8707789284106259,2.3285302593659942,1.0,246.5907780979827
q15_VE1__top5_causal,causal,macro8_all,2358,4442,0.2985141828005403,0.37280504277352544,0.32868077442593424,0.2,0.1921119592875318,3.7981353139137934,0.13012156686177398,0.06888788833858622,0.11256190904997748,0.7573165240882486,1.8788927335640138,0.0,188.44117647058823
q15_VE1__top5_causal,causal,macro8_all,2358,4442,0.2985141828005403,0.37280504277352544,0.32868077442593424,0.3,0.2989821882951654,3.512756960284897,0.17964880684376408,0.09882935614588023,0.19067987393066185,0.6296713192255741,1.5401002506265664,0.0,156.57393483709274
q15_VE1__top5_causal,causal,steps_2_to_5,950,1312,0.39634146341463417,0.33460365853658536,0.2690548780487805,0.05,0.04736842105263158,4.0875005458297355,0.04725609756097561,0.03048780487804878,0.03201219512195122,0.9207317073170732,0.532258064516129,0.0,113.40322580645162
q15_VE1__top5_causal,causal,steps_2_to_5,950,1312,0.39634146341463417,0.33460365853658536,0.2690548780487805,0.1,0.09368421052631579,3.746355925331056,0.08917682926829268,0.06935975609756098,0.06097560975609756,0.8498475609756098,0.3333333333333333,0.0,48.58974358974359
q15_VE1__top5_causal,causal,steps_2_to_5,950,1312,0.39634146341463417,0.33460365853658536,0.2690548780487805,0.2,0.1936842105263158,3.4241899116708887,0.15701219512195122,0.10670731707317073,0.11661585365853659,0.7263719512195121,0.5436893203883495,0.0,69.97087378640776
q15_VE1__top5_causal,causal,steps_2_to_5,950,1312,0.39634146341463417,0.33460365853658536,0.2690548780487805,0.3,0.29368421052631577,3.193656361547414,0.20579268292682926,0.1448170731707317,0.18597560975609756,0.6082317073170732,0.44814814814814813,0.0,47.22962962962963
q15_VE1__top5_causal,causal,steps_6_to_10,1124,2308,0.2755632582322357,0.4055459272097054,0.3188908145580589,0.05,0.025800711743772242,4.816605758248528,0.01993067590987868,0.010831889081455806,0.010398613518197574,0.9696707105719238,1.5,0.0,270.2608695652174
q15_VE1__top5_causal,causal,steps_6_to_10,1124,2308,0.2755632582322357,0.4055459272097054,0.3188908145580589,0.1,0.0791814946619217,4.322356789322624,0.053726169844020795,0.02772963604852686,0.03552859618717504,0.9107452339688041,1.5725806451612903,0.0,249.4516129032258
q15_VE1__top5_causal,causal,steps_6_to_10,1124,2308,0.2755632582322357,0.4055459272097054,0.3188908145580589,0.2,0.18327402135231316,3.856438702136926,0.1182842287694974,0.06239168110918544,0.10398613518197573,0.7777296360485269,1.2967032967032968,0.0,186.46886446886447
q15_VE1__top5_causal,causal,steps_6_to_10,1124,2308,0.2755632582322357,0.4055459272097054,0.3188908145580589,0.3,0.29092526690391457,3.5833228207651335,0.16724436741767765,0.09835355285961872,0.16941074523396882,0.6633448873483535,1.1010362694300517,0.0,148.10880829015545
q15_VE1__top5_causal,causal,steps_11_plus,284,822,0.20681265206812652,0.3418491484184915,0.451338199513382,0.1,0.07746478873239436,4.816605758248528,0.06082725060827251,0.029197080291970802,0.01824817518248175,0.9209245742092458,2.94,1.0,273.84
q15_VE1__top5_causal,causal,steps_11_plus,284,822,0.20681265206812652,0.3418491484184915,0.451338199513382,0.2,0.14788732394366197,4.505613971882235,0.11192214111922141,0.040145985401459854,0.043795620437956206,0.8442822384428224,3.5,2.0,296.8152173913044
q15_VE1__top5_causal,causal,steps_11_plus,284,822,0.20681265206812652,0.3418491484184915,0.451338199513382,0.3,0.29225352112676056,4.0875005458297355,0.17274939172749393,0.06326034063260341,0.12773722627737227,0.6995133819951338,3.8309859154929575,2.0,292.1267605633803
q15_VE1__top5_causal,causal,cell=pb_gsm8k_q4,193,207,0.463768115942029,0.2753623188405797,0.2608695652173913,0.05,0.046632124352331605,3.396655859579639,0.11594202898550725,0.06280193236714976,0.014492753623188406,0.8695652173913043,1.5416666666666667,0.0,120.25
q15_VE1__top5_causal,causal,cell=pb_gsm8k_q4,193,207,0.463768115942029,0.2753623188405797,0.2608695652173913,0.1,0.09844559585492228,3.2130369424987144,0.15458937198067632,0.08695652173913043,0.03864734299516908,0.8067632850241546,1.3125,0.0,101.4375
q15_VE1__top5_causal,causal,cell=pb_gsm8k_q4,193,207,0.463768115942029,0.2753623188405797,0.2608695652173913,0.2,0.19170984455958548,2.9843230285167803,0.2560386473429952,0.14492753623188406,0.06280193236714976,0.6811594202898551,1.0943396226415094,0.0,82.67924528301887
q15_VE1__top5_causal,causal,cell=pb_gsm8k_q4,193,207,0.463768115942029,0.2753623188405797,0.2608695652173913,0.3,0.29015544041450775,2.79520006716996,0.3526570048309179,0.21256038647342995,0.15942028985507245,0.48792270531400966,1.0684931506849316,0.0,71.3972602739726
q15_VE1__top5_causal,causal,cell=pb_gsm8k_q8,193,207,0.4106280193236715,0.2560386473429952,0.3333333333333333,0.05,0.046632124352331605,3.193656361547414,0.11594202898550725,0.04830917874396135,0.014492753623188406,0.8695652173913043,1.8333333333333333,1.0,134.25
q15_VE1__top5_causal,causal,cell=pb_gsm8k_q8,193,207,0.4106280193236715,0.2560386473429952,0.3333333333333333,0.1,0.09844559585492228,3.04680327306245,0.18840579710144928,0.09178743961352658,0.033816425120772944,0.7777777777777778,1.4615384615384615,1.0,105.92307692307692
q15_VE1__top5_causal,causal,cell=pb_gsm8k_q8,193,207,0.4106280193236715,0.2560386473429952,0.3333333333333333,0.2,0.19689119170984457,2.847395565453788,0.3188405797101449,0.19806763285024154,0.07246376811594203,0.6086956521739131,1.1363636363636365,0.0,80.77272727272727
q15_VE1__top5_causal,causal,cell=pb_gsm8k_q8,193,207,0.4106280193236715,0.2560386473429952,0.3333333333333333,0.3,0.29533678756476683,2.7198323080054148,0.3864734299516908,0.2463768115942029,0.11594202898550725,0.4975845410628019,1.0875,0.0,71.8125
q15_VE1__top5_causal,causal,cell=pb_math_q4,406,594,0.2946127946127946,0.32154882154882153,0.3838383838383838,0.05,0.046798029556650245,4.505613971882235,0.04377104377104377,0.018518518518518517,0.016835016835016835,0.9393939393939394,2.3461538461538463,1.5,253.84615384615384
q15_VE1__top5_causal,causal,cell=pb_math_q4,406,594,0.2946127946127946,0.32154882154882153,0.3838383838383838,0.1,0.0960591133004926,4.0875005458297355,0.08585858585858586,0.045454545454545456,0.03367003367003367,0.8804713804713805,1.8627450980392157,0.0,207.7058823529412
q15_VE1__top5_causal,causal,cell=pb_math_q4,406,594,0.2946127946127946,0.32154882154882153,0.3838383838383838,0.2,0.19950738916256158,3.617615165935602,0.1835016835016835,0.08417508417508418,0.11447811447811448,0.702020202020202,1.7798165137614679,1.0,180.80733944954127
q15_VE1__top5_causal,causal,cell=pb_math_q4,406,594,0.2946127946127946,0.32154882154882153,0.3838383838383838,0.3,0.29802955665024633,3.396655859579639,0.234006734006734,0.11952861952861953,0.17845117845117844,0.5875420875420876,1.39568345323741,0.0,134.05755395683454
q15_VE1__top5_causal,causal,cell=pb_math_q8,406,594,0.32323232323232326,0.3400673400673401,0.3367003367003367,0.05,0.03940886699507389,4.505613971882235,0.03198653198653199,0.006734006734006734,0.02356902356902357,0.9444444444444444,3.473684210526316,4.0,406.3157894736842
q15_VE1__top5_causal,causal,cell=pb_math_q8,406,594,0.32323232323232326,0.3400673400673401,0.3367003367003367,0.1,0.09852216748768473,4.006514294311763,0.08754208754208755,0.04208754208754209,0.06734006734006734,0.8451178451178452,2.1153846153846154,1.0,226.40384615384616
q15_VE1__top5_causal,causal,cell=pb_math_q8,406,594,0.32323232323232326,0.3400673400673401,0.3367003367003367,0.2,0.19950738916256158,3.617615165935602,0.16835016835016836,0.08922558922558922,0.11952861952861953,0.7121212121212122,1.61,0.0,166.09
q15_VE1__top5_causal,causal,cell=pb_math_q8,406,594,0.32323232323232326,0.3400673400673401,0.3367003367003367,0.3,0.2881773399014778,3.4241899116708887,0.21043771043771045,0.11784511784511785,0.17676767676767677,0.6127946127946128,1.432,0.0,133.952
q15_VE1__top5_causal,causal,cell=pb_olympiadbench_q4,339,661,0.291981845688351,0.4039334341906203,0.3040847201210287,0.05,0.02359882005899705,4.816605758248528,0.02723146747352496,0.015128593040847202,0.012102874432677761,0.9606656580937972,2.5555555555555554,0.0,274.3888888888889
q15_VE1__top5_causal,causal,cell=pb_olympiadbench_q4,339,661,0.291981845688351,0.4039334341906203,0.3040847201210287,0.1,0.07079646017699115,4.505613971882235,0.057488653555219364,0.028744326777609682,0.03177004538577912,0.9107413010590015,2.5,0.5,272.7105263157895
q15_VE1__top5_causal,causal,cell=pb_olympiadbench_q4,339,661,0.291981845688351,0.4039334341906203,0.3040847201210287,0.2,0.168141592920354,4.0875005458297355,0.11497730711043873,0.05446293494704992,0.08774583963691376,0.7972768532526475,2.0921052631578947,1.0,228.47368421052633
q15_VE1__top5_causal,causal,cell=pb_olympiadbench_q4,339,661,0.291981845688351,0.4039334341906203,0.3040847201210287,0.3,0.2713864306784661,3.856438702136926,0.15431164901664146,0.08472012102874432,0.1422087745839637,0.7034795763993948,1.803921568627451,0.0,167.44117647058823
q15_VE1__top5_causal,causal,cell=pb_olympiadbench_q8,339,661,0.2844175491679274,0.4205748865355522,0.2950075642965204,0.05,0.029498525073746312,4.816605758248528,0.025718608169440244,0.01361573373676248,0.01361573373676248,0.9606656580937972,2.0,0.0,257.5882352941176
q15_VE1__top5_causal,causal,cell=pb_olympiadbench_q8,339,661,0.2844175491679274,0.4205748865355522,0.2950075642965204,0.1,0.07079646017699115,4.505613971882235,0.0529500756429652,0.024205748865355523,0.03328290468986384,0.913767019667171,2.6857142857142855,1.0,284.9142857142857
q15_VE1__top5_causal,causal,cell=pb_olympiadbench_q8,339,661,0.2844175491679274,0.4205748865355522,0.2950075642965204,0.2,0.17994100294985252,4.0875005458297355,0.11346444780635401,0.06656580937972768,0.09531013615733737,0.7912254160363086,1.6666666666666667,0.0,163.52
q15_VE1__top5_causal,causal,cell=pb_olympiadbench_q8,339,661,0.2844175491679274,0.4205748865355522,0.2950075642965204,0.3,0.29793510324483774,3.7981353139137934,0.13767019667170954,0.08169440242057488,0.1664145234493192,0.6959152798789713,1.8131868131868132,0.0,180.4945054945055
q15_VE1__top5_causal,causal,cell=pb_omnimath_q4,241,759,0.24769433465085638,0.4005270092226614,0.35177865612648224,0.05,0.03319502074688797,4.816605758248528,0.023715415019762844,0.014492753623188406,0.011857707509881422,0.9644268774703557,1.5555555555555556,0.0,224.11111111111111
q15_VE1__top5_causal,causal,cell=pb_omnimath_q4,241,759,0.24769433465085638,0.4005270092226614,0.35177865612648224,0.1,0.07883817427385892,4.322356789322624,0.06060606060606061,0.026350461133069828,0.04084321475625823,0.8985507246376812,2.1739130434782608,1.0,230.7391304347826
q15_VE1__top5_causal,causal,cell=pb_omnimath_q4,241,759,0.24769433465085638,0.4005270092226614,0.35177865612648224,0.2,0.16597510373443983,4.006514294311763,0.09881422924901186,0.043478260869565216,0.08959156785243742,0.8115942028985508,2.1866666666666665,1.0,259.88
q15_VE1__top5_causal,causal,cell=pb_omnimath_q4,241,759,0.24769433465085638,0.4005270092226614,0.35177865612648224,0.3,0.2946058091286307,3.7022476190719518,0.15019762845849802,0.07905138339920949,0.15019762845849802,0.6996047430830039,1.8771929824561404,0.0,199.26315789473685
q15_VE1__top5_causal,causal,cell=pb_omnimath_q8,241,759,0.2753623188405797,0.4005270092226614,0.3241106719367589,0.05,0.04149377593360996,4.816605758248528,0.023715415019762844,0.015810276679841896,0.014492753623188406,0.9617918313570487,0.7777777777777778,0.0,174.22222222222223
q15_VE1__top5_causal,causal,cell=pb_omnimath_q8,241,759,0.2753623188405797,0.4005270092226614,0.3241106719367589,0.1,0.07883817427385892,4.505613971882235,0.043478260869565216,0.02766798418972332,0.034255599472990776,0.922266139657444,1.3333333333333333,0.0,156.75757575757575
q15_VE1__top5_causal,causal,cell=pb_omnimath_q8,241,759,0.2753623188405797,0.4005270092226614,0.3241106719367589,0.2,0.17842323651452283,4.006514294311763,0.10276679841897234,0.04743083003952569,0.0922266139657444,0.8050065876152833,2.0,1.0,217.17948717948718
q15_VE1__top5_causal,causal,cell=pb_omnimath_q8,241,759,0.2753623188405797,0.4005270092226614,0.3241106719367589,0.3,0.2946058091286307,3.7022476190719518,0.14624505928853754,0.07378129117259552,0.1541501976284585,0.6996047430830039,1.8108108108108107,0.0,190.12612612612614
q15_VE1__page_wmax_causal,causal,macro8_all,2358,4442,0.25484016208914906,0.30211616389013957,0.4430436740207114,0.05,0.04919423240033927,42.87157409148186,0.08464655560558307,0.027465105808194508,0.01891040072039622,0.8964430436740207,2.9148936170212765,2.0,323.9760638297872
q15_VE1__page_wmax_causal,causal,macro8_all,2358,4442,0.25484016208914906,0.30211616389013957,0.4430436740207114,0.1,0.09584393553859202,34.504379113485975,0.14070238631247187,0.04975236380009005,0.03669518235029266,0.8226024313372354,2.6384,1.0,288.4976
q15_VE1__page_wmax_causal,causal,macro8_all,2358,4442,0.25484016208914906,0.30211616389013957,0.4430436740207114,0.2,0.18405428329092452,26.599548705434746,0.2109410175596578,0.08239531742458352,0.09072489869428185,0.6983340837460603,2.2828175026680895,1.0,246.01387406616863
q15_VE1__page_wmax_causal,causal,macro8_all,2358,4442,0.25484016208914906,0.30211616389013957,0.4430436740207114,0.3,0.2900763358778626,21.75563074519211,0.2705988293561459,0.11143628995947771,0.15691130121566862,0.5724898694281855,1.9941763727121464,1.0,209.46505823627288
q15_VE1__page_wmax_causal,causal,steps_2_to_5,950,1312,0.3513719512195122,0.2888719512195122,0.3597560975609756,0.05,0.045263157894736845,28.701329463767575,0.0625,0.036585365853658534,0.028201219512195123,0.9092987804878049,0.5853658536585366,0.0,120.64634146341463
q15_VE1__page_wmax_causal,causal,steps_2_to_5,950,1312,0.3513719512195122,0.2888719512195122,0.3597560975609756,0.1,0.09578947368421052,24.2376792159846,0.09984756097560976,0.0625,0.051829268292682924,0.8483231707317073,0.549618320610687,0.0,88.5114503816794
q15_VE1__page_wmax_causal,causal,steps_2_to_5,950,1312,0.3513719512195122,0.2888719512195122,0.3597560975609756,0.2,0.19473684210526315,17.52759017042778,0.21646341463414634,0.125,0.11509146341463415,0.6684451219512195,0.647887323943662,0.0,84.80281690140845
q15_VE1__page_wmax_causal,causal,steps_2_to_5,950,1312,0.3513719512195122,0.2888719512195122,0.3597560975609756,0.3,0.29368421052631577,14.902831327276106,0.2804878048780488,0.1676829268292683,0.16463414634146342,0.5548780487804879,0.6168478260869565,0.0,74.28804347826087
q15_VE1__page_wmax_causal,causal,steps_6_to_10,1124,2308,0.23570190641247835,0.3292894280762565,0.43500866551126516,0.05,0.03558718861209965,48.1465125306757,0.05719237435008666,0.015164644714038129,0.009532062391681109,0.9332755632582322,2.393939393939394,2.0,373.280303030303
q15_VE1__page_wmax_causal,causal,steps_6_to_10,1124,2308,0.23570190641247835,0.3292894280762565,0.43500866551126516,0.1,0.08807829181494661,36.90941493219283,0.11438474870017332,0.042027729636048526,0.02859618717504333,0.8570190641247833,1.8636363636363635,1.0,272.625
q15_VE1__page_wmax_causal,causal,steps_6_to_10,1124,2308,0.23570190641247835,0.3292894280762565,0.43500866551126516,0.2,0.19483985765124556,27.5358428850725,0.21187175043327555,0.08492201039861352,0.0792894280762565,0.708838821490468,1.7505112474437627,1.0,231.23517382413087
q15_VE1__page_wmax_causal,causal,steps_6_to_10,1124,2308,0.23570190641247835,0.3292894280762565,0.43500866551126516,0.3,0.28825622775800713,23.49536730588659,0.268630849220104,0.11351819757365685,0.13474870017331023,0.5966204506065858,1.6016129032258064,1.0,206.46451612903226
q15_VE1__page_wmax_causal,causal,steps_11_plus,284,822,0.15450121654501217,0.24695863746958638,0.5985401459854015,0.05,0.045774647887323945,69.36975781264944,0.08150851581508516,0.01824817518248175,0.00851581508515815,0.9099756690997567,3.8358208955223883,3.0,357.8805970149254
q15_VE1__page_wmax_causal,causal,steps_11_plus,284,822,0.15450121654501217,0.24695863746958638,0.5985401459854015,0.1,0.045774647887323945,69.36975781264944,0.08150851581508516,0.01824817518248175,0.00851581508515815,0.9099756690997567,3.8358208955223883,3.0,357.8805970149254
q15_VE1__page_wmax_causal,causal,steps_11_plus,284,822,0.15450121654501217,0.24695863746958638,0.5985401459854015,0.2,0.18309859154929578,42.87157409148186,0.22506082725060828,0.06447688564476886,0.045012165450121655,0.7299270072992701,3.9351351351351354,3.0,339.95675675675676
q15_VE1__page_wmax_causal,causal,steps_11_plus,284,822,0.15450121654501217,0.24695863746958638,0.5985401459854015,0.3,0.29225352112676056,34.504379113485975,0.3260340632603406,0.09732360097323602,0.0827250608272506,0.5912408759124088,3.8656716417910446,3.0,332.04477611940297
q15_VE1__page_wmax_causal,causal,cell=pb_gsm8k_q4,193,207,0.34299516908212563,0.2995169082125604,0.357487922705314,0.05,0.046632124352331605,19.294286737103604,0.13526570048309178,0.05314009661835749,0.00966183574879227,0.855072463768116,1.7142857142857142,1.0,136.14285714285714
q15_VE1__page_wmax_causal,causal,cell=pb_gsm8k_q4,193,207,0.34299516908212563,0.2995169082125604,0.357487922705314,0.1,0.09844559585492228,15.827111249220827,0.21256038647342995,0.0966183574879227,0.03864734299516908,0.748792270531401,1.3636363636363635,1.0,108.11363636363636
q15_VE1__page_wmax_causal,causal,cell=pb_gsm8k_q4,193,207,0.34299516908212563,0.2995169082125604,0.357487922705314,0.2,0.19689119170984457,12.882057261330438,0.3140096618357488,0.1642512077294686,0.0821256038647343,0.6038647342995169,1.3076923076923077,0.0,92.24615384615385
q15_VE1__page_wmax_causal,causal,cell=pb_gsm8k_q4,193,207,0.34299516908212563,0.2995169082125604,0.357487922705314,0.3,0.29533678756476683,11.307321930696776,0.3671497584541063,0.2028985507246377,0.12560386473429952,0.5072463768115942,1.0263157894736843,0.0,69.80263157894737
q15_VE1__page_wmax_causal,causal,cell=pb_gsm8k_q8,193,207,0.37681159420289856,0.2463768115942029,0.37681159420289856,0.05,0.046632124352331605,19.733806788692945,0.14492753623188406,0.057971014492753624,0.014492753623188406,0.8405797101449275,1.8,1.0,142.26666666666668
q15_VE1__page_wmax_causal,causal,cell=pb_gsm8k_q8,193,207,0.37681159420289856,0.2463768115942029,0.37681159420289856,0.1,0.09844559585492228,15.827111249220827,0.2608695652173913,0.11594202898550725,0.028985507246376812,0.7101449275362319,1.4814814814814814,1.0,109.38888888888889
q15_VE1__page_wmax_causal,causal,cell=pb_gsm8k_q8,193,207,0.37681159420289856,0.2463768115942029,0.37681159420289856,0.2,0.19689119170984457,13.083477486133601,0.30917874396135264,0.15942028985507245,0.07246376811594203,0.6183574879227053,1.328125,0.0,93.015625
q15_VE1__page_wmax_causal,causal,cell=pb_gsm8k_q8,193,207,0.37681159420289856,0.2463768115942029,0.37681159420289856,0.3,0.29533678756476683,11.307321930696776,0.37681159420289856,0.20772946859903382,0.12077294685990338,0.5024154589371981,1.1282051282051282,0.0,80.78205128205128
q15_VE1__page_wmax_causal,causal,cell=pb_math_q4,406,594,0.2474747474747475,0.2760942760942761,0.4764309764309764,0.05,0.03694581280788178,36.90941493219283,0.07744107744107744,0.025252525252525252,0.02356902356902357,0.898989898989899,3.0217391304347827,2.5,314.4347826086956
q15_VE1__page_wmax_causal,causal,cell=pb_math_q4,406,594,0.2474747474747475,0.2760942760942761,0.4764309764309764,0.1,0.09852216748768473,27.5358428850725,0.1632996632996633,0.05723905723905724,0.050505050505050504,0.7861952861952862,2.3917525773195876,1.0,245.3298969072165
q15_VE1__page_wmax_causal,causal,cell=pb_math_q4,406,594,0.2474747474747475,0.2760942760942761,0.4764309764309764,0.2,0.19458128078817735,22.320122574488337,0.23063973063973064,0.08417508417508418,0.10774410774410774,0.6616161616161617,2.1094890510948905,1.0,213.54744525547446
q15_VE1__page_wmax_causal,causal,cell=pb_math_q4,406,594,0.2474747474747475,0.2760942760942761,0.4764309764309764,0.3,0.29802955665024633,18.20516099878395,0.31313131313131315,0.13973063973063973,0.16835016835016836,0.5185185185185185,1.7419354838709677,1.0,167.09139784946237
q15_VE1__page_wmax_causal,causal,cell=pb_math_q8,406,594,0.234006734006734,0.27104377104377103,0.494949494949495,0.05,0.03694581280788178,39.48957176672114,0.08249158249158249,0.02861952861952862,0.016835016835016835,0.9006734006734006,3.061224489795918,2.0,329.8979591836735
q15_VE1__page_wmax_causal,causal,cell=pb_math_q8,406,594,0.234006734006734,0.27104377104377103,0.494949494949495,0.1,0.0960591133004926,29.905609635675425,0.1531986531986532,0.05218855218855219,0.04377104377104377,0.803030303030303,2.78021978021978,2.0,279.3956043956044
q15_VE1__page_wmax_causal,causal,cell=pb_math_q8,406,594,0.234006734006734,0.27104377104377103,0.494949494949495,0.2,0.1896551724137931,22.887728326995344,0.25757575757575757,0.1026936026936027,0.09764309764309764,0.6447811447811448,1.9411764705882353,1.0,203.96732026143792
q15_VE1__page_wmax_causal,causal,cell=pb_math_q8,406,594,0.234006734006734,0.27104377104377103,0.494949494949495,0.3,0.2881773399014778,18.925505202958057,0.30303030303030304,0.13973063973063973,0.16161616161616163,0.5353535353535354,1.8,1.0,172.43333333333334
q15_VE1__page_wmax_causal,causal,cell=pb_olympiadbench_q4,339,661,0.2708018154311649,0.32223903177004537,0.4069591527987897,0.05,0.035398230088495575,56.0447719792528,0.06354009077155824,0.01361573373676248,0.006051437216338881,0.9304084720121029,3.261904761904762,3.0,361.64285714285717
q15_VE1__page_wmax_causal,causal,cell=pb_olympiadbench_q4,339,661,0.2708018154311649,0.32223903177004537,0.4069591527987897,0.1,0.08849557522123894,39.48957176672114,0.12556732223903178,0.04084720121028744,0.04387291981845688,0.8305597579425114,3.0843373493975905,2.0,323.31325301204816
q15_VE1__page_wmax_causal,causal,cell=pb_olympiadbench_q4,339,661,0.2708018154311649,0.32223903177004537,0.4069591527987897,0.2,0.17404129793510326,32.62412563587181,0.19364599092284418,0.07866868381240545,0.06505295007564296,0.7413010590015129,2.4296875,1.0,260.4296875
q15_VE1__page_wmax_causal,causal,cell=pb_olympiadbench_q4,339,661,0.2708018154311649,0.32223903177004537,0.4069591527987897,0.3,0.2890855457227139,26.599548705434746,0.24205748865355523,0.10892586989409984,0.13010590015128592,0.6278366111951589,2.03125,1.0,215.625
q15_VE1__page_wmax_causal,causal,cell=pb_olympiadbench_q8,339,661,0.26021180030257185,0.3373676248108926,0.40242057488653554,0.05,0.038348082595870206,56.0447719792528,0.06202723146747353,0.01664145234493192,0.01059001512859304,0.9273827534039334,3.097560975609756,3.0,339.1219512195122
q15_VE1__page_wmax_causal,causal,cell=pb_olympiadbench_q8,339,661,0.26021180030257185,0.3373676248108926,0.40242057488653554,0.1,0.09734513274336283,39.48957176672114,0.13918305597579425,0.049924357034795766,0.04387291981845688,0.8169440242057489,2.847826086956522,1.0,292.9782608695652
q15_VE1__page_wmax_causal,causal,cell=pb_olympiadbench_q8,339,661,0.26021180030257185,0.3373676248108926,0.40242057488653554,0.2,0.19469026548672566,31.161680289467366,0.2087745839636914,0.08623298033282904,0.08774583963691376,0.7034795763993948,2.2971014492753623,1.0,238.53623188405797
q15_VE1__page_wmax_causal,causal,cell=pb_olympiadbench_q8,339,661,0.26021180030257185,0.3373676248108926,0.40242057488653554,0.3,0.2861356932153392,26.599548705434746,0.2481089258698941,0.11800302571860817,0.14977307110438728,0.6021180030257186,1.896341463414634,1.0,201.9451219512195
q15_VE1__page_wmax_causal,causal,cell=pb_omnimath_q4,241,759,0.22002635046113306,0.31357048748353095,0.466403162055336,0.05,0.04564315352697095,56.0447719792528,0.04743083003952569,0.010540184453227932,0.00922266139657444,0.9433465085638999,3.0833333333333335,3.0,415.3333333333333
q15_VE1__page_wmax_causal,causal,cell=pb_omnimath_q4,241,759,0.22002635046113306,0.31357048748353095,0.466403162055336,0.1,0.0912863070539419,42.87157409148186,0.0922266139657444,0.026350461133069828,0.017127799736495388,0.8906455862977603,2.5714285714285716,2.0,326.3857142857143
q15_VE1__page_wmax_causal,causal,cell=pb_omnimath_q4,241,759,0.22002635046113306,0.31357048748353095,0.466403162055336,0.2,0.1991701244813278,32.62412563587181,0.19104084321475626,0.06587615283267458,0.04216073781291173,0.766798418972332,2.4551724137931035,2.0,287.02758620689656
q15_VE1__page_wmax_causal,causal,cell=pb_omnimath_q4,241,759,0.22002635046113306,0.31357048748353095,0.466403162055336,0.3,0.2863070539419087,26.599548705434746,0.2450592885375494,0.08827404479578392,0.09354413702239789,0.6613965744400527,2.381720430107527,1.0,274.93548387096774
q15_VE1__page_wmax_causal,causal,cell=pb_omnimath_q8,241,759,0.23583662714097497,0.30303030303030304,0.461133069828722,0.05,0.016597510373443983,69.36975781264944,0.028985507246376812,0.003952569169960474,0.003952569169960474,0.9670619235836627,3.1363636363636362,3.0,472.5
q15_VE1__page_wmax_causal,causal,cell=pb_omnimath_q8,241,759,0.23583662714097497,0.30303030303030304,0.461133069828722,0.1,0.08713692946058091,48.1465125306757,0.077733860342556,0.021080368906455864,0.014492753623188406,0.9077733860342556,2.593220338983051,2.0,325.59322033898303
q15_VE1__page_wmax_causal,causal,cell=pb_omnimath_q8,241,759,0.23583662714097497,0.30303030303030304,0.461133069828722,0.2,0.1908713692946058,31.161680289467366,0.2015810276679842,0.06719367588932806,0.052700922266139656,0.7457180500658761,2.3790849673202614,1.0,286.01960784313724
q15_VE1__page_wmax_causal,causal,cell=pb_omnimath_q8,241,759,0.23583662714097497,0.30303030303030304,0.461133069828722,0.3,0.27800829875518673,26.599548705434746,0.2463768115942029,0.08695652173913043,0.10276679841897234,0.6508563899868248,2.4331550802139037,1.0,275.4438502673797
chosen_surprisal__top5_causal,causal,macro8_all,2358,4442,0.2807294011706439,0.09320126069338136,0.6260693381359748,0.05,0.04240882103477523,3.5324931530328874,0.11819000450247637,0.02814047726249437,0.005628095452498875,0.8761819000450247,3.4857142857142858,3.0,413.3447619047619
chosen_surprisal__top5_causal,causal,macro8_all,2358,4442,0.2807294011706439,0.09320126069338136,0.6260693381359748,0.1,0.0899067005937235,3.1872742365380144,0.20823953174245835,0.05110310670868978,0.014858171994597028,0.7769022962629446,3.196756756756757,2.0,359.3145945945946
chosen_surprisal__top5_causal,causal,macro8_all,2358,4442,0.2807294011706439,0.09320126069338136,0.6260693381359748,0.2,0.19635284139100934,2.7447228930543175,0.384961728950923,0.11954074741107609,0.04727600180099054,0.5677622692480865,2.6087719298245613,2.0,270.8438596491228
chosen_surprisal__top5_causal,causal,macro8_all,2358,4442,0.2807294011706439,0.09320126069338136,0.6260693381359748,0.3,0.28880407124681934,2.4726126228411474,0.4918955425484016,0.17469608284556506,0.08194506978838362,0.42615938766321476,2.226086956521739,1.0,221.8512585812357
chosen_surprisal__top5_causal,causal,steps_2_to_5,950,1312,0.38109756097560976,0.09222560975609756,0.5266768292682927,0.05,0.049473684210526316,3.1095267363441215,0.13871951219512196,0.053353658536585365,0.0038109756097560975,0.8574695121951219,1.2087912087912087,1.0,174.9065934065934
chosen_surprisal__top5_causal,causal,steps_2_to_5,950,1312,0.38109756097560976,0.09222560975609756,0.5266768292682927,0.1,0.09157894736842105,2.8249187423924327,0.22789634146341464,0.09908536585365854,0.019817073170731708,0.7522865853658537,1.0836120401337792,1.0,149.5685618729097
chosen_surprisal__top5_causal,causal,steps_2_to_5,950,1312,0.38109756097560976,0.09222560975609756,0.5266768292682927,0.2,0.19894736842105262,2.3694299972390143,0.4115853658536585,0.18216463414634146,0.05030487804878049,0.538109756097561,0.9796296296296296,1.0,123.17222222222222
chosen_surprisal__top5_causal,causal,steps_2_to_5,950,1312,0.38109756097560976,0.09222560975609756,0.5266768292682927,0.3,0.29894736842105263,2.055066110798631,0.506859756097561,0.2507621951219512,0.10365853658536585,0.38948170731707316,0.843609022556391,1.0,94.45714285714286
chosen_surprisal__top5_causal,causal,steps_6_to_10,1124,2308,0.25736568457538994,0.09402079722703639,0.6486135181975736,0.05,0.03914590747330961,3.5324931530328874,0.11135181975736569,0.023830155979202773,0.006065857885615251,0.8825823223570191,2.809338521400778,3.0,430.988326848249
chosen_surprisal__top5_causal,causal,steps_6_to_10,1124,2308,0.25736568457538994,0.09402079722703639,0.6486135181975736,0.1,0.099644128113879,3.1872742365380144,0.20320623916811092,0.04549393414211438,0.014298093587521665,0.7824956672443674,2.6460554371002134,2.0,365.23880597014926
chosen_surprisal__top5_causal,causal,steps_6_to_10,1124,2308,0.25736568457538994,0.09402079722703639,0.6486135181975736,0.2,0.19306049822064056,2.8249187423924327,0.34488734835355284,0.10268630849220103,0.03509532062391681,0.6200173310225303,2.201005025125628,2.0,276.68467336683415
chosen_surprisal__top5_causal,causal,steps_6_to_10,1124,2308,0.25736568457538994,0.09402079722703639,0.6486135181975736,0.3,0.297153024911032,2.559770003919987,0.4731369150779896,0.15641247833622185,0.06412478336221837,0.462738301559792,1.967032967032967,2.0,229.48443223443223
chosen_surprisal__top5_causal,causal,steps_11_plus,284,822,0.18613138686131386,0.09245742092457421,0.7214111922141119,0.05,0.03873239436619718,4.081105930049748,0.0827250608272506,0.023114355231143552,0.0024330900243309003,0.9148418491484185,4.955882352941177,5.0,487.6470588235294
chosen_surprisal__top5_causal,causal,steps_11_plus,284,822,0.18613138686131386,0.09245742092457421,0.7214111922141119,0.1,0.08098591549295775,3.74117473703824,0.15450121654501217,0.037712895377128956,0.004866180048661801,0.8406326034063261,5.094488188976378,5.0,463.7244094488189
chosen_surprisal__top5_causal,causal,steps_11_plus,284,822,0.18613138686131386,0.09245742092457421,0.7214111922141119,0.2,0.18309859154929578,3.2747226577992836,0.3199513381995134,0.0681265206812652,0.0340632603406326,0.6459854014598541,5.399239543726236,5.0,475.92015209125475
chosen_surprisal__top5_causal,causal,steps_11_plus,284,822,0.18613138686131386,0.09245742092457421,0.7214111922141119,0.3,0.27816901408450706,2.9242308813892035,0.48175182481751827,0.10340632603406326,0.072992700729927,0.44525547445255476,5.032828282828283,4.0,420.0378787878788
chosen_surprisal__top5_causal,causal,cell=pb_gsm8k_q4,193,207,0.4396135265700483,0.11594202898550725,0.4444444444444444,0.05,0.046632124352331605,2.5035102846612176,0.15942028985507245,0.07246376811594203,0.0,0.8405797101449275,1.6666666666666667,1.0,128.72727272727272
chosen_surprisal__top5_causal,causal,cell=pb_gsm8k_q4,193,207,0.4396135265700483,0.11594202898550725,0.4444444444444444,0.1,0.09844559585492228,2.1275103298074507,0.2995169082125604,0.17391304347826086,0.00966183574879227,0.6908212560386473,1.1774193548387097,0.0,80.24193548387096
chosen_surprisal__top5_causal,causal,cell=pb_gsm8k_q4,193,207,0.4396135265700483,0.11594202898550725,0.4444444444444444,0.2,0.19689119170984457,1.7758848180271012,0.4444444444444444,0.24154589371980675,0.04830917874396135,0.5072463768115942,1.076086956521739,0.0,71.71739130434783
chosen_surprisal__top5_causal,causal,cell=pb_gsm8k_q4,193,207,0.4396135265700483,0.11594202898550725,0.4444444444444444,0.3,0.27979274611398963,1.6257835756096495,0.463768115942029,0.26570048309178745,0.09178743961352658,0.4444444444444444,1.0208333333333333,0.0,65.19791666666667
chosen_surprisal__top5_causal,causal,cell=pb_gsm8k_q8,193,207,0.42995169082125606,0.11594202898550725,0.45410628019323673,0.05,0.046632124352331605,2.2306477097263464,0.2028985507246377,0.0966183574879227,0.01932367149758454,0.7777777777777778,1.4047619047619047,1.0,104.28571428571429
chosen_surprisal__top5_causal,causal,cell=pb_gsm8k_q8,193,207,0.42995169082125606,0.11594202898550725,0.45410628019323673,0.1,0.09326424870466321,2.0377818817158735,0.2946859903381642,0.1642512077294686,0.028985507246376812,0.6763285024154589,1.0819672131147542,0.0,78.54098360655738
chosen_surprisal__top5_causal,causal,cell=pb_gsm8k_q8,193,207,0.42995169082125606,0.11594202898550725,0.45410628019323673,0.2,0.19689119170984457,1.7039349183752523,0.4830917874396135,0.26570048309178745,0.04830917874396135,0.46859903381642515,1.02,0.0,68.58
chosen_surprisal__top5_causal,causal,cell=pb_gsm8k_q8,193,207,0.42995169082125606,0.11594202898550725,0.45410628019323673,0.3,0.2849740932642487,1.5608128483037047,0.5169082125603864,0.28019323671497587,0.10144927536231885,0.38164251207729466,0.9906542056074766,0.0,65.0
chosen_surprisal__top5_causal,causal,cell=pb_math_q4,406,594,0.2962962962962963,0.06734006734006734,0.6363636363636364,0.05,0.03940886699507389,3.74117473703824,0.11784511784511785,0.021885521885521887,0.003367003367003367,0.8787878787878788,3.3,2.0,370.6714285714286
chosen_surprisal__top5_causal,causal,cell=pb_math_q4,406,594,0.2962962962962963,0.06734006734006734,0.6363636363636364,0.1,0.08866995073891626,3.1872742365380144,0.25757575757575757,0.05218855218855219,0.013468013468013467,0.7289562289562289,2.8758169934640523,2.0,296.3333333333333
chosen_surprisal__top5_causal,causal,cell=pb_math_q4,406,594,0.2962962962962963,0.06734006734006734,0.6363636363636364,0.2,0.19950738916256158,2.707556001637097,0.43434343434343436,0.12794612794612795,0.05387205387205387,0.5117845117845118,2.2713178294573644,2.0,221.7093023255814
chosen_surprisal__top5_causal,causal,cell=pb_math_q4,406,594,0.2962962962962963,0.06734006734006734,0.6363636363636364,0.3,0.29064039408866993,2.443744575729958,0.5033670033670034,0.16666666666666666,0.09259259259259259,0.40404040404040403,1.9966555183946488,1.0,187.02006688963212
chosen_surprisal__top5_causal,causal,cell=pb_math_q8,406,594,0.2895622895622896,0.06397306397306397,0.6464646464646465,0.05,0.04926108374384237,3.1872742365380144,0.15656565656565657,0.04040404040404041,0.006734006734006734,0.8367003367003367,2.6236559139784945,2.0,300.80645161290323
chosen_surprisal__top5_causal,causal,cell=pb_math_q8,406,594,0.2895622895622896,0.06397306397306397,0.6464646464646465,0.1,0.08866995073891626,2.872830698204053,0.2474747474747475,0.06228956228956229,0.021885521885521887,0.7306397306397306,2.7346938775510203,2.0,285.4761904761905
chosen_surprisal__top5_causal,causal,cell=pb_math_q8,406,594,0.2895622895622896,0.06397306397306397,0.6464646464646465,0.2,0.19950738916256158,2.5035102846612176,0.42424242424242425,0.13131313131313133,0.04040404040404041,0.5353535353535354,2.25,2.0,219.75396825396825
chosen_surprisal__top5_causal,causal,cell=pb_math_q8,406,594,0.2895622895622896,0.06397306397306397,0.6464646464646465,0.3,0.2955665024630542,2.187073062784298,0.5454545454545454,0.19865319865319866,0.09090909090909091,0.36363636363636365,1.9938271604938271,1.0,183.30864197530863
chosen_surprisal__top5_causal,causal,cell=pb_olympiadbench_q4,339,661,0.27987897125567324,0.11649016641452345,0.6036308623298033,0.05,0.02359882005899705,4.081105930049748,0.0832072617246596,0.018154311649016642,0.0045385779122541605,0.9122541603630863,3.727272727272727,3.0,501.6909090909091
chosen_surprisal__top5_causal,causal,cell=pb_olympiadbench_q4,339,661,0.27987897125567324,0.11649016641452345,0.6036308623298033,0.1,0.09144542772861357,3.5324931530328874,0.18608169440242056,0.048411497730711045,0.012102874432677761,0.8018154311649016,3.4796747967479673,3.0,420.4308943089431
chosen_surprisal__top5_causal,causal,cell=pb_olympiadbench_q4,339,661,0.27987897125567324,0.11649016641452345,0.6036308623298033,0.2,0.19469026548672566,3.1872742365380144,0.29954614220877457,0.08925869894099848,0.030257186081694403,0.670196671709531,2.98989898989899,2.0,330.7878787878788
chosen_surprisal__top5_causal,causal,cell=pb_olympiadbench_q4,339,661,0.27987897125567324,0.11649016641452345,0.6036308623298033,0.3,0.2920353982300885,2.872830698204053,0.4175491679273828,0.15279878971255673,0.06202723146747353,0.5204236006051437,2.579710144927536,1.0,260.53985507246375
chosen_surprisal__top5_causal,causal,cell=pb_olympiadbench_q8,339,661,0.28290468986384265,0.12405446293494705,0.5930408472012103,0.05,0.032448377581120944,3.74117473703824,0.07564296520423601,0.019667170953101363,0.0,0.924357034795764,3.66,4.0,470.04
chosen_surprisal__top5_causal,causal,cell=pb_olympiadbench_q8,339,661,0.28290468986384265,0.12405446293494705,0.5930408472012103,0.1,0.07374631268436578,3.386722639297342,0.12859304084720122,0.03328290468986384,0.01059001512859304,0.8608169440242057,3.623529411764706,3.0,435.21176470588233
chosen_surprisal__top5_causal,causal,cell=pb_olympiadbench_q8,339,661,0.28290468986384265,0.12405446293494705,0.5930408472012103,0.2,0.19469026548672566,2.9242308813892035,0.2844175491679274,0.07866868381240545,0.03479576399394856,0.680786686838124,3.3191489361702127,2.0,346.7074468085106
chosen_surprisal__top5_causal,causal,cell=pb_olympiadbench_q8,339,661,0.28290468986384265,0.12405446293494705,0.5930408472012103,0.3,0.2861356932153392,2.707556001637097,0.4039334341906203,0.13010590015128592,0.05143721633888049,0.5446293494704992,2.8876404494382024,2.0,291.42322097378275
chosen_surprisal__top5_causal,causal,cell=pb_omnimath_q4,241,759,0.233201581027668,0.08563899868247694,0.6811594202898551,0.05,0.04149377593360996,3.74117473703824,0.1080368906455863,0.030303030303030304,0.002635046113306983,0.8893280632411067,3.5121951219512195,3.0,426.9878048780488
chosen_surprisal__top5_causal,causal,cell=pb_omnimath_q4,241,759,0.233201581027668,0.08563899868247694,0.6811594202898551,0.1,0.0995850622406639,3.2747226577992836,0.233201581027668,0.05533596837944664,0.017127799736495388,0.7496706192358367,3.5141242937853105,3.0,410.40112994350284
chosen_surprisal__top5_causal,causal,cell=pb_omnimath_q4,241,759,0.233201581027668,0.08563899868247694,0.6811594202898551,0.2,0.1950207468879668,2.9242308813892035,0.4044795783926219,0.11330698287220026,0.04216073781291173,0.5533596837944664,2.9153094462540716,2.0,322.03583061889253
chosen_surprisal__top5_causal,causal,cell=pb_omnimath_q4,241,759,0.233201581027668,0.08563899868247694,0.6811594202898551,0.3,0.29045643153526973,2.7447228930543175,0.49670619235836627,0.152832674571805,0.061923583662714096,0.4413702239789196,2.594164456233422,2.0,279.16976127320953
chosen_surprisal__top5_causal,causal,cell=pb_omnimath_q8,241,759,0.22397891963109354,0.08432147562582346,0.691699604743083,0.05,0.04149377593360996,3.5324931530328874,0.09749670619235837,0.021080368906455864,0.006587615283267457,0.8959156785243741,4.324324324324325,4.0,496.7972972972973
chosen_surprisal__top5_causal,causal,cell=pb_omnimath_q8,241,759,0.22397891963109354,0.08432147562582346,0.691699604743083,0.1,0.0912863070539419,3.1872742365380144,0.17918313570487485,0.03293807641633729,0.015810276679841896,0.8050065876152833,3.75,3.0,447.0147058823529
chosen_surprisal__top5_causal,causal,cell=pb_omnimath_q8,241,759,0.22397891963109354,0.08432147562582346,0.691699604743083,0.2,0.1908713692946058,2.7849062375276,0.3451910408432148,0.08300395256916997,0.039525691699604744,0.6152832674571805,3.064885496183206,2.0,344.48091603053433
chosen_surprisal__top5_causal,causal,cell=pb_omnimath_q8,241,759,0.22397891963109354,0.08432147562582346,0.691699604743083,0.3,0.2821576763485477,2.53336090791836,0.49670619235836627,0.14361001317523056,0.06719367588932806,0.43610013175230566,2.660477453580902,2.0,286.58355437665784
chosen_surprisal__page_wmax_causal,causal,macro8_all,2358,4442,0.21634398919405673,0.10963529941467808,0.6740207113912652,0.05,0.0364715860899067,29.810682765348226,0.06416028815848716,0.011031067086897793,0.0027014858171994596,0.9331382260243134,4.063157894736842,3.0,470.9438596491228
chosen_surprisal__page_wmax_causal,causal,macro8_all,2358,4442,0.21634398919405673,0.10963529941467808,0.6740207113912652,0.1,0.09457167090754877,22.298423979157945,0.15240882485366952,0.026339486717694732,0.009004952723998198,0.8385862224223323,3.787296898079764,3.0,416.0324963072378
chosen_surprisal__page_wmax_causal,causal,macro8_all,2358,4442,0.21634398919405673,0.10963529941467808,0.6740207113912652,0.2,0.19508057675996607,18.210157596322354,0.24921206663665016,0.05132823052678973,0.020936515083295814,0.7298514182800541,3.274616079494128,2.0,357.2800361336947
chosen_surprisal__page_wmax_causal,causal,macro8_all,2358,4442,0.21634398919405673,0.10963529941467808,0.6740207113912652,0.3,0.2871077184054283,15.875479557741398,0.33768572714993245,0.0790184601530842,0.03286807744259343,0.6294461954074742,2.96,2.0,320.28266666666667
chosen_surprisal__page_wmax_causal,causal,steps_2_to_5,950,1312,0.3079268292682927,0.09984756097560976,0.5922256097560976,0.05,0.049473684210526316,21.018772319528278,0.0899390243902439,0.023628048780487805,0.0038109756097560975,0.90625,1.5254237288135593,1.0,223.11864406779662
chosen_surprisal__page_wmax_causal,causal,steps_2_to_5,950,1312,0.3079268292682927,0.09984756097560976,0.5922256097560976,0.1,0.09578947368421052,18.210157596322354,0.14253048780487804,0.038871951219512195,0.009908536585365854,0.8475609756097561,1.374331550802139,1.0,191.58288770053477
chosen_surprisal__page_wmax_causal,causal,steps_2_to_5,950,1312,0.3079268292682927,0.09984756097560976,0.5922256097560976,0.2,0.18947368421052632,15.039917362493084,0.2629573170731707,0.08460365853658537,0.01753048780487805,0.7195121951219512,1.2260869565217392,1.0,158.30144927536233
chosen_surprisal__page_wmax_causal,causal,steps_2_to_5,950,1312,0.3079268292682927,0.09984756097560976,0.5922256097560976,0.3,0.28842105263157897,13.108710268663229,0.3719512195121951,0.13033536585365854,0.028201219512195123,0.5998475609756098,1.1987704918032787,1.0,147.70491803278688
chosen_surprisal__page_wmax_causal,causal,steps_6_to_10,1124,2308,0.19974003466204507,0.11351819757365685,0.6867417677642981,0.05,0.0498220640569395,26.130126984802367,0.09012131715771231,0.015164644714038129,0.002166377816291161,0.9077123050259965,3.0048076923076925,3.0,444.02403846153845
chosen_surprisal__page_wmax_causal,causal,steps_6_to_10,1124,2308,0.19974003466204507,0.11351819757365685,0.6867417677642981,0.1,0.07295373665480427,23.93911121339629,0.1182842287694974,0.02123050259965338,0.0034662045060658577,0.8782495667244368,2.8827838827838828,3.0,420.003663003663
chosen_surprisal__page_wmax_causal,causal,steps_6_to_10,1124,2308,0.19974003466204507,0.11351819757365685,0.6867417677642981,0.2,0.18772241992882563,18.93558228764586,0.22357019064124783,0.04462738301559792,0.012564991334488735,0.7638648180242634,2.647286821705426,2.0,363.9186046511628
chosen_surprisal__page_wmax_causal,causal,steps_6_to_10,1124,2308,0.19974003466204507,0.11351819757365685,0.6867417677642981,0.3,0.29270462633451955,16.359364843190352,0.31802426343154244,0.07235701906412478,0.02079722703639515,0.6611785095320624,2.4604904632152587,2.0,323.76430517711174
chosen_surprisal__page_wmax_causal,causal,steps_11_plus,284,822,0.11678832116788321,0.11435523114355231,0.7688564476885644,0.1,0.0528169014084507,35.72722699435949,0.09367396593673966,0.01824817518248175,0.0036496350364963502,0.902676399026764,6.220779220779221,4.0,511.987012987013
chosen_surprisal__page_wmax_causal,causal,steps_11_plus,284,822,0.11678832116788321,0.11435523114355231,0.7688564476885644,0.2,0.17253521126760563,26.130126984802367,0.21046228710462286,0.024330900243309004,0.015815085158150853,0.7737226277372263,6.017341040462428,5.0,514.335260115607
chosen_surprisal__page_wmax_causal,causal,steps_11_plus,284,822,0.11678832116788321,0.11435523114355231,0.7688564476885644,0.3,0.2605633802816901,22.298423979157945,0.2944038929440389,0.037712895377128956,0.030413625304136254,0.6751824817518248,6.008264462809917,5.0,496.24793388429754
chosen_surprisal__page_wmax_causal,causal,cell=pb_gsm8k_q4,193,207,0.3333333333333333,0.10144927536231885,0.5652173913043478,0.05,0.04145077720207254,16.359364843190352,0.11594202898550725,0.033816425120772944,0.0,0.8840579710144928,2.125,1.0,183.125
chosen_surprisal__page_wmax_causal,causal,cell=pb_gsm8k_q4,193,207,0.3333333333333333,0.10144927536231885,0.5652173913043478,0.1,0.09326424870466321,15.039917362493084,0.16908212560386474,0.05314009661835749,0.004830917874396135,0.8260869565217391,1.8,1.0,143.05714285714285
chosen_surprisal__page_wmax_causal,causal,cell=pb_gsm8k_q4,193,207,0.3333333333333333,0.10144927536231885,0.5652173913043478,0.2,0.19689119170984457,13.108710268663229,0.2608695652173913,0.07729468599033816,0.00966183574879227,0.7294685990338164,1.9814814814814814,1.0,151.3148148148148
chosen_surprisal__page_wmax_causal,causal,cell=pb_gsm8k_q4,193,207,0.3333333333333333,0.10144927536231885,0.5652173913043478,0.3,0.2849740932642487,11.99527483078842,0.3285024154589372,0.1111111111111111,0.00966183574879227,0.6618357487922706,1.8823529411764706,1.0,136.38235294117646
chosen_surprisal__page_wmax_causal,causal,cell=pb_gsm8k_q8,193,207,0.3333333333333333,0.09178743961352658,0.5748792270531401,0.05,0.04145077720207254,18.210157596322354,0.07246376811594203,0.014492753623188406,0.0,0.927536231884058,2.933333333333333,2.0,245.13333333333333
chosen_surprisal__page_wmax_causal,causal,cell=pb_gsm8k_q8,193,207,0.3333333333333333,0.09178743961352658,0.5748792270531401,0.1,0.09326424870466321,15.039917362493084,0.17391304347826086,0.05314009661835749,0.00966183574879227,0.8164251207729468,1.9166666666666667,1.0,150.08333333333334
chosen_surprisal__page_wmax_causal,causal,cell=pb_gsm8k_q8,193,207,0.3333333333333333,0.09178743961352658,0.5748792270531401,0.2,0.19689119170984457,12.869141079747715,0.2898550724637681,0.0966183574879227,0.00966183574879227,0.7004830917874396,1.7166666666666666,1.0,133.76666666666668
chosen_surprisal__page_wmax_causal,causal,cell=pb_gsm8k_q8,193,207,0.3333333333333333,0.09178743961352658,0.5748792270531401,0.3,0.29533678756476683,11.83086997488609,0.34299516908212563,0.12560386473429952,0.014492753623188406,0.642512077294686,1.647887323943662,1.0,124.2394366197183
chosen_surprisal__page_wmax_causal,causal,cell=pb_math_q4,406,594,0.21043771043771045,0.10101010101010101,0.6885521885521886,0.05,0.027093596059113302,26.130126984802367,0.09427609427609428,0.008417508417508417,0.003367003367003367,0.9023569023569024,4.267857142857143,4.0,474.4642857142857
chosen_surprisal__page_wmax_causal,causal,cell=pb_math_q4,406,594,0.21043771043771045,0.10101010101010101,0.6885521885521886,0.1,0.09852216748768473,21.018772319528278,0.19696969696969696,0.026936026936026935,0.011784511784511785,0.7912457912457912,3.4615384615384617,3.0,373.7521367521368
chosen_surprisal__page_wmax_causal,causal,cell=pb_math_q4,406,594,0.21043771043771045,0.10101010101010101,0.6885521885521886,0.2,0.16995073891625614,17.511355927330182,0.3063973063973064,0.050505050505050504,0.02356902356902357,0.67003367003367,2.934065934065934,2.0,298.13186813186815
chosen_surprisal__page_wmax_causal,causal,cell=pb_math_q4,406,594,0.21043771043771045,0.10101010101010101,0.6885521885521886,0.3,0.2832512315270936,15.039917362493084,0.4175084175084175,0.09595959595959595,0.03198653198653199,0.5505050505050505,2.528225806451613,2.0,250.71774193548387
chosen_surprisal__page_wmax_causal,causal,cell=pb_math_q8,406,594,0.21717171717171718,0.08585858585858586,0.696969696969697,0.05,0.04433497536945813,23.93911121339629,0.12626262626262627,0.015151515151515152,0.005050505050505051,0.8686868686868687,3.7466666666666666,3.0,429.0933333333333
chosen_surprisal__page_wmax_causal,causal,cell=pb_math_q8,406,594,0.21717171717171718,0.08585858585858586,0.696969696969697,0.1,0.08374384236453201,21.018772319528278,0.1835016835016835,0.021885521885521887,0.005050505050505051,0.8114478114478114,3.458715596330275,3.0,376.2201834862385
chosen_surprisal__page_wmax_causal,causal,cell=pb_math_q8,406,594,0.21717171717171718,0.08585858585858586,0.696969696969697,0.2,0.19704433497536947,16.934624575991105,0.30808080808080807,0.04208754208754209,0.018518518518518517,0.6734006734006734,3.060109289617486,2.0,314.94535519125685
chosen_surprisal__page_wmax_causal,causal,cell=pb_math_q8,406,594,0.21717171717171718,0.08585858585858586,0.696969696969697,0.3,0.2881773399014778,14.68952561343273,0.43434343434343436,0.09427609427609428,0.03535353535353535,0.5303030303030303,2.5775193798449614,2.0,258.5891472868217
chosen_surprisal__page_wmax_causal,causal,cell=pb_olympiadbench_q4,339,661,0.22995461422087746,0.12405446293494705,0.6459909228441755,0.05,0.014749262536873156,35.72722699435949,0.0453857791225416,0.012102874432677761,0.0015128593040847202,0.9531013615733737,5.433333333333334,3.0,471.93333333333334
chosen_surprisal__page_wmax_causal,causal,cell=pb_olympiadbench_q4,339,661,0.22995461422087746,0.12405446293494705,0.6459909228441755,0.1,0.061946902654867256,29.810682765348226,0.07413010590015129,0.018154311649016642,0.0045385779122541605,0.9213313161875946,4.469387755102041,3.0,463.2040816326531
chosen_surprisal__page_wmax_causal,causal,cell=pb_olympiadbench_q4,339,661,0.22995461422087746,0.12405446293494705,0.6459909228441755,0.2,0.17404129793510326,22.298423979157945,0.1664145234493192,0.03479576399394856,0.01361573373676248,0.8199697428139183,4.027272727272727,3.0,409.7090909090909
chosen_surprisal__page_wmax_causal,causal,cell=pb_olympiadbench_q4,339,661,0.22995461422087746,0.12405446293494705,0.6459909228441755,0.3,0.2890855457227139,18.93558228764586,0.2632375189107413,0.07110438729198185,0.028744326777609682,0.708018154311649,3.528735632183908,2.5,361.5402298850575
chosen_surprisal__page_wmax_causal,causal,cell=pb_olympiadbench_q8,339,661,0.22844175491679275,0.14069591527987896,0.6308623298033282,0.05,0.02064896755162242,35.72722699435949,0.036308623298033284,0.01059001512859304,0.0015128593040847202,0.962178517397882,5.375,3.0,458.8333333333333
chosen_surprisal__page_wmax_causal,causal,cell=pb_olympiadbench_q8,339,661,0.22844175491679275,0.14069591527987896,0.6308623298033282,0.1,0.08259587020648967,26.130126984802367,0.1059001512859304,0.024205748865355523,0.0045385779122541605,0.8895612708018155,4.185714285714286,3.0,427.27142857142854
chosen_surprisal__page_wmax_causal,causal,cell=pb_olympiadbench_q8,339,661,0.22844175491679275,0.14069591527987896,0.6308623298033282,0.2,0.16224188790560473,22.298423979157945,0.1649016641452345,0.04236006051437216,0.01059001512859304,0.8245083207261724,3.9357798165137616,3.0,392.13761467889907
chosen_surprisal__page_wmax_causal,causal,cell=pb_olympiadbench_q8,339,661,0.22844175491679275,0.14069591527987896,0.6308623298033282,0.3,0.27728613569321536,18.93558228764586,0.2481089258698941,0.07413010590015129,0.019667170953101363,0.7322239031770046,3.475609756097561,2.0,351.8353658536585
chosen_surprisal__page_wmax_causal,causal,cell=pb_omnimath_q4,241,759,0.17654808959156784,0.09617918313570488,0.7272727272727273,0.05,0.04979253112033195,29.810682765348226,0.06982872200263504,0.010540184453227932,0.003952569169960474,0.9262187088274044,3.547169811320755,3.0,461.24528301886795
chosen_surprisal__page_wmax_causal,causal,cell=pb_omnimath_q4,241,759,0.17654808959156784,0.09617918313570488,0.7272727272727273,0.1,0.07468879668049792,26.130126984802367,0.1067193675889328,0.011857707509881422,0.006587615283267457,0.8866930171277997,3.876543209876543,3.0,464.4691358024691
chosen_surprisal__page_wmax_causal,causal,cell=pb_omnimath_q4,241,759,0.17654808959156784,0.09617918313570488,0.7272727272727273,0.2,0.1991701244813278,18.93558228764586,0.2437417654808959,0.043478260869565216,0.015810276679841896,0.7404479578392622,3.443243243243243,3.0,412.77837837837836
chosen_surprisal__page_wmax_causal,causal,cell=pb_omnimath_q4,241,759,0.17654808959156784,0.09617918313570488,0.7272727272727273,0.3,0.24896265560165975,18.210157596322354,0.2779973649538867,0.05665349143610013,0.021080368906455864,0.7009222661396575,3.3175355450236967,2.0,398.3080568720379
chosen_surprisal__page_wmax_causal,causal,cell=pb_omnimath_q8,241,759,0.17391304347826086,0.11594202898550725,0.7101449275362319,0.05,0.029045643153526972,35.72722699435949,0.03689064558629776,0.003952569169960474,0.002635046113306983,0.9604743083003953,3.2857142857142856,3.0,480.4642857142857
chosen_surprisal__page_wmax_causal,causal,cell=pb_omnimath_q8,241,759,0.17391304347826086,0.11594202898550725,0.7101449275362319,0.1,0.0912863070539419,23.93911121339629,0.13965744400527008,0.019762845849802372,0.007905138339920948,0.852437417654809,3.9150943396226414,3.0,469.8679245283019
chosen_surprisal__page_wmax_causal,causal,cell=pb_omnimath_q8,241,759,0.17391304347826086,0.11594202898550725,0.7101449275362319,0.2,0.1991701244813278,18.210157596322354,0.23715415019762845,0.039525691699604744,0.02766798418972332,0.7351778656126482,3.5388888888888888,3.0,418.97222222222223
chosen_surprisal__page_wmax_causal,causal,cell=pb_omnimath_q8,241,759,0.17391304347826086,0.11594202898550725,0.7101449275362319,0.3,0.2863070539419087,16.359364843190352,0.31357048748353095,0.05401844532279315,0.03557312252964427,0.6508563899868248,3.403361344537815,3.0,403.7352941176471
logprob_margin__top5_causal,causal,macro8_all,2358,4442,0.1945069788383611,0.5306168392615939,0.27487618190004504,0.05,0.029686174724342665,1.9844517282596423,0.00675371454299865,0.002476361999099505,0.013057181449797388,0.9801891040072039,3.3,1.0,348.06666666666666
logprob_margin__top5_causal,causal,macro8_all,2358,4442,0.1945069788383611,0.5306168392615939,0.27487618190004504,0.1,0.08948261238337574,1.8056550608145627,0.0225123818099955,0.01170643854119766,0.046375506528590724,0.9311121116614138,3.14,0.0,281.2
logprob_margin__top5_causal,causal,macro8_all,2358,4442,0.1945069788383611,0.5306168392615939,0.27487618190004504,0.2,0.19296013570822731,1.6653329484540225,0.05290409725348942,0.025213867627194957,0.10941017559657812,0.8376857271499325,2.753191489361702,1.0,284.06382978723406
logprob_margin__top5_causal,causal,macro8_all,2358,4442,0.1945069788383611,0.5306168392615939,0.27487618190004504,0.3,0.29855810008481765,1.5741817221044074,0.08036920306168392,0.038271049076992344,0.17964880684376408,0.739981990094552,2.453781512605042,1.0,262.327731092437
logprob_margin__top5_causal,causal,steps_2_to_5,950,1312,0.30335365853658536,0.47103658536585363,0.22560975609756098,0.05,0.04736842105263158,1.8056550608145627,0.01600609756097561,0.012195121951219513,0.022865853658536585,0.9611280487804879,0.42857142857142855,0.0,108.57142857142857
logprob_margin__top5_causal,causal,steps_2_to_5,950,1312,0.30335365853658536,0.47103658536585363,0.22560975609756098,0.1,0.09263157894736843,1.710555044326625,0.03429878048780488,0.023628048780487805,0.041158536585365856,0.9245426829268293,0.5111111111111111,0.0,107.93333333333334
logprob_margin__top5_causal,causal,steps_2_to_5,950,1312,0.30335365853658536,0.47103658536585363,0.22560975609756098,0.2,0.19263157894736843,1.5741817221044074,0.06021341463414634,0.04496951219512195,0.11051829268292683,0.8292682926829268,0.4050632911392405,0.0,72.60759493670886
logprob_margin__top5_causal,causal,steps_2_to_5,950,1312,0.30335365853658536,0.47103658536585363,0.22560975609756098,0.3,0.3,1.500655717768269,0.09832317073170732,0.07393292682926829,0.17378048780487804,0.7278963414634146,0.3798449612403101,0.0,53.21705426356589
logprob_margin__top5_causal,causal,steps_6_to_10,1124,2308,0.1572790294627383,0.5762564991334489,0.26646447140381285,0.05,0.03291814946619217,1.9844517282596423,0.00389948006932409,0.0017331022530329288,0.013431542461005199,0.9826689774696707,2.111111111111111,1.0,324.55555555555554
logprob_margin__top5_causal,causal,steps_6_to_10,1124,2308,0.1572790294627383,0.5762564991334489,0.26646447140381285,0.1,0.08896797153024912,1.8056550608145627,0.016031195840554593,0.010398613518197574,0.04462738301559792,0.9393414211438474,0.918918918918919,0.0,154.05405405405406
logprob_margin__top5_causal,causal,steps_6_to_10,1124,2308,0.1572790294627383,0.5762564991334489,0.26646447140381285,0.2,0.19839857651245552,1.6532793312849574,0.04419410745233969,0.02296360485268631,0.11481802426343155,0.8409878682842288,1.9019607843137254,0.0,267.8921568627451
logprob_margin__top5_causal,causal,steps_6_to_10,1124,2308,0.1572790294627383,0.5762564991334489,0.26646447140381285,0.3,0.29359430604982206,1.5741817221044074,0.07192374350086655,0.03292894280762565,0.1733102253032929,0.7547660311958405,1.8253012048192772,1.0,261.39156626506025
logprob_margin__top5_causal,causal,steps_11_plus,284,822,0.12530413625304138,0.4975669099756691,0.3771289537712895,0.1,0.06690140845070422,1.9844517282596423,0.0170316301703163,0.004866180048661801,0.021897810218978103,0.9610705596107056,5.357142857142857,5.0,487.7142857142857
logprob_margin__top5_causal,causal,steps_11_plus,284,822,0.12530413625304138,0.4975669099756691,0.3771289537712895,0.2,0.18661971830985916,1.8412087942554707,0.0413625304136253,0.009732360097323601,0.07420924574209246,0.8844282238442822,6.352941176470588,6.0,521.1176470588235
logprob_margin__top5_causal,causal,steps_11_plus,284,822,0.12530413625304138,0.4975669099756691,0.3771289537712895,0.3,0.28169014084507044,1.7515459699331375,0.06082725060827251,0.01338199513381995,0.13260340632603407,0.8065693430656934,5.72,4.0,448.12
logprob_margin__top5_causal,causal,cell=pb_gsm8k_q4,193,207,0.30917874396135264,0.40096618357487923,0.2898550724637681,0.05,0.04145077720207254,1.6938912086072104,0.00966183574879227,0.004830917874396135,0.0,0.9903381642512077,5.5,5.5,446.5
logprob_margin__top5_causal,causal,cell=pb_gsm8k_q4,193,207,0.30917874396135264,0.40096618357487923,0.2898550724637681,0.1,0.09326424870466321,1.5921032256184335,0.028985507246376812,0.01932367149758454,0.024154589371980676,0.9468599033816425,3.3333333333333335,0.0,288.3333333333333
logprob_margin__top5_causal,causal,cell=pb_gsm8k_q4,193,207,0.30917874396135264,0.40096618357487923,0.2898550724637681,0.2,0.17616580310880828,1.5181775464244034,0.06280193236714976,0.028985507246376812,0.06280193236714976,0.8743961352657005,2.4615384615384617,1.0,196.84615384615384
logprob_margin__top5_causal,causal,cell=pb_gsm8k_q4,193,207,0.30917874396135264,0.40096618357487923,0.2898550724637681,0.3,0.29015544041450775,1.4734552262296883,0.1111111111111111,0.06763285024154589,0.10628019323671498,0.782608695652174,1.434782608695652,0.0,114.43478260869566
logprob_margin__top5_causal,causal,cell=pb_gsm8k_q8,193,207,0.34299516908212563,0.33816425120772947,0.3188405797101449,0.05,0.046632124352331605,1.5921032256184335,0.024154589371980676,0.014492753623188406,0.00966183574879227,0.966183574879227,4.0,0.0,346.0
logprob_margin__top5_causal,causal,cell=pb_gsm8k_q8,193,207,0.34299516908212563,0.33816425120772947,0.3188405797101449,0.1,0.09844559585492228,1.532222437460487,0.04830917874396135,0.028985507246376812,0.028985507246376812,0.9227053140096618,2.6,0.0,213.1
logprob_margin__top5_causal,causal,cell=pb_gsm8k_q8,193,207,0.34299516908212563,0.33816425120772947,0.3188405797101449,0.2,0.19689119170984457,1.4537823437937007,0.1111111111111111,0.05314009661835749,0.06280193236714976,0.8260869565217391,1.8695652173913044,1.0,155.30434782608697
logprob_margin__top5_causal,causal,cell=pb_gsm8k_q8,193,207,0.34299516908212563,0.33816425120772947,0.3188405797101449,0.3,0.2849740932642487,1.4136457351232108,0.13043478260869565,0.07729468599033816,0.10628019323671498,0.7632850241545893,1.3703703703703705,0.0,107.81481481481481
logprob_margin__top5_causal,causal,cell=pb_math_q4,406,594,0.2356902356902357,0.4831649831649832,0.28114478114478114,0.05,0.04926108374384237,1.9844517282596423,0.006734006734006734,0.003367003367003367,0.018518518518518517,0.9747474747474747,4.5,2.5,507.5
logprob_margin__top5_causal,causal,cell=pb_math_q4,406,594,0.2356902356902357,0.4831649831649832,0.28114478114478114,0.1,0.08866995073891626,1.8412087942554707,0.018518518518518517,0.010101010101010102,0.04713804713804714,0.9343434343434344,2.5454545454545454,0.0,263.45454545454544
logprob_margin__top5_causal,causal,cell=pb_math_q4,406,594,0.2356902356902357,0.4831649831649832,0.28114478114478114,0.2,0.19704433497536947,1.6532793312849574,0.08080808080808081,0.04208754208754209,0.13468013468013468,0.7845117845117845,2.0208333333333335,0.0,238.625
logprob_margin__top5_causal,causal,cell=pb_math_q4,406,594,0.2356902356902357,0.4831649831649832,0.28114478114478114,0.3,0.2955665024630542,1.5824655327231953,0.10437710437710437,0.05218855218855219,0.19023569023569023,0.7053872053872053,1.8870967741935485,0.5,211.06451612903226
logprob_margin__top5_causal,causal,cell=pb_math_q8,406,594,0.2474747474747475,0.4208754208754209,0.33164983164983164,0.05,0.034482758620689655,1.9844517282596423,0.006734006734006734,0.005050505050505051,0.015151515151515152,0.9781144781144782,1.25,0.0,155.25
logprob_margin__top5_causal,causal,cell=pb_math_q8,406,594,0.2474747474747475,0.4208754208754209,0.33164983164983164,0.1,0.08374384236453201,1.8056550608145627,0.026936026936026935,0.016835016835016835,0.04713804713804714,0.9259259259259259,2.1875,0.0,255.4375
logprob_margin__top5_causal,causal,cell=pb_math_q8,406,594,0.2474747474747475,0.4208754208754209,0.33164983164983164,0.2,0.19458128078817735,1.6425098825114914,0.06734006734006734,0.030303030303030304,0.10942760942760943,0.8232323232323232,2.35,1.0,289.075
logprob_margin__top5_causal,causal,cell=pb_math_q8,406,594,0.2474747474747475,0.4208754208754209,0.33164983164983164,0.3,0.2955665024630542,1.5518635985236482,0.09764309764309764,0.04713804713804714,0.18181818181818182,0.7205387205387206,1.6551724137931034,1.0,190.20689655172413
logprob_margin__top5_causal,causal,cell=pb_olympiadbench_q4,339,661,0.17397881996974282,0.5748865355521936,0.25113464447806355,0.05,0.04424778761061947,1.8900493713372717,0.018154311649016642,0.009077155824508321,0.025718608169440244,0.9561270801815431,3.1666666666666665,1.0,343.1666666666667
logprob_margin__top5_causal,causal,cell=pb_olympiadbench_q4,339,661,0.17397881996974282,0.5748865355521936,0.25113464447806355,0.1,0.07079646017699115,1.8412087942554707,0.0226928895612708,0.01059001512859304,0.04084720121028744,0.9364599092284418,3.7333333333333334,1.0,341.6
logprob_margin__top5_causal,causal,cell=pb_olympiadbench_q4,339,661,0.17397881996974282,0.5748865355521936,0.25113464447806355,0.2,0.1887905604719764,1.7295778808882278,0.046898638426626324,0.02118003025718608,0.09833585476550681,0.8547655068078669,4.225806451612903,1.0,322.1290322580645
logprob_margin__top5_causal,causal,cell=pb_olympiadbench_q4,339,661,0.17397881996974282,0.5748865355521936,0.25113464447806355,0.3,0.2890855457227139,1.6532793312849574,0.06959152798789713,0.030257186081694403,0.1649016641452345,0.7655068078668684,3.3043478260869565,1.0,304.2391304347826
logprob_margin__top5_causal,causal,cell=pb_olympiadbench_q8,339,661,0.16036308623298035,0.5582450832072617,0.2813918305597579,0.05,0.0471976401179941,1.8412087942554707,0.015128593040847202,0.0045385779122541605,0.03328290468986384,0.9515885022692889,5.1,4.0,427.1
logprob_margin__top5_causal,causal,cell=pb_olympiadbench_q8,339,661,0.16036308623298035,0.5582450832072617,0.2813918305597579,0.1,0.09734513274336283,1.7758194412744344,0.02723146747352496,0.01361573373676248,0.049924357034795766,0.9228441754916793,3.111111111111111,1.0,306.44444444444446
logprob_margin__top5_causal,causal,cell=pb_olympiadbench_q8,339,661,0.16036308623298035,0.5582450832072617,0.2813918305597579,0.2,0.18289085545722714,1.710555044326625,0.0529500756429652,0.0226928895612708,0.08472012102874432,0.8623298033282905,3.9714285714285715,1.0,306.0285714285714
logprob_margin__top5_causal,causal,cell=pb_olympiadbench_q8,339,661,0.16036308623298035,0.5582450832072617,0.2813918305597579,0.3,0.2890855457227139,1.6299775299812884,0.06959152798789713,0.036308623298033284,0.13767019667170954,0.7927382753403933,3.282608695652174,0.0,273.4782608695652
logprob_margin__top5_causal,causal,cell=pb_omnimath_q4,241,759,0.1370223978919631,0.6337285902503293,0.22924901185770752,0.1,0.058091286307053944,1.9844517282596423,0.007905138339920948,0.0,0.022397891963109356,0.9696969696969697,2.6666666666666665,2.0,306.6666666666667
logprob_margin__top5_causal,causal,cell=pb_omnimath_q4,241,759,0.1370223978919631,0.6337285902503293,0.22924901185770752,0.2,0.1991701244813278,1.710555044326625,0.03162055335968379,0.011857707509881422,0.1067193675889328,0.8616600790513834,2.125,1.5,273.3333333333333
logprob_margin__top5_causal,causal,cell=pb_omnimath_q4,241,759,0.1370223978919631,0.6337285902503293,0.22924901185770752,0.3,0.2987551867219917,1.6425098825114914,0.05006587615283267,0.025032938076416336,0.15942028985507245,0.7905138339920948,2.263157894736842,0.5,275.60526315789474
logprob_margin__top5_causal,causal,cell=pb_omnimath_q8,241,759,0.1541501976284585,0.5757575757575758,0.27009222661396576,0.05,0.04979253112033195,1.9844517282596423,0.006587615283267457,0.0013175230566534915,0.010540184453227932,0.9828722002635046,2.6,2.0,359.0
logprob_margin__top5_causal,causal,cell=pb_omnimath_q8,241,759,0.1541501976284585,0.5757575757575758,0.27009222661396576,0.1,0.08713692946058091,1.8900493713372717,0.00922266139657444,0.0013175230566534915,0.022397891963109356,0.9683794466403162,4.142857142857143,3.0,340.7142857142857
logprob_margin__top5_causal,causal,cell=pb_omnimath_q8,241,759,0.1541501976284585,0.5757575757575758,0.27009222661396576,0.2,0.1991701244813278,1.710555044326625,0.03293807641633729,0.011857707509881422,0.0764163372859025,0.8906455862977603,2.2,1.0,252.16
logprob_margin__top5_causal,causal,cell=pb_omnimath_q8,241,759,0.1541501976284585,0.5757575757575758,0.27009222661396576,0.3,0.29045643153526973,1.600574309849032,0.057971014492753624,0.025032938076416336,0.14624505928853754,0.7957839262187089,2.590909090909091,1.0,286.3636363636364
logprob_margin__page_wmax_causal,causal,macro8_all,2358,4442,0.24786132372805042,0.28478162989644307,0.4673570463755065,0.05,0.033927056827820185,38.459813263636576,0.05605583070688879,0.014407924358397118,0.00810445745159838,0.9358397118415128,3.3734939759036147,2.0,373.4497991967871
logprob_margin__page_wmax_causal,causal,macro8_all,2358,4442,0.24786132372805042,0.28478162989644307,0.4673570463755065,0.1,0.09626802374893978,26.260916305993298,0.11931562359297614,0.04434939216569113,0.031067086897793788,0.8496172895092301,2.4377358490566037,1.0,280.15849056603776
logprob_margin__page_wmax_causal,causal,macro8_all,2358,4442,0.24786132372805042,0.28478162989644307,0.4673570463755065,0.2,0.19338422391857507,19.337084992762083,0.18505177847816298,0.07811796488068437,0.06933813597478614,0.7456100855470509,2.2469586374695862,1.0,238.7396593673966
logprob_margin__page_wmax_causal,causal,macro8_all,2358,4442,0.24786132372805042,0.28478162989644307,0.4673570463755065,0.3,0.2960135708227311,15.025729288309641,0.2420081044574516,0.11053579468707789,0.1343989194056731,0.6235929761368753,1.8213953488372092,1.0,194.16930232558138
logprob_margin__page_wmax_causal,causal,steps_2_to_5,950,1312,0.36814024390243905,0.24466463414634146,0.3871951219512195,0.05,0.04842105263157895,21.067397295156642,0.0625,0.037347560975609755,0.019054878048780487,0.9184451219512195,0.5609756097560976,0.0,121.02439024390245
logprob_margin__page_wmax_causal,causal,steps_2_to_5,950,1312,0.36814024390243905,0.24466463414634146,0.3871951219512195,0.1,0.09789473684210526,16.809423175604174,0.10442073170731707,0.06402439024390244,0.03277439024390244,0.8628048780487805,0.5401459854014599,0.0,99.14598540145985
logprob_margin__page_wmax_causal,causal,steps_2_to_5,950,1312,0.36814024390243905,0.24466463414634146,0.3871951219512195,0.2,0.19789473684210526,12.79745873682302,0.17530487804878048,0.10975609756097561,0.07393292682926829,0.7507621951219512,0.5826086956521739,0.0,82.25652173913043
logprob_margin__page_wmax_causal,causal,steps_2_to_5,950,1312,0.36814024390243905,0.24466463414634146,0.3871951219512195,0.3,0.2894736842105263,10.050318210431561,0.24390243902439024,0.15472560975609756,0.13033536585365854,0.6257621951219512,0.565625,0.0,73.953125
logprob_margin__page_wmax_causal,causal,steps_6_to_10,1124,2308,0.21447140381282495,0.3214904679376083,0.46403812824956675,0.05,0.04893238434163701,34.06220832182679,0.06499133448873484,0.01949740034662045,0.010831889081455806,0.9241767764298093,2.013333333333333,1.0,324.3066666666667
logprob_margin__page_wmax_causal,causal,steps_6_to_10,1124,2308,0.21447140381282495,0.3214904679376083,0.46403812824956675,0.1,0.08362989323843416,28.318752015103147,0.09705372616984402,0.03552859618717504,0.022530329289428077,0.8804159445407279,1.8169642857142858,1.0,278.8705357142857
logprob_margin__page_wmax_causal,causal,steps_6_to_10,1124,2308,0.21447140381282495,0.3214904679376083,0.46403812824956675,0.2,0.18861209964412812,21.067397295156642,0.15901213171577122,0.0684575389948007,0.05025996533795494,0.7907279029462738,1.659400544959128,1.0,232.41689373297004
logprob_margin__page_wmax_causal,causal,steps_6_to_10,1124,2308,0.21447140381282495,0.3214904679376083,0.46403812824956675,0.3,0.29537366548042704,16.313596379623664,0.22616984402079723,0.09835355285961872,0.11655112651646447,0.6572790294627383,1.5517241379310345,1.0,193.17241379310346
logprob_margin__page_wmax_causal,causal,steps_11_plus,284,822,0.14963503649635038,0.24574209245742093,0.6046228710462287,0.05,0.04225352112676056,57.64159326455518,0.06934306569343066,0.015815085158150853,0.004866180048661801,0.9257907542579076,3.807017543859649,2.0,344.140350877193
logprob_margin__page_wmax_causal,causal,steps_11_plus,284,822,0.14963503649635038,0.24574209245742093,0.6046228710462287,0.1,0.09154929577464789,45.62690976084844,0.12165450121654502,0.025547445255474453,0.014598540145985401,0.8637469586374696,4.55,3.0,392.05
logprob_margin__page_wmax_causal,causal,steps_11_plus,284,822,0.14963503649635038,0.24574209245742093,0.6046228710462287,0.2,0.19718309859154928,34.06220832182679,0.1897810218978102,0.05596107055961071,0.037712895377128956,0.7725060827250608,4.019230769230769,3.0,345.03205128205127
logprob_margin__page_wmax_causal,causal,steps_11_plus,284,822,0.14963503649635038,0.24574209245742093,0.6046228710462287,0.3,0.28169014084507044,28.318752015103147,0.25060827250608275,0.08150851581508516,0.06326034063260341,0.6861313868613139,3.679611650485437,3.0,328.1601941747573
logprob_margin__page_wmax_causal,causal,cell=pb_gsm8k_q4,193,207,0.357487922705314,0.2222222222222222,0.42028985507246375,0.05,0.04145077720207254,13.335249538803367,0.13043478260869565,0.06280193236714976,0.00966183574879227,0.8599033816425121,1.2222222222222223,1.0,93.74074074074075
logprob_margin__page_wmax_causal,causal,cell=pb_gsm8k_q4,193,207,0.357487922705314,0.2222222222222222,0.42028985507246375,0.1,0.09844559585492228,10.70057331969833,0.16908212560386474,0.0966183574879227,0.024154589371980676,0.8067632850241546,1.0857142857142856,0.0,81.57142857142857
logprob_margin__page_wmax_causal,causal,cell=pb_gsm8k_q4,193,207,0.357487922705314,0.2222222222222222,0.42028985507246375,0.2,0.18652849740932642,9.250895831085677,0.2222222222222222,0.13043478260869565,0.04830917874396135,0.7294685990338164,1.0869565217391304,0.0,71.93478260869566
logprob_margin__page_wmax_causal,causal,cell=pb_gsm8k_q4,193,207,0.357487922705314,0.2222222222222222,0.42028985507246375,0.3,0.29015544041450775,8.246827049972431,0.28019323671497587,0.1497584541062802,0.06763285024154589,0.6521739130434783,1.2758620689655173,0.0,80.5
logprob_margin__page_wmax_causal,causal,cell=pb_gsm8k_q8,193,207,0.3526570048309179,0.2222222222222222,0.4251207729468599,0.05,0.046632124352331605,12.79745873682302,0.14492753623188406,0.057971014492753624,0.00966183574879227,0.8454106280193237,1.7666666666666666,1.0,133.2
logprob_margin__page_wmax_causal,causal,cell=pb_gsm8k_q8,193,207,0.3526570048309179,0.2222222222222222,0.4251207729468599,0.1,0.09844559585492228,11.036244072089488,0.15458937198067632,0.07246376811594203,0.028985507246376812,0.8164251207729468,1.3125,1.0,95.5
logprob_margin__page_wmax_causal,causal,cell=pb_gsm8k_q8,193,207,0.3526570048309179,0.2222222222222222,0.4251207729468599,0.2,0.19170984455958548,9.127390718754347,0.22705314009661837,0.13043478260869565,0.05314009661835749,0.7198067632850241,1.2340425531914894,0.0,80.8936170212766
logprob_margin__page_wmax_causal,causal,cell=pb_gsm8k_q8,193,207,0.3526570048309179,0.2222222222222222,0.4251207729468599,0.3,0.29533678756476683,8.141496082294424,0.2608695652173913,0.1497584541062802,0.06763285024154589,0.6714975845410628,1.2222222222222223,0.0,78.94444444444444
logprob_margin__page_wmax_causal,causal,cell=pb_math_q4,406,594,0.2474747474747475,0.2474747474747475,0.5050505050505051,0.05,0.04433497536945813,28.318752015103147,0.08922558922558922,0.03198653198653199,0.018518518518518517,0.8922558922558923,2.830188679245283,1.0,311.41509433962267
logprob_margin__page_wmax_causal,causal,cell=pb_math_q4,406,594,0.2474747474747475,0.2474747474747475,0.5050505050505051,0.1,0.0960591133004926,23.29296930415819,0.12457912457912458,0.04040404040404041,0.03535353535353535,0.8400673400673401,2.554054054054054,1.5,303.5
logprob_margin__page_wmax_causal,causal,cell=pb_math_q4,406,594,0.2474747474747475,0.2474747474747475,0.5050505050505051,0.2,0.19458128078817735,16.809423175604174,0.20033670033670034,0.08249158249158249,0.08249158249158249,0.7171717171717171,1.949579831932773,1.0,204.2689075630252
logprob_margin__page_wmax_causal,causal,cell=pb_math_q4,406,594,0.2474747474747475,0.2474747474747475,0.5050505050505051,0.3,0.2733990147783251,13.96013471490854,0.2474747474747475,0.11447811447811448,0.12962962962962962,0.622895622895623,1.5714285714285714,1.0,159.85714285714286
logprob_margin__page_wmax_causal,causal,cell=pb_math_q8,406,594,0.25084175084175087,0.2356902356902357,0.5134680134680135,0.05,0.04926108374384237,28.318752015103147,0.09259259259259259,0.03367003367003367,0.018518518518518517,0.8888888888888888,2.6,1.0,280.6727272727273
logprob_margin__page_wmax_causal,causal,cell=pb_math_q8,406,594,0.25084175084175087,0.2356902356902357,0.5134680134680135,0.1,0.08620689655172414,24.640547408233328,0.12289562289562289,0.04377104377104377,0.03198653198653199,0.8451178451178452,2.6986301369863015,1.0,306.64383561643837
logprob_margin__page_wmax_causal,causal,cell=pb_math_q8,406,594,0.25084175084175087,0.2356902356902357,0.5134680134680135,0.2,0.19458128078817735,16.809423175604174,0.20707070707070707,0.08585858585858586,0.08417508417508418,0.7087542087542088,2.008130081300813,1.0,205.52032520325204
logprob_margin__page_wmax_causal,causal,cell=pb_math_q8,406,594,0.25084175084175087,0.2356902356902357,0.5134680134680135,0.3,0.2881773399014778,13.96013471490854,0.25252525252525254,0.12794612794612795,0.132996632996633,0.6144781144781145,1.56,0.0,150.98666666666668
logprob_margin__page_wmax_causal,causal,cell=pb_olympiadbench_q4,339,661,0.24659606656580937,0.3161875945537065,0.4372163388804841,0.05,0.04424778761061947,38.459813263636576,0.06656580937972768,0.019667170953101363,0.012102874432677761,0.9213313161875946,3.7954545454545454,3.0,391.84090909090907
logprob_margin__page_wmax_causal,causal,cell=pb_olympiadbench_q4,339,661,0.24659606656580937,0.3161875945537065,0.4372163388804841,0.1,0.08849557522123894,30.860922743803037,0.1059001512859304,0.04084720121028744,0.03177004538577912,0.8623298033282905,2.9857142857142858,1.0,315.0571428571429
logprob_margin__page_wmax_causal,causal,cell=pb_olympiadbench_q4,339,661,0.24659606656580937,0.3161875945537065,0.4372163388804841,0.2,0.19174041297935104,22.172948636080644,0.19667170953101362,0.08925869894099848,0.07110438729198185,0.7322239031770046,2.0307692307692307,1.0,216.15384615384616
logprob_margin__page_wmax_causal,causal,cell=pb_olympiadbench_q4,339,661,0.24659606656580937,0.3161875945537065,0.4372163388804841,0.3,0.29793510324483774,18.55373264294047,0.23751891074130105,0.11800302571860817,0.11649016641452345,0.6459909228441755,1.732484076433121,1.0,183.6815286624204
logprob_margin__page_wmax_causal,causal,cell=pb_olympiadbench_q8,339,661,0.2526475037821483,0.31164901664145234,0.4357034795763994,0.05,0.0471976401179941,38.459813263636576,0.06959152798789713,0.02118003025718608,0.01361573373676248,0.9167927382753404,3.1956521739130435,1.0,332.04347826086956
logprob_margin__page_wmax_causal,causal,cell=pb_olympiadbench_q8,339,661,0.2526475037821483,0.31164901664145234,0.4357034795763994,0.1,0.0855457227138643,30.860922743803037,0.11649016641452345,0.046898638426626324,0.03328290468986384,0.8502269288956127,2.5844155844155843,1.0,272.75324675324674
logprob_margin__page_wmax_causal,causal,cell=pb_olympiadbench_q8,339,661,0.2526475037821483,0.31164901664145234,0.4357034795763994,0.2,0.1976401179941003,23.29296930415819,0.1800302571860817,0.08623298033282904,0.06505295007564296,0.7549167927382754,1.9747899159663866,1.0,205.71428571428572
logprob_margin__page_wmax_causal,causal,cell=pb_olympiadbench_q8,339,661,0.2526475037821483,0.31164901664145234,0.4357034795763994,0.3,0.2949852507374631,18.55373264294047,0.22995461422087746,0.12708018154311648,0.11951588502269289,0.6505295007564297,1.6513157894736843,0.0,163.17763157894737
logprob_margin__page_wmax_causal,causal,cell=pb_omnimath_q4,241,759,0.21212121212121213,0.3227931488801054,0.4650856389986825,0.05,0.029045643153526972,45.62690976084844,0.04479578392621871,0.007905138339920948,0.005270092226613966,0.9499341238471674,3.0,2.0,400.70588235294116
logprob_margin__page_wmax_causal,causal,cell=pb_omnimath_q4,241,759,0.21212121212121213,0.3227931488801054,0.4650856389986825,0.1,0.06224066390041494,38.459813263636576,0.06851119894598155,0.017127799736495388,0.005270092226613966,0.9262187088274044,3.1346153846153846,2.0,388.71153846153845
logprob_margin__page_wmax_causal,causal,cell=pb_omnimath_q4,241,759,0.21212121212121213,0.3227931488801054,0.4650856389986825,0.2,0.1950207468879668,24.640547408233328,0.14492753623188406,0.04743083003952569,0.02766798418972332,0.8274044795783926,2.6,2.0,294.26363636363635
logprob_margin__page_wmax_causal,causal,cell=pb_omnimath_q4,241,759,0.21212121212121213,0.3227931488801054,0.4650856389986825,0.3,0.2946058091286307,20.21082379295622,0.19894598155467721,0.077733860342556,0.057971014492753624,0.7430830039525692,2.377483443708609,1.0,264.1920529801325
logprob_margin__page_wmax_causal,causal,cell=pb_omnimath_q8,241,759,0.22002635046113306,0.2977602108036891,0.48221343873517786,0.05,0.04564315352697095,45.62690976084844,0.048748353096179184,0.005270092226613966,0.005270092226613966,0.9459815546772069,3.324324324324324,2.0,428.64864864864865
logprob_margin__page_wmax_causal,causal,cell=pb_omnimath_q8,241,759,0.22002635046113306,0.2977602108036891,0.48221343873517786,0.1,0.0954356846473029,34.06220832182679,0.0922266139657444,0.026350461133069828,0.017127799736495388,0.8906455862977603,2.6,1.5,320.6
logprob_margin__page_wmax_causal,causal,cell=pb_omnimath_q8,241,759,0.22002635046113306,0.2977602108036891,0.48221343873517786,0.2,0.17842323651452283,26.260916305993298,0.1383399209486166,0.04479578392621871,0.030303030303030304,0.8313570487483531,2.276190476190476,1.0,276.04761904761904
logprob_margin__page_wmax_causal,causal,cell=pb_omnimath_q8,241,759,0.22002635046113306,0.2977602108036891,0.48221343873517786,0.3,0.29045643153526973,19.337084992762083,0.2147562582345191,0.077733860342556,0.06587615283267458,0.7193675889328063,2.478527607361963,1.0,276.04294478527606
true_tail50__top5_causal,causal,macro8_all,2358,4442,0.294912201710941,0.29468707789284104,0.41040072039621794,0.05,0.04792196776929601,10.726684485036179,0.15871229176046825,0.050877982890589826,0.01846015308419631,0.8228275551553355,2.4127659574468083,2.0,262.06666666666666
true_tail50__top5_causal,causal,macro8_all,2358,4442,0.294912201710941,0.29468707789284104,0.41040072039621794,0.1,0.09881255301102629,9.041141191868968,0.2573165240882485,0.09860423232778028,0.052678973435389465,0.690004502476362,1.9763779527559056,1.0,206.50481189851268
true_tail50__top5_causal,causal,macro8_all,2358,4442,0.294912201710941,0.29468707789284104,0.41040072039621794,0.2,0.19592875318066158,7.446737474041073,0.36109860423232776,0.1629896443043674,0.12629446195407473,0.5126069338135975,1.658354114713217,1.0,171.10349127182045
true_tail50__top5_causal,causal,macro8_all,2358,4442,0.294912201710941,0.29468707789284104,0.41040072039621794,0.3,0.2972858354537744,6.455110101500722,0.3928410625844214,0.19608284556506078,0.22287257991895543,0.38428635749662315,1.4080229226361032,1.0,140.3512893982808
true_tail50__top5_causal,causal,steps_2_to_5,950,1312,0.4009146341463415,0.24923780487804878,0.34984756097560976,0.05,0.045263157894736845,9.346803939644015,0.1402439024390244,0.07240853658536585,0.021341463414634148,0.8384146341463414,0.8369565217391305,0.0,116.42391304347827
true_tail50__top5_causal,causal,steps_2_to_5,950,1312,0.4009146341463415,0.24923780487804878,0.34984756097560976,0.1,0.09368421052631579,8.01918740868599,0.2225609756097561,0.12042682926829268,0.04954268292682927,0.7278963414634146,0.7773972602739726,0.0,103.22945205479452
true_tail50__top5_causal,causal,steps_2_to_5,950,1312,0.4009146341463415,0.24923780487804878,0.34984756097560976,0.2,0.19789473684210526,6.7048513220808115,0.3254573170731707,0.18521341463414634,0.10518292682926829,0.569359756097561,0.6908665105386417,0.0,84.79391100702576
true_tail50__top5_causal,causal,steps_2_to_5,950,1312,0.4009146341463415,0.24923780487804878,0.34984756097560976,0.3,0.28842105263157897,5.8539753650787,0.38948170731707316,0.22942073170731708,0.16692073170731708,0.44359756097560976,0.6340508806262231,0.0,68.57142857142857
true_tail50__top5_causal,causal,steps_6_to_10,1124,2308,0.2703639514731369,0.317157712305026,0.4124783362218371,0.05,0.03113879003558719,12.473659783598281,0.08838821490467938,0.02123050259965338,0.0034662045060658577,0.9081455805892548,2.323529411764706,2.0,321.76960784313724
true_tail50__top5_causal,causal,steps_6_to_10,1124,2308,0.2703639514731369,0.317157712305026,0.4124783362218371,0.1,0.09341637010676157,9.346803939644015,0.24870017331022531,0.09012131715771231,0.03682842287694974,0.7144714038128249,1.789198606271777,1.0,212.95993031358884
true_tail50__top5_causal,causal,steps_6_to_10,1124,2308,0.2703639514731369,0.317157712305026,0.4124783362218371,0.2,0.18861209964412812,7.831127210557002,0.35831889081455803,0.15511265164644714,0.10528596187175043,0.5363951473136915,1.5380894800483675,1.0,175.26602176541718
true_tail50__top5_causal,causal,steps_6_to_10,1124,2308,0.2703639514731369,0.317157712305026,0.4124783362218371,0.3,0.2891459074733096,6.7048513220808115,0.40641247833622185,0.20363951473136915,0.20927209705372618,0.38431542461005197,1.3411513859275053,0.0,144.6588486140725
true_tail50__top5_causal,causal,steps_11_plus,284,822,0.19464720194647203,0.30413625304136255,0.5012165450121655,0.05,0.04929577464788732,12.473659783598281,0.1922141119221411,0.040145985401459854,0.024330900243309004,0.7834549878345499,4.151898734177215,3.0,348.25949367088606
true_tail50__top5_causal,causal,steps_11_plus,284,822,0.19464720194647203,0.30413625304136255,0.5012165450121655,0.1,0.08450704225352113,10.726684485036179,0.27858880778588807,0.072992700729927,0.052311435523114354,0.6690997566909975,3.7336244541484715,3.0,318.9344978165939
true_tail50__top5_causal,causal,steps_11_plus,284,822,0.19464720194647203,0.30413625304136255,0.5012165450121655,0.2,0.176056338028169,9.346803939644015,0.3515815085158151,0.10097323600973236,0.09975669099756691,0.5486618004866181,3.356401384083045,2.0,284.5501730103806
true_tail50__top5_causal,causal,steps_11_plus,284,822,0.19464720194647203,0.30413625304136255,0.5012165450121655,0.3,0.29225352112676056,7.831127210557002,0.4221411192214112,0.1362530413625304,0.18004866180048662,0.3978102189781022,3.276657060518732,2.0,275.38040345821327
true_tail50__top5_causal,causal,cell=pb_gsm8k_q4,193,207,0.4106280193236715,0.30434782608695654,0.28502415458937197,0.05,0.046632124352331605,6.042288818910864,0.2463768115942029,0.13526570048309178,0.024154589371980676,0.7294685990338164,1.2156862745098038,0.0,87.05882352941177
true_tail50__top5_causal,causal,cell=pb_gsm8k_q4,193,207,0.4106280193236715,0.30434782608695654,0.28502415458937197,0.1,0.08808290155440414,5.596462600783773,0.2898550724637681,0.178743961352657,0.028985507246376812,0.6811594202898551,1.0166666666666666,0.0,71.23333333333333
true_tail50__top5_causal,causal,cell=pb_gsm8k_q4,193,207,0.4106280193236715,0.30434782608695654,0.28502415458937197,0.2,0.19689119170984457,4.910162869150899,0.38164251207729466,0.2318840579710145,0.057971014492753624,0.5603864734299517,0.9240506329113924,0.0,60.77215189873418
true_tail50__top5_causal,causal,cell=pb_gsm8k_q4,193,207,0.4106280193236715,0.30434782608695654,0.28502415458937197,0.3,0.29533678756476683,4.5218748458185605,0.4057971014492754,0.2608695652173913,0.0966183574879227,0.4975845410628019,0.7857142857142857,0.0,46.154761904761905
true_tail50__top5_causal,causal,cell=pb_gsm8k_q8,193,207,0.38164251207729466,0.23671497584541062,0.38164251207729466,0.05,0.046632124352331605,6.242284761581997,0.27053140096618356,0.12077294685990338,0.01932367149758454,0.7101449275362319,1.3928571428571428,1.0,95.96428571428571
true_tail50__top5_causal,causal,cell=pb_gsm8k_q8,193,207,0.38164251207729466,0.23671497584541062,0.38164251207729466,0.1,0.09326424870466321,5.8539753650787,0.2898550724637681,0.14492753623188406,0.024154589371980676,0.6859903381642513,1.2333333333333334,0.5,85.21666666666667
true_tail50__top5_causal,causal,cell=pb_gsm8k_q8,193,207,0.38164251207729466,0.23671497584541062,0.38164251207729466,0.2,0.19689119170984457,5.197723120288644,0.36231884057971014,0.1932367149758454,0.033816425120772944,0.6038647342995169,1.0933333333333333,0.0,75.44
true_tail50__top5_causal,causal,cell=pb_gsm8k_q8,193,207,0.38164251207729466,0.23671497584541062,0.38164251207729466,0.3,0.2849740932642487,4.650491543661228,0.4106280193236715,0.2318840579710145,0.10144927536231885,0.48792270531400966,0.8470588235294118,0.0,58.49411764705882
true_tail50__top5_causal,causal,cell=pb_math_q4,406,594,0.26430976430976433,0.29124579124579125,0.4444444444444444,0.05,0.04433497536945813,9.346803939644015,0.20707070707070707,0.07744107744107744,0.037037037037037035,0.7558922558922558,1.983739837398374,1.0,200.4878048780488
true_tail50__top5_causal,causal,cell=pb_math_q4,406,594,0.26430976430976433,0.29124579124579125,0.4444444444444444,0.1,0.09852216748768473,8.01918740868599,0.2828282828282828,0.11616161616161616,0.06734006734006734,0.6498316498316499,1.869047619047619,1.0,180.29166666666666
true_tail50__top5_causal,causal,cell=pb_math_q4,406,594,0.26430976430976433,0.29124579124579125,0.4444444444444444,0.2,0.19704433497536947,6.572586632012107,0.35353535353535354,0.15993265993265993,0.14983164983164984,0.49663299663299665,1.4952380952380953,1.0,147.3761904761905
true_tail50__top5_causal,causal,cell=pb_math_q4,406,594,0.26430976430976433,0.29124579124579125,0.4444444444444444,0.3,0.29802955665024633,5.768115397245081,0.39057239057239057,0.19023569023569023,0.21717171717171718,0.39225589225589225,1.1939655172413792,1.0,111.84913793103448
true_tail50__top5_causal,causal,cell=pb_math_q8,406,594,0.2760942760942761,0.25252525252525254,0.4713804713804714,0.05,0.03694581280788178,10.170803132608349,0.20875420875420875,0.0707070707070707,0.03198653198653199,0.7592592592592593,2.193548387096774,2.0,232.43548387096774
true_tail50__top5_causal,causal,cell=pb_math_q8,406,594,0.2760942760942761,0.25252525252525254,0.4713804713804714,0.1,0.09359605911330049,9.041141191868968,0.26430976430976433,0.09090909090909091,0.04377104377104377,0.6919191919191919,2.070063694267516,1.0,206.9171974522293
true_tail50__top5_causal,causal,cell=pb_math_q8,406,594,0.2760942760942761,0.25252525252525254,0.4713804713804714,0.2,0.18472906403940886,7.446737474041073,0.35185185185185186,0.15151515151515152,0.1127946127946128,0.5353535353535354,1.813397129186603,1.0,177.25837320574163
true_tail50__top5_causal,causal,cell=pb_math_q8,406,594,0.2760942760942761,0.25252525252525254,0.4713804713804714,0.3,0.29064039408866993,6.572586632012107,0.39730639730639733,0.1717171717171717,0.17003367003367004,0.43265993265993263,1.6822033898305084,1.0,154.05084745762713
true_tail50__top5_causal,causal,cell=pb_olympiadbench_q4,339,661,0.2874432677760968,0.3494704992435703,0.3630862329803328,0.05,0.029498525073746312,12.473659783598281,0.09984871406959153,0.0226928895612708,0.012102874432677761,0.8880484114977307,3.015151515151515,2.0,312.1666666666667
true_tail50__top5_causal,causal,cell=pb_olympiadbench_q4,339,661,0.2874432677760968,0.3494704992435703,0.3630862329803328,0.1,0.0855457227138643,10.170803132608349,0.19364599092284418,0.07413010590015129,0.03328290468986384,0.773071104387292,2.1953125,1.0,232.0625
true_tail50__top5_causal,causal,cell=pb_olympiadbench_q4,339,661,0.2874432677760968,0.3494704992435703,0.3630862329803328,0.2,0.1887905604719764,8.450865749982013,0.291981845688351,0.12708018154311648,0.08925869894099848,0.6187594553706506,1.8031088082901554,1.0,186.39378238341968
true_tail50__top5_causal,causal,cell=pb_olympiadbench_q4,339,661,0.2874432677760968,0.3494704992435703,0.3630862329803328,0.3,0.2949852507374631,7.000371016130963,0.3721633888048411,0.19062027231467474,0.20121028744326777,0.4266263237518911,1.4146341463414633,0.0,144.71138211382114
true_tail50__top5_causal,causal,cell=pb_olympiadbench_q8,339,661,0.30257186081694404,0.340393343419062,0.35703479576399394,0.05,0.04424778761061947,12.473659783598281,0.12859304084720122,0.039334341906202726,0.007564296520423601,0.8638426626323752,2.7176470588235295,2.0,300.6235294117647
true_tail50__top5_causal,causal,cell=pb_olympiadbench_q8,339,661,0.30257186081694404,0.340393343419062,0.35703479576399394,0.1,0.0943952802359882,10.726684485036179,0.19213313161875945,0.07261724659606657,0.030257186081694403,0.7776096822995462,2.283464566929134,1.0,244.37007874015748
true_tail50__top5_causal,causal,cell=pb_olympiadbench_q8,339,661,0.30257186081694404,0.340393343419062,0.35703479576399394,0.2,0.19469026548672566,8.714568822115575,0.28895612708018154,0.1346444780635401,0.10287443267776097,0.6081694402420574,1.743455497382199,1.0,180.81151832460733
true_tail50__top5_causal,causal,cell=pb_olympiadbench_q8,339,661,0.30257186081694404,0.340393343419062,0.35703479576399394,0.3,0.2890855457227139,7.831127210557002,0.34190620272314676,0.17397881996974282,0.16187594553706505,0.4962178517397882,1.6371681415929205,0.0,161.85398230088495
true_tail50__top5_causal,causal,cell=pb_omnimath_q4,241,759,0.28326745718050067,0.28063241106719367,0.43610013175230566,0.05,0.04564315352697095,11.411005594084806,0.11330698287220026,0.022397891963109356,0.00922266139657444,0.8774703557312253,2.883720930232558,2.0,330.0581395348837
true_tail50__top5_causal,causal,cell=pb_omnimath_q4,241,759,0.28326745718050067,0.28063241106719367,0.43610013175230566,0.1,0.08298755186721991,9.74507849558585,0.22002635046113306,0.06719367588932806,0.026350461133069828,0.7536231884057971,2.413173652694611,2.0,274.02994011976045
true_tail50__top5_causal,causal,cell=pb_omnimath_q4,241,759,0.28326745718050067,0.28063241106719367,0.43610013175230566,0.2,0.18672199170124482,8.01918740868599,0.37549407114624506,0.14361001317523056,0.08827404479578392,0.5362318840579711,1.9894736842105263,1.0,218.32280701754385
true_tail50__top5_causal,causal,cell=pb_omnimath_q4,241,759,0.28326745718050067,0.28063241106719367,0.43610013175230566,0.3,0.2863070539419087,7.143981941672795,0.42555994729907776,0.18840579710144928,0.155467720685112,0.4189723320158103,1.585139318885449,1.0,175.00928792569658
true_tail50__top5_causal,causal,cell=pb_omnimath_q8,241,759,0.2898550724637681,0.27009222661396576,0.4400527009222661,0.05,0.04564315352697095,12.473659783598281,0.08959156785243742,0.023715415019762844,0.005270092226613966,0.9051383399209486,2.8529411764705883,2.0,338.4264705882353
true_tail50__top5_causal,causal,cell=pb_omnimath_q8,241,759,0.2898550724637681,0.27009222661396576,0.4400527009222661,0.1,0.0995850622406639,9.74507849558585,0.2648221343873518,0.08695652173913043,0.03162055335968379,0.7035573122529645,2.099502487562189,1.0,240.63681592039802
true_tail50__top5_causal,causal,cell=pb_omnimath_q8,241,759,0.2898550724637681,0.27009222661396576,0.4400527009222661,0.2,0.1991701244813278,8.239667504763418,0.37285902503293805,0.14361001317523056,0.09617918313570488,0.530961791831357,1.7985865724381624,1.0,199.61484098939928
true_tail50__top5_causal,causal,cell=pb_omnimath_q8,241,759,0.2898550724637681,0.27009222661396576,0.4400527009222661,0.3,0.29045643153526973,7.446737474041073,0.45322793148880103,0.2002635046113307,0.14888010540184454,0.39789196310935443,1.677325581395349,1.0,181.86918604651163
true_tail50__page_wmax_causal,causal,macro8_all,2358,4442,0.24831157136425033,0.2908599729851418,0.4608284556506078,0.05,0.046225614927905,40.38544239374147,0.08081945069788384,0.022062134173795586,0.025438991445294913,0.8937415578568213,3.0,2.0,337.59610027855155
true_tail50__page_wmax_causal,causal,macro8_all,2358,4442,0.24831157136425033,0.2908599729851418,0.4608284556506078,0.1,0.08439355385920272,34.80862603333223,0.12944619540747412,0.03624493471409275,0.04029716343989194,0.830256641152634,2.803478260869565,2.0,312.1582608695652
true_tail50__page_wmax_causal,causal,macro8_all,2358,4442,0.24831157136425033,0.2908599729851418,0.4608284556506078,0.2,0.19804919423240033,26.103156299262196,0.2435839711841513,0.08284556506078343,0.09837910850968032,0.6580369203061683,2.3262476894639557,1.0,253.63770794824399
true_tail50__page_wmax_causal,causal,macro8_all,2358,4442,0.24831157136425033,0.2908599729851418,0.4608284556506078,0.3,0.2955894826123834,22.282724541528616,0.3165240882485367,0.11481314723097703,0.14925709140027016,0.5342188203511932,2.0967283072546232,1.0,227.11095305832148
true_tail50__page_wmax_causal,causal,steps_2_to_5,950,1312,0.3628048780487805,0.2385670731707317,0.3986280487804878,0.05,0.04421052631578947,29.726834545696914,0.06554878048780488,0.038871951219512195,0.022103658536585365,0.9123475609756098,0.6395348837209303,0.0,116.55813953488372
true_tail50__page_wmax_causal,causal,steps_2_to_5,950,1312,0.3628048780487805,0.2385670731707317,0.3986280487804878,0.1,0.08947368421052632,25.25190914311101,0.1211890243902439,0.07164634146341463,0.039634146341463415,0.8391768292682927,0.6729559748427673,0.0,109.59748427672956
true_tail50__page_wmax_causal,causal,steps_2_to_5,950,1312,0.3628048780487805,0.2385670731707317,0.3986280487804878,0.2,0.1957894736842105,19.665853798021512,0.23704268292682926,0.125,0.09298780487804878,0.6699695121951219,0.8006430868167203,0.0,115.95819935691318
true_tail50__page_wmax_causal,causal,steps_2_to_5,950,1312,0.3628048780487805,0.2385670731707317,0.3986280487804878,0.3,0.2926315789473684,16.76215012696757,0.3048780487804878,0.16310975609756098,0.1486280487804878,0.5464939024390244,0.7725,0.0,109.2475
true_tail50__page_wmax_causal,causal,steps_6_to_10,1124,2308,0.21707105719237435,0.32192374350086655,0.4610051993067591,0.05,0.045373665480427046,40.38544239374147,0.08102253032928942,0.02339688041594454,0.022530329289428077,0.8964471403812825,2.320855614973262,2.0,334.620320855615
true_tail50__page_wmax_causal,causal,steps_6_to_10,1124,2308,0.21707105719237435,0.32192374350086655,0.4610051993067591,0.1,0.08540925266903915,34.80862603333223,0.12868284228769497,0.037694974003466206,0.039428076256499134,0.8318890814558059,2.212121212121212,2.0,308.9057239057239
true_tail50__page_wmax_causal,causal,steps_6_to_10,1124,2308,0.21707105719237435,0.32192374350086655,0.4610051993067591,0.2,0.19572953736654805,27.06532851003888,0.22790294627383015,0.0792894280762565,0.09705372616984402,0.6750433275563258,1.946768060836502,1.0,253.60076045627378
true_tail50__page_wmax_causal,causal,steps_6_to_10,1124,2308,0.21707105719237435,0.32192374350086655,0.4610051993067591,0.3,0.28825622775800713,23.645284000530545,0.30025996533795496,0.10918544194107452,0.13821490467937608,0.561525129982669,1.7936507936507937,1.0,232.3059163059163
true_tail50__page_wmax_causal,causal,steps_11_plus,284,822,0.15328467153284672,0.2871046228710462,0.559610705596107,0.1,0.06338028169014084,53.84837354988519,0.08394160583941605,0.025547445255474453,0.01824817518248175,0.8978102189781022,3.260869565217391,2.0,312.30434782608694
true_tail50__page_wmax_causal,causal,steps_11_plus,284,822,0.15328467153284672,0.2871046228710462,0.559610705596107,0.2,0.17253521126760563,40.38544239374147,0.1873479318734793,0.043795620437956206,0.06690997566909976,0.745742092457421,4.084415584415584,3.0,353.81168831168833
true_tail50__page_wmax_causal,causal,steps_11_plus,284,822,0.15328467153284672,0.2871046228710462,0.559610705596107,0.3,0.2887323943661972,34.80862603333223,0.2822384428223844,0.058394160583941604,0.09002433090024331,0.6277372262773723,3.978448275862069,3.0,345.7801724137931
true_tail50__page_wmax_causal,causal,cell=pb_gsm8k_q4,193,207,0.3671497584541063,0.25120772946859904,0.38164251207729466,0.05,0.04145077720207254,19.665853798021512,0.1642512077294686,0.0821256038647343,0.028985507246376812,0.8067632850241546,1.411764705882353,0.5,117.20588235294117
true_tail50__page_wmax_causal,causal,cell=pb_gsm8k_q4,193,207,0.3671497584541063,0.25120772946859904,0.38164251207729466,0.1,0.09326424870466321,18.300588943852606,0.18840579710144928,0.10144927536231885,0.03864734299516908,0.7729468599033816,1.2820512820512822,0.0,107.8974358974359
true_tail50__page_wmax_causal,causal,cell=pb_gsm8k_q4,193,207,0.3671497584541063,0.25120772946859904,0.38164251207729466,0.2,0.19170984455958548,15.17663974794981,0.23671497584541062,0.13526570048309178,0.09178743961352658,0.6714975845410628,1.2653061224489797,0.0,97.0204081632653
true_tail50__page_wmax_causal,causal,cell=pb_gsm8k_q4,193,207,0.3671497584541063,0.25120772946859904,0.38164251207729466,0.3,0.29015544041450775,13.64137672911278,0.2898550724637681,0.16908212560386474,0.10628019323671498,0.6038647342995169,1.1666666666666667,0.0,87.28333333333333
true_tail50__page_wmax_causal,causal,cell=pb_gsm8k_q8,193,207,0.36231884057971014,0.21739130434782608,0.42028985507246375,0.05,0.04145077720207254,19.173490432989126,0.15942028985507245,0.07246376811594203,0.024154589371980676,0.8164251207729468,1.696969696969697,1.0,130.42424242424244
true_tail50__page_wmax_causal,causal,cell=pb_gsm8k_q8,193,207,0.36231884057971014,0.21739130434782608,0.42028985507246375,0.1,0.08808290155440414,16.43090531493174,0.19806763285024154,0.10144927536231885,0.04830917874396135,0.7536231884057971,1.4146341463414633,0.0,109.1951219512195
true_tail50__page_wmax_causal,causal,cell=pb_gsm8k_q8,193,207,0.36231884057971014,0.21739130434782608,0.42028985507246375,0.2,0.19170984455958548,14.622297948697044,0.27053140096618356,0.15458937198067632,0.06280193236714976,0.6666666666666666,1.2321428571428572,0.0,88.98214285714286
true_tail50__page_wmax_causal,causal,cell=pb_gsm8k_q8,193,207,0.36231884057971014,0.21739130434782608,0.42028985507246375,0.3,0.27461139896373055,13.64137672911278,0.30917874396135264,0.16908212560386474,0.0821256038647343,0.6086956521739131,1.203125,0.0,87.40625
true_tail50__page_wmax_causal,causal,cell=pb_math_q4,406,594,0.24242424242424243,0.25252525252525254,0.5050505050505051,0.05,0.04926108374384237,34.80862603333223,0.10606060606060606,0.030303030303030304,0.03367003367003367,0.8602693602693603,2.6507936507936507,2.0,292.1904761904762
true_tail50__page_wmax_causal,causal,cell=pb_math_q4,406,594,0.24242424242424243,0.25252525252525254,0.5050505050505051,0.1,0.09113300492610837,29.726834545696914,0.15993265993265993,0.04882154882154882,0.04882154882154882,0.7912457912457912,2.526315789473684,2.0,265.1684210526316
true_tail50__page_wmax_causal,causal,cell=pb_math_q4,406,594,0.24242424242424243,0.25252525252525254,0.5050505050505051,0.2,0.1921182266009852,24.340621150820553,0.23063973063973064,0.08754208754208755,0.08754208754208755,0.6818181818181818,2.0875912408759123,1.0,225.61313868613138
true_tail50__page_wmax_causal,causal,cell=pb_math_q4,406,594,0.24242424242424243,0.25252525252525254,0.5050505050505051,0.3,0.28078817733990147,20.589709811294462,0.34175084175084175,0.132996632996633,0.13636363636363635,0.5218855218855218,2.0147783251231526,1.0,211.02463054187191
true_tail50__page_wmax_causal,causal,cell=pb_math_q8,406,594,0.24579124579124578,0.23905723905723905,0.5151515151515151,0.05,0.04926108374384237,34.80862603333223,0.1127946127946128,0.021885521885521887,0.02861952861952862,0.8585858585858586,2.925373134328358,2.0,322.1641791044776
true_tail50__page_wmax_causal,causal,cell=pb_math_q8,406,594,0.24579124579124578,0.23905723905723905,0.5151515151515151,0.1,0.08866995073891626,29.726834545696914,0.15656565656565657,0.045454545454545456,0.04377104377104377,0.7996632996632996,2.7204301075268815,2.0,287.61290322580646
true_tail50__page_wmax_causal,causal,cell=pb_math_q8,406,594,0.24579124579124578,0.23905723905723905,0.5151515151515151,0.2,0.1921182266009852,23.645284000530545,0.25252525252525254,0.07912457912457913,0.07744107744107744,0.67003367003367,2.42,2.0,259.68666666666667
true_tail50__page_wmax_causal,causal,cell=pb_math_q8,406,594,0.24579124579124578,0.23905723905723905,0.5151515151515151,0.3,0.2832512315270936,20.589709811294462,0.3451178451178451,0.12121212121212122,0.12962962962962962,0.5252525252525253,2.097560975609756,1.0,214.17560975609757
true_tail50__page_wmax_causal,causal,cell=pb_olympiadbench_q4,339,661,0.2314674735249622,0.3464447806354009,0.42208774583963693,0.05,0.04129793510324484,45.44307228782933,0.08018154311649017,0.028744326777609682,0.0226928895612708,0.897125567322239,2.3962264150943398,2.0,279.66037735849056
true_tail50__page_wmax_causal,causal,cell=pb_olympiadbench_q4,339,661,0.2314674735249622,0.3464447806354009,0.42208774583963693,0.1,0.09734513274336283,37.1618538799833,0.13918305597579425,0.04236006051437216,0.04387291981845688,0.8169440242057489,2.717391304347826,1.5,296.6195652173913
true_tail50__page_wmax_causal,causal,cell=pb_olympiadbench_q4,339,661,0.2314674735249622,0.3464447806354009,0.42208774583963693,0.2,0.19174041297935104,29.726834545696914,0.2178517397881997,0.07413010590015129,0.09531013615733737,0.686838124054463,2.2291666666666665,1.0,246.40972222222223
true_tail50__page_wmax_causal,causal,cell=pb_olympiadbench_q4,339,661,0.2314674735249622,0.3464447806354009,0.42208774583963693,0.3,0.2949852507374631,25.25190914311101,0.291981845688351,0.10287443267776097,0.14069591527987896,0.56732223903177,2.1191709844559585,1.0,228.72538860103626
true_tail50__page_wmax_causal,causal,cell=pb_olympiadbench_q8,339,661,0.24659606656580937,0.34795763993948564,0.405446293494705,0.05,0.029498525073746312,53.84837354988519,0.057488653555219364,0.0226928895612708,0.009077155824508321,0.9334341906202723,2.3157894736842106,1.0,296.2105263157895
true_tail50__page_wmax_causal,causal,cell=pb_olympiadbench_q8,339,661,0.24659606656580937,0.34795763993948564,0.405446293494705,0.1,0.08259587020648967,40.38544239374147,0.11346444780635401,0.04084720121028744,0.036308623298033284,0.8502269288956127,2.48,1.0,279.6533333333333
true_tail50__page_wmax_causal,causal,cell=pb_olympiadbench_q8,339,661,0.24659606656580937,0.34795763993948564,0.405446293494705,0.2,0.16224188790560473,32.9108746888508,0.19213313161875945,0.0680786686838124,0.06354009077155824,0.7443267776096822,2.338582677165354,1.0,254.3228346456693
true_tail50__page_wmax_causal,causal,cell=pb_olympiadbench_q8,339,661,0.24659606656580937,0.34795763993948564,0.405446293494705,0.3,0.26843657817109146,27.06532851003888,0.2708018154311649,0.10892586989409984,0.11951588502269289,0.6096822995461422,2.089385474860335,1.0,220.60893854748602
true_tail50__page_wmax_causal,causal,cell=pb_omnimath_q4,241,759,0.22529644268774704,0.3069828722002635,0.46772068511198944,0.05,0.04149377593360996,45.44307228782933,0.05665349143610013,0.011857707509881422,0.013175230566534914,0.930171277997365,3.372093023255814,3.0,429.6279069767442
true_tail50__page_wmax_causal,causal,cell=pb_omnimath_q4,241,759,0.22529644268774704,0.3069828722002635,0.46772068511198944,0.1,0.07468879668049792,40.38544239374147,0.08300395256916997,0.01844532279314888,0.025032938076416336,0.8919631093544137,3.492063492063492,3.0,418.04761904761904
true_tail50__page_wmax_causal,causal,cell=pb_omnimath_q4,241,759,0.22529644268774704,0.3069828722002635,0.46772068511198944,0.2,0.17427385892116182,32.9108746888508,0.15678524374176547,0.03689064558629776,0.052700922266139656,0.7905138339920948,3.008403361344538,2.0,345.29411764705884
true_tail50__page_wmax_causal,causal,cell=pb_omnimath_q4,241,759,0.22529644268774704,0.3069828722002635,0.46772068511198944,0.3,0.27385892116182575,27.06532851003888,0.2463768115942029,0.07509881422924901,0.10408432147562582,0.6495388669301713,2.641711229946524,2.0,294.9465240641711
true_tail50__page_wmax_causal,causal,cell=pb_omnimath_q8,241,759,0.230566534914361,0.2779973649538867,0.4914361001317523,0.05,0.04149377593360996,45.44307228782933,0.06060606060606061,0.014492753623188406,0.015810276679841896,0.9235836627140975,2.9782608695652173,3.0,366.2608695652174
true_tail50__page_wmax_causal,causal,cell=pb_omnimath_q8,241,759,0.230566534914361,0.2779973649538867,0.4914361001317523,0.1,0.06639004149377593,40.38544239374147,0.08036890645586298,0.019762845849802372,0.02766798418972332,0.8919631093544137,2.8852459016393444,2.0,350.1803278688525
true_tail50__page_wmax_causal,causal,cell=pb_omnimath_q8,241,759,0.230566534914361,0.2779973649538867,0.4914361001317523,0.2,0.17427385892116182,32.9108746888508,0.17523056653491437,0.043478260869565216,0.06455862977602109,0.7602108036890646,2.857142857142857,2.0,322.8796992481203
true_tail50__page_wmax_causal,causal,cell=pb_omnimath_q8,241,759,0.230566534914361,0.2779973649538867,0.4914361001317523,0.3,0.2821576763485477,28.42088262872433,0.2516469038208169,0.0764163372859025,0.10408432147562582,0.6442687747035574,2.5706806282722514,2.0,287.8743455497382
energy_level__top5_causal,causal,macro8_all,2358,4442,0.24245835209365152,0.420081044574516,0.33746060333183253,0.05,0.04792196776929601,2.212169138753781,0.047726249437190456,0.017784781629896444,0.025438991445294913,0.9268347591175147,2.518867924528302,2.0,263.22169811320754
energy_level__top5_causal,causal,macro8_all,2358,4442,0.24245835209365152,0.420081044574516,0.33746060333183253,0.1,0.08312128922815945,2.1198219502429274,0.0835209365150833,0.03309320126069338,0.0540297163439892,0.8624493471409275,2.247978436657682,1.0,240.37735849056602
energy_level__top5_causal,causal,macro8_all,2358,4442,0.24245835209365152,0.420081044574516,0.33746060333183253,0.2,0.1921119592875318,1.9939585874339154,0.1605132823052679,0.07023863124718595,0.12944619540747412,0.710040522287258,1.8709677419354838,1.0,199.31697054698458
energy_level__top5_causal,causal,macro8_all,2358,4442,0.24245835209365152,0.420081044574516,0.33746060333183253,0.3,0.2989821882951654,1.922671946583726,0.21049076992345792,0.0995047276001801,0.19743358847366052,0.5920756416028816,1.6716577540106952,1.0,170.4374331550802
energy_level__top5_causal,causal,steps_2_to_5,950,1312,0.3384146341463415,0.36890243902439024,0.2926829268292683,0.05,0.04105263157894737,2.212169138753781,0.041920731707317076,0.018292682926829267,0.019817073170731708,0.9382621951219512,1.0545454545454545,1.0,128.76363636363635
energy_level__top5_causal,causal,steps_2_to_5,950,1312,0.3384146341463415,0.36890243902439024,0.2926829268292683,0.1,0.08421052631578947,2.089411317873144,0.09527439024390244,0.05030487804878049,0.04649390243902439,0.8582317073170732,0.864,0.0,107.112
energy_level__top5_causal,causal,steps_2_to_5,950,1312,0.3384146341463415,0.36890243902439024,0.2926829268292683,0.2,0.19157894736842104,1.9670608655563446,0.16539634146341464,0.09146341463414634,0.11814024390243902,0.7164634146341463,0.8248847926267281,0.0,91.88018433179724
energy_level__top5_causal,causal,steps_2_to_5,950,1312,0.3384146341463415,0.36890243902439024,0.2926829268292683,0.3,0.29368421052631577,1.8948488002809216,0.22179878048780488,0.13109756097560976,0.17073170731707318,0.6074695121951219,0.7147766323024055,0.0,78.23367697594502
energy_level__top5_causal,causal,steps_6_to_10,1124,2308,0.2205372616984402,0.4510398613518198,0.32842287694974004,0.05,0.04359430604982206,2.212169138753781,0.04289428076256499,0.018197573656845753,0.02512998266897747,0.9319757365684576,1.9595959595959596,1.0,246.3939393939394
energy_level__top5_causal,causal,steps_6_to_10,1124,2308,0.2205372616984402,0.4510398613518198,0.32842287694974004,0.1,0.09786476868327403,2.089411317873144,0.08882149046793761,0.03856152512998267,0.06802426343154246,0.8431542461005199,1.6634146341463414,1.0,215.88780487804877
energy_level__top5_causal,causal,steps_6_to_10,1124,2308,0.2205372616984402,0.4510398613518198,0.32842287694974004,0.2,0.18861209964412812,1.9939585874339154,0.1503466204506066,0.06802426343154246,0.13301559792027728,0.7166377816291161,1.4870317002881845,1.0,184.95100864553314
energy_level__top5_causal,causal,steps_6_to_10,1124,2308,0.2205372616984402,0.4510398613518198,0.32842287694974004,0.3,0.297153024911032,1.922671946583726,0.19540727902946273,0.09922010398613518,0.20407279029462738,0.6005199306759099,1.2860310421286032,0.0,155.00665188470066
energy_level__top5_causal,causal,steps_11_plus,284,822,0.15085158150851583,0.4148418491484185,0.4343065693430657,0.05,0.04929577464788732,2.2959141669317473,0.043795620437956206,0.009732360097323601,0.02068126520681265,0.9355231143552312,4.833333333333333,4.0,420.8333333333333
energy_level__top5_causal,causal,steps_11_plus,284,822,0.15085158150851583,0.4148418491484185,0.4343065693430657,0.1,0.0880281690140845,2.212169138753781,0.0705596107055961,0.015815085158150853,0.03527980535279805,0.8941605839416058,4.862068965517241,4.0,419.44827586206895
energy_level__top5_causal,causal,steps_11_plus,284,822,0.15085158150851583,0.4148418491484185,0.4343065693430657,0.2,0.19014084507042253,2.089411317873144,0.13260340632603407,0.03527980535279805,0.09367396593673966,0.7737226277372263,4.201834862385321,3.0,368.13761467889907
energy_level__top5_causal,causal,steps_11_plus,284,822,0.15085158150851583,0.4148418491484185,0.4343065693430657,0.3,0.27816901408450706,2.0087941774861915,0.19708029197080293,0.0535279805352798,0.1435523114355231,0.6593673965936739,3.9012345679012346,3.0,353.0061728395062
energy_level__top5_causal,causal,cell=pb_gsm8k_q4,193,207,0.3864734299516908,0.3671497584541063,0.2463768115942029,0.05,0.046632124352331605,2.0643188420276664,0.08695652173913043,0.043478260869565216,0.033816425120772944,0.8792270531400966,1.8333333333333333,0.5,152.05555555555554
energy_level__top5_causal,causal,cell=pb_gsm8k_q4,193,207,0.3864734299516908,0.3671497584541063,0.2463768115942029,0.1,0.09844559585492228,1.979349626985824,0.13043478260869565,0.0821256038647343,0.05314009661835749,0.8164251207729468,1.2592592592592593,0.0,94.29629629629629
energy_level__top5_causal,causal,cell=pb_gsm8k_q4,193,207,0.3864734299516908,0.3671497584541063,0.2463768115942029,0.2,0.18134715025906736,1.9042467546386594,0.18357487922705315,0.12077294685990338,0.12077294685990338,0.6956521739130435,0.7894736842105263,0.0,53.94736842105263
energy_level__top5_causal,causal,cell=pb_gsm8k_q4,193,207,0.3864734299516908,0.3671497584541063,0.2463768115942029,0.3,0.2849740932642487,1.846913772857837,0.22705314009661837,0.14492753623188406,0.178743961352657,0.5942028985507246,0.9574468085106383,0.0,57.48936170212766
energy_level__top5_causal,causal,cell=pb_gsm8k_q8,193,207,0.3526570048309179,0.28502415458937197,0.36231884057971014,0.05,0.03626943005181347,2.0425718887492073,0.06763285024154589,0.043478260869565216,0.01932367149758454,0.9130434782608695,1.0,0.0,87.71428571428571
energy_level__top5_causal,causal,cell=pb_gsm8k_q8,193,207,0.3526570048309179,0.28502415458937197,0.36231884057971014,0.1,0.09844559585492228,1.8774930763033393,0.14492753623188406,0.07729468599033816,0.06280193236714976,0.7922705314009661,0.9333333333333333,0.0,69.7
energy_level__top5_causal,causal,cell=pb_gsm8k_q8,193,207,0.3526570048309179,0.28502415458937197,0.36231884057971014,0.2,0.19170984455958548,1.7768572553303916,0.2318840579710145,0.13043478260869565,0.12560386473429952,0.642512077294686,0.9791666666666666,0.0,70.97916666666667
energy_level__top5_causal,causal,cell=pb_gsm8k_q8,193,207,0.3526570048309179,0.28502415458937197,0.36231884057971014,0.3,0.29015544041450775,1.7125781060372256,0.3333333333333333,0.20772946859903382,0.16908212560386474,0.4975845410628019,0.855072463768116,0.0,59.95652173913044
energy_level__top5_causal,causal,cell=pb_math_q4,406,594,0.27104377104377103,0.398989898989899,0.32996632996632996,0.05,0.046798029556650245,2.157453366086202,0.05723905723905724,0.026936026936026935,0.04377104377104377,0.898989898989899,1.7058823529411764,1.0,183.97058823529412
energy_level__top5_causal,causal,cell=pb_math_q4,406,594,0.27104377104377103,0.398989898989899,0.32996632996632996,0.1,0.08866995073891626,2.089411317873144,0.09595959595959595,0.04377104377104377,0.06060606060606061,0.8434343434343434,1.8245614035087718,1.0,194.98245614035088
energy_level__top5_causal,causal,cell=pb_math_q4,406,594,0.27104377104377103,0.398989898989899,0.32996632996632996,0.2,0.18719211822660098,1.979349626985824,0.1919191919191919,0.08922558922558922,0.132996632996633,0.6750841750841751,1.5526315789473684,1.0,157.8859649122807
energy_level__top5_causal,causal,cell=pb_math_q4,406,594,0.27104377104377103,0.398989898989899,0.32996632996632996,0.3,0.29064039408866993,1.9042467546386594,0.2441077441077441,0.13131313131313133,0.2239057239057239,0.531986531986532,1.2137931034482758,0.0,124.37931034482759
energy_level__top5_causal,causal,cell=pb_math_q8,406,594,0.265993265993266,0.32996632996632996,0.40404040404040403,0.05,0.03940886699507389,2.2959141669317473,0.03198653198653199,0.010101010101010102,0.010101010101010102,0.9579124579124579,1.9473684210526316,2.0,141.94736842105263
energy_level__top5_causal,causal,cell=pb_math_q8,406,594,0.265993265993266,0.32996632996632996,0.40404040404040403,0.1,0.07881773399014778,2.1198219502429274,0.09090909090909091,0.03367003367003367,0.030303030303030304,0.8787878787878788,1.537037037037037,1.0,155.57407407407408
energy_level__top5_causal,causal,cell=pb_math_q8,406,594,0.265993265993266,0.32996632996632996,0.40404040404040403,0.2,0.19950738916256158,1.979349626985824,0.1750841750841751,0.0707070707070707,0.09595959595959595,0.7289562289562289,1.6346153846153846,1.0,158.71153846153845
energy_level__top5_causal,causal,cell=pb_math_q8,406,594,0.265993265993266,0.32996632996632996,0.40404040404040403,0.3,0.2881773399014778,1.91262427973658,0.24074074074074073,0.09764309764309764,0.13636363636363635,0.622895622895623,1.4475524475524475,1.0,138.37062937062936
energy_level__top5_causal,causal,cell=pb_olympiadbench_q4,339,661,0.20726172465960666,0.5022692889561271,0.29046898638426627,0.05,0.02654867256637168,2.2959141669317473,0.036308623298033284,0.01664145234493192,0.01664145234493192,0.9470499243570348,2.5416666666666665,1.0,243.66666666666666
energy_level__top5_causal,causal,cell=pb_olympiadbench_q4,339,661,0.20726172465960666,0.5022692889561271,0.29046898638426627,0.1,0.08849557522123894,2.157453366086202,0.07715582450832073,0.03328290468986384,0.06656580937972768,0.8562783661119516,2.5294117647058822,1.0,256.4901960784314
energy_level__top5_causal,causal,cell=pb_olympiadbench_q4,339,661,0.20726172465960666,0.5022692889561271,0.29046898638426627,0.2,0.19174041297935104,2.0425718887492073,0.12708018154311648,0.059001512859304085,0.15582450832072617,0.7170953101361573,2.142857142857143,1.0,225.76190476190476
energy_level__top5_causal,causal,cell=pb_olympiadbench_q4,339,661,0.20726172465960666,0.5022692889561271,0.29046898638426627,0.3,0.2743362831858407,1.9939585874339154,0.16792738275340394,0.08018154311649017,0.2042360060514372,0.6278366111951589,2.1621621621621623,1.0,224.19819819819818
energy_level__top5_causal,causal,cell=pb_olympiadbench_q8,339,661,0.21331316187594554,0.4795763993948563,0.3071104387291982,0.05,0.04424778761061947,2.212169138753781,0.028744326777609682,0.009077155824508321,0.03177004538577912,0.9394856278366112,2.263157894736842,2.0,303.0
energy_level__top5_causal,causal,cell=pb_olympiadbench_q8,339,661,0.21331316187594554,0.4795763993948563,0.3071104387291982,0.1,0.09734513274336283,2.1198219502429274,0.0529500756429652,0.01664145234493192,0.046898638426626324,0.9001512859304085,2.857142857142857,2.0,327.25714285714287
energy_level__top5_causal,causal,cell=pb_olympiadbench_q8,339,661,0.21331316187594554,0.4795763993948563,0.3071104387291982,0.2,0.1976401179941003,2.0249794645921977,0.11195158850226929,0.0453857791225416,0.09531013615733737,0.7927382753403933,2.418918918918919,1.0,257.2027027027027
energy_level__top5_causal,causal,cell=pb_olympiadbench_q8,339,661,0.21331316187594554,0.4795763993948563,0.3071104387291982,0.3,0.2861356932153392,1.9670608655563446,0.14826021180030258,0.059001512859304085,0.14674735249621784,0.7049924357034796,2.2755102040816326,1.0,236.62244897959184
energy_level__top5_causal,causal,cell=pb_omnimath_q4,241,759,0.22529644268774704,0.43610013175230566,0.3386034255599473,0.05,0.04149377593360996,2.2959141669317473,0.030303030303030304,0.013175230566534914,0.01844532279314888,0.9512516469038208,2.4782608695652173,1.0,225.56521739130434
energy_level__top5_causal,causal,cell=pb_omnimath_q4,241,759,0.22529644268774704,0.43610013175230566,0.3386034255599473,0.1,0.0912863070539419,2.212169138753781,0.061923583662714096,0.021080368906455864,0.03820816864295125,0.8998682476943346,2.7872340425531914,2.0,282.0851063829787
energy_level__top5_causal,causal,cell=pb_omnimath_q4,241,759,0.22529644268774704,0.43610013175230566,0.3386034255599473,0.2,0.1991701244813278,2.0425718887492073,0.1725955204216074,0.06587615283267458,0.1370223978919631,0.6903820816864296,2.2595419847328246,1.0,244.31297709923663
energy_level__top5_causal,causal,cell=pb_omnimath_q4,241,759,0.22529644268774704,0.43610013175230566,0.3386034255599473,0.3,0.29045643153526973,1.979349626985824,0.22397891963109354,0.09090909090909091,0.2134387351778656,0.5625823451910409,2.1294117647058823,1.0,230.9
energy_level__top5_causal,causal,cell=pb_omnimath_q8,241,759,0.20553359683794467,0.4189723320158103,0.37549407114624506,0.05,0.02074688796680498,2.2959141669317473,0.034255599472990776,0.014492753623188406,0.006587615283267457,0.9591567852437418,3.230769230769231,2.5,358.0
energy_level__top5_causal,causal,cell=pb_omnimath_q8,241,759,0.20553359683794467,0.4189723320158103,0.37549407114624506,0.1,0.08298755186721991,2.1198219502429274,0.08563899868247694,0.02766798418972332,0.04084321475625823,0.8735177865612648,2.4153846153846152,2.0,293.2
energy_level__top5_causal,causal,cell=pb_omnimath_q8,241,759,0.20553359683794467,0.4189723320158103,0.37549407114624506,0.2,0.1950207468879668,1.979349626985824,0.152832674571805,0.061923583662714096,0.10144927536231885,0.7457180500658761,1.8362068965517242,1.0,216.7844827586207
energy_level__top5_causal,causal,cell=pb_omnimath_q8,241,759,0.20553359683794467,0.4189723320158103,0.37549407114624506,0.3,0.2987551867219917,1.91262427973658,0.2002635046113307,0.07378129117259552,0.14361001317523056,0.6561264822134387,2.085526315789474,1.0,218.30263157894737
energy_level__page_wmax_causal,causal,macro8_all,2358,4442,0.23435389464205314,0.2665466006303467,0.4990995047276002,0.05,0.04368108566581849,31.255337929641556,0.08081945069788384,0.02296262944619541,0.0135074290859973,0.9056731202161189,2.9275766016713094,2.0,308.9275766016713
energy_level__page_wmax_causal,causal,macro8_all,2358,4442,0.23435389464205314,0.2665466006303467,0.4990995047276002,0.1,0.09033078880407125,23.26556163659199,0.14790634849167042,0.05290409725348942,0.03872129671319226,0.8133723547951374,2.547945205479452,1.0,270.6027397260274
energy_level__page_wmax_causal,causal,macro8_all,2358,4442,0.23435389464205314,0.2665466006303467,0.4990995047276002,0.2,0.18914334181509754,17.049585803526792,0.23818099954975236,0.09815398469158038,0.08419630796938316,0.6776226924808645,2.060491493383743,1.0,219.4546313799622
energy_level__page_wmax_causal,causal,macro8_all,2358,4442,0.23435389464205314,0.2665466006303467,0.4990995047276002,0.3,0.2900763358778626,13.53541658747291,0.2883836109860423,0.12516884286357496,0.15533543448896894,0.5562809545249887,1.8922716627634661,1.0,198.8977361436378
energy_level__page_wmax_causal,causal,steps_2_to_5,950,1312,0.3315548780487805,0.24161585365853658,0.4268292682926829,0.05,0.04736842105263158,19.16911448957326,0.08460365853658537,0.04878048780487805,0.022865853658536585,0.8925304878048781,0.5765765765765766,0.0,110.24324324324324
energy_level__page_wmax_causal,causal,steps_2_to_5,950,1312,0.3315548780487805,0.24161585365853658,0.4268292682926829,0.1,0.09157894736842105,15.45038971557169,0.13567073170731708,0.08003048780487805,0.04344512195121951,0.8208841463414634,0.5898876404494382,0.0,93.69101123595506
energy_level__page_wmax_causal,causal,steps_2_to_5,950,1312,0.3315548780487805,0.24161585365853658,0.4268292682926829,0.2,0.1957894736842105,11.761707264632921,0.22027439024390244,0.13185975609756098,0.08765243902439024,0.6920731707317073,0.6055363321799307,0.0,81.31141868512111
energy_level__page_wmax_causal,causal,steps_2_to_5,950,1312,0.3315548780487805,0.24161585365853658,0.4268292682926829,0.3,0.2905263157894737,9.825981029723728,0.28810975609756095,0.16692073170731708,0.13109756097560976,0.5807926829268293,0.6164021164021164,0.0,77.02910052910053
energy_level__page_wmax_causal,causal,steps_6_to_10,1124,2308,0.2136048526863085,0.29462738301559793,0.4917677642980936,0.05,0.04715302491103203,31.255337929641556,0.06759098786828423,0.01949740034662045,0.01169844020797227,0.9207105719237435,2.0448717948717947,1.0,293.96794871794873
energy_level__page_wmax_causal,causal,steps_6_to_10,1124,2308,0.2136048526863085,0.29462738301559793,0.4917677642980936,0.1,0.09697508896797152,23.26556163659199,0.14168110918544194,0.05415944540727903,0.03726169844020797,0.82105719237435,1.834862385321101,1.0,246.20489296636086
energy_level__page_wmax_causal,causal,steps_6_to_10,1124,2308,0.2136048526863085,0.29462738301559793,0.4917677642980936,0.2,0.19661921708185054,17.65238002025337,0.23050259965337955,0.09835355285961872,0.07885615251299827,0.6906412478336221,1.6334586466165413,1.0,209.64285714285714
energy_level__page_wmax_causal,causal,steps_6_to_10,1124,2308,0.2136048526863085,0.29462738301559793,0.4917677642980936,0.3,0.28291814946619215,14.604287592610419,0.2807625649913345,0.12391681109185441,0.13474870017331023,0.5844887348353552,1.5385802469135803,1.0,195.03240740740742
energy_level__page_wmax_causal,causal,steps_11_plus,284,822,0.13746958637469586,0.22749391727493917,0.635036496350365,0.05,0.014084507042253521,52.44772141932293,0.06934306569343066,0.015815085158150853,0.004866180048661801,0.9257907542579076,3.491228070175439,2.0,321.280701754386
energy_level__page_wmax_causal,causal,steps_11_plus,284,822,0.13746958637469586,0.22749391727493917,0.635036496350365,0.1,0.06338028169014084,40.517953433253176,0.12287104622871046,0.029197080291970802,0.0170316301703163,0.8600973236009732,3.9504950495049505,3.0,351.38613861386136
energy_level__page_wmax_causal,causal,steps_11_plus,284,822,0.13746958637469586,0.22749391727493917,0.635036496350365,0.2,0.14788732394366197,31.255337929641556,0.21654501216545013,0.051094890510948905,0.030413625304136254,0.7530413625304136,4.033707865168539,3.0,348.4269662921348
energy_level__page_wmax_causal,causal,steps_11_plus,284,822,0.13746958637469586,0.22749391727493917,0.635036496350365,0.3,0.2676056338028169,24.757147748492038,0.30170316301703165,0.08029197080291971,0.0705596107055961,0.6277372262773723,3.8024193548387095,3.0,331.4475806451613
energy_level__page_wmax_causal,causal,cell=pb_gsm8k_q4,193,207,0.3333333333333333,0.2608695652173913,0.4057971014492754,0.05,0.04145077720207254,14.604287592610419,0.10628019323671498,0.04830917874396135,0.024154589371980676,0.8695652173913043,1.4545454545454546,1.0,111.86363636363636
energy_level__page_wmax_causal,causal,cell=pb_gsm8k_q4,193,207,0.3333333333333333,0.2608695652173913,0.4057971014492754,0.1,0.09844559585492228,12.304041112987644,0.178743961352657,0.07729468599033816,0.03864734299516908,0.782608695652174,1.4324324324324325,1.0,97.86486486486487
energy_level__page_wmax_causal,causal,cell=pb_gsm8k_q4,193,207,0.3333333333333333,0.2608695652173913,0.4057971014492754,0.2,0.18652849740932642,10.004667599957155,0.2608695652173913,0.12560386473429952,0.06280193236714976,0.6763285024154589,1.2962962962962963,1.0,87.66666666666667
energy_level__page_wmax_causal,causal,cell=pb_gsm8k_q4,193,207,0.3333333333333333,0.2608695652173913,0.4057971014492754,0.3,0.29015544041450775,8.669069461103373,0.2995169082125604,0.1497584541062802,0.08695652173913043,0.6135265700483091,1.1129032258064515,0.5,76.25806451612904
energy_level__page_wmax_causal,causal,cell=pb_gsm8k_q8,193,207,0.2898550724637681,0.18840579710144928,0.5217391304347826,0.05,0.03626943005181347,11.761707264632921,0.14492753623188406,0.04830917874396135,0.01932367149758454,0.8357487922705314,1.7,1.0,127.9
energy_level__page_wmax_causal,causal,cell=pb_gsm8k_q8,193,207,0.2898550724637681,0.18840579710144928,0.5217391304347826,0.1,0.08808290155440414,10.004667599957155,0.18840579710144928,0.06280193236714976,0.028985507246376812,0.782608695652174,1.5897435897435896,1.0,114.41025641025641
energy_level__page_wmax_causal,causal,cell=pb_gsm8k_q8,193,207,0.2898550724637681,0.18840579710144928,0.5217391304347826,0.2,0.19689119170984457,7.83795378612552,0.2898550724637681,0.12560386473429952,0.043478260869565216,0.6666666666666666,1.25,1.0,85.86666666666666
energy_level__page_wmax_causal,causal,cell=pb_gsm8k_q8,193,207,0.2898550724637681,0.18840579710144928,0.5217391304347826,0.3,0.29015544041450775,6.788232638989916,0.34782608695652173,0.16908212560386474,0.06280193236714976,0.5893719806763285,1.1388888888888888,1.0,78.94444444444444
energy_level__page_wmax_causal,causal,cell=pb_math_q4,406,594,0.2474747474747475,0.2542087542087542,0.4983164983164983,0.05,0.046798029556650245,26.29619398976593,0.11616161616161616,0.03367003367003367,0.02356902356902357,0.8602693602693603,2.739130434782609,2.0,282.231884057971
energy_level__page_wmax_causal,causal,cell=pb_math_q4,406,594,0.2474747474747475,0.2542087542087542,0.4983164983164983,0.1,0.08866995073891626,22.06137749984644,0.16835016835016836,0.06060606060606061,0.03872053872053872,0.7929292929292929,2.57,1.0,254.8
energy_level__page_wmax_causal,causal,cell=pb_math_q4,406,594,0.2474747474747475,0.2542087542087542,0.4983164983164983,0.2,0.19950738916256158,15.45038971557169,0.2676767676767677,0.12457912457912458,0.10774410774410774,0.6245791245791246,1.7232704402515724,1.0,174.41509433962264
energy_level__page_wmax_causal,causal,cell=pb_math_q4,406,594,0.2474747474747475,0.2542087542087542,0.4983164983164983,0.3,0.29802955665024633,13.189548384025347,0.3047138047138047,0.1414141414141414,0.14983164983164984,0.5454545454545454,1.6243093922651934,1.0,158.48066298342542
energy_level__page_wmax_causal,causal,cell=pb_math_q8,406,594,0.21885521885521886,0.24915824915824916,0.531986531986532,0.05,0.04433497536945813,24.757147748492038,0.07744107744107744,0.025252525252525252,0.021885521885521887,0.9006734006734006,2.5652173913043477,2.0,276.4130434782609
energy_level__page_wmax_causal,causal,cell=pb_math_q8,406,594,0.21885521885521886,0.24915824915824916,0.531986531986532,0.1,0.0960591133004926,18.33507723350803,0.13804713804713806,0.06228956228956229,0.037037037037037035,0.8249158249158249,2.073170731707317,1.0,210.109756097561
energy_level__page_wmax_causal,causal,cell=pb_math_q8,406,594,0.21885521885521886,0.24915824915824916,0.531986531986532,0.2,0.19704433497536947,12.577411770633688,0.25252525252525254,0.11784511784511785,0.10942760942760943,0.6380471380471381,1.7866666666666666,1.0,175.15333333333334
energy_level__page_wmax_causal,causal,cell=pb_math_q8,406,594,0.21885521885521886,0.24915824915824916,0.531986531986532,0.3,0.29802955665024633,10.539695620693577,0.2996632996632997,0.1447811447811448,0.15993265993265993,0.5404040404040404,1.550561797752809,1.0,153.6629213483146
energy_level__page_wmax_causal,causal,cell=pb_olympiadbench_q4,339,661,0.24962178517397882,0.27987897125567324,0.47049924357034795,0.05,0.04129793510324484,40.517953433253176,0.07413010590015129,0.018154311649016642,0.009077155824508321,0.9167927382753404,3.3877551020408165,2.0,347.9387755102041
energy_level__page_wmax_causal,causal,cell=pb_olympiadbench_q4,339,661,0.24962178517397882,0.27987897125567324,0.47049924357034795,0.1,0.0943952802359882,31.255337929641556,0.12859304084720122,0.04387291981845688,0.030257186081694403,0.8411497730711044,2.835294117647059,1.0,276.9647058823529
energy_level__page_wmax_causal,causal,cell=pb_olympiadbench_q4,339,661,0.24962178517397882,0.27987897125567324,0.47049924357034795,0.2,0.1887905604719764,22.06137749984644,0.22692889561270801,0.10136157337367625,0.08925869894099848,0.6838124054462935,2.14,1.0,217.41333333333333
energy_level__page_wmax_causal,causal,cell=pb_olympiadbench_q4,339,661,0.24962178517397882,0.27987897125567324,0.47049924357034795,0.3,0.28023598820059,18.33507723350803,0.29652042360060515,0.15279878971255673,0.1361573373676248,0.56732223903177,1.6887755102040816,0.0,172.55102040816325
energy_level__page_wmax_causal,causal,cell=pb_olympiadbench_q8,339,661,0.2344931921331316,0.3161875945537065,0.4493192133131619,0.05,0.038348082595870206,31.255337929641556,0.060514372163388806,0.018154311649016642,0.01361573373676248,0.9258698940998488,3.275,2.0,304.5
energy_level__page_wmax_causal,causal,cell=pb_olympiadbench_q8,339,661,0.2344931921331316,0.3161875945537065,0.4493192133131619,0.1,0.09734513274336283,23.26556163659199,0.13313161875945537,0.05143721633888049,0.04084720121028744,0.8260211800302572,2.8636363636363638,1.0,295.72727272727275
energy_level__page_wmax_causal,causal,cell=pb_olympiadbench_q8,339,661,0.2344931921331316,0.3161875945537065,0.4493192133131619,0.2,0.19469026548672566,17.65238002025337,0.2042360060514372,0.0832072617246596,0.08018154311649017,0.7155824508320726,2.525925925925926,1.0,269.24444444444447
energy_level__page_wmax_causal,causal,cell=pb_olympiadbench_q8,339,661,0.2344931921331316,0.3161875945537065,0.4493192133131619,0.3,0.2949852507374631,14.604287592610419,0.24357034795763993,0.11195158850226929,0.13767019667170954,0.6187594553706506,2.0683229813664594,1.0,223.17391304347825
energy_level__page_wmax_causal,causal,cell=pb_omnimath_q4,241,759,0.2002635046113307,0.2595520421607378,0.5401844532279315,0.05,0.02074688796680498,52.44772141932293,0.03820816864295125,0.002635046113306983,0.006587615283267457,0.9552042160737813,2.793103448275862,2.0,365.51724137931035
energy_level__page_wmax_causal,causal,cell=pb_omnimath_q4,241,759,0.2002635046113307,0.2595520421607378,0.5401844532279315,0.1,0.0954356846473029,34.85927795348075,0.10276679841897234,0.025032938076416336,0.011857707509881422,0.8853754940711462,2.871794871794872,2.0,340.2307692307692
energy_level__page_wmax_causal,causal,cell=pb_omnimath_q4,241,759,0.2002635046113307,0.2595520421607378,0.5401844532279315,0.2,0.1908713692946058,23.26556163659199,0.233201581027668,0.06982872200263504,0.05533596837944664,0.7114624505928854,2.468926553672316,2.0,280.683615819209
energy_level__page_wmax_causal,causal,cell=pb_omnimath_q4,241,759,0.2002635046113307,0.2595520421607378,0.5401844532279315,0.3,0.2697095435684647,20.033041418355324,0.2951251646903821,0.09617918313570488,0.077733860342556,0.6271409749670619,2.330357142857143,1.0,264.54464285714283
energy_level__page_wmax_causal,causal,cell=pb_omnimath_q8,241,759,0.2147562582345191,0.2648221343873518,0.5204216073781291,0.05,0.03734439834024896,34.85927795348075,0.048748353096179184,0.00922266139657444,0.006587615283267457,0.9446640316205533,2.8378378378378377,2.0,353.1621621621622
energy_level__page_wmax_causal,causal,cell=pb_omnimath_q8,241,759,0.2147562582345191,0.2648221343873518,0.5204216073781291,0.1,0.0995850622406639,24.757147748492038,0.11330698287220026,0.03689064558629776,0.021080368906455864,0.8656126482213439,2.395348837209302,1.0,277.3255813953488
energy_level__page_wmax_causal,causal,cell=pb_omnimath_q8,241,759,0.2147562582345191,0.2648221343873518,0.5204216073781291,0.2,0.17012448132780084,20.033041418355324,0.1712779973649539,0.05401844532279315,0.04743083003952569,0.7812911725955204,2.623076923076923,2.0,291.81538461538463
energy_level__page_wmax_causal,causal,cell=pb_omnimath_q8,241,759,0.2147562582345191,0.2648221343873518,0.5204216073781291,0.3,0.2987551867219917,15.034844115775751,0.25428194993412384,0.0922266139657444,0.10144927536231885,0.6442687747035574,2.145077720207254,1.0,248.04663212435233
energy_innovation__top5_causal,causal,macro8_all,2358,4442,0.15466006303466906,0.4542998649257091,0.39104007203962177,0.05,0.044529262086514,3.827754387516356,0.058307068887888336,0.00945520036019811,0.012832057631697433,0.9288608734804142,2.7606177606177607,2.0,342.96525096525096
energy_innovation__top5_causal,causal,macro8_all,2358,4442,0.15466006303466906,0.4542998649257091,0.39104007203962177,0.1,0.09033078880407125,3.5352106611961935,0.09995497523638001,0.020261143628995948,0.03624493471409275,0.8638000900495273,2.545045045045045,2.0,296.0833333333333
energy_innovation__top5_causal,causal,macro8_all,2358,4442,0.15466006303466906,0.4542998649257091,0.39104007203962177,0.2,0.19083969465648856,3.245154215626225,0.15736154885186854,0.03624493471409275,0.08869878433138226,0.7539396668167492,2.30758226037196,2.0,253.6623748211731
energy_innovation__top5_causal,causal,macro8_all,2358,4442,0.15466006303466906,0.4542998649257091,0.39104007203962177,0.3,0.2926208651399491,3.0390980275734374,0.21431787483115713,0.06010805943268798,0.14678072940117065,0.6389013957676722,2.0651260504201683,1.0,220.2079831932773
energy_innovation__top5_causal,causal,steps_2_to_5,950,1312,0.2538109756097561,0.4138719512195122,0.3323170731707317,0.05,0.04631578947368421,3.827754387516356,0.036585365853658534,0.011432926829268292,0.011432926829268292,0.9519817073170732,1.5,1.5,219.875
energy_innovation__top5_causal,causal,steps_2_to_5,950,1312,0.2538109756097561,0.4138719512195122,0.3323170731707317,0.1,0.09157894736842105,3.5352106611961935,0.06859756097560976,0.024390243902439025,0.028201219512195123,0.9032012195121951,1.288888888888889,1.0,180.96666666666667
energy_innovation__top5_causal,causal,steps_2_to_5,950,1312,0.2538109756097561,0.4138719512195122,0.3323170731707317,0.2,0.18,3.245154215626225,0.12423780487804878,0.04878048780487805,0.07393292682926829,0.801829268292683,1.1226993865030674,1.0,155.28220858895705
energy_innovation__top5_causal,causal,steps_2_to_5,950,1312,0.2538109756097561,0.4138719512195122,0.3323170731707317,0.3,0.2810526315789474,3.0390980275734374,0.17835365853658536,0.07545731707317073,0.11280487804878049,0.7088414634146342,1.0427350427350428,1.0,135.43162393162393
energy_innovation__top5_causal,causal,steps_6_to_10,1124,2308,0.13561525129982668,0.4540727902946274,0.4103119584055459,0.05,0.04804270462633452,3.827754387516356,0.0658578856152513,0.010831889081455806,0.01386481802426343,0.9202772963604853,2.164473684210526,2.0,280.54605263157896
energy_innovation__top5_causal,causal,steps_6_to_10,1124,2308,0.13561525129982668,0.4540727902946274,0.4103119584055459,0.1,0.09252669039145907,3.5352106611961935,0.115684575389948,0.022530329289428077,0.038128249566724434,0.8461871750433275,2.1647940074906367,2.0,269.187265917603
energy_innovation__top5_causal,causal,steps_6_to_10,1124,2308,0.13561525129982668,0.4540727902946274,0.4103119584055459,0.2,0.1699288256227758,3.3035465907978323,0.16334488734835356,0.03422876949740035,0.08275563258232235,0.7538994800693241,2.180371352785146,2.0,255.0026525198939
energy_innovation__top5_causal,causal,steps_6_to_10,1124,2308,0.13561525129982668,0.4540727902946274,0.4103119584055459,0.3,0.28113879003558717,3.0765965772660753,0.22487001733102252,0.059358752166377815,0.14471403812824957,0.6304159445407279,1.8998073217726397,2.0,217.49132947976878
energy_innovation__top5_causal,causal,steps_11_plus,284,822,0.049878345498783457,0.5194647201946472,0.4306569343065693,0.05,0.02464788732394366,3.827754387516356,0.07177615571776155,0.0024330900243309003,0.012165450121654502,0.916058394160584,5.322033898305085,5.0,603.9152542372881
energy_innovation__top5_causal,causal,steps_11_plus,284,822,0.049878345498783457,0.5194647201946472,0.4306569343065693,0.1,0.07746478873239436,3.5352106611961935,0.10583941605839416,0.0072992700729927005,0.043795620437956206,0.8503649635036497,5.011494252873563,5.0,497.71264367816093
energy_innovation__top5_causal,causal,steps_11_plus,284,822,0.049878345498783457,0.5194647201946472,0.4306569343065693,0.2,0.1795774647887324,3.245154215626225,0.15815085158150852,0.014598540145985401,0.0948905109489051,0.7469586374695864,4.315384615384615,4.0,395.7
energy_innovation__top5_causal,causal,steps_11_plus,284,822,0.049878345498783457,0.5194647201946472,0.4306569343065693,0.3,0.29225352112676056,3.0390980275734374,0.21046228710462286,0.021897810218978103,0.17761557177615572,0.6119221411192214,4.115606936416185,4.0,365.5202312138728
energy_innovation__top5_causal,causal,cell=pb_gsm8k_q4,193,207,0.178743961352657,0.45893719806763283,0.36231884057971014,0.05,0.046632124352331605,3.5352106611961935,0.07246376811594203,0.028985507246376812,0.033816425120772944,0.893719806763285,0.8,1.0,56.266666666666666
energy_innovation__top5_causal,causal,cell=pb_gsm8k_q4,193,207,0.178743961352657,0.45893719806763283,0.36231884057971014,0.1,0.08290155440414508,3.373103452447477,0.0966183574879227,0.043478260869565216,0.04830917874396135,0.855072463768116,0.8,1.0,59.8
energy_innovation__top5_causal,causal,cell=pb_gsm8k_q4,193,207,0.178743961352657,0.45893719806763283,0.36231884057971014,0.2,0.18652849740932642,3.115935472806806,0.1642512077294686,0.06280193236714976,0.09178743961352658,0.7439613526570048,0.9117647058823529,1.0,68.91176470588235
energy_innovation__top5_causal,causal,cell=pb_gsm8k_q4,193,207,0.178743961352657,0.45893719806763283,0.36231884057971014,0.3,0.2849740932642487,2.950578973994356,0.20772946859903382,0.0821256038647343,0.15458937198067632,0.6376811594202898,1.0,1.0,71.34883720930233
energy_innovation__top5_causal,causal,cell=pb_gsm8k_q8,193,207,0.23671497584541062,0.3719806763285024,0.391304347826087,0.05,0.031088082901554404,4.100643374939167,0.014492753623188406,0.004830917874396135,0.014492753623188406,0.9710144927536232,2.3333333333333335,2.0,163.0
energy_innovation__top5_causal,causal,cell=pb_gsm8k_q8,193,207,0.23671497584541062,0.3719806763285024,0.391304347826087,0.1,0.08290155440414508,3.6456979459289753,0.05314009661835749,0.014492753623188406,0.06763285024154589,0.8792270531400966,1.9090909090909092,2.0,161.0909090909091
energy_innovation__top5_causal,causal,cell=pb_gsm8k_q8,193,207,0.23671497584541062,0.3719806763285024,0.391304347826087,0.2,0.19170984455958548,3.3035465907978323,0.16908212560386474,0.057971014492753624,0.10628019323671498,0.7246376811594203,1.2,1.0,87.31428571428572
energy_innovation__top5_causal,causal,cell=pb_gsm8k_q8,193,207,0.23671497584541062,0.3719806763285024,0.391304347826087,0.3,0.26424870466321243,3.198474496242688,0.18840579710144928,0.06763285024154589,0.13526570048309178,0.6763285024154589,1.1538461538461537,1.0,83.46153846153847
energy_innovation__top5_causal,causal,cell=pb_math_q4,406,594,0.20033670033670034,0.46296296296296297,0.3367003367003367,0.05,0.046798029556650245,3.448045980127349,0.05555555555555555,0.015151515151515152,0.020202020202020204,0.9242424242424242,1.9393939393939394,1.0,221.72727272727272
energy_innovation__top5_causal,causal,cell=pb_math_q4,406,594,0.20033670033670034,0.46296296296296297,0.3367003367003367,0.1,0.0812807881773399,3.3035465907978323,0.07912457912457913,0.020202020202020204,0.037037037037037035,0.8838383838383839,1.9361702127659575,1.0,208.70212765957447
energy_innovation__top5_causal,causal,cell=pb_math_q4,406,594,0.20033670033670034,0.46296296296296297,0.3367003367003367,0.2,0.1921182266009852,3.0390980275734374,0.12794612794612795,0.04377104377104377,0.08249158249158249,0.7895622895622896,1.8026315789473684,1.0,169.6578947368421
energy_innovation__top5_causal,causal,cell=pb_math_q4,406,594,0.20033670033670034,0.46296296296296297,0.3367003367003367,0.3,0.28078817733990147,2.873221221133946,0.1936026936026936,0.0723905723905724,0.14983164983164984,0.6565656565656566,1.6695652173913043,1.0,165.28695652173914
energy_innovation__top5_causal,causal,cell=pb_math_q8,406,594,0.2222222222222222,0.4107744107744108,0.367003367003367,0.05,0.04926108374384237,3.827754387516356,0.045454545454545456,0.013468013468013467,0.008417508417508417,0.9461279461279462,2.5555555555555554,1.0,310.6666666666667
energy_innovation__top5_causal,causal,cell=pb_math_q8,406,594,0.2222222222222222,0.4107744107744108,0.367003367003367,0.1,0.07881773399014778,3.6456979459289753,0.0707070707070707,0.020202020202020204,0.018518518518518517,0.9107744107744108,3.0476190476190474,2.0,302.4047619047619
energy_innovation__top5_causal,causal,cell=pb_math_q8,406,594,0.2222222222222222,0.4107744107744108,0.367003367003367,0.2,0.19950738916256158,3.198474496242688,0.1750841750841751,0.05218855218855219,0.07575757575757576,0.7491582491582491,2.25,2.0,218.01923076923077
energy_innovation__top5_causal,causal,cell=pb_math_q8,406,594,0.2222222222222222,0.4107744107744108,0.367003367003367,0.3,0.2955665024630542,2.9787614552489763,0.2441077441077441,0.08754208754208755,0.13636363636363635,0.6195286195286195,2.0068965517241377,2.0,181.19310344827585
energy_innovation__top5_causal,causal,cell=pb_olympiadbench_q4,339,661,0.12556732223903178,0.5249621785173979,0.3494704992435703,0.05,0.04129793510324484,3.5352106611961935,0.049924357034795766,0.012102874432677761,0.015128593040847202,0.9349470499243571,2.5757575757575757,2.0,277.0
energy_innovation__top5_causal,causal,cell=pb_olympiadbench_q4,339,661,0.12556732223903178,0.5249621785173979,0.3494704992435703,0.1,0.07964601769911504,3.448045980127349,0.06202723146747353,0.01361573373676248,0.024205748865355523,0.913767019667171,2.7560975609756095,2.0,299.8536585365854
energy_innovation__top5_causal,causal,cell=pb_olympiadbench_q4,339,661,0.12556732223903178,0.5249621785173979,0.3494704992435703,0.2,0.19174041297935104,3.198474496242688,0.11346444780635401,0.0226928895612708,0.060514372163388806,0.8260211800302572,2.8533333333333335,2.0,320.8933333333333
energy_innovation__top5_causal,causal,cell=pb_olympiadbench_q4,339,661,0.12556732223903178,0.5249621785173979,0.3494704992435703,0.3,0.2890855457227139,3.0390980275734374,0.17397881996974282,0.039334341906202726,0.11195158850226929,0.7140695915279879,2.4,2.0,269.2086956521739
energy_innovation__top5_causal,causal,cell=pb_olympiadbench_q8,339,661,0.11497730711043873,0.4856278366111952,0.39939485627836613,0.1,0.07079646017699115,4.100643374939167,0.06656580937972768,0.015128593040847202,0.007564296520423601,0.9258698940998488,2.409090909090909,2.0,307.54545454545456
energy_innovation__top5_causal,causal,cell=pb_olympiadbench_q8,339,661,0.11497730711043873,0.4856278366111952,0.39939485627836613,0.2,0.17994100294985252,3.5352106611961935,0.1346444780635401,0.02723146747352496,0.06354009077155824,0.8018154311649016,2.303370786516854,2.0,291.0
energy_innovation__top5_causal,causal,cell=pb_olympiadbench_q8,339,661,0.11497730711043873,0.4856278366111952,0.39939485627836613,0.3,0.2743362831858407,3.3035465907978323,0.1951588502269289,0.04236006051437216,0.12859304084720122,0.6762481089258698,2.310077519379845,2.0,268.48837209302326
energy_innovation__top5_causal,causal,cell=pb_omnimath_q4,241,759,0.12121212121212122,0.463768115942029,0.4150197628458498,0.05,0.04564315352697095,3.827754387516356,0.0461133069828722,0.002635046113306983,0.003952569169960474,0.9499341238471674,3.5714285714285716,3.0,502.9714285714286
energy_innovation__top5_causal,causal,cell=pb_omnimath_q4,241,759,0.12121212121212122,0.463768115942029,0.4150197628458498,0.1,0.0995850622406639,3.3035465907978323,0.11725955204216074,0.011857707509881422,0.05006587615283267,0.8326745718050066,3.146067415730337,3.0,387.19101123595505
energy_innovation__top5_causal,causal,cell=pb_omnimath_q4,241,759,0.12121212121212122,0.463768115942029,0.4150197628458498,0.2,0.1825726141078838,3.0765965772660753,0.17523056653491437,0.030303030303030304,0.09749670619235837,0.7272727272727273,2.744360902255639,2.0,322.9323308270677
energy_innovation__top5_causal,causal,cell=pb_omnimath_q4,241,759,0.12121212121212122,0.463768115942029,0.4150197628458498,0.3,0.2821576763485477,2.9235084166650815,0.25428194993412384,0.05928853754940711,0.1422924901185771,0.6034255599472991,2.134715025906736,2.0,251.55958549222797
energy_innovation__top5_causal,causal,cell=pb_omnimath_q8,241,759,0.13043478260869565,0.4044795783926219,0.4650856389986825,0.05,0.03734439834024896,4.100643374939167,0.0764163372859025,0.003952569169960474,0.007905138339920948,0.9156785243741765,3.206896551724138,3.0,412.55172413793105
energy_innovation__top5_causal,causal,cell=pb_omnimath_q8,241,759,0.13043478260869565,0.4044795783926219,0.4650856389986825,0.1,0.07883817427385892,3.827754387516356,0.11725955204216074,0.013175230566534914,0.025032938076416336,0.857707509881423,2.831460674157303,3.0,347.91011235955057
energy_innovation__top5_causal,causal,cell=pb_omnimath_q8,241,759,0.13043478260869565,0.4044795783926219,0.4650856389986825,0.2,0.18672199170124482,3.448045980127349,0.20685111989459815,0.04216073781291173,0.09090909090909091,0.7022397891963109,2.445859872611465,2.0,287.20382165605093
energy_innovation__top5_causal,causal,cell=pb_omnimath_q8,241,759,0.13043478260869565,0.4044795783926219,0.4650856389986825,0.3,0.2697095435684647,3.3035465907978323,0.23847167325428195,0.05006587615283267,0.12121212121212122,0.6403162055335968,2.3480662983425415,2.0,272.7955801104972
energy_innovation__page_wmax_causal,causal,macro8_all,2358,4442,0.14588023412877082,0.41085096803241783,0.44326879783881135,0.05,0.04580152671755725,35.4667609557738,0.06731202161188654,0.00765420981539847,0.04727600180099054,0.8854119765871229,3.0,2.0,335.6220735785953
energy_innovation__page_wmax_causal,causal,macro8_all,2358,4442,0.14588023412877082,0.41085096803241783,0.44326879783881135,0.1,0.089058524173028,28.772667344448116,0.1109860423232778,0.017559657811796487,0.07811796488068437,0.8108959927960379,2.7221095334685597,2.0,308.70182555780934
energy_innovation__page_wmax_causal,causal,macro8_all,2358,4442,0.14588023412877082,0.41085096803241783,0.44326879783881135,0.2,0.18744698897370654,21.12423519997187,0.20283656010805942,0.04187303016659163,0.16186402521386764,0.6352994146780729,2.4417314095449503,2.0,263.7436182019978
energy_innovation__page_wmax_causal,causal,macro8_all,2358,4442,0.14588023412877082,0.41085096803241783,0.44326879783881135,0.3,0.2972858354537744,17.08534115495856,0.26812246735704637,0.06393516434038721,0.24921206663665016,0.48266546600630345,2.191435768261965,2.0,229.99160369437448
energy_innovation__page_wmax_causal,causal,steps_2_to_5,950,1312,0.23551829268292682,0.3711890243902439,0.3932926829268293,0.05,0.04421052631578947,27.201169469473893,0.04344512195121951,0.01600609756097561,0.039634146341463415,0.916920731707317,1.3859649122807018,1.0,225.9298245614035
energy_innovation__page_wmax_causal,causal,steps_2_to_5,950,1312,0.23551829268292682,0.3711890243902439,0.3932926829268293,0.1,0.1,21.12423519997187,0.09527439024390244,0.028201219512195123,0.08079268292682927,0.8239329268292683,1.264,1.0,200.256
energy_innovation__page_wmax_causal,causal,steps_2_to_5,950,1312,0.23551829268292682,0.3711890243902439,0.3932926829268293,0.2,0.2,16.07158147965835,0.18902439024390244,0.06021341463414634,0.15320121951219512,0.6577743902439024,1.1693548387096775,1.0,170.18548387096774
energy_innovation__page_wmax_causal,causal,steps_2_to_5,950,1312,0.23551829268292682,0.3711890243902439,0.3932926829268293,0.3,0.3,13.484550531774998,0.26753048780487804,0.10899390243902439,0.21722560975609756,0.5152439024390244,1.017094017094017,1.0,135.5099715099715
energy_innovation__page_wmax_causal,causal,steps_6_to_10,1124,2308,0.12391681109185441,0.4098786828422877,0.4662045060658579,0.05,0.045373665480427046,35.4667609557738,0.07712305025996534,0.009098786828422877,0.05155979202772964,0.871317157712305,2.50561797752809,2.0,311.7303370786517
energy_innovation__page_wmax_causal,causal,steps_6_to_10,1124,2308,0.12391681109185441,0.4098786828422877,0.4662045060658579,0.1,0.09786476868327403,28.772667344448116,0.12868284228769497,0.020363951473136917,0.08102253032928942,0.7902946273830156,2.34006734006734,2.0,289.3939393939394
energy_innovation__page_wmax_causal,causal,steps_6_to_10,1124,2308,0.12391681109185441,0.4098786828422877,0.4662045060658579,0.2,0.19839857651245552,21.84304881487846,0.22660311958405546,0.048960138648180246,0.1559792027729636,0.6174176776429809,2.112810707456979,2.0,249.1434034416826
energy_innovation__page_wmax_causal,causal,steps_6_to_10,1124,2308,0.12391681109185441,0.4098786828422877,0.4662045060658579,0.3,0.29092526690391457,18.847209417516215,0.27772963604852685,0.06412478336221837,0.22227036395147315,0.5,2.0327613104524183,2.0,230.05928237129484
energy_innovation__page_wmax_causal,causal,steps_11_plus,284,822,0.06447688564476886,0.4768856447688564,0.4586374695863747,0.05,0.03873239436619718,54.742510810252554,0.04866180048661801,0.0024330900243309003,0.019464720194647202,0.9318734793187348,4.9,5.0,539.425
energy_innovation__page_wmax_causal,causal,steps_11_plus,284,822,0.06447688564476886,0.4768856447688564,0.4586374695863747,0.1,0.09154929577464789,44.736413941968834,0.07177615571776155,0.0036496350364963502,0.045012165450121655,0.8832116788321168,4.796610169491525,5.0,497.3050847457627
energy_innovation__page_wmax_causal,causal,steps_11_plus,284,822,0.06447688564476886,0.4768856447688564,0.4586374695863747,0.2,0.19718309859154928,30.451537395490035,0.170316301703163,0.015815085158150853,0.12043795620437957,0.7092457420924574,3.9214285714285713,3.0,373.52142857142854
energy_innovation__page_wmax_causal,causal,steps_11_plus,284,822,0.06447688564476886,0.4768856447688564,0.4586374695863747,0.3,0.29577464788732394,25.82094668857907,0.2141119221411192,0.023114355231143552,0.170316301703163,0.6155717761557178,4.068181818181818,3.0,369.6931818181818
energy_innovation__page_wmax_causal,causal,cell=pb_gsm8k_q4,193,207,0.1642512077294686,0.3671497584541063,0.46859903381642515,0.05,0.046632124352331605,18.847209417516215,0.06280193236714976,0.014492753623188406,0.04830917874396135,0.8888888888888888,1.4615384615384615,1.0,110.6923076923077
energy_innovation__page_wmax_causal,causal,cell=pb_gsm8k_q4,193,207,0.1642512077294686,0.3671497584541063,0.46859903381642515,0.1,0.09326424870466321,16.37707697231493,0.10144927536231885,0.01932367149758454,0.07729468599033816,0.821256038647343,1.7142857142857142,1.0,122.9047619047619
energy_innovation__page_wmax_causal,causal,cell=pb_gsm8k_q4,193,207,0.1642512077294686,0.3671497584541063,0.46859903381642515,0.2,0.18134715025906736,13.680890170247585,0.19806763285024154,0.057971014492753624,0.12077294685990338,0.6811594202898551,1.3902439024390243,1.0,99.04878048780488
energy_innovation__page_wmax_causal,causal,cell=pb_gsm8k_q4,193,207,0.1642512077294686,0.3671497584541063,0.46859903381642515,0.3,0.29015544041450775,12.296145443238286,0.23671497584541062,0.06280193236714976,0.15942028985507245,0.6038647342995169,1.3877551020408163,1.0,99.26530612244898
energy_innovation__page_wmax_causal,causal,cell=pb_gsm8k_q8,193,207,0.18840579710144928,0.41545893719806765,0.3961352657004831,0.05,0.04145077720207254,17.884126574785938,0.03864734299516908,0.004830917874396135,0.09178743961352658,0.8695652173913043,1.375,1.0,113.375
energy_innovation__page_wmax_causal,causal,cell=pb_gsm8k_q8,193,207,0.18840579710144928,0.41545893719806765,0.3961352657004831,0.1,0.09326424870466321,15.765511778651977,0.08695652173913043,0.014492753623188406,0.1111111111111111,0.8019323671497585,2.0,2.0,163.38888888888889
energy_innovation__page_wmax_causal,causal,cell=pb_gsm8k_q8,193,207,0.18840579710144928,0.41545893719806765,0.3961352657004831,0.2,0.19689119170984457,12.85652777414201,0.1642512077294686,0.043478260869565216,0.15942028985507245,0.6763285024154589,1.4705882352941178,1.0,117.05882352941177
energy_innovation__page_wmax_causal,causal,cell=pb_gsm8k_q8,193,207,0.18840579710144928,0.41545893719806765,0.3961352657004831,0.3,0.29533678756476683,10.748169831204283,0.2318840579710145,0.05314009661835749,0.20772946859903382,0.5603864734299517,1.4166666666666667,1.0,110.35416666666667
energy_innovation__page_wmax_causal,causal,cell=pb_math_q4,406,594,0.18013468013468015,0.42424242424242425,0.3956228956228956,0.05,0.046798029556650245,30.451537395490035,0.06734006734006734,0.010101010101010102,0.05387205387205387,0.8787878787878788,2.45,2.0,250.525
energy_innovation__page_wmax_causal,causal,cell=pb_math_q4,406,594,0.18013468013468015,0.42424242424242425,0.3956228956228956,0.1,0.0960591133004926,23.549950015339654,0.10774410774410774,0.021885521885521887,0.10606060606060606,0.7861952861952862,2.515625,2.0,255.90625
energy_innovation__page_wmax_causal,causal,cell=pb_math_q4,406,594,0.18013468013468015,0.42424242424242425,0.3956228956228956,0.2,0.1896551724137931,18.350676634679374,0.18181818181818182,0.045454545454545456,0.21043771043771045,0.6077441077441077,2.1481481481481484,2.0,214.05555555555554
energy_innovation__page_wmax_causal,causal,cell=pb_math_q4,406,594,0.18013468013468015,0.42424242424242425,0.3956228956228956,0.3,0.2881773399014778,15.153946113217112,0.234006734006734,0.07575757575757576,0.2777777777777778,0.4882154882154882,1.7050359712230216,1.0,166.6043165467626
energy_innovation__page_wmax_causal,causal,cell=pb_math_q8,406,594,0.16666666666666666,0.3956228956228956,0.4377104377104377,0.05,0.04187192118226601,32.51623163854611,0.058922558922558925,0.006734006734006734,0.03535353535353535,0.9057239057239057,3.4285714285714284,3.0,352.1714285714286
energy_innovation__page_wmax_causal,causal,cell=pb_math_q8,406,594,0.16666666666666666,0.3956228956228956,0.4377104377104377,0.1,0.08620689655172414,24.614385825555345,0.1127946127946128,0.025252525252525252,0.08754208754208755,0.7996632996632996,2.8059701492537314,2.0,270.53731343283584
energy_innovation__page_wmax_causal,causal,cell=pb_math_q8,406,594,0.16666666666666666,0.3956228956228956,0.4377104377104377,0.2,0.1921182266009852,18.847209417516215,0.20033670033670034,0.04882154882154882,0.1447811447811448,0.6548821548821548,2.4285714285714284,2.0,232.69747899159663
energy_innovation__page_wmax_causal,causal,cell=pb_math_q8,406,594,0.16666666666666666,0.3956228956228956,0.4377104377104377,0.3,0.29802955665024633,15.765511778651977,0.25757575757575757,0.06902356902356903,0.20033670033670034,0.5420875420875421,2.2026143790849675,2.0,213.12418300653596
energy_innovation__page_wmax_causal,causal,cell=pb_olympiadbench_q4,339,661,0.12102874432677761,0.4629349470499244,0.41603630862329805,0.05,0.038348082595870206,44.736413941968834,0.04084720121028744,0.006051437216338881,0.02723146747352496,0.9319213313161876,2.962962962962963,2.0,322.4074074074074
energy_innovation__page_wmax_causal,causal,cell=pb_olympiadbench_q4,339,661,0.12102874432677761,0.4629349470499244,0.41603630862329805,0.1,0.09734513274336283,30.451537395490035,0.11951588502269289,0.018154311649016642,0.0907715582450832,0.789712556732224,2.5569620253164556,2.0,282.9113924050633
energy_innovation__page_wmax_causal,causal,cell=pb_olympiadbench_q4,339,661,0.12102874432677761,0.4629349470499244,0.41603630862329805,0.2,0.1976401179941003,23.549950015339654,0.19364599092284418,0.04084720121028744,0.16036308623298035,0.6459909228441755,2.3671875,2.0,266.8125
energy_innovation__page_wmax_causal,causal,cell=pb_olympiadbench_q4,339,661,0.12102874432677761,0.4629349470499244,0.41603630862329805,0.3,0.29793510324483774,19.866535031638897,0.23751891074130105,0.057488653555219364,0.2556732223903177,0.5068078668683812,2.0764331210191083,2.0,226.44585987261146
energy_innovation__page_wmax_causal,causal,cell=pb_olympiadbench_q8,339,661,0.12254160363086233,0.4236006051437216,0.45385779122541603,0.05,0.029498525073746312,44.736413941968834,0.037821482602118005,0.0045385779122541605,0.03177004538577912,0.9304084720121029,3.08,2.0,382.52
energy_innovation__page_wmax_causal,causal,cell=pb_olympiadbench_q8,339,661,0.12254160363086233,0.4236006051437216,0.45385779122541603,0.1,0.08849557522123894,30.451537395490035,0.11195158850226929,0.018154311649016642,0.08018154311649017,0.8078668683812406,2.6621621621621623,2.0,332.56756756756755
energy_innovation__page_wmax_causal,causal,cell=pb_olympiadbench_q8,339,661,0.12254160363086233,0.4236006051437216,0.45385779122541603,0.2,0.18289085545722714,25.82094668857907,0.15431164901664146,0.028744326777609682,0.11497730711043873,0.7307110438729199,2.735294117647059,2.0,319.2450980392157
energy_innovation__page_wmax_causal,causal,cell=pb_olympiadbench_q8,339,661,0.12254160363086233,0.4236006051437216,0.45385779122541603,0.3,0.2861356932153392,21.12423519997187,0.22087745839636913,0.04387291981845688,0.1815431164901664,0.5975794251134644,2.458904109589041,2.0,268.4109589041096
energy_innovation__page_wmax_causal,causal,cell=pb_omnimath_q4,241,759,0.1370223978919631,0.4005270092226614,0.4624505928853755,0.05,0.04149377593360996,44.736413941968834,0.05006587615283267,0.002635046113306983,0.023715415019762844,0.9262187088274044,3.8421052631578947,3.5,434.6842105263158
energy_innovation__page_wmax_causal,causal,cell=pb_omnimath_q4,241,759,0.1370223978919631,0.4005270092226614,0.4624505928853755,0.1,0.0912863070539419,35.4667609557738,0.10408432147562582,0.007905138339920948,0.057971014492753624,0.8379446640316206,3.3037974683544302,3.0,342.32911392405066
energy_innovation__page_wmax_causal,causal,cell=pb_omnimath_q4,241,759,0.1370223978919631,0.4005270092226614,0.4624505928853755,0.2,0.16597510373443983,28.772667344448116,0.16205533596837945,0.026350461133069828,0.10144927536231885,0.7364953886693018,2.869918699186992,2.0,315.9756097560976
energy_innovation__page_wmax_causal,causal,cell=pb_omnimath_q4,241,759,0.1370223978919631,0.4005270092226614,0.4624505928853755,0.3,0.2987551867219917,21.12423519997187,0.27140974967061926,0.05006587615283267,0.2028985507246377,0.525691699604743,2.5533980582524274,2.0,277.70388349514565
energy_innovation__page_wmax_causal,causal,cell=pb_omnimath_q8,241,759,0.1370223978919631,0.37681159420289856,0.48616600790513836,0.05,0.04564315352697095,44.736413941968834,0.0461133069828722,0.005270092226613966,0.03162055335968379,0.922266139657444,3.342857142857143,3.0,415.22857142857146
energy_innovation__page_wmax_causal,causal,cell=pb_omnimath_q8,241,759,0.1370223978919631,0.37681159420289856,0.48616600790513836,0.1,0.0995850622406639,32.51623163854611,0.10540184453227931,0.013175230566534914,0.061923583662714096,0.8326745718050066,2.7875,2.0,327.8375
energy_innovation__page_wmax_causal,causal,cell=pb_omnimath_q8,241,759,0.1370223978919631,0.37681159420289856,0.48616600790513836,0.2,0.17842323651452283,25.82094668857907,0.18050065876152832,0.03689064558629776,0.10935441370223979,0.7101449275362319,2.5839416058394162,2.0,301.16058394160586
energy_innovation__page_wmax_causal,causal,cell=pb_omnimath_q8,241,759,0.1370223978919631,0.37681159420289856,0.48616600790513836,0.3,0.29045643153526973,21.84304881487846,0.25559947299077734,0.05138339920948617,0.16073781291172595,0.5836627140974967,2.5,2.0,281.62371134020617
top15_turnover__top5_causal,causal,macro8_all,2358,4442,0.16366501575866726,0.5342188203511932,0.30211616389013957,0.05,0.04834605597964377,1.1321932478472243,0.02341287708239532,0.011481314723097704,0.027915353444394417,0.9486717694732103,1.1057692307692308,1.0,112.6923076923077
top15_turnover__top5_causal,causal,macro8_all,2358,4442,0.16366501575866726,0.5342188203511932,0.30211616389013957,0.1,0.0996607294317218,1.0792221537050466,0.04524988743809095,0.0225123818099955,0.06033318325078793,0.8944169293111212,1.0348258706467661,1.0,93.69154228855722
top15_turnover__top5_causal,causal,macro8_all,2358,4442,0.16366501575866726,0.5342188203511932,0.30211616389013957,0.2,0.1993214588634436,1.030793085616284,0.07676722197208465,0.04029716343989194,0.12291760468257541,0.80031517334534,0.906158357771261,0.0,86.51319648093842
top15_turnover__top5_causal,causal,macro8_all,2358,4442,0.16366501575866726,0.5342188203511932,0.30211616389013957,0.3,0.2960135708227311,1.0015599630115688,0.1064835659612787,0.05605583070688879,0.18662764520486266,0.7068887888338586,1.0507399577167018,0.0,91.78646934460888
top15_turnover__top5_causal,causal,steps_2_to_5,950,1312,0.2423780487804878,0.4253048780487805,0.3323170731707317,0.05,0.02631578947368421,1.2009121546700925,0.012957317073170731,0.006859756097560976,0.009146341463414634,0.9778963414634146,0.5882352941176471,0.0,96.0
top15_turnover__top5_causal,causal,steps_2_to_5,950,1312,0.2423780487804878,0.4253048780487805,0.3323170731707317,0.1,0.09368421052631579,1.1146748575124634,0.05030487804878049,0.03048780487804878,0.042682926829268296,0.9070121951219512,0.6060606060606061,0.0,52.71212121212121
top15_turnover__top5_causal,causal,steps_2_to_5,950,1312,0.2423780487804878,0.4253048780487805,0.3323170731707317,0.2,0.1968421052631579,1.0495535223650252,0.10365853658536585,0.06554878048780488,0.09603658536585366,0.8003048780487805,0.5367647058823529,0.0,49.161764705882355
top15_turnover__top5_causal,causal,steps_2_to_5,950,1312,0.2423780487804878,0.4253048780487805,0.3323170731707317,0.3,0.29578947368421055,1.0124367451533278,0.14710365853658536,0.09679878048780488,0.16158536585365854,0.6913109756097561,0.47668393782383417,0.0,42.979274611398964
top15_turnover__top5_causal,causal,steps_6_to_10,1124,2308,0.14558058925476602,0.5797227036395147,0.27469670710571925,0.05,0.03914590747330961,1.1146748575124634,0.02079722703639515,0.010831889081455806,0.0389948006932409,0.9402079722703639,1.125,0.0,121.64583333333333
top15_turnover__top5_causal,causal,steps_6_to_10,1124,2308,0.14558058925476602,0.5797227036395147,0.27469670710571925,0.1,0.09341637010676157,1.0709264135007355,0.03509532062391681,0.01559792027729636,0.07235701906412478,0.8925476603119584,1.123456790123457,1.0,104.34567901234568
top15_turnover__top5_causal,causal,steps_6_to_10,1124,2308,0.14558058925476602,0.5797227036395147,0.27469670710571925,0.2,0.19572953736654805,1.0223413500299812,0.058925476603119586,0.026863084922010397,0.14428076256499134,0.7967937608318891,0.9926470588235294,1.0,105.61764705882354
top15_turnover__top5_causal,causal,steps_6_to_10,1124,2308,0.14558058925476602,0.5797227036395147,0.27469670710571925,0.3,0.29804270462633453,0.9917420581864842,0.09662045060658579,0.048960138648180246,0.22530329289428075,0.6780762564991335,1.0582959641255605,0.0,112.18834080717488
top15_turnover__top5_causal,causal,steps_11_plus,284,822,0.08880778588807786,0.5802919708029197,0.3309002433090024,0.05,0.045774647887323945,1.100585722500187,0.025547445255474453,0.0072992700729927005,0.0364963503649635,0.9379562043795621,2.142857142857143,1.0,180.23809523809524
top15_turnover__top5_causal,causal,steps_11_plus,284,822,0.08880778588807786,0.5802919708029197,0.3309002433090024,0.1,0.08450704225352113,1.0558657728546677,0.04257907542579075,0.015815085158150853,0.06934306569343066,0.8880778588807786,2.0,1.0,165.02857142857144
top15_turnover__top5_causal,causal,steps_11_plus,284,822,0.08880778588807786,0.5802919708029197,0.3309002433090024,0.2,0.1936619718309859,1.0266288415764524,0.057177615571776155,0.019464720194647202,0.11435523114355231,0.8284671532846716,1.9148936170212767,1.0,157.19148936170214
top15_turnover__top5_causal,causal,steps_11_plus,284,822,0.08880778588807786,0.5802919708029197,0.3309002433090024,0.3,0.2887323943661972,0.9917420581864842,0.09002433090024331,0.030413625304136254,0.20316301703163017,0.7068126520681265,2.472972972972973,1.0,181.24324324324326
top15_turnover__top5_causal,causal,cell=pb_gsm8k_q4,193,207,0.22705314009661837,0.25120772946859904,0.5217391304347826,0.05,0.04145077720207254,1.0558657728546677,0.06280193236714976,0.01932367149758454,0.033816425120772944,0.9033816425120773,1.6153846153846154,1.0,82.07692307692308
top15_turnover__top5_causal,causal,cell=pb_gsm8k_q4,193,207,0.22705314009661837,0.25120772946859904,0.5217391304347826,0.1,0.09844559585492228,0.9964462031414285,0.15458937198067632,0.07246376811594203,0.09178743961352658,0.7536231884057971,1.0625,1.0,51.78125
top15_turnover__top5_causal,causal,cell=pb_gsm8k_q4,193,207,0.22705314009661837,0.25120772946859904,0.5217391304347826,0.2,0.19689119170984457,0.970083885494935,0.18840579710144928,0.07729468599033816,0.13043478260869565,0.6811594202898551,1.205128205128205,1.0,64.58974358974359
top15_turnover__top5_causal,causal,cell=pb_gsm8k_q4,193,207,0.22705314009661837,0.25120772946859904,0.5217391304347826,0.3,0.29533678756476683,0.9450030908787971,0.23671497584541062,0.11594202898550725,0.1642512077294686,0.5990338164251208,0.9795918367346939,1.0,58.61224489795919
top15_turnover__top5_causal,causal,cell=pb_gsm8k_q8,193,207,0.21256038647342995,0.2946859903381642,0.4927536231884058,0.05,0.031088082901554404,1.2009121546700925,0.01932367149758454,0.00966183574879227,0.00966183574879227,0.9710144927536232,1.0,0.5,89.0
top15_turnover__top5_causal,causal,cell=pb_gsm8k_q8,193,207,0.21256038647342995,0.2946859903381642,0.4927536231884058,0.1,0.09326424870466321,1.1321932478472243,0.0821256038647343,0.043478260869565216,0.028985507246376812,0.8888888888888888,1.0588235294117647,0.0,55.23529411764706
top15_turnover__top5_causal,causal,cell=pb_gsm8k_q8,193,207,0.21256038647342995,0.2946859903381642,0.4927536231884058,0.2,0.18134715025906736,1.0792221537050466,0.15458937198067632,0.07729468599033816,0.08695652173913043,0.7584541062801933,1.0,0.5,57.0625
top15_turnover__top5_causal,causal,cell=pb_gsm8k_q8,193,207,0.21256038647342995,0.2946859903381642,0.4927536231884058,0.3,0.2849740932642487,1.044622408952358,0.21256038647342995,0.11594202898550725,0.15458937198067632,0.6328502415458938,0.8181818181818182,0.0,45.88636363636363
top15_turnover__top5_causal,causal,cell=pb_math_q4,406,594,0.19023569023569023,0.41414141414141414,0.3956228956228956,0.05,0.04926108374384237,1.1146748575124634,0.02861952861952862,0.011784511784511785,0.025252525252525252,0.9461279461279462,1.2941176470588236,1.0,114.0
top15_turnover__top5_causal,causal,cell=pb_math_q4,406,594,0.19023569023569023,0.41414141414141414,0.3956228956228956,0.1,0.09359605911330049,1.0709264135007355,0.05723905723905724,0.018518518518518517,0.050505050505050504,0.8922558922558923,1.0294117647058822,1.0,91.8529411764706
top15_turnover__top5_causal,causal,cell=pb_math_q4,406,594,0.19023569023569023,0.41414141414141414,0.3956228956228956,0.2,0.1921182266009852,1.0223413500299812,0.10942760942760943,0.06060606060606061,0.10606060606060606,0.7845117845117845,0.7538461538461538,0.0,69.55384615384615
top15_turnover__top5_causal,causal,cell=pb_math_q4,406,594,0.19023569023569023,0.41414141414141414,0.3956228956228956,0.3,0.29802955665024633,0.9964462031414285,0.14814814814814814,0.07744107744107744,0.15993265993265993,0.6919191919191919,1.0795454545454546,0.0,90.6590909090909
top15_turnover__top5_causal,causal,cell=pb_math_q8,406,594,0.18518518518518517,0.46464646464646464,0.3501683501683502,0.05,0.03201970443349754,1.2009121546700925,0.015151515151515152,0.008417508417508417,0.013468013468013467,0.9713804713804713,0.5555555555555556,0.0,43.666666666666664
top15_turnover__top5_causal,causal,cell=pb_math_q8,406,594,0.18518518518518517,0.46464646464646464,0.3501683501683502,0.1,0.09359605911330049,1.1321932478472243,0.03367003367003367,0.015151515151515152,0.04377104377104377,0.9225589225589226,0.75,1.0,65.5
top15_turnover__top5_causal,causal,cell=pb_math_q8,406,594,0.18518518518518517,0.46464646464646464,0.3501683501683502,0.2,0.19704433497536947,1.0558657728546677,0.10101010101010101,0.04882154882154882,0.12794612794612795,0.7710437710437711,0.9333333333333333,1.0,85.01666666666667
top15_turnover__top5_causal,causal,cell=pb_math_q8,406,594,0.18518518518518517,0.46464646464646464,0.3501683501683502,0.3,0.29064039408866993,1.0266288415764524,0.12962962962962962,0.07912457912457913,0.18181818181818182,0.6885521885521886,0.7012987012987013,0.0,66.74025974025975
top15_turnover__top5_causal,causal,cell=pb_olympiadbench_q4,339,661,0.15279878971255673,0.5627836611195158,0.2844175491679274,0.05,0.038348082595870206,1.0900950582786761,0.01664145234493192,0.01059001512859304,0.028744326777609682,0.9546142208774584,0.7272727272727273,0.0,70.9090909090909
top15_turnover__top5_causal,causal,cell=pb_olympiadbench_q4,339,661,0.15279878971255673,0.5627836611195158,0.2844175491679274,0.1,0.0855457227138643,1.0495535223650252,0.025718608169440244,0.015128593040847202,0.06202723146747353,0.9122541603630863,0.7058823529411765,0.0,59.94117647058823
top15_turnover__top5_causal,causal,cell=pb_olympiadbench_q4,339,661,0.15279878971255673,0.5627836611195158,0.2844175491679274,0.2,0.19469026548672566,1.0041294280568074,0.06202723146747353,0.03479576399394856,0.14977307110438728,0.7881996974281392,0.9024390243902439,0.0,106.97560975609755
top15_turnover__top5_causal,causal,cell=pb_olympiadbench_q4,339,661,0.15279878971255673,0.5627836611195158,0.2844175491679274,0.3,0.2920353982300885,0.981285449199218,0.09531013615733737,0.05143721633888049,0.2314674735249622,0.6732223903177005,1.2857142857142858,0.0,126.68253968253968
top15_turnover__top5_causal,causal,cell=pb_olympiadbench_q8,339,661,0.12859304084720122,0.6338880484114977,0.23751891074130105,0.05,0.032448377581120944,1.1146748575124634,0.015128593040847202,0.01059001512859304,0.036308623298033284,0.9485627836611196,0.7,0.0,67.6
top15_turnover__top5_causal,causal,cell=pb_olympiadbench_q8,339,661,0.12859304084720122,0.6338880484114977,0.23751891074130105,0.1,0.09734513274336283,1.0709264135007355,0.03328290468986384,0.02118003025718608,0.060514372163388806,0.9062027231467473,0.5909090909090909,0.0,62.27272727272727
top15_turnover__top5_causal,causal,cell=pb_olympiadbench_q8,339,661,0.12859304084720122,0.6338880484114977,0.23751891074130105,0.2,0.1887905604719764,1.0349689626334613,0.04236006051437216,0.019667170953101363,0.12254160363086233,0.8350983358547656,1.3571428571428572,1.0,140.60714285714286
top15_turnover__top5_causal,causal,cell=pb_olympiadbench_q8,339,661,0.12859304084720122,0.6338880484114977,0.23751891074130105,0.3,0.2890855457227139,1.0096300625719963,0.057488653555219364,0.028744326777609682,0.20121028744326777,0.7413010590015129,1.4210526315789473,0.5,104.34210526315789
top15_turnover__top5_causal,causal,cell=pb_omnimath_q4,241,759,0.16073781291172595,0.5942028985507246,0.2450592885375494,0.05,0.04979253112033195,1.1146748575124634,0.019762845849802372,0.010540184453227932,0.030303030303030304,0.9499341238471674,1.0,0.0,147.2
top15_turnover__top5_causal,causal,cell=pb_omnimath_q4,241,759,0.16073781291172595,0.5942028985507246,0.2450592885375494,0.1,0.0995850622406639,1.0709264135007355,0.028985507246376812,0.01844532279314888,0.061923583662714096,0.9090909090909091,1.1363636363636365,0.0,131.5
top15_turnover__top5_causal,causal,cell=pb_omnimath_q4,241,759,0.16073781291172595,0.5942028985507246,0.2450592885375494,0.2,0.1908713692946058,1.0223413500299812,0.057971014492753624,0.03162055335968379,0.11198945981554677,0.8300395256916996,1.0227272727272727,0.0,129.61363636363637
top15_turnover__top5_causal,causal,cell=pb_omnimath_q4,241,759,0.16073781291172595,0.5942028985507246,0.2450592885375494,0.3,0.2946058091286307,0.9896087269667413,0.07378129117259552,0.0461133069828722,0.18840579710144928,0.7378129117259552,1.25,0.0,142.91071428571428
top15_turnover__top5_causal,causal,cell=pb_omnimath_q8,241,759,0.1383399209486166,0.6534914361001317,0.20816864295125165,0.05,0.04564315352697095,1.1580699278970343,0.017127799736495388,0.00922266139657444,0.028985507246376812,0.9538866930171278,1.1538461538461537,0.0,208.0
top15_turnover__top5_causal,causal,cell=pb_omnimath_q8,241,759,0.1383399209486166,0.6534914361001317,0.20816864295125165,0.1,0.08713692946058091,1.1146748575124634,0.028985507246376812,0.019762845849802372,0.05928853754940711,0.9117259552042161,0.9545454545454546,0.0,122.31818181818181
top15_turnover__top5_causal,causal,cell=pb_omnimath_q8,241,759,0.1383399209486166,0.6534914361001317,0.20816864295125165,0.2,0.1908713692946058,1.0558657728546677,0.043478260869565216,0.026350461133069828,0.11594202898550725,0.8405797101449275,1.2121212121212122,0.0,137.54545454545453
top15_turnover__top5_causal,causal,cell=pb_omnimath_q8,241,759,0.1383399209486166,0.6534914361001317,0.20816864295125165,0.3,0.29045643153526973,1.0155741421999667,0.05928853754940711,0.034255599472990776,0.18840579710144928,0.7523056653491436,0.9777777777777777,0.0,112.8
top15_turnover__page_wmax_causal,causal,macro8_all,2358,4442,0.20373705538045925,0.3079693831607384,0.4882935614588023,0.05,0.03265479219677693,5.778400842283403,0.04344889689329131,0.011931562359297614,0.014407924358397118,0.9421431787483115,2.4507772020725387,2.0,258.94300518134713
top15_turnover__page_wmax_causal,causal,macro8_all,2358,4442,0.20373705538045925,0.3079693831607384,0.4882935614588023,0.1,0.08863443596268024,4.488930009408672,0.09455200360198109,0.026114362899594776,0.04254840162089149,0.8628995947771274,2.2714285714285714,1.0,229.19761904761904
top15_turnover__page_wmax_causal,causal,macro8_all,2358,4442,0.20373705538045925,0.3079693831607384,0.4882935614588023,0.2,0.1921119592875318,3.73519268772949,0.16884286357496622,0.05335434488968933,0.08419630796938316,0.7469608284556506,2.18,1.0,213.89866666666666
top15_turnover__page_wmax_causal,causal,macro8_all,2358,4442,0.20373705538045925,0.3079693831607384,0.4882935614588023,0.3,0.2909245122985581,3.286027824310522,0.23187753264295363,0.07654209815398469,0.13980189104007204,0.6283205763169744,2.0116504854368933,1.0,192.11844660194174
top15_turnover__page_wmax_causal,causal,steps_2_to_5,950,1312,0.28353658536585363,0.24390243902439024,0.4725609756097561,0.05,0.049473684210526316,5.149754059725349,0.052591463414634144,0.012957317073170731,0.010670731707317074,0.9367378048780488,0.9710144927536232,1.0,137.231884057971
top15_turnover__page_wmax_causal,causal,steps_2_to_5,950,1312,0.28353658536585363,0.24390243902439024,0.4725609756097561,0.1,0.07894736842105263,4.488930009408672,0.08460365853658537,0.03125,0.024390243902439025,0.8910060975609756,0.918918918918919,1.0,112.24324324324324
top15_turnover__page_wmax_causal,causal,steps_2_to_5,950,1312,0.28353658536585363,0.24390243902439024,0.4725609756097561,0.2,0.1863157894736842,3.636521348184541,0.17301829268292682,0.07240853658536585,0.06326219512195122,0.7637195121951219,0.9074889867841409,1.0,98.49339207048457
top15_turnover__page_wmax_causal,causal,steps_2_to_5,950,1312,0.28353658536585363,0.24390243902439024,0.4725609756097561,0.3,0.2863157894736842,3.1854481861109907,0.25152439024390244,0.10594512195121951,0.11128048780487805,0.6371951219512195,0.9090909090909091,1.0,100.7
top15_turnover__page_wmax_causal,causal,steps_6_to_10,1124,2308,0.19280762564991336,0.33362218370883884,0.47357019064124783,0.05,0.04181494661921708,5.149754059725349,0.06152512998266898,0.015164644714038129,0.02296360485268631,0.9155112651646448,2.0,2.0,243.46478873239437
top15_turnover__page_wmax_causal,causal,steps_6_to_10,1124,2308,0.19280762564991336,0.33362218370883884,0.47357019064124783,0.1,0.0800711743772242,4.488930009408672,0.09012131715771231,0.023830155979202773,0.04419410745233969,0.865684575389948,1.9759615384615385,2.0,228.17307692307693
top15_turnover__page_wmax_causal,causal,steps_6_to_10,1124,2308,0.19280762564991336,0.33362218370883884,0.47357019064124783,0.2,0.19661921708185054,3.636521348184541,0.1733102253032929,0.05719237435008666,0.09662045060658579,0.7300693240901213,1.7125,1.0,196.0475
top15_turnover__page_wmax_causal,causal,steps_6_to_10,1124,2308,0.19280762564991336,0.33362218370883884,0.47357019064124783,0.3,0.29626334519572955,3.2326693879640294,0.23526863084922012,0.07842287694974004,0.15337954939341422,0.6113518197573656,1.6519337016574585,1.0,180.58931860036833
top15_turnover__page_wmax_causal,causal,steps_11_plus,284,822,0.1070559610705596,0.3381995133819951,0.5547445255474452,0.05,0.04225352112676056,7.1233551365840535,0.025547445255474453,0.0024330900243309003,0.010948905109489052,0.9635036496350365,5.333333333333333,5.0,439.6666666666667
top15_turnover__page_wmax_causal,causal,steps_11_plus,284,822,0.1070559610705596,0.3381995133819951,0.5547445255474452,0.1,0.09859154929577464,5.149754059725349,0.08394160583941605,0.01824817518248175,0.040145985401459854,0.8759124087591241,5.0,4.0,392.3768115942029
top15_turnover__page_wmax_causal,causal,steps_11_plus,284,822,0.1070559610705596,0.3381995133819951,0.5547445255474452,0.2,0.19014084507042253,4.2789623248010145,0.1362530413625304,0.0267639902676399,0.08029197080291971,0.7834549878345499,4.383928571428571,3.0,359.0267857142857
top15_turnover__page_wmax_causal,causal,steps_11_plus,284,822,0.1070559610705596,0.3381995133819951,0.5547445255474452,0.3,0.29577464788732394,3.8271687473741838,0.17518248175182483,0.0340632603406326,0.11557177615571776,0.7092457420924574,4.576388888888889,3.0,371.1875
top15_turnover__page_wmax_causal,causal,cell=pb_gsm8k_q4,193,207,0.19806763285024154,0.22705314009661837,0.5748792270531401,0.05,0.046632124352331605,4.488930009408672,0.0966183574879227,0.01932367149758454,0.024154589371980676,0.8792270531400966,1.65,1.0,111.9
top15_turnover__page_wmax_causal,causal,cell=pb_gsm8k_q4,193,207,0.19806763285024154,0.22705314009661837,0.5748792270531401,0.1,0.09844559585492228,3.9438138977876296,0.13526570048309178,0.028985507246376812,0.024154589371980676,0.8405797101449275,1.7142857142857142,1.0,115.10714285714286
top15_turnover__page_wmax_causal,causal,cell=pb_gsm8k_q4,193,207,0.19806763285024154,0.22705314009661837,0.5748792270531401,0.2,0.18652849740932642,3.4820516531941617,0.19806763285024154,0.043478260869565216,0.06280193236714976,0.7391304347826086,1.7073170731707317,1.0,117.53658536585365
top15_turnover__page_wmax_causal,causal,cell=pb_gsm8k_q4,193,207,0.19806763285024154,0.22705314009661837,0.5748792270531401,0.3,0.29533678756476683,2.9410378741357723,0.3188405797101449,0.07729468599033816,0.1111111111111111,0.5700483091787439,1.5909090909090908,1.0,101.57575757575758
top15_turnover__page_wmax_causal,causal,cell=pb_gsm8k_q8,193,207,0.2222222222222222,0.24154589371980675,0.5362318840579711,0.05,0.031088082901554404,4.758305959449964,0.06763285024154589,0.00966183574879227,0.01932367149758454,0.9130434782608695,1.4285714285714286,1.0,98.42857142857143
top15_turnover__page_wmax_causal,causal,cell=pb_gsm8k_q8,193,207,0.2222222222222222,0.24154589371980675,0.5362318840579711,0.1,0.08290155440414508,4.2789623248010145,0.0821256038647343,0.014492753623188406,0.028985507246376812,0.8888888888888888,1.4705882352941178,1.0,112.6470588235294
top15_turnover__page_wmax_causal,causal,cell=pb_gsm8k_q8,193,207,0.2222222222222222,0.24154589371980675,0.5362318840579711,0.2,0.17098445595854922,3.636521348184541,0.14009661835748793,0.028985507246376812,0.057971014492753624,0.8019323671497585,1.5862068965517242,1.0,108.96551724137932
top15_turnover__page_wmax_causal,causal,cell=pb_gsm8k_q8,193,207,0.2222222222222222,0.24154589371980675,0.5362318840579711,0.3,0.29015544041450775,3.1416763203675595,0.28019323671497587,0.10144927536231885,0.1111111111111111,0.6086956521739131,1.3103448275862069,1.0,85.72413793103448
top15_turnover__page_wmax_causal,causal,cell=pb_math_q4,406,594,0.24074074074074073,0.22895622895622897,0.5303030303030303,0.05,0.03694581280788178,5.778400842283403,0.04208754208754209,0.011784511784511785,0.003367003367003367,0.9545454545454546,2.68,2.0,235.8
top15_turnover__page_wmax_causal,causal,cell=pb_math_q4,406,594,0.24074074074074073,0.22895622895622897,0.5303030303030303,0.1,0.0960591133004926,4.2789623248010145,0.11784511784511785,0.03198653198653199,0.025252525252525252,0.8569023569023569,2.1857142857142855,2.0,193.2
top15_turnover__page_wmax_causal,causal,cell=pb_math_q4,406,594,0.24074074074074073,0.22895622895622897,0.5303030303030303,0.2,0.18472906403940886,3.555249230500807,0.21717171717171718,0.058922558922558925,0.0707070707070707,0.7121212121212122,2.2325581395348837,1.0,192.92248062015503
top15_turnover__page_wmax_causal,causal,cell=pb_math_q4,406,594,0.24074074074074073,0.22895622895622897,0.5303030303030303,0.3,0.270935960591133,3.1854481861109907,0.27104377104377103,0.08080808080808081,0.1026936026936027,0.6262626262626263,2.124223602484472,1.0,188.67080745341616
top15_turnover__page_wmax_causal,causal,cell=pb_math_q8,406,594,0.21212121212121213,0.26430976430976433,0.5235690235690236,0.05,0.03201970443349754,5.778400842283403,0.04040404040404041,0.010101010101010102,0.008417508417508417,0.9511784511784511,2.625,1.5,227.5
top15_turnover__page_wmax_causal,causal,cell=pb_math_q8,406,594,0.21212121212121213,0.26430976430976433,0.5235690235690236,0.1,0.08866995073891626,4.488930009408672,0.11784511784511785,0.020202020202020204,0.04208754208754209,0.8400673400673401,2.3857142857142857,2.0,237.75714285714287
top15_turnover__page_wmax_causal,causal,cell=pb_math_q8,406,594,0.21212121212121213,0.26430976430976433,0.5235690235690236,0.2,0.19704433497536947,3.636521348184541,0.20033670033670034,0.05555555555555555,0.09259259259259259,0.7070707070707071,2.0252100840336134,1.0,197.7310924369748
top15_turnover__page_wmax_causal,causal,cell=pb_math_q8,406,594,0.21212121212121213,0.26430976430976433,0.5235690235690236,0.3,0.29802955665024633,3.0976819117126557,0.30303030303030304,0.10101010101010101,0.15993265993265993,0.5370370370370371,1.6333333333333333,1.0,144.11111111111111
top15_turnover__page_wmax_causal,causal,cell=pb_olympiadbench_q4,339,661,0.19062027231467474,0.34190620272314676,0.46747352496217853,0.05,0.0471976401179941,5.149754059725349,0.07564296520423601,0.024205748865355523,0.03479576399394856,0.8895612708018155,2.82,1.5,274.54
top15_turnover__page_wmax_causal,causal,cell=pb_olympiadbench_q4,339,661,0.19062027231467474,0.34190620272314676,0.46747352496217853,0.1,0.0855457227138643,4.488930009408672,0.10136157337367625,0.03328290468986384,0.05446293494704992,0.8441754916792739,2.5074626865671643,1.0,253.67164179104478
top15_turnover__page_wmax_causal,causal,cell=pb_olympiadbench_q4,339,661,0.19062027231467474,0.34190620272314676,0.46747352496217853,0.2,0.19469026548672566,3.8271687473741838,0.15279878971255673,0.049924357034795766,0.0907715582450832,0.75642965204236,2.5643564356435644,1.0,251.35643564356437
top15_turnover__page_wmax_causal,causal,cell=pb_olympiadbench_q4,339,661,0.19062027231467474,0.34190620272314676,0.46747352496217853,0.3,0.2831858407079646,3.4820516531941617,0.1875945537065053,0.0680786686838124,0.15128593040847202,0.6611195158850227,2.411290322580645,1.0,224.30645161290323
top15_turnover__page_wmax_causal,causal,cell=pb_olympiadbench_q8,339,661,0.19213313161875945,0.4009077155824508,0.4069591527987897,0.05,0.035398230088495575,5.778400842283403,0.04387291981845688,0.015128593040847202,0.024205748865355523,0.9319213313161876,2.3793103448275863,1.0,281.48275862068965
top15_turnover__page_wmax_causal,causal,cell=pb_olympiadbench_q8,339,661,0.19213313161875945,0.4009077155824508,0.4069591527987897,0.1,0.07964601769911504,4.758305959449964,0.07564296520423601,0.024205748865355523,0.049924357034795766,0.8744326777609682,2.14,1.0,251.56
top15_turnover__page_wmax_causal,causal,cell=pb_olympiadbench_q8,339,661,0.19213313161875945,0.4009077155824508,0.4069591527987897,0.2,0.1887905604719764,3.9438138977876296,0.12102874432677761,0.039334341906202726,0.10136157337367625,0.7776096822995462,2.075,1.0,211.3875
top15_turnover__page_wmax_causal,causal,cell=pb_olympiadbench_q8,339,661,0.19213313161875945,0.4009077155824508,0.4069591527987897,0.3,0.2861356932153392,3.4820516531941617,0.17095310136157338,0.059001512859304085,0.16187594553706505,0.6671709531013615,1.9469026548672566,1.0,214.4070796460177
top15_turnover__page_wmax_causal,causal,cell=pb_omnimath_q4,241,759,0.19499341238471674,0.30303030303030304,0.5019762845849802,0.05,0.04149377593360996,5.778400842283403,0.04479578392621871,0.010540184453227932,0.011857707509881422,0.9433465085638999,2.4411764705882355,2.0,281.38235294117646
top15_turnover__page_wmax_causal,causal,cell=pb_omnimath_q4,241,759,0.19499341238471674,0.30303030303030304,0.5019762845849802,0.1,0.0912863070539419,4.758305959449964,0.07246376811594203,0.01844532279314888,0.028985507246376812,0.8985507246376812,2.4909090909090907,2.0,281.54545454545456
top15_turnover__page_wmax_causal,causal,cell=pb_omnimath_q4,241,759,0.19499341238471674,0.30303030303030304,0.5019762845849802,0.2,0.17012448132780084,4.092410849346605,0.11989459815546773,0.03162055335968379,0.052700922266139656,0.8274044795783926,2.7362637362637363,2.0,301.13186813186815
top15_turnover__page_wmax_causal,causal,cell=pb_omnimath_q4,241,759,0.19499341238471674,0.30303030303030304,0.5019762845849802,0.3,0.2821576763485477,3.4820516531941617,0.20685111989459815,0.077733860342556,0.08695652173913043,0.7061923583662714,2.038216560509554,1.0,214.2675159235669
top15_turnover__page_wmax_causal,causal,cell=pb_omnimath_q8,241,759,0.19499341238471674,0.3386034255599473,0.466403162055336,0.05,0.04564315352697095,5.778400842283403,0.043478260869565216,0.013175230566534914,0.014492753623188406,0.9420289855072463,2.5454545454545454,2.0,301.2121212121212
top15_turnover__page_wmax_causal,causal,cell=pb_omnimath_q8,241,759,0.19499341238471674,0.3386034255599473,0.466403162055336,0.1,0.06639004149377593,5.149754059725349,0.05665349143610013,0.015810276679841896,0.021080368906455864,0.922266139657444,2.372093023255814,2.0,269.06976744186045
top15_turnover__page_wmax_causal,causal,cell=pb_omnimath_q8,241,759,0.19499341238471674,0.3386034255599473,0.466403162055336,0.2,0.17427385892116182,4.092410849346605,0.11198945981554677,0.04084321475625823,0.06060606060606061,0.8274044795783926,1.9294117647058824,1.0,226.42352941176472
top15_turnover__page_wmax_causal,causal,cell=pb_omnimath_q8,241,759,0.19499341238471674,0.3386034255599473,0.466403162055336,0.3,0.2863070539419087,3.4820516531941617,0.2002635046113307,0.07509881422924901,0.10935441370223979,0.6903820816864296,1.9671052631578947,1.0,220.07894736842104
top50_js__top5_causal,causal,macro8_all,2358,4442,0.12246735704637551,0.8775326429536245,0.0,0.05,0.03477523324851569,0.7349502823409069,0.003827104907699235,0.003827104907699235,0.03556956325979289,0.9606033318325079,0.0,0.0,0.0
top50_js__top5_causal,causal,macro8_all,2358,4442,0.12246735704637551,0.8775326429536245,0.0,0.1,0.07463952502120441,0.7160927891210975,0.006978838361098604,0.006978838361098604,0.06888788833858622,0.9241332733003151,0.0,0.0,0.0
top50_js__top5_causal,causal,macro8_all,2358,4442,0.12246735704637551,0.8775326429536245,0.0,0.2,0.18617472434266327,0.6585169203328717,0.023863124718595228,0.023863124718595228,0.16524088248536695,0.8108959927960379,0.0,0.0,0.0
top50_js__top5_causal,causal,macro8_all,2358,4442,0.12246735704637551,0.8775326429536245,0.0,0.3,0.2917726887192536,0.646342629801189,0.04209815398469158,0.04209815398469158,0.2633948671769473,0.6945069788383611,0.0,0.0,0.0
top50_js__top5_causal,causal,steps_2_to_5,950,1312,0.22560975609756098,0.774390243902439,0.0,0.05,0.02526315789473684,0.7349502823409069,0.006097560975609756,0.006097560975609756,0.041158536585365856,0.9527439024390244,0.0,0.0,0.0
top50_js__top5_causal,causal,steps_2_to_5,950,1312,0.22560975609756098,0.774390243902439,0.0,0.1,0.06526315789473684,0.7160927891210975,0.011432926829268292,0.011432926829268292,0.08307926829268293,0.9054878048780488,0.0,0.0,0.0
top50_js__top5_causal,causal,steps_2_to_5,950,1312,0.22560975609756098,0.774390243902439,0.0,0.2,0.18947368421052632,0.6585169203328717,0.054115853658536585,0.054115853658536585,0.18292682926829268,0.7629573170731707,0.0,0.0,0.0
top50_js__top5_causal,causal,steps_2_to_5,950,1312,0.22560975609756098,0.774390243902439,0.0,0.3,0.3,0.646342629801189,0.09070121951219512,0.09070121951219512,0.2865853658536585,0.6227134146341463,0.0,0.0,0.0
top50_js__top5_causal,causal,steps_6_to_10,1124,2308,0.08665511265164645,0.9133448873483535,0.0,0.05,0.046263345195729534,0.7349502823409069,0.002166377816291161,0.002166377816291161,0.03162911611785095,0.9662045060658578,0.0,0.0,0.0
top50_js__top5_causal,causal,steps_6_to_10,1124,2308,0.08665511265164645,0.9133448873483535,0.0,0.1,0.08362989323843416,0.7160927891210975,0.004332755632582322,0.004332755632582322,0.05719237435008666,0.938474870017331,0.0,0.0,0.0
top50_js__top5_causal,causal,steps_6_to_10,1124,2308,0.08665511265164645,0.9133448873483535,0.0,0.2,0.19750889679715303,0.6585169203328717,0.01169844020797227,0.01169844020797227,0.14428076256499134,0.8440207972270364,0.0,0.0,0.0
top50_js__top5_causal,causal,steps_6_to_10,1124,2308,0.08665511265164645,0.9133448873483535,0.0,0.3,0.2944839857651246,0.646342629801189,0.022530329289428077,0.022530329289428077,0.24610051993067592,0.7313691507798961,0.0,0.0,0.0
top50_js__top5_causal,causal,steps_11_plus,284,822,0.058394160583941604,0.9416058394160584,0.0,0.05,0.02112676056338028,0.7349502823409069,0.004866180048661801,0.004866180048661801,0.037712895377128956,0.9574209245742092,0.0,0.0,0.0
top50_js__top5_causal,causal,steps_11_plus,284,822,0.058394160583941604,0.9416058394160584,0.0,0.1,0.09507042253521127,0.6890975339831369,0.0072992700729927005,0.0072992700729927005,0.12652068126520682,0.8661800486618005,0.0,0.0,0.0
top50_js__top5_causal,causal,steps_11_plus,284,822,0.058394160583941604,0.9416058394160584,0.0,0.2,0.17253521126760563,0.6525989553472004,0.01338199513381995,0.01338199513381995,0.22871046228710462,0.7579075425790754,0.0,0.0,0.0
top50_js__top5_causal,causal,steps_11_plus,284,822,0.058394160583941604,0.9416058394160584,0.0,0.3,0.27816901408450706,0.6463340778318661,0.02068126520681265,0.02068126520681265,0.305352798053528,0.6739659367396593,0.0,0.0,0.0
top50_js__top5_causal,causal,cell=pb_gsm8k_q4,193,207,0.178743961352657,0.821256038647343,0.0,0.05,0.02072538860103627,0.7349502823409069,0.0,0.0,0.03864734299516908,0.961352657004831,nan,nan,nan
top50_js__top5_causal,causal,cell=pb_gsm8k_q4,193,207,0.178743961352657,0.821256038647343,0.0,0.1,0.09844559585492228,0.7160927891210975,0.0,0.0,0.08695652173913043,0.9130434782608695,nan,nan,nan
top50_js__top5_causal,causal,cell=pb_gsm8k_q4,193,207,0.178743961352657,0.821256038647343,0.0,0.2,0.15544041450777202,0.6890975339831369,0.00966183574879227,0.00966183574879227,0.16908212560386474,0.821256038647343,0.0,0.0,0.0
top50_js__top5_causal,causal,cell=pb_gsm8k_q4,193,207,0.178743961352657,0.821256038647343,0.0,0.3,0.2849740932642487,0.6525989553472004,0.043478260869565216,0.043478260869565216,0.28019323671497587,0.6763285024154589,0.0,0.0,0.0
top50_js__top5_causal,causal,cell=pb_gsm8k_q8,193,207,0.178743961352657,0.821256038647343,0.0,0.05,0.025906735751295335,0.7349502823409069,0.0,0.0,0.043478260869565216,0.9565217391304348,nan,nan,nan
top50_js__top5_causal,causal,cell=pb_gsm8k_q8,193,207,0.178743961352657,0.821256038647343,0.0,0.1,0.025906735751295335,0.7349502823409069,0.0,0.0,0.043478260869565216,0.9565217391304348,nan,nan,nan
top50_js__top5_causal,causal,cell=pb_gsm8k_q8,193,207,0.178743961352657,0.821256038647343,0.0,0.2,0.17616580310880828,0.6890975339831369,0.01932367149758454,0.01932367149758454,0.16908212560386474,0.8115942028985508,0.0,0.0,0.0
top50_js__top5_causal,causal,cell=pb_gsm8k_q8,193,207,0.178743961352657,0.821256038647343,0.0,0.3,0.22797927461139897,0.6680357716209752,0.033816425120772944,0.033816425120772944,0.24154589371980675,0.7246376811594203,0.0,0.0,0.0
top50_js__top5_causal,causal,cell=pb_math_q4,406,594,0.1936026936026936,0.8063973063973064,0.0,0.05,0.03201970443349754,0.7349502823409069,0.013468013468013467,0.013468013468013467,0.050505050505050504,0.936026936026936,0.0,0.0,0.0
top50_js__top5_causal,causal,cell=pb_math_q4,406,594,0.1936026936026936,0.8063973063973064,0.0,0.1,0.06403940886699508,0.7160927891210975,0.021885521885521887,0.021885521885521887,0.09427609427609428,0.8838383838383839,0.0,0.0,0.0
top50_js__top5_causal,causal,cell=pb_math_q4,406,594,0.1936026936026936,0.8063973063973064,0.0,0.2,0.1921182266009852,0.6585169203328717,0.05387205387205387,0.05387205387205387,0.1717171717171717,0.7744107744107744,0.0,0.0,0.0
top50_js__top5_causal,causal,cell=pb_math_q4,406,594,0.1936026936026936,0.8063973063973064,0.0,0.3,0.28078817733990147,0.6482552977075344,0.07575757575757576,0.07575757575757576,0.22727272727272727,0.696969696969697,0.0,0.0,0.0
top50_js__top5_causal,causal,cell=pb_math_q8,406,594,0.1936026936026936,0.8063973063973064,0.0,0.05,0.04187192118226601,0.7349502823409069,0.008417508417508417,0.008417508417508417,0.050505050505050504,0.9410774410774411,0.0,0.0,0.0
top50_js__top5_causal,causal,cell=pb_math_q8,406,594,0.1936026936026936,0.8063973063973064,0.0,0.1,0.0665024630541872,0.7160927891210975,0.015151515151515152,0.015151515151515152,0.08922558922558922,0.8956228956228957,0.0,0.0,0.0
top50_js__top5_causal,causal,cell=pb_math_q8,406,594,0.1936026936026936,0.8063973063973064,0.0,0.2,0.1748768472906404,0.6585169203328717,0.05555555555555555,0.05555555555555555,0.1717171717171717,0.7727272727272727,0.0,0.0,0.0
top50_js__top5_causal,causal,cell=pb_math_q8,406,594,0.1936026936026936,0.8063973063973064,0.0,0.3,0.25862068965517243,0.6482552977075344,0.07744107744107744,0.07744107744107744,0.22895622895622897,0.6936026936026936,0.0,0.0,0.0
top50_js__top5_causal,causal,cell=pb_olympiadbench_q4,339,661,0.07261724659606657,0.9273827534039334,0.0,0.05,0.029498525073746312,0.7349502823409069,0.0,0.0,0.019667170953101363,0.9803328290468987,nan,nan,nan
top50_js__top5_causal,causal,cell=pb_olympiadbench_q4,339,661,0.07261724659606657,0.9273827534039334,0.0,0.1,0.058997050147492625,0.7160927891210975,0.0015128593040847202,0.0015128593040847202,0.05143721633888049,0.9470499243570348,0.0,0.0,0.0
top50_js__top5_causal,causal,cell=pb_olympiadbench_q4,339,661,0.07261724659606657,0.9273827534039334,0.0,0.2,0.18289085545722714,0.6525989553472004,0.01059001512859304,0.01059001512859304,0.18456883509833585,0.8048411497730711,0.0,0.0,0.0
top50_js__top5_causal,causal,cell=pb_olympiadbench_q4,339,661,0.07261724659606657,0.9273827534039334,0.0,0.3,0.27728613569321536,0.6463332855750471,0.0226928895612708,0.0226928895612708,0.2813918305597579,0.6959152798789713,0.0,0.0,0.0
top50_js__top5_causal,causal,cell=pb_olympiadbench_q8,339,661,0.07261724659606657,0.9273827534039334,0.0,0.05,0.0471976401179941,0.7349502823409069,0.0,0.0,0.04387291981845688,0.9561270801815431,nan,nan,nan
top50_js__top5_causal,causal,cell=pb_olympiadbench_q8,339,661,0.07261724659606657,0.9273827534039334,0.0,0.1,0.09734513274336283,0.6890975339831369,0.0015128593040847202,0.0015128593040847202,0.1043872919818457,0.8940998487140696,0.0,0.0,0.0
top50_js__top5_causal,causal,cell=pb_olympiadbench_q8,339,661,0.07261724659606657,0.9273827534039334,0.0,0.2,0.1976401179941003,0.6482552977075344,0.012102874432677761,0.012102874432677761,0.21331316187594554,0.7745839636913767,0.0,0.0,0.0
top50_js__top5_causal,causal,cell=pb_olympiadbench_q8,339,661,0.07261724659606657,0.9273827534039334,0.0,0.3,0.26843657817109146,0.6463340778318661,0.019667170953101363,0.019667170953101363,0.26777609682299547,0.7125567322239031,0.0,0.0,0.0
top50_js__top5_causal,causal,cell=pb_omnimath_q4,241,759,0.09486166007905138,0.9051383399209486,0.0,0.05,0.029045643153526972,0.7349502823409069,0.002635046113306983,0.002635046113306983,0.01844532279314888,0.9789196310935442,0.0,0.0,0.0
top50_js__top5_causal,causal,cell=pb_omnimath_q4,241,759,0.09486166007905138,0.9051383399209486,0.0,0.1,0.08713692946058091,0.6890975339831369,0.006587615283267457,0.006587615283267457,0.06719367588932806,0.9262187088274044,0.0,0.0,0.0
top50_js__top5_causal,causal,cell=pb_omnimath_q4,241,759,0.09486166007905138,0.9051383399209486,0.0,0.2,0.1991701244813278,0.6525989553472004,0.014492753623188406,0.014492753623188406,0.18181818181818182,0.8036890645586298,0.0,0.0,0.0
top50_js__top5_causal,causal,cell=pb_omnimath_q4,241,759,0.09486166007905138,0.9051383399209486,0.0,0.3,0.2863070539419087,0.6463340778318661,0.025032938076416336,0.025032938076416336,0.2740447957839262,0.7009222661396575,0.0,0.0,0.0
top50_js__top5_causal,causal,cell=pb_omnimath_q8,241,759,0.09486166007905138,0.9051383399209486,0.0,0.05,0.04149377593360996,0.7349502823409069,0.002635046113306983,0.002635046113306983,0.03293807641633729,0.9644268774703557,0.0,0.0,0.0
top50_js__top5_causal,causal,cell=pb_omnimath_q8,241,759,0.09486166007905138,0.9051383399209486,0.0,0.1,0.08713692946058091,0.6890975339831369,0.007905138339920948,0.007905138339920948,0.07378129117259552,0.9183135704874835,0.0,0.0,0.0
top50_js__top5_causal,causal,cell=pb_omnimath_q8,241,759,0.09486166007905138,0.9051383399209486,0.0,0.2,0.1825726141078838,0.6525989553472004,0.014492753623188406,0.014492753623188406,0.17786561264822134,0.8076416337285902,0.0,0.0,0.0
top50_js__top5_causal,causal,cell=pb_omnimath_q8,241,759,0.09486166007905138,0.9051383399209486,0.0,0.3,0.2987551867219917,0.6463340778318661,0.026350461133069828,0.026350461133069828,0.2727272727272727,0.7009222661396575,0.0,0.0,0.0
top50_js__page_wmax_causal,causal,macro8_all,2358,4442,0.12291760468257541,0.8770823953174246,0.0,0.1,0.06022052586938083,2.5521100365108285,0.00405222872579919,0.00405222872579919,0.01981089599279604,0.9761368752814048,0.0,0.0,0.0
top50_js__page_wmax_causal,causal,macro8_all,2358,4442,0.12291760468257541,0.8770823953174246,0.0,0.2,0.1726039016115352,1.6645296732074903,0.013057181449797388,0.013057181449797388,0.0655110310670869,0.9214317874831157,0.0,0.0,0.0
top50_js__page_wmax_causal,causal,macro8_all,2358,4442,0.12291760468257541,0.8770823953174246,0.0,0.3,0.268871925360475,1.4237823332254265,0.023187753264295362,0.023187753264295362,0.11886537595677622,0.8579468707789284,0.0,0.0,0.0
top50_js__page_wmax_causal,causal,steps_2_to_5,950,1312,0.22560975609756098,0.774390243902439,0.0,0.1,0.07578947368421053,2.5521100365108285,0.009908536585365854,0.009908536585365854,0.028201219512195123,0.961890243902439,0.0,0.0,0.0
top50_js__page_wmax_causal,causal,steps_2_to_5,950,1312,0.22560975609756098,0.774390243902439,0.0,0.2,0.17684210526315788,1.6645296732074903,0.03277439024390244,0.03277439024390244,0.07774390243902439,0.8894817073170732,0.0,0.0,0.0
top50_js__page_wmax_causal,causal,steps_2_to_5,950,1312,0.22560975609756098,0.774390243902439,0.0,0.3,0.26631578947368423,1.4237823332254265,0.04954268292682927,0.04954268292682927,0.12271341463414634,0.8277439024390244,0.0,0.0,0.0
top50_js__page_wmax_causal,causal,steps_6_to_10,1124,2308,0.08752166377816291,0.912478336221837,0.0,0.1,0.05249110320284697,2.5521100365108285,0.0017331022530329288,0.0017331022530329288,0.013431542461005199,0.9848353552859619,0.0,0.0,0.0
top50_js__page_wmax_causal,causal,steps_6_to_10,1124,2308,0.08752166377816291,0.912478336221837,0.0,0.2,0.1619217081850534,1.6645296732074903,0.004766031195840554,0.004766031195840554,0.055025996533795495,0.9402079722703639,0.0,0.0,0.0
top50_js__page_wmax_causal,causal,steps_6_to_10,1124,2308,0.08752166377816291,0.912478336221837,0.0,0.3,0.26512455516014233,1.4237823332254265,0.01169844020797227,0.01169844020797227,0.11048526863084922,0.8778162911611785,0.0,0.0,0.0
top50_js__page_wmax_causal,causal,steps_11_plus,284,822,0.058394160583941604,0.9416058394160584,0.0,0.05,0.03873239436619718,2.5521100365108285,0.0012165450121654502,0.0012165450121654502,0.024330900243309004,0.9744525547445255,0.0,0.0,0.0
top50_js__page_wmax_causal,causal,steps_11_plus,284,822,0.058394160583941604,0.9416058394160584,0.0,0.1,0.03873239436619718,2.5521100365108285,0.0012165450121654502,0.0012165450121654502,0.024330900243309004,0.9744525547445255,0.0,0.0,0.0
top50_js__page_wmax_causal,causal,steps_11_plus,284,822,0.058394160583941604,0.9416058394160584,0.0,0.2,0.13028169014084506,1.914159286226833,0.0024330900243309003,0.0024330900243309003,0.049878345498783457,0.9476885644768857,0.0,0.0,0.0
top50_js__page_wmax_causal,causal,steps_11_plus,284,822,0.058394160583941604,0.9416058394160584,0.0,0.3,0.29225352112676056,1.4237823332254265,0.01338199513381995,0.01338199513381995,0.1362530413625304,0.8503649635036497,0.0,0.0,0.0
top50_js__page_wmax_causal,causal,cell=pb_gsm8k_q4,193,207,0.178743961352657,0.821256038647343,0.0,0.1,0.09326424870466321,1.914159286226833,0.00966183574879227,0.00966183574879227,0.024154589371980676,0.966183574879227,0.0,0.0,0.0
top50_js__page_wmax_causal,causal,cell=pb_gsm8k_q4,193,207,0.178743961352657,0.821256038647343,0.0,0.2,0.15544041450777202,1.5235172445929401,0.01932367149758454,0.01932367149758454,0.043478260869565216,0.9371980676328503,0.0,0.0,0.0
top50_js__page_wmax_causal,causal,cell=pb_gsm8k_q4,193,207,0.178743961352657,0.821256038647343,0.0,0.3,0.29015544041450775,1.2277358961984697,0.03864734299516908,0.03864734299516908,0.14492753623188406,0.8164251207729468,0.0,0.0,0.0
top50_js__page_wmax_causal,causal,cell=pb_gsm8k_q8,193,207,0.178743961352657,0.821256038647343,0.0,0.1,0.06735751295336788,2.5521100365108285,0.004830917874396135,0.004830917874396135,0.014492753623188406,0.9806763285024155,0.0,0.0,0.0
top50_js__page_wmax_causal,causal,cell=pb_gsm8k_q8,193,207,0.178743961352657,0.821256038647343,0.0,0.2,0.19170984455958548,1.4237823332254265,0.01932367149758454,0.01932367149758454,0.07729468599033816,0.9033816425120773,0.0,0.0,0.0
top50_js__page_wmax_causal,causal,cell=pb_gsm8k_q8,193,207,0.178743961352657,0.821256038647343,0.0,0.3,0.26424870466321243,1.2846165053184184,0.033816425120772944,0.033816425120772944,0.12560386473429952,0.8405797101449275,0.0,0.0,0.0
top50_js__page_wmax_causal,causal,cell=pb_math_q4,406,594,0.19528619528619529,0.8047138047138047,0.0,0.1,0.08866995073891626,2.5521100365108285,0.013468013468013467,0.013468013468013467,0.03198653198653199,0.9545454545454546,0.0,0.0,0.0
top50_js__page_wmax_causal,causal,cell=pb_math_q4,406,594,0.19528619528619529,0.8047138047138047,0.0,0.2,0.19704433497536947,1.6645296732074903,0.037037037037037035,0.037037037037037035,0.09427609427609428,0.8686868686868687,0.0,0.0,0.0
top50_js__page_wmax_causal,causal,cell=pb_math_q4,406,594,0.19528619528619529,0.8047138047138047,0.0,0.3,0.2438423645320197,1.5235172445929401,0.05555555555555555,0.05555555555555555,0.12457912457912458,0.8198653198653199,0.0,0.0,0.0
top50_js__page_wmax_causal,causal,cell=pb_math_q8,406,594,0.19528619528619529,0.8047138047138047,0.0,0.1,0.0812807881773399,2.5521100365108285,0.011784511784511785,0.011784511784511785,0.03198653198653199,0.9562289562289562,0.0,0.0,0.0
top50_js__page_wmax_causal,causal,cell=pb_math_q8,406,594,0.19528619528619529,0.8047138047138047,0.0,0.2,0.15517241379310345,1.914159286226833,0.025252525252525252,0.025252525252525252,0.05723905723905724,0.9175084175084175,0.0,0.0,0.0
top50_js__page_wmax_causal,causal,cell=pb_math_q8,406,594,0.19528619528619529,0.8047138047138047,0.0,0.3,0.2561576354679803,1.5235172445929401,0.06060606060606061,0.06060606060606061,0.1111111111111111,0.8282828282828283,0.0,0.0,0.0
top50_js__page_wmax_causal,causal,cell=pb_olympiadbench_q4,339,661,0.07261724659606657,0.9273827534039334,0.0,0.05,0.02359882005899705,2.5521100365108285,0.0,0.0,0.018154311649016642,0.9818456883509834,nan,nan,nan
top50_js__page_wmax_causal,causal,cell=pb_olympiadbench_q4,339,661,0.07261724659606657,0.9273827534039334,0.0,0.1,0.09144542772861357,1.914159286226833,0.0015128593040847202,0.0015128593040847202,0.0453857791225416,0.9531013615733737,0.0,0.0,0.0
top50_js__page_wmax_causal,causal,cell=pb_olympiadbench_q4,339,661,0.07261724659606657,0.9273827534039334,0.0,0.2,0.1504424778761062,1.6645296732074903,0.0015128593040847202,0.0015128593040847202,0.07110438729198185,0.9273827534039334,0.0,0.0,0.0
top50_js__page_wmax_causal,causal,cell=pb_olympiadbench_q4,339,661,0.07261724659606657,0.9273827534039334,0.0,0.3,0.29793510324483774,1.3536652139442813,0.01059001512859304,0.01059001512859304,0.15431164901664146,0.8350983358547656,0.0,0.0,0.0
top50_js__page_wmax_causal,causal,cell=pb_olympiadbench_q8,339,661,0.07261724659606657,0.9273827534039334,0.0,0.05,0.04129793510324484,2.5521100365108285,0.0,0.0,0.024205748865355523,0.9757942511346445,nan,nan,nan
top50_js__page_wmax_causal,causal,cell=pb_olympiadbench_q8,339,661,0.07261724659606657,0.9273827534039334,0.0,0.1,0.04129793510324484,2.5521100365108285,0.0,0.0,0.024205748865355523,0.9757942511346445,nan,nan,nan
top50_js__page_wmax_causal,causal,cell=pb_olympiadbench_q8,339,661,0.07261724659606657,0.9273827534039334,0.0,0.2,0.1592920353982301,1.6645296732074903,0.0015128593040847202,0.0015128593040847202,0.08623298033282904,0.9122541603630863,0.0,0.0,0.0
top50_js__page_wmax_causal,causal,cell=pb_olympiadbench_q8,339,661,0.07261724659606657,0.9273827534039334,0.0,0.3,0.25663716814159293,1.4237823332254265,0.0030257186081694403,0.0030257186081694403,0.13767019667170954,0.859304084720121,0.0,0.0,0.0
top50_js__page_wmax_causal,causal,cell=pb_omnimath_q4,241,759,0.09486166007905138,0.9051383399209486,0.0,0.05,0.04564315352697095,2.5521100365108285,0.0,0.0,0.00922266139657444,0.9907773386034255,nan,nan,nan
top50_js__page_wmax_causal,causal,cell=pb_omnimath_q4,241,759,0.09486166007905138,0.9051383399209486,0.0,0.1,0.04564315352697095,2.5521100365108285,0.0,0.0,0.00922266139657444,0.9907773386034255,nan,nan,nan
top50_js__page_wmax_causal,causal,cell=pb_omnimath_q4,241,759,0.09486166007905138,0.9051383399209486,0.0,0.2,0.16182572614107885,1.6645296732074903,0.0013175230566534915,0.0013175230566534915,0.04216073781291173,0.9565217391304348,0.0,0.0,0.0
top50_js__page_wmax_causal,causal,cell=pb_omnimath_q4,241,759,0.09486166007905138,0.9051383399209486,0.0,0.3,0.29045643153526973,1.3536652139442813,0.010540184453227932,0.010540184453227932,0.1251646903820817,0.8642951251646904,0.0,0.0,0.0
top50_js__page_wmax_causal,causal,cell=pb_omnimath_q8,241,759,0.09486166007905138,0.9051383399209486,0.0,0.1,0.058091286307053944,2.5521100365108285,0.0013175230566534915,0.0013175230566534915,0.011857707509881422,0.9868247694334651,0.0,0.0,0.0
top50_js__page_wmax_causal,causal,cell=pb_omnimath_q8,241,759,0.09486166007905138,0.9051383399209486,0.0,0.2,0.1908713692946058,1.6645296732074903,0.002635046113306983,0.002635046113306983,0.0461133069828722,0.9512516469038208,0.0,0.0,0.0
top50_js__page_wmax_causal,causal,cell=pb_omnimath_q8,241,759,0.09486166007905138,0.9051383399209486,0.0,0.3,0.2987551867219917,1.3536652139442813,0.00922266139657444,0.00922266139657444,0.1370223978919631,0.8537549407114624,0.0,0.0,0.0
dominant_freq16__top5_causal,causal,macro8_all,2358,4442,0.15691130121566862,0.7014858171994597,0.1416028815848717,0.05,0.03477523324851569,4.036355342995873,0.006078343088698784,0.006078343088698784,0.03624493471409275,0.9576767221972085,0.0,0.0,0.0
dominant_freq16__top5_causal,causal,macro8_all,2358,4442,0.15691130121566862,0.7014858171994597,0.1416028815848717,0.1,0.07167090754877015,3.875608551677209,0.009004952723998198,0.009004952723998198,0.06978838361098605,0.9212066636650158,0.0,0.0,0.0
dominant_freq16__top5_causal,causal,macro8_all,2358,4442,0.15691130121566862,0.7014858171994597,0.1416028815848717,0.2,0.1823579304495335,3.4534370141632493,0.024763619990995047,0.024538496172895094,0.17131922557406573,0.8039171544349392,0.00909090909090909,0.0,0.33636363636363636
dominant_freq16__top5_causal,causal,macro8_all,2358,4442,0.15691130121566862,0.7014858171994597,0.1416028815848717,0.3,0.2548770144189991,3.1468094968910734,0.033318325078793336,0.03309320126069338,0.23210265646105357,0.734579018460153,0.006756756756756757,0.0,0.25
dominant_freq16__top5_causal,causal,steps_2_to_5,950,1312,0.2545731707317073,0.6166158536585366,0.1288109756097561,0.05,0.031578947368421054,4.036355342995873,0.006859756097560976,0.006859756097560976,0.03201219512195122,0.9611280487804879,0.0,0.0,0.0
dominant_freq16__top5_causal,causal,steps_2_to_5,950,1312,0.2545731707317073,0.6166158536585366,0.1288109756097561,0.1,0.06947368421052631,3.875608551677209,0.012957317073170731,0.012957317073170731,0.055640243902439025,0.9314024390243902,0.0,0.0,0.0
dominant_freq16__top5_causal,causal,steps_2_to_5,950,1312,0.2545731707317073,0.6166158536585366,0.1288109756097561,0.2,0.16736842105263158,3.4534370141632493,0.037347560975609755,0.037347560975609755,0.14710365853658536,0.8155487804878049,0.0,0.0,0.0
dominant_freq16__top5_causal,causal,steps_2_to_5,950,1312,0.2545731707317073,0.6166158536585366,0.1288109756097561,0.3,0.29473684210526313,3.0997095912914263,0.07164634146341463,0.07088414634146341,0.24771341463414634,0.680640243902439,0.010638297872340425,0.0,0.20212765957446807
dominant_freq16__top5_causal,causal,steps_6_to_10,1124,2308,0.1265164644714038,0.725736568457539,0.1477469670710572,0.05,0.03291814946619217,4.036355342995873,0.006499133448873483,0.006499133448873483,0.04116117850953206,0.9523396880415944,0.0,0.0,0.0
dominant_freq16__top5_causal,causal,steps_6_to_10,1124,2308,0.1265164644714038,0.725736568457539,0.1477469670710572,0.1,0.06672597864768683,3.875608551677209,0.008232235701906412,0.008232235701906412,0.0792894280762565,0.912478336221837,0.0,0.0,0.0
dominant_freq16__top5_causal,causal,steps_6_to_10,1124,2308,0.1265164644714038,0.725736568457539,0.1477469670710572,0.2,0.18416370106761565,3.4534370141632493,0.02296360485268631,0.022530329289428077,0.18630849220103987,0.7907279029462738,0.018867924528301886,0.0,0.6981132075471698
dominant_freq16__top5_causal,causal,steps_6_to_10,1124,2308,0.1265164644714038,0.725736568457539,0.1477469670710572,0.3,0.25889679715302494,3.1468094968910734,0.029462738301559793,0.02902946273830156,0.24913344887348354,0.7214038128249567,0.014705882352941176,0.0,0.5441176470588235
dominant_freq16__top5_causal,causal,steps_11_plus,284,822,0.08637469586374696,0.7688564476885644,0.14476885644768855,0.1,0.09859154929577464,3.875608551677209,0.004866180048661801,0.004866180048661801,0.06569343065693431,0.9294403892944039,0.0,0.0,0.0
dominant_freq16__top5_causal,causal,steps_11_plus,284,822,0.08637469586374696,0.7688564476885644,0.14476885644768855,0.2,0.18309859154929578,3.5986361309026025,0.0072992700729927005,0.0072992700729927005,0.14841849148418493,0.8442822384428224,0.0,0.0,0.0
dominant_freq16__top5_causal,causal,steps_11_plus,284,822,0.08637469586374696,0.7688564476885644,0.14476885644768855,0.3,0.2887323943661972,3.1468094968910734,0.012165450121654502,0.012165450121654502,0.24209245742092458,0.745742092457421,0.0,0.0,0.0
dominant_freq16__top5_causal,causal,cell=pb_gsm8k_q4,193,207,0.25120772946859904,0.6280193236714976,0.12077294685990338,0.05,0.03626943005181347,3.875608551677209,0.014492753623188406,0.014492753623188406,0.043478260869565216,0.9420289855072463,0.0,0.0,0.0
dominant_freq16__top5_causal,causal,cell=pb_gsm8k_q4,193,207,0.25120772946859904,0.6280193236714976,0.12077294685990338,0.1,0.09326424870466321,3.5986361309026025,0.03864734299516908,0.03864734299516908,0.14009661835748793,0.821256038647343,0.0,0.0,0.0
dominant_freq16__top5_causal,causal,cell=pb_gsm8k_q4,193,207,0.25120772946859904,0.6280193236714976,0.12077294685990338,0.2,0.16062176165803108,3.3097122813006132,0.057971014492753624,0.057971014492753624,0.1932367149758454,0.748792270531401,0.0,0.0,0.0
dominant_freq16__top5_causal,causal,cell=pb_gsm8k_q4,193,207,0.25120772946859904,0.6280193236714976,0.12077294685990338,0.3,0.29015544041450775,3.0997095912914245,0.0821256038647343,0.0821256038647343,0.32367149758454106,0.5942028985507246,0.0,0.0,0.0
dominant_freq16__top5_causal,causal,cell=pb_gsm8k_q8,193,207,0.26570048309178745,0.5942028985507246,0.14009661835748793,0.1,0.09326424870466321,3.637342672732642,0.03864734299516908,0.03864734299516908,0.06280193236714976,0.8985507246376812,0.0,0.0,0.0
dominant_freq16__top5_causal,causal,cell=pb_gsm8k_q8,193,207,0.26570048309178745,0.5942028985507246,0.14009661835748793,0.2,0.16580310880829016,3.4534370141632493,0.057971014492753624,0.05314009661835749,0.13526570048309178,0.8067632850241546,0.08333333333333333,0.0,3.0833333333333335
dominant_freq16__top5_causal,causal,cell=pb_gsm8k_q8,193,207,0.26570048309178745,0.5942028985507246,0.14009661835748793,0.3,0.29533678756476683,3.0997095912914263,0.08695652173913043,0.0821256038647343,0.24154589371980675,0.6714975845410628,0.05555555555555555,0.0,2.0555555555555554
dominant_freq16__top5_causal,causal,cell=pb_math_q4,406,594,0.19696969696969696,0.6195286195286195,0.1835016835016835,0.05,0.024630541871921183,4.036355342995873,0.005050505050505051,0.005050505050505051,0.03367003367003367,0.9612794612794613,0.0,0.0,0.0
dominant_freq16__top5_causal,causal,cell=pb_math_q4,406,594,0.19696969696969696,0.6195286195286195,0.1835016835016835,0.1,0.09852216748768473,3.637342672732642,0.011784511784511785,0.011784511784511785,0.06902356902356903,0.9191919191919192,0.0,0.0,0.0
dominant_freq16__top5_causal,causal,cell=pb_math_q4,406,594,0.19696969696969696,0.6195286195286195,0.1835016835016835,0.2,0.18719211822660098,3.4534370141632493,0.021885521885521887,0.021885521885521887,0.13636363636363635,0.8417508417508418,0.0,0.0,0.0
dominant_freq16__top5_causal,causal,cell=pb_math_q4,406,594,0.19696969696969696,0.6195286195286195,0.1835016835016835,0.3,0.2660098522167488,3.1468094968910734,0.030303030303030304,0.030303030303030304,0.1936026936026936,0.7760942760942761,0.0,0.0,0.0
dominant_freq16__top5_causal,causal,cell=pb_math_q8,406,594,0.19023569023569023,0.6363636363636364,0.1734006734006734,0.05,0.04187192118226601,4.036355342995873,0.008417508417508417,0.008417508417508417,0.02356902356902357,0.968013468013468,0.0,0.0,0.0
dominant_freq16__top5_causal,causal,cell=pb_math_q8,406,594,0.19023569023569023,0.6363636363636364,0.1734006734006734,0.1,0.08620689655172414,3.875608551677209,0.008417508417508417,0.008417508417508417,0.05387205387205387,0.9377104377104377,0.0,0.0,0.0
dominant_freq16__top5_causal,causal,cell=pb_math_q8,406,594,0.19023569023569023,0.6363636363636364,0.1734006734006734,0.2,0.16995073891625614,3.5986361309026025,0.025252525252525252,0.025252525252525252,0.11952861952861953,0.8552188552188552,0.0,0.0,0.0
dominant_freq16__top5_causal,causal,cell=pb_math_q8,406,594,0.19023569023569023,0.6363636363636364,0.1734006734006734,0.3,0.2733990147783251,3.1468094968910734,0.037037037037037035,0.037037037037037035,0.19528619528619529,0.7676767676767676,0.0,0.0,0.0
dominant_freq16__top5_causal,causal,cell=pb_olympiadbench_q4,339,661,0.13010590015128592,0.7534039334341907,0.11649016641452345,0.05,0.0471976401179941,4.036355342995873,0.0045385779122541605,0.0045385779122541605,0.037821482602118005,0.9576399394856279,0.0,0.0,0.0
dominant_freq16__top5_causal,causal,cell=pb_olympiadbench_q4,339,661,0.13010590015128592,0.7534039334341907,0.11649016641452345,0.1,0.0471976401179941,4.036355342995873,0.0045385779122541605,0.0045385779122541605,0.037821482602118005,0.9576399394856279,0.0,0.0,0.0
dominant_freq16__top5_causal,causal,cell=pb_olympiadbench_q4,339,661,0.13010590015128592,0.7534039334341907,0.11649016641452345,0.2,0.1504424778761062,3.637342672732642,0.01059001512859304,0.01059001512859304,0.10136157337367625,0.8880484114977307,0.0,0.0,0.0
dominant_freq16__top5_causal,causal,cell=pb_olympiadbench_q4,339,661,0.13010590015128592,0.7534039334341907,0.11649016641452345,0.3,0.27728613569321536,3.1468094968910734,0.0226928895612708,0.0226928895612708,0.24205748865355523,0.735249621785174,0.0,0.0,0.0
dominant_freq16__top5_causal,causal,cell=pb_olympiadbench_q8,339,661,0.12254160363086233,0.7791225416036308,0.09833585476550681,0.05,0.04129793510324484,4.036355342995873,0.007564296520423601,0.007564296520423601,0.03328290468986384,0.9591527987897126,0.0,0.0,0.0
dominant_freq16__top5_causal,causal,cell=pb_olympiadbench_q8,339,661,0.12254160363086233,0.7791225416036308,0.09833585476550681,0.1,0.07964601769911504,3.875608551677209,0.007564296520423601,0.007564296520423601,0.07564296520423601,0.9167927382753404,0.0,0.0,0.0
dominant_freq16__top5_causal,causal,cell=pb_olympiadbench_q8,339,661,0.12254160363086233,0.7791225416036308,0.09833585476550681,0.2,0.18584070796460178,3.4534370141632493,0.024205748865355523,0.024205748865355523,0.1815431164901664,0.794251134644478,0.0,0.0,0.0
dominant_freq16__top5_causal,causal,cell=pb_olympiadbench_q8,339,661,0.12254160363086233,0.7791225416036308,0.09833585476550681,0.3,0.25958702064896755,3.1468094968910734,0.02723146747352496,0.02723146747352496,0.2405446293494705,0.7322239031770046,0.0,0.0,0.0
dominant_freq16__top5_causal,causal,cell=pb_omnimath_q4,241,759,0.1225296442687747,0.7167325428194994,0.16073781291172595,0.05,0.029045643153526972,4.036355342995873,0.003952569169960474,0.003952569169960474,0.04084321475625823,0.9552042160737813,0.0,0.0,0.0
dominant_freq16__top5_causal,causal,cell=pb_omnimath_q4,241,759,0.1225296442687747,0.7167325428194994,0.16073781291172595,0.1,0.0995850622406639,3.637342672732642,0.010540184453227932,0.010540184453227932,0.1080368906455863,0.8814229249011858,0.0,0.0,0.0
dominant_freq16__top5_causal,causal,cell=pb_omnimath_q4,241,759,0.1225296442687747,0.7167325428194994,0.16073781291172595,0.2,0.1991701244813278,3.3097122813006132,0.01844532279314888,0.01844532279314888,0.21080368906455862,0.7707509881422925,0.0,0.0,0.0
dominant_freq16__top5_causal,causal,cell=pb_omnimath_q4,241,759,0.1225296442687747,0.7167325428194994,0.16073781291172595,0.3,0.27800829875518673,3.0997095912914263,0.03293807641633729,0.03293807641633729,0.2898550724637681,0.6772068511198946,0.0,0.0,0.0
dominant_freq16__top5_causal,causal,cell=pb_omnimath_q8,241,759,0.13175230566534915,0.7378129117259552,0.13043478260869565,0.05,0.02074688796680498,4.036355342995873,0.006587615283267457,0.006587615283267457,0.05665349143610013,0.9367588932806324,0.0,0.0,0.0
dominant_freq16__top5_causal,causal,cell=pb_omnimath_q8,241,759,0.13175230566534915,0.7378129117259552,0.13043478260869565,0.1,0.05394190871369295,3.875608551677209,0.015810276679841896,0.015810276679841896,0.10540184453227931,0.8787878787878788,0.0,0.0,0.0
dominant_freq16__top5_causal,causal,cell=pb_omnimath_q8,241,759,0.13175230566534915,0.7378129117259552,0.13043478260869565,0.2,0.17842323651452283,3.4534370141632493,0.026350461133069828,0.026350461133069828,0.21212121212121213,0.761528326745718,0.0,0.0,0.0
dominant_freq16__top5_causal,causal,cell=pb_omnimath_q8,241,759,0.13175230566534915,0.7378129117259552,0.13043478260869565,0.3,0.2863070539419087,3.0997095912914263,0.039525691699604744,0.039525691699604744,0.3227931488801054,0.6376811594202898,0.0,0.0,0.0
dominant_freq16__page_wmax_causal,causal,macro8_all,2358,4442,0.18955425484016208,0.5317424583520937,0.27870328680774425,0.05,0.04071246819338423,47.24478872665147,0.013732552904097254,0.00810445745159838,0.038271049076992344,0.9479963980189104,2.2950819672131146,0.0,198.36065573770492
dominant_freq16__page_wmax_causal,causal,macro8_all,2358,4442,0.18955425484016208,0.5317424583520937,0.27870328680774425,0.1,0.09202714164546226,38.36671631689921,0.038946420531292214,0.02296262944619541,0.09905447996398019,0.8619990995047276,1.9017341040462428,0.0,171.85549132947978
dominant_freq16__page_wmax_causal,causal,macro8_all,2358,4442,0.18955425484016208,0.5317424583520937,0.27870328680774425,0.2,0.18702290076335878,31.526475096950445,0.0814948221521837,0.04344889689329131,0.18887888338586223,0.729626294461954,2.0082872928176796,0.0,188.09116022099448
dominant_freq16__page_wmax_causal,causal,macro8_all,2358,4442,0.18955425484016208,0.5317424583520937,0.27870328680774425,0.3,0.2862595419847328,27.5473158187335,0.12179198559207564,0.06438541197658712,0.26969833408374605,0.6085096803241783,1.77818853974122,0.0,166.51940850277265
dominant_freq16__page_wmax_causal,causal,steps_2_to_5,950,1312,0.29573170731707316,0.4740853658536585,0.2301829268292683,0.05,0.03894736842105263,38.36671631689921,0.020579268292682928,0.01753048780487805,0.04878048780487805,0.930640243902439,0.25925925925925924,0.0,57.74074074074074
dominant_freq16__page_wmax_causal,causal,steps_2_to_5,950,1312,0.29573170731707316,0.4740853658536585,0.2301829268292683,0.1,0.1,31.526475096950445,0.054878048780487805,0.04420731707317073,0.10746951219512195,0.8376524390243902,0.3194444444444444,0.0,57.708333333333336
dominant_freq16__page_wmax_causal,causal,steps_2_to_5,950,1312,0.29573170731707316,0.4740853658536585,0.2301829268292683,0.2,0.19789473684210526,26.908844246635415,0.09451219512195122,0.07164634146341463,0.17911585365853658,0.7263719512195121,0.3951612903225806,0.0,60.604838709677416
dominant_freq16__page_wmax_causal,causal,steps_2_to_5,950,1312,0.29573170731707316,0.4740853658536585,0.2301829268292683,0.3,0.29789473684210527,23.164860817676093,0.13719512195121952,0.09603658536585366,0.2545731707317073,0.6082317073170732,0.4888888888888889,0.0,71.22222222222223
dominant_freq16__page_wmax_causal,causal,steps_6_to_10,1124,2308,0.16247833622183708,0.5524263431542461,0.2850953206239168,0.05,0.04092526690391459,47.24478872665147,0.011265164644714038,0.008665511265164644,0.039428076256499134,0.9493067590987868,0.6923076923076923,0.0,50.26923076923077
dominant_freq16__page_wmax_causal,causal,steps_6_to_10,1124,2308,0.16247833622183708,0.5524263431542461,0.2850953206239168,0.1,0.0791814946619217,40.420460765033184,0.03162911611785095,0.01993067590987868,0.08708838821490468,0.8812824956672444,1.082191780821918,0.0,100.1917808219178
dominant_freq16__page_wmax_causal,causal,steps_6_to_10,1124,2308,0.16247833622183708,0.5524263431542461,0.2850953206239168,0.2,0.19128113879003558,32.64320979330317,0.07538994800693241,0.0402946273830156,0.18717504332755633,0.7374350086655113,1.339080459770115,0.0,156.05747126436782
dominant_freq16__page_wmax_causal,causal,steps_6_to_10,1124,2308,0.16247833622183708,0.5524263431542461,0.2850953206239168,0.3,0.28558718861209964,28.98558320893432,0.10918544194107452,0.05805892547660312,0.2582322357019064,0.6325823223570191,1.2857142857142858,0.0,139.97619047619048
dominant_freq16__page_wmax_causal,causal,steps_11_plus,284,822,0.09610705596107055,0.5656934306569343,0.3381995133819951,0.1,0.07042253521126761,54.105469979252106,0.02068126520681265,0.0072992700729927005,0.032846715328467155,0.9464720194647201,3.4705882352941178,1.0,309.1764705882353
dominant_freq16__page_wmax_causal,causal,steps_11_plus,284,822,0.09610705596107055,0.5656934306569343,0.3381995133819951,0.2,0.1619718309859155,43.403251855940226,0.04744525547445255,0.015815085158150853,0.11070559610705596,0.8418491484184915,4.076923076923077,3.0,353.0
dominant_freq16__page_wmax_causal,causal,steps_11_plus,284,822,0.09610705596107055,0.5656934306569343,0.3381995133819951,0.3,0.2992957746478873,33.8704989534655,0.0948905109489051,0.03527980535279805,0.22871046228710462,0.6763990267639902,3.91025641025641,2.0,319.84615384615387
dominant_freq16__page_wmax_causal,causal,cell=pb_gsm8k_q4,193,207,0.2946859903381642,0.47342995169082125,0.2318840579710145,0.05,0.046632124352331605,29.73273401726514,0.07729468599033816,0.06280193236714976,0.08695652173913043,0.8357487922705314,0.375,0.0,27.625
dominant_freq16__page_wmax_causal,causal,cell=pb_gsm8k_q4,193,207,0.2946859903381642,0.47342995169082125,0.2318840579710145,0.1,0.08290155440414508,28.25640494860617,0.10628019323671498,0.07246376811594203,0.10628019323671498,0.7874396135265701,0.6363636363636364,0.0,51.13636363636363
dominant_freq16__page_wmax_causal,causal,cell=pb_gsm8k_q4,193,207,0.2946859903381642,0.47342995169082125,0.2318840579710145,0.2,0.19689119170984457,23.61266295277231,0.13526570048309178,0.09178743961352658,0.20772946859903382,0.6570048309178744,0.6785714285714286,0.0,45.07142857142857
dominant_freq16__page_wmax_causal,causal,cell=pb_gsm8k_q4,193,207,0.2946859903381642,0.47342995169082125,0.2318840579710145,0.3,0.2849740932642487,21.43951936354633,0.17391304347826086,0.1111111111111111,0.26570048309178745,0.5603864734299517,0.6388888888888888,0.0,41.833333333333336
dominant_freq16__page_wmax_causal,causal,cell=pb_gsm8k_q8,193,207,0.2898550724637681,0.42995169082125606,0.28019323671497587,0.05,0.046632124352331605,35.27339495882896,0.033816425120772944,0.01932367149758454,0.033816425120772944,0.9323671497584541,0.8571428571428571,0.0,71.57142857142857
dominant_freq16__page_wmax_causal,causal,cell=pb_gsm8k_q8,193,207,0.2898550724637681,0.42995169082125606,0.28019323671497587,0.1,0.09844559585492228,29.73273401726514,0.07246376811594203,0.03864734299516908,0.06280193236714976,0.8647342995169082,0.7333333333333333,0.0,57.666666666666664
dominant_freq16__page_wmax_causal,causal,cell=pb_gsm8k_q8,193,207,0.2898550724637681,0.42995169082125606,0.28019323671497587,0.2,0.19170984455958548,24.565693149387908,0.10628019323671498,0.06280193236714976,0.1111111111111111,0.782608695652174,0.6363636363636364,0.0,60.09090909090909
dominant_freq16__page_wmax_causal,causal,cell=pb_gsm8k_q8,193,207,0.2898550724637681,0.42995169082125606,0.28019323671497587,0.3,0.2849740932642487,22.695846110386334,0.1111111111111111,0.06280193236714976,0.15458937198067632,0.7342995169082126,0.6086956521739131,0.0,57.0
dominant_freq16__page_wmax_causal,causal,cell=pb_math_q4,406,594,0.19696969696969696,0.49158249158249157,0.3114478114478115,0.05,0.046798029556650245,40.420460765033184,0.020202020202020204,0.010101010101010102,0.04208754208754209,0.9377104377104377,1.5833333333333333,0.5,144.91666666666666
dominant_freq16__page_wmax_causal,causal,cell=pb_math_q4,406,594,0.19696969696969696,0.49158249158249157,0.3114478114478115,0.1,0.08620689655172414,36.58492788648218,0.026936026936026935,0.011784511784511785,0.0707070707070707,0.9023569023569024,1.8125,1.0,212.8125
dominant_freq16__page_wmax_causal,causal,cell=pb_math_q4,406,594,0.19696969696969696,0.49158249158249157,0.3114478114478115,0.2,0.19950738916256158,28.98558320893432,0.07744107744107744,0.030303030303030304,0.16666666666666666,0.7558922558922558,1.6521739130434783,1.0,182.30434782608697
dominant_freq16__page_wmax_causal,causal,cell=pb_math_q4,406,594,0.19696969696969696,0.49158249158249157,0.3114478114478115,0.3,0.2955665024630542,25.69263823948413,0.12457912457912458,0.058922558922558925,0.23063973063973064,0.6447811447811448,1.4054054054054055,1.0,154.6891891891892
dominant_freq16__page_wmax_causal,causal,cell=pb_math_q8,406,594,0.19528619528619529,0.5067340067340067,0.29797979797979796,0.05,0.03694581280788178,43.403251855940226,0.013468013468013467,0.005050505050505051,0.03535353535353535,0.9511784511784511,2.5,1.0,270.375
dominant_freq16__page_wmax_causal,causal,cell=pb_math_q8,406,594,0.19528619528619529,0.5067340067340067,0.29797979797979796,0.1,0.09113300492610837,35.27339495882896,0.04208754208754209,0.025252525252525252,0.09932659932659933,0.8585858585858586,1.48,0.0,164.48
dominant_freq16__page_wmax_causal,causal,cell=pb_math_q8,406,594,0.19528619528619529,0.5067340067340067,0.29797979797979796,0.2,0.19950738916256158,28.98558320893432,0.08754208754208755,0.05387205387205387,0.18855218855218855,0.7239057239057239,1.0,0.0,111.65384615384616
dominant_freq16__page_wmax_causal,causal,cell=pb_math_q8,406,594,0.19528619528619529,0.5067340067340067,0.29797979797979796,0.3,0.2832512315270936,26.274728448844545,0.10774410774410774,0.06060606060606061,0.24074074074074073,0.6515151515151515,1.34375,0.0,139.4375
dominant_freq16__page_wmax_causal,causal,cell=pb_olympiadbench_q4,339,661,0.1573373676248109,0.5552193645990923,0.2874432677760968,0.1,0.07669616519174041,47.24478872665147,0.01059001512859304,0.006051437216338881,0.049924357034795766,0.9394856278366112,1.1428571428571428,0.0,103.57142857142857
dominant_freq16__page_wmax_causal,causal,cell=pb_olympiadbench_q4,339,661,0.1573373676248109,0.5552193645990923,0.2874432677760968,0.2,0.1887905604719764,36.58492788648218,0.04236006051437216,0.024205748865355523,0.14977307110438728,0.8078668683812406,1.5357142857142858,0.0,150.03571428571428
dominant_freq16__page_wmax_causal,causal,cell=pb_olympiadbench_q4,339,661,0.1573373676248109,0.5552193645990923,0.2874432677760968,0.3,0.2713864306784661,31.526475096950445,0.08472012102874432,0.04387291981845688,0.24357034795763993,0.6717095310136157,1.6607142857142858,0.0,141.26785714285714
dominant_freq16__page_wmax_causal,causal,cell=pb_olympiadbench_q8,339,661,0.17095310136157338,0.5960665658093798,0.2329803328290469,0.05,0.032448377581120944,54.105469979252106,0.006051437216338881,0.0045385779122541605,0.03177004538577912,0.962178517397882,0.25,0.0,20.5
dominant_freq16__page_wmax_causal,causal,cell=pb_olympiadbench_q8,339,661,0.17095310136157338,0.5960665658093798,0.2329803328290469,0.1,0.07669616519174041,47.24478872665147,0.012102874432677761,0.009077155824508321,0.059001512859304085,0.9288956127080181,0.375,0.0,29.5
dominant_freq16__page_wmax_causal,causal,cell=pb_olympiadbench_q8,339,661,0.17095310136157338,0.5960665658093798,0.2329803328290469,0.2,0.19174041297935104,35.27339495882896,0.05143721633888049,0.03328290468986384,0.16187594553706505,0.7866868381240545,1.5294117647058822,0.0,121.58823529411765
dominant_freq16__page_wmax_causal,causal,cell=pb_olympiadbench_q8,339,661,0.17095310136157338,0.5960665658093798,0.2329803328290469,0.3,0.29793510324483774,30.5807122985069,0.08018154311649017,0.049924357034795766,0.24357034795763993,0.6762481089258698,2.0754716981132075,0.0,134.88679245283018
dominant_freq16__page_wmax_causal,causal,cell=pb_omnimath_q4,241,759,0.16469038208168643,0.5349143610013175,0.30039525691699603,0.05,0.04979253112033195,47.24478872665147,0.026350461133069828,0.014492753623188406,0.052700922266139656,0.9209486166007905,3.25,0.0,274.3
dominant_freq16__page_wmax_causal,causal,cell=pb_omnimath_q4,241,759,0.16469038208168643,0.5349143610013175,0.30039525691699603,0.1,0.08298755186721991,40.420460765033184,0.043478260869565216,0.026350461133069828,0.09749670619235837,0.8590250329380764,2.272727272727273,0.0,202.6060606060606
dominant_freq16__page_wmax_causal,causal,cell=pb_omnimath_q4,241,759,0.16469038208168643,0.5349143610013175,0.30039525691699603,0.2,0.1991701244813278,33.8704989534655,0.07905138339920949,0.043478260869565216,0.1712779973649539,0.7496706192358367,2.5,0.0,226.91666666666666
dominant_freq16__page_wmax_causal,causal,cell=pb_omnimath_q4,241,759,0.16469038208168643,0.5349143610013175,0.30039525691699603,0.3,0.2863070539419087,30.5807122985069,0.1080368906455863,0.052700922266139656,0.22266139657444006,0.6693017127799736,2.731707317073171,1.0,258.9634146341463
dominant_freq16__page_wmax_causal,causal,cell=pb_omnimath_q8,241,759,0.19235836627140976,0.546772068511199,0.2608695652173913,0.05,0.04564315352697095,47.24478872665147,0.017127799736495388,0.010540184453227932,0.05138339920948617,0.9314888010540184,3.3846153846153846,0.0,280.0
dominant_freq16__page_wmax_causal,causal,cell=pb_omnimath_q8,241,759,0.19235836627140976,0.546772068511199,0.2608695652173913,0.1,0.0995850622406639,38.36671631689921,0.052700922266139656,0.03162055335968379,0.13043478260869565,0.8168642951251647,2.125,0.0,202.175
dominant_freq16__page_wmax_causal,causal,cell=pb_omnimath_q8,241,759,0.19235836627140976,0.546772068511199,0.2608695652173913,0.2,0.17842323651452283,33.8704989534655,0.08959156785243742,0.052700922266139656,0.20553359683794467,0.7048748353096179,1.9411764705882353,0.0,213.38235294117646
dominant_freq16__page_wmax_causal,causal,cell=pb_omnimath_q8,241,759,0.19235836627140976,0.546772068511199,0.2608695652173913,0.3,0.2863070539419087,29.73273401726514,0.11725955204216074,0.06060606060606061,0.29907773386034253,0.5836627140974967,2.146067415730337,0.0,215.3370786516854
bocpd_p0__top5_causal,causal,macro8_all,2358,4442,0.2494371904547501,0.30774425934263844,0.44281855020261146,0.05,0.04368108566581849,7.830746134211031,0.06528590724898695,0.020261143628995948,0.013282305267897344,0.9214317874831157,2.3413793103448275,2.0,322.36206896551727
bocpd_p0__top5_causal,causal,macro8_all,2358,4442,0.2494371904547501,0.30774425934263844,0.44281855020261146,0.1,0.08693808312128923,6.930074684526884,0.11773975686627645,0.0384961728950923,0.028590724898694284,0.8536695182350292,2.202676864244742,2.0,286.1548757170172
bocpd_p0__top5_causal,causal,macro8_all,2358,4442,0.2494371904547501,0.30774425934263844,0.44281855020261146,0.2,0.18914334181509754,5.884486623356834,0.2089149031967582,0.07631697433588473,0.07406573615488518,0.7170193606483566,1.8857758620689655,1.0,217.14870689655172
bocpd_p0__top5_causal,causal,macro8_all,2358,4442,0.2494371904547501,0.30774425934263844,0.44281855020261146,0.3,0.2917726887192536,5.211103456898527,0.27239981990094553,0.10963529941467808,0.13980189104007204,0.5877982890589825,1.6991735537190082,1.0,184.72231404958677
bocpd_p0__top5_causal,causal,steps_2_to_5,950,1312,0.3285060975609756,0.2804878048780488,0.3910060975609756,0.05,0.029473684210526315,7.830746134211031,0.04573170731707317,0.019054878048780487,0.009908536585365854,0.944359756097561,1.0,1.0,175.66666666666666
bocpd_p0__top5_causal,causal,steps_2_to_5,950,1312,0.3285060975609756,0.2804878048780488,0.3910060975609756,0.1,0.09157894736842105,6.6309541642527385,0.10746951219512195,0.04573170731707317,0.03125,0.8612804878048781,0.9148936170212766,1.0,149.6595744680851
bocpd_p0__top5_causal,causal,steps_2_to_5,950,1312,0.3285060975609756,0.2804878048780488,0.3910060975609756,0.2,0.19052631578947368,5.5086956703417655,0.2073170731707317,0.10975609756097561,0.08155487804878049,0.7111280487804879,0.7757352941176471,0.0,106.57352941176471
bocpd_p0__top5_causal,causal,steps_2_to_5,950,1312,0.3285060975609756,0.2804878048780488,0.3910060975609756,0.3,0.2894736842105263,4.703116676430273,0.2896341463414634,0.15777439024390244,0.16310975609756098,0.5472560975609756,0.7657894736842106,0.0,90.65789473684211
bocpd_p0__top5_causal,causal,steps_6_to_10,1124,2308,0.24436741767764297,0.3037261698440208,0.45190641247833624,0.05,0.02491103202846975,8.672697006060531,0.039428076256499134,0.010398613518197574,0.008665511265164644,0.9519064124783362,2.4285714285714284,3.0,387.6923076923077
bocpd_p0__top5_causal,causal,steps_6_to_10,1124,2308,0.24436741767764297,0.3037261698440208,0.45190641247833624,0.1,0.09163701067615658,6.930074684526884,0.13214904679376083,0.04462738301559792,0.03076256499133449,0.8370883882149047,2.0065573770491802,2.0,288.6655737704918
bocpd_p0__top5_causal,causal,steps_6_to_10,1124,2308,0.24436741767764297,0.3037261698440208,0.45190641247833624,0.2,0.1806049822064057,6.018740161595559,0.20667244367417678,0.07842287694974004,0.07192374350086655,0.7214038128249567,1.7127882599580713,1.0,216.8511530398323
bocpd_p0__top5_causal,causal,steps_6_to_10,1124,2308,0.24436741767764297,0.3037261698440208,0.45190641247833624,0.3,0.297153024911032,5.300109064177024,0.2820623916811092,0.10918544194107452,0.13994800693240902,0.5779896013864818,1.672811059907834,1.0,197.073732718894
bocpd_p0__top5_causal,causal,steps_11_plus,284,822,0.13746958637469586,0.36253041362530414,0.5,0.05,0.03169014084507042,8.672697006060531,0.038929440389294405,0.006082725060827251,0.004866180048661801,0.9562043795620438,4.53125,5.0,553.9375
bocpd_p0__top5_causal,causal,steps_11_plus,284,822,0.13746958637469586,0.36253041362530414,0.5,0.1,0.07394366197183098,7.310143500673115,0.10218978102189781,0.0170316301703163,0.01824817518248175,0.8795620437956204,4.416666666666667,4.0,466.1904761904762
bocpd_p0__top5_causal,causal,steps_11_plus,284,822,0.13746958637469586,0.36253041362530414,0.5,0.2,0.176056338028169,6.402125116330301,0.17761557177615572,0.038929440389294405,0.04257907542579075,0.7798053527980535,3.732876712328767,3.0,375.8904109589041
bocpd_p0__top5_causal,causal,steps_11_plus,284,822,0.13746958637469586,0.36253041362530414,0.5,0.3,0.2852112676056338,5.623471773002705,0.24330900243309003,0.05596107055961071,0.10583941605839416,0.6508515815085159,3.49,3.0,327.92
bocpd_p0__top5_causal,causal,cell=pb_gsm8k_q4,193,207,0.3719806763285024,0.26570048309178745,0.36231884057971014,0.05,0.03626943005181347,6.187489196161466,0.043478260869565216,0.033816425120772944,0.004830917874396135,0.9516908212560387,0.4444444444444444,0.0,39.111111111111114
bocpd_p0__top5_causal,causal,cell=pb_gsm8k_q4,193,207,0.3719806763285024,0.26570048309178745,0.36231884057971014,0.1,0.09844559585492228,5.300109064177024,0.11594202898550725,0.08695652173913043,0.033816425120772944,0.8502415458937198,0.4583333333333333,0.0,38.208333333333336
bocpd_p0__top5_causal,causal,cell=pb_gsm8k_q4,193,207,0.3719806763285024,0.26570048309178745,0.36231884057971014,0.2,0.19170984455958548,4.703116676430273,0.1642512077294686,0.10144927536231885,0.057971014492753624,0.7777777777777778,0.6764705882352942,0.0,54.23529411764706
bocpd_p0__top5_causal,causal,cell=pb_gsm8k_q4,193,207,0.3719806763285024,0.26570048309178745,0.36231884057971014,0.3,0.29015544041450775,4.1877626542307205,0.24154589371980675,0.1642512077294686,0.09178743961352658,0.6666666666666666,0.66,0.0,47.5
bocpd_p0__top5_causal,causal,cell=pb_gsm8k_q8,193,207,0.3526570048309179,0.25120772946859904,0.3961352657004831,0.05,0.04145077720207254,6.018740161595559,0.057971014492753624,0.03864734299516908,0.00966183574879227,0.9323671497584541,0.5,0.0,42.0
bocpd_p0__top5_causal,causal,cell=pb_gsm8k_q8,193,207,0.3526570048309179,0.25120772946859904,0.3961352657004831,0.1,0.09844559585492228,5.1179203102073725,0.12077294685990338,0.07729468599033816,0.024154589371980676,0.855072463768116,0.6,0.0,51.28
bocpd_p0__top5_causal,causal,cell=pb_gsm8k_q8,193,207,0.3526570048309179,0.25120772946859904,0.3961352657004831,0.2,0.19689119170984457,4.519643653923996,0.178743961352657,0.1111111111111111,0.07246376811594203,0.748792270531401,0.8108108108108109,0.0,60.16216216216216
bocpd_p0__top5_causal,causal,cell=pb_gsm8k_q8,193,207,0.3526570048309179,0.25120772946859904,0.3961352657004831,0.3,0.2849740932642487,4.237980618237197,0.24154589371980675,0.16908212560386474,0.0966183574879227,0.6618357487922706,0.64,0.0,45.82
bocpd_p0__top5_causal,causal,cell=pb_math_q4,406,594,0.28619528619528617,0.29292929292929293,0.4208754208754209,0.05,0.04926108374384237,6.930074684526884,0.07407407407407407,0.02861952861952862,0.02356902356902357,0.9023569023569024,2.0454545454545454,1.0,295.95454545454544
bocpd_p0__top5_causal,causal,cell=pb_math_q4,406,594,0.28619528619528617,0.29292929292929293,0.4208754208754209,0.1,0.0960591133004926,6.187489196161466,0.12457912457912458,0.04882154882154882,0.04040404040404041,0.835016835016835,1.5810810810810811,1.0,202.0
bocpd_p0__top5_causal,causal,cell=pb_math_q4,406,594,0.28619528619528617,0.29292929292929293,0.4208754208754209,0.2,0.17733990147783252,5.300109064177024,0.20707070707070707,0.08922558922558922,0.09090909090909091,0.702020202020202,1.4471544715447155,1.0,164.52032520325204
bocpd_p0__top5_causal,causal,cell=pb_math_q4,406,594,0.28619528619528617,0.29292929292929293,0.4208754208754209,0.3,0.2955665024630542,4.578132263378288,0.3047138047138047,0.14814814814814814,0.1717171717171717,0.5235690235690236,1.4475138121546962,1.0,135.4585635359116
bocpd_p0__top5_causal,causal,cell=pb_math_q8,406,594,0.2962962962962963,0.2777777777777778,0.42592592592592593,0.05,0.046798029556650245,7.310143500673115,0.05723905723905724,0.02356902356902357,0.015151515151515152,0.9276094276094277,1.8235294117647058,1.0,269.7352941176471
bocpd_p0__top5_causal,causal,cell=pb_math_q8,406,594,0.2962962962962963,0.2777777777777778,0.42592592592592593,0.1,0.09113300492610837,6.402125116330301,0.11616161616161616,0.05723905723905724,0.03535353535353535,0.8484848484848485,1.6231884057971016,1.0,204.56521739130434
bocpd_p0__top5_causal,causal,cell=pb_math_q8,406,594,0.2962962962962963,0.2777777777777778,0.42592592592592593,0.2,0.18472906403940886,5.404671263368741,0.20875420875420875,0.09090909090909091,0.08417508417508418,0.7070707070707071,1.435483870967742,1.0,157.6290322580645
bocpd_p0__top5_causal,causal,cell=pb_math_q8,406,594,0.2962962962962963,0.2777777777777778,0.42592592592592593,0.3,0.2955665024630542,4.774455908177305,0.28619528619528617,0.12626262626262627,0.14646464646464646,0.5673400673400674,1.535294117647059,1.0,145.38235294117646
bocpd_p0__top5_causal,causal,cell=pb_olympiadbench_q4,339,661,0.20726172465960666,0.3661119515885023,0.4266263237518911,0.05,0.038348082595870206,8.672697006060531,0.036308623298033284,0.01059001512859304,0.009077155824508321,0.9546142208774584,2.875,2.5,384.4583333333333
bocpd_p0__top5_causal,causal,cell=pb_olympiadbench_q4,339,661,0.20726172465960666,0.3661119515885023,0.4266263237518911,0.1,0.08849557522123894,7.310143500673115,0.10287443267776097,0.025718608169440244,0.02118003025718608,0.875945537065053,2.485294117647059,2.0,312.61764705882354
bocpd_p0__top5_causal,causal,cell=pb_olympiadbench_q4,339,661,0.20726172465960666,0.3661119515885023,0.4266263237518911,0.2,0.1976401179941003,6.402125116330301,0.16944024205748864,0.05597579425113464,0.059001512859304085,0.7715582450832073,1.7053571428571428,1.0,220.57142857142858
bocpd_p0__top5_causal,causal,cell=pb_olympiadbench_q4,339,661,0.20726172465960666,0.3661119515885023,0.4266263237518911,0.3,0.26253687315634217,5.884486623356834,0.22844175491679275,0.08623298033282904,0.11043872919818457,0.6611195158850227,1.6887417218543046,1.0,198.3708609271523
bocpd_p0__top5_causal,causal,cell=pb_olympiadbench_q8,339,661,0.21331316187594554,0.34190620272314676,0.44478063540090773,0.05,0.04129793510324484,8.672697006060531,0.04387291981845688,0.009077155824508321,0.007564296520423601,0.9485627836611196,2.4482758620689653,2.0,359.2413793103448
bocpd_p0__top5_causal,causal,cell=pb_olympiadbench_q8,339,661,0.21331316187594554,0.34190620272314676,0.44478063540090773,0.1,0.09734513274336283,7.310143500673115,0.10287443267776097,0.025718608169440244,0.028744326777609682,0.8683812405446294,2.4705882352941178,2.0,323.88235294117646
bocpd_p0__top5_causal,causal,cell=pb_olympiadbench_q8,339,661,0.21331316187594554,0.34190620272314676,0.44478063540090773,0.2,0.16519174041297935,6.6309541642527385,0.15431164901664146,0.039334341906202726,0.049924357034795766,0.7957639939485628,2.4019607843137254,2.0,304.7450980392157
bocpd_p0__top5_causal,causal,cell=pb_olympiadbench_q8,339,661,0.21331316187594554,0.34190620272314676,0.44478063540090773,0.3,0.26843657817109146,6.018740161595559,0.22239031770045387,0.06354009077155824,0.08774583963691376,0.6898638426626323,2.2653061224489797,2.0,267.34013605442175
bocpd_p0__top5_causal,causal,cell=pb_omnimath_q4,241,759,0.22397891963109354,0.2964426877470356,0.4795783926218709,0.05,0.03319502074688797,8.672697006060531,0.048748353096179184,0.00922266139657444,0.007905138339920948,0.9433465085638999,2.918918918918919,3.0,451.6216216216216
bocpd_p0__top5_causal,causal,cell=pb_omnimath_q4,241,759,0.22397891963109354,0.2964426877470356,0.4795783926218709,0.1,0.08713692946058091,7.830746134211031,0.09486166007905138,0.023715415019762844,0.015810276679841896,0.8893280632411067,2.611111111111111,2.0,373.93055555555554
bocpd_p0__top5_causal,causal,cell=pb_omnimath_q4,241,759,0.22397891963109354,0.2964426877470356,0.4795783926218709,0.2,0.17427385892116182,6.6309541642527385,0.18972332015810275,0.05533596837944664,0.03820816864295125,0.7720685111989459,2.4305555555555554,2.0,316.8541666666667
bocpd_p0__top5_causal,causal,cell=pb_omnimath_q4,241,759,0.22397891963109354,0.2964426877470356,0.4795783926218709,0.3,0.2821576763485477,5.623471773002705,0.2964426877470356,0.10408432147562582,0.11067193675889328,0.5928853754940712,2.071111111111111,1.0,232.69333333333333
bocpd_p0__top5_causal,causal,cell=pb_omnimath_q8,241,759,0.2160737812911726,0.30039525691699603,0.48353096179183136,0.05,0.029045643153526972,8.672697006060531,0.05533596837944664,0.01844532279314888,0.010540184453227932,0.9341238471673254,2.4285714285714284,2.0,362.57142857142856
bocpd_p0__top5_causal,causal,cell=pb_omnimath_q8,241,759,0.2160737812911726,0.30039525691699603,0.48353096179183136,0.1,0.05394190871369295,7.830746134211031,0.10144927536231885,0.03689064558629776,0.015810276679841896,0.8827404479578392,2.064935064935065,1.0,281.1168831168831
bocpd_p0__top5_causal,causal,cell=pb_omnimath_q8,241,759,0.2160737812911726,0.30039525691699603,0.48353096179183136,0.2,0.1825726141078838,6.402125116330301,0.22924901185770752,0.07509881422924901,0.05138339920948617,0.7193675889328063,2.2298850574712645,2.0,266.7298850574713
bocpd_p0__top5_causal,causal,cell=pb_omnimath_q8,241,759,0.2160737812911726,0.30039525691699603,0.48353096179183136,0.3,0.2987551867219917,5.884486623356834,0.2727272727272727,0.0922266139657444,0.08168642951251646,0.6455862977602108,2.0193236714975846,1.0,233.18357487922705
bocpd_p0__page_wmax_causal,causal,macro8_all,2358,4442,0.1674921206663665,0.24561008554705088,0.5868977937865826,0.05,0.04410517387616624,14.172108449429647,0.1044574515983791,0.012832057631697433,0.024538496172895094,0.8710040522287258,3.2004310344827585,3.0,361.81681034482756
bocpd_p0__page_wmax_causal,causal,macro8_all,2358,4442,0.1674921206663665,0.24561008554705088,0.5868977937865826,0.1,0.0996607294317218,13.044593128549126,0.18032417829806394,0.028365601080594327,0.05042773525438991,0.7692480864475462,2.9076154806491887,3.0,322.4282147315855
bocpd_p0__page_wmax_causal,causal,macro8_all,2358,4442,0.1674921206663665,0.24561008554705088,0.5868977937865826,0.2,0.1967769296013571,11.925947106803484,0.3030166591625394,0.05943268797838811,0.10175596578117965,0.595227375056281,2.5802377414561666,2.0,278.6344725111441
bocpd_p0__page_wmax_causal,causal,macro8_all,2358,4442,0.1674921206663665,0.24561008554705088,0.5868977937865826,0.3,0.2926208651399491,11.245182895898987,0.3890139576767222,0.09072489869428185,0.14790634849167042,0.4630796938316074,2.3003472222222223,2.0,244.7158564814815
bocpd_p0__page_wmax_causal,causal,steps_2_to_5,950,1312,0.25228658536585363,0.2027439024390244,0.5449695121951219,0.05,0.03894736842105263,13.354506074626954,0.0861280487804878,0.025914634146341462,0.019054878048780487,0.8948170731707317,1.4778761061946903,1.0,213.1150442477876
bocpd_p0__page_wmax_causal,causal,steps_2_to_5,950,1312,0.25228658536585363,0.2027439024390244,0.5449695121951219,0.1,0.0968421052631579,12.387359790760273,0.15015243902439024,0.04649390243902439,0.039634146341463415,0.8102134146341463,1.4467005076142132,1.0,199.9289340101523
bocpd_p0__page_wmax_causal,causal,steps_2_to_5,950,1312,0.25228658536585363,0.2027439024390244,0.5449695121951219,0.2,0.2,11.245182895898987,0.2782012195121951,0.09603658536585366,0.07393292682926829,0.6478658536585366,1.3178082191780822,1.0,167.05479452054794
bocpd_p0__page_wmax_causal,causal,steps_2_to_5,950,1312,0.25228658536585363,0.2027439024390244,0.5449695121951219,0.3,0.29473684210526313,10.698661127745662,0.3239329268292683,0.11661585365853659,0.09984756097560976,0.5762195121951219,1.2682352941176471,1.0,156.3294117647059
bocpd_p0__page_wmax_causal,causal,steps_6_to_10,1124,2308,0.1451473136915078,0.24090121317157712,0.6139514731369151,0.05,0.03113879003558719,14.816459412992161,0.08752166377816291,0.009098786828422877,0.01776429809358752,0.8947140381282496,2.8118811881188117,3.0,345.7178217821782
bocpd_p0__page_wmax_causal,causal,steps_6_to_10,1124,2308,0.1451473136915078,0.24090121317157712,0.6139514731369151,0.1,0.099644128113879,13.354506074626954,0.18760831889081456,0.02512998266897747,0.04289428076256499,0.7694974003466204,2.695150115473441,3.0,324.6466512702078
bocpd_p0__page_wmax_causal,causal,steps_6_to_10,1124,2308,0.1451473136915078,0.24090121317157712,0.6139514731369151,0.2,0.1895017793594306,12.238723025414885,0.31845753899480067,0.058925476603119586,0.08665511265164645,0.5948873483535528,2.4394557823129253,2.0,284.8857142857143
bocpd_p0__page_wmax_causal,causal,steps_6_to_10,1124,2308,0.1451473136915078,0.24090121317157712,0.6139514731369151,0.3,0.298932384341637,11.436971296742037,0.4276429809358752,0.08752166377816291,0.1464471403812825,0.4259098786828423,2.2948328267477205,2.0,258.3839918946302
bocpd_p0__page_wmax_causal,causal,steps_11_plus,284,822,0.0948905109489051,0.32725060827250607,0.5778588807785888,0.05,0.035211267605633804,15.959033813836419,0.0535279805352798,0.0024330900243309003,0.015815085158150853,0.9306569343065694,5.931818181818182,5.0,530.8636363636364
bocpd_p0__page_wmax_causal,causal,steps_11_plus,284,822,0.0948905109489051,0.32725060827250607,0.5778588807785888,0.1,0.06690140845070422,14.816459412992161,0.09854014598540146,0.0024330900243309003,0.032846715328467155,0.8686131386861314,5.703703703703703,5.0,529.716049382716
bocpd_p0__page_wmax_causal,causal,steps_11_plus,284,822,0.0948905109489051,0.32725060827250607,0.5778588807785888,0.2,0.18661971830985916,13.044593128549126,0.20681265206812652,0.019464720194647202,0.0851581508515815,0.708029197080292,4.8352941176470585,4.0,434.38823529411764
bocpd_p0__page_wmax_causal,causal,steps_11_plus,284,822,0.0948905109489051,0.32725060827250607,0.5778588807785888,0.3,0.28169014084507044,12.07043024417453,0.3150851581508516,0.045012165450121655,0.14476885644768855,0.5401459854014599,4.223938223938224,4.0,368.26254826254825
bocpd_p0__page_wmax_causal,causal,cell=pb_gsm8k_q4,193,207,0.2463768115942029,0.16908212560386474,0.5845410628019324,0.05,0.04145077720207254,13.044593128549126,0.024154589371980676,0.00966183574879227,0.014492753623188406,0.961352657004831,1.2,1.0,96.4
bocpd_p0__page_wmax_causal,causal,cell=pb_gsm8k_q4,193,207,0.2463768115942029,0.16908212560386474,0.5845410628019324,0.1,0.09844559585492228,11.781213192322447,0.08695652173913043,0.024154589371980676,0.01932367149758454,0.893719806763285,1.9444444444444444,1.5,134.38888888888889
bocpd_p0__page_wmax_causal,causal,cell=pb_gsm8k_q4,193,207,0.2463768115942029,0.16908212560386474,0.5845410628019324,0.2,0.18134715025906736,11.144944557023425,0.16908212560386474,0.043478260869565216,0.01932367149758454,0.8115942028985508,1.9714285714285715,2.0,149.54285714285714
bocpd_p0__page_wmax_causal,causal,cell=pb_gsm8k_q4,193,207,0.2463768115942029,0.16908212560386474,0.5845410628019324,0.3,0.29015544041450775,10.625273667469537,0.2222222222222222,0.06280193236714976,0.028985507246376812,0.748792270531401,1.7826086956521738,1.5,134.06521739130434
bocpd_p0__page_wmax_causal,causal,cell=pb_gsm8k_q8,193,207,0.2463768115942029,0.19806763285024154,0.5555555555555556,0.05,0.03626943005181347,12.58671708709457,0.033816425120772944,0.014492753623188406,0.00966183574879227,0.9565217391304348,1.5714285714285714,2.0,147.42857142857142
bocpd_p0__page_wmax_causal,causal,cell=pb_gsm8k_q8,193,207,0.2463768115942029,0.19806763285024154,0.5555555555555556,0.1,0.07772020725388601,12.07043024417453,0.05314009661835749,0.01932367149758454,0.00966183574879227,0.9371980676328503,1.5454545454545454,2.0,140.72727272727272
bocpd_p0__page_wmax_causal,causal,cell=pb_gsm8k_q8,193,207,0.2463768115942029,0.19806763285024154,0.5555555555555556,0.2,0.19689119170984457,10.870980500355337,0.1497584541062802,0.043478260869565216,0.04830917874396135,0.8019323671497585,1.6129032258064515,2.0,133.70967741935485
bocpd_p0__page_wmax_causal,causal,cell=pb_gsm8k_q8,193,207,0.2463768115942029,0.19806763285024154,0.5555555555555556,0.3,0.2849740932642487,10.333272674257179,0.23671497584541062,0.057971014492753624,0.057971014492753624,0.7053140096618358,1.653061224489796,2.0,128.24489795918367
bocpd_p0__page_wmax_causal,causal,cell=pb_math_q4,406,594,0.20707070707070707,0.23063973063973064,0.5622895622895623,0.05,0.04433497536945813,13.721875492194686,0.09259259259259259,0.020202020202020204,0.03198653198653199,0.8754208754208754,2.890909090909091,2.0,324.72727272727275
bocpd_p0__page_wmax_causal,causal,cell=pb_math_q4,406,594,0.20707070707070707,0.23063973063973064,0.5622895622895623,0.1,0.09113300492610837,12.58671708709457,0.14814814814814814,0.03872053872053872,0.05723905723905724,0.7946127946127947,2.522727272727273,2.0,264.6363636363636
bocpd_p0__page_wmax_causal,causal,cell=pb_math_q4,406,594,0.20707070707070707,0.23063973063973064,0.5622895622895623,0.2,0.18719211822660098,11.542848095974398,0.265993265993266,0.0723905723905724,0.09595959595959595,0.6380471380471381,2.4050632911392404,2.0,247.5253164556962
bocpd_p0__page_wmax_causal,causal,cell=pb_math_q4,406,594,0.20707070707070707,0.23063973063973064,0.5622895622895623,0.3,0.29802955665024633,10.952578312953882,0.32491582491582494,0.09595959595959595,0.11447811447811448,0.5606060606060606,2.305699481865285,2.0,229.28497409326425
bocpd_p0__page_wmax_causal,causal,cell=pb_math_q8,406,594,0.18686868686868688,0.2255892255892256,0.5875420875420876,0.05,0.04433497536945813,13.721875492194686,0.09259259259259259,0.020202020202020204,0.02356902356902357,0.8838383838383839,2.5090909090909093,2.0,280.8727272727273
bocpd_p0__page_wmax_causal,causal,cell=pb_math_q8,406,594,0.18686868686868688,0.2255892255892256,0.5875420875420876,0.1,0.08866995073891626,12.58671708709457,0.15488215488215487,0.03198653198653199,0.05218855218855219,0.7929292929292929,2.5,2.0,281.42391304347825
bocpd_p0__page_wmax_causal,causal,cell=pb_math_q8,406,594,0.18686868686868688,0.2255892255892256,0.5875420875420876,0.2,0.19704433497536947,11.436971296742037,0.27441077441077444,0.06902356902356903,0.08922558922558922,0.6363636363636364,2.245398773006135,2.0,224.31901840490798
bocpd_p0__page_wmax_causal,causal,cell=pb_math_q8,406,594,0.18686868686868688,0.2255892255892256,0.5875420875420876,0.3,0.2733990147783251,10.870980500355337,0.3434343434343434,0.08249158249158249,0.12626262626262627,0.5303030303030303,2.25,2.0,223.42156862745097
bocpd_p0__page_wmax_causal,causal,cell=pb_olympiadbench_q4,339,661,0.13313161875945537,0.27987897125567324,0.5869894099848714,0.05,0.038348082595870206,14.816459412992161,0.08925869894099848,0.007564296520423601,0.01664145234493192,0.8940998487140696,3.0338983050847457,3.0,339.9491525423729
bocpd_p0__page_wmax_causal,causal,cell=pb_olympiadbench_q4,339,661,0.13313161875945537,0.27987897125567324,0.5869894099848714,0.1,0.0855457227138643,13.721875492194686,0.14674735249621784,0.015128593040847202,0.03479576399394856,0.8184568835098336,3.2783505154639174,3.0,363.9381443298969
bocpd_p0__page_wmax_causal,causal,cell=pb_olympiadbench_q4,339,661,0.13313161875945537,0.27987897125567324,0.5869894099848714,0.2,0.17699115044247787,12.802863237120333,0.2254160363086233,0.03479576399394856,0.0680786686838124,0.7065052950075643,2.9261744966442955,3.0,318.4697986577181
bocpd_p0__page_wmax_causal,causal,cell=pb_olympiadbench_q4,339,661,0.13313161875945537,0.27987897125567324,0.5869894099848714,0.3,0.2920353982300885,11.781213192322447,0.3494704992435703,0.0529500756429652,0.1437216338880484,0.5068078668683812,2.6796536796536796,2.0,292.53679653679654
bocpd_p0__page_wmax_causal,causal,cell=pb_olympiadbench_q8,339,661,0.13767019667170954,0.2844175491679274,0.5779122541603631,0.05,0.035398230088495575,14.816459412992161,0.08472012102874432,0.006051437216338881,0.018154311649016642,0.897125567322239,3.8035714285714284,3.0,415.48214285714283
bocpd_p0__page_wmax_causal,causal,cell=pb_olympiadbench_q8,339,661,0.13767019667170954,0.2844175491679274,0.5779122541603631,0.1,0.07669616519174041,13.721875492194686,0.15128593040847202,0.019667170953101363,0.036308623298033284,0.8124054462934948,3.15,3.0,366.5
bocpd_p0__page_wmax_causal,causal,cell=pb_olympiadbench_q8,339,661,0.13767019667170954,0.2844175491679274,0.5779122541603631,0.2,0.19469026548672566,12.58671708709457,0.26777609682299547,0.03328290468986384,0.06959152798789713,0.6626323751891074,2.977401129943503,3.0,325.7401129943503
bocpd_p0__page_wmax_causal,causal,cell=pb_olympiadbench_q8,339,661,0.13767019667170954,0.2844175491679274,0.5779122541603631,0.3,0.2861356932153392,11.925947106803484,0.3555219364599092,0.05446293494704992,0.11649016641452345,0.5279878971255674,2.748936170212766,2.0,297.1531914893617
bocpd_p0__page_wmax_causal,causal,cell=pb_omnimath_q4,241,759,0.15019762845849802,0.2437417654808959,0.6060606060606061,0.05,0.04149377593360996,14.816459412992161,0.1080368906455863,0.010540184453227932,0.022397891963109356,0.8695652173913043,3.268292682926829,3.0,378.5121951219512
bocpd_p0__page_wmax_causal,causal,cell=pb_omnimath_q4,241,759,0.15019762845849802,0.2437417654808959,0.6060606060606061,0.1,0.0995850622406639,13.721875492194686,0.1976284584980237,0.023715415019762844,0.04084321475625823,0.761528326745718,2.8466666666666667,3.0,326.3666666666667
bocpd_p0__page_wmax_causal,causal,cell=pb_omnimath_q4,241,759,0.15019762845849802,0.2437417654808959,0.6060606060606061,0.2,0.1908713692946058,12.802863237120333,0.29117259552042163,0.04216073781291173,0.07378129117259552,0.6350461133069829,2.841628959276018,2.0,313.94117647058823
bocpd_p0__page_wmax_causal,causal,cell=pb_omnimath_q4,241,759,0.15019762845849802,0.2437417654808959,0.6060606060606061,0.3,0.2987551867219917,11.652491751262188,0.4400527009222661,0.08827404479578392,0.14888010540184454,0.41106719367588934,2.3922155688622753,2.0,265.3053892215569
bocpd_p0__page_wmax_causal,causal,cell=pb_omnimath_q8,241,759,0.15151515151515152,0.2450592885375494,0.6034255599472991,0.05,0.04564315352697095,14.816459412992161,0.08432147562582346,0.007905138339920948,0.01844532279314888,0.8972332015810277,3.5625,3.0,410.109375
bocpd_p0__page_wmax_causal,causal,cell=pb_omnimath_q8,241,759,0.15151515151515152,0.2450592885375494,0.6034255599472991,0.1,0.0995850622406639,13.354506074626954,0.19894598155467721,0.026350461133069828,0.05138339920948617,0.7496706192358367,3.1788079470198674,3.0,363.70198675496687
bocpd_p0__page_wmax_causal,causal,cell=pb_omnimath_q8,241,759,0.15151515151515152,0.2450592885375494,0.6034255599472991,0.2,0.1950207468879668,12.238723025414885,0.35177865612648224,0.06719367588932806,0.10276679841897234,0.5454545454545454,2.752808988764045,2.0,301.3520599250936
bocpd_p0__page_wmax_causal,causal,cell=pb_omnimath_q8,241,759,0.15151515151515152,0.2450592885375494,0.6034255599472991,0.3,0.2987551867219917,11.542848095974398,0.45718050065876153,0.10935441370223979,0.14624505928853754,0.3965744400527009,2.452449567723343,2.0,268.2593659942363
