locator,scale,scope,kl_first_error_vs_error_free,bhattacharyya,floor_steps_alpha_0.01,n_first_error,n_error_free,kl_post_error_vs_error_free,kl_ci95,floor_ci95
ct7,raw,macro8_all,0.32000858255835785,0.09075170206517914,14.39077086361669,4442,28654,0.03815177543140098,"[0.29860593245304606, 0.359410704121673]","[12.81311361397039, 15.422232733812903]"
ct7,raw,cell=pb_gsm8k_q4,0.4688830478310302,0.13116001672775301,9.821575352938845,207,1361,0.11344195250759058,,
ct7,raw,cell=pb_gsm8k_q8,0.3992904957549051,0.11050139162125415,11.533382925334804,207,1361,0.12657552092699711,,
ct7,raw,cell=pb_math_q4,0.2861910497356109,0.08218990053486379,16.09124460825187,594,3772,0.053382764926729095,,
ct7,raw,cell=pb_math_q8,0.2733762944964776,0.0759509670483312,16.845535910383877,594,3772,0.052450739353220775,,
ct7,raw,cell=pb_olympiadbench_q4,0.3410948076495223,0.09617187237200958,13.501144205982582,661,5161,0.04718079550276219,,
ct7,raw,cell=pb_olympiadbench_q8,0.3532393871959987,0.10174576614322986,13.036966864153412,661,5161,0.04790828460387998,,
ct7,raw,cell=pb_omnimath_q4,0.36635605780409236,0.10312745469391568,12.57020346160262,759,4033,0.04745986396973445,,
ct7,raw,cell=pb_omnimath_q8,0.3621829581559989,0.10383441492635206,12.715038303940739,759,4033,0.049185078210282535,,
ct7,raw,steps_2_to_5,0.2593951150250292,0.07156931069572715,17.753496188791896,1312,5760,0.11124596686503578,"[0.23184671573498558, 0.3451665860891834]","[13.341877144499202, 19.862995131887363]"
ct7,raw,steps_6_to_10,0.33928352140935353,0.09796192943086623,13.573220906393052,2308,14512,0.051795324014420045,"[0.311166948192597, 0.39480271455546384]","[11.664484605110623, 14.799676548994267]"
ct7,raw,steps_11_plus,0.4092717068526966,0.11420671873098225,11.252109805981693,822,8382,0.024434636914979938,"[0.36505922305038585, 0.520572080243118]","[8.846364145840058, 12.614857796244424]"
ct7,answer_z,macro8_all,0.3319728714576125,0.0913650860575186,13.872128062054903,4442,28654,0.03492596667707633,"[0.30888303145053914, 0.37276062584543895]","[12.354229139795398, 14.909107063479171]"
ct7,answer_z,cell=pb_gsm8k_q4,0.42220791786956535,0.12080167418465607,10.907351546663293,207,1361,0.10596193412722293,,
ct7,answer_z,cell=pb_gsm8k_q8,0.3803575336181817,0.10628001263963764,12.107477252208046,207,1361,0.1088886413065724,,
ct7,answer_z,cell=pb_math_q4,0.3070868687273657,0.08217126144188186,14.996310995233733,594,3772,0.04493226404362918,,
ct7,answer_z,cell=pb_math_q8,0.29520065942485724,0.07989106002987963,15.60013515877775,594,3772,0.04837153850078073,,
ct7,answer_z,cell=pb_olympiadbench_q4,0.3519292429214864,0.09780148514532237,13.085500220893781,661,5161,0.04562988946514747,,
ct7,answer_z,cell=pb_olympiadbench_q8,0.35859537080031434,0.09990974642438628,12.842246612694018,661,5161,0.048091460252348533,,
ct7,answer_z,cell=pb_omnimath_q4,0.37985253596313995,0.10486558560532538,12.12357362393644,759,4033,0.03688148255251867,,
ct7,answer_z,cell=pb_omnimath_q8,0.3819097738103534,0.10709417279220931,12.058267428041528,759,4033,0.04604720869565011,,
ct7,answer_z,steps_2_to_5,0.2623345275000901,0.0704751503942285,17.55457137065768,1312,5760,0.09860705961884217,"[0.23274440506805946, 0.3511397253011632]","[13.114922220886172, 19.78638405783134]"
ct7,answer_z,steps_6_to_10,0.3528884372489413,0.09945198536182077,13.049932216224542,2308,14512,0.04629481992011332,"[0.32325836079155074, 0.41199866768078597]","[11.177633684864606, 14.246097687037645]"
ct7,answer_z,steps_11_plus,0.4382384362449364,0.12202103820525911,10.50836669062549,822,8382,0.023028211831628363,"[0.3917897624487587, 0.5624806031534615]","[8.18725154284416, 11.754187136501281]"
token_lsml,raw,macro8_all,0.5089613367418664,0.1358240816307876,9.048172923051972,4442,28654,0.09986394248714081,"[0.4757450867211013, 0.5595383035165211]","[8.230303729067439, 9.679911184637849]"
token_lsml,raw,cell=pb_gsm8k_q4,0.7542870701223063,0.1816967592331999,6.10532828733412,207,1361,0.17870530512665192,,
token_lsml,raw,cell=pb_gsm8k_q8,0.6632224319624883,0.15221149567797315,6.943628508404491,207,1361,0.20081487099670342,,
token_lsml,raw,cell=pb_math_q4,0.4230116884649713,0.10858361097809262,10.886626331058075,594,3772,0.10780160690555443,,
token_lsml,raw,cell=pb_math_q8,0.439516030732324,0.11414386722958936,10.477820748232851,594,3772,0.12115575915768571,,
token_lsml,raw,cell=pb_olympiadbench_q4,0.5631791626689104,0.15564217275936137,8.177096191137744,661,5161,0.06774153423192864,,
token_lsml,raw,cell=pb_olympiadbench_q8,0.6060422415205027,0.16484925600451733,7.598761060671539,661,5161,0.07924199516285642,,
token_lsml,raw,cell=pb_omnimath_q4,0.584139404475199,0.16541642373025217,7.883683502100765,759,4033,0.11281938331998839,,
token_lsml,raw,cell=pb_omnimath_q8,0.5968513289470041,0.17060275931334057,7.715774368991974,759,4033,0.1395415918450406,,
token_lsml,raw,steps_2_to_5,0.4009357001469327,0.10886199731248362,11.486056702609456,1312,5760,0.06695863693615987,"[0.35675139756708235, 0.4979820346092288]","[9.247663300949828, 12.908625494934888]"
token_lsml,raw,steps_6_to_10,0.5235260007594963,0.14229588788641448,8.796449802506887,2308,14512,0.10342090405187548,"[0.4787279006518755, 0.5970815299446968]","[7.712799601110814, 9.619598481135759]"
token_lsml,raw,steps_11_plus,0.6121561277634238,0.16249162550682464,7.5228687211113305,822,8382,0.13922678390769114,"[0.5433124129955326, 0.7596161115670805]","[6.062496721518546, 8.476099709553218]"
token_lsml,answer_z,macro8_all,0.25963907075425763,0.06956172137252947,17.73681508183635,4442,28654,0.008626778243716146,"[0.23895985433486125, 0.2969446427824541]","[15.508514121811942, 19.271731642147454]"
token_lsml,answer_z,cell=pb_gsm8k_q4,0.3978125189205569,0.1063492865196699,11.57623243854662,207,1361,0.059588822110867114,,
token_lsml,answer_z,cell=pb_gsm8k_q8,0.44775820621005147,0.1181572655223739,10.284948711420652,207,1361,0.08728448837891264,,
token_lsml,answer_z,cell=pb_math_q4,0.2188008883747229,0.05782564222558956,21.04731027463281,594,3772,0.02752452701778188,,
token_lsml,answer_z,cell=pb_math_q8,0.19731817164483534,0.0518911097529652,23.33880426521086,594,3772,0.02001782836709156,,
token_lsml,answer_z,cell=pb_olympiadbench_q4,0.2820945453888553,0.0770356942311696,16.324917518841286,661,5161,0.025171691442891293,,
token_lsml,answer_z,cell=pb_olympiadbench_q8,0.30038869179550065,0.07984023926304362,15.330704223457289,661,5161,0.02584676384331655,,
token_lsml,answer_z,cell=pb_omnimath_q4,0.29755032509376167,0.08210430147861061,15.476945570591958,759,4033,0.02670293635262402,,
token_lsml,answer_z,cell=pb_omnimath_q8,0.30955902973142335,0.08306937903421731,14.876549361146356,759,4033,0.018226999702852794,,
token_lsml,answer_z,steps_2_to_5,0.20994380567547286,0.055834197098284195,21.93525153634052,1312,5760,0.04736873662952243,"[0.1858774887846433, 0.2875427365673958]","[16.01560255342672, 24.775298053028994]"
token_lsml,answer_z,steps_6_to_10,0.2878488115082251,0.07838451431015686,15.998572868370179,2308,14512,0.013354753343628234,"[0.2597527941125042, 0.3417824832857941]","[13.47397953726408, 17.729049659398466]"
token_lsml,answer_z,steps_11_plus,0.30448112283681195,0.08225353683731232,15.124649249458574,822,8382,0.006356441303952397,"[0.27158028428763414, 0.4125617456131967]","[11.16237808026374, 16.956938527653566]"
token_equal,raw,macro8_all,0.543817522480931,0.14208280050308572,8.468226924684231,4442,28654,0.1950685405499351,"[0.5078915359102135, 0.5948492228277684]","[7.741743637314063, 9.067231604352246]"
token_equal,raw,cell=pb_gsm8k_q4,0.6505190486600861,0.16604380359771126,7.079224191011228,207,1361,0.1490385346655107,,
token_equal,raw,cell=pb_gsm8k_q8,0.582157178395666,0.14437070652265563,7.910527185594823,207,1361,0.18034286794627719,,
token_equal,raw,cell=pb_math_q4,0.47443046294273333,0.11649858096670726,9.706733748553503,594,3772,0.17657757343225103,,
token_equal,raw,cell=pb_math_q8,0.5076855693919131,0.1291741085906824,9.070910153117003,594,3772,0.23130308933126253,,
token_equal,raw,cell=pb_olympiadbench_q4,0.5645209671777704,0.15199326237956437,8.157660129101814,661,5161,0.10815963077216251,,
token_equal,raw,cell=pb_olympiadbench_q8,0.6237219971052255,0.1725055264629808,7.383369846440053,661,5161,0.13544371863061605,,
token_equal,raw,cell=pb_omnimath_q4,0.6024536386267252,0.1668959154713196,7.644024188293455,759,4033,0.2286139610185497,,
token_equal,raw,cell=pb_omnimath_q8,0.6431559342765808,0.18014980132214437,7.160270069136451,759,4033,0.27840586838253806,,
token_equal,raw,steps_2_to_5,0.4025584147035319,0.10384878463293638,11.439756362761948,1312,5760,0.1229086294770514,"[0.3546839800531654, 0.5082771281929154]","[9.060352966030395, 12.98386858436008]"
token_equal,raw,steps_6_to_10,0.5645622219188627,0.14972649824844741,8.157064017382895,2308,14512,0.2167001254691115,"[0.5140322016005399, 0.644178225769325]","[7.14890693563611, 8.958913802771486]"
token_equal,raw,steps_11_plus,0.636253025190595,0.16577223503528343,7.2379540900549335,822,8382,0.24582905476703007,"[0.5638868237759171, 0.7829145373379611]","[5.8820854210300295, 8.16683417986397]"
token_equal,answer_z,macro8_all,0.2323843432134915,0.06088929613428318,19.81704155411762,4442,28654,0.008349645330933419,"[0.21288168839591975, 0.26694940380848436]","[17.25109747498049, 21.632533172244223]"
token_equal,answer_z,cell=pb_gsm8k_q4,0.34369194776020867,0.09576693267164857,13.399121556380148,207,1361,0.05675439010097848,,
token_equal,answer_z,cell=pb_gsm8k_q8,0.31908431194851916,0.08600960422477674,14.432455666234969,207,1361,0.07338103361649251,,
token_equal,answer_z,cell=pb_math_q4,0.1878784630227223,0.04959820781910434,24.511432081659812,594,3772,0.01924223597555699,,
token_equal,answer_z,cell=pb_math_q8,0.18270977581332237,0.04713106831382984,25.20483737385388,594,3772,0.0222975343132835,,
token_equal,answer_z,cell=pb_olympiadbench_q4,0.2542503410888383,0.06736487018019222,18.112739460903953,661,5161,0.01607599648944989,,
token_equal,answer_z,cell=pb_olympiadbench_q8,0.29522333656775673,0.07781066569675762,15.598936857524333,661,5161,0.016390094388118844,,
token_equal,answer_z,cell=pb_omnimath_q4,0.27471788113500795,0.07562501228098706,16.763270621343054,759,4033,0.025859854836406647,,
token_equal,answer_z,cell=pb_omnimath_q8,0.2995905485726069,0.0814099058821062,15.37154695943958,759,4033,0.03848792918577652,,
token_equal,answer_z,steps_2_to_5,0.17456896375345976,0.0455154671815874,26.380234418369355,1312,5760,0.027147893807200178,"[0.15604478140507314, 0.2453766859681363]","[18.767757693924118, 29.511850024856866]"
token_equal,answer_z,steps_6_to_10,0.26682815231396384,0.07041978734210094,17.258936682848255,2308,14512,0.01661870070547351,"[0.2376789836203743, 0.3226907865529181]","[14.271154857509046, 19.375588517929557]"
token_equal,answer_z,steps_11_plus,0.2748183642855033,0.07397208677991363,16.757141386679212,822,8382,0.00808353494988499,"[0.24772667563779988, 0.37587459967123893]","[12.251879190602486, 18.58972262123798]"
mindgap,raw,macro8_all,0.24340339453705626,0.06717947962808916,18.9199094562627,4442,28654,0.08210992015603182,"[0.22111217703989136, 0.2765724958998276]","[16.650861001218463, 20.82730244728793]"
mindgap,raw,cell=pb_gsm8k_q4,0.2965736172958022,0.08204719155844975,15.527915894807661,207,1361,0.1417051805278437,,
mindgap,raw,cell=pb_gsm8k_q8,0.20308483383978357,0.053820940376005065,22.676091064590153,207,1361,0.05188388348832357,,
mindgap,raw,cell=pb_math_q4,0.2567483505915221,0.06905267705810197,17.936513225414096,594,3772,0.10040241273532596,,
mindgap,raw,cell=pb_math_q8,0.2820345389966294,0.07949585214967322,16.328390850182814,594,3772,0.10363880733902156,,
mindgap,raw,cell=pb_olympiadbench_q4,0.23641569111979616,0.06733548737859292,19.47912240585828,661,5161,0.0651444797342824,,
mindgap,raw,cell=pb_olympiadbench_q8,0.2596800234876866,0.07357472470345112,17.73401790456345,661,5161,0.07418666305294505,,
mindgap,raw,cell=pb_omnimath_q4,0.2898303409699441,0.08663245676680036,15.889192865648445,759,4033,0.08442127656561756,,
mindgap,raw,cell=pb_omnimath_q8,0.3302447035450438,0.09493394833100711,13.944720798103484,759,4033,0.1116935333594944,,
mindgap,raw,steps_2_to_5,0.2077298856888753,0.05692010660188298,22.16903056927218,1312,5760,0.07927895098643724,"[0.18567313355577267, 0.27638268531291593]","[16.6622962678512, 24.802566196820212]"
mindgap,raw,steps_6_to_10,0.23803246180081594,0.06361016156210479,19.346815771042476,2308,14512,0.08747231748322287,"[0.21353961450909817, 0.2895897383800055]","[15.902394234512185, 21.565882267675825]"
mindgap,raw,steps_11_plus,0.33045205080471585,0.09608395285459495,13.935970966963573,822,8382,0.10322339444314886,"[0.30146077815290684, 0.4343435624716707]","[10.602597998188257, 15.276183569234531]"
mindgap,answer_z,macro8_all,0.07902915182616654,0.020958330288262248,58.271790593396204,4442,28654,0.004926543597871558,"[0.07002766473067017, 0.1016240658010783]","[45.315744353334345, 65.76215562377814]"
mindgap,answer_z,cell=pb_gsm8k_q4,0.17131248326882897,0.04825104029692007,26.881696523898455,207,1361,0.051487181334813406,,
mindgap,answer_z,cell=pb_gsm8k_q8,0.15331469216474938,0.04204587230616812,30.037370332645313,207,1361,0.047192956568643744,,
mindgap,answer_z,cell=pb_math_q4,0.11789047390437983,0.032670035116358846,39.06312387651707,594,3772,0.02067522596417442,,
mindgap,answer_z,cell=pb_math_q8,0.11173451081302421,0.02940523180585919,41.21528928241654,594,3772,0.014143423593738186,,
mindgap,answer_z,cell=pb_olympiadbench_q4,0.08727521361727725,0.023327126542031576,52.766071775921034,661,5161,0.014631247586327858,,
mindgap,answer_z,cell=pb_olympiadbench_q8,0.08102367330693715,0.022591285608159633,56.83734145874379,661,5161,0.016338344508185748,,
mindgap,answer_z,cell=pb_omnimath_q4,0.12636956310155048,0.033683104599821656,36.442083623311895,759,4033,0.016417700411015146,,
mindgap,answer_z,cell=pb_omnimath_q8,0.13619752345641056,0.03687052267749959,33.81243703349685,759,4033,0.02058605308772555,,
mindgap,answer_z,steps_2_to_5,0.0693246350631683,0.018398937515614472,66.42905774825762,1312,5760,0.013280128718547436,"[0.06721487636311431, 0.12045704811406682]","[38.23080723036833, 68.51415096130837]"
mindgap,answer_z,steps_6_to_10,0.08787525676431496,0.023349570336107548,52.40576648713923,2308,14512,0.007761212488505466,"[0.07861551187389706, 0.1227295227029268]","[37.522921010091, 58.57839090808184]"
mindgap,answer_z,steps_11_plus,0.1676767508458105,0.04595271872777268,27.46457193831744,822,8382,0.010514376982061075,"[0.15283441835557615, 0.25194343493917587]","[18.278587759589254, 30.131761127745165]"
q15_H1__top5,raw,macro8_all,0.08314741876248383,0.022064619324066566,55.38560612618738,4442,28654,0.11746059186697587,"[0.07222716694963854, 0.10942249779187857]","[42.0861365708094, 63.7595295576125]"
q15_H1__top5,raw,cell=pb_gsm8k_q4,0.1633149213198981,0.042762801652926605,28.198098182146953,207,1361,0.1874419560950134,,
q15_H1__top5,raw,cell=pb_gsm8k_q8,0.10640888720433217,0.028193302991556833,43.27805982168568,207,1361,0.19830471055059784,,
q15_H1__top5,raw,cell=pb_math_q4,0.1022158045219033,0.02702543984408651,45.053406442653134,594,3772,0.10646257149697716,,
q15_H1__top5,raw,cell=pb_math_q8,0.10874235468661382,0.02866988689997653,42.349369748887625,594,3772,0.11524286587924401,,
q15_H1__top5,raw,cell=pb_olympiadbench_q4,0.11783489604157102,0.03160603570711388,39.08154834170204,661,5161,0.11514614910878852,,
q15_H1__top5,raw,cell=pb_olympiadbench_q8,0.10107767510967353,0.0271666486639292,45.56070547716188,661,5161,0.12380705022423942,,
q15_H1__top5,raw,cell=pb_omnimath_q4,0.11748651950966793,0.03156911934769206,39.19743477981858,759,4033,0.1529055822409835,,
q15_H1__top5,raw,cell=pb_omnimath_q8,0.1270339216133329,0.03539329720107606,36.2514998159732,759,4033,0.15272706723516272,,
q15_H1__top5,raw,steps_2_to_5,0.06718936696115763,0.01764216834769719,68.54016333641533,1312,5760,0.15350163815470289,"[0.06465391827980983, 0.1209999338157659]","[38.05927855299416, 71.22801383912717]"
q15_H1__top5,raw,steps_6_to_10,0.061717805080828705,0.01608205801699886,74.61655805738607,2308,14512,0.11816136889257356,"[0.05671972704418934, 0.09783623026100859]","[47.07019243998228, 81.191684550955]"
q15_H1__top5,raw,steps_11_plus,0.12611718627266383,0.03224883368442503,36.515008953908705,822,8382,0.2017163595572814,"[0.12060500634916828, 0.217557920065991]","[21.167559354268615, 38.183905671838225]"
q15_H1__top5,answer_z,macro8_all,0.20119728511373255,0.0538685064105905,22.888828660808652,4442,28654,0.01130601553893397,"[0.18420124809198396, 0.23396700774169052]","[19.682989625068824, 25.00075452088372]"
q15_H1__top5,answer_z,cell=pb_gsm8k_q4,0.28463372452115865,0.07878787908657088,16.179285127703693,207,1361,0.05651375173284911,,
q15_H1__top5,answer_z,cell=pb_gsm8k_q8,0.2508961770666137,0.07088104009178937,18.354883840120866,207,1361,0.0938037421346867,,
q15_H1__top5,answer_z,cell=pb_math_q4,0.17784068849591217,0.04709174964800409,25.89491878903711,594,3772,0.02606119399145239,,
q15_H1__top5,answer_z,cell=pb_math_q8,0.16589996542193963,0.04359226812719462,27.758716973060174,594,3772,0.024927564047217743,,
q15_H1__top5,answer_z,cell=pb_olympiadbench_q4,0.25181906654862707,0.07023019024509493,18.287615187783324,661,5161,0.03316120231390875,,
q15_H1__top5,answer_z,cell=pb_olympiadbench_q8,0.26468506840119843,0.07249159553819737,17.398677657962065,661,5161,0.028280095682159594,,
q15_H1__top5,answer_z,cell=pb_omnimath_q4,0.24151363425667616,0.0679890888089004,19.067951174523767,759,4033,0.019173899701265172,,
q15_H1__top5,answer_z,cell=pb_omnimath_q8,0.2575749197394387,0.0719963631111777,17.878954172427406,759,4033,0.022824328122673657,,
q15_H1__top5,answer_z,steps_2_to_5,0.17702982925877767,0.04839237885487839,26.013526676661773,1312,5760,0.05224964476610697,"[0.16026121586713848, 0.24459294020066066]","[18.827894959723995, 28.735400271803258]"
q15_H1__top5,answer_z,steps_6_to_10,0.20353922786465406,0.05481448527216736,22.62546750472276,2308,14512,0.015865692035500086,"[0.18456893098821692, 0.2520095604894895]","[18.273791585697236, 24.950950093990038]"
q15_H1__top5,answer_z,steps_11_plus,0.2781050700414723,0.07550444216589325,16.559101872185746,822,8382,0.012894690897841695,"[0.24830303718266797, 0.38032451325449723]","[12.108528442147785, 18.546572117038693]"
q15_H1__top10,raw,macro8_all,0.08620958390303446,0.023244867898017267,53.41830893381677,4442,28654,0.10433887410872464,"[0.07572636356661451, 0.11129042551628619]","[41.37975180366413, 60.81330159128853]"
q15_H1__top10,raw,cell=pb_gsm8k_q4,0.15129218410379724,0.04201514312734808,30.438916678132006,207,1361,0.17471043222899937,,
q15_H1__top10,raw,cell=pb_gsm8k_q8,0.16413914002836918,0.04310143305976716,28.05650245999919,207,1361,0.1778664196811356,,
q15_H1__top10,raw,cell=pb_math_q4,0.11032623758177088,0.029174200635002513,41.741387061938575,594,3772,0.0953527377346631,,
q15_H1__top10,raw,cell=pb_math_q8,0.10162460540372197,0.027673970267620668,45.31550373743866,594,3772,0.10241220323071507,,
q15_H1__top10,raw,cell=pb_olympiadbench_q4,0.121277964552554,0.0321966146617385,37.97202734213526,661,5161,0.10526153967026802,,
q15_H1__top10,raw,cell=pb_olympiadbench_q8,0.10584312455977099,0.028564192121590438,43.50939378577672,661,5161,0.1173027375745212,,
q15_H1__top10,raw,cell=pb_omnimath_q4,0.12488111947130048,0.03458541507393013,36.87643260634309,759,4033,0.1394586071823039,,
q15_H1__top10,raw,cell=pb_omnimath_q8,0.13328862356317014,0.036537429072612176,34.55036193546961,759,4033,0.13984880550047568,,
q15_H1__top10,raw,steps_2_to_5,0.08393309836550214,0.023520961710328678,54.86715343134397,1312,5760,0.1363122356131254,"[0.08099483979746351, 0.14030926807323255]","[32.82156802061347, 56.857575093719866]"
q15_H1__top10,raw,steps_6_to_10,0.062121110327645265,0.016737006149399943,74.13212934699735,2308,14512,0.10327595181081042,"[0.05625043244925672, 0.09769691975689962]","[47.13731197920252, 81.86906278707096]"
q15_H1__top10,raw,steps_11_plus,0.1197203370373021,0.030794561337902298,38.46606432918099,822,8382,0.18440659093037198,"[0.11499731514392, 0.20728741760593838]","[22.216351764981237, 40.04589307345729]"
q15_H1__top10,answer_z,macro8_all,0.2341045604001613,0.06337014589181701,19.671424504146135,4442,28654,0.018718922025979332,"[0.21551349587340446, 0.2674898142835169]","[17.216245030949086, 21.368361026880798]"
q15_H1__top10,answer_z,cell=pb_gsm8k_q4,0.29536955816841015,0.08012434820263346,15.59121466187918,207,1361,0.08682860719361919,,
q15_H1__top10,answer_z,cell=pb_gsm8k_q8,0.2682117724283325,0.0751622819325131,17.169903260747496,207,1361,0.11084555221581405,,
q15_H1__top10,answer_z,cell=pb_math_q4,0.18567111161215152,0.04969665148182096,24.802836294791156,594,3772,0.03882922685309688,,
q15_H1__top10,answer_z,cell=pb_math_q8,0.1942101195496577,0.05305118957192249,23.7123080747118,594,3772,0.04191103879574501,,
q15_H1__top10,answer_z,cell=pb_olympiadbench_q4,0.2892203357719143,0.08040889162177343,15.922705343997087,661,5161,0.036951312417618794,,
q15_H1__top10,answer_z,cell=pb_olympiadbench_q8,0.3069377186971965,0.086845922426337,15.003598142107892,661,5161,0.03343810634225415,,
q15_H1__top10,answer_z,cell=pb_omnimath_q4,0.2751243712771396,0.0758004909933942,16.738503261672843,759,4033,0.032315933412006934,,
q15_H1__top10,answer_z,cell=pb_omnimath_q8,0.29303885848953676,0.0829390723004579,15.715220192043315,759,4033,0.025036281303288988,,
q15_H1__top10,answer_z,steps_2_to_5,0.19353082163634644,0.0522574907980677,23.795538855518448,1312,5760,0.06480199438613216,"[0.1743875050810165, 0.2610983684883326]","[17.63768273486503, 26.407684334084795]"
q15_H1__top10,answer_z,steps_6_to_10,0.24748066741779823,0.0683219629948935,18.60820173970849,2308,14512,0.02376577174253796,"[0.2253818455847941, 0.30234171561952]","[15.2316731303577, 20.432746808151926]"
q15_H1__top10,answer_z,steps_11_plus,0.29578899740953146,0.0815820870842657,15.569105769042698,822,8382,0.01596818138592039,"[0.26899369646337706, 0.3956315271427404]","[11.640048555398838, 17.119992946061753]"
q15_H1__max,raw,macro8_all,0.09958891450276305,0.026203634207631107,46.241795173501195,4442,28654,0.12097529058148941,"[0.08795995603875527, 0.1273491782122223]","[36.161758172587184, 52.35530340600725]"
q15_H1__max,raw,cell=pb_gsm8k_q4,0.12110995535753714,0.0324424917482301,38.02470385190753,207,1361,0.1863185038475355,,
q15_H1__max,raw,cell=pb_gsm8k_q8,0.1396004552749992,0.036345418962000234,32.98821753064027,207,1361,0.18605803970347146,,
q15_H1__max,raw,cell=pb_math_q4,0.10701133509394331,0.028555001699645637,43.03441483040368,594,3772,0.10959767068458112,,
q15_H1__max,raw,cell=pb_math_q8,0.11537226798954855,0.03106508521520837,39.91574635947409,594,3772,0.1187853987712662,,
q15_H1__max,raw,cell=pb_olympiadbench_q4,0.12127937881073067,0.03221644738085636,37.97158454426905,661,5161,0.10759859796657195,,
q15_H1__max,raw,cell=pb_olympiadbench_q8,0.11751413705925173,0.030174294974710712,39.1882228064707,661,5161,0.11395310311682741,,
q15_H1__max,raw,cell=pb_omnimath_q4,0.1389815950735671,0.037185505994017404,33.1351081670234,759,4033,0.16139293737960286,,
q15_H1__max,raw,cell=pb_omnimath_q8,0.13674892419903806,0.03678912708836769,33.67609809701513,759,4033,0.1654751687555439,,
q15_H1__max,raw,steps_2_to_5,0.08047889436182915,0.020855410344023682,57.22208564749254,1312,5760,0.15597043755228357,"[0.07423036035944901, 0.13794529277607134]","[33.384032853253885, 62.03890380820286]"
q15_H1__max,raw,steps_6_to_10,0.07394205218288066,0.019073543816123754,62.280800302893105,2308,14512,0.1290460942265737,"[0.06500579815104071, 0.11265618166947458]","[40.878095793263626, 70.84245278071961]"
q15_H1__max,raw,steps_11_plus,0.14321543039500287,0.03659730441481076,32.155544785129365,822,8382,0.20786184798697355,"[0.13154741363831293, 0.22763108445370583]","[20.23084938966085, 35.007683227052404]"
q15_H1__max,answer_z,macro8_all,0.11401341297303655,0.03060716973803434,40.391477335014834,4442,28654,0.009483779473564756,"[0.10216661294932895, 0.1393115755298735]","[33.056622670960856, 45.07509892955044]"
q15_H1__max,answer_z,cell=pb_gsm8k_q4,0.2314217178127906,0.06933562345693123,19.899472830434437,207,1361,0.07039282371439638,,
q15_H1__max,answer_z,cell=pb_gsm8k_q8,0.1831348563646107,0.051447874775706684,25.14633356754036,207,1361,0.07825383274573253,,
q15_H1__max,answer_z,cell=pb_math_q4,0.1252926788415759,0.03298879444444032,36.75530149539716,594,3772,0.024008340301463593,,
q15_H1__max,answer_z,cell=pb_math_q8,0.10476230647068471,0.027321442296336627,43.95827412674177,594,3772,0.026984102902620214,,
q15_H1__max,answer_z,cell=pb_olympiadbench_q4,0.1237526869557227,0.0327638547435899,37.212688461752506,661,5161,0.02155745461904329,,
q15_H1__max,answer_z,cell=pb_olympiadbench_q8,0.13836780839018706,0.03645831196467255,33.28209241416797,661,5161,0.01833619275717248,,
q15_H1__max,answer_z,cell=pb_omnimath_q4,0.15878382014327497,0.043676509796153375,29.00276729601745,759,4033,0.020456729719854638,,
q15_H1__max,answer_z,cell=pb_omnimath_q8,0.17639744550710734,0.048562304406810634,26.106785008984396,759,4033,0.02435031501851604,,
q15_H1__max,answer_z,steps_2_to_5,0.11080776029717068,0.028925674297996494,41.55999700415999,1312,5760,0.028735780333522525,"[0.09936990439558988, 0.1700368252101583]","[27.08336961888283, 46.343711549273394]"
q15_H1__max,answer_z,steps_6_to_10,0.11324962042046582,0.03004820692126926,40.66389069464706,2308,14512,0.00795663126852934,"[0.10243713311116365, 0.15252730063216985]","[30.1924322196836, 44.956062768670144]"
q15_H1__max,answer_z,steps_11_plus,0.1991578573075215,0.05695197369884873,23.12321616755098,822,8382,0.021863867410905277,"[0.1829635730479963, 0.2851186037460415]","[16.15177026501565, 25.169874578149123]"
q15_H1__mean,raw,macro8_all,0.06673795862209683,0.01790855714183162,69.00376159338094,4442,28654,0.09134700035316129,"[0.05745772251950927, 0.09155612177959234]","[50.29887785192944, 80.14884656147737]"
q15_H1__mean,raw,cell=pb_gsm8k_q4,0.1302116533903182,0.03464883332345872,35.36680524425709,207,1361,0.16674043564388738,,
q15_H1__mean,raw,cell=pb_gsm8k_q8,0.1469420494122844,0.037973596069255,31.34004326472323,207,1361,0.160061783830032,,
q15_H1__mean,raw,cell=pb_math_q4,0.09626732178358535,0.025857794347210514,47.83731489217896,594,3772,0.07572204005035604,,
q15_H1__mean,raw,cell=pb_math_q8,0.07338484290717422,0.020632443751710475,62.75369686098876,594,3772,0.07991280753202376,,
q15_H1__mean,raw,cell=pb_olympiadbench_q4,0.09837202062442092,0.025051249083636935,46.81382121416804,661,5161,0.08816765955930074,,
q15_H1__mean,raw,cell=pb_olympiadbench_q8,0.0800484569673702,0.020695603011561262,57.52978084093834,661,5161,0.09733577515842406,,
q15_H1__mean,raw,cell=pb_omnimath_q4,0.11127900344061271,0.030775548231308143,41.38399916967063,759,4033,0.1284220900023398,,
q15_H1__mean,raw,cell=pb_omnimath_q8,0.09229309503658303,0.0260217107564589,49.897234285649425,759,4033,0.1229891341250266,,
q15_H1__mean,raw,steps_2_to_5,0.07374001862593546,0.019813424180811015,62.45143779185845,1312,5760,0.11948855305416274,"[0.07115742891150784, 0.1298178700474224]","[35.474085226524096, 64.71805202117592]"
q15_H1__mean,raw,steps_6_to_10,0.038979697718647344,0.010347636962750203,118.14278856721464,2308,14512,0.09605496171639155,"[0.03687592901035061, 0.07275948655016333]","[63.293055027444446, 124.88282490986134]"
q15_H1__mean,raw,steps_11_plus,0.11341843456366855,0.029355951381555553,40.60336579061964,822,8382,0.15593029012913695,"[0.1083922321477447, 0.20107742448280214]","[22.902472506961942, 42.48616431951495]"
q15_H1__mean,answer_z,macro8_all,0.09413991827208958,0.02461655915434479,48.91835759489313,4442,28654,0.003953391782304371,"[0.08513627391230187, 0.11958170753998981]","[38.51065753052621, 54.09175166312584]"
q15_H1__mean,answer_z,cell=pb_gsm8k_q4,0.17804072443307487,0.05145304062450887,25.865824803016714,207,1361,0.09553445559726649,,
q15_H1__mean,answer_z,cell=pb_gsm8k_q8,0.15830179167287642,0.04469083778886273,29.09108063353111,207,1361,0.1229056042063017,,
q15_H1__mean,answer_z,cell=pb_math_q4,0.08144604555250093,0.021762601155081742,56.54258785369209,594,3772,0.018303185017903126,,
q15_H1__mean,answer_z,cell=pb_math_q8,0.07641875507022688,0.019975592416939046,60.26230317094355,594,3772,0.014317711237415261,,
q15_H1__mean,answer_z,cell=pb_olympiadbench_q4,0.15154969474632957,0.0398154264037155,30.38719539288037,661,5161,0.016787258844226948,,
q15_H1__mean,answer_z,cell=pb_olympiadbench_q8,0.16595645025110883,0.04303249784155925,27.749269034255704,661,5161,0.015970052239099412,,
q15_H1__mean,answer_z,cell=pb_omnimath_q4,0.12859524248213275,0.03487382534600048,35.81135738072069,759,4033,0.014911872089253141,,
q15_H1__mean,answer_z,cell=pb_omnimath_q8,0.13165142697033433,0.03421731152456677,34.98002484261563,759,4033,0.01663516700752482,,
q15_H1__mean,answer_z,steps_2_to_5,0.08065778994603691,0.021123315783407724,57.09516946929892,1312,5760,0.01937457592210718,"[0.07576895127250578, 0.1372683348391034]","[33.54867086707185, 60.77912005704593]"
q15_H1__mean,answer_z,steps_6_to_10,0.09598022454710874,0.025701382844683488,47.98040646099755,2308,14512,0.006168942187055859,"[0.08643943148163932, 0.13438679339985424]","[34.26802641451438, 53.27626647991409]"
q15_H1__mean,answer_z,steps_11_plus,0.17601267783776886,0.04796072772667035,26.16385502771956,822,8382,0.013279472671893798,"[0.16713582238044136, 0.26586324625661495]","[17.321575098587026, 27.553459936946467]"
q15_H1__log_top5,raw,macro8_all,0.08876384005080346,0.023823350819000905,51.88115096589276,4442,28654,0.10605277767719173,"[0.07835226511548553, 0.114935705116186]","[40.06735923647769, 58.77520170221507]"
q15_H1__log_top5,raw,cell=pb_gsm8k_q4,0.130874630498773,0.03391089251434406,35.18764613460565,207,1361,0.18273395588963334,,
q15_H1__log_top5,raw,cell=pb_gsm8k_q8,0.182122664457659,0.04792467713681236,25.28609055716253,207,1361,0.11205822403186833,,
q15_H1__log_top5,raw,cell=pb_math_q4,0.0950417871015542,0.025124520886622558,48.45416238930112,594,3772,0.10054167403484951,,
q15_H1__log_top5,raw,cell=pb_math_q8,0.10107159491824257,0.028430113532060486,45.56344628491558,594,3772,0.10048851586363217,,
q15_H1__log_top5,raw,cell=pb_olympiadbench_q4,0.1345056949298136,0.03543055875702498,34.23773386242951,661,5161,0.1137153352150019,,
q15_H1__log_top5,raw,cell=pb_olympiadbench_q8,0.11249191198779541,0.029449872145569288,40.937789256242,661,5161,0.11908643054830437,,
q15_H1__log_top5,raw,cell=pb_omnimath_q4,0.13144880829888309,0.03573029759346525,35.03394397853375,759,4033,0.14589867326315148,,
q15_H1__log_top5,raw,cell=pb_omnimath_q8,0.13104029823964564,0.034611506317590496,35.14316014121234,759,4033,0.13989111094718903,,
q15_H1__log_top5,raw,steps_2_to_5,0.06076039781788545,0.016212565940056052,75.79229813127577,1312,5760,0.13004703851914415,"[0.05943264297039752, 0.11577243300973063]","[39.77777840775817, 77.48553582383768]"
q15_H1__log_top5,raw,steps_6_to_10,0.06855368667802031,0.01801108387172405,67.17611275404393,2308,14512,0.10774060921164096,"[0.062463155269251565, 0.10624579546789133]","[43.34449345225926, 73.7261857192004]"
q15_H1__log_top5,raw,steps_11_plus,0.128352076816308,0.033179746852048275,35.879202738408466,822,8382,0.1902120936956022,"[0.11939760241336164, 0.2167174302549598]","[21.24965297239952, 38.57003903683691]"
q15_H1__log_top5,answer_z,macro8_all,0.16822881829510206,0.044012686712732715,27.374442932303296,4442,28654,0.009421632274300939,"[0.14961296757550882, 0.19932541771663886]","[23.10377792627935, 30.78055505893156]"
q15_H1__log_top5,answer_z,cell=pb_gsm8k_q4,0.22999595587124352,0.06394570654513211,20.02283113432725,207,1361,0.07064146107494786,,
q15_H1__log_top5,answer_z,cell=pb_gsm8k_q8,0.23887303400742227,0.06599015355336404,19.27873610817452,207,1361,0.07564580214375674,,
q15_H1__log_top5,answer_z,cell=pb_math_q4,0.15502941973882123,0.038890332874172116,29.705137216835638,594,3772,0.02726792569801176,,
q15_H1__log_top5,answer_z,cell=pb_math_q8,0.17706666304520194,0.047776273777061326,26.008115287136093,594,3772,0.02102919584495152,,
q15_H1__log_top5,answer_z,cell=pb_olympiadbench_q4,0.21393333382165816,0.05675740063536237,21.526192780350502,661,5161,0.029307710930010104,,
q15_H1__log_top5,answer_z,cell=pb_olympiadbench_q8,0.21278492210679428,0.05637413110882273,21.64237080518708,661,5161,0.0269529012442156,,
q15_H1__log_top5,answer_z,cell=pb_omnimath_q4,0.2243508659754243,0.06059393698657855,20.526643237885022,759,4033,0.02108254198509148,,
q15_H1__log_top5,answer_z,cell=pb_omnimath_q8,0.2037401218755941,0.055652745187364405,22.60315809961112,759,4033,0.013440178343763206,,
q15_H1__log_top5,answer_z,steps_2_to_5,0.14508441235021913,0.03889173609083554,31.741316047596317,1312,5760,0.0492589657688708,"[0.13171825169150456, 0.2061143467263628]","[22.3427930133457, 34.96227839991223]"
q15_H1__log_top5,answer_z,steps_6_to_10,0.17285270898616634,0.045555436803864424,26.642163799449914,2308,14512,0.010043916922871047,"[0.15315061987279352, 0.22133592668037594]","[20.806248018823755, 30.069549766191827]"
q15_H1__log_top5,answer_z,steps_11_plus,0.2338947088555629,0.06286926051810987,19.6890738081293,822,8382,0.010703895897926335,"[0.20773128130864105, 0.32643890090508865]","[14.107295954065947, 22.1688816290786]"
q15_H1__cusum_top5,raw,macro8_all,0.0526097288845023,0.01404438450055192,87.53457361656689,4442,28654,0.03240880098753578,"[0.045584885567038824, 0.07657890820054566]","[60.13627373647092, 101.02405937195033]"
q15_H1__cusum_top5,raw,cell=pb_gsm8k_q4,0.17950992044156924,0.048426561946178184,25.654126382876324,207,1361,0.08768930994759055,,
q15_H1__cusum_top5,raw,cell=pb_gsm8k_q8,0.13299225646399968,0.03417743042764533,34.62735582078561,207,1361,0.10273864312061075,,
q15_H1__cusum_top5,raw,cell=pb_math_q4,0.07775120849506892,0.020528105966154044,59.2295640816973,594,3772,0.03663564212205145,,
q15_H1__cusum_top5,raw,cell=pb_math_q8,0.06998368765780087,0.018864324566671992,65.80347992672215,594,3772,0.04035361592010263,,
q15_H1__cusum_top5,raw,cell=pb_olympiadbench_q4,0.0735618663601962,0.019547447297043635,62.60268280088006,661,5161,0.05154583301401271,,
q15_H1__cusum_top5,raw,cell=pb_olympiadbench_q8,0.07114547160344854,0.018429455522617134,64.72892908288588,661,5161,0.046631309035380764,,
q15_H1__cusum_top5,raw,cell=pb_omnimath_q4,0.11278462082764942,0.03056370054650669,40.83154380618464,759,4033,0.07729347022671948,,
q15_H1__cusum_top5,raw,cell=pb_omnimath_q8,0.10791764862449085,0.028646374365202308,42.67300339365431,759,4033,0.08054286402557741,,
q15_H1__cusum_top5,raw,steps_2_to_5,0.056631616372275664,0.01514971786317459,81.31800716609212,1312,5760,0.05291006332713379,"[0.05708216580101076, 0.10951869164487875]","[42.04917093897219, 80.67616428643896]"
q15_H1__cusum_top5,raw,steps_6_to_10,0.05862677817887313,0.01598309920081762,78.5506270178705,2308,14512,0.03108048660947063,"[0.055596680214004025, 0.09389534873299604]","[49.04577540985026, 82.83174765582702]"
q15_H1__cusum_top5,raw,steps_11_plus,0.06665153315377062,0.017413761623680107,69.09323714075086,822,8382,0.10294769184054364,"[0.07044569158983424, 0.1451676334394165]","[31.72311951968267, 65.37192100833384]"
q15_H1__cusum_top5,answer_z,macro8_all,0.08485392352324195,0.02217562392260361,54.27174130288402,4442,28654,0.01754514591682619,"[0.0748047691189765, 0.11116526175311464]","[41.426342306606976, 61.56252121657642]"
q15_H1__cusum_top5,answer_z,cell=pb_gsm8k_q4,0.18556486065273098,0.05461419451573871,24.817037933740483,207,1361,0.0815425003484003,,
q15_H1__cusum_top5,answer_z,cell=pb_gsm8k_q8,0.20363659245128077,0.05740293599588904,22.61464960964646,207,1361,0.09385782376913895,,
q15_H1__cusum_top5,answer_z,cell=pb_math_q4,0.07787800460901184,0.020140712966850948,59.133130196497014,594,3772,0.03066628109815646,,
q15_H1__cusum_top5,answer_z,cell=pb_math_q8,0.08480801984533487,0.021483463917958107,54.301116738565305,594,3772,0.02526758428425639,,
q15_H1__cusum_top5,answer_z,cell=pb_olympiadbench_q4,0.10666984792254966,0.02786090072793894,43.17218291463012,661,5161,0.03633802761170371,,
q15_H1__cusum_top5,answer_z,cell=pb_olympiadbench_q8,0.1178368703462265,0.031504563433877156,39.08089354764133,661,5161,0.027111527063177213,,
q15_H1__cusum_top5,answer_z,cell=pb_omnimath_q4,0.11578243592810397,0.03071625045966384,39.77434184272742,759,4033,0.02825874382833155,,
q15_H1__cusum_top5,answer_z,cell=pb_omnimath_q8,0.11734956614539416,0.031395323120188126,39.24318033082766,759,4033,0.027516757735418285,,
q15_H1__cusum_top5,answer_z,steps_2_to_5,0.13203856590653093,0.03547807052765524,34.877462916766724,1312,5760,0.03616610271562917,"[0.11992419217746887, 0.20004323032143137]","[23.020874930826004, 38.400677147553075]"
q15_H1__cusum_top5,answer_z,steps_6_to_10,0.0929270194440727,0.024830696327262224,49.55684808937268,2308,14512,0.023308523783046133,"[0.08298056307923692, 0.13393978793923814]","[34.382391198627474, 55.49697441304035]"
q15_H1__cusum_top5,answer_z,steps_11_plus,0.08755497689065544,0.02267194855720251,52.59746903639,822,8382,0.02067509226918295,"[0.08978708310463089, 0.16283231017660132]","[28.281673219482737, 51.289896349807734]"
q15_H1__onset80,raw,macro8_all,0.058177571814740314,0.014281725029501393,79.15713981072841,4442,28654,0.21137299024502887,"[0.04659529418285453, 0.07787147969650499]","[59.13808500796705, 98.83337505963502]"
q15_H1__onset80,raw,cell=pb_gsm8k_q4,0.1822740790128128,0.044538314669877094,25.265085474190627,207,1361,0.2233476578549079,,
q15_H1__onset80,raw,cell=pb_gsm8k_q8,0.14981520886802632,0.03495711761114142,30.739003207910827,207,1361,0.18586633158657193,,
q15_H1__onset80,raw,cell=pb_math_q4,0.10033963732673423,0.024572243503789244,45.89582251520758,594,3772,0.16530163783920715,,
q15_H1__onset80,raw,cell=pb_math_q8,0.10715699155973761,0.025572294008408977,42.97591896671356,594,3772,0.16880873080330075,,
q15_H1__onset80,raw,cell=pb_olympiadbench_q4,0.05336310893166743,0.012509167426761971,86.298761038925,661,5161,0.19912743607119662,,
q15_H1__onset80,raw,cell=pb_olympiadbench_q8,0.036800599818990844,0.009072198592919245,125.13845449909235,661,5161,0.2215191113174908,,
q15_H1__onset80,raw,cell=pb_omnimath_q4,0.06878412999959288,0.01747303477180965,66.95105667565105,759,4033,0.27925919179441944,,
q15_H1__onset80,raw,cell=pb_omnimath_q8,0.04947354091495357,0.012598512495727921,93.08349677061747,759,4033,0.2767548778393326,,
q15_H1__onset80,raw,steps_2_to_5,0.09133415771408798,0.02274232175246746,50.421116275075256,1312,5760,0.25449109896172717,"[0.07335397103685345, 0.14690143952283213]","[31.348707003462234, 62.780107482857716]"
q15_H1__onset80,raw,steps_6_to_10,0.028745775535738077,0.007031910779424897,160.2033725012126,2308,14512,0.23414655688486982,"[0.02193146765996426, 0.05075793661900328]","[90.72808102021942, 209.98002766567225]"
q15_H1__onset80,raw,steps_11_plus,0.08387011676984218,0.02013045118022203,54.908355482867385,822,8382,0.15496605918829517,"[0.06085424740078206, 0.14575792902199217]","[31.594646115569173, 75.67541104663977]"
q15_H1__onset80,answer_z,macro8_all,0.0008776160507198011,0.00020746543333931335,5247.363220181575,4442,28654,0.00107198513687064,"[7.472995330519335e-05, 0.0034269480125865403]","[1343.810927120622, 61624.15446963829]"
q15_H1__onset80,answer_z,cell=pb_gsm8k_q4,0.007299133686734486,0.001584747770268188,630.9201041703855,207,1361,0.0017024689377156278,,
q15_H1__onset80,answer_z,cell=pb_gsm8k_q8,0.05706583773685667,0.01104742352816883,80.69924789720184,207,1361,0.02727944433244854,,
q15_H1__onset80,answer_z,cell=pb_math_q4,0.021347385847452268,0.004693606388106716,215.72525174260164,594,3772,0.009323232921201213,,
q15_H1__onset80,answer_z,cell=pb_math_q8,0.011866146480813407,0.002725972086796186,388.0931516760118,594,3772,0.006708863653389109,,
q15_H1__onset80,answer_z,cell=pb_olympiadbench_q4,2.1975783580732234e-05,5.441003263678438e-06,209556.5861881612,661,5161,0.000120268818030911,,
q15_H1__onset80,answer_z,cell=pb_olympiadbench_q8,2.6527414400168733e-06,6.652592766839513e-07,1736004.164038995,661,5161,7.551188084366201e-05,,
q15_H1__onset80,answer_z,cell=pb_omnimath_q4,6.293475470022674e-05,1.5437617542912685e-05,73173.72106912336,759,4033,0.0002569723419161172,,
q15_H1__onset80,answer_z,cell=pb_omnimath_q8,6.8985308933867885e-06,1.7334895037463414e-06,667558.1014506719,759,4033,0.00021675758018165764,,
q15_H1__onset80,answer_z,steps_2_to_5,0.013351950766112345,0.0029833323850688804,344.90616889302447,1312,5760,0.03781734360114807,"[0.005042821558726788, 0.034140292959671206]","[134.88959193841794, 913.2129964064811]"
q15_H1__onset80,answer_z,steps_6_to_10,0.0006615695358279609,0.000174534203905891,6960.976793202359,2308,14512,0.00020104622014412632,"[3.5505411490539706e-06, 0.0036111537688962303]","[1275.2628330738983, 1297033.323276685]"
q15_H1__onset80,answer_z,steps_11_plus,2.626747638096328e-05,6.45912927780854e-06,175318.33356193965,822,8382,0.005129934446361943,"[9.164653050670211e-07, 0.005113908286081813]","[900.5187282145204, 5024925.8324638]"
q15_H1__top30,raw,macro8_all,0.10036421130056863,0.02733047535901857,45.884585016033505,4442,28654,0.07541018276872043,"[0.08935428073590874, 0.12676444494137812]","[36.32856348732281, 51.53832752119524]"
q15_H1__top30,raw,cell=pb_gsm8k_q4,0.1831149777757337,0.04757804910427466,25.14906340227493,207,1361,0.1654358831507197,,
q15_H1__top30,raw,cell=pb_gsm8k_q8,0.19827022355941354,0.05611721944360781,23.22673623560075,207,1361,0.1393409024074593,,
q15_H1__top30,raw,cell=pb_math_q4,0.11268632495941298,0.030183426570803733,40.8671610121882,594,3772,0.07737369655517165,,
q15_H1__top30,raw,cell=pb_math_q8,0.11474261665416927,0.031335849134558225,40.1347844442831,594,3772,0.08518693118963351,,
q15_H1__top30,raw,cell=pb_olympiadbench_q4,0.12699932503636724,0.03396733944666541,36.26137528423372,661,5161,0.08560815625291102,,
q15_H1__top30,raw,cell=pb_olympiadbench_q8,0.12624468368121294,0.03356872745547214,36.478131606847285,661,5161,0.0907210671715523,,
q15_H1__top30,raw,cell=pb_omnimath_q4,0.1454007000927234,0.04001539327697492,31.672269686812587,759,4033,0.1162765847587623,,
q15_H1__top30,raw,cell=pb_omnimath_q8,0.14680382947366416,0.0403984801558855,31.36955079781645,759,4033,0.10854887184251574,,
q15_H1__top30,raw,steps_2_to_5,0.11335159948042361,0.031084263712065612,40.62730660261594,1312,5760,0.10667241545871375,"[0.10595404675026082, 0.1751874300308247]","[26.287103961612996, 43.46384425356321]"
q15_H1__top30,raw,steps_6_to_10,0.08611343098675311,0.023716041500635353,53.477954985866354,2308,14512,0.0693232133158164,"[0.07834597943422368, 0.12438447040289372]","[37.023674829112394, 58.779917224143176]"
q15_H1__top30,raw,steps_11_plus,0.10766264562662013,0.028329689014060213,42.774075996228724,822,8382,0.14555001991303446,"[0.10641516449134532, 0.19335598332541723]","[23.817055499325363, 43.275506907313265]"
q15_H1__top30,answer_z,macro8_all,0.27978366213894257,0.07583540991154153,16.459753763967573,4442,28654,0.024189047590004356,"[0.2589806729867395, 0.31748328166214196]","[14.50523681712728, 17.781906784310074]"
q15_H1__top30,answer_z,cell=pb_gsm8k_q4,0.29664764924248127,0.0853678226913684,15.524040718838808,207,1361,0.0939701309302963,,
q15_H1__top30,answer_z,cell=pb_gsm8k_q8,0.2686986902367121,0.07518776608443316,17.13878910958268,207,1361,0.09842311735213091,,
q15_H1__top30,answer_z,cell=pb_math_q4,0.23390723972250108,0.06352434121667068,19.68801902605279,594,3772,0.03183878120574114,,
q15_H1__top30,answer_z,cell=pb_math_q8,0.21047864414624975,0.05713628853827206,21.879512786999037,594,3772,0.034075547722357026,,
q15_H1__top30,answer_z,cell=pb_olympiadbench_q4,0.32003114338519506,0.08841984112794327,14.389756375820053,661,5161,0.03957629748193186,,
q15_H1__top30,answer_z,cell=pb_olympiadbench_q8,0.32835638353377916,0.0905676207139583,14.024914443347017,661,5161,0.04137805326953226,,
q15_H1__top30,answer_z,cell=pb_omnimath_q4,0.34168570401540804,0.09477191318717756,13.477795915571654,759,4033,0.033502166408798696,,
q15_H1__top30,answer_z,cell=pb_omnimath_q8,0.35425112717727214,0.09964550453281444,12.999733332347596,759,4033,0.03766781618408159,,
q15_H1__top30,answer_z,steps_2_to_5,0.2294714454309844,0.062311910451018304,20.06859797888508,1312,5760,0.0698639670788725,"[0.20724167830177478, 0.3069596669004018]","[15.00252535614823, 22.221255028065723]"
q15_H1__top30,answer_z,steps_6_to_10,0.29021154703824537,0.07980736048656292,15.868321688045038,2308,14512,0.03297724676592975,"[0.26461163083598643, 0.3492839381316433]","[13.184603364877393, 17.403506306351677]"
q15_H1__top30,answer_z,steps_11_plus,0.33030204732919866,0.08883853461731649,13.942299853195598,822,8382,0.02411788793084861,"[0.29310984374767546, 0.4404235092451368]","[10.45623153469059, 15.71141428451126]"
q15_H1__std,raw,macro8_all,0.1210868050913222,0.03221346877192661,38.03197369453202,4442,28654,0.12376675688386121,"[0.1070920102586515, 0.15199523875145288]","[30.298121334699193, 43.001995899279144]"
q15_H1__std,raw,cell=pb_gsm8k_q4,0.20739100419967274,0.05472538736689546,22.20525525569232,207,1361,0.1686070529779165,,
q15_H1__std,raw,cell=pb_gsm8k_q8,0.17802422823599315,0.04569757884444849,25.86822159893522,207,1361,0.17163349975479977,,
q15_H1__std,raw,cell=pb_math_q4,0.13527382338662985,0.03499885189969521,34.04332095224312,594,3772,0.11542098151977073,,
q15_H1__std,raw,cell=pb_math_q8,0.131730144141116,0.034801385261742465,34.959122044646065,594,3772,0.11289701776418995,,
q15_H1__std,raw,cell=pb_olympiadbench_q4,0.1358788803814532,0.034601253754526475,33.89172896523715,661,5161,0.11189851463991693,,
q15_H1__std,raw,cell=pb_olympiadbench_q8,0.14164101919842492,0.03635767827849969,32.51296984482093,661,5161,0.1148560311116719,,
q15_H1__std,raw,cell=pb_omnimath_q4,0.16118493497999414,0.04508449595069446,28.57072335302101,759,4033,0.16260166868624681,,
q15_H1__std,raw,cell=pb_omnimath_q8,0.1537532106099434,0.04214348079397289,29.951700961035215,759,4033,0.16404983946006685,,
q15_H1__std,raw,steps_2_to_5,0.10604008318435401,0.028169378089224126,43.428579530457924,1312,5760,0.14819206421044084,"[0.09510587762544538, 0.1673466745669348]","[27.518743338674053, 48.42150980536231]"
q15_H1__std,raw,steps_6_to_10,0.09391112966880086,0.02462427829172353,49.0375337005239,2308,14512,0.13498070832019915,"[0.0839586459195388, 0.13483452865446022]","[34.15423506088517, 54.8504580505196]"
q15_H1__std,raw,steps_11_plus,0.14270399639486106,0.03737020203781464,32.270786399321395,822,8382,0.21001088262422313,"[0.13083135846946584, 0.2344293232581051]","[19.644173015497003, 35.19928432955064]"
q15_H1__std,answer_z,macro8_all,0.08888694533887986,0.023780287842748073,51.80929739942085,4442,28654,0.0043777519835500244,"[0.07946039835708972, 0.11243981973738744]","[40.95675532692822, 57.95553862306057]"
q15_H1__std,answer_z,cell=pb_gsm8k_q4,0.18067594028171863,0.050547001893587046,25.488563550893875,207,1361,0.06514846823447121,,
q15_H1__std,answer_z,cell=pb_gsm8k_q8,0.18225625825625008,0.04962488832580143,25.267555858154832,207,1361,0.07049408846653198,,
q15_H1__std,answer_z,cell=pb_math_q4,0.07587786493437852,0.019820290551949764,60.6918788499226,594,3772,0.026912030315437863,,
q15_H1__std,answer_z,cell=pb_math_q8,0.07230683735115723,0.019419843774262313,63.68927690230928,594,3772,0.015444857629351428,,
q15_H1__std,answer_z,cell=pb_olympiadbench_q4,0.13247893781888687,0.035157643095075644,34.761527091075116,661,5161,0.0136849768271503,,
q15_H1__std,answer_z,cell=pb_olympiadbench_q8,0.16091506567100672,0.043367129048000407,28.618639073879084,661,5161,0.010268876616109037,,
q15_H1__std,answer_z,cell=pb_omnimath_q4,0.12271320539022443,0.03416623682238862,37.527910475028214,759,4033,0.015980320188809304,,
q15_H1__std,answer_z,cell=pb_omnimath_q8,0.14321227984842386,0.038137708387940186,32.15625217936767,759,4033,0.020541394575265055,,
q15_H1__std,answer_z,steps_2_to_5,0.08273838337277348,0.02227772160727001,55.659417047584036,1312,5760,0.023194237370213505,"[0.077392873697873, 0.1370307776193576]","[33.606831005369294, 59.503801396053554]"
q15_H1__std,answer_z,steps_6_to_10,0.09385412091158532,0.025169056427233202,49.06732002025104,2308,14512,0.0076011757518959075,"[0.0841729990877161, 0.13077854759707846]","[35.2134984720611, 54.7107770413298]"
q15_H1__std,answer_z,steps_11_plus,0.16091412997948645,0.04362808472662061,28.618805486971002,822,8382,0.012041997670535645,"[0.149111243103357, 0.24099791372314563]","[19.108755403079687, 30.884124430483094]"
q15_H1__iqr,raw,macro8_all,0.18601196915647863,0.05224900092596815,24.757386349230515,4442,28654,0.03421114505241176,"[0.17093363604614484, 0.21868452638780866]","[21.058509543658428, 26.941275529556343]"
q15_H1__iqr,raw,cell=pb_gsm8k_q4,0.25372801905358755,0.07351928030229027,18.15002617040681,207,1361,0.11685114278775749,,
q15_H1__iqr,raw,cell=pb_gsm8k_q8,0.2564161078472149,0.07150042504177971,17.959753872920004,207,1361,0.14563289316167952,,
q15_H1__iqr,raw,cell=pb_math_q4,0.17804322028393726,0.04880778066764137,25.865462209928147,594,3772,0.025858596878048708,,
q15_H1__iqr,raw,cell=pb_math_q8,0.17942174275000006,0.05021846973414255,25.666734228553192,594,3772,0.029644200485843406,,
q15_H1__iqr,raw,cell=pb_olympiadbench_q4,0.20526883494832004,0.05687009182124726,22.434824006028595,661,5161,0.03282084239214643,,
q15_H1__iqr,raw,cell=pb_olympiadbench_q8,0.22146259451992334,0.06274558690329861,20.794347668377014,661,5161,0.0365413933896233,,
q15_H1__iqr,raw,cell=pb_omnimath_q4,0.23802664598505874,0.06684935485382833,19.3472884807912,759,4033,0.07714495104416944,,
q15_H1__iqr,raw,cell=pb_omnimath_q8,0.20941083092208818,0.060259461152121184,21.991079285204005,759,4033,0.06534579865416026,,
q15_H1__iqr,raw,steps_2_to_5,0.15310515789220683,0.0417678362159695,30.078478409135936,1312,5760,0.04462001101403465,"[0.14228779101062594, 0.2182011837959687]","[21.105156745135737, 32.36518153299731]"
q15_H1__iqr,raw,steps_6_to_10,0.147393127207539,0.04033011939645876,31.244131074739435,2308,14512,0.03598768691588492,"[0.13346381312175615, 0.1921828324413195]","[23.962443093839923, 34.505009847027935]"
q15_H1__iqr,raw,steps_11_plus,0.2539824246583567,0.07362895223743009,18.13184590304906,822,8382,0.09546817246196837,"[0.22920189959891654, 0.34871455504913484]","[13.206131259245002, 20.0921990352032]"
q15_H1__iqr,answer_z,macro8_all,0.12372141733606647,0.03178048548640116,37.22209367743496,4442,28654,0.01964590219964917,"[0.11209075853311108, 0.15216348925445744]","[30.26462003829995, 41.084298529639675]"
q15_H1__iqr,answer_z,cell=pb_gsm8k_q4,0.15076534861742308,0.038331848717152645,30.545282641000036,207,1361,0.06853740041197592,,
q15_H1__iqr,answer_z,cell=pb_gsm8k_q8,0.26169122183599935,0.06848463712909254,17.59772511159786,207,1361,0.093320649395923,,
q15_H1__iqr,answer_z,cell=pb_math_q4,0.1271732966743022,0.03242622155767718,36.211770131132056,594,3772,0.03554174961942295,,
q15_H1__iqr,answer_z,cell=pb_math_q8,0.11410715601937274,0.02883407341073194,40.35829431421673,594,3772,0.0361560233975282,,
q15_H1__iqr,answer_z,cell=pb_olympiadbench_q4,0.19209052828025625,0.04997334594493537,23.973957629338393,661,5161,0.028098917438906815,,
q15_H1__iqr,answer_z,cell=pb_olympiadbench_q8,0.20053806687818576,0.05264702380429567,22.964069902924926,661,5161,0.03293104539199447,,
q15_H1__iqr,answer_z,cell=pb_omnimath_q4,0.1574115173839299,0.04107404379450923,29.255611422358555,759,4033,0.04788642177689934,,
q15_H1__iqr,answer_z,cell=pb_omnimath_q8,0.16492047449471414,0.044186955233789474,27.923580744583003,759,4033,0.03641048556517351,,
q15_H1__iqr,answer_z,steps_2_to_5,0.09495694181599985,0.024660066309509617,48.497456825343335,1312,5760,0.028388847770010592,"[0.08986647954606836, 0.1540372773402932]","[29.8964657484469, 51.24458206496604]"
q15_H1__iqr,answer_z,steps_6_to_10,0.12021175104579564,0.031144303321680344,38.30881877956936,2308,14512,0.01973742717899018,"[0.10583695304630064, 0.16242195393839257]","[28.353126374374582, 43.51193088460759]"
q15_H1__iqr,answer_z,steps_11_plus,0.22573698294589467,0.05871100996009209,20.400601292221015,822,8382,0.061287838533202126,"[0.20353982695241687, 0.32142312514072563]","[14.32743889840488, 22.62540091018491]"
q15_H1__frac_above_z,raw,macro8_all,0.09018944321301899,0.023958656867537544,51.06107790366454,4442,28654,0.01634802344302681,"[0.08137758718552383, 0.11389099429286231]","[40.43489315885886, 56.590153938691614]"
q15_H1__frac_above_z,raw,cell=pb_gsm8k_q4,0.1932350785970691,0.05135994245253752,23.83195752770502,207,1361,0.08973098228638222,,
q15_H1__frac_above_z,raw,cell=pb_gsm8k_q8,0.17999932501759358,0.04654815857071155,25.584374749949596,207,1361,0.09467201866220848,,
q15_H1__frac_above_z,raw,cell=pb_math_q4,0.08607883201857242,0.022621994787477964,53.4994501899663,594,3772,0.04612747866560963,,
q15_H1__frac_above_z,raw,cell=pb_math_q8,0.08952161009732254,0.0236384625858658,51.44199463103519,594,3772,0.0453196768918379,,
q15_H1__frac_above_z,raw,cell=pb_olympiadbench_q4,0.16683125133112214,0.04355575774869109,27.60376218031162,661,5161,0.02580652014264931,,
q15_H1__frac_above_z,raw,cell=pb_olympiadbench_q8,0.1589803946955154,0.04185355310176678,28.96690623273435,661,5161,0.032731616585019926,,
q15_H1__frac_above_z,raw,cell=pb_omnimath_q4,0.10349670368171585,0.02781160928636126,44.49581505658774,759,4033,0.013038670760220332,,
q15_H1__frac_above_z,raw,cell=pb_omnimath_q8,0.1092725446095324,0.028819851835452753,42.14389078650924,759,4033,0.013829502342003044,,
q15_H1__frac_above_z,raw,steps_2_to_5,0.07976274808762909,0.02217947211502987,57.735851589876916,1312,5760,0.036747232268705826,"[0.0780062683308284, 0.1354969206055924]","[33.9872682375781, 59.03589909540782]"
q15_H1__frac_above_z,raw,steps_6_to_10,0.08040608152671345,0.020647535109552383,57.27390389566625,2308,14512,0.01722012358341058,"[0.07277887633078191, 0.1187963609893944]","[38.76524623847039, 63.27619246355869]"
q15_H1__frac_above_z,raw,steps_11_plus,0.1820588424524776,0.047321660070551524,25.29495477370273,822,8382,0.011771571944660377,"[0.16800365836020129, 0.28001780956438654]","[16.445990321659135, 27.411130394045156]"
q15_H1__frac_above_z,answer_z,macro8_all,0.08654756799250929,0.022703688088426315,53.20970066295416,4442,28654,0.0032349035183663073,"[0.07747493919203009, 0.11051528066910064]","[41.66998588888955, 59.44077186783812]"
q15_H1__frac_above_z,answer_z,cell=pb_gsm8k_q4,0.1635634153792202,0.043306310102501765,28.155258162780772,207,1361,0.06781399920127335,,
q15_H1__frac_above_z,answer_z,cell=pb_gsm8k_q8,0.21224057617670297,0.059375172994460865,21.697878270713005,207,1361,0.08407192257308208,,
q15_H1__frac_above_z,answer_z,cell=pb_math_q4,0.08564160890283294,0.022680649192989157,53.772579065078226,594,3772,0.022340084067110598,,
q15_H1__frac_above_z,answer_z,cell=pb_math_q8,0.0871647732477871,0.023298216031436895,52.83292796387795,594,3772,0.01657946049883124,,
q15_H1__frac_above_z,answer_z,cell=pb_olympiadbench_q4,0.14630555458542072,0.0392007528453156,31.476386518868335,661,5161,0.01626912524123087,,
q15_H1__frac_above_z,answer_z,cell=pb_olympiadbench_q8,0.15141183619545406,0.039693370908362675,30.414862547756066,661,5161,0.014626196473872394,,
q15_H1__frac_above_z,answer_z,cell=pb_omnimath_q4,0.11240986096070818,0.029870192858416453,40.967670866506865,759,4033,0.015925951205984452,,
q15_H1__frac_above_z,answer_z,cell=pb_omnimath_q8,0.12248500688782882,0.03160592559244108,37.597827709684374,759,4033,0.011747295863348222,,
q15_H1__frac_above_z,answer_z,steps_2_to_5,0.07668335249140074,0.020520654790910534,60.0543669045314,1312,5760,0.016690609761142335,"[0.0749950426655982, 0.13008552431871978]","[35.40109639489988, 61.406327969202955]"
q15_H1__frac_above_z,answer_z,steps_6_to_10,0.08954671289166197,0.023618704987367987,51.42757380228635,2308,14512,0.007434734863001773,"[0.08006722295216205, 0.12841307012050873]","[35.862160928528446, 57.51629713371667]"
q15_H1__frac_above_z,answer_z,steps_11_plus,0.1639106242331591,0.04395447287223134,28.095617398402087,822,8382,0.00974687847935856,"[0.15435502485432026, 0.2565997751521969]","[17.94689875802358, 29.834922383216455]"
q15_H1__slope,raw,macro8_all,0.2453412129601476,0.06665666163514748,18.770471256845624,4442,28654,0.06200981981768252,"[0.224162189941689, 0.2835663948142359]","[16.24018314654293, 20.54392039614722]"
q15_H1__slope,raw,cell=pb_gsm8k_q4,0.263244396463873,0.07362467086733203,17.493896348217593,207,1361,0.09741029221825415,,
q15_H1__slope,raw,cell=pb_gsm8k_q8,0.20412911838097086,0.05475401983990176,22.560084629344047,207,1361,0.08259240697373038,,
q15_H1__slope,raw,cell=pb_math_q4,0.2399380157930881,0.06811059483767787,19.193166079857,594,3772,0.06247634730140203,,
q15_H1__slope,raw,cell=pb_math_q8,0.25178420599913987,0.06941770653193574,18.290147182638705,594,3772,0.05374886438994584,,
q15_H1__slope,raw,cell=pb_olympiadbench_q4,0.24468053603410994,0.0684241570682364,18.82115455781944,661,5161,0.05692972300423861,,
q15_H1__slope,raw,cell=pb_olympiadbench_q8,0.24314872851785746,0.06747050356145384,18.939725550116854,661,5161,0.05483966158358895,,
q15_H1__slope,raw,cell=pb_omnimath_q4,0.30885193000696504,0.08579400379915604,14.910608413177922,759,4033,0.1021695812227465,,
q15_H1__slope,raw,cell=pb_omnimath_q8,0.32607837253629546,0.09102245627252128,14.122893677885658,759,4033,0.10431493183955354,,
q15_H1__slope,raw,steps_2_to_5,0.21384173862478023,0.05988361397361546,21.53541313124378,1312,5760,0.04137499060898399,"[0.19257527809402067, 0.29482932097692766]","[15.61978357759226, 23.91361046738158]"
q15_H1__slope,raw,steps_6_to_10,0.21806972279737175,0.05955384653269751,21.11787976301126,2308,14512,0.07838671933188626,"[0.19502983443778826, 0.26950850883116106]","[17.087290512497667, 23.612644697481272]"
q15_H1__slope,raw,steps_11_plus,0.27017790655442664,0.07089000878563063,17.04495472897001,822,8382,0.13103268444733707,"[0.2483145016805894, 0.3818236291737099]","[12.060987938211072, 18.545715835443996]"
q15_H1__slope,answer_z,macro8_all,0.04415685147628274,0.012639426834116304,104.29118091586744,4442,28654,0.030658162399852498,"[0.04048126995775808, 0.06291850773165311]","[73.19261616357944, 113.76051667335423]"
q15_H1__slope,answer_z,cell=pb_gsm8k_q4,0.1968949209296515,0.05514019506810758,23.3889739981331,207,1361,0.14239099429321292,,
q15_H1__slope,answer_z,cell=pb_gsm8k_q8,0.15349469432140184,0.04108862949014867,30.002145718114186,207,1361,0.11255769724510353,,
q15_H1__slope,answer_z,cell=pb_math_q4,0.07440521629894997,0.019596748339996858,61.89310931487852,594,3772,0.04571379470239624,,
q15_H1__slope,answer_z,cell=pb_math_q8,0.0646223384901251,0.01777452267640338,71.26282170509513,594,3772,0.040956698588197525,,
q15_H1__slope,answer_z,cell=pb_olympiadbench_q4,0.06479224249368161,0.017576697779894315,71.07594997097341,661,5161,0.038872392846483306,,
q15_H1__slope,answer_z,cell=pb_olympiadbench_q8,0.07234201801300039,0.01940914152814806,63.65830415679736,661,5161,0.03501770614530774,,
q15_H1__slope,answer_z,cell=pb_omnimath_q4,0.0793549734984523,0.021613862413606775,58.032533853444086,759,4033,0.04838211002069574,,
q15_H1__slope,answer_z,cell=pb_omnimath_q8,0.07563360288609038,0.02054488279414501,60.88788594302202,759,4033,0.043579131128027346,,
q15_H1__slope,answer_z,steps_2_to_5,0.0417737645687967,0.011277068021833273,110.2407272488907,1312,5760,0.08602281295096648,"[0.04697532426540132, 0.09265625096170813]","[49.70166759597539, 98.03381366714551]"
q15_H1__slope,answer_z,steps_6_to_10,0.06231076311983494,0.018315738682613002,73.9064963324476,2308,14512,0.040565991568069566,"[0.060416880712746, 0.09594317802532466]","[47.9989331265693, 76.22323648060417]"
q15_H1__slope,answer_z,steps_11_plus,0.07330872778493377,0.01934451875139103,62.81885288608889,822,8382,0.01849675196383267,"[0.07835979812734398, 0.14810398059469052]","[31.094168890644834, 58.76955142870766]"
q15_H1__jump,raw,macro8_all,0.09679598017865629,0.02566934627968995,47.57604786364404,4442,28654,0.1076687711251588,"[0.08501971691947442, 0.12549212828046236]","[36.69688488903461, 54.16590824866934]"
q15_H1__jump,raw,cell=pb_gsm8k_q4,0.18996314852592078,0.05032841322154352,24.24243976646717,207,1361,0.19957581598686253,,
q15_H1__jump,raw,cell=pb_gsm8k_q8,0.22406936911042807,0.0603887413491237,20.552430723891256,207,1361,0.17525419452173793,,
q15_H1__jump,raw,cell=pb_math_q4,0.09806772725468282,0.026830736100030655,46.95907935164461,594,3772,0.11600265067978949,,
q15_H1__jump,raw,cell=pb_math_q8,0.10054912063958196,0.02753419246297766,45.80020348954926,594,3772,0.10843883675050092,,
q15_H1__jump,raw,cell=pb_olympiadbench_q4,0.11406311558371185,0.02992225613941604,40.3738768875581,661,5161,0.08627680202805564,,
q15_H1__jump,raw,cell=pb_olympiadbench_q8,0.11090312157636599,0.029531851416307882,41.52426117976355,661,5161,0.08973435039308854,,
q15_H1__jump,raw,cell=pb_omnimath_q4,0.1234599210070203,0.03372551023697387,37.30093254900291,759,4033,0.15245259631642955,,
q15_H1__jump,raw,cell=pb_omnimath_q8,0.1272382341300764,0.0350065416142527,36.193289049266426,759,4033,0.14478861999508855,,
q15_H1__jump,raw,steps_2_to_5,0.12116679558499598,0.03197669411732007,38.00686618602256,1312,5760,0.21628494800085593,"[0.11404733850088587, 0.1862068175845957]","[24.731480005536934, 40.37946212968679]"
q15_H1__jump,raw,steps_6_to_10,0.06582739677406846,0.017257104346412224,69.95826071922409,2308,14512,0.10714873285498862,"[0.05991296371474406, 0.10379701275729875]","[44.36707823910152, 76.86433620466683]"
q15_H1__jump,raw,steps_11_plus,0.13124994143409605,0.034038912540451396,35.08702659726873,822,8382,0.12398608410761779,"[0.1258845747477421, 0.22441294612470167]","[20.52096487975829, 36.58248196982285]"
q15_H1__jump,answer_z,macro8_all,0.03018928015862598,0.007459532020178437,152.54322599912197,4442,28654,0.05357549978160961,"[0.027045198344712036, 0.048557377272339]","[94.83976369150923, 170.27681318109134]"
q15_H1__jump,answer_z,cell=pb_gsm8k_q4,0.11587342164027714,0.03182747860546118,39.74311037680925,207,1361,0.1696048931554629,,
q15_H1__jump,answer_z,cell=pb_gsm8k_q8,0.15994246412032687,0.03978160700451634,28.792667483999498,207,1361,0.16720148297487483,,
q15_H1__jump,answer_z,cell=pb_math_q4,0.06271285637938392,0.015851906538896073,73.43263330454813,594,3772,0.06801773081406237,,
q15_H1__jump,answer_z,cell=pb_math_q8,0.05923823428938131,0.01516228170114234,77.73982869731799,594,3772,0.059654403974048864,,
q15_H1__jump,answer_z,cell=pb_olympiadbench_q4,0.05311483575400708,0.013038078537290677,86.70214490196686,661,5161,0.057972721450099685,,
q15_H1__jump,answer_z,cell=pb_olympiadbench_q8,0.052369151220417416,0.013233839291277421,87.93669705673312,661,5161,0.060779920675088916,,
q15_H1__jump,answer_z,cell=pb_omnimath_q4,0.06444148310156225,0.016550012915941034,71.46282121921631,759,4033,0.06869889397782811,,
q15_H1__jump,answer_z,cell=pb_omnimath_q8,0.0579716272364523,0.01503517770606206,79.43834605857641,759,4033,0.0614459358028545,,
q15_H1__jump,answer_z,steps_2_to_5,0.04859584265769231,0.012783475880599464,94.76469455271669,1312,5760,0.19501980007869268,"[0.051671614999168454, 0.10078549765503715]","[45.69278609657121, 89.12379042269536]"
q15_H1__jump,answer_z,steps_6_to_10,0.03637814280180229,0.009307873316026222,126.59167926956228,2308,14512,0.0634414805604905,"[0.03577149356342663, 0.06611611504451902]","[69.65276442645215, 128.73854925354567]"
q15_H1__jump,answer_z,steps_11_plus,0.08472759602163525,0.02164685603554208,54.35265960823624,822,8382,0.021327495957728627,"[0.08483323479886969, 0.16333129145135483]","[28.19527198411736, 54.28497683610022]"
q15_H1__q90,raw,macro8_all,0.10344465662445612,0.028694773622133202,44.51820264343503,4442,28654,0.10640938449875574,"[0.09241540572505556, 0.13103428578387785]","[35.14477267105234, 49.83119589053044]"
q15_H1__q90,raw,cell=pb_gsm8k_q4,0.15536087285622685,0.04145310901427901,29.641763085675898,207,1361,0.14346636019936973,,
q15_H1__q90,raw,cell=pb_gsm8k_q8,0.19439652455984494,0.0532065390082437,23.689570564160938,207,1361,0.16254739856639422,,
q15_H1__q90,raw,cell=pb_math_q4,0.11462030479288923,0.030694455039964125,40.1776124597584,594,3772,0.10348732956644924,,
q15_H1__q90,raw,cell=pb_math_q8,0.12612573784724035,0.03466660400510984,36.512533164053586,594,3772,0.09430782521703798,,
q15_H1__q90,raw,cell=pb_olympiadbench_q4,0.142112738981015,0.038069389340975035,32.4050484074007,661,5161,0.10078995496299259,,
q15_H1__q90,raw,cell=pb_olympiadbench_q8,0.12969762673257573,0.03501124114588071,35.50697342738212,661,5161,0.10553907394539705,,
q15_H1__q90,raw,cell=pb_omnimath_q4,0.13281339761081373,0.038038240713008716,34.67398823334624,759,4033,0.13519389866782983,,
q15_H1__q90,raw,cell=pb_omnimath_q8,0.1298264543594599,0.03656114052519128,35.471739628946686,759,4033,0.13662550033441795,,
q15_H1__q90,raw,steps_2_to_5,0.11048466006705095,0.033071995405779396,41.6815346419431,1312,5760,0.13278900514177652,"[0.10096204418902671, 0.16987607713816746]","[27.108997709209582, 45.61288574314163]"
q15_H1__q90,raw,steps_6_to_10,0.06539899964378615,0.017736662510832717,70.4165233577185,2308,14512,0.10898634826375553,"[0.05995781468997358, 0.10164682355715474]","[45.305598589597466, 76.8068384379958]"
q15_H1__q90,raw,steps_11_plus,0.1540017883787784,0.04162169546749613,29.903355243260854,822,8382,0.17180331612959107,"[0.14046087408755617, 0.24167585772256645]","[19.055151926985733, 32.78614216167744]"
q15_H1__q90,answer_z,macro8_all,0.08934728655565882,0.023281490226339317,51.542361984538886,4442,28654,0.00416886705737794,"[0.07896455239603202, 0.11336789072985033]","[40.62146835704978, 58.31946166036271]"
q15_H1__q90,answer_z,cell=pb_gsm8k_q4,0.13193604307605117,0.03657419170416996,34.90456495905034,207,1361,0.07558025353334541,,
q15_H1__q90,answer_z,cell=pb_gsm8k_q8,0.17125332987024544,0.04928506225047872,26.890981854059827,207,1361,0.10504150286891296,,
q15_H1__q90,answer_z,cell=pb_math_q4,0.05489696874639521,0.0144407050920732,83.88751312048517,594,3772,0.02175722273794239,,
q15_H1__q90,answer_z,cell=pb_math_q8,0.08642911335538273,0.022425663290924956,53.28262673541919,594,3772,0.017162239580987067,,
q15_H1__q90,answer_z,cell=pb_olympiadbench_q4,0.15561961460089788,0.04119353843068529,29.592479057338068,661,5161,0.02298007457811347,,
q15_H1__q90,answer_z,cell=pb_olympiadbench_q8,0.1784142634980847,0.04740508079167579,25.811670522842075,661,5161,0.016497242582543606,,
q15_H1__q90,answer_z,cell=pb_omnimath_q4,0.1300681091900361,0.035239995113311696,35.405836331945935,759,4033,0.018364179425225786,,
q15_H1__q90,answer_z,cell=pb_omnimath_q8,0.1402853446076824,0.03643828473324698,32.82716522432736,759,4033,0.018987873934104324,,
q15_H1__q90,answer_z,steps_2_to_5,0.07610427445926529,0.019988552289608462,60.51132106190701,1312,5760,0.018169182731823927,"[0.06971782514749471, 0.13088788729929687]","[35.184082202026886, 66.05441544175274]"
q15_H1__q90,answer_z,steps_6_to_10,0.09385324535955734,0.024714815453759843,49.0677777667188,2308,14512,0.005330567258800227,"[0.08247384094032771, 0.13190334028953912]","[34.91321884555273, 55.83794974845503]"
q15_H1__q90,answer_z,steps_11_plus,0.15673616690756298,0.04161857882503348,29.38166906113026,822,8382,0.009161943261174348,"[0.1450872125811134, 0.2405075020868605]","[19.14771949327764, 31.740703429762945]"
q15_H1__first_token,raw,macro8_all,0.14358398363150254,0.0392971586492505,32.073007514591,4442,28654,0.29021072442067036,"[0.12940356093771824, 0.17156374612290254]","[26.842327065352734, 35.58766198253659]"
q15_H1__first_token,raw,cell=pb_gsm8k_q4,0.13134542473063546,0.03489663669840374,35.06151961845966,207,1361,0.37270105197201264,,
q15_H1__first_token,raw,cell=pb_gsm8k_q8,0.2004087450204705,0.056220536358553196,22.978888398895478,207,1361,0.3693752318672109,,
q15_H1__first_token,raw,cell=pb_math_q4,0.14932099840165963,0.045203002686296394,30.840740654577,594,3772,0.29365517996418544,,
q15_H1__first_token,raw,cell=pb_math_q8,0.1309704011617212,0.03667120202661231,35.16191555603212,594,3772,0.29039918499646883,,
q15_H1__first_token,raw,cell=pb_olympiadbench_q4,0.19883678498669638,0.057634682023625636,23.16055445322258,661,5161,0.23546183927363895,,
q15_H1__first_token,raw,cell=pb_olympiadbench_q8,0.22053010111726434,0.061579306041725484,20.882274857976626,661,5161,0.23511468538496522,,
q15_H1__first_token,raw,cell=pb_omnimath_q4,0.18797292025509205,0.05190901608087977,24.499114977511454,759,4033,0.37204312851176247,,
q15_H1__first_token,raw,cell=pb_omnimath_q8,0.2003560937545565,0.0546844644646642,22.984926985198626,759,4033,0.3736029797358485,,
q15_H1__first_token,raw,steps_2_to_5,0.12468353378333227,0.03378017616533504,36.93487059799481,1312,5760,0.5025871020695558,"[0.11509025035921755, 0.19007966013442243]","[24.227580072120087, 40.01355607112262]"
q15_H1__first_token,raw,steps_6_to_10,0.15412536373940144,0.042335859834081405,29.8793791901417,2308,14512,0.30319632490639686,"[0.14089758234377225, 0.197906114373716]","[23.26946896290389, 32.6845223983479]"
q15_H1__first_token,raw,steps_11_plus,0.16501304201866945,0.04534070776022524,27.90791642679411,822,8382,0.24222138827049422,"[0.15578717259756367, 0.25580611442351137]","[18.002580573049926, 29.5606506569342]"
q15_H1__first_token,answer_z,macro8_all,0.054402106144343584,0.014090478801052018,84.65058639033795,4442,28654,0.21076816070204085,"[0.0490238873678527, 0.07610354337384266]","[60.51190236131531, 93.93727085396172]"
q15_H1__first_token,answer_z,cell=pb_gsm8k_q4,0.15610168361632468,0.042283631528609075,29.501092360457385,207,1361,0.2942096361953922,,
q15_H1__first_token,answer_z,cell=pb_gsm8k_q8,0.18856782481061107,0.05192747748190204,24.42182376878619,207,1361,0.285220360103103,,
q15_H1__first_token,answer_z,cell=pb_math_q4,0.058756965255573806,0.01531116970735178,78.37658337113038,594,3772,0.23112168781227413,,
q15_H1__first_token,answer_z,cell=pb_math_q8,0.05541081164568078,0.013805620457661068,83.10959629025865,594,3772,0.2367451083928781,,
q15_H1__first_token,answer_z,cell=pb_olympiadbench_q4,0.09990290372968752,0.026591628343491353,46.09645980309582,661,5161,0.16018787900385223,,
q15_H1__first_token,answer_z,cell=pb_olympiadbench_q8,0.11847100415062975,0.03133050634997389,38.87170720805959,661,5161,0.17305342315510283,,
q15_H1__first_token,answer_z,cell=pb_omnimath_q4,0.10506262222479448,0.027534308787960007,43.83262180659036,759,4033,0.26554371353097483,,
q15_H1__first_token,answer_z,cell=pb_omnimath_q8,0.10424768489905165,0.027271907899422916,44.175275359328246,759,4033,0.2738353387712166,,
q15_H1__first_token,answer_z,steps_2_to_5,0.07895068112017664,0.020272182966967974,58.32970812472439,1312,5760,0.455049339024372,"[0.0770439918976343, 0.13684875937425492]","[33.651530397830214, 59.7732551567009]"
q15_H1__first_token,answer_z,steps_6_to_10,0.07584933872324197,0.0203797413379788,60.714704485313625,2308,14512,0.26253240790659454,"[0.06953921607444537, 0.11159625837624514]","[41.266349365064094, 66.22407392481986]"
q15_H1__first_token,answer_z,steps_11_plus,0.07133162441993703,0.0188508219347777,64.56000719788679,822,8382,0.1074682928586376,"[0.07374970545040707, 0.14549194757902847]","[31.65240594148106, 62.44323496430552]"
q15_H1__boxcar8_max,raw,macro8_all,0.07538423326359214,0.020004359508169117,61.08930192186782,4442,28654,0.10159909378247711,"[0.06653866524233533, 0.10095579636576857]","[45.61570857510053, 69.21043831005562]"
q15_H1__boxcar8_max,raw,cell=pb_gsm8k_q4,0.15681043780593196,0.040564151118716314,29.367752876804246,207,1361,0.17569824733591566,,
q15_H1__boxcar8_max,raw,cell=pb_gsm8k_q8,0.15446764390749623,0.03972165154201227,29.813170379849403,207,1361,0.1639664976990598,,
q15_H1__boxcar8_max,raw,cell=pb_math_q4,0.10989230826128703,0.029380452017686878,41.90621035130632,594,3772,0.09386194944509081,,
q15_H1__boxcar8_max,raw,cell=pb_math_q8,0.09466221146015263,0.026240066506124256,48.648453431986475,594,3772,0.09199460314431814,,
q15_H1__boxcar8_max,raw,cell=pb_olympiadbench_q4,0.11795948602242105,0.030752545760768364,39.04027002213936,661,5161,0.10367777631661786,,
q15_H1__boxcar8_max,raw,cell=pb_olympiadbench_q8,0.10293738479721708,0.026813734184440097,44.737586786958985,661,5161,0.11369219745914574,,
q15_H1__boxcar8_max,raw,cell=pb_omnimath_q4,0.10848886330345855,0.02994220090948126,42.448321843936974,759,4033,0.14091394809207475,,
q15_H1__boxcar8_max,raw,cell=pb_omnimath_q8,0.11981012149606292,0.03207421875826236,38.43723826070423,759,4033,0.14369003221647297,,
q15_H1__boxcar8_max,raw,steps_2_to_5,0.0751827803067069,0.020155930594543573,61.2529912727539,1312,5760,0.14070352501577987,"[0.07218954045203244, 0.13006860668587614]","[35.40570090913534, 63.79276218066626]"
q15_H1__boxcar8_max,raw,steps_6_to_10,0.04871514393475581,0.013044786734633896,94.53261992114395,2308,14512,0.10385728503406157,"[0.045270956617103585, 0.08305676306368595]","[55.44605900975164, 101.72460513565194]"
q15_H1__boxcar8_max,raw,steps_11_plus,0.11200221123147758,0.028737333283016232,41.116779172069016,822,8382,0.19010178672502817,"[0.10698945722373192, 0.20331296031792562]","[22.65064744907, 43.04321477543297]"
q15_H1__boxcar8_max,answer_z,macro8_all,0.14076405345374127,0.03744512372662603,32.71552696158661,4442,28654,0.01595493336482185,"[0.12742919092634208, 0.1700544843420649]","[27.080557174398198, 36.13905222587515]"
q15_H1__boxcar8_max,answer_z,cell=pb_gsm8k_q4,0.26570125137810496,0.06973395339219875,17.332135855975796,207,1361,0.087703830509825,,
q15_H1__boxcar8_max,answer_z,cell=pb_gsm8k_q8,0.26599359319726246,0.07674044643514653,17.313086870377624,207,1361,0.108568333681134,,
q15_H1__boxcar8_max,answer_z,cell=pb_math_q4,0.10764700435969955,0.028348309857928165,42.78029113193006,594,3772,0.031406229121870445,,
q15_H1__boxcar8_max,answer_z,cell=pb_math_q8,0.10211650530222643,0.02700834624602404,45.09721687359473,594,3772,0.0319141052063472,,
q15_H1__boxcar8_max,answer_z,cell=pb_olympiadbench_q4,0.19885185769310532,0.05500356252255037,23.158798913990555,661,5161,0.02840567781519618,,
q15_H1__boxcar8_max,answer_z,cell=pb_olympiadbench_q8,0.2334218992531876,0.06511897815302219,19.72895516968168,661,5161,0.02648467906536757,,
q15_H1__boxcar8_max,answer_z,cell=pb_omnimath_q4,0.15793076626316987,0.04243890943126204,29.159424062530096,759,4033,0.034480397676480055,,
q15_H1__boxcar8_max,answer_z,cell=pb_omnimath_q8,0.16484413929647265,0.044155771903672016,27.9365114564715,759,4033,0.025170528531530324,,
q15_H1__boxcar8_max,answer_z,steps_2_to_5,0.1558678842272609,0.041265268563493586,29.54534353769498,1312,5760,0.05313642849650424,"[0.13896385777687056, 0.2224089890147277]","[20.70586358217357, 33.13933752028138]"
q15_H1__boxcar8_max,answer_z,steps_6_to_10,0.1294976100124161,0.034920390672349574,35.561816048547556,2308,14512,0.02263920581520249,"[0.11613167315491331, 0.1716491444307856]","[26.82897256062376, 39.6547303666679]"
q15_H1__boxcar8_max,answer_z,steps_11_plus,0.19797415014587927,0.05386352306512303,23.26147218005343,822,8382,0.009820933775550714,"[0.1790349229970938, 0.29292239272009785]","[15.721468554261623, 25.722189329859656]"
q15_H1__page_wmax,raw,macro8_all,0.1421330649252412,0.039857237967086206,32.40041427665201,4442,28654,0.023107424203317586,"[0.1300448607267849, 0.16907704379821054]","[27.237110861035955, 35.41216592682759]"
q15_H1__page_wmax,raw,cell=pb_gsm8k_q4,0.23405464299691575,0.06273046820233108,19.67561987671732,207,1361,0.09156338671678202,,
q15_H1__page_wmax,raw,cell=pb_gsm8k_q8,0.2729894266337761,0.07610390139705125,16.869408616935456,207,1361,0.1154966226571103,,
q15_H1__page_wmax,raw,cell=pb_math_q4,0.13514460913680204,0.03740065759651649,34.075870398400006,594,3772,0.03278379109036707,,
q15_H1__page_wmax,raw,cell=pb_math_q8,0.14791146675288933,0.039851902237719686,31.13463943726414,594,3772,0.049473012026943666,,
q15_H1__page_wmax,raw,cell=pb_olympiadbench_q4,0.22155092290563352,0.06332440565737965,20.786057334320375,661,5161,0.03879734936305418,,
q15_H1__page_wmax,raw,cell=pb_olympiadbench_q8,0.2214303758030738,0.05987446793842128,20.797373302042534,661,5161,0.050880554668301235,,
q15_H1__page_wmax,raw,cell=pb_omnimath_q4,0.1400450845825354,0.041521491658201,32.883483199112504,759,4033,0.02052352731406203,,
q15_H1__page_wmax,raw,cell=pb_omnimath_q8,0.1487832059755101,0.043915170396366596,30.952217730448076,759,4033,0.03194688304864599,,
q15_H1__page_wmax,raw,steps_2_to_5,0.1623212004067413,0.04477135963442702,28.370725293113566,1312,5760,0.026707688701909527,"[0.14591860408372695, 0.22833226635626896]","[20.168722798041173, 31.5598563658523]"
q15_H1__page_wmax,raw,steps_6_to_10,0.14149688708089414,0.03748468645027003,32.54608833447554,2308,14512,0.029186781500252702,"[0.12564252962122552, 0.1836606664811155]","[25.07434103459277, 36.6529566053095]"
q15_H1__page_wmax,raw,steps_11_plus,0.18695065766912133,0.05225409321397563,24.633078286029097,822,8382,0.02302279611957908,"[0.17114908517487745, 0.2773322596759737]","[16.60524524398506, 26.90736080349247]"
q15_H1__page_wmax,answer_z,macro8_all,0.1097178001075044,0.02820610775203055,41.97286293997715,4442,28654,0.007870942565317241,"[0.09900050353159365, 0.13647130693596773]","[33.7446038246621, 46.51663397366925]"
q15_H1__page_wmax,answer_z,cell=pb_gsm8k_q4,0.20634750916191547,0.055563423407004375,22.3175467670634,207,1361,0.07544460198310848,,
q15_H1__page_wmax,answer_z,cell=pb_gsm8k_q8,0.21192421182816856,0.06051447197966089,21.73026926117359,207,1361,0.09914968769541224,,
q15_H1__page_wmax,answer_z,cell=pb_math_q4,0.0888848967994445,0.02287507163878683,51.81049145367149,594,3772,0.020467722691229776,,
q15_H1__page_wmax,answer_z,cell=pb_math_q8,0.08542268399039835,0.02262743954036286,53.910389733313934,594,3772,0.020190105745128896,,
q15_H1__page_wmax,answer_z,cell=pb_olympiadbench_q4,0.1728978564050344,0.04611899840233285,26.63520694669526,661,5161,0.017923952226797837,,
q15_H1__page_wmax,answer_z,cell=pb_olympiadbench_q8,0.20295481931631493,0.054319899701884646,22.69061755469187,661,5161,0.018034116001472394,,
q15_H1__page_wmax,answer_z,cell=pb_omnimath_q4,0.11845706933256943,0.03134074159907436,38.876279920947816,759,4033,0.020785170077283248,,
q15_H1__page_wmax,answer_z,cell=pb_omnimath_q8,0.13882832830170388,0.03559343658520945,33.17168939742661,759,4033,0.025115224556783593,,
q15_H1__page_wmax,answer_z,steps_2_to_5,0.1278428904811533,0.03351253967708157,36.022106263836314,1312,5760,0.029693866585100655,"[0.11663320033686381, 0.19180929681087822]","[24.009108330805972, 39.48421352314169]"
q15_H1__page_wmax,answer_z,steps_6_to_10,0.09909916878966062,0.02572736768764442,46.47032101513011,2308,14512,0.011236677274181896,"[0.08916451540712253, 0.13813439006763967]","[33.33833221208055, 51.64801451520284]"
q15_H1__page_wmax,answer_z,steps_11_plus,0.1546336708605539,0.04189830385900778,29.78116059949814,822,8382,0.01492128493984238,"[0.14632667142528502, 0.24072271578142745]","[19.13060082858784, 31.47184406733061]"
q15_VE1__top5,raw,macro8_all,0.06448541685789279,0.018029678295253638,71.41413377440911,4442,28654,0.11634394361212408,"[0.05691716884083508, 0.0875341878077867]","[52.6099607629927, 80.9100361064362]"
q15_VE1__top5,raw,cell=pb_gsm8k_q4,0.14281344386545033,0.039614190047233995,32.24605514258719,207,1361,0.21618398095116886,,
q15_VE1__top5,raw,cell=pb_gsm8k_q8,0.17568443256793767,0.046464175272671306,26.212739049643794,207,1361,0.21349503208039253,,
q15_VE1__top5,raw,cell=pb_math_q4,0.07750611725638593,0.020490225342750794,59.416860875051256,594,3772,0.10161271265354481,,
q15_VE1__top5,raw,cell=pb_math_q8,0.07606433848403145,0.021191934454485577,60.54309125366123,594,3772,0.11250832608439917,,
q15_VE1__top5,raw,cell=pb_olympiadbench_q4,0.07754453120951371,0.02125254320436389,59.38742699398893,661,5161,0.11379908758919728,,
q15_VE1__top5,raw,cell=pb_olympiadbench_q8,0.09244428889657613,0.0250593980021414,49.81562669750445,661,5161,0.12065135861716259,,
q15_VE1__top5,raw,cell=pb_omnimath_q4,0.11657430071172267,0.03196080678887299,39.504163077728826,759,4033,0.1523704723278939,,
q15_VE1__top5,raw,cell=pb_omnimath_q8,0.12497546209415787,0.03509019043921217,36.84859498673833,759,4033,0.15064429015022202,,
q15_VE1__top5,raw,steps_2_to_5,0.05100355250794835,0.013718316682154468,90.29116521384321,1312,5760,0.16549327341833237,"[0.051683383675552676, 0.1011378870005062]","[45.53358115900763, 89.10349629771693]"
q15_VE1__top5,raw,steps_6_to_10,0.05403947861761294,0.015165385696854074,85.21862726645814,2308,14512,0.11592126597038856,"[0.050883717131288135, 0.08689149332814373]","[52.9990912757912, 90.50380840114364]"
q15_VE1__top5,raw,steps_11_plus,0.09613293995010075,0.025858233463307907,47.90418547875967,822,8382,0.1827417442927025,"[0.09452087646633281, 0.17620846487610267]","[26.134784099198196, 48.721196397585224]"
q15_VE1__top5,answer_z,macro8_all,0.21358099819489423,0.05717811231311564,21.56170363894376,4442,28654,0.015298283369774431,"[0.19507908174394004, 0.24680723769331855]","[18.658975437788634, 23.60668373471646]"
q15_VE1__top5,answer_z,cell=pb_gsm8k_q4,0.30110410368290164,0.07962336998066753,15.294279053858006,207,1361,0.08589538494015975,,
q15_VE1__top5,answer_z,cell=pb_gsm8k_q8,0.2685193805228328,0.07605218703921662,17.15023391243264,207,1361,0.11407106175340218,,
q15_VE1__top5,answer_z,cell=pb_math_q4,0.17538902714511762,0.0474216892314649,26.256888819947413,594,3772,0.030306866700021404,,
q15_VE1__top5,answer_z,cell=pb_math_q8,0.19180714545980174,0.052408572939102,24.009377622238933,594,3772,0.0284221600066819,,
q15_VE1__top5,answer_z,cell=pb_olympiadbench_q4,0.27365029385625145,0.0736838274399955,16.828668886455457,661,5161,0.030711991033584483,,
q15_VE1__top5,answer_z,cell=pb_olympiadbench_q8,0.27642535000501584,0.07806253974975864,16.659724536496125,661,5161,0.02259098771383926,,
q15_VE1__top5,answer_z,cell=pb_omnimath_q4,0.26000506677115703,0.07227712568135543,17.71184786195464,759,4033,0.0251095749695307,,
q15_VE1__top5,answer_z,cell=pb_omnimath_q8,0.25585169585921136,0.06831176847340652,17.99937331086599,759,4033,0.03436722891307807,,
q15_VE1__top5,answer_z,steps_2_to_5,0.1852746060420904,0.04914663911723353,24.85591676250493,1312,5760,0.06476897957962958,"[0.16584345982766316, 0.2557257809519504]","[18.008235887852777, 27.7681748244614]"
q15_VE1__top5,answer_z,steps_6_to_10,0.22910456926209927,0.06308104194199354,20.10073479032059,2308,14512,0.02431233721495353,"[0.20716236825474335, 0.28135732398677304]","[16.367692586543747, 22.22976221398091]"
q15_VE1__top5,answer_z,steps_11_plus,0.2526986898691487,0.06811452343332199,18.223957505963806,822,8382,0.010449985199009578,"[0.224307666855269, 0.35006934114827903]","[13.155022861706355, 20.530596437256445]"
q15_VE1__top10,raw,macro8_all,0.0776997748180357,0.02263822442736017,59.26877132878303,4442,28654,0.09562798605728623,"[0.06910581998969127, 0.10066706320355778]","[45.74654350128429, 66.6393971835521]"
q15_VE1__top10,raw,cell=pb_gsm8k_q4,0.22934879841305175,0.06509880430192415,20.079329902109578,207,1361,0.19324669692544155,,
q15_VE1__top10,raw,cell=pb_gsm8k_q8,0.17567640857395556,0.04900079049492123,26.213936312623478,207,1361,0.1828629697349773,,
q15_VE1__top10,raw,cell=pb_math_q4,0.10079246847637108,0.028103195084829693,45.68962597704102,594,3772,0.08562052936626438,,
q15_VE1__top10,raw,cell=pb_math_q8,0.08642408759525366,0.024325300330429678,53.28572524312081,594,3772,0.09149749816289601,,
q15_VE1__top10,raw,cell=pb_olympiadbench_q4,0.09052980023786109,0.02497863329344596,50.869108005190675,661,5161,0.10062502852963204,,
q15_VE1__top10,raw,cell=pb_olympiadbench_q8,0.09248014703475356,0.025837350924320154,49.79631124783455,661,5161,0.11327395864570361,,
q15_VE1__top10,raw,cell=pb_omnimath_q4,0.12082898893378696,0.03514318128979836,38.113123569308996,759,4033,0.13461184588309907,,
q15_VE1__top10,raw,cell=pb_omnimath_q8,0.1279674140050971,0.039150682485135944,35.98705359322697,759,4033,0.13203176066175112,,
q15_VE1__top10,raw,steps_2_to_5,0.07180676440555356,0.020980486125683186,64.132818462322,1312,5760,0.13672267031910787,"[0.06955193349460563, 0.12426736490376994]","[37.05856472899574, 66.2119649965628]"
q15_VE1__top10,raw,steps_6_to_10,0.06557954529685045,0.019548385624826754,70.22266112310574,2308,14512,0.09166067289311285,"[0.061519696932771366, 0.09929441804995029]","[46.37894331251783, 74.85684123282687]"
q15_VE1__top10,raw,steps_11_plus,0.11206358110238979,0.030888665673892153,41.094262209775884,822,8382,0.16276750239948057,"[0.11205975824930267, 0.1924992094524879]","[23.923060250929115, 41.09566411648714]"
q15_VE1__top10,answer_z,macro8_all,0.25715300544552006,0.0696422051577599,17.908288406000118,4442,28654,0.020463538657776077,"[0.23634070341551353, 0.2942053545679774]","[15.65291084776653, 19.485302867579627]"
q15_VE1__top10,answer_z,cell=pb_gsm8k_q4,0.36736299578472353,0.10355058814697544,12.535748670469639,207,1361,0.11158796853701686,,
q15_VE1__top10,answer_z,cell=pb_gsm8k_q8,0.3115935853081158,0.09019927762679865,14.779412680894316,207,1361,0.13430290442179937,,
q15_VE1__top10,answer_z,cell=pb_math_q4,0.2002969001639746,0.05609625141438055,22.991719703190782,594,3772,0.03291681025498721,,
q15_VE1__top10,answer_z,cell=pb_math_q8,0.20351331622486396,0.05531444152654223,22.628348215306914,594,3772,0.03423596159343166,,
q15_VE1__top10,answer_z,cell=pb_olympiadbench_q4,0.2991247825301096,0.08130025477923894,15.395481935785577,661,5161,0.039343099120393965,,
q15_VE1__top10,answer_z,cell=pb_olympiadbench_q8,0.3336565538868308,0.09053024381862115,13.802127164419698,661,5161,0.02994771269521468,,
q15_VE1__top10,answer_z,cell=pb_omnimath_q4,0.29971609336997485,0.08190368180614103,15.365108140200494,759,4033,0.030974729667783932,,
q15_VE1__top10,answer_z,cell=pb_omnimath_q8,0.3090364232997831,0.08413369671872233,14.901706850007166,759,4033,0.035133509969348206,,
q15_VE1__top10,answer_z,steps_2_to_5,0.22356466480444928,0.06068587591328663,20.598828486676137,1312,5760,0.07816215729145423,"[0.20087042868614757, 0.30135967903606775]","[15.281308371173735, 22.926073370329167]"
q15_VE1__top10,answer_z,steps_6_to_10,0.2755707185927939,0.07577998295875467,16.711391578555457,2308,14512,0.027805617880206288,"[0.25205528516605336, 0.3311175798873308]","[13.907960391456987, 18.27047658593716]"
q15_VE1__top10,answer_z,steps_11_plus,0.29741848467757936,0.08159790438582624,15.483806230068016,822,8382,0.013708089827068778,"[0.2622539110279644, 0.40386300078680165]","[11.402802873787268, 17.55996762045252]"
q15_VE1__max,raw,macro8_all,0.07870769328919397,0.021119467771500422,58.50978466701362,4442,28654,0.12730217351522943,"[0.06899193137090637, 0.10301288450842995]","[44.70479792856623, 66.74940235011415]"
q15_VE1__max,raw,cell=pb_gsm8k_q4,0.15597927289506683,0.04174947955464945,29.52424447500896,207,1361,0.2034584426378181,,
q15_VE1__max,raw,cell=pb_gsm8k_q8,0.09886873964251469,0.025570117775271503,46.57862740679477,207,1361,0.18212861589373958,,
q15_VE1__max,raw,cell=pb_math_q4,0.08469445650019361,0.022415761669791572,54.37392689304954,594,3772,0.11373301251734044,,
q15_VE1__max,raw,cell=pb_math_q8,0.10546465767287545,0.02921504661937863,43.665530117891805,594,3772,0.11471770394835686,,
q15_VE1__max,raw,cell=pb_olympiadbench_q4,0.0976973746777447,0.02629792664477313,47.13709248767707,661,5161,0.10773341433438732,,
q15_VE1__max,raw,cell=pb_olympiadbench_q8,0.08990629984386292,0.024022406259464744,51.22188538495887,661,5161,0.1261226993156129,,
q15_VE1__max,raw,cell=pb_omnimath_q4,0.11489105186611877,0.03173369676507227,40.08293170955075,759,4033,0.164250431736838,,
q15_VE1__max,raw,cell=pb_omnimath_q8,0.143540506372648,0.039682569972374855,32.08272216925673,759,4033,0.1637817118737982,,
q15_VE1__max,raw,steps_2_to_5,0.059161459365935636,0.015374181018293851,77.84071311533073,1312,5760,0.171673894260103,"[0.05798002137521215, 0.11117621800245543]","[41.42225980277888, 79.42684526082138]"
q15_VE1__max,raw,steps_6_to_10,0.06014713890773462,0.016175798721967255,76.56507474199891,2308,14512,0.12944842483254973,"[0.05354475438373618, 0.09542956883594701]","[48.25726703119492, 86.0060007556385]"
q15_VE1__max,raw,steps_11_plus,0.09561450543878357,0.025824691746299047,48.163928316676966,822,8382,0.18937064909587434,"[0.09146323119696859, 0.17335958554445985]","[26.56426624189782, 50.34996168100306]"
q15_VE1__max,answer_z,macro8_all,0.11804235220380205,0.031085750145613284,39.01286360371056,4442,28654,0.009044535380213936,"[0.1068284436015383, 0.14341153907487636]","[32.11157355743664, 43.10809023077238]"
q15_VE1__max,answer_z,cell=pb_gsm8k_q4,0.22314916794152062,0.05958155365557268,20.637182869509697,207,1361,0.07256466585775011,,
q15_VE1__max,answer_z,cell=pb_gsm8k_q8,0.22444058915289772,0.06197698409241895,20.51843743312788,207,1361,0.07866817366842789,,
q15_VE1__max,answer_z,cell=pb_math_q4,0.09516349766327106,0.025160699599121112,48.39219132406359,594,3772,0.030099903756720878,,
q15_VE1__max,answer_z,cell=pb_math_q8,0.10330708544901444,0.026675407359062122,44.577486297015895,594,3772,0.020940043994428406,,
q15_VE1__max,answer_z,cell=pb_olympiadbench_q4,0.17480918145051733,0.04687552186688961,26.343983466861907,661,5161,0.020756531092811975,,
q15_VE1__max,answer_z,cell=pb_olympiadbench_q8,0.17083846926957486,0.04607415769034827,26.95628335747586,661,5161,0.017688320980712997,,
q15_VE1__max,answer_z,cell=pb_omnimath_q4,0.15999541842265766,0.04354634299589735,28.783137863502304,759,4033,0.023859817055886242,,
q15_VE1__max,answer_z,cell=pb_omnimath_q8,0.14541712303207924,0.038679322920818854,31.668692723154646,759,4033,0.019498127492467026,,
q15_VE1__max,answer_z,steps_2_to_5,0.1150869358297425,0.029466935741147112,40.014708470480926,1312,5760,0.03211663480291123,"[0.10623518188396112, 0.17272209981220354]","[26.662310098100818, 43.34882384837671]"
q15_VE1__max,answer_z,steps_6_to_10,0.12832358216275933,0.03462276470085941,35.8871698278117,2308,14512,0.013324913165728832,"[0.11549691037704495, 0.16870561268152173]","[27.2970775114733, 39.872669935103055]"
q15_VE1__max,answer_z,steps_11_plus,0.15604958982788802,0.04156011268322039,29.510940663588276,822,8382,0.011027050682774665,"[0.14029310536759124, 0.23653255888653804]","[19.469498016115146, 32.825349285139716]"
q15_VE1__mean,raw,macro8_all,0.03321258447534434,0.008915590969004595,138.65738721437899,4442,28654,0.08380493739465911,"[0.030179658683630553, 0.053055180098597825]","[86.79963346519297, 152.59185778949634]"
q15_VE1__mean,raw,cell=pb_gsm8k_q4,0.1655516082767439,0.04516712981203124,27.81712744396824,207,1361,0.21404313939635605,,
q15_VE1__mean,raw,cell=pb_gsm8k_q8,0.12763569349719844,0.03209815134045834,36.08058263176338,207,1361,0.16516052017114455,,
q15_VE1__mean,raw,cell=pb_math_q4,0.07284765518749708,0.01986149743938383,63.216450469616234,594,3772,0.08160846809457066,,
q15_VE1__mean,raw,cell=pb_math_q8,0.05869747437400567,0.016668664794168706,78.4560193620103,594,3772,0.08281404621353704,,
q15_VE1__mean,raw,cell=pb_olympiadbench_q4,0.05531313666376705,0.014350368432690526,83.2563557908788,661,5161,0.08285252268243999,,
q15_VE1__mean,raw,cell=pb_olympiadbench_q8,0.03913244734804142,0.010071445293013731,117.68162990241856,661,5161,0.08529841632189802,,
q15_VE1__mean,raw,cell=pb_omnimath_q4,0.07527291527790424,0.020536988495211902,61.17964435130497,759,4033,0.09557676775889021,,
q15_VE1__mean,raw,cell=pb_omnimath_q8,0.07432849231846314,0.021008979219818334,61.95699713989989,759,4033,0.09710908722242288,,
q15_VE1__mean,raw,steps_2_to_5,0.0482507100128827,0.012763034351767547,95.44253721361892,1312,5760,0.13389046380811004,"[0.05062772369125366, 0.10028185074879485]","[45.922269599152116, 90.96143081747267]"
q15_VE1__mean,raw,steps_6_to_10,0.028791776497463707,0.0074538666001284296,159.94741367882477,2308,14512,0.09229378962374102,"[0.028589688551434726, 0.058798931374731654]","[78.3206442416252, 161.078011665048]"
q15_VE1__mean,raw,steps_11_plus,0.06130221521713891,0.016061140306254888,75.12241066128024,822,8382,0.1051906733133532,"[0.06876878663306916, 0.13559313361110778]","[33.96315184510816, 66.96599447886118]"
q15_VE1__mean,answer_z,macro8_all,0.11804679742489513,0.030896008844872924,39.011394518500495,4442,28654,0.0035175444376078424,"[0.10559677149047658, 0.14687295418668045]","[31.35478694147301, 43.610899471518564]"
q15_VE1__mean,answer_z,cell=pb_gsm8k_q4,0.22662161127620034,0.06387252754368129,20.320966566491464,207,1361,0.11304747841749592,,
q15_VE1__mean,answer_z,cell=pb_gsm8k_q8,0.17264169004990707,0.05177459518920716,26.674728361711672,207,1361,0.08426615102145164,,
q15_VE1__mean,answer_z,cell=pb_math_q4,0.08698947891270159,0.02280021703705802,52.93939271218783,594,3772,0.011945965493391806,,
q15_VE1__mean,answer_z,cell=pb_math_q8,0.10901384253735638,0.027812008390074215,42.24390296498367,594,3772,0.01552805788693307,,
q15_VE1__mean,answer_z,cell=pb_olympiadbench_q4,0.1854944293064915,0.04773687287570542,24.82646084416364,661,5161,0.014732192189869209,,
q15_VE1__mean,answer_z,cell=pb_olympiadbench_q8,0.19903250444329879,0.05215803986405786,23.137779423863062,661,5161,0.01402654818259,,
q15_VE1__mean,answer_z,cell=pb_omnimath_q4,0.1440158312641373,0.03848656435604943,31.976833002073345,759,4033,0.01948231247150154,,
q15_VE1__mean,answer_z,cell=pb_omnimath_q8,0.15444527493031052,0.041665356983708234,29.81748835026554,759,4033,0.017382335424406842,,
q15_VE1__mean,answer_z,steps_2_to_5,0.09796183195820486,0.026105604195404482,47.009841424289355,1312,5760,0.01586996799926535,"[0.09160368558852947, 0.15936179348550983]","[28.897580061477047, 50.27276093097227]"
q15_VE1__mean,answer_z,steps_6_to_10,0.12757493480328513,0.034456657798709545,36.097766329170064,2308,14512,0.0041946172527585965,"[0.11573731113421605, 0.1685304780389881]","[27.32544427318793, 39.789849451812955]"
q15_VE1__mean,answer_z,steps_11_plus,0.1838566039284564,0.04869262073007143,25.047619109619195,822,8382,0.016552840346878584,"[0.1694121027674067, 0.2722723819388586]","[16.91383515725891, 27.18324199252005]"
q15_VE1__log_top5,raw,macro8_all,0.07496026050327431,0.02079508846671737,61.43482099807984,4442,28654,0.0973086967668178,"[0.06657028955114508, 0.09831531460919607]","[46.84082235095996, 69.1775597948992]"
q15_VE1__log_top5,raw,cell=pb_gsm8k_q4,0.20137500829901284,0.0565720828427924,22.86862816238884,207,1361,0.13909314473113737,,
q15_VE1__log_top5,raw,cell=pb_gsm8k_q8,0.17891636012543044,0.04820444414631964,25.739234705868196,207,1361,0.112998661234927,,
q15_VE1__log_top5,raw,cell=pb_math_q4,0.08831919306986397,0.02328106259892109,52.14234897215626,594,3772,0.10054909074606176,,
q15_VE1__log_top5,raw,cell=pb_math_q8,0.08559571275915215,0.024011953373375323,53.80141174764262,594,3772,0.10834514149342153,,
q15_VE1__log_top5,raw,cell=pb_olympiadbench_q4,0.11177931458611096,0.030628755096919598,41.1987692270239,661,5161,0.10681372558613564,,
q15_VE1__log_top5,raw,cell=pb_olympiadbench_q8,0.10766664359768678,0.029436327768737718,42.77248767218963,661,5161,0.11723996866148191,,
q15_VE1__log_top5,raw,cell=pb_omnimath_q4,0.11419376212501006,0.03272584447794461,40.32768603373208,759,4033,0.13140091852304303,,
q15_VE1__log_top5,raw,cell=pb_omnimath_q8,0.11844680823037451,0.03267581733016336,38.87964779119427,759,4033,0.12775051222055003,,
q15_VE1__log_top5,raw,steps_2_to_5,0.06331340063620595,0.017003170911283484,72.73610546445063,1312,5760,0.1292971801336153,"[0.06191273473984702, 0.11549084579807727]","[39.87476370239519, 74.38163094133533]"
q15_VE1__log_top5,raw,steps_6_to_10,0.06570759229936173,0.01840338672655029,70.0858154261243,2308,14512,0.09174613853154362,"[0.06129921309438997, 0.09952245903906008]","[46.27267282634845, 75.1260897737291]"
q15_VE1__log_top5,raw,steps_11_plus,0.09289998351596591,0.024530665697916388,49.57127021660495,822,8382,0.16723917793631618,"[0.0896092664607452, 0.1722195653517543]","[26.740110373534755, 51.39167373951735]"
q15_VE1__log_top5,answer_z,macro8_all,0.158079223749435,0.0419575968481924,29.132039472103944,4442,28654,0.014156535661574328,"[0.14332548817717006, 0.18840387827317787]","[24.443075313507002, 32.13085295963176]"
q15_VE1__log_top5,answer_z,cell=pb_gsm8k_q4,0.29726283183596375,0.07742623370987017,15.49191386472873,207,1361,0.06748579330717641,,
q15_VE1__log_top5,answer_z,cell=pb_gsm8k_q8,0.269573114236067,0.07169397404204132,17.083195403363977,207,1361,0.05919770744428876,,
q15_VE1__log_top5,answer_z,cell=pb_math_q4,0.1669976130370449,0.04497020356132712,27.576263529985496,594,3772,0.028444670123877244,,
q15_VE1__log_top5,answer_z,cell=pb_math_q8,0.17447174616095626,0.04788344730781058,26.394933777642496,594,3772,0.032848755520844056,,
q15_VE1__log_top5,answer_z,cell=pb_olympiadbench_q4,0.20097022948523757,0.05416834875937608,22.914688398295173,661,5161,0.030114170616446514,,
q15_VE1__log_top5,answer_z,cell=pb_olympiadbench_q8,0.19305807299737548,0.051951241528045394,23.85380789567239,661,5161,0.023737784723806846,,
q15_VE1__log_top5,answer_z,cell=pb_omnimath_q4,0.17564349168370422,0.04604744291094942,26.218848998293677,759,4033,0.01998402240739286,,
q15_VE1__log_top5,answer_z,cell=pb_omnimath_q8,0.1758808822351436,0.04744717522258571,26.183460802926945,759,4033,0.020647586467657793,,
q15_VE1__log_top5,answer_z,steps_2_to_5,0.1425469623596633,0.03920554619011728,32.30633687141427,1312,5760,0.0663258984074345,"[0.13321496402823185, 0.2044232626255809]","[22.527622966388442, 34.569466122530585]"
q15_VE1__log_top5,answer_z,steps_6_to_10,0.1741656739306998,0.04659973585100211,26.44131924537829,2308,14512,0.0164461045137145,"[0.15533144593794526, 0.22111003752088637]","[20.827503977756237, 29.647378598586226]"
q15_VE1__log_top5,answer_z,steps_11_plus,0.19079316450109982,0.051197571445672746,24.136976804331717,822,8382,0.010640847342877027,"[0.16961856924935237, 0.27802175611000635]","[16.56406408772535, 27.15015346708966]"
q15_VE1__cusum_top5,raw,macro8_all,0.05694055162074958,0.01582730823607682,80.87681019777708,4442,28654,0.016599742882714562,"[0.050181091257415544, 0.07868499402535965]","[58.526663730874475, 91.77102511312087]"
q15_VE1__cusum_top5,raw,cell=pb_gsm8k_q4,0.15687231773686522,0.040863748016569945,29.356168458687023,207,1361,0.06500014591847003,,
q15_VE1__cusum_top5,raw,cell=pb_gsm8k_q8,0.10386398499154041,0.028513290347798544,44.338470032352184,207,1361,0.07032841748857036,,
q15_VE1__cusum_top5,raw,cell=pb_math_q4,0.08969591302271235,0.02487670194335777,51.34202920507642,594,3772,0.033569259751478474,,
q15_VE1__cusum_top5,raw,cell=pb_math_q8,0.08378327357856392,0.022756217442797797,54.965269191467016,594,3772,0.04347234720988954,,
q15_VE1__cusum_top5,raw,cell=pb_olympiadbench_q4,0.09199070731387529,0.024147768400332656,50.06125423381191,661,5161,0.03074996453844532,,
q15_VE1__cusum_top5,raw,cell=pb_olympiadbench_q8,0.06742519979741375,0.018625606605916188,68.30043069690294,661,5161,0.026872440432145886,,
q15_VE1__cusum_top5,raw,cell=pb_omnimath_q4,0.10487646193720754,0.02956231554170491,43.91042661932413,759,4033,0.04675198772062107,,
q15_VE1__cusum_top5,raw,cell=pb_omnimath_q8,0.08455299899795331,0.023777411574819204,54.464894688118214,759,4033,0.04520376357684357,,
q15_VE1__cusum_top5,raw,steps_2_to_5,0.09321349862498388,0.025946954661157585,49.40454176616191,1312,5760,0.036160736351667076,"[0.08886536818396829, 0.14853609475520865]","[31.00371120957187, 51.82187707200526]"
q15_VE1__cusum_top5,raw,steps_6_to_10,0.0926793921727691,0.02676891290202972,49.689257536382236,2308,14512,0.018541309004658155,"[0.08618322362474098, 0.12918656416354315]","[35.64743915751329, 53.43464762979771]"
q15_VE1__cusum_top5,raw,steps_11_plus,0.049207572771819474,0.012879704508891927,93.5866153639143,822,8382,0.050721441144143425,"[0.05757523499253416, 0.11724975306080151]","[39.276587504623706, 79.98526079112398]"
q15_VE1__cusum_top5,answer_z,macro8_all,0.08893416141560634,0.0231126818149985,51.78179130140162,4442,28654,0.01550577904958957,"[0.08014607448379187, 0.11474034726560264]","[40.135578248930834, 57.45970985664939]"
q15_VE1__cusum_top5,answer_z,cell=pb_gsm8k_q4,0.18394172819122795,0.048457088686368,25.036027611964716,207,1361,0.06989335402855529,,
q15_VE1__cusum_top5,answer_z,cell=pb_gsm8k_q8,0.22920929173168575,0.06346462168616843,20.091551050115985,207,1361,0.06655315221639715,,
q15_VE1__cusum_top5,answer_z,cell=pb_math_q4,0.09425568190456383,0.024265851385971735,48.85827668883599,594,3772,0.027446348291852177,,
q15_VE1__cusum_top5,answer_z,cell=pb_math_q8,0.11785432960095586,0.030730591459610622,39.075103999834226,594,3772,0.027934724491083893,,
q15_VE1__cusum_top5,answer_z,cell=pb_olympiadbench_q4,0.12076186347888214,0.031417280745030966,38.13430874055208,661,5161,0.027743044530699115,,
q15_VE1__cusum_top5,answer_z,cell=pb_olympiadbench_q8,0.11986132357656022,0.03195577795879653,38.42081873096108,661,5161,0.025592282170045208,,
q15_VE1__cusum_top5,answer_z,cell=pb_omnimath_q4,0.1100741590752155,0.029010383188067892,41.836978130728234,759,4033,0.025917357323425153,,
q15_VE1__cusum_top5,answer_z,cell=pb_omnimath_q8,0.12167632554703091,0.03201301120987571,37.84770920131114,759,4033,0.024075199422641497,,
q15_VE1__cusum_top5,answer_z,steps_2_to_5,0.126616111718653,0.03335758508700205,36.37112310178185,1312,5760,0.03657614305444684,"[0.11741488228164615, 0.19403755746543455]","[23.733395978293775, 39.22134993877139]"
q15_VE1__cusum_top5,answer_z,steps_6_to_10,0.09814193612098886,0.026357772500340163,46.92357179820523,2308,14512,0.023030414184988822,"[0.08845775575203581, 0.14030178958171208]","[32.82331750519854, 52.06067175044859]"
q15_VE1__cusum_top5,answer_z,steps_11_plus,0.08655740120091975,0.021307313471423214,53.203655864140686,822,8382,0.0186393655204824,"[0.08620670017719473, 0.16885577220617817]","[27.27280285310611, 53.42009584547758]"
q15_VE1__onset80,raw,macro8_all,0.04559005968254243,0.011335203311038603,101.01259393067929,4442,28654,0.20979781238601156,"[0.03657581962239014, 0.06288511938432939]","[73.23147719324635, 125.90750483603668]"
q15_VE1__onset80,raw,cell=pb_gsm8k_q4,0.1377334830136365,0.0333255096854677,33.43537159756681,207,1361,0.20221208052464446,,
q15_VE1__onset80,raw,cell=pb_gsm8k_q8,0.12441746216089312,0.031376813548143985,37.01385726734095,207,1361,0.18358502221497827,,
q15_VE1__onset80,raw,cell=pb_math_q4,0.08308228157286103,0.019663506377139105,55.42902889528227,594,3772,0.1777485064566135,,
q15_VE1__onset80,raw,cell=pb_math_q8,0.07659709442538663,0.018615771871601336,60.121995756301125,594,3772,0.164277350736161,,
q15_VE1__onset80,raw,cell=pb_olympiadbench_q4,0.04447509284076127,0.010616148036067287,103.54492575150893,661,5161,0.1972090731105264,,
q15_VE1__onset80,raw,cell=pb_olympiadbench_q8,0.041800760315330636,0.009959176827171852,110.16953163646458,661,5161,0.21834941355433599,,
q15_VE1__onset80,raw,cell=pb_omnimath_q4,0.061445495811611905,0.015395957691238698,74.94723779440659,759,4033,0.27877547939887165,,
q15_VE1__onset80,raw,cell=pb_omnimath_q8,0.06433900284208408,0.016095823886440392,71.57664841793064,759,4033,0.33167817025371066,,
q15_VE1__onset80,raw,steps_2_to_5,0.05208444550361704,0.013235606211857348,88.41737953547538,1312,5760,0.2945687649176145,"[0.04336685362514182, 0.09349725028378268]","[49.254605584768406, 106.19101458903758]"
q15_VE1__onset80,raw,steps_6_to_10,0.0285142820714925,0.007103626084744717,161.50398507112217,2308,14512,0.22546230064141357,"[0.022880501442637164, 0.05183596764103109]","[88.84121191446303, 201.27050963168526]"
q15_VE1__onset80,raw,steps_11_plus,0.06538609476738054,0.015662018928766397,70.43042106080166,822,8382,0.15030650762596784,"[0.05043022213844806, 0.11820785982297113]","[38.958240110977606, 91.31766608811157]"
q15_VE1__onset80,answer_z,macro8_all,0.00021610565163284563,5.280128733835969e-05,21309.80911971743,4442,28654,0.0034838311836353384,"[4.951854827447625e-07, 0.0020253770253771085]","[2273.7347803827524, 9299889.32725189]"
q15_VE1__onset80,answer_z,cell=pb_gsm8k_q4,0.006134310971412206,0.001327709825308492,750.7233016796205,207,1361,0.008104240360164484,,
q15_VE1__onset80,answer_z,cell=pb_gsm8k_q8,0.04467356538461001,0.00913248705895715,103.08490370850426,207,1361,0.01430102515483626,,
q15_VE1__onset80,answer_z,cell=pb_math_q4,0.005326290651224383,0.0012438421151228926,864.6111313751676,594,3772,0.007040378580059138,,
q15_VE1__onset80,answer_z,cell=pb_math_q8,0.014309093232299737,0.0031797096795100027,321.8352212279181,594,3772,0.010559630028431317,,
q15_VE1__onset80,answer_z,cell=pb_olympiadbench_q4,2.3845289216187227e-05,5.907754511409263e-06,193127.04258843296,661,5161,0.0008927570307698911,,
q15_VE1__onset80,answer_z,cell=pb_olympiadbench_q8,2.5316034162939783e-05,6.393426538665456e-06,181907.25120483577,661,5161,0.0038395057712155983,,
q15_VE1__onset80,answer_z,cell=pb_omnimath_q4,9.063187950125436e-05,2.338329371553067e-05,50811.813804703845,759,4033,6.9307737824118865e-06,,
q15_VE1__onset80,answer_z,cell=pb_omnimath_q8,0.0004929772371098425,0.00012982948355486106,9341.547315625838,759,4033,0.0014700846465802485,,
q15_VE1__onset80,answer_z,steps_2_to_5,0.007113064477862727,0.001594505319597609,647.4242150229761,1312,5760,0.02523035183964214,"[0.0019419729092035075, 0.022578985291118372]","[203.95824376570073, 2371.3874504443443]"
q15_VE1__onset80,answer_z,steps_6_to_10,1.2425454591184618e-05,3.127883107590809e-06,370623.87956858194,2308,14512,0.0013528392495752214,"[4.873654117503178e-07, 0.0016063746277418347]","[2866.8095887830486, 9449111.641815417]"
q15_VE1__onset80,answer_z,steps_11_plus,0.00013588443728040456,3.281129282322909e-05,33890.34298670336,822,8382,6.941665971674281e-05,"[4.5612257226352e-07, 0.003667898654134843]","[1255.5336502541197, 10096343.54014715]"
q15_VE1__top30,raw,macro8_all,0.120589917678181,0.03455567376103232,38.18868338792581,4442,28654,0.059381040757659556,"[0.10912436430951901, 0.14770313425926787]","[31.178554260768053, 42.201118101600514]"
q15_VE1__top30,raw,cell=pb_gsm8k_q4,0.24668570342116417,0.06861189071573766,18.668168126977868,207,1361,0.14880498198923242,,
q15_VE1__top30,raw,cell=pb_gsm8k_q8,0.229807851289599,0.06203001035867522,20.039220418908812,207,1361,0.15912472651255472,,
q15_VE1__top30,raw,cell=pb_math_q4,0.1378828871983377,0.037509716977813495,33.39914241398052,594,3772,0.07211097531096988,,
q15_VE1__top30,raw,cell=pb_math_q8,0.14776336068048213,0.04011658830316783,31.165846288148092,594,3772,0.08327216067930097,,
q15_VE1__top30,raw,cell=pb_olympiadbench_q4,0.13951906439192424,0.040759862873934585,33.00746178351417,661,5161,0.07244357048389413,,
q15_VE1__top30,raw,cell=pb_olympiadbench_q8,0.1282753253406787,0.03691889571473406,35.90067048169629,661,5161,0.07706806349273992,,
q15_VE1__top30,raw,cell=pb_omnimath_q4,0.16863329842168803,0.04887885965761432,27.30878319459959,759,4033,0.08355183543181863,,
q15_VE1__top30,raw,cell=pb_omnimath_q8,0.1517176732866085,0.04376843089161029,30.3535513445985,759,4033,0.09109177869113395,,
q15_VE1__top30,raw,steps_2_to_5,0.13684141894009916,0.03869562542449492,33.653335529968125,1312,5760,0.10545678102112985,"[0.12381939707801, 0.19954987402903174]","[23.077790494210504, 37.192639397902205]"
q15_VE1__top30,raw,steps_6_to_10,0.12173881577099566,0.03465474374640897,37.82828144682245,2308,14512,0.05657945769960941,"[0.11101692000529602, 0.16144445738146743]","[28.524795838031228, 41.48169653570288]"
q15_VE1__top30,raw,steps_11_plus,0.11994720315792912,0.03546416067426909,38.39331026272176,822,8382,0.09794097134695456,"[0.1199762100076713, 0.1990762164526158]","[23.13269896348576, 38.384027847634435]"
q15_VE1__top30,answer_z,macro8_all,0.30281611586832125,0.08215454585078823,15.207810762590448,4442,28654,0.026273817151070817,"[0.2798139327463904, 0.34126922992018255]","[13.494243788299249, 16.457973128028588]"
q15_VE1__top30,answer_z,cell=pb_gsm8k_q4,0.38440839779499214,0.1048606091725495,11.979889649663853,207,1361,0.08244128807262503,,
q15_VE1__top30,answer_z,cell=pb_gsm8k_q8,0.3390703028374782,0.0961945585996675,13.581756194659794,207,1361,0.10779780778162595,,
q15_VE1__top30,answer_z,cell=pb_math_q4,0.23292194658012808,0.06102671050348453,19.771302161962033,594,3772,0.033903896990060765,,
q15_VE1__top30,answer_z,cell=pb_math_q8,0.25958693914234904,0.07240367940181021,17.740377082156535,594,3772,0.03302356953432581,,
q15_VE1__top30,answer_z,cell=pb_olympiadbench_q4,0.3300957922258592,0.09042015609790185,13.95101147741116,661,5161,0.043306841763765334,,
q15_VE1__top30,answer_z,cell=pb_olympiadbench_q8,0.36246936890629383,0.0982075553774775,12.704991320738685,661,5161,0.034804463767877554,,
q15_VE1__top30,answer_z,cell=pb_omnimath_q4,0.36773047198543557,0.10156218609475512,12.52322158978026,759,4033,0.038736007872007316,,
q15_VE1__top30,answer_z,cell=pb_omnimath_q8,0.36899358874343285,0.10263449115058593,12.480352847512862,759,4033,0.03404278652927545,,
q15_VE1__top30,answer_z,steps_2_to_5,0.24994419400772472,0.06783720163129137,18.42479359950952,1312,5760,0.08518452406547325,"[0.22723381251717908, 0.3299256559517732]","[13.958205743966912, 20.2662189001469]"
q15_VE1__top30,answer_z,steps_6_to_10,0.3272795060788053,0.0912732915173768,14.071061891908434,2308,14512,0.03665251403479087,"[0.30049795237541616, 0.38539726595285967]","[11.94915115602138, 15.32513000366402]"
q15_VE1__top30,answer_z,steps_11_plus,0.33992900998772235,0.09126964489510946,13.547446821777354,822,8382,0.021728290481006662,"[0.2972664353214938, 0.45495643131158203]","[10.122222413060449, 15.491726070612707]"
q15_VE1__std,raw,macro8_all,0.10129450977120982,0.027967925370361767,45.46317659653638,4442,28654,0.12839885259057415,"[0.09035787770586075, 0.1287369510199727]","[35.77193765660668, 50.96589586775336]"
q15_VE1__std,raw,cell=pb_gsm8k_q4,0.14921670825202335,0.04221587226961715,30.8622957839954,207,1361,0.19598751331226705,,
q15_VE1__std,raw,cell=pb_gsm8k_q8,0.13866352657261477,0.03641345185973694,33.21111398083817,207,1361,0.19984004825553206,,
q15_VE1__std,raw,cell=pb_math_q4,0.10832546956610543,0.03023249963003616,42.51234916805779,594,3772,0.11155055104800271,,
q15_VE1__std,raw,cell=pb_math_q8,0.10686938175258655,0.030169956694609906,43.091576936877274,594,3772,0.11709609121742998,,
q15_VE1__std,raw,cell=pb_olympiadbench_q4,0.11280000551480987,0.030275243816579395,40.82597483014719,661,5161,0.12385262217964052,,
q15_VE1__std,raw,cell=pb_olympiadbench_q8,0.12510948156174406,0.03354893216343315,36.809122126490045,661,5161,0.13182665963586232,,
q15_VE1__std,raw,cell=pb_omnimath_q4,0.138798696695852,0.03870820139464991,33.17877109523117,759,4033,0.14890539133093306,,
q15_VE1__std,raw,cell=pb_omnimath_q8,0.15143223125870953,0.04218105060382786,30.410766239853764,759,4033,0.15091533934870383,,
q15_VE1__std,raw,steps_2_to_5,0.08179946902241549,0.022298083397913084,56.298289475768335,1312,5760,0.15674276923347819,"[0.0755737065990718, 0.1379353897307067]","[33.38642965361416, 60.93614291567185]"
q15_VE1__std,raw,steps_6_to_10,0.08000907366741615,0.021761141277298397,57.55809903675408,2308,14512,0.13313592903902016,"[0.072007442836174, 0.11772349227217195]","[39.11853188436786, 63.9540859194991]"
q15_VE1__std,raw,steps_11_plus,0.12885600954582493,0.03456508002777409,35.738885615190185,822,8382,0.20114976861181977,"[0.11960820016208491, 0.21707662163343627]","[21.214491691162188, 38.50212761121293]"
q15_VE1__std,answer_z,macro8_all,0.11545183307917489,0.030593888593443384,39.88823791849147,4442,28654,0.004236827792983098,"[0.10394909445662537, 0.14240201918940054]","[32.339219711927164, 44.30216742205178]"
q15_VE1__std,answer_z,cell=pb_gsm8k_q4,0.22300679132718737,0.06471656372128291,20.650358487206585,207,1361,0.07480348941620961,,
q15_VE1__std,answer_z,cell=pb_gsm8k_q8,0.19942965919277336,0.057807692905224306,23.091701628676137,207,1361,0.09308098933892225,,
q15_VE1__std,answer_z,cell=pb_math_q4,0.08947599131112578,0.02304351311093119,51.46822201695426,594,3772,0.020822752846292043,,
q15_VE1__std,answer_z,cell=pb_math_q8,0.10776583992580803,0.028018829700810852,42.733116441708674,594,3772,0.02408572436875582,,
q15_VE1__std,answer_z,cell=pb_olympiadbench_q4,0.18757240226113495,0.05114262623719015,24.551427238090476,661,5161,0.017590480877360464,,
q15_VE1__std,answer_z,cell=pb_olympiadbench_q8,0.1853978487794386,0.04943675734107431,24.83939385654201,661,5161,0.01482032936825531,,
q15_VE1__std,answer_z,cell=pb_omnimath_q4,0.14488570556323832,0.03998751920402109,31.784848395399997,759,4033,0.011771623638704574,,
q15_VE1__std,answer_z,cell=pb_omnimath_q8,0.1565170828454207,0.0419334683323044,29.422795916380878,759,4033,0.017787371514872023,,
q15_VE1__std,answer_z,steps_2_to_5,0.10508914555402371,0.027497744441619117,43.821558941315104,1312,5760,0.01737496252189467,"[0.09261300231732114, 0.163960425903576]","[28.0870835789141, 49.724877401224255]"
q15_VE1__std,answer_z,steps_6_to_10,0.12534624265842403,0.0338510000561283,36.739594967656544,2308,14512,0.0074847285817144504,"[0.11181766039131018, 0.1643989328873667]","[28.012165925329906, 41.18464086864385]"
q15_VE1__std,answer_z,steps_11_plus,0.1455954675796086,0.0396070790493911,31.629900727988527,822,8382,0.00930913107281794,"[0.132367276231885, 0.22556952765612465]","[20.415746017824553, 34.79085101003828]"
q15_VE1__iqr,raw,macro8_all,0.17302924840320882,0.05000782598160444,26.61498115773292,4442,28654,0.033721488563112446,"[0.15856763644314925, 0.2024472171486138]","[22.747510441734043, 29.042308312637104]"
q15_VE1__iqr,raw,cell=pb_gsm8k_q4,0.2623627318217437,0.07393230334600755,17.552684232290158,207,1361,0.10940178206756712,,
q15_VE1__iqr,raw,cell=pb_gsm8k_q8,0.2285508537345432,0.06357493977237658,20.14943331315181,207,1361,0.13393485180698717,,
q15_VE1__iqr,raw,cell=pb_math_q4,0.15609431846773514,0.043181441437811614,29.502484338915803,594,3772,0.03386405626961273,,
q15_VE1__iqr,raw,cell=pb_math_q8,0.16519005496605255,0.046344287832739875,27.878011100211083,594,3772,0.0374448854957532,,
q15_VE1__iqr,raw,cell=pb_olympiadbench_q4,0.1960393246801993,0.055863098238284836,23.491053101210927,661,5161,0.0322247175873898,,
q15_VE1__iqr,raw,cell=pb_olympiadbench_q8,0.20393334547831615,0.05946440670377527,22.581741966655233,661,5161,0.04208538852790416,,
q15_VE1__iqr,raw,cell=pb_omnimath_q4,0.22233820938103505,0.06462965188183027,20.71245513224369,759,4033,0.07002756884094992,,
q15_VE1__iqr,raw,cell=pb_omnimath_q8,0.22203188639867108,0.06405546198673195,20.741030762217832,759,4033,0.07403146384588706,,
q15_VE1__iqr,raw,steps_2_to_5,0.12732033022129402,0.03563299268109759,36.16995163289239,1312,5760,0.04718140170094577,"[0.1165989021666431, 0.18724840390929456]","[24.593908892376422, 39.49582800879535]"
q15_VE1__iqr,raw,steps_6_to_10,0.13951813526521356,0.0394192376600531,33.0076815980518,2308,14512,0.032991414024241536,"[0.12624180113834438, 0.18061567782238705]","[25.497067815545343, 36.478964530468254]"
q15_VE1__iqr,raw,steps_11_plus,0.2628896149499685,0.07641518009764994,17.517505158446518,822,8382,0.10216273249710964,"[0.24057760896256752, 0.3608685329600124]","[12.761351476711846, 19.14213964402909]"
q15_VE1__iqr,answer_z,macro8_all,0.13260577188237685,0.034714560990847375,34.72827857050552,4442,28654,0.007263672047390033,"[0.12022370355805469, 0.16091908414136993]","[28.617924409403038, 38.3050101577041]"
q15_VE1__iqr,answer_z,cell=pb_gsm8k_q4,0.23975353597885912,0.0687890345136677,19.207934378052986,207,1361,0.12734733572469878,,
q15_VE1__iqr,answer_z,cell=pb_gsm8k_q8,0.18525828600953717,0.053242862311432285,24.858106404757603,207,1361,0.12444880908864128,,
q15_VE1__iqr,answer_z,cell=pb_math_q4,0.10435915851257231,0.026942742893840434,44.128088532194326,594,3772,0.02074004165551213,,
q15_VE1__iqr,answer_z,cell=pb_math_q8,0.1178286509123124,0.02965302239540616,39.083619733669366,594,3772,0.01767743753857444,,
q15_VE1__iqr,answer_z,cell=pb_olympiadbench_q4,0.20049325630238404,0.05274437440564373,22.969202410691416,661,5161,0.015757896302186186,,
q15_VE1__iqr,answer_z,cell=pb_olympiadbench_q8,0.21452854792968393,0.05859537437176481,21.466467891711687,661,5161,0.019581203616923823,,
q15_VE1__iqr,answer_z,cell=pb_omnimath_q4,0.17212888251505784,0.04590012177669551,26.754197893460624,759,4033,0.0244971672648231,,
q15_VE1__iqr,answer_z,cell=pb_omnimath_q8,0.18323433664655955,0.049000040907736714,25.13268129908969,759,4033,0.02412192718786483,,
q15_VE1__iqr,answer_z,steps_2_to_5,0.09789135391084974,0.025058948619918052,47.043686720096325,1312,5760,0.021996852335270285,"[0.08959334728888735, 0.1580478252067977]","[29.13782698346185, 51.4008051416926]"
q15_VE1__iqr,answer_z,steps_6_to_10,0.13296570538408997,0.035556381340534085,34.63427033824561,2308,14512,0.008323386981980829,"[0.11872636174002735, 0.1736534884756213]","[26.51930707763811, 38.788101635523354]"
q15_VE1__iqr,answer_z,steps_11_plus,0.23733302609923942,0.06491129749620386,19.403832082191826,822,8382,0.03311461468315102,"[0.2151489662364005, 0.32974634225405286]","[13.965796116216026, 21.40456571345103]"
q15_VE1__frac_above_z,raw,macro8_all,0.05303143546395069,0.014030956577439798,86.83849768914061,4442,28654,0.02542618500567739,"[0.047358168984959856, 0.07443569178111079]","[61.86776902040864, 97.24130566472313]"
q15_VE1__frac_above_z,raw,cell=pb_gsm8k_q4,0.2151667685612712,0.05983837499899469,21.402794756741056,207,1361,0.11477765228409989,,
q15_VE1__frac_above_z,raw,cell=pb_gsm8k_q8,0.15320787238189704,0.04130554313311583,30.05831302525311,207,1361,0.15406893856392884,,
q15_VE1__frac_above_z,raw,cell=pb_math_q4,0.06272190209049228,0.016074103546863918,73.42204289888983,594,3772,0.05251513364955863,,
q15_VE1__frac_above_z,raw,cell=pb_math_q8,0.08091596574606118,0.02052711307474139,56.91299786794254,594,3772,0.051604882076900734,,
q15_VE1__frac_above_z,raw,cell=pb_olympiadbench_q4,0.12408367554615975,0.03233791288084476,37.11342499904386,661,5161,0.03215286319053695,,
q15_VE1__frac_above_z,raw,cell=pb_olympiadbench_q8,0.12163130944915418,0.03161899252531906,37.86171674747283,661,5161,0.03688796054051921,,
q15_VE1__frac_above_z,raw,cell=pb_omnimath_q4,0.06196697913776814,0.017093413575252462,74.31651905686161,759,4033,0.017544315434281258,,
q15_VE1__frac_above_z,raw,cell=pb_omnimath_q8,0.08436530144957084,0.02341391295640067,54.586069235357634,759,4033,0.025739241303801355,,
q15_VE1__frac_above_z,raw,steps_2_to_5,0.041392805442176335,0.010713086049702005,111.25532895858636,1312,5760,0.06509710509367783,"[0.045772638009661935, 0.08905066006347004]","[51.714048865059496, 100.6096739501011]"
q15_VE1__frac_above_z,raw,steps_6_to_10,0.051675389262744786,0.013433102422091177,89.11728100533487,2308,14512,0.030629780396199045,"[0.04860091849562741, 0.08373051343318938]","[54.999903824340805, 94.75479740989702]"
q15_VE1__frac_above_z,raw,steps_11_plus,0.13791209098873744,0.035508795489561006,33.39206992637195,822,8382,0.010522503390624875,"[0.1304926984961302, 0.22842909919793553]","[20.160173122241652, 35.290634947860006]"
q15_VE1__frac_above_z,answer_z,macro8_all,0.10468247780088896,0.02743713533481884,43.99179578790009,4442,28654,0.004468639873635799,"[0.09387483332176506, 0.1304293530585616]","[35.307774500118946, 49.05649387630257]"
q15_VE1__frac_above_z,answer_z,cell=pb_gsm8k_q4,0.1727083335173213,0.04991787640722362,26.664435306627688,207,1361,0.07793329347969105,,
q15_VE1__frac_above_z,answer_z,cell=pb_gsm8k_q8,0.17268641790008762,0.04888166618310023,26.66781928763232,207,1361,0.09109964077139152,,
q15_VE1__frac_above_z,answer_z,cell=pb_math_q4,0.08752454148960662,0.02204541531102506,52.61575905010537,594,3772,0.018461147690962982,,
q15_VE1__frac_above_z,answer_z,cell=pb_math_q8,0.08675709058398756,0.022666928788333415,53.08119664905004,594,3772,0.017175352523000703,,
q15_VE1__frac_above_z,answer_z,cell=pb_olympiadbench_q4,0.1668660689127449,0.04361057391584111,27.598002493821305,661,5161,0.014854704186936078,,
q15_VE1__frac_above_z,answer_z,cell=pb_olympiadbench_q8,0.17602210993294506,0.04601692291744617,26.162453044918127,661,5161,0.016985060808040908,,
q15_VE1__frac_above_z,answer_z,cell=pb_omnimath_q4,0.1344751102601413,0.036802507255067285,34.24552080365963,759,4033,0.013578764537735034,,
q15_VE1__frac_above_z,answer_z,cell=pb_omnimath_q8,0.1311518974856415,0.03587933920548933,35.113256264494886,759,4033,0.015247210638991846,,
q15_VE1__frac_above_z,answer_z,steps_2_to_5,0.08721657577974715,0.02353527237279821,52.80154769682524,1312,5760,0.013806636620348794,"[0.08092661680897098, 0.14218798655389303]","[32.38789927053795, 56.90550732966751]"
q15_VE1__frac_above_z,answer_z,steps_6_to_10,0.10885082299665588,0.029081740059375787,42.307169199166935,2308,14512,0.007052666116278969,"[0.09740904577202755, 0.14752570602610054]","[31.216052510694887, 47.276617376643415]"
q15_VE1__frac_above_z,answer_z,steps_11_plus,0.16752682205329822,0.04459460073252969,27.48915146568571,822,8382,0.010445917266832878,"[0.15216129530651154, 0.2569649660284583]","[17.921393165627407, 30.26505641077452]"
q15_VE1__slope,raw,macro8_all,0.24709821020346884,0.06841184422993865,18.637003409276183,4442,28654,0.03815085803626362,"[0.22653686600853548, 0.2817485883487393]","[16.344962766194808, 20.328568445078506]"
q15_VE1__slope,raw,cell=pb_gsm8k_q4,0.29657750364499325,0.08332216343006345,15.52771241712431,207,1361,0.1199425432897572,,
q15_VE1__slope,raw,cell=pb_gsm8k_q8,0.24737478798773466,0.07142163678243331,18.61616627728621,207,1361,0.11652346743356143,,
q15_VE1__slope,raw,cell=pb_math_q4,0.2585927814861773,0.07195567171218835,17.80857980459232,594,3772,0.04329245338205231,,
q15_VE1__slope,raw,cell=pb_math_q8,0.23699397069511027,0.06677047805021005,19.43159217291897,594,3772,0.04776884121482135,,
q15_VE1__slope,raw,cell=pb_olympiadbench_q4,0.24619627395729005,0.0676208135362201,18.705279783344704,661,5161,0.037615983784850066,,
q15_VE1__slope,raw,cell=pb_olympiadbench_q8,0.2755304565532015,0.07640054409384686,16.713833539846405,661,5161,0.039923749982826065,,
q15_VE1__slope,raw,cell=pb_omnimath_q4,0.30628121709893597,0.08565248034243594,15.03575775755297,759,4033,0.0655600365146572,,
q15_VE1__slope,raw,cell=pb_omnimath_q8,0.3040868246651703,0.08625847766531451,15.144260824384089,759,4033,0.06512113350659586,,
q15_VE1__slope,raw,steps_2_to_5,0.20715208621854592,0.056971431978504634,22.230865592778184,1312,5760,0.020514320501794744,"[0.18163809020417176, 0.28349889065478723]","[16.244050110219817, 25.353548811329237]"
q15_VE1__slope,raw,steps_6_to_10,0.22650774463641987,0.06350325549079887,20.33118202373215,2308,14512,0.052936537344149014,"[0.20535455645144488, 0.27513898268903647]","[16.737614353953177, 22.42545899913822]"
q15_VE1__slope,raw,steps_11_plus,0.2677272527126045,0.07046805853658372,17.200976513704322,822,8382,0.08896908212238447,"[0.24452263181794792, 0.38461857982930386]","[11.973343014349163, 18.833308605220374]"
q15_VE1__slope,answer_z,macro8_all,0.0515052760587845,0.014933294881627365,89.4116202917168,4442,28654,0.030300226922684182,"[0.047779161467068086, 0.07061730494451778]","[65.21305492479863, 96.38449157719559]"
q15_VE1__slope,answer_z,cell=pb_gsm8k_q4,0.17898138163620098,0.04968316424654818,25.729883990663332,207,1361,0.13525718823054353,,
q15_VE1__slope,answer_z,cell=pb_gsm8k_q8,0.19187891262039336,0.053260413921690036,24.000397558531105,207,1361,0.1488746038518313,,
q15_VE1__slope,answer_z,cell=pb_math_q4,0.08059687692885398,0.02122855782748115,57.13832050903481,594,3772,0.03489021770136408,,
q15_VE1__slope,answer_z,cell=pb_math_q8,0.06497889537838135,0.01794991387727592,70.87178320240027,594,3772,0.0334043594253749,,
q15_VE1__slope,answer_z,cell=pb_olympiadbench_q4,0.05978253303828125,0.01684438378858425,77.03203514376364,661,5161,0.034532753275973084,,
q15_VE1__slope,answer_z,cell=pb_olympiadbench_q8,0.08194005794662926,0.02245206725559261,56.20169550023528,661,5161,0.03704257007352968,,
q15_VE1__slope,answer_z,cell=pb_omnimath_q4,0.07808042396228787,0.022508388387847068,58.979830696261935,759,4033,0.048080517999246675,,
q15_VE1__slope,answer_z,cell=pb_omnimath_q8,0.0803842135667825,0.02341059992834137,57.28948485839395,759,4033,0.04077704289100608,,
q15_VE1__slope,answer_z,steps_2_to_5,0.046586123945096924,0.012407985172582013,98.8528298987788,1312,5760,0.09061624591488834,"[0.05142891345769217, 0.09610064274465115]","[47.920284968587374, 89.54438031782492]"
q15_VE1__slope,answer_z,steps_6_to_10,0.07239064922736002,0.021080046131490202,63.61553923248376,2308,14512,0.04425531402900289,"[0.06874251059327308, 0.10588917785127441]","[43.49047069244638, 66.99159146565617]"
q15_VE1__slope,answer_z,steps_11_plus,0.08651790750336975,0.023303241390711115,53.22794227089608,822,8382,0.010973220832811353,"[0.08736312404983947, 0.16148868951497333]","[28.516982829073598, 52.71297513766684]"
q15_VE1__jump,raw,macro8_all,0.08494533747751903,0.022246470513779752,54.21333674972873,4442,28654,0.07490238998873353,"[0.07608561839713553, 0.11165558075051336]","[41.24442464078911, 60.526158333247736]"
q15_VE1__jump,raw,cell=pb_gsm8k_q4,0.2000139845510683,0.05616816190731929,23.024241011569284,207,1361,0.165345871321702,,
q15_VE1__jump,raw,cell=pb_gsm8k_q8,0.22337472915484546,0.05907181227249717,20.61634368136489,207,1361,0.1826313782493224,,
q15_VE1__jump,raw,cell=pb_math_q4,0.09669325434495601,0.025155092612346757,47.626592125641075,594,3772,0.08637900954214317,,
q15_VE1__jump,raw,cell=pb_math_q8,0.09004336312644402,0.023917107878070394,51.14391584331706,594,3772,0.09215938135262743,,
q15_VE1__jump,raw,cell=pb_olympiadbench_q4,0.09669568152910449,0.024193890892628016,47.62539663782171,661,5161,0.07127650442277716,,
q15_VE1__jump,raw,cell=pb_olympiadbench_q8,0.09233163777308143,0.023648592538430314,49.876405282726324,661,5161,0.06690488596056954,,
q15_VE1__jump,raw,cell=pb_omnimath_q4,0.10876676151687889,0.02922510472678037,42.33986671813743,759,4033,0.08955543598194068,,
q15_VE1__jump,raw,cell=pb_omnimath_q8,0.12523377888755557,0.03282744056869931,36.77258824971627,759,4033,0.08514691937831909,,
q15_VE1__jump,raw,steps_2_to_5,0.11443565637179967,0.029856501199168523,40.24244131589516,1312,5760,0.17547729740168094,"[0.10585711063694923, 0.17890867401418914]","[25.740340491388686, 43.503645227783736]"
q15_VE1__jump,raw,steps_6_to_10,0.06116985281216621,0.01585592571551257,75.28496431288059,2308,14512,0.07700726173795269,"[0.055145636862502144, 0.09809399451088378]","[46.946504818673034, 83.5092393160756]"
q15_VE1__jump,raw,steps_11_plus,0.10361815944076061,0.027859703775907515,44.44365940142864,822,8382,0.0749530697153635,"[0.10587331706086768, 0.1855626655210163]","[24.817331509319818, 43.49698596238872]"
q15_VE1__jump,answer_z,macro8_all,0.04524966366560924,0.01113144739985355,101.77247327228478,4442,28654,0.049875533766775275,"[0.04030697337620473, 0.06594152787564281]","[69.83717748658853, 114.25244319402954]"
q15_VE1__jump,answer_z,cell=pb_gsm8k_q4,0.16560936856776037,0.04373365921919136,27.80742554491324,207,1361,0.17555141587840586,,
q15_VE1__jump,answer_z,cell=pb_gsm8k_q8,0.15668020402261038,0.03934088840684525,29.392163577496515,207,1361,0.18601469187687886,,
q15_VE1__jump,answer_z,cell=pb_math_q4,0.05151521459397111,0.013037275112083024,89.3943706201127,594,3772,0.06132059774675653,,
q15_VE1__jump,answer_z,cell=pb_math_q8,0.06069760290147565,0.015278542238564447,75.87070931719008,594,3772,0.06130024429238807,,
q15_VE1__jump,answer_z,cell=pb_olympiadbench_q4,0.06801929274798194,0.017768571758912066,67.7038822360399,661,5161,0.057185391650665114,,
q15_VE1__jump,answer_z,cell=pb_olympiadbench_q8,0.06171130222509701,0.015536299636891713,74.62442081015172,661,5161,0.05386113838525119,,
q15_VE1__jump,answer_z,cell=pb_omnimath_q4,0.06913707177906267,0.017663280169752667,66.60927440931498,759,4033,0.057188139325707474,,
q15_VE1__jump,answer_z,cell=pb_omnimath_q8,0.09172557274470118,0.023374953435984586,50.20595727219511,759,4033,0.05210241242930069,,
q15_VE1__jump,answer_z,steps_2_to_5,0.07095910681351028,0.018348548140864656,64.89893112791111,1312,5760,0.1692098541213085,"[0.06724690293222389, 0.1281791794842077]","[35.92759919761751, 68.48152086096073]"
q15_VE1__jump,answer_z,steps_6_to_10,0.042194522414907,0.0104713416727993,109.14142221363596,2308,14512,0.0614684548067174,"[0.03937185793953825, 0.07529933563048154]","[61.15817818881123, 116.96603683422975]"
q15_VE1__jump,answer_z,steps_11_plus,0.09823298414555445,0.02630518350934032,46.88008031156304,822,8382,0.01844094495186397,"[0.09878152414434747, 0.17998228446897008]","[25.586797053806972, 46.61975228544407]"
q15_VE1__q90,raw,macro8_all,0.07495632637471031,0.021152385786320504,61.43804544217686,4442,28654,0.10382220374974624,"[0.06520050083480805, 0.10026747830422732]","[45.928852145012364, 70.63090201800364]"
q15_VE1__q90,raw,cell=pb_gsm8k_q4,0.14152634027845695,0.03938049952409598,32.53931513333344,207,1361,0.184689123939127,,
q15_VE1__q90,raw,cell=pb_gsm8k_q8,0.19541663668477424,0.053081728058454895,23.565906486338072,207,1361,0.19659210657945478,,
q15_VE1__q90,raw,cell=pb_math_q4,0.08758825873382381,0.023859623755168858,52.57748301610797,594,3772,0.1068679171895552,,
q15_VE1__q90,raw,cell=pb_math_q8,0.09350047168707873,0.0262906956841443,49.25290859922477,594,3772,0.10439831192730792,,
q15_VE1__q90,raw,cell=pb_olympiadbench_q4,0.09346087104805674,0.02570179275865683,49.273777724799444,661,5161,0.09162272556114764,,
q15_VE1__q90,raw,cell=pb_olympiadbench_q8,0.09949705381534724,0.026505663377394198,46.28448792599076,661,5161,0.10691322281931569,,
q15_VE1__q90,raw,cell=pb_omnimath_q4,0.12559970607038295,0.03556292640097816,36.66545352747457,759,4033,0.1240255911654568,,
q15_VE1__q90,raw,cell=pb_omnimath_q8,0.13335992601251662,0.03808086986167451,34.53188917903171,759,4033,0.12320523875453866,,
q15_VE1__q90,raw,steps_2_to_5,0.06802522596268243,0.01913405248786137,67.69797704919667,1312,5760,0.1355593455423252,"[0.06636683806843126, 0.11876410856780882]","[38.775773603005256, 69.38962771195567]"
q15_VE1__q90,raw,steps_6_to_10,0.05181687995530807,0.014266503336134339,88.87393818307933,2308,14512,0.10672007416198018,"[0.048272622962831475, 0.08518544205585538]","[54.06053047149207, 95.39921187903835]"
q15_VE1__q90,raw,steps_11_plus,0.10107507372857928,0.03008209513442942,45.56187807841258,822,8382,0.15247002904748713,"[0.09987559759454433, 0.1765884378599162]","[26.078548753238724, 46.1090626429418]"
q15_VE1__q90,answer_z,macro8_all,0.12427072870455527,0.03254487438067965,37.05756161562835,4442,28654,0.004056507849870706,"[0.11126439692136372, 0.15041390719121026]","[30.616651558249025, 41.38943196036736]"
q15_VE1__q90,answer_z,cell=pb_gsm8k_q4,0.21977379142973175,0.06354358325688002,20.95413723369514,207,1361,0.08200962616567702,,
q15_VE1__q90,answer_z,cell=pb_gsm8k_q8,0.225792647223792,0.06942559201225654,20.395571966627088,207,1361,0.12340445553780968,,
q15_VE1__q90,answer_z,cell=pb_math_q4,0.09808853124291839,0.02579573517659458,46.94911961300845,594,3772,0.010820029981924075,,
q15_VE1__q90,answer_z,cell=pb_math_q8,0.1121897403947463,0.029802951371062057,41.04805100523921,594,3772,0.01789898655343126,,
q15_VE1__q90,answer_z,cell=pb_olympiadbench_q4,0.18636454815652934,0.050803161394721075,24.7105483931427,661,5161,0.01650432716030592,,
q15_VE1__q90,answer_z,cell=pb_olympiadbench_q8,0.20630872520951954,0.054931079648990064,22.32174223999131,661,5161,0.016892062267492482,,
q15_VE1__q90,answer_z,cell=pb_omnimath_q4,0.18289020844494114,0.048642000418763987,25.17997122505589,759,4033,0.020114669246649425,,
q15_VE1__q90,answer_z,cell=pb_omnimath_q8,0.14617051877174864,0.03927335679108465,31.505465155933784,759,4033,0.023893523837088065,,
q15_VE1__q90,answer_z,steps_2_to_5,0.10718977948973418,0.02845693866818428,42.96277320384953,1312,5760,0.019092094321490078,"[0.09987922200069935, 0.16686787416897245]","[27.59770392547124, 46.10738944237919]"
q15_VE1__q90,answer_z,steps_6_to_10,0.1376404143443518,0.03653763309443705,33.45797967787845,2308,14512,0.006507930865409107,"[0.12219005806287958, 0.17789024027175926]","[25.887705693987865, 37.688583334809856]"
q15_VE1__q90,answer_z,steps_11_plus,0.17073262400458067,0.04594249901276244,26.97299483820115,822,8382,0.014705502371595972,"[0.1546818318272146, 0.25456117964085306]","[18.09062242909655, 29.771888085293945]"
q15_VE1__first_token,raw,macro8_all,0.14810303349475845,0.03946788793819809,31.094367733872748,4442,28654,0.2601818133412125,"[0.1346370931451634, 0.17834982732820742]","[25.820996044551528, 34.20431976366926]"
q15_VE1__first_token,raw,cell=pb_gsm8k_q4,0.17077863143554062,0.04755530118553865,26.96572836588333,207,1361,0.3363974610307193,,
q15_VE1__first_token,raw,cell=pb_gsm8k_q8,0.18119383217870122,0.048072152539391996,25.415711620063718,207,1361,0.32517198778844864,,
q15_VE1__first_token,raw,cell=pb_math_q4,0.15465129105352549,0.04296588357029453,29.77776748332623,594,3772,0.2623836337649602,,
q15_VE1__first_token,raw,cell=pb_math_q8,0.14341695532906007,0.038055842031954876,32.11036083859021,594,3772,0.2746297355994054,,
q15_VE1__first_token,raw,cell=pb_olympiadbench_q4,0.17693314508965136,0.04922479720182503,26.02774162893374,661,5161,0.21861621106280993,,
q15_VE1__first_token,raw,cell=pb_olympiadbench_q8,0.19613673126644815,0.055389866601577624,23.479386835156607,661,5161,0.22619862350591563,,
q15_VE1__first_token,raw,cell=pb_omnimath_q4,0.21089366504946233,0.05392785858710298,21.83645575559612,759,4033,0.30610341901339977,,
q15_VE1__first_token,raw,cell=pb_omnimath_q8,0.20758460008072954,0.05492451857943408,22.184546369032883,759,4033,0.3028756109247616,,
q15_VE1__first_token,raw,steps_2_to_5,0.14224888754579199,0.03681580911016218,32.374033044761916,1312,5760,0.44352706652788426,"[0.13004679575335795, 0.21033997367130639]","[21.893937255999134, 35.41163901279114]"
q15_VE1__first_token,raw,steps_6_to_10,0.15489954167789743,0.04108686107270498,29.73004397627086,2308,14512,0.27282357393038614,"[0.14002954943394644, 0.19813873635305512]","[23.242149772179488, 32.88713135623138]"
q15_VE1__first_token,raw,steps_11_plus,0.14098269567704164,0.038270484597620134,32.664790269987876,822,8382,0.20730010258999323,"[0.13130537099507134, 0.22510331562240923]","[20.458029119894682, 35.0722148765792]"
q15_VE1__first_token,answer_z,macro8_all,0.05230972399218442,0.01419902009140003,88.03659882962008,4442,28654,0.20096527862649477,"[0.04719389504804736, 0.07281155652315902]","[63.247792052396726, 97.57978614182281]"
q15_VE1__first_token,answer_z,cell=pb_gsm8k_q4,0.1451015009391177,0.03934684364731625,31.737577876057593,207,1361,0.2940856521863371,,
q15_VE1__first_token,answer_z,cell=pb_gsm8k_q8,0.12065126258237302,0.032029419818001593,38.16926642474192,207,1361,0.29514982890610053,,
q15_VE1__first_token,answer_z,cell=pb_math_q4,0.05613145617269462,0.014164231349765312,82.04259251389769,594,3772,0.22711776795261476,,
q15_VE1__first_token,answer_z,cell=pb_math_q8,0.04545349981272541,0.01200156885199219,101.31607477888431,594,3772,0.24609835925617957,,
q15_VE1__first_token,answer_z,cell=pb_olympiadbench_q4,0.09942006105630474,0.027477931366162892,46.32033150110457,661,5161,0.1656121951385312,,
q15_VE1__first_token,answer_z,cell=pb_olympiadbench_q8,0.10847150742594047,0.029318727523099077,42.45511374618167,661,5161,0.17371942441634855,,
q15_VE1__first_token,answer_z,cell=pb_omnimath_q4,0.09618174670891023,0.025773726168437754,47.87987683281978,759,4033,0.22305867725455478,,
q15_VE1__first_token,answer_z,cell=pb_omnimath_q8,0.09855620222776332,0.026698827664393875,46.726335653088036,759,4033,0.2357945454363478,,
q15_VE1__first_token,answer_z,steps_2_to_5,0.06460049284972977,0.016596705858464744,71.28692031344706,1312,5760,0.41995445352094185,"[0.06245712918768666, 0.11935076807982062]","[38.585174273098936, 73.73329907862616]"
q15_VE1__first_token,answer_z,steps_6_to_10,0.07388660328775201,0.020317130752863084,62.32753951420959,2308,14512,0.2373305153398917,"[0.0666792541988714, 0.10890642098966974]","[42.2855708978345, 69.06451251318941]"
q15_VE1__first_token,answer_z,steps_11_plus,0.05794205344081957,0.015279505233276014,79.47889162560811,822,8382,0.10332556836639142,"[0.06408881357216657, 0.12318974968299677]","[37.38273840022031, 71.85606862268538]"
q15_VE1__boxcar8_max,raw,macro8_all,0.05463453762568658,0.015280726328740278,84.29045776023843,4442,28654,0.09505038416637719,"[0.0485353724478778, 0.07634396649533631]","[60.32133772181475, 94.88276186473257]"
q15_VE1__boxcar8_max,raw,cell=pb_gsm8k_q4,0.14314180131754542,0.040773406218544646,32.17208490881006,207,1361,0.17116720207121805,,
q15_VE1__boxcar8_max,raw,cell=pb_gsm8k_q8,0.12991702689583334,0.03564831927070885,35.44701026510165,207,1361,0.15691555084920183,,
q15_VE1__boxcar8_max,raw,cell=pb_math_q4,0.07655616055761238,0.0201059849963858,60.15414242884435,594,3772,0.08589021564511126,,
q15_VE1__boxcar8_max,raw,cell=pb_math_q8,0.0692635890366221,0.01963534908321419,66.48760553763935,594,3772,0.09444694636641834,,
q15_VE1__boxcar8_max,raw,cell=pb_olympiadbench_q4,0.0829964780272927,0.022507826583256695,55.486332618520514,661,5161,0.10842996309959521,,
q15_VE1__boxcar8_max,raw,cell=pb_olympiadbench_q8,0.07529879120553656,0.019976603215696734,61.15862037436642,661,5161,0.11639633799508567,,
q15_VE1__boxcar8_max,raw,cell=pb_omnimath_q4,0.09235492579352145,0.025863486455663366,49.863828555110345,759,4033,0.13040211493918544,,
q15_VE1__boxcar8_max,raw,cell=pb_omnimath_q8,0.11150100308151421,0.03150528708824366,41.30160320281087,759,4033,0.129132628965717,,
q15_VE1__boxcar8_max,raw,steps_2_to_5,0.05134184544256093,0.013596191244857721,89.69623406194388,1312,5760,0.13217172011782563,"[0.05176281945787792, 0.09982612182801204]","[46.13191519071758, 88.96675710903956]"
q15_VE1__boxcar8_max,raw,steps_6_to_10,0.04581790189651139,0.013050919075200722,100.51028081534072,2308,14512,0.09573584914597298,"[0.04431948359736714, 0.07689533330148919]","[59.88881234095523, 103.90848024821453]"
q15_VE1__boxcar8_max,raw,steps_11_plus,0.07154462794728345,0.01885914184128238,64.36779836749365,822,8382,0.16009548167568985,"[0.07357905522962901, 0.14586615517976811]","[31.57120430241406, 62.58805813170688]"
q15_VE1__boxcar8_max,answer_z,macro8_all,0.14826127702354663,0.03972689209578122,31.06117982011382,4442,28654,0.017942413552278713,"[0.13492669698715787, 0.17650220053746854]","[26.091290487964706, 34.130904326713086]"
q15_VE1__boxcar8_max,answer_z,cell=pb_gsm8k_q4,0.3175546270400057,0.08479202781920918,14.501977908222795,207,1361,0.09350546295466523,,
q15_VE1__boxcar8_max,answer_z,cell=pb_gsm8k_q8,0.2755803421358255,0.07521197958563303,16.71080799993469,207,1361,0.11180121920135667,,
q15_VE1__boxcar8_max,answer_z,cell=pb_math_q4,0.13587468836298475,0.03635267276389707,33.892774595997835,594,3772,0.03310805531893801,,
q15_VE1__boxcar8_max,answer_z,cell=pb_math_q8,0.1403514215674207,0.038125679573782975,32.81171030943854,594,3772,0.023548948593923598,,
q15_VE1__boxcar8_max,answer_z,cell=pb_olympiadbench_q4,0.19327323799478718,0.05298792513914994,23.827252204013362,661,5161,0.02978316505472696,,
q15_VE1__boxcar8_max,answer_z,cell=pb_olympiadbench_q8,0.21556186244227363,0.05843514124570391,21.363566513168966,661,5161,0.030345866828336614,,
q15_VE1__boxcar8_max,answer_z,cell=pb_omnimath_q4,0.16157765526780168,0.043064966873694946,28.50128118492251,759,4033,0.030514328482618,,
q15_VE1__boxcar8_max,answer_z,cell=pb_omnimath_q8,0.17218892957010934,0.046572432998640084,26.74486796268181,759,4033,0.02637083143060035,,
q15_VE1__boxcar8_max,answer_z,steps_2_to_5,0.1332548732505535,0.03510623994826078,34.55911272625043,1312,5760,0.05672744475073914,"[0.12028945163662508, 0.19670971751464986]","[23.410994861731343, 38.28407331924302]"
q15_VE1__boxcar8_max,answer_z,steps_6_to_10,0.15388325160936386,0.04148075124356236,29.926389895103213,2308,14512,0.026420540088029847,"[0.13932470335050648, 0.19938509517997352]","[23.096862791229544, 33.05350792244376]"
q15_VE1__boxcar8_max,answer_z,steps_11_plus,0.1916634829675149,0.0513058733512216,24.02737399261717,822,8382,0.011284716440466552,"[0.17117851087739844, 0.27906635178980604]","[16.502061808787058, 26.902735409857662]"
q15_VE1__page_wmax,raw,macro8_all,0.14787218932118848,0.04174388883702238,31.14290934034491,4442,28654,0.019600202421345463,"[0.13463135492007017, 0.17633113093888764]","[26.1166032422496, 34.2057776119252]"
q15_VE1__page_wmax,raw,cell=pb_gsm8k_q4,0.30075218637653395,0.0843092025805025,15.31217525455505,207,1361,0.10932385750037657,,
q15_VE1__page_wmax,raw,cell=pb_gsm8k_q8,0.21953463996502104,0.0609311596250366,20.97696375716308,207,1361,0.12553887596399138,,
q15_VE1__page_wmax,raw,cell=pb_math_q4,0.1272138521547483,0.0342017210241769,36.200225902963524,594,3772,0.032961158736878104,,
q15_VE1__page_wmax,raw,cell=pb_math_q8,0.14521872513692086,0.04137257823364468,31.711958507045583,594,3772,0.04026048787907853,,
q15_VE1__page_wmax,raw,cell=pb_olympiadbench_q4,0.21548419441853459,0.0590492368013633,21.371266688096284,661,5161,0.041771181637501896,,
q15_VE1__page_wmax,raw,cell=pb_olympiadbench_q8,0.2308537665763032,0.06526177686470118,19.94842992724558,661,5161,0.039651381188684116,,
q15_VE1__page_wmax,raw,cell=pb_omnimath_q4,0.15066681689688954,0.045124382657648766,30.565258368335275,759,4033,0.01848357194693141,,
q15_VE1__page_wmax,raw,cell=pb_omnimath_q8,0.16169152314232452,0.04642559428415714,28.481209753553482,759,4033,0.019257436819961386,,
q15_VE1__page_wmax,raw,steps_2_to_5,0.15960594978231574,0.04378596713556871,28.8533741522106,1312,5760,0.029017649137624973,"[0.14360189636189705, 0.2274513879599941]","[20.24683264099529, 32.06900676563778]"
q15_VE1__page_wmax,raw,steps_6_to_10,0.16659184234390736,0.04571652498491626,27.643431522182894,2308,14512,0.030581305631910555,"[0.14911360904951224, 0.21166545576333035]","[21.75683400666604, 30.883634400257687]"
q15_VE1__page_wmax,raw,steps_11_plus,0.17194537968135143,0.04681105390977725,26.782750397378383,822,8382,0.01730588707978086,"[0.1546434604138036, 0.26325482949389084]","[17.493203049081995, 29.779275332208165]"
q15_VE1__page_wmax,answer_z,macro8_all,0.12372124050813722,0.03186172226823227,37.222146876915666,4442,28654,0.009685430034007398,"[0.11143919889297567, 0.15265279486170805]","[30.16761134416196, 41.32450907522065]"
q15_VE1__page_wmax,answer_z,cell=pb_gsm8k_q4,0.25001094261560386,0.06655375211086159,18.419874497527974,207,1361,0.08165035282831928,,
q15_VE1__page_wmax,answer_z,cell=pb_gsm8k_q8,0.18143338590089303,0.049479125567955654,25.382154244222946,207,1361,0.1072393383017322,,
q15_VE1__page_wmax,answer_z,cell=pb_math_q4,0.10458152183907121,0.026498568533220225,44.03426250647291,594,3772,0.02784514608795328,,
q15_VE1__page_wmax,answer_z,cell=pb_math_q8,0.11440474194580424,0.029960084682749917,40.25331562016591,594,3772,0.02091123679477616,,
q15_VE1__page_wmax,answer_z,cell=pb_olympiadbench_q4,0.20694943657246628,0.05438819069762584,22.252634567456415,661,5161,0.0211580588218086,,
q15_VE1__page_wmax,answer_z,cell=pb_olympiadbench_q8,0.19780122240871018,0.051480653607374846,23.281808524279896,661,5161,0.02322076981405672,,
q15_VE1__page_wmax,answer_z,cell=pb_omnimath_q4,0.13360314122543454,0.03462681985971439,34.46902627998531,759,4033,0.024899247293347162,,
q15_VE1__page_wmax,answer_z,cell=pb_omnimath_q8,0.13894054970874542,0.03569527204420604,33.144896832794274,759,4033,0.027335515870676667,,
q15_VE1__page_wmax,answer_z,steps_2_to_5,0.12263609217144056,0.03174194937693412,37.551507916203335,1312,5760,0.036307185657997454,"[0.10890052926710321, 0.18590705345708544]","[24.771358054207145, 42.28785862640639]"
q15_VE1__page_wmax,answer_z,steps_6_to_10,0.12953108379644507,0.03413460693737725,35.5526260648371,2308,14512,0.013206272890525887,"[0.11692079468157043, 0.17194319347685588]","[26.7830909317615, 39.38709276249881]"
q15_VE1__page_wmax,answer_z,steps_11_plus,0.13779526915594978,0.03564261395284413,33.420379481796225,822,8382,0.014460240974147776,"[0.12481363867210227, 0.22890392585406674]","[20.118353884957084, 36.896369939877545]"
chosen_surprisal__top5,raw,macro8_all,0.0987043542730759,0.025843854496549034,46.65620093362252,4442,28654,0.2249655051113293,"[0.08703143877726452, 0.12598980925683342]","[36.55192601014528, 52.91386940958069]"
chosen_surprisal__top5,raw,cell=pb_gsm8k_q4,0.12109669223764687,0.03337311025193578,38.02886850906423,207,1361,0.3374149100106979,,
chosen_surprisal__top5,raw,cell=pb_gsm8k_q8,0.15579950770289897,0.04254279430338193,29.558310253264064,207,1361,0.3582559450119159,,
chosen_surprisal__top5,raw,cell=pb_math_q4,0.10918931385418693,0.029331344680285743,42.176015430758234,594,3772,0.1843183094952111,,
chosen_surprisal__top5,raw,cell=pb_math_q8,0.12266476055459215,0.03398836155683225,37.54273163023502,594,3772,0.1990619023763014,,
chosen_surprisal__top5,raw,cell=pb_olympiadbench_q4,0.1309310057033194,0.03432108916941525,35.172495324927766,661,5161,0.18037735249736164,,
chosen_surprisal__top5,raw,cell=pb_olympiadbench_q8,0.1311624132061084,0.03430700778753666,35.110441119679116,661,5161,0.20362195652791926,,
chosen_surprisal__top5,raw,cell=pb_omnimath_q4,0.12837290939508042,0.03417111169396964,35.873380199051354,759,4033,0.262808112928467,,
chosen_surprisal__top5,raw,cell=pb_omnimath_q8,0.141283409791609,0.03768515558428814,32.595265026379614,759,4033,0.28332499381331394,,
chosen_surprisal__top5,raw,steps_2_to_5,0.10450642753640997,0.027461481394058906,44.065903835279926,1312,5760,0.37471379296234414,"[0.09704381622966245, 0.16619731052510237]","[27.709053602841117, 47.454545430175216]"
chosen_surprisal__top5,raw,steps_6_to_10,0.08267869322944982,0.021264519588061817,55.69960053925657,2308,14512,0.22937825521157926,"[0.07353163317734711, 0.12184812587926948]","[37.794345647556554, 62.628422448895186]"
chosen_surprisal__top5,raw,steps_11_plus,0.1235734664306491,0.0345233309695198,37.26665860403429,822,8382,0.24511200416805415,"[0.12042208825331141, 0.20439651754773458]","[22.53057068309691, 38.241906055481955]"
chosen_surprisal__top5,answer_z,macro8_all,0.2244366148961046,0.0578432954569327,20.51880076751247,4442,28654,0.2534781868613649,"[0.20360883761436452, 0.2603967124970452]","[17.68520862582068, 22.617732314303037]"
chosen_surprisal__top5,answer_z,cell=pb_gsm8k_q4,0.3106098764210044,0.08384330099732099,14.826219433364663,207,1361,0.32061430335279134,,
chosen_surprisal__top5,answer_z,cell=pb_gsm8k_q8,0.320916933317417,0.08753840248802254,14.35003799389154,207,1361,0.33355947594170343,,
chosen_surprisal__top5,answer_z,cell=pb_math_q4,0.2461912532667047,0.06163032824189897,18.705661248652095,594,3772,0.2691891587467859,,
chosen_surprisal__top5,answer_z,cell=pb_math_q8,0.23633611338177232,0.062296607457331246,19.48568130402059,594,3772,0.2778907940256196,,
chosen_surprisal__top5,answer_z,cell=pb_olympiadbench_q4,0.2976754531363392,0.08147123323522056,15.470439827898286,661,5161,0.22086652220221759,,
chosen_surprisal__top5,answer_z,cell=pb_olympiadbench_q8,0.2858001345961214,0.0763981387187378,16.113254083997862,661,5161,0.22813093415708285,,
chosen_surprisal__top5,answer_z,cell=pb_omnimath_q4,0.22776006553894226,0.06143593553132069,20.21939260989852,759,4033,0.2759290368625862,,
chosen_surprisal__top5,answer_z,cell=pb_omnimath_q8,0.22320152739362084,0.059975418363338404,20.632341721688903,759,4033,0.28746853852259585,,
chosen_surprisal__top5,answer_z,steps_2_to_5,0.1751891745187762,0.04337142408719365,26.286842201511288,1312,5760,0.43041493145543075,"[0.15370948194805673, 0.2560243292491969]","[17.987236601665806, 29.960221891479172]"
chosen_surprisal__top5,answer_z,steps_6_to_10,0.28820825012201395,0.0744764686435007,15.978620265167555,2308,14512,0.2826417762158265,"[0.2591310755777161, 0.34612333160216974]","[13.304997859205928, 17.771585965601233]"
chosen_surprisal__top5,answer_z,steps_11_plus,0.4167131026740522,0.1096208162248003,11.051176832301811,822,8382,0.1508515288334521,"[0.369642855658189, 0.5353795254140111]","[8.601692756978137, 12.458431471069796]"
chosen_surprisal__top10,raw,macro8_all,0.0879232406052604,0.023674192106057923,52.37716619958804,4442,28654,0.20050891432631812,"[0.07768346181197432, 0.11387524238869513]","[40.440486354962665, 59.28121737332565]"
chosen_surprisal__top10,raw,cell=pb_gsm8k_q4,0.17565141427863434,0.04794368134206218,26.217666421307314,207,1361,0.31823222800447576,,
chosen_surprisal__top10,raw,cell=pb_gsm8k_q8,0.13310931364653614,0.03499259338923723,34.59690430240552,207,1361,0.32763147877091525,,
chosen_surprisal__top10,raw,cell=pb_math_q4,0.1038424968356367,0.029384664751816943,44.34764500392568,594,3772,0.16438456572414192,,
chosen_surprisal__top10,raw,cell=pb_math_q8,0.10510866992951413,0.029166615946183232,43.81341890327714,594,3772,0.16949401307089348,,
chosen_surprisal__top10,raw,cell=pb_olympiadbench_q4,0.12485952748567596,0.0337798589438239,36.882809655966405,661,5161,0.1586704321825626,,
chosen_surprisal__top10,raw,cell=pb_olympiadbench_q8,0.12107551733901391,0.032653846713373416,38.03551937831925,661,5161,0.18838358073314262,,
chosen_surprisal__top10,raw,cell=pb_omnimath_q4,0.1177387386083957,0.03175180164908532,39.113466310396724,759,4033,0.23714058658903545,,
chosen_surprisal__top10,raw,cell=pb_omnimath_q8,0.13281952499937505,0.03505004469598741,34.67238861161234,759,4033,0.2589756570856233,,
chosen_surprisal__top10,raw,steps_2_to_5,0.08524025178304238,0.02307619087447492,54.02576939483232,1312,5760,0.3398862642231264,"[0.08098853570184952, 0.1405569648770937]","[32.763728144065716, 56.862000850855296]"
chosen_surprisal__top10,raw,steps_6_to_10,0.06887399587573653,0.01836895683914784,66.86369982506615,2308,14512,0.20098274481102318,"[0.06298892725296804, 0.10460990204876554]","[44.02231620331047, 73.11078925814054]"
chosen_surprisal__top10,raw,steps_11_plus,0.11222143434144538,0.03158794349671581,41.036458079624815,822,8382,0.2269763958701777,"[0.11314946663879373, 0.1930522922337778]","[23.854522174807613, 40.699884169044694]"
chosen_surprisal__top10,answer_z,macro8_all,0.24158601781552183,0.06306000270538488,19.062238070022158,4442,28654,0.23215792241813818,"[0.21960538019684558, 0.2799534407105858]","[16.449771698819337, 20.97020656716242]"
chosen_surprisal__top10,answer_z,cell=pb_gsm8k_q4,0.32373403252254057,0.08709417451772483,14.225165485706073,207,1361,0.2856130143958192,,
chosen_surprisal__top10,answer_z,cell=pb_gsm8k_q8,0.29861155487034624,0.07838313073285226,15.421942355806038,207,1361,0.2951599409420202,,
chosen_surprisal__top10,answer_z,cell=pb_math_q4,0.26413948184827674,0.07059363531453235,17.43461505172986,594,3772,0.23439395870173557,,
chosen_surprisal__top10,answer_z,cell=pb_math_q8,0.23728687462360956,0.06235463974911066,19.407606060355967,594,3772,0.2668574377896225,,
chosen_surprisal__top10,answer_z,cell=pb_olympiadbench_q4,0.29522055600209773,0.0777949314788942,15.599083777741306,661,5161,0.20278087718096796,,
chosen_surprisal__top10,answer_z,cell=pb_olympiadbench_q8,0.31059075856162566,0.08221057835908627,14.827132034819897,661,5161,0.22109699936447208,,
chosen_surprisal__top10,answer_z,cell=pb_omnimath_q4,0.22727177788349254,0.06118571655456356,20.262833462537802,759,4033,0.2469378143699636,,
chosen_surprisal__top10,answer_z,cell=pb_omnimath_q8,0.243029097665054,0.06426594197143953,18.94904861283318,759,4033,0.2694915779781474,,
chosen_surprisal__top10,answer_z,steps_2_to_5,0.1613673834367365,0.041034140154406394,28.538420143582062,1312,5760,0.4220037538273713,"[0.14376767236332044, 0.23846608476617984]","[19.31163582655178, 32.032028551941785]"
chosen_surprisal__top10,answer_z,steps_6_to_10,0.28891498786081626,0.07600833641882926,15.939533701888168,2308,14512,0.2652877966328864,"[0.26160259499024413, 0.34985178425766483]","[13.163203371277927, 17.60368694415983]"
chosen_surprisal__top10,answer_z,steps_11_plus,0.476148069741205,0.1282585872395254,9.671718691395903,822,8382,0.14361560550521735,"[0.4293588701519213, 0.601481760088527]","[7.656375457354343, 10.725690107109306]"
chosen_surprisal__max,raw,macro8_all,0.12702379934682612,0.03259431229086246,36.25438862377375,4442,28654,0.2730613761136856,"[0.11306547106825135, 0.15611930124688614]","[29.497763243927814, 40.73011983656979]"
chosen_surprisal__max,raw,cell=pb_gsm8k_q4,0.15786950701648358,0.042938303846361735,29.17073900476077,207,1361,0.3811306834691166,,
chosen_surprisal__max,raw,cell=pb_gsm8k_q8,0.21573077752659792,0.0562988462277011,21.34683904998354,207,1361,0.34446129085204935,,
chosen_surprisal__max,raw,cell=pb_math_q4,0.11614023731981368,0.030300921191380323,39.65180623238182,594,3772,0.2296854256990611,,
chosen_surprisal__max,raw,cell=pb_math_q8,0.11757228342161433,0.031153035506681907,39.16884194103764,594,3772,0.2529197746948148,,
chosen_surprisal__max,raw,cell=pb_olympiadbench_q4,0.14967130880244947,0.03954313681886441,30.768556932086675,661,5161,0.20656257714452048,,
chosen_surprisal__max,raw,cell=pb_olympiadbench_q8,0.1538870915279017,0.03869536909190847,29.92564314696347,661,5161,0.238691186237925,,
chosen_surprisal__max,raw,cell=pb_omnimath_q4,0.16331218102386102,0.0426837237487048,28.198571332013778,759,4033,0.3145788477358441,,
chosen_surprisal__max,raw,cell=pb_omnimath_q8,0.17876965079042917,0.04804469001869322,25.76035789982446,759,4033,0.3415114775585043,,
chosen_surprisal__max,raw,steps_2_to_5,0.13536923467434536,0.03524220767640381,34.01932645232606,1312,5760,0.46497223106069796,"[0.12271458417543583, 0.20127296811685505]","[22.880221964602928, 37.52748882239152]"
chosen_surprisal__max,raw,steps_6_to_10,0.11055560443553969,0.028223729858457974,41.654787285552516,2308,14512,0.28200234641728517,"[0.09894445337250164, 0.1518133867772719]","[30.334414400124135, 46.5429847659146]"
chosen_surprisal__max,raw,steps_11_plus,0.13465970996664978,0.03504589214560302,34.19857496446875,822,8382,0.2807539165101789,"[0.12560718440115629, 0.22193214595092]","[20.750352168479996, 36.663270560069165]"
chosen_surprisal__max,answer_z,macro8_all,0.12037656054869475,0.03240083709205677,38.256369553981465,4442,28654,0.2538266311661908,"[0.10674773027908564, 0.1476741536918747]","[31.184672949586552, 43.140684808455845]"
chosen_surprisal__max,answer_z,cell=pb_gsm8k_q4,0.21665236378904607,0.059218798482618205,21.256034808243015,207,1361,0.2982146612081733,,
chosen_surprisal__max,answer_z,cell=pb_gsm8k_q8,0.2096283871937455,0.05418192067921397,21.968256530695154,207,1361,0.2864094014381885,,
chosen_surprisal__max,answer_z,cell=pb_math_q4,0.14608442709555897,0.03735545545751478,31.524032215806876,594,3772,0.2773392429837298,,
chosen_surprisal__max,answer_z,cell=pb_math_q8,0.12709724369590525,0.031801549431675305,36.233438681066055,594,3772,0.2771209794633829,,
chosen_surprisal__max,answer_z,cell=pb_olympiadbench_q4,0.19014983781598888,0.0531934720173569,24.21863851624523,661,5161,0.21635242664506238,,
chosen_surprisal__max,answer_z,cell=pb_olympiadbench_q8,0.19206845531352384,0.05299085221193249,23.97671277394729,661,5161,0.22453314180585832,,
chosen_surprisal__max,answer_z,cell=pb_omnimath_q4,0.1359147919874919,0.03800143929853486,33.8827740428128,759,4033,0.2782087681593626,,
chosen_surprisal__max,answer_z,cell=pb_omnimath_q8,0.14479236868747844,0.03978359003079919,31.80533772417209,759,4033,0.28498845294865305,,
chosen_surprisal__max,answer_z,steps_2_to_5,0.12064490455697745,0.03133277280016726,38.17127795739761,1312,5760,0.4269804879191314,"[0.1095345491457265, 0.18440731846424985]","[24.972816829289094, 42.04308340979521]"
chosen_surprisal__max,answer_z,steps_6_to_10,0.1819677832102249,0.050158249551910054,25.30761272542295,2308,14512,0.2714486766691969,"[0.16384464535181295, 0.22772125595827677]","[20.222838516365172, 28.1069312707761]"
chosen_surprisal__max,answer_z,steps_11_plus,0.25863880454723037,0.07178293474096606,17.805410885848474,822,8382,0.1532923323900683,"[0.23768431234641307, 0.3537442180183819]","[13.018361718491155, 19.375154129971712]"
chosen_surprisal__mean,raw,macro8_all,0.1189233529076274,0.03105141874743629,38.7238508955017,4442,28654,0.20638091170799377,"[0.10606133926519665, 0.14763189551222608]","[31.19359925583775, 43.419875874594474]"
chosen_surprisal__mean,raw,cell=pb_gsm8k_q4,0.16694227019741675,0.04417805485639268,27.58540530533262,207,1361,0.3063748852913673,,
chosen_surprisal__mean,raw,cell=pb_gsm8k_q8,0.16076740841017068,0.041045179109506544,28.644923940297552,207,1361,0.28658732946188936,,
chosen_surprisal__mean,raw,cell=pb_math_q4,0.1271870093597743,0.0339711129281574,36.20786595399402,594,3772,0.18008581725741374,,
chosen_surprisal__mean,raw,cell=pb_math_q8,0.1406653075313205,0.03912023657758463,32.73849300022115,594,3772,0.17893514655761605,,
chosen_surprisal__mean,raw,cell=pb_olympiadbench_q4,0.1310749455700247,0.033846317943036476,35.133870671934424,661,5161,0.15450132038365633,,
chosen_surprisal__mean,raw,cell=pb_olympiadbench_q8,0.14159805950457854,0.03691500408000091,32.52283401411433,661,5161,0.17827699400552677,,
chosen_surprisal__mean,raw,cell=pb_omnimath_q4,0.15767873492848378,0.04227414023627921,29.206032050401703,759,4033,0.2400338444627076,,
chosen_surprisal__mean,raw,cell=pb_omnimath_q8,0.1787536726066562,0.04806521033987031,25.762660530738714,759,4033,0.2562844249355176,,
chosen_surprisal__mean,raw,steps_2_to_5,0.15719619957836722,0.04080223157417491,29.2956839818018,1312,5760,0.3213001283613779,"[0.14268386515124387, 0.22395050934274557]","[20.563338746151715, 32.27533947939134]"
chosen_surprisal__mean,raw,steps_6_to_10,0.08665427467809439,0.022437356301983593,53.144177861917385,2308,14512,0.22108029886469824,"[0.07737974814088383, 0.12738704648921767]","[36.151008386695615, 59.51389474160017]"
chosen_surprisal__mean,raw,steps_11_plus,0.1268366240487919,0.03407529188447098,36.30788993734618,822,8382,0.23245555552121494,"[0.12038785572304134, 0.2116772159409779]","[21.755625259509056, 38.25278021881651]"
chosen_surprisal__mean,answer_z,macro8_all,0.09531002580739151,0.02472391871774338,48.317793925420915,4442,28654,0.0979237047864017,"[0.08405842582020358, 0.12180901815972511]","[37.80647981210593, 54.78534889337925]"
chosen_surprisal__mean,answer_z,cell=pb_gsm8k_q4,0.18376844433190626,0.04843807689874631,25.059635253104947,207,1361,0.2340888529048316,,
chosen_surprisal__mean,answer_z,cell=pb_gsm8k_q8,0.16290375720680064,0.04750396179691652,28.269269321652224,207,1361,0.2237015842415953,,
chosen_surprisal__mean,answer_z,cell=pb_math_q4,0.09313275533395796,0.023844892653499587,49.44737401438138,594,3772,0.08041092126784324,,
chosen_surprisal__mean,answer_z,cell=pb_math_q8,0.09784549533297307,0.02466687229536484,47.06573532400719,594,3772,0.1028005756530663,,
chosen_surprisal__mean,answer_z,cell=pb_olympiadbench_q4,0.14840357046767294,0.03945987008763397,31.031397502604197,661,5161,0.09545618590410242,,
chosen_surprisal__mean,answer_z,cell=pb_olympiadbench_q8,0.15945805544094713,0.04173232625672536,28.88013511298303,661,5161,0.1132186723131774,,
chosen_surprisal__mean,answer_z,cell=pb_omnimath_q4,0.12055191463676498,0.03140788737381354,38.20072206952442,759,4033,0.10463616574108155,,
chosen_surprisal__mean,answer_z,cell=pb_omnimath_q8,0.1111206975896323,0.03005855331409777,41.442956045820935,759,4033,0.12299022817603246,,
chosen_surprisal__mean,answer_z,steps_2_to_5,0.08494040738490632,0.022671995786509823,54.21648338840458,1312,5760,0.19292386665496852,"[0.08166863419226959, 0.1433367697697737]","[32.128324039846, 56.388480492355264]"
chosen_surprisal__mean,answer_z,steps_6_to_10,0.11129290050238556,0.029571486784310493,41.3788315804509,2308,14512,0.12024157676259163,"[0.0987423277804339, 0.1518960079773958]","[30.317914521317796, 46.63825827793195]"
chosen_surprisal__mean,answer_z,steps_11_plus,0.20054135806268172,0.053960554243391745,22.96369302809193,822,8382,0.06607860521307313,"[0.18507646788020282, 0.29403731700676417]","[15.661856232629658, 24.882526875155992]"
chosen_surprisal__log_top5,raw,macro8_all,0.11196232272787124,0.028898049788743014,41.131427731998166,4442,28654,0.26151135473594245,"[0.09962300039030386, 0.13918802999422258]","[33.085964261289156, 46.225973599930896]"
chosen_surprisal__log_top5,raw,cell=pb_gsm8k_q4,0.15374471948766036,0.04202884994800135,29.95335515479415,207,1361,0.373556941335372,,
chosen_surprisal__log_top5,raw,cell=pb_gsm8k_q8,0.1635420574445412,0.0422306660243521,28.15893512621212,207,1361,0.3540264873740198,,
chosen_surprisal__log_top5,raw,cell=pb_math_q4,0.11064116815091227,0.028948271006627887,41.6225737937504,594,3772,0.21063133760586378,,
chosen_surprisal__log_top5,raw,cell=pb_math_q8,0.1170333897209059,0.031121974524685733,39.34919937780339,594,3772,0.239382029367065,,
chosen_surprisal__log_top5,raw,cell=pb_olympiadbench_q4,0.14199419366456853,0.03753919952318001,32.432102096138095,661,5161,0.20046367100002632,,
chosen_surprisal__log_top5,raw,cell=pb_olympiadbench_q8,0.14302729099168487,0.03692523521896947,32.19784248207442,661,5161,0.23193032226841875,,
chosen_surprisal__log_top5,raw,cell=pb_omnimath_q4,0.16084237794488887,0.042569666720306834,28.631572380545194,759,4033,0.2972118338812468,,
chosen_surprisal__log_top5,raw,cell=pb_omnimath_q8,0.15328305329645925,0.041352045278911266,30.043570290065905,759,4033,0.32097636359289144,,
chosen_surprisal__log_top5,raw,steps_2_to_5,0.1216388042857652,0.031875329030379096,37.85938387859517,1312,5760,0.4480047089256404,"[0.11150106959946143, 0.1863020147951693]","[24.71884263329771, 41.301578563604515]"
chosen_surprisal__log_top5,raw,steps_6_to_10,0.1001159775151162,0.025648502676767698,45.99835411178772,2308,14512,0.26650253757745135,"[0.08986830828227689, 0.14055239220092774]","[32.76479406629192, 51.243539285542404]"
chosen_surprisal__log_top5,raw,steps_11_plus,0.12431299184393593,0.031912423035309855,37.04496302180129,822,8382,0.26183055436555,"[0.12123411713721505, 0.21567336273277174]","[21.352521830403735, 37.98576089580356]"
chosen_surprisal__log_top5,answer_z,macro8_all,0.15932088672507544,0.04153850171808483,28.904999718805144,4442,28654,0.2530114771014294,"[0.14387623892427792, 0.19087971958290037]","[24.12603180710371, 32.0078577284175]"
chosen_surprisal__log_top5,answer_z,cell=pb_gsm8k_q4,0.2504203377797949,0.06717920296559493,18.38976109854788,207,1361,0.3409931216808114,,
chosen_surprisal__log_top5,answer_z,cell=pb_gsm8k_q8,0.2974448393292959,0.07574039111717762,15.482434310752287,207,1361,0.3051098416187725,,
chosen_surprisal__log_top5,answer_z,cell=pb_math_q4,0.1947005658101232,0.047951337470006634,23.652577314434552,594,3772,0.2784000123735496,,
chosen_surprisal__log_top5,answer_z,cell=pb_math_q8,0.1606425936613488,0.04005031314963732,28.667180235500098,594,3772,0.2723501513678636,,
chosen_surprisal__log_top5,answer_z,cell=pb_olympiadbench_q4,0.2112506812643396,0.0594361014579997,21.799551880382374,661,5161,0.2210412855565847,,
chosen_surprisal__log_top5,answer_z,cell=pb_olympiadbench_q8,0.21218340731217816,0.0581975804693279,21.703724359618107,661,5161,0.22591488254001468,,
chosen_surprisal__log_top5,answer_z,cell=pb_omnimath_q4,0.1716896279272138,0.04626392598060477,26.8226464323192,759,4033,0.27240691342177625,,
chosen_surprisal__log_top5,answer_z,cell=pb_omnimath_q8,0.1712047651511541,0.04581911425843571,26.89860987176529,759,4033,0.27703507669210164,,
chosen_surprisal__log_top5,answer_z,steps_2_to_5,0.14673929844073352,0.03670618278880956,31.383346076498192,1312,5760,0.43428062612301255,"[0.13219944998975006, 0.21850836053798964]","[21.07548733901851, 34.835017742851036]"
chosen_surprisal__log_top5,answer_z,steps_6_to_10,0.2390670264666491,0.06319584167316096,19.26309225513596,2308,14512,0.27136772487719407,"[0.2154236121190701, 0.2948302184181962]","[15.619736032132154, 21.37727680214877]"
chosen_surprisal__log_top5,answer_z,steps_11_plus,0.28659327434177057,0.07754147383110196,16.068661054816996,822,8382,0.1503884426122251,"[0.25712520912011727, 0.38610189438791004]","[11.927344187960278, 17.91022436791394]"
chosen_surprisal__cusum_top5,raw,macro8_all,0.10753448349377337,0.028717454895326434,42.82505514851659,4442,28654,0.1775978461652032,"[0.09503394825836059, 0.136629525048196]","[33.70552729626792, 48.458159114555706]"
chosen_surprisal__cusum_top5,raw,cell=pb_gsm8k_q4,0.15310508624612026,0.040514186813633474,30.07849248447021,207,1361,0.3497935186428988,,
chosen_surprisal__cusum_top5,raw,cell=pb_gsm8k_q8,0.14413012744084364,0.03776354068408132,31.951475154826493,207,1361,0.32911304645343703,,
chosen_surprisal__cusum_top5,raw,cell=pb_math_q4,0.1424897131825831,0.039569301502795334,32.319316834381794,594,3772,0.14779420976617683,,
chosen_surprisal__cusum_top5,raw,cell=pb_math_q8,0.1160754170008794,0.0308876510447381,39.6739491011538,594,3772,0.14763114607445532,,
chosen_surprisal__cusum_top5,raw,cell=pb_olympiadbench_q4,0.14154487118870002,0.037658581619422024,32.53505511936724,661,5161,0.1679154847633716,,
chosen_surprisal__cusum_top5,raw,cell=pb_olympiadbench_q8,0.14089820734752553,0.03773390320133459,32.6843774146071,661,5161,0.17537840659744813,,
chosen_surprisal__cusum_top5,raw,cell=pb_omnimath_q4,0.12017756882610428,0.03274468003885557,38.31971499316754,759,4033,0.19945104279270337,,
chosen_surprisal__cusum_top5,raw,cell=pb_omnimath_q8,0.1258323222389689,0.0346647870019088,36.59767303064142,759,4033,0.219455761035567,,
chosen_surprisal__cusum_top5,raw,steps_2_to_5,0.08923407863914992,0.023227683999219317,51.607751838966735,1312,5760,0.30421538351604943,"[0.0832591913164186, 0.14917030407538534]","[30.87189648457647, 55.31125288602171]"
chosen_surprisal__cusum_top5,raw,steps_6_to_10,0.07663466205171718,0.01972494740698017,60.09252292233345,2308,14512,0.20934360743917083,"[0.06899797315122276, 0.11422029391879021]","[40.31831847029157, 66.74355746501345]"
chosen_surprisal__cusum_top5,raw,steps_11_plus,0.14073246519918797,0.038270385055232024,32.72287015984613,822,8382,0.24309850849957637,"[0.1327920547370628, 0.2322584446146618]","[19.82778362969103, 34.67956117635681]"
chosen_surprisal__cusum_top5,answer_z,macro8_all,0.03177847473728978,0.00848261689570801,144.91476460272816,4442,28654,0.13342312566088654,"[0.02898320065241239, 0.050187060750511894]","[91.76010942105472, 158.89101556507305]"
chosen_surprisal__cusum_top5,answer_z,cell=pb_gsm8k_q4,0.1379027012386512,0.0395960631185033,33.39434358155531,207,1361,0.27088857179262193,,
chosen_surprisal__cusum_top5,answer_z,cell=pb_gsm8k_q8,0.15599459225208467,0.04408923008987069,29.521345063976405,207,1361,0.2683411683306212,,
chosen_surprisal__cusum_top5,answer_z,cell=pb_math_q4,0.06956414632695504,0.019088380418056602,66.20034068043553,594,3772,0.13657239084102654,,
chosen_surprisal__cusum_top5,answer_z,cell=pb_math_q8,0.06678790373258758,0.018929515737614932,68.95215942735312,594,3772,0.14493590222772615,,
chosen_surprisal__cusum_top5,answer_z,cell=pb_olympiadbench_q4,0.056727969917616666,0.014343769955225768,81.1798869706771,661,5161,0.15202866038268675,,
chosen_surprisal__cusum_top5,answer_z,cell=pb_olympiadbench_q8,0.04994789203283356,0.01316868674196069,92.1994902800073,661,5161,0.16732956798134535,,
chosen_surprisal__cusum_top5,answer_z,cell=pb_omnimath_q4,0.056570896482097795,0.014574186913405597,81.40528915686224,759,4033,0.1255427425133996,,
chosen_surprisal__cusum_top5,answer_z,cell=pb_omnimath_q8,0.04209965042297818,0.010940659989030713,109.38737352257368,759,4033,0.14015566816282546,,
chosen_surprisal__cusum_top5,answer_z,steps_2_to_5,0.05400071534258211,0.014956972341782067,85.27979966140741,1312,5760,0.25077258154843857,"[0.05718627532559539, 0.10458965881291667]","[44.03083668362976, 80.52929063430213]"
chosen_surprisal__cusum_top5,answer_z,steps_6_to_10,0.040433821638402714,0.011033494112533905,113.89401247232719,2308,14512,0.15043369021135114,"[0.03985879876706703, 0.07099300903669128]","[64.86793908972085, 115.53710418872613]"
chosen_surprisal__cusum_top5,answer_z,steps_11_plus,0.06388529582928988,0.016432361022475275,72.08497865132733,822,8382,0.09478319009473846,"[0.06737480591944571, 0.13925894228002175]","[33.069116500454385, 68.35151690817632]"
chosen_surprisal__onset80,raw,macro8_all,0.04526336456296394,0.013771157935230049,101.74166747109653,4442,28654,0.19585923092085247,"[0.0373782938040138, 0.0575647821425715]","[79.99978484383738, 123.20439798923016]"
chosen_surprisal__onset80,raw,cell=pb_gsm8k_q4,0.06348250750900303,0.0195440967188937,72.5423485412102,207,1361,0.2330357911309824,,
chosen_surprisal__onset80,raw,cell=pb_gsm8k_q8,0.04671191101780407,0.013743088183444154,98.58663637702273,207,1361,0.23301992951231462,,
chosen_surprisal__onset80,raw,cell=pb_math_q4,0.04147629313898789,0.012458873078882734,111.03138292894387,594,3772,0.2316460497576462,,
chosen_surprisal__onset80,raw,cell=pb_math_q8,0.04790354330858767,0.014233081918476737,96.13422865866632,594,3772,0.2303103107300754,,
chosen_surprisal__onset80,raw,cell=pb_olympiadbench_q4,0.06237481325986015,0.01988711409001318,73.83060477956799,661,5161,0.16525093003557717,,
chosen_surprisal__onset80,raw,cell=pb_olympiadbench_q8,0.05795345029365041,0.018117231015594117,79.46326168077435,661,5161,0.16525070311277226,,
chosen_surprisal__onset80,raw,cell=pb_omnimath_q4,0.05803815594893001,0.017116236605563648,79.34728646513781,759,4033,0.22507715188141353,,
chosen_surprisal__onset80,raw,cell=pb_omnimath_q8,0.059521648275974524,0.017744796281542508,77.3696683370735,759,4033,0.22507728339057365,,
chosen_surprisal__onset80,raw,steps_2_to_5,0.06938703119625629,0.021685258914114675,66.36932156619721,1312,5760,0.3616722570953914,"[0.056546542552617055, 0.10256601557231021]","[44.8995718542015, 81.44034945554701]"
chosen_surprisal__onset80,raw,steps_6_to_10,0.06099215897902736,0.01834143967976628,75.50429863569211,2308,14512,0.19878884784503623,"[0.04870960055631583, 0.08221228925353025]","[56.01559362720632, 94.54337817169744]"
chosen_surprisal__onset80,raw,steps_11_plus,0.032479232531444496,0.01063094468280669,141.7881466727896,822,8382,0.09081724650779106,"[0.020566611938039058, 0.05405388545578155]","[85.19591417263285, 223.91486744934303]"
chosen_surprisal__onset80,answer_z,macro8_all,3.0619022923978104e-06,7.520029906364048e-07,1504022.5801528536,4442,28654,0.00039905722639715333,"[2.6340139310809185e-07, 0.0010199961259196408]","[4514.88987944539, 17483469.360764813]"
chosen_surprisal__onset80,answer_z,cell=pb_gsm8k_q4,0.0,0.0,inf,207,1361,,,
chosen_surprisal__onset80,answer_z,cell=pb_gsm8k_q8,0.0,0.0,inf,207,1361,,,
chosen_surprisal__onset80,answer_z,cell=pb_math_q4,1.5397648442519246e-05,3.777781658347944e-06,299082.694554275,594,3772,0.0014917721481399822,,
chosen_surprisal__onset80,answer_z,cell=pb_math_q8,0.00016189444069425658,3.795526099790344e-05,28445.511570623476,594,3772,0.0010234367717662644,,
chosen_surprisal__onset80,answer_z,cell=pb_olympiadbench_q4,0.0,0.0,inf,661,5161,,,
chosen_surprisal__onset80,answer_z,cell=pb_olympiadbench_q8,0.0,0.0,inf,661,5161,,,
chosen_surprisal__onset80,answer_z,cell=pb_omnimath_q4,0.0,0.0,inf,759,4033,,,
chosen_surprisal__onset80,answer_z,cell=pb_omnimath_q8,0.0,0.0,inf,759,4033,,,
chosen_surprisal__onset80,answer_z,steps_2_to_5,8.17326509768056e-05,2.139183028652626e-05,56344.3144318782,1312,5760,0.0018325756817829703,"[1.343632118513653e-06, 0.0033960318048314336]","[1356.0444809251942, 3427404.065840882]"
chosen_surprisal__onset80,answer_z,steps_6_to_10,0.0,0.0,inf,2308,14512,,,
chosen_surprisal__onset80,answer_z,steps_11_plus,0.0,0.0,inf,822,8382,,,
chosen_surprisal__top30,raw,macro8_all,0.0783569265396782,0.021460071581553625,58.77170518749401,4442,28654,0.167141105453288,"[0.06917386713861787, 0.10300973325591284]","[44.706165528525446, 66.57384322261133]"
chosen_surprisal__top30,raw,cell=pb_gsm8k_q4,0.1414136251818237,0.03858027673362303,32.56525090893439,207,1361,0.30649965315005023,,
chosen_surprisal__top30,raw,cell=pb_gsm8k_q8,0.1336174939198477,0.034758204215811196,34.46532374533657,207,1361,0.2978798141013213,,
chosen_surprisal__top30,raw,cell=pb_math_q4,0.09983104179036723,0.027547040321184494,46.12964167656766,594,3772,0.14663202077100332,,
chosen_surprisal__top30,raw,cell=pb_math_q8,0.11647887410917965,0.03175863690388057,39.53652729911784,594,3772,0.14611710711314674,,
chosen_surprisal__top30,raw,cell=pb_olympiadbench_q4,0.10560647703508588,0.02866449034138513,43.606891502100815,661,5161,0.1460365836774558,,
chosen_surprisal__top30,raw,cell=pb_olympiadbench_q8,0.09783795199346945,0.02608531441732078,47.069364108270385,661,5161,0.16207198313393578,,
chosen_surprisal__top30,raw,cell=pb_omnimath_q4,0.10119922579928753,0.02785015283345412,45.50598237897304,759,4033,0.20438778390229811,,
chosen_surprisal__top30,raw,cell=pb_omnimath_q8,0.11602419417538468,0.03152458586318373,39.69146451495123,759,4033,0.21759283184905398,,
chosen_surprisal__top30,raw,steps_2_to_5,0.07124646048872761,0.018844456261578053,64.63717852645756,1312,5760,0.28263130321630137,"[0.06948428837571405, 0.12637867572492079]","[36.43945594122088, 66.27642440672498]"
chosen_surprisal__top30,raw,steps_6_to_10,0.06397522414646556,0.017724608216617296,71.98365066209016,2308,14512,0.16042336994111034,"[0.058287468768933384, 0.09991022142108201]","[46.0930835752943, 79.0078945483836]"
chosen_surprisal__top30,raw,steps_11_plus,0.11208168364793748,0.03179499301454677,41.08762499012332,822,8382,0.20505835213042772,"[0.11226277038388552, 0.19267398092483815]","[23.90136002735399, 41.02134813028923]"
chosen_surprisal__top30,answer_z,macro8_all,0.21914903733183408,0.05757859480218758,21.01387367271421,4442,28654,0.15101754470955814,"[0.199158964008948, 0.25826222285122996]","[17.83137361378968, 23.12308767473397]"
chosen_surprisal__top30,answer_z,cell=pb_gsm8k_q4,0.2157246601048345,0.05528104340118714,21.34744439393319,207,1361,0.23754779207367338,,
chosen_surprisal__top30,answer_z,cell=pb_gsm8k_q8,0.29340992670149646,0.08232619646760968,15.695345545255556,207,1361,0.2390101520435611,,
chosen_surprisal__top30,answer_z,cell=pb_math_q4,0.26909710522192654,0.07280355349880761,17.113414067350043,594,3772,0.1501551407433672,,
chosen_surprisal__top30,answer_z,cell=pb_math_q8,0.24049511248994224,0.0636750702391612,19.148705927155525,594,3772,0.17389069526995418,,
chosen_surprisal__top30,answer_z,cell=pb_olympiadbench_q4,0.26707381496670723,0.06980445965667767,17.24306138571526,661,5161,0.14390197334207014,,
chosen_surprisal__top30,answer_z,cell=pb_olympiadbench_q8,0.27070047323070345,0.06972791016514071,17.01205074016754,661,5161,0.16351019888133644,,
chosen_surprisal__top30,answer_z,cell=pb_omnimath_q4,0.22144495890836324,0.059670290455105815,20.79600370534409,759,4033,0.15106381999841195,,
chosen_surprisal__top30,answer_z,cell=pb_omnimath_q8,0.2110321211184895,0.058203002408578425,21.822129074854907,759,4033,0.15916849598677346,,
chosen_surprisal__top30,answer_z,steps_2_to_5,0.1275794696814666,0.03386132544246575,36.09648321541097,1312,5760,0.3382736513797614,"[0.11723358059019959, 0.2026992631401582]","[22.719225095573268, 39.2820057427562]"
chosen_surprisal__top30,answer_z,steps_6_to_10,0.23727828236961296,0.0631370377558947,19.408308843093064,2308,14512,0.17857701291803582,"[0.21384213454234716, 0.2915281608284574]","[15.796656394707238, 21.535373259548763]"
chosen_surprisal__top30,answer_z,steps_11_plus,0.4112448561215859,0.11441021670246815,11.19812228028588,822,8382,0.09903883394415569,"[0.3732423461658195, 0.5312432426459993]","[8.668665907260877, 12.338284316598319]"
chosen_surprisal__std,raw,macro8_all,0.14542305876293232,0.03742552233266663,31.667400102589017,4442,28654,0.25581300133373686,"[0.13086167370635976, 0.1765610097399356]","[26.082599962309047, 35.19113011133897]"
chosen_surprisal__std,raw,cell=pb_gsm8k_q4,0.17588352146491817,0.04725357332137581,26.183067905577737,207,1361,0.3615442118559146,,
chosen_surprisal__std,raw,cell=pb_gsm8k_q8,0.19300672039995545,0.052731546465590744,23.86015459174216,207,1361,0.33718436627928156,,
chosen_surprisal__std,raw,cell=pb_math_q4,0.14370200619649018,0.03751624915589745,32.046665929571205,594,3772,0.2130696115263065,,
chosen_surprisal__std,raw,cell=pb_math_q8,0.1536150825911187,0.041110302995044756,29.97863301122452,594,3772,0.228994102356788,,
chosen_surprisal__std,raw,cell=pb_olympiadbench_q4,0.16808785024629433,0.04353241853713714,27.397400699933204,661,5161,0.19141700351940558,,
chosen_surprisal__std,raw,cell=pb_olympiadbench_q8,0.17236871509778404,0.04369133070074461,26.716972296136213,661,5161,0.21745322251039662,,
chosen_surprisal__std,raw,cell=pb_omnimath_q4,0.18281168810223788,0.048712438867004715,25.190786397709097,759,4033,0.2870878565091679,,
chosen_surprisal__std,raw,cell=pb_omnimath_q8,0.19369062249806648,0.05271930769830607,23.77590678678346,759,4033,0.31230350984648214,,
chosen_surprisal__std,raw,steps_2_to_5,0.1633293088561849,0.0420770720762276,28.195614236285337,1312,5760,0.4174349735498948,"[0.14680051951542206, 0.2336526505605584]","[19.709471195553665, 31.37025809710638]"
chosen_surprisal__std,raw,steps_6_to_10,0.12509342188375377,0.03237924104592671,36.81384773587505,2308,14512,0.2716942255626906,"[0.11155463797443939, 0.16736286711059822]","[27.5160808696284, 41.28174560562223]"
chosen_surprisal__std,raw,steps_11_plus,0.15647655442936081,0.041493821492821666,29.430416606387077,822,8382,0.2716135715407952,"[0.1465654844812678, 0.24375782218906242]","[18.892399614631646, 31.420564004458143]"
chosen_surprisal__std,answer_z,macro8_all,0.12494129568805583,0.0342495031991145,36.8586715915444,4442,28654,0.23101408954548697,"[0.11227022427821824, 0.15215694979226568]","[30.265920763234032, 41.018624622820404]"
chosen_surprisal__std,answer_z,cell=pb_gsm8k_q4,0.20149887755034052,0.05790025103086963,22.854569921053685,207,1361,0.296268778510574,,
chosen_surprisal__std,answer_z,cell=pb_gsm8k_q8,0.20769338109091645,0.05859857008449885,22.172927041773217,207,1361,0.3004401952442683,,
chosen_surprisal__std,answer_z,cell=pb_math_q4,0.1178379323527978,0.030211570002756847,39.080541333673125,594,3772,0.23516642098481147,,
chosen_surprisal__std,answer_z,cell=pb_math_q8,0.13437679760920757,0.034891472706633,34.27057548566363,594,3772,0.2471828325304069,,
chosen_surprisal__std,answer_z,cell=pb_olympiadbench_q4,0.18762553623817543,0.053522015268986575,24.54447447996738,661,5161,0.2016909763169471,,
chosen_surprisal__std,answer_z,cell=pb_olympiadbench_q8,0.1730244990523884,0.04963474654289732,26.615711712557754,661,5161,0.20891183496123594,,
chosen_surprisal__std,answer_z,cell=pb_omnimath_q4,0.1556794336932049,0.04491084304415406,29.581108286040088,759,4033,0.2547818791757668,,
chosen_surprisal__std,answer_z,cell=pb_omnimath_q8,0.169186037709404,0.04728772955584597,27.219564027487827,759,4033,0.27326808281320075,,
chosen_surprisal__std,answer_z,steps_2_to_5,0.12244941178446375,0.032238598993488105,37.60875710937789,1312,5760,0.3708697122863259,"[0.11328870287551768, 0.1897459709845475]","[24.270186935158303, 40.64986242316042]"
chosen_surprisal__std,answer_z,steps_6_to_10,0.16654643064087962,0.046858555490212506,27.650968971638417,2308,14512,0.25307127417842673,"[0.1512574180408768, 0.2108392215013652]","[21.842094431933166, 30.445912971643878]"
chosen_surprisal__std,answer_z,steps_11_plus,0.23150375246487354,0.064369376756712,19.89242134071603,822,8382,0.1426647080762751,"[0.21549511461557871, 0.32698693076655183]","[14.083652136164105, 21.370183700930973]"
chosen_surprisal__iqr,raw,macro8_all,0.1677647031184461,0.04714932119612659,27.450173370120208,4442,28654,0.03303604446254359,"[0.15374521715834283, 0.19869988588582627]","[23.176511478392296, 29.953258196287226]"
chosen_surprisal__iqr,raw,cell=pb_gsm8k_q4,0.19279932235858502,0.053998693899429774,23.885821431586745,207,1361,0.14345426646995652,,
chosen_surprisal__iqr,raw,cell=pb_gsm8k_q8,0.23532433566175803,0.0678297945716786,19.56946005196549,207,1361,0.1658638853272929,,
chosen_surprisal__iqr,raw,cell=pb_math_q4,0.1435551343177091,0.039892402969709716,32.079453012082155,594,3772,0.031021257467405524,,
chosen_surprisal__iqr,raw,cell=pb_math_q8,0.1554706601336379,0.04450130097214037,29.620831236129224,594,3772,0.029737494467071364,,
chosen_surprisal__iqr,raw,cell=pb_olympiadbench_q4,0.19901180530884882,0.05707308811201242,23.140185974602222,661,5161,0.02660705000847641,,
chosen_surprisal__iqr,raw,cell=pb_olympiadbench_q8,0.1942758737347623,0.05388035074627264,23.70428245905285,661,5161,0.033726003215487244,,
chosen_surprisal__iqr,raw,cell=pb_omnimath_q4,0.220621205716237,0.06292559322877836,20.873651610404405,759,4033,0.06666597828462768,,
chosen_surprisal__iqr,raw,cell=pb_omnimath_q8,0.21129064148880985,0.060713660311995404,21.7954290523179,759,4033,0.06357276490569443,,
chosen_surprisal__iqr,raw,steps_2_to_5,0.14276430620736208,0.039316805457519206,32.25715382456439,1312,5760,0.05467541697799599,"[0.1308100277352079, 0.2069191613552772]","[22.255890444486585, 35.205024153882945]"
chosen_surprisal__iqr,raw,steps_6_to_10,0.13581854898557516,0.03739181911174564,33.906783869979286,2308,14512,0.04104270482969809,"[0.12434967295984355, 0.1794037268674264]","[25.66931170494114, 37.03403536473512]"
chosen_surprisal__iqr,raw,steps_11_plus,0.24821227887737057,0.07214530301548143,18.553353632691472,822,8382,0.07520185802450009,"[0.2262645482902262, 0.340565039700418]","[13.522145990202292, 20.35303462600384]"
chosen_surprisal__iqr,answer_z,macro8_all,0.10103918459725927,0.02539387782379783,45.57806166334609,4442,28654,0.02918134926383531,"[0.0901776339694548, 0.1273828415995105]","[36.152201726404165, 51.06776462496196]"
chosen_surprisal__iqr,answer_z,cell=pb_gsm8k_q4,0.15595768242269026,0.04157672341545236,29.528331752883798,207,1361,0.11870232050175343,,
chosen_surprisal__iqr,answer_z,cell=pb_gsm8k_q8,0.14872430837205572,0.03958571574388498,30.96447538668381,207,1361,0.11471852601269512,,
chosen_surprisal__iqr,answer_z,cell=pb_math_q4,0.08327299645238782,0.02128320738499147,55.30208329444641,594,3772,0.0407953755622094,,
chosen_surprisal__iqr,answer_z,cell=pb_math_q8,0.09688721592877073,0.0252104200514355,47.531246943597885,594,3772,0.03738681876810519,,
chosen_surprisal__iqr,answer_z,cell=pb_olympiadbench_q4,0.14374498834573418,0.03679163896979701,32.037083441906,661,5161,0.03820597105338349,,
chosen_surprisal__iqr,answer_z,cell=pb_olympiadbench_q8,0.17355177168320557,0.045048590173747176,26.5348497530419,661,5161,0.0540891566454649,,
chosen_surprisal__iqr,answer_z,cell=pb_omnimath_q4,0.1473192660609012,0.04003885221804268,31.25979587818699,759,4033,0.04868318344065053,,
chosen_surprisal__iqr,answer_z,cell=pb_omnimath_q8,0.1481310944191435,0.03761972101287188,31.088477433087473,759,4033,0.049987100526470124,,
chosen_surprisal__iqr,answer_z,steps_2_to_5,0.08037479444788868,0.02045770414616362,57.29619861079548,1312,5760,0.05602786956442124,"[0.07668021626010639, 0.13910038605785896]","[33.106810962210886, 60.056823136321476]"
chosen_surprisal__iqr,answer_z,steps_6_to_10,0.09463024596309866,0.02434109294646568,48.664886571085226,2308,14512,0.036549675070895564,"[0.08376902119108617, 0.13424072787151084]","[34.30531299261095, 54.97462093395125]"
chosen_surprisal__iqr,answer_z,steps_11_plus,0.20805785230614005,0.053055051893627594,22.134084990995493,822,8382,0.07093111587833195,"[0.19029887771826928, 0.3049903652320421]","[15.099395623479438, 24.19967075584062]"
chosen_surprisal__frac_above_z,raw,macro8_all,0.11656232985283647,0.03275976159722659,39.508220123965096,4442,28654,0.011497201307224387,"[0.10649413766755289, 0.14206416890275328]","[32.41612731455497, 43.24341496021349]"
chosen_surprisal__frac_above_z,raw,cell=pb_gsm8k_q4,0.1563985952077691,0.04212027717154857,29.445086638216363,207,1361,0.11166853220443441,,
chosen_surprisal__frac_above_z,raw,cell=pb_gsm8k_q8,0.18098989044835517,0.04877559541808658,25.44435036995705,207,1361,0.10070497427663197,,
chosen_surprisal__frac_above_z,raw,cell=pb_math_q4,0.11004570296602208,0.030176205882038874,41.847796523322614,594,3772,0.03866470724438924,,
chosen_surprisal__frac_above_z,raw,cell=pb_math_q8,0.11826169676646014,0.0325128545950392,38.94050493019943,594,3772,0.036393594891240236,,
chosen_surprisal__frac_above_z,raw,cell=pb_olympiadbench_q4,0.15485926170623904,0.043421578045169384,29.73777696760488,661,5161,0.02067767048075654,,
chosen_surprisal__frac_above_z,raw,cell=pb_olympiadbench_q8,0.17189422116503128,0.04781096943079273,26.790721379555773,661,5161,0.0238617831944334,,
chosen_surprisal__frac_above_z,raw,cell=pb_omnimath_q4,0.16074438294370136,0.0444779729417725,28.649027117799776,759,4033,0.015748798615118045,,
chosen_surprisal__frac_above_z,raw,cell=pb_omnimath_q8,0.14692720668719983,0.04214329638775554,31.343209265471526,759,4033,0.014910535144703176,,
chosen_surprisal__frac_above_z,raw,steps_2_to_5,0.09653382134823893,0.0284457166128531,47.70525108889315,1312,5760,0.04027725827980642,"[0.0953082672283214, 0.1575448583764208]","[29.23085039681201, 48.31868546047429]"
chosen_surprisal__frac_above_z,raw,steps_6_to_10,0.10148349615984066,0.027724448430848862,45.37851335683943,2308,14512,0.014697657004312787,"[0.09201369438938178, 0.14003064812783952]","[32.88687332064513, 50.04874781464617]"
chosen_surprisal__frac_above_z,raw,steps_11_plus,0.21485523844219834,0.06078458626495169,21.433827815312974,822,8382,0.010931229053294387,"[0.20129502862879423, 0.31118431034140215]","[14.798850819103741, 22.87771445404363]"
chosen_surprisal__frac_above_z,answer_z,macro8_all,0.07516298720694206,0.019708871095307407,61.26912137364809,4442,28654,0.008674556434819751,"[0.06660233129868852, 0.09840474944557806]","[46.79825122195899, 69.14427912944203]"
chosen_surprisal__frac_above_z,answer_z,cell=pb_gsm8k_q4,0.1819624993691707,0.05187726228565633,25.308347609828065,207,1361,0.1324743744043322,,
chosen_surprisal__frac_above_z,answer_z,cell=pb_gsm8k_q8,0.14445168793566143,0.03723715062383683,31.88034872973743,207,1361,0.12467390806911466,,
chosen_surprisal__frac_above_z,answer_z,cell=pb_math_q4,0.07127387207444146,0.0190718032746507,64.61231938091223,594,3772,0.02441435319163515,,
chosen_surprisal__frac_above_z,answer_z,cell=pb_math_q8,0.0768826675233296,0.021005981042071385,59.89867852322735,594,3772,0.016774649113422493,,
chosen_surprisal__frac_above_z,answer_z,cell=pb_olympiadbench_q4,0.12710519528649328,0.03381516492779803,36.23117194862181,661,5161,0.01822061047495148,,
chosen_surprisal__frac_above_z,answer_z,cell=pb_olympiadbench_q8,0.14691127602333198,0.03931707883696899,31.34660803883232,661,5161,0.0186157703501286,,
chosen_surprisal__frac_above_z,answer_z,cell=pb_omnimath_q4,0.11588285906680118,0.03053991644947403,39.73987372311397,759,4033,0.014979555851369874,,
chosen_surprisal__frac_above_z,answer_z,cell=pb_omnimath_q8,0.10202834377113308,0.02606603798655549,45.13618486563176,759,4033,0.021794876620239777,,
chosen_surprisal__frac_above_z,answer_z,steps_2_to_5,0.0661226162789559,0.017577959951845187,69.64591610470997,1312,5760,0.03218561994622898,"[0.06613090284568471, 0.12103854043099734]","[38.04713911444963, 69.63718908744033]"
chosen_surprisal__frac_above_z,answer_z,steps_6_to_10,0.07341596821909531,0.019416853152954376,62.727091907919544,2308,14512,0.013303269717416272,"[0.06621668543606954, 0.10999720701845635]","[41.8662465240176, 69.54697529271927]"
chosen_surprisal__frac_above_z,answer_z,steps_11_plus,0.1896050151397345,0.05208755766437333,24.288229837139003,822,8382,0.012086516790624172,"[0.17583587214795746, 0.27970493115414286]","[16.464386834318, 26.1901631887324]"
chosen_surprisal__slope,raw,macro8_all,0.36682261593963084,0.09931797843166575,12.554215541459362,4442,28654,0.25180484399140035,"[0.3389627543793436, 0.4094574086228346]","[11.247006621462976, 13.586065508643776]"
chosen_surprisal__slope,raw,cell=pb_gsm8k_q4,0.34469416663295327,0.10052655085521135,13.360162810332373,207,1361,0.31949117739142285,,
chosen_surprisal__slope,raw,cell=pb_gsm8k_q8,0.35906405836707445,0.10255914082353751,12.825483583433975,207,1361,0.3346866467119342,,
chosen_surprisal__slope,raw,cell=pb_math_q4,0.30736978069822873,0.08413367336349417,14.982507960043678,594,3772,0.21429383720237016,,
chosen_surprisal__slope,raw,cell=pb_math_q8,0.3226181479522652,0.08939914677715562,14.274368057774222,594,3772,0.23582679345081115,,
chosen_surprisal__slope,raw,cell=pb_olympiadbench_q4,0.38306606438789015,0.0991500737140916,12.021869369574139,661,5161,0.2011801980278108,,
chosen_surprisal__slope,raw,cell=pb_olympiadbench_q8,0.37516088946788984,0.0997824129942242,12.275187300360237,661,5161,0.20908422874299676,,
chosen_surprisal__slope,raw,cell=pb_omnimath_q4,0.4292425325553752,0.11671301565756022,10.728597090722815,759,4033,0.29546154501228417,,
chosen_surprisal__slope,raw,cell=pb_omnimath_q8,0.4700085559012033,0.13032075246421135,9.798056074017742,759,4033,0.3013147145058386,,
chosen_surprisal__slope,raw,steps_2_to_5,0.34581629536291336,0.09565973546264794,13.316810826266135,1312,5760,0.3511824444535231,"[0.31483794354551764, 0.43850863602351237]","[10.501891656567437, 14.627113028777297]"
chosen_surprisal__slope,raw,steps_6_to_10,0.3622203201640849,0.09665935197133202,12.713726783472449,2308,14512,0.27079289391574096,"[0.3292713235380317, 0.4244322134262545]","[10.850190066424458, 13.98594367862157]"
chosen_surprisal__slope,raw,steps_11_plus,0.3425579008902594,0.09002680624468051,13.443479697942765,822,8382,0.29480618961322735,"[0.31029421886259284, 0.4601732617144149]","[10.007470162067078, 14.84130191941279]"
chosen_surprisal__slope,answer_z,macro8_all,0.11579834972773971,0.03367615853739481,39.76887578117976,4442,28654,0.06683825711137689,"[0.10771997207186358, 0.1428881454470527]","[32.229196981876576, 42.75131247635146]"
chosen_surprisal__slope,answer_z,cell=pb_gsm8k_q4,0.2454853021479681,0.07167976269933107,18.75945380718676,207,1361,0.19558501723488755,,
chosen_surprisal__slope,answer_z,cell=pb_gsm8k_q8,0.18208322194962429,0.05257925218227058,25.29156798017432,207,1361,0.22805542336914272,,
chosen_surprisal__slope,answer_z,cell=pb_math_q4,0.10446427374666198,0.02907481785950398,44.083685463186825,594,3772,0.05806618515900278,,
chosen_surprisal__slope,answer_z,cell=pb_math_q8,0.10780658345277735,0.029442071757999948,42.716966241725856,594,3772,0.074924092752876,,
chosen_surprisal__slope,answer_z,cell=pb_olympiadbench_q4,0.15117743282781804,0.042443127507275205,30.46202134701614,661,5161,0.07058851020085297,,
chosen_surprisal__slope,answer_z,cell=pb_olympiadbench_q8,0.14105610317089948,0.0391259435104371,32.64779107365955,661,5161,0.07158908527122451,,
chosen_surprisal__slope,answer_z,cell=pb_omnimath_q4,0.18369081144901805,0.05453797109860255,25.070226156991094,759,4033,0.0876292755428627,,
chosen_surprisal__slope,answer_z,cell=pb_omnimath_q8,0.19197264306619413,0.055020010952697214,23.988679389074107,759,4033,0.08918359592764279,,
chosen_surprisal__slope,answer_z,steps_2_to_5,0.1302575777468552,0.03804358811050003,35.3543361211419,1312,5760,0.1313374629028917,"[0.12557277742335987, 0.19598492166864162]","[23.497573929560815, 36.67331630694192]"
chosen_surprisal__slope,answer_z,steps_6_to_10,0.16103907481838636,0.04703260714798732,28.596601111758897,2308,14512,0.0729005669114918,"[0.14895433240971995, 0.2032403889581787]","[22.658735350756043, 30.916658223279605]"
chosen_surprisal__slope,answer_z,steps_11_plus,0.1565459777907939,0.041641216327882334,29.417365115202028,822,8382,0.05066926836176529,"[0.14511858409939482, 0.2465982592226253]","[18.674787893902412, 31.733841772008418]"
chosen_surprisal__jump,raw,macro8_all,0.1644947614534906,0.04256825712870423,27.99584707316143,4442,28654,0.2565653660875821,"[0.1486603269913488, 0.1968210153254852]","[23.397756476220124, 30.97780207530478]"
chosen_surprisal__jump,raw,cell=pb_gsm8k_q4,0.24503894982381458,0.06964506346974286,18.793625214682216,207,1361,0.3795542222828835,,
chosen_surprisal__jump,raw,cell=pb_gsm8k_q8,0.24949018693377303,0.0658284189579238,18.45832191873154,207,1361,0.3797299899974702,,
chosen_surprisal__jump,raw,cell=pb_math_q4,0.1570868381199409,0.042038988519876225,29.3160791897275,594,3772,0.23755591567870749,,
chosen_surprisal__jump,raw,cell=pb_math_q8,0.1852546077408775,0.048481478921755784,24.858599967615994,594,3772,0.24533149910069413,,
chosen_surprisal__jump,raw,cell=pb_olympiadbench_q4,0.17035886567331276,0.04444363512510477,27.032172160732493,661,5161,0.1853033897670058,,
chosen_surprisal__jump,raw,cell=pb_olympiadbench_q8,0.20351158052068535,0.05356413611795771,22.628541207363934,661,5161,0.2028117251151451,,
chosen_surprisal__jump,raw,cell=pb_omnimath_q4,0.21635504242786768,0.056325088118567054,21.28524546648108,759,4033,0.2945196098967969,,
chosen_surprisal__jump,raw,cell=pb_omnimath_q8,0.2102171618296979,0.05502145992571955,21.906728004057317,759,4033,0.3045361923603484,,
chosen_surprisal__jump,raw,steps_2_to_5,0.20597429189113897,0.0543882213604838,22.35798527916292,1312,5760,0.4433956900541742,"[0.18842864412231045, 0.28460027835368523]","[16.18118651403793, 24.439862672889802]"
chosen_surprisal__jump,raw,steps_6_to_10,0.1552924850321679,0.03924331903788827,29.654816748113465,2308,14512,0.27051822478666654,"[0.1392961890444657, 0.20161887630544995]","[22.840967425149813, 33.06027406477031]"
chosen_surprisal__jump,raw,steps_11_plus,0.19350328282724433,0.04974921286991228,23.79892536551688,822,8382,0.23804155086462836,"[0.17586319277961907, 0.2928411517399506]","[15.725830057100664, 26.186094504487972]"
chosen_surprisal__jump,answer_z,macro8_all,0.0799015337215429,0.021650312255158167,57.63556682199774,4442,28654,0.1862898777669021,"[0.07283723408053346, 0.10456308623296667]","[44.0420262245107, 63.22549509357157]"
chosen_surprisal__jump,answer_z,cell=pb_gsm8k_q4,0.16273291379628763,0.04403645907175563,28.298947511951624,207,1361,0.33810721953860734,,
chosen_surprisal__jump,answer_z,cell=pb_gsm8k_q8,0.21068704077460734,0.05676690909618485,21.857871129884515,207,1361,0.32560431027041115,,
chosen_surprisal__jump,answer_z,cell=pb_math_q4,0.08106086938160645,0.021160838307430728,56.811260736774834,594,3772,0.16458027876238368,,
chosen_surprisal__jump,answer_z,cell=pb_math_q8,0.0917546833958185,0.023327124593753357,50.19002862362839,594,3772,0.18207339573225392,,
chosen_surprisal__jump,answer_z,cell=pb_olympiadbench_q4,0.11376018521333237,0.03199203849343125,40.481387906956215,661,5161,0.16566883267737254,,
chosen_surprisal__jump,answer_z,cell=pb_olympiadbench_q8,0.10202543375150917,0.028274517384744593,45.13747226210613,661,5161,0.1897780141963018,,
chosen_surprisal__jump,answer_z,cell=pb_omnimath_q4,0.1236545711041755,0.03351659901906854,37.242215511049444,759,4033,0.20746884544220812,,
chosen_surprisal__jump,answer_z,cell=pb_omnimath_q8,0.13440851443204316,0.03699528199407561,34.26248854432851,759,4033,0.22552242925025678,,
chosen_surprisal__jump,answer_z,steps_2_to_5,0.09066854852372316,0.023912529748093894,50.79126401569297,1312,5760,0.36390453651931953,"[0.08799438420751708, 0.15525375055111035]","[29.662215370906907, 52.33481917582062]"
chosen_surprisal__jump,answer_z,steps_6_to_10,0.11496904127331646,0.03114529580883662,40.055741397722876,2308,14512,0.2309960114338034,"[0.1035366996561775, 0.15698352851633815]","[29.335371866793057, 44.47862643179515]"
chosen_surprisal__jump,answer_z,steps_11_plus,0.13272399045940964,0.033750680954229964,34.697345747726516,822,8382,0.11145169354992746,"[0.12477910484063133, 0.22265171008660106]","[20.683291335139067, 36.90658136929132]"
chosen_surprisal__q90,raw,macro8_all,0.11688865452145555,0.03255783816780559,39.39792279106769,4442,28654,0.15211720432519465,"[0.10614348255630456, 0.1430375981507845]","[32.19552233485846, 43.38627370310039]"
chosen_surprisal__q90,raw,cell=pb_gsm8k_q4,0.21020234422304873,0.05877934599639423,21.908272255524796,207,1361,0.2613018932881079,,
chosen_surprisal__q90,raw,cell=pb_gsm8k_q8,0.2070534489004855,0.05487188451666486,22.241456060948973,207,1361,0.24608880663383625,,
chosen_surprisal__q90,raw,cell=pb_math_q4,0.12699737784499834,0.03466909810542656,36.261931262933246,594,3772,0.137030522723626,,
chosen_surprisal__q90,raw,cell=pb_math_q8,0.14519947967030122,0.0387309167466354,31.716161768932448,594,3772,0.13921443381745358,,
chosen_surprisal__q90,raw,cell=pb_olympiadbench_q4,0.13447162674974855,0.03481914518323328,34.24640793970839,661,5161,0.12685552378821557,,
chosen_surprisal__q90,raw,cell=pb_olympiadbench_q8,0.14933504547229454,0.040328347245420275,30.8378396472412,661,5161,0.13823548864080143,,
chosen_surprisal__q90,raw,cell=pb_omnimath_q4,0.12831987765420613,0.03793269293902292,35.88820586626503,759,4033,0.1674143454153374,,
chosen_surprisal__q90,raw,cell=pb_omnimath_q8,0.1341022527128696,0.037917048868348104,34.34073695874715,759,4033,0.1677465837436934,,
chosen_surprisal__q90,raw,steps_2_to_5,0.13425089742553614,0.03879898545190978,34.30271435274691,1312,5760,0.22461415454241412,"[0.12373584777076813, 0.19448645883914847]","[23.67861605108885, 37.21775272853496]"
chosen_surprisal__q90,raw,steps_6_to_10,0.07991376745267231,0.02124872560628144,57.626743586021426,2308,14512,0.15833274694985489,"[0.0709888554828381, 0.11807018284909787]","[39.00366777507094, 64.87173450910775]"
chosen_surprisal__q90,raw,steps_11_plus,0.14007532822218527,0.0415886434533649,32.876383331998646,822,8382,0.17931580555340565,"[0.1312305378065736, 0.21814830565343352]","[21.110272537730385, 35.09221453299119]"
chosen_surprisal__q90,answer_z,macro8_all,0.07973196097083693,0.02069568066457855,57.758145289722606,4442,28654,0.04998060271786542,"[0.07188473720042905, 0.10442232481763136]","[44.101394927098234, 64.06325411120241]"
chosen_surprisal__q90,answer_z,cell=pb_gsm8k_q4,0.19980917115001248,0.05441910239915274,23.04784189575877,207,1361,0.1746255320617892,,
chosen_surprisal__q90,answer_z,cell=pb_gsm8k_q8,0.12742801742365734,0.033401420283355944,36.13938503553246,207,1361,0.12406314515050887,,
chosen_surprisal__q90,answer_z,cell=pb_math_q4,0.07873209789945784,0.020158473593538992,58.491648372801755,594,3772,0.04848054795685597,,
chosen_surprisal__q90,answer_z,cell=pb_math_q8,0.07719714379947949,0.019376559370792617,59.654670617737835,594,3772,0.04534255299793169,,
chosen_surprisal__q90,answer_z,cell=pb_olympiadbench_q4,0.12404296301530988,0.032703308909785574,37.12560611293768,661,5161,0.060044286910221026,,
chosen_surprisal__q90,answer_z,cell=pb_olympiadbench_q8,0.13858484216261874,0.03754274499788034,33.229970277588336,661,5161,0.05879546475193681,,
chosen_surprisal__q90,answer_z,cell=pb_omnimath_q4,0.1074556896130572,0.028510952300402587,42.85645741580636,759,4033,0.05957349192837495,,
chosen_surprisal__q90,answer_z,cell=pb_omnimath_q8,0.12344726164852139,0.03300967050246844,37.30475771183905,759,4033,0.06789594280392604,,
chosen_surprisal__q90,answer_z,steps_2_to_5,0.051964080590121246,0.0133456866454952,88.62218158563107,1312,5760,0.08728174370783863,"[0.05368284947645952, 0.10082727057465068]","[45.67385549307821, 85.78475678731446]"
chosen_surprisal__q90,answer_z,steps_6_to_10,0.08892164623260125,0.023436737687773886,51.78907927482457,2308,14512,0.05899430172836703,"[0.08019840594897218, 0.12526692219512284]","[36.76285890392372, 57.42221595923269]"
chosen_surprisal__q90,answer_z,steps_11_plus,0.1892467158548971,0.051533186378406655,24.334214547316407,822,8382,0.055968937310844145,"[0.17583786400576656, 0.2728740678533726]","[16.876540237831083, 26.18986651155559]"
chosen_surprisal__first_token,raw,macro8_all,0.11653270469939518,0.031991489019032336,39.51826397462818,4442,28654,0.24672245806698734,"[0.10475152265625312, 0.14304906759919303]","[32.192940948704724, 43.96279948216282]"
chosen_surprisal__first_token,raw,cell=pb_gsm8k_q4,0.16704827561859537,0.046202887671972545,27.56790017098181,207,1361,0.3518127106821429,,
chosen_surprisal__first_token,raw,cell=pb_gsm8k_q8,0.17278673902559616,0.04698077825045231,26.652335775061385,207,1361,0.37856312486161686,,
chosen_surprisal__first_token,raw,cell=pb_math_q4,0.09806541749014644,0.028271548931210807,46.960185393090455,594,3772,0.19495779345390896,,
chosen_surprisal__first_token,raw,cell=pb_math_q8,0.10428235293217489,0.028316758010114504,44.160589558074975,594,3772,0.21653620138675259,,
chosen_surprisal__first_token,raw,cell=pb_olympiadbench_q4,0.1579452666343215,0.0428492396029064,29.156747043582428,661,5161,0.193113464714561,,
chosen_surprisal__first_token,raw,cell=pb_olympiadbench_q8,0.15484831874825294,0.04045493368857519,29.739878503137117,661,5161,0.21940333946731969,,
chosen_surprisal__first_token,raw,cell=pb_omnimath_q4,0.17495306459064364,0.04809110311557074,26.322317912883094,759,4033,0.309257969477211,,
chosen_surprisal__first_token,raw,cell=pb_omnimath_q8,0.18204991643744628,0.05064883006216758,25.296195000289732,759,4033,0.3506189210414211,,
chosen_surprisal__first_token,raw,steps_2_to_5,0.1124023531261679,0.031471357225131405,40.97040727269243,1312,5760,0.4126095754656444,"[0.10691699888761805, 0.17564919706636475]","[26.217997365784374, 43.072385438246826]"
chosen_surprisal__first_token,raw,steps_6_to_10,0.11694372410074436,0.031848856879074294,39.37937004657764,2308,14512,0.2456176376693688,"[0.1048741051228321, 0.15741446846805363]","[29.25506296089095, 43.91141340938605]"
chosen_surprisal__first_token,raw,steps_11_plus,0.13897736735585323,0.03730626886180894,33.1361161432602,822,8382,0.24500847461081313,"[0.13356899670199815, 0.22270553898465742]","[20.67829209360325, 34.47783766963939]"
chosen_surprisal__first_token,answer_z,macro8_all,0.06345125590806713,0.017546368055133613,72.57807777139041,4442,28654,0.2536570155503992,"[0.05805163877691133, 0.08772931652493914]","[52.49294498582994, 79.32885760013531]"
chosen_surprisal__first_token,answer_z,cell=pb_gsm8k_q4,0.1671744904287377,0.04604682277472634,27.547086724640927,207,1361,0.3385010827574366,,
chosen_surprisal__first_token,answer_z,cell=pb_gsm8k_q8,0.13202584374480048,0.036017641835635716,34.88082374909614,207,1361,0.31363850369769775,,
chosen_surprisal__first_token,answer_z,cell=pb_math_q4,0.07593289631729085,0.01905273160798046,60.647893196975794,594,3772,0.2718412576211837,,
chosen_surprisal__first_token,answer_z,cell=pb_math_q8,0.08894084698751467,0.02194354009814287,51.777898929100104,594,3772,0.266219268790317,,
chosen_surprisal__first_token,answer_z,cell=pb_olympiadbench_q4,0.11000613824279112,0.031066893546364792,41.8628474696945,661,5161,0.21397996179559028,,
chosen_surprisal__first_token,answer_z,cell=pb_olympiadbench_q8,0.11068954388259361,0.030716675040404137,41.60438307409336,661,5161,0.22465971024107428,,
chosen_surprisal__first_token,answer_z,cell=pb_omnimath_q4,0.10521676733281005,0.028837478912383693,43.76840595588274,759,4033,0.2821543125549397,,
chosen_surprisal__first_token,answer_z,cell=pb_omnimath_q8,0.09228471115934894,0.02558975954487954,49.901767347316046,759,4033,0.2911275855438025,,
chosen_surprisal__first_token,answer_z,steps_2_to_5,0.08080477720900302,0.02312943522418573,56.991310972576976,1312,5760,0.4137853391934748,"[0.08048290716266775, 0.13809080262837584]","[33.34885523390962, 57.219232608985756]"
chosen_surprisal__first_token,answer_z,steps_6_to_10,0.08122443134467963,0.022719110445303572,56.696859673240915,2308,14512,0.2691966621340005,"[0.07586014249911464, 0.1173544133664615]","[39.24155942569941, 60.706057677677556]"
chosen_surprisal__first_token,answer_z,steps_11_plus,0.07061270267934149,0.0188577229157167,65.21730526164076,822,8382,0.15840162716251432,"[0.07552341964406563, 0.1483773856297741]","[31.036873755672893, 60.97671699311023]"
chosen_surprisal__boxcar8_max,raw,macro8_all,0.113132446607172,0.02933535890460257,40.70600719861165,4442,28654,0.23468082927763181,"[0.1012359029183202, 0.14217881102271576]","[32.38998942853959, 45.48949585310327]"
chosen_surprisal__boxcar8_max,raw,cell=pb_gsm8k_q4,0.17365164901760524,0.04582766711229112,26.519587991480623,207,1361,0.33441284994887993,,
chosen_surprisal__boxcar8_max,raw,cell=pb_gsm8k_q8,0.12094114890748581,0.030712171371060124,38.07777772568397,207,1361,0.3323673624841446,,
chosen_surprisal__boxcar8_max,raw,cell=pb_math_q4,0.11891109276244201,0.03135520104154419,38.7278434585426,594,3772,0.19046659286782824,,
chosen_surprisal__boxcar8_max,raw,cell=pb_math_q8,0.14599611322782663,0.04038350668116702,31.54310127970142,594,3772,0.21477291251011255,,
chosen_surprisal__boxcar8_max,raw,cell=pb_olympiadbench_q4,0.15162550418492082,0.04087106515034643,30.37200245924113,661,5161,0.1874880309414439,,
chosen_surprisal__boxcar8_max,raw,cell=pb_olympiadbench_q8,0.15040082775602978,0.03874130306797158,30.619314100174318,661,5161,0.2154763276863025,,
chosen_surprisal__boxcar8_max,raw,cell=pb_omnimath_q4,0.14324438886235827,0.037355047789094556,32.14904417940686,759,4033,0.27148858634363615,,
chosen_surprisal__boxcar8_max,raw,cell=pb_omnimath_q8,0.17281317360322596,0.04535818544814757,26.648258868050355,759,4033,0.29895445346767824,,
chosen_surprisal__boxcar8_max,raw,steps_2_to_5,0.11619220508366279,0.030465950114870976,39.6340716889932,1312,5760,0.38855320040130314,"[0.10555293855786686, 0.1780428891123816]","[25.86551032139949, 43.6290097547916]"
chosen_surprisal__boxcar8_max,raw,steps_6_to_10,0.08648339022540695,0.022214465975261277,53.24918662399052,2308,14512,0.24202006222638733,"[0.07727480737898383, 0.12604370799412704]","[36.536295696748844, 59.594715822488666]"
chosen_surprisal__boxcar8_max,raw,steps_11_plus,0.12983117063606697,0.03437667167693492,35.47045107447241,822,8382,0.26057800644583096,"[0.1263789178772276, 0.21624288925891777]","[21.29628494037603, 36.4393861202534]"
chosen_surprisal__boxcar8_max,answer_z,macro8_all,0.16043788852604327,0.04162543457172248,28.703757125552997,4442,28654,0.23421668600113954,"[0.1428733985193836, 0.19385504096728598]","[23.75574121265816, 32.23252357480185]"
chosen_surprisal__boxcar8_max,answer_z,cell=pb_gsm8k_q4,0.2542764129077061,0.06954004711239391,18.110882300591584,207,1361,0.2966378147086385,,
chosen_surprisal__boxcar8_max,answer_z,cell=pb_gsm8k_q8,0.25144811723746296,0.06529592827795748,18.31459402672343,207,1361,0.29460745242158903,,
chosen_surprisal__boxcar8_max,answer_z,cell=pb_math_q4,0.14780628108366017,0.038397940433982,31.156796262139284,594,3772,0.2311104670272195,,
chosen_surprisal__boxcar8_max,answer_z,cell=pb_math_q8,0.150635778177283,0.03951515800882233,30.5715563839573,594,3772,0.24229201699661437,,
chosen_surprisal__boxcar8_max,answer_z,cell=pb_olympiadbench_q4,0.22612830551093516,0.06179182439295102,20.365297372138997,661,5161,0.2120970841768281,,
chosen_surprisal__boxcar8_max,answer_z,cell=pb_olympiadbench_q8,0.2110692649574294,0.056814853080935555,21.818288830052587,661,5161,0.22288325880134946,,
chosen_surprisal__boxcar8_max,answer_z,cell=pb_omnimath_q4,0.1796665752016489,0.04878132389080837,25.63175805415936,759,4033,0.2589885517082431,,
chosen_surprisal__boxcar8_max,answer_z,cell=pb_omnimath_q8,0.1742887824017258,0.045855027004086946,26.422642481794583,759,4033,0.2709118927210109,,
chosen_surprisal__boxcar8_max,answer_z,steps_2_to_5,0.12823956110155438,0.03160172922609105,35.910682681931554,1312,5760,0.3868404208217191,"[0.11378750570338604, 0.1987779169490653]","[23.16741344647513, 40.471668286609194]"
chosen_surprisal__boxcar8_max,answer_z,steps_6_to_10,0.21359128456692641,0.05625960445915944,21.560665245894498,2308,14512,0.2626392172519241,"[0.19130663242377016, 0.2644861355674067]","[17.41176404618919, 24.072193042356286]"
chosen_surprisal__boxcar8_max,answer_z,steps_11_plus,0.30317022120405435,0.08127785108169779,15.190047913342045,822,8382,0.14061712154647793,"[0.27489288213784147, 0.40877360965257264]","[11.265820682265046, 16.75259886750683]"
chosen_surprisal__page_wmax,raw,macro8_all,0.2635281743925627,0.07512963867527402,17.475058204319495,4442,28654,0.20252489735851706,"[0.2434585715122366, 0.2993876958373086]","[15.381962084676333, 18.915621484933542]"
chosen_surprisal__page_wmax,raw,cell=pb_gsm8k_q4,0.2786419161332538,0.07449123273777543,16.52719824028837,207,1361,0.2593436013693676,,
chosen_surprisal__page_wmax,raw,cell=pb_gsm8k_q8,0.32957293275431204,0.08762437858475901,13.973144419056784,207,1361,0.28055343862206417,,
chosen_surprisal__page_wmax,raw,cell=pb_math_q4,0.2847981940576742,0.08007538599672788,16.169941671243546,594,3772,0.17705523134034296,,
chosen_surprisal__page_wmax,raw,cell=pb_math_q8,0.2978453853452695,0.08705261696891646,15.461613348985308,594,3772,0.21384073371226242,,
chosen_surprisal__page_wmax,raw,cell=pb_olympiadbench_q4,0.3401857133490665,0.09993559369236678,13.537223949386435,661,5161,0.1726251076048555,,
chosen_surprisal__page_wmax,raw,cell=pb_olympiadbench_q8,0.3330166200321962,0.0944866559254205,13.828649709863917,661,5161,0.1948344762566393,,
chosen_surprisal__page_wmax,raw,cell=pb_omnimath_q4,0.27342462025741365,0.07856704222805025,16.842558587637747,759,4033,0.24885484267838132,,
chosen_surprisal__page_wmax,raw,cell=pb_omnimath_q8,0.2503061047589327,0.07563895832978709,18.398153694346707,759,4033,0.2709267188675478,,
chosen_surprisal__page_wmax,raw,steps_2_to_5,0.20201588220602018,0.0546021885529826,22.796079871045183,1312,5760,0.30873053620915036,"[0.1811195851334993, 0.27383568112560763]","[16.817275846078342, 25.42613038006752]"
chosen_surprisal__page_wmax,raw,steps_6_to_10,0.3040299006152756,0.08621875807585713,15.14709631081829,2308,14512,0.22982685085245286,"[0.2756835747705129, 0.3585170891380628]","[12.845050697749775, 16.70455046087374]"
chosen_surprisal__page_wmax,raw,steps_11_plus,0.3372867849515182,0.10088415217889046,13.653574321478505,822,8382,0.13792083729292692,"[0.30316661406748074, 0.4381334561455011]","[10.510884574992938, 15.190228647548388]"
chosen_surprisal__page_wmax,answer_z,macro8_all,0.12189628930631083,0.03138750619754222,37.77941241850151,4442,28654,0.23468759110311074,"[0.10809944915769065, 0.150933074994255]","[30.511338791470187, 42.601236378829974]"
chosen_surprisal__page_wmax,answer_z,cell=pb_gsm8k_q4,0.18224835233879388,0.04730582366629413,25.2686519625002,207,1361,0.32177800756548147,,
chosen_surprisal__page_wmax,answer_z,cell=pb_gsm8k_q8,0.21997211346778442,0.059227652535729536,20.935245442657134,207,1361,0.31327059489087405,,
chosen_surprisal__page_wmax,answer_z,cell=pb_math_q4,0.12071446454496143,0.031190944904444916,38.14928230305694,594,3772,0.2339355196254151,,
chosen_surprisal__page_wmax,answer_z,cell=pb_math_q8,0.11809135596484112,0.029528949416856225,38.996674636873266,594,3772,0.24882171485135385,,
chosen_surprisal__page_wmax,answer_z,cell=pb_olympiadbench_q4,0.1939436203961769,0.051404926463509984,23.7448913069732,661,5161,0.20158248992189737,,
chosen_surprisal__page_wmax,answer_z,cell=pb_olympiadbench_q8,0.2015310595628354,0.054320521321224155,22.85092032949018,661,5161,0.21837156883861897,,
chosen_surprisal__page_wmax,answer_z,cell=pb_omnimath_q4,0.14914629301471016,0.03973904126066527,30.876866550976818,759,4033,0.26333282066760577,,
chosen_surprisal__page_wmax,answer_z,cell=pb_omnimath_q8,0.1458259855945696,0.0386365585235825,31.57990098411914,759,4033,0.2773023770816969,,
chosen_surprisal__page_wmax,answer_z,steps_2_to_5,0.10943998493816547,0.02814691800756845,42.07941173045713,1312,5760,0.40373798646037384,"[0.0993014532039873, 0.1745131787120792]","[26.38866714808936, 46.375657529684354]"
chosen_surprisal__page_wmax,answer_z,steps_6_to_10,0.1734481755440474,0.04479103656575879,26.550698337086875,2308,14512,0.26737001902937463,"[0.1538742840952472, 0.22328326175504984]","[20.624789112227038, 29.928133950813514]"
chosen_surprisal__page_wmax,answer_z,steps_11_plus,0.22822026421938113,0.060781135029188284,20.178620867607457,822,8382,0.1405679860871492,"[0.20828797935571924, 0.3283500747891458]","[14.025183910633675, 22.1096301391607]"
logprob_margin__top5,raw,macro8_all,0.08353974696255173,0.021390445374131168,55.12549838165594,4442,28654,0.09439608013088285,"[0.07284132905396827, 0.10851584439051427]","[42.437767607608876, 63.22194070039706]"
logprob_margin__top5,raw,cell=pb_gsm8k_q4,0.11114530619326024,0.02949494941712846,41.43378019023664,207,1361,0.1687085105741734,,
logprob_margin__top5,raw,cell=pb_gsm8k_q8,0.10039120510418326,0.02719407813935491,45.872247287090254,207,1361,0.14263596138573673,,
logprob_margin__top5,raw,cell=pb_math_q4,0.08900163492335343,0.024015529546478863,51.742534729322436,594,3772,0.09972305390358299,,
logprob_margin__top5,raw,cell=pb_math_q8,0.09732440294398274,0.02511018153937184,47.31773375109942,594,3772,0.0903764533932529,,
logprob_margin__top5,raw,cell=pb_olympiadbench_q4,0.11363715553409041,0.028867630425646332,40.52521522862802,661,5161,0.08893829960363318,,
logprob_margin__top5,raw,cell=pb_olympiadbench_q8,0.11676611755113467,0.030413371449634498,39.439267850722004,661,5161,0.09786096556011216,,
logprob_margin__top5,raw,cell=pb_omnimath_q4,0.1322360947766435,0.03445428862187184,34.825364389099384,759,4033,0.13374673966523415,,
logprob_margin__top5,raw,cell=pb_omnimath_q8,0.12206614416675221,0.03200897261530488,37.72684242157315,759,4033,0.13207200031938326,,
logprob_margin__top5,raw,steps_2_to_5,0.06568650649396776,0.016755140976645298,70.10831343894048,1312,5760,0.12250551048261271,"[0.062003749901594754, 0.11907873832494552]","[38.67332028175651, 74.27244631650328]"
logprob_margin__top5,raw,steps_6_to_10,0.06483005944498958,0.016531654279619334,71.03448963972845,2308,14512,0.10551408075697125,"[0.059014704094076886, 0.09925598298434161]","[46.39690271078764, 78.03428411073398]"
logprob_margin__top5,raw,steps_11_plus,0.0989340474297396,0.02523694449506342,46.54788018511589,822,8382,0.16411352022292097,"[0.0947036419757568, 0.17483297648981905]","[26.3403980098472, 48.62717092936056]"
logprob_margin__top5,answer_z,macro8_all,0.15766604854581073,0.04250676789678492,29.208382073773063,4442,28654,0.014771896772100154,"[0.1431471852043723, 0.18507194398743768]","[24.883135102858603, 32.1708748894591]"
logprob_margin__top5,answer_z,cell=pb_gsm8k_q4,0.23876069461911198,0.06875330745200396,19.287806953881528,207,1361,0.10595969512125379,,
logprob_margin__top5,answer_z,cell=pb_gsm8k_q8,0.23983360657188155,0.061778172325112,19.20152163749352,207,1361,0.11689330857910402,,
logprob_margin__top5,answer_z,cell=pb_math_q4,0.1611602679360359,0.04292590960583775,28.575096361938737,594,3772,0.02814065854189621,,
logprob_margin__top5,answer_z,cell=pb_math_q8,0.15661311772220812,0.04140434216907997,29.40475391184341,594,3772,0.03791038182644696,,
logprob_margin__top5,answer_z,cell=pb_olympiadbench_q4,0.16590438511255676,0.04471258672561635,27.757977481208492,661,5161,0.03268033068970387,,
logprob_margin__top5,answer_z,cell=pb_olympiadbench_q8,0.18311453101875072,0.04918149092404738,25.149124760156404,661,5161,0.029600441692433706,,
logprob_margin__top5,answer_z,cell=pb_omnimath_q4,0.19456920697936336,0.05439854624669934,23.668545796542876,759,4033,0.018595544216451716,,
logprob_margin__top5,answer_z,cell=pb_omnimath_q8,0.2126761771346639,0.0573480617089882,21.653436920074764,759,4033,0.023728853754936344,,
logprob_margin__top5,answer_z,steps_2_to_5,0.1308690315427863,0.035580275525742715,35.18915156396246,1312,5760,0.052647834124327296,"[0.12035740700191476, 0.18779467591197166]","[24.52236818548975, 38.26245763100254]"
logprob_margin__top5,answer_z,steps_6_to_10,0.171049977994237,0.046339389746113284,26.922951057867127,2308,14512,0.018474787225683117,"[0.15489378921862515, 0.21276963365562712]","[21.643925906464982, 29.731148093279035]"
logprob_margin__top5,answer_z,steps_11_plus,0.2155282407556845,0.060260352378819,21.366899158279477,822,8382,0.012577521140825283,"[0.19814115760373435, 0.2998230611559007]","[15.359626335058715, 23.24186575712879]"
logprob_margin__top10,raw,macro8_all,0.06637042243083678,0.01798244658041073,69.38588029610693,4442,28654,0.08578605836797994,"[0.058939851342971555, 0.08798610831387002]","[52.339741741505556, 78.13338651281224]"
logprob_margin__top10,raw,cell=pb_gsm8k_q4,0.15734263324019723,0.04136810255935863,29.268419443304335,207,1361,0.15674645367056897,,
logprob_margin__top10,raw,cell=pb_gsm8k_q8,0.17703831809291248,0.05167740941445502,26.012279350571024,207,1361,0.14349457417784447,,
logprob_margin__top10,raw,cell=pb_math_q4,0.06669868617050634,0.017950338493558718,69.0443912825447,594,3772,0.07849607949111514,,
logprob_margin__top10,raw,cell=pb_math_q8,0.08148401907005105,0.02185563081616266,56.51623764445234,594,3772,0.080460706765442,,
logprob_margin__top10,raw,cell=pb_olympiadbench_q4,0.08518245472825584,0.022388625158741154,54.062426360912475,661,5161,0.09096178441932867,,
logprob_margin__top10,raw,cell=pb_olympiadbench_q8,0.08990105654372892,0.024241240003220654,51.2248727994435,661,5161,0.0958638281346984,,
logprob_margin__top10,raw,cell=pb_omnimath_q4,0.12191858897864026,0.032764140089031016,37.77250232772053,759,4033,0.12109593314262104,,
logprob_margin__top10,raw,cell=pb_omnimath_q8,0.10886926244462418,0.02971412710003602,42.300003532498344,759,4033,0.12085187070769121,,
logprob_margin__top10,raw,steps_2_to_5,0.0764665640039731,0.021239494208288176,60.22462557293425,1312,5760,0.11208466841501882,"[0.07405563199167382, 0.1289928955614327]","[35.70095985476104, 62.1852796625361]"
logprob_margin__top10,raw,steps_6_to_10,0.05243043690981754,0.014145656928426998,87.83390826800031,2308,14512,0.09226026321652524,"[0.04817143916599143, 0.08419536081917635]","[54.696246220483175, 95.59959730742895]"
logprob_margin__top10,raw,steps_11_plus,0.06796797181709134,0.01835770838351374,67.75500375943346,822,8382,0.14600534372955637,"[0.07262005428227848, 0.13836819171546902]","[33.282000211853976, 63.414579230242936]"
logprob_margin__top10,answer_z,macro8_all,0.1911638553581517,0.0529252624008425,24.090172158121398,4442,28654,0.024520928958164528,"[0.17527264046207464, 0.2209174212945434]","[20.845663320721727, 26.274324240494085]"
logprob_margin__top10,answer_z,cell=pb_gsm8k_q4,0.20265991178245502,0.05671235947425949,22.723636586457737,207,1361,0.11029317194039095,,
logprob_margin__top10,answer_z,cell=pb_gsm8k_q8,0.2650285294419953,0.07298423518060143,17.376130017715656,207,1361,0.10571228620772169,,
logprob_margin__top10,answer_z,cell=pb_math_q4,0.21136851788916505,0.05728071356152905,21.78739876674963,594,3772,0.041443703533994035,,
logprob_margin__top10,answer_z,cell=pb_math_q8,0.17464711271657474,0.046815240114588416,26.368430112334988,594,3772,0.03854154657351251,,
logprob_margin__top10,answer_z,cell=pb_olympiadbench_q4,0.20999073322249934,0.059825734333128724,21.930349569800317,661,5161,0.03286436727592919,,
logprob_margin__top10,answer_z,cell=pb_olympiadbench_q8,0.2091037643436746,0.058266759569024044,22.02337294329727,661,5161,0.035225200363154296,,
logprob_margin__top10,answer_z,cell=pb_omnimath_q4,0.2635304602933485,0.07537411907602966,17.4749066231731,759,4033,0.032809870284759964,,
logprob_margin__top10,answer_z,cell=pb_omnimath_q8,0.23530799226785445,0.0652057218092304,19.570819255242128,759,4033,0.02988252706628856,,
logprob_margin__top10,answer_z,steps_2_to_5,0.1654733376592938,0.046978526935879325,27.83028523586103,1312,5760,0.07336187063073335,"[0.15087300252462363, 0.2276682776682279]","[20.227544360391864, 30.523487363065456]"
logprob_margin__top10,answer_z,steps_6_to_10,0.20448868830779932,0.05664566187894463,22.520415305595403,2308,14512,0.030245951494343337,"[0.18298964418992217, 0.2518090063958405]","[18.288345805824054, 25.166288542582528]"
logprob_margin__top10,answer_z,steps_11_plus,0.23458315424122994,0.06772655020090712,19.631291091143044,822,8382,0.02243192143927663,"[0.21871420797882274, 0.31803711507218924]","[14.479977234552619, 21.055651704319057]"
logprob_margin__max,raw,macro8_all,0.11678910548611254,0.03017150119264577,39.43150490638611,4442,28654,0.10088377157050656,"[0.10281177545338453, 0.1466133785564054]","[31.410299873939408, 44.79224452335329]"
logprob_margin__max,raw,cell=pb_gsm8k_q4,0.19617763182693926,0.056203349412497314,23.474491679309313,207,1361,0.24944401753008272,,
logprob_margin__max,raw,cell=pb_gsm8k_q8,0.16306228637497944,0.042367523892970736,28.241785935700687,207,1361,0.15947466885477132,,
logprob_margin__max,raw,cell=pb_math_q4,0.12539097701930293,0.034010523939828376,36.726487786112095,594,3772,0.11569526578148223,,
logprob_margin__max,raw,cell=pb_math_q8,0.12124522126055573,0.031597301408694406,37.9822820075654,594,3772,0.11562247189692856,,
logprob_margin__max,raw,cell=pb_olympiadbench_q4,0.14278391002256813,0.0365379924634202,32.252725011243975,661,5161,0.09394360032749184,,
logprob_margin__max,raw,cell=pb_olympiadbench_q8,0.15080973375140005,0.03958611351538069,30.536292793802108,661,5161,0.10351990347945383,,
logprob_margin__max,raw,cell=pb_omnimath_q4,0.13846379230812894,0.03674993193194826,33.25902107129946,759,4033,0.14288752997109205,,
logprob_margin__max,raw,cell=pb_omnimath_q8,0.1456729555126162,0.03896441225979138,31.613075809320385,759,4033,0.15669514587504857,,
logprob_margin__max,raw,steps_2_to_5,0.09887465469548315,0.025597542631762452,46.5758408984711,1312,5760,0.12298928981108533,"[0.08814943006245063, 0.15844269133034855]","[29.065210564912974, 52.24276756781636]"
logprob_margin__max,raw,steps_6_to_10,0.09449214534338117,0.02433485878493859,48.7360104827027,2308,14512,0.11782964228187295,"[0.08288971899826865, 0.13270173781344924]","[34.70316411727775, 55.557797054231564]"
logprob_margin__max,raw,steps_11_plus,0.14082382354032316,0.03632749878199771,32.701641456777075,822,8382,0.17698128018300197,"[0.1261769417730869, 0.2232868950238615]","[20.624453510789163, 36.49771599528781]"
logprob_margin__max,answer_z,macro8_all,0.10189753224857093,0.026743573060545648,45.194128693461835,4442,28654,0.01981564736958484,"[0.09359772742555168, 0.12204649053526422]","[37.73291772496703, 49.20173077547292]"
logprob_margin__max,answer_z,cell=pb_gsm8k_q4,0.15697483142724583,0.043336628783541824,29.33699717411374,207,1361,0.08340680698513916,,
logprob_margin__max,answer_z,cell=pb_gsm8k_q8,0.22565104350114756,0.06331536743078645,20.408370883357655,207,1361,0.09068883111279025,,
logprob_margin__max,answer_z,cell=pb_math_q4,0.09953567539015232,0.026229048974037817,46.26652873893806,594,3772,0.044835691020277395,,
logprob_margin__max,answer_z,cell=pb_math_q8,0.11371129087417578,0.03099148295368342,40.498794364086685,594,3772,0.04671822164577061,,
logprob_margin__max,answer_z,cell=pb_olympiadbench_q4,0.11257493621279192,0.031158930599686597,40.90759756046661,661,5161,0.035682832959784735,,
logprob_margin__max,answer_z,cell=pb_olympiadbench_q8,0.135050071730077,0.03548101357609225,34.09972410227513,661,5161,0.04884092531974196,,
logprob_margin__max,answer_z,cell=pb_omnimath_q4,0.09891431299746845,0.026834141374893438,46.55716697042575,759,4033,0.04113842288774314,,
logprob_margin__max,answer_z,cell=pb_omnimath_q8,0.11983039542045437,0.032436125969715485,38.43073512216764,759,4033,0.036628138862459005,,
logprob_margin__max,answer_z,steps_2_to_5,0.1108270759603674,0.03041392727525174,41.552753657733746,1312,5760,0.07142593080392615,"[0.10237062344147997, 0.15796413707551948]","[29.1532639702039, 44.98527049237549]"
logprob_margin__max,answer_z,steps_6_to_10,0.1014217949997002,0.026548324152764386,45.40611991733833,2308,14512,0.04216804329711772,"[0.09342130347844893, 0.13272704530336946]","[34.69654715406509, 49.294647093534124]"
logprob_margin__max,answer_z,steps_11_plus,0.1150063671684935,0.03061852938597015,40.04274110529159,822,8382,0.017867791610628507,"[0.11250982848499977, 0.1807280048326365]","[25.481220745244865, 40.9312701654511]"
logprob_margin__mean,raw,macro8_all,0.017495696792387855,0.004679787168772361,263.2173065545889,4442,28654,0.012819549933899837,"[0.017627997787473444, 0.03311108329928619]","[139.08243787624338, 261.2418177894572]"
logprob_margin__mean,raw,cell=pb_gsm8k_q4,0.11633969864639923,0.031226881264857266,39.58382426264454,207,1361,0.14894788262789682,,
logprob_margin__mean,raw,cell=pb_gsm8k_q8,0.10800776267102193,0.027292427606123205,42.63740005442814,207,1361,0.13676194132393182,,
logprob_margin__mean,raw,cell=pb_math_q4,0.037272156548358706,0.009573650816711667,123.55523834562995,594,3772,0.023280785797726366,,
logprob_margin__mean,raw,cell=pb_math_q8,0.04818732810564459,0.012482467064238981,95.56807499041743,594,3772,0.016081515140039748,,
logprob_margin__mean,raw,cell=pb_olympiadbench_q4,0.06393017886461766,0.015872574175302228,72.03437042996975,661,5161,0.022386612114252073,,
logprob_margin__mean,raw,cell=pb_olympiadbench_q8,0.05150292836637862,0.01315979767194903,89.41569600136312,661,5161,0.018443798434794538,,
logprob_margin__mean,raw,cell=pb_omnimath_q4,0.07633069080363147,0.020995229689128616,60.331829012727844,759,4033,0.028437186232954114,,
logprob_margin__mean,raw,cell=pb_omnimath_q8,0.0716576978605104,0.019684979644677567,64.26623131198775,759,4033,0.029503554471868008,,
logprob_margin__mean,raw,steps_2_to_5,0.036311542445461815,0.009564070278767023,126.82386579707638,1312,5760,0.03878444472089228,"[0.04283857214887115, 0.08423767775969879]","[54.668769468278356, 107.5005527724958]"
logprob_margin__mean,raw,steps_6_to_10,0.020454868362488172,0.005447595835671935,225.13809936970475,2308,14512,0.022798957281145713,"[0.023886240388594406, 0.04754301646041414]","[96.863231003075, 192.79594072020828]"
logprob_margin__mean,raw,steps_11_plus,0.0569317667577034,0.014762792695640176,80.88928990360148,822,8382,0.014615369569847967,"[0.06315764339063723, 0.1269943814626972]","[36.262786848887444, 72.91548478945911]"
logprob_margin__mean,answer_z,macro8_all,0.12352276349303025,0.03335067539186855,37.28195561499025,4442,28654,0.01631718278496476,"[0.11124151873963768, 0.15224559309419713]","[30.248298767759987, 41.39794420432677]"
logprob_margin__mean,answer_z,cell=pb_gsm8k_q4,0.16459304172979297,0.04666489420473365,27.979130451627775,207,1361,0.07512144364739373,,
logprob_margin__mean,answer_z,cell=pb_gsm8k_q8,0.1354516445667367,0.03678818516060777,33.99862881486932,207,1361,0.08538690160063622,,
logprob_margin__mean,answer_z,cell=pb_math_q4,0.12879793099541467,0.03183927529790876,35.75500126746633,594,3772,0.03029311153995575,,
logprob_margin__mean,answer_z,cell=pb_math_q8,0.11909292700466564,0.03098090655327201,38.668712759135374,594,3772,0.04697075865609002,,
logprob_margin__mean,answer_z,cell=pb_olympiadbench_q4,0.18201613960929214,0.04864583499922543,25.300889228138495,661,5161,0.017560775526989265,,
logprob_margin__mean,answer_z,cell=pb_olympiadbench_q8,0.1914205833186629,0.05124165952537717,24.057863089476346,661,5161,0.02557987052256543,,
logprob_margin__mean,answer_z,cell=pb_omnimath_q4,0.16971659317985718,0.04605532038832718,27.134472238125603,759,4033,0.03414510499191953,,
logprob_margin__mean,answer_z,cell=pb_omnimath_q8,0.18414771408944186,0.050353505565944215,25.008022547330278,759,4033,0.04615151409613592,,
logprob_margin__mean,answer_z,steps_2_to_5,0.09046625248128735,0.024027716901062774,50.90484086251562,1312,5760,0.01808103627174994,"[0.08288913065008788, 0.14642319676225377]","[31.451097147301542, 55.558191404233405]"
logprob_margin__mean,answer_z,steps_6_to_10,0.1318965528477017,0.03585810502526649,34.91501549176641,2308,14512,0.016834677528019336,"[0.11913600441731652, 0.1755083293377244]","[26.23904063907148, 38.654730855811096]"
logprob_margin__mean,answer_z,steps_11_plus,0.23487601267850572,0.06522417310668993,19.606813541626195,822,8382,0.03309576690636782,"[0.21772796304327593, 0.3349915907647865]","[13.747121757517789, 21.15102773947672]"
logprob_margin__log_top5,raw,macro8_all,0.02577615983216324,0.006828991217702635,178.66005704394357,4442,28654,0.02911152172258604,"[0.02387475067123312, 0.04312741280755623]","[106.78058075353023, 192.888723715004]"
logprob_margin__log_top5,raw,cell=pb_gsm8k_q4,0.18097745389688577,0.04730253378766055,25.446098874901548,207,1361,0.08457624949597053,,
logprob_margin__log_top5,raw,cell=pb_gsm8k_q8,0.2042987678886662,0.052386826743790686,22.54135075595613,207,1361,0.04869129957541324,,
logprob_margin__log_top5,raw,cell=pb_math_q4,0.06632235068572989,0.017037784101666082,69.4361725477706,594,3772,0.043065282166389884,,
logprob_margin__log_top5,raw,cell=pb_math_q8,0.05807123199297102,0.014837999745195712,79.30209206764383,594,3772,0.062181985795928096,,
logprob_margin__log_top5,raw,cell=pb_olympiadbench_q4,0.047204560673804026,0.012486268818955058,97.55773849503723,661,5161,0.05913187554573862,,
logprob_margin__log_top5,raw,cell=pb_olympiadbench_q8,0.04896111631219049,0.012273589976151376,94.05770400789417,661,5161,0.07401957792482257,,
logprob_margin__log_top5,raw,cell=pb_omnimath_q4,0.05753443489173856,0.014515466871146002,80.04198172196446,759,4033,0.03721795171599017,,
logprob_margin__log_top5,raw,cell=pb_omnimath_q8,0.053404255412971356,0.013671016947264625,86.23227026342066,759,4033,0.04875233886157897,,
logprob_margin__log_top5,raw,steps_2_to_5,0.06030879085346764,0.016481597917857325,76.35984938211215,1312,5760,0.022354017832233092,"[0.05884237796019065, 0.11202116233178397]","[41.10982327025416, 78.2628157737555]"
logprob_margin__log_top5,raw,steps_6_to_10,0.03210503989518808,0.008288613817092911,143.4407246034389,2308,14512,0.013142110123575964,"[0.03217600713558154, 0.06109927395325771]","[75.37192977957721, 143.1243524587458]"
logprob_margin__log_top5,raw,steps_11_plus,0.0397531968102245,0.010464154830215911,115.84402150026949,822,8382,0.08355210649862707,"[0.05048272362495979, 0.101188400737715]","[45.51085057589659, 91.2226967031389]"
logprob_margin__log_top5,answer_z,macro8_all,0.01816943222517984,0.0048326816557228485,253.4570221520783,4442,28654,0.05012276165216384,"[0.018056871531357724, 0.03236619317011082]","[142.2833436661567, 255.03699120806792]"
logprob_margin__log_top5,answer_z,cell=pb_gsm8k_q4,0.1522870444281706,0.04475406744631964,30.240065419092282,207,1361,0.050356392389615735,,
logprob_margin__log_top5,answer_z,cell=pb_gsm8k_q8,0.14195875112629786,0.04051709674034287,32.44019934981651,207,1361,0.039980647055346014,,
logprob_margin__log_top5,answer_z,cell=pb_math_q4,0.04096858031873194,0.01043357986570946,112.40736559969308,594,3772,0.05391023757360364,,
logprob_margin__log_top5,answer_z,cell=pb_math_q8,0.06498038434246714,0.016415381983654883,70.87015924247834,594,3772,0.0790239922633089,,
logprob_margin__log_top5,answer_z,cell=pb_olympiadbench_q4,0.04940557751101719,0.01289903254021241,93.21154448525903,661,5161,0.05518434453105839,,
logprob_margin__log_top5,answer_z,cell=pb_olympiadbench_q8,0.0464938466865087,0.01186875987259773,99.0490250686096,661,5161,0.07811019503941556,,
logprob_margin__log_top5,answer_z,cell=pb_omnimath_q4,0.052352872618810845,0.01369597487633523,87.96404009229884,759,4033,0.0546410207296778,,
logprob_margin__log_top5,answer_z,cell=pb_omnimath_q8,0.06958240723533825,0.017210880989799584,66.18296734708686,759,4033,0.09113317179636499,,
logprob_margin__log_top5,answer_z,steps_2_to_5,0.04047200923477322,0.01096607156163687,113.7865471238173,1312,5760,0.06784533600581816,"[0.04527119855450501, 0.0865059602978886]","[53.23529350035425, 101.72406150112462]"
logprob_margin__log_top5,answer_z,steps_6_to_10,0.026507447028448552,0.006867742846983829,173.73118509095542,2308,14512,0.04611965930512629,"[0.027357013585449345, 0.052728159191554595]","[87.33796621380434, 168.3359980651357]"
logprob_margin__log_top5,answer_z,steps_11_plus,0.05926429677793651,0.015393460639894802,77.70564127747399,822,8382,0.059029520266778,"[0.06686251112036677, 0.12070130237145457]","[38.15344238636151, 68.87522034130312]"
logprob_margin__cusum_top5,raw,macro8_all,0.08739580590535348,0.024592599204519082,52.693263003665486,4442,28654,0.04777222120859144,"[0.0785072664787773, 0.11244999583048923]","[40.95304897058489, 58.659158477171]"
logprob_margin__cusum_top5,raw,cell=pb_gsm8k_q4,0.20159021451426018,0.05427473796488682,22.844214919282848,207,1361,0.12034769852608262,,
logprob_margin__cusum_top5,raw,cell=pb_gsm8k_q8,0.20067901841208055,0.055810482419584216,22.94794055914551,207,1361,0.12864133917779216,,
logprob_margin__cusum_top5,raw,cell=pb_math_q4,0.12222265149301202,0.03479628359856459,37.6785328229554,594,3772,0.09986527794326648,,
logprob_margin__cusum_top5,raw,cell=pb_math_q8,0.12192237475651421,0.035136318468137195,37.77132946421749,594,3772,0.09175722743225662,,
logprob_margin__cusum_top5,raw,cell=pb_olympiadbench_q4,0.12342054580686684,0.03333202194964332,37.312832769305984,661,5161,0.06496665127134196,,
logprob_margin__cusum_top5,raw,cell=pb_olympiadbench_q8,0.1338196533892959,0.03766039278899367,34.41325746518825,661,5161,0.058588906390959386,,
logprob_margin__cusum_top5,raw,cell=pb_omnimath_q4,0.10872101578312932,0.031673962329623453,42.357681749168265,759,4033,0.04060379147871888,,
logprob_margin__cusum_top5,raw,cell=pb_omnimath_q8,0.11165018060073863,0.03151836708286465,41.24641949712731,759,4033,0.03559093044831217,,
logprob_margin__cusum_top5,raw,steps_2_to_5,0.14722846041333112,0.04169662129757555,31.27907588695471,1312,5760,0.024809224631866744,"[0.136401296515591, 0.21083255121268354]","[21.842785468845797, 33.76192384990791]"
logprob_margin__cusum_top5,raw,steps_6_to_10,0.15578428925812982,0.04296833428518362,29.56119778135949,2308,14512,0.037956805028043064,"[0.1403383978712384, 0.20237274070673703]","[22.755881893508324, 32.81475530462713]"
logprob_margin__cusum_top5,raw,steps_11_plus,0.13232761558969733,0.03327983469619073,34.80127836858445,822,8382,0.07107415071093533,"[0.11632934188773451, 0.22322854371357548]","[20.62984468463399, 39.58734839600816]"
logprob_margin__cusum_top5,answer_z,macro8_all,0.07803318075925508,0.020380963815958816,59.01553853348337,4442,28654,0.02730147813101394,"[0.07016006559157141, 0.10237439390037158]","[44.98361368048477, 65.63805417167865]"
logprob_margin__cusum_top5,answer_z,cell=pb_gsm8k_q4,0.14804915056142942,0.04348040755941159,31.105684622467912,207,1361,0.07906492026770169,,
logprob_margin__cusum_top5,answer_z,cell=pb_gsm8k_q8,0.16523419003503234,0.04697212743710215,27.87056471188996,207,1361,0.07981592284818638,,
logprob_margin__cusum_top5,answer_z,cell=pb_math_q4,0.11639558455306834,0.030803374327246873,39.56481857684604,594,3772,0.03733328433537443,,
logprob_margin__cusum_top5,answer_z,cell=pb_math_q8,0.09302509025247487,0.024490074915911215,49.504603257996564,594,3772,0.04314871363528201,,
logprob_margin__cusum_top5,answer_z,cell=pb_olympiadbench_q4,0.10879002780977765,0.02823514322812968,42.3308117361672,661,5161,0.034494871923384865,,
logprob_margin__cusum_top5,answer_z,cell=pb_olympiadbench_q8,0.10542341186493619,0.02802154020734303,43.6826138001304,661,5161,0.04226864629310974,,
logprob_margin__cusum_top5,answer_z,cell=pb_omnimath_q4,0.10652257355514817,0.028442655564774457,43.23187125782248,759,4033,0.03204465965699058,,
logprob_margin__cusum_top5,answer_z,cell=pb_omnimath_q8,0.08876629371676728,0.02278896863198648,51.87971687408877,759,4033,0.033105167690408464,,
logprob_margin__cusum_top5,answer_z,steps_2_to_5,0.1112867653077709,0.029266973278082736,41.3811127787944,1312,5760,0.06370621543207979,"[0.10417933528911721, 0.17646716177567842]","[26.096471092123608, 44.20425771778904]"
logprob_margin__cusum_top5,answer_z,steps_6_to_10,0.07367572689940838,0.01983170059044802,62.50593485525654,2308,14512,0.036390056966016326,"[0.06778033964670771, 0.11208775693142631]","[41.08539872740489, 67.9425657940293]"
logprob_margin__cusum_top5,answer_z,steps_11_plus,0.09715022122286841,0.024696947874295272,47.40257024658293,822,8382,0.025544640880056344,"[0.09271171591727359, 0.1779456624124384]","[25.879642827788256, 49.67193348138732]"
logprob_margin__onset80,raw,macro8_all,0.02565295609379873,0.0067181002777337235,179.51810969268107,4442,28654,0.21573281678932194,"[0.019509771130309002, 0.03788795466161013]","[121.54707814444966, 236.04429571363985]"
logprob_margin__onset80,raw,cell=pb_gsm8k_q4,0.08344666963224992,0.020598965530732448,55.18698596700276,207,1361,0.2735215986920952,,
logprob_margin__onset80,raw,cell=pb_gsm8k_q8,0.058184324744906826,0.01322603814375254,79.14795275494207,207,1361,0.2508036047826319,,
logprob_margin__onset80,raw,cell=pb_math_q4,0.04125748086535877,0.00997613514697331,111.62024654430014,594,3772,0.19992890550737344,,
logprob_margin__onset80,raw,cell=pb_math_q8,0.04859036629334122,0.01173431986392871,94.77537498249278,594,3772,0.20189424886096277,,
logprob_margin__onset80,raw,cell=pb_olympiadbench_q4,0.029122285764952568,0.007911728253234574,158.1321680295514,661,5161,0.18409701585470484,,
logprob_margin__onset80,raw,cell=pb_olympiadbench_q8,0.031840537270731405,0.008866850737791894,144.63230148510328,661,5161,0.1928552746294829,,
logprob_margin__onset80,raw,cell=pb_omnimath_q4,0.024793487505257398,0.006316328718979855,185.74112193823385,759,4033,0.24842865529157654,,
logprob_margin__onset80,raw,cell=pb_omnimath_q8,0.036385786642321075,0.00972918354108151,126.56508518718464,759,4033,0.2746748211722839,,
logprob_margin__onset80,raw,steps_2_to_5,0.039025638826829565,0.010038342803473202,118.00371049460192,1312,5760,0.28432894208104037,"[0.030191690123703232, 0.07200016133930473]","[63.960553703289264, 152.53104967358595]"
logprob_margin__onset80,raw,steps_6_to_10,0.022354286019520657,0.006175184222544783,206.0083771839849,2308,14512,0.23983279275586564,"[0.017549667259549945, 0.0377127573118628]","[122.11173391290339, 262.40783474012085]"
logprob_margin__onset80,raw,steps_11_plus,0.024747651575286213,0.006925587588948053,186.08513910818755,822,8382,0.127878841063472,"[0.015467185990569903, 0.04947836821688157]","[93.07441518285256, 297.738075225564]"
logprob_margin__onset80,answer_z,macro8_all,0.00214281428597012,0.000481963912507801,2149.1224023192403,4442,28654,0.0014108521389215758,"[0.0004202133148124127, 0.005243771000398777]","[878.2172573207105, 10959.12486267572]"
logprob_margin__onset80,answer_z,cell=pb_gsm8k_q4,0.008529719448272768,0.001855500680594755,539.8970287259119,207,1361,0.0010022665621634147,,
logprob_margin__onset80,answer_z,cell=pb_gsm8k_q8,0.020558203043289484,0.004273097149532169,224.00645505304954,207,1361,8.128455416771176e-06,,
logprob_margin__onset80,answer_z,cell=pb_math_q4,0.004716531587804095,0.0010397893428084719,976.3891326194106,594,3772,0.001937066994022723,,
logprob_margin__onset80,answer_z,cell=pb_math_q8,0.005676508670347006,0.001260900209901922,811.2680616599106,594,3772,0.0033010797828510914,,
logprob_margin__onset80,answer_z,cell=pb_olympiadbench_q4,0.0007156510118189957,0.00016602671305563496,6434.938412625123,661,5161,0.0007069963925880971,,
logprob_margin__onset80,answer_z,cell=pb_olympiadbench_q8,5.657265355749476e-05,1.3794637351308498e-05,81402.76081106678,661,5161,0.0029555870279099833,,
logprob_margin__onset80,answer_z,cell=pb_omnimath_q4,6.612593969091568e-05,1.6115509570146415e-05,69642.41578287538,759,4033,0.0003648685041110064,,
logprob_margin__onset80,answer_z,cell=pb_omnimath_q8,0.002368988640808982,0.0004800032545328869,1943.9393278033954,759,4033,1.5139841913816338e-05,,
logprob_margin__onset80,answer_z,steps_2_to_5,0.004298198222033325,0.0009963432426864374,1071.4187545798084,1312,5760,0.005330532834474333,"[0.0008187959289347611, 0.014030268357251241]","[328.23108359206896, 5624.319837519632]"
logprob_margin__onset80,answer_z,steps_6_to_10,9.566600487355284e-05,2.484986545192016e-05,48138.00045350493,2308,14512,0.00036073317308152374,"[3.9258152139758106e-07, 0.0011482191032085455]","[4010.706818166983, 11730481.275822137]"
logprob_margin__onset80,answer_z,steps_11_plus,0.0,0.0,inf,822,8382,,,
logprob_margin__top30,raw,macro8_all,0.1517823297017743,0.04485499519779033,30.34062130312827,4442,28654,0.05083133970226844,"[0.13972865050866679, 0.17882558119661088]","[25.752300958132547, 32.95795221111401]"
logprob_margin__top30,raw,cell=pb_gsm8k_q4,0.26099499345108235,0.07144654438512937,17.644668677720162,207,1361,0.13807219368026602,,
logprob_margin__top30,raw,cell=pb_gsm8k_q8,0.2253699230143237,0.0628876537166844,20.433827745929538,207,1361,0.12968949086776102,,
logprob_margin__top30,raw,cell=pb_math_q4,0.17148641315675278,0.04844911030539758,26.85443179558829,594,3772,0.059209534865516805,,
logprob_margin__top30,raw,cell=pb_math_q8,0.17284769321953616,0.04872119925651485,26.642936912898247,594,3772,0.059373700921659535,,
logprob_margin__top30,raw,cell=pb_olympiadbench_q4,0.16379653295122898,0.04881848785948753,28.115187196051934,661,5161,0.05459651319452809,,
logprob_margin__top30,raw,cell=pb_olympiadbench_q8,0.16466021484561674,0.04864389647411173,27.96771636855836,661,5161,0.06113735738585757,,
logprob_margin__top30,raw,cell=pb_omnimath_q4,0.17682779782949187,0.05271830919410908,26.043247965055116,759,4033,0.07635182989417268,,
logprob_margin__top30,raw,cell=pb_omnimath_q8,0.1790114869942093,0.05295264849531842,25.725556852879844,759,4033,0.08376118822527928,,
logprob_margin__top30,raw,steps_2_to_5,0.15480211067474753,0.04415029016442935,29.74875578837519,1312,5760,0.08811598865534082,"[0.14119168753314676, 0.22037266626664256]","[20.897193213681096, 32.616439865887735]"
logprob_margin__top30,raw,steps_6_to_10,0.15358201345858866,0.0456806683566049,29.985087981867192,2308,14512,0.05374887244671214,"[0.14039616839823363, 0.19460352348713206]","[23.664372070285786, 32.80125261627889]"
logprob_margin__top30,raw,steps_11_plus,0.150957809327929,0.04473291345142099,30.506339529505087,822,8382,0.07570748242277398,"[0.14573888708816288, 0.2353718032011818]","[19.56551346998802, 31.598774205008528]"
logprob_margin__top30,answer_z,macro8_all,0.2604276832703363,0.07314805277779374,17.68310545237891,4442,28654,0.0395498832414963,"[0.24042108385112487, 0.2948512738507738]","[15.618620621319748, 19.154602051622625]"
logprob_margin__top30,answer_z,cell=pb_gsm8k_q4,0.2905969113257689,0.07925989563932162,15.847278503333921,207,1361,0.09392813650209444,,
logprob_margin__top30,answer_z,cell=pb_gsm8k_q8,0.3004451517576526,0.0807575613727912,15.327823261740466,207,1361,0.09591617320161293,,
logprob_margin__top30,answer_z,cell=pb_math_q4,0.2461398490680588,0.06808319857997415,18.709567765740935,594,3772,0.05133747412705404,,
logprob_margin__top30,answer_z,cell=pb_math_q8,0.2516894730088382,0.07097581098637094,18.297031381310013,594,3772,0.051177193419260775,,
logprob_margin__top30,answer_z,cell=pb_olympiadbench_q4,0.27464006717025274,0.07860570363275998,16.768020170681396,661,5161,0.05148669489346273,,
logprob_margin__top30,answer_z,cell=pb_olympiadbench_q8,0.2679935117247724,0.07699325571742885,17.183886864834143,661,5161,0.04459489155343977,,
logprob_margin__top30,answer_z,cell=pb_omnimath_q4,0.30227045320137547,0.08535084579922952,15.235264106082123,759,4033,0.04084225896059131,,
logprob_margin__top30,answer_z,cell=pb_omnimath_q8,0.30403902836492885,0.08755809433208378,15.146641570175804,759,4033,0.0374888649072534,,
logprob_margin__top30,answer_z,steps_2_to_5,0.22001211722935515,0.060416484354127886,20.931438886101706,1312,5760,0.10836147018999655,"[0.19801538825137405, 0.2947736187578456]","[15.622735187069797, 23.25662781390494]"
logprob_margin__top30,answer_z,steps_6_to_10,0.26612856589467637,0.0762779124577336,17.304306174372293,2308,14512,0.054737084672285496,"[0.24750944167539954, 0.32163130749259644]","[14.31816517455813, 18.606038439647165]"
logprob_margin__top30,answer_z,steps_11_plus,0.3254083360197044,0.0904299391972309,14.151973616647716,822,8382,0.04342596588342716,"[0.29611452301118985, 0.43355665189409337]","[10.621841842050703, 15.551990287940276]"
logprob_margin__std,raw,macro8_all,0.01250896827050826,0.003065191673860755,368.14948174786406,4442,28654,0.06475808283130091,"[0.012965154136904043, 0.027175706092844]","[169.4590812196317, 355.1959457913366]"
logprob_margin__std,raw,cell=pb_gsm8k_q4,0.15138305853871548,0.04231230405468546,30.420644360348565,207,1361,0.07477732982802483,,
logprob_margin__std,raw,cell=pb_gsm8k_q8,0.11461331889195159,0.029382704584778194,40.1800613620611,207,1361,0.06734046547269427,,
logprob_margin__std,raw,cell=pb_math_q4,0.035043513118216546,0.008747435394600614,131.41291429466307,594,3772,0.10015387632774078,,
logprob_margin__std,raw,cell=pb_math_q8,0.04275937121527015,0.01087264179025795,107.69967039046405,594,3772,0.12786041702902531,,
logprob_margin__std,raw,cell=pb_olympiadbench_q4,0.0773530033676176,0.019983934471591,59.53447164943515,661,5161,0.09490368336652748,,
logprob_margin__std,raw,cell=pb_olympiadbench_q8,0.07117940098185783,0.01754353296407192,64.69807447750024,661,5161,0.11131688687925637,,
logprob_margin__std,raw,cell=pb_omnimath_q4,0.040622077693600815,0.010127173640692341,113.36619019645917,759,4033,0.05615013140957207,,
logprob_margin__std,raw,cell=pb_omnimath_q8,0.04277873157726844,0.01106139228736639,107.65092877216503,759,4033,0.06750232899423916,,
logprob_margin__std,raw,steps_2_to_5,0.022427944943522946,0.005601623863089339,205.3317946688663,1312,5760,0.042083471883253766,"[0.03073379901546252, 0.06258774955801678]","[73.57941799328079, 149.8405772638514]"
logprob_margin__std,raw,steps_6_to_10,0.025934601150087926,0.00633052385009601,177.56857563905427,2308,14512,0.0413819527508922,"[0.026809098934080858, 0.0555038624211656]","[82.97026522305546, 171.77638820728157]"
logprob_margin__std,raw,steps_11_plus,0.06593961632262295,0.01678170146726219,69.83920202775161,822,8382,0.12200415763059866,"[0.07112146305240749, 0.13295018228272418]","[34.638314193469874, 64.75077969915588]"
logprob_margin__std,answer_z,macro8_all,0.05342073902444535,0.014084777316049575,86.20566225938515,4442,28654,0.1455719285344183,"[0.048161338877063344, 0.07351448876906938]","[62.64302810367471, 95.61964624246123]"
logprob_margin__std,answer_z,cell=pb_gsm8k_q4,0.13597174104865198,0.037556200588044694,33.86858291635994,207,1361,0.06382117839929016,,
logprob_margin__std,answer_z,cell=pb_gsm8k_q8,0.08473095339160025,0.0209851947726845,54.350505944438275,207,1361,0.045847303816937454,,
logprob_margin__std,answer_z,cell=pb_math_q4,0.05690533806128066,0.014276357991095147,80.9268575301115,594,3772,0.14266777153581525,,
logprob_margin__std,answer_z,cell=pb_math_q8,0.06043472928743051,0.015482542812696827,76.20072498522627,594,3772,0.19653712180506522,,
logprob_margin__std,answer_z,cell=pb_olympiadbench_q4,0.09076381705195463,0.024182251858717654,50.73795192363957,661,5161,0.1440260248734283,,
logprob_margin__std,answer_z,cell=pb_olympiadbench_q8,0.09574090887486353,0.025776316094176747,48.100339135146484,661,5161,0.19156135114985115,,
logprob_margin__std,answer_z,cell=pb_omnimath_q4,0.0996553313731612,0.027329496018686537,46.210976598371325,759,4033,0.16095233824262684,,
logprob_margin__std,answer_z,cell=pb_omnimath_q8,0.1126571619780817,0.0310261178836693,40.87774008441702,759,4033,0.20816122504941903,,
logprob_margin__std,answer_z,steps_2_to_5,0.049921013127072554,0.01282354358682755,92.24913313088736,1312,5760,0.1261507654458305,"[0.05021548250102267, 0.09762745305799551]","[47.17085247786188, 91.70817358758437]"
logprob_margin__std,answer_z,steps_6_to_10,0.0739672739598418,0.01969918450553298,62.25956344542755,2308,14512,0.1525566157912433,"[0.06676200843354974, 0.11086696288117702]","[41.53780410602334, 68.97890423071615]"
logprob_margin__std,answer_z,steps_11_plus,0.062005362986239945,0.016036877476965947,74.27051410069252,822,8382,0.15837402319210817,"[0.06591441428253522, 0.12976501128002937]","[35.48853531904883, 69.86590469041434]"
logprob_margin__iqr,raw,macro8_all,0.0355619806109535,0.009376466728190857,129.4970107646267,4442,28654,0.07455380485195513,"[0.03256602895500664, 0.05454621476838939]","[84.42694338263925, 141.41024662081503]"
logprob_margin__iqr,raw,cell=pb_gsm8k_q4,0.10177837691425812,0.02754995067641925,45.247038964549986,207,1361,0.05744513571506216,,
logprob_margin__iqr,raw,cell=pb_gsm8k_q8,0.07567999579899715,0.021112301154157957,60.850560803666376,207,1361,0.059062189801367675,,
logprob_margin__iqr,raw,cell=pb_math_q4,0.05920382212434834,0.015279779154432639,77.78501489845797,594,3772,0.12031183512835032,,
logprob_margin__iqr,raw,cell=pb_math_q8,0.06271607881882246,0.01666252033854211,73.4288602336213,594,3772,0.13646085785072648,,
logprob_margin__iqr,raw,cell=pb_olympiadbench_q4,0.07376614196639097,0.019882126311557058,62.429321409899416,661,5161,0.07775628959479805,,
logprob_margin__iqr,raw,cell=pb_olympiadbench_q8,0.08245810036310847,0.02143215916902183,55.84860875655623,661,5161,0.11125110541315461,,
logprob_margin__iqr,raw,cell=pb_omnimath_q4,0.08882652852504573,0.023460031038676048,51.84453633904659,759,4033,0.07036903454267726,,
logprob_margin__iqr,raw,cell=pb_omnimath_q8,0.1012153043570031,0.027878933599305124,45.49875352589857,759,4033,0.09032264815907651,,
logprob_margin__iqr,raw,steps_2_to_5,0.040821631867080974,0.01044365802380469,112.81200616827259,1312,5760,0.047738866794299145,"[0.04399241775456283, 0.08733208946287334]","[52.7317073748229, 104.68099779559059]"
logprob_margin__iqr,raw,steps_6_to_10,0.057340179762626384,0.01485357936660765,80.31314525089236,2308,14512,0.06592671916625276,"[0.053113060733964934, 0.09342813597255031]","[49.29104212612264, 86.70504245753551]"
logprob_margin__iqr,raw,steps_11_plus,0.06025114197236434,0.01586091863548546,76.4329112317965,822,8382,0.09343970735452284,"[0.06604840190998568, 0.12940495886483905]","[35.58727753855323, 69.72417277051254]"
logprob_margin__iqr,answer_z,macro8_all,0.04501662681369538,0.011888014785067312,102.29931720666072,4442,28654,0.07912445979197116,"[0.0404074961023765, 0.06497340481985127]","[70.8777722016667, 113.9682145689113]"
logprob_margin__iqr,answer_z,cell=pb_gsm8k_q4,0.1991939006423824,0.05516981434745309,23.119032114622147,207,1361,0.04397899065590851,,
logprob_margin__iqr,answer_z,cell=pb_gsm8k_q8,0.12316224389354155,0.03264895701619053,37.391087076723686,207,1361,0.06412162315580612,,
logprob_margin__iqr,answer_z,cell=pb_math_q4,0.04020485238539817,0.010442283581557544,114.54264629163578,594,3772,0.08903274185460171,,
logprob_margin__iqr,answer_z,cell=pb_math_q8,0.040932485185056794,0.010396239491733713,112.5064887990065,594,3772,0.11483144479110834,,
logprob_margin__iqr,answer_z,cell=pb_olympiadbench_q4,0.09038881189815975,0.02429863637333168,50.94845356720359,661,5161,0.08664591050819737,,
logprob_margin__iqr,answer_z,cell=pb_olympiadbench_q8,0.08932014238403005,0.023201095696678418,51.5580255816013,661,5161,0.10975696809173024,,
logprob_margin__iqr,answer_z,cell=pb_omnimath_q4,0.09342354571723417,0.0250121404778582,49.293463983122614,759,4033,0.08885683183910234,,
logprob_margin__iqr,answer_z,cell=pb_omnimath_q8,0.11439426752655363,0.03076109253373086,40.257001382688365,759,4033,0.12671887932950077,,
logprob_margin__iqr,answer_z,steps_2_to_5,0.04675764573839834,0.011941814584060614,98.49020653762794,1312,5760,0.06331393043057072,"[0.04711156963345183, 0.09438387405661794]","[48.79191739073556, 97.75030256512967]"
logprob_margin__iqr,answer_z,steps_6_to_10,0.06374443745128021,0.016775979394834283,72.24426742345663,2308,14512,0.08413462637178268,"[0.056735375293791815, 0.09784895273681342]","[47.06407229901299, 81.16929097835731]"
logprob_margin__iqr,answer_z,steps_11_plus,0.057775184960472875,0.014982518448431322,79.70844557466562,822,8382,0.0900835948686881,"[0.06115152899065889, 0.12353565450774097]","[37.2780652220491, 75.30752316416401]"
logprob_margin__frac_above_z,raw,macro8_all,0.09101786592138575,0.02333855425063543,50.59633226256573,4442,28654,0.08704053283708219,"[0.07755130121395508, 0.1147279883605317]","[40.13990179550943, 59.382242643266025]"
logprob_margin__frac_above_z,raw,cell=pb_gsm8k_q4,0.09697962053481438,0.02725416093281906,47.485957983666246,207,1361,0.13760757927995185,,
logprob_margin__frac_above_z,raw,cell=pb_gsm8k_q8,0.06160392092350062,0.016787722023922216,74.75449804090822,207,1361,0.06405658565982669,,
logprob_margin__frac_above_z,raw,cell=pb_math_q4,0.0925657075790691,0.024520146777960192,49.7502834087276,594,3772,0.0776631832248955,,
logprob_margin__frac_above_z,raw,cell=pb_math_q8,0.09036337512053165,0.024349215251473905,50.962795267944145,594,3772,0.06791261549434335,,
logprob_margin__frac_above_z,raw,cell=pb_olympiadbench_q4,0.09056828525329844,0.023892460462646342,50.847492288371164,661,5161,0.07867994433322346,,
logprob_margin__frac_above_z,raw,cell=pb_olympiadbench_q8,0.1066744144603145,0.028365768683209447,43.170334791960144,661,5161,0.07996800218025032,,
logprob_margin__frac_above_z,raw,cell=pb_omnimath_q4,0.09881471466464127,0.026609431799643663,46.60409334396382,759,4033,0.10866219722022374,,
logprob_margin__frac_above_z,raw,cell=pb_omnimath_q8,0.1098543295189205,0.029843187011750216,41.92069812956194,759,4033,0.12263134770481626,,
logprob_margin__frac_above_z,raw,steps_2_to_5,0.06693337053505082,0.018196763928707674,68.80230517565995,1312,5760,0.08553702413987518,"[0.05242339945052435, 0.10716574479068647]","[42.97240872055524, 87.84569933001607]"
logprob_margin__frac_above_z,raw,steps_6_to_10,0.06830007756064026,0.017886210710952942,67.42554841023993,2308,14512,0.0971195899533302,"[0.055291504871891696, 0.09822733966111637]","[46.88277420396294, 83.28892832014783]"
logprob_margin__frac_above_z,raw,steps_11_plus,0.1200069937389431,0.030787298285207182,38.374181724824616,822,8382,0.14761666554391278,"[0.10751371884765464, 0.1913946856184762]","[24.061118369649936, 42.83332615918114]"
logprob_margin__frac_above_z,answer_z,macro8_all,0.11683576103478821,0.031006548921780282,39.41575888410474,4442,28654,0.08050057889477624,"[0.10206236859257048, 0.14291275782340213]","[32.22364648283339, 45.12113768760135]"
logprob_margin__frac_above_z,answer_z,cell=pb_gsm8k_q4,0.12001696431919384,0.03459356543909671,38.37099373502155,207,1361,0.13732007972153923,,
logprob_margin__frac_above_z,answer_z,cell=pb_gsm8k_q8,0.06372413665643306,0.018400142839944636,72.26728250265266,207,1361,0.048347615687721494,,
logprob_margin__frac_above_z,answer_z,cell=pb_math_q4,0.11516230684259984,0.030238966193355973,39.988519787835536,594,3772,0.07252017970560205,,
logprob_margin__frac_above_z,answer_z,cell=pb_math_q8,0.10693193432809298,0.028421183292566286,43.066369414569074,594,3772,0.06724450262859683,,
logprob_margin__frac_above_z,answer_z,cell=pb_olympiadbench_q4,0.12840927140875416,0.03468745785790252,35.863221833327366,661,5161,0.06943865906263819,,
logprob_margin__frac_above_z,answer_z,cell=pb_olympiadbench_q8,0.15300774044798404,0.04208699036842653,30.097628868348977,661,5161,0.07388754590629718,,
logprob_margin__frac_above_z,answer_z,cell=pb_omnimath_q4,0.11781547322826084,0.0323269413376872,39.08799124428957,759,4033,0.10098668152531978,,
logprob_margin__frac_above_z,answer_z,cell=pb_omnimath_q8,0.1219130502070057,0.03368813970758645,37.774218413603904,759,4033,0.10669671919217283,,
logprob_margin__frac_above_z,answer_z,steps_2_to_5,0.07704972791478328,0.020900010818770375,59.76880529781226,1312,5760,0.07685475486238803,"[0.060420984781678205, 0.11763741354552364]","[39.14715605512672, 76.21805905064532]"
logprob_margin__frac_above_z,answer_z,steps_6_to_10,0.09510667899586135,0.02577053622812699,48.42110180493727,2308,14512,0.09664145285173646,"[0.07966478895691069, 0.12646241643157038]","[36.41532651307496, 57.80684598912261]"
logprob_margin__frac_above_z,answer_z,steps_11_plus,0.18183183702427455,0.049699586953666164,25.326533908213783,822,8382,0.11901304566963708,"[0.1569876320500921, 0.2561536219201416]","[17.978157605063256, 29.33460506314701]"
logprob_margin__slope,raw,macro8_all,0.25964661977744247,0.07320082061717043,17.736299397756223,4442,28654,0.026187977388495334,"[0.2385953017840907, 0.2949082582121092]","[15.6156026755815, 19.301177146209675]"
logprob_margin__slope,raw,cell=pb_gsm8k_q4,0.3107178208406917,0.08983501284693482,14.821068754692416,207,1361,0.10154610621124958,,
logprob_margin__slope,raw,cell=pb_gsm8k_q8,0.24972102262868678,0.06497588850465519,18.44125952037116,207,1361,0.08558010781555217,,
logprob_margin__slope,raw,cell=pb_math_q4,0.22341862421961134,0.06310973006326522,20.61229318761447,594,3772,0.034946209421730434,,
logprob_margin__slope,raw,cell=pb_math_q8,0.227084817684783,0.06391856621300974,20.27951596649909,594,3772,0.03858985417467616,,
logprob_margin__slope,raw,cell=pb_olympiadbench_q4,0.2882059018373013,0.08117574487706895,15.978750458024324,661,5161,0.031371163070444096,,
logprob_margin__slope,raw,cell=pb_olympiadbench_q8,0.3062000554554944,0.090073106914346,15.039743148111365,661,5161,0.029639962455429197,,
logprob_margin__slope,raw,cell=pb_omnimath_q4,0.30585936608474795,0.09228236195319578,15.05649555525491,759,4033,0.030676452267841693,,
logprob_margin__slope,raw,cell=pb_omnimath_q8,0.3210854072941132,0.09408740622331431,14.342508508241766,759,4033,0.030510678591555596,,
logprob_margin__slope,raw,steps_2_to_5,0.20714161639737386,0.056382914435876036,22.231989235584994,1312,5760,0.030143966322954466,"[0.18984276630478658, 0.2821114307169592]","[16.32394041703483, 24.257812270785372]"
logprob_margin__slope,raw,steps_6_to_10,0.2562385070035582,0.07358511271154468,17.972201913915082,2308,14512,0.03246424788655365,"[0.23587803656964926, 0.31083068314597373]","[14.815687239684092, 19.523522634665873]"
logprob_margin__slope,raw,steps_11_plus,0.3174967174396721,0.09050382421513359,14.504622986734107,822,8382,0.05607268771761985,"[0.28854337766075255, 0.431590203602059]","[10.670237988613422, 15.960061961298942]"
logprob_margin__slope,answer_z,macro8_all,0.07997953714727155,0.02339387041673458,57.57935529819698,4442,28654,0.011565444147306245,"[0.07423643880268396, 0.10078894744323326]","[45.69122213109561, 62.03382409315673]"
logprob_margin__slope,answer_z,cell=pb_gsm8k_q4,0.16108297057153448,0.043644189260655546,28.588808423687507,207,1361,0.09760277137402842,,
logprob_margin__slope,answer_z,cell=pb_gsm8k_q8,0.1860904576845545,0.05073073784284397,24.74694427263113,207,1361,0.09596029980045864,,
logprob_margin__slope,answer_z,cell=pb_math_q4,0.08702416817179531,0.024556761249391983,52.918290202981055,594,3772,0.021844874703703523,,
logprob_margin__slope,answer_z,cell=pb_math_q8,0.07971959552348172,0.022219997286738066,57.767104257718174,594,3772,0.026300474119985134,,
logprob_margin__slope,answer_z,cell=pb_olympiadbench_q4,0.10637493408533723,0.02862338112093612,43.2918734623486,661,5161,0.016529269497033237,,
logprob_margin__slope,answer_z,cell=pb_olympiadbench_q8,0.08852689341090035,0.024677319667569256,52.02001345074937,661,5161,0.01645017484716584,,
logprob_margin__slope,answer_z,cell=pb_omnimath_q4,0.1186162806586588,0.03599583405699394,38.82409868541028,759,4033,0.03136542150557525,,
logprob_margin__slope,answer_z,cell=pb_omnimath_q8,0.13235318102663138,0.0399874648568376,34.79455612828425,759,4033,0.027502933063276856,,
logprob_margin__slope,answer_z,steps_2_to_5,0.05818313576592754,0.015897716025147418,79.14957015233463,1312,5760,0.04583231072511097,"[0.06062387944732868, 0.11304287023783197]","[40.73826307045487, 75.96297412786264]"
logprob_margin__slope,answer_z,steps_6_to_10,0.10033329532049878,0.02870379240332095,45.89872356207983,2308,14512,0.01822213196633736,"[0.09442008085377523, 0.13720867446679036]","[33.563258328122075, 48.77320739769269]"
logprob_margin__slope,answer_z,steps_11_plus,0.1404236868513707,0.038861257050571724,32.794824642813744,822,8382,0.013524264792792846,"[0.1382730669350116, 0.22328650006592904]","[20.624489992132705, 33.30489652155126]"
logprob_margin__jump,raw,macro8_all,0.07559097001927458,0.01891358104652486,60.92222635605604,4442,28654,0.0032870999989743736,"[0.06585582713859349, 0.10192383512904214]","[45.18246571233951, 69.92805930895861]"
logprob_margin__jump,raw,cell=pb_gsm8k_q4,0.16606115085200235,0.04933007313888699,27.73177327966569,207,1361,0.047560947590768954,,
logprob_margin__jump,raw,cell=pb_gsm8k_q8,0.1658418204769549,0.045019884916656705,27.768449313591674,207,1361,0.04969079356824863,,
logprob_margin__jump,raw,cell=pb_math_q4,0.07468240771036558,0.0190467886647179,61.66338669540397,594,3772,0.018027321357778896,,
logprob_margin__jump,raw,cell=pb_math_q8,0.07552837503036136,0.01940652424896618,60.97271633524324,594,3772,0.020922950108621184,,
logprob_margin__jump,raw,cell=pb_olympiadbench_q4,0.09195775071342548,0.023295993755926264,50.07919561168382,661,5161,0.009034338807516425,,
logprob_margin__jump,raw,cell=pb_olympiadbench_q8,0.11599231099525971,0.030119805327870643,39.7023746356454,661,5161,0.012741556819418349,,
logprob_margin__jump,raw,cell=pb_omnimath_q4,0.11709787577228058,0.030594798448525414,39.32752968929799,759,4033,0.014781595535208965,,
logprob_margin__jump,raw,cell=pb_omnimath_q8,0.14424914665625438,0.03947903807716582,31.925112160019978,759,4033,0.016805235817249332,,
logprob_margin__jump,raw,steps_2_to_5,0.07263091067297994,0.01826224228068469,63.40510043613292,1312,5760,0.016852324403172952,"[0.06830950617302305, 0.13192544600326236]","[34.90736871091731, 67.41624180862219]"
logprob_margin__jump,raw,steps_6_to_10,0.08849224441696144,0.022008038821779208,52.04038180215274,2308,14512,0.005017099543413091,"[0.07725545123853338, 0.13306053372666451]","[34.60958750885608, 59.609647114340206]"
logprob_margin__jump,raw,steps_11_plus,0.14458914886630353,0.0369248692797849,31.850040076287673,822,8382,0.008412448482768575,"[0.13393719014893385, 0.24374267021579377]","[18.893574038189442, 34.383058065256485]"
logprob_margin__jump,answer_z,macro8_all,0.10026261238945888,0.02554242775899002,45.93108115016816,4442,28654,0.015517634048342943,"[0.089602317637013, 0.12917277975562858]","[35.65124320077525, 51.395659257878215]"
logprob_margin__jump,answer_z,cell=pb_gsm8k_q4,0.20917692075004918,0.05809649803017266,22.015670607805376,207,1361,0.0498442779145282,,
logprob_margin__jump,answer_z,cell=pb_gsm8k_q8,0.22767264762881578,0.05852028932531662,20.22715611185799,207,1361,0.06304685648679918,,
logprob_margin__jump,answer_z,cell=pb_math_q4,0.09860256434721482,0.02595535170490063,46.70436531216008,594,3772,0.028433066067030433,,
logprob_margin__jump,answer_z,cell=pb_math_q8,0.11333656188072291,0.03014366748313828,40.63269707117674,594,3772,0.03822345759251992,,
logprob_margin__jump,answer_z,cell=pb_olympiadbench_q4,0.13509905551128587,0.035029023263743145,34.087360333939465,661,5161,0.012113182713317114,,
logprob_margin__jump,answer_z,cell=pb_olympiadbench_q8,0.13583695053867578,0.0362690402756912,33.90219058750806,661,5161,0.017302065727577972,,
logprob_margin__jump,answer_z,cell=pb_omnimath_q4,0.1521700506941447,0.03908853467518539,30.263315054315697,759,4033,0.02864782411787574,,
logprob_margin__jump,answer_z,cell=pb_omnimath_q8,0.15407976836098333,0.040434249448291104,29.888221114137075,759,4033,0.03665911607420606,,
logprob_margin__jump,answer_z,steps_2_to_5,0.09966620409493904,0.02589630675069341,46.20593538007472,1312,5760,0.029312929175297358,"[0.09202956281132574, 0.16174600259580849]","[28.47161668344953, 50.040118037172185]"
logprob_margin__jump,answer_z,steps_6_to_10,0.10429907150662154,0.02666654605147866,44.153510855518284,2308,14512,0.017294913902996797,"[0.09197855104889767, 0.15017009721285204]","[30.666359491401902, 50.06787053581535]"
logprob_margin__jump,answer_z,steps_11_plus,0.16631041401767058,0.04337808251327582,27.69020937858281,822,8382,0.01695848137609381,"[0.15147509192817726, 0.2657390345526553]","[17.329671546901, 30.402161354499512]"
logprob_margin__q90,raw,macro8_all,0.08918430668528567,0.023224170613406484,51.63655307921891,4442,28654,0.10104974934396067,"[0.07880865414592673, 0.1146250840311668]","[40.175937273345305, 58.434828457556044]"
logprob_margin__q90,raw,cell=pb_gsm8k_q4,0.1554767323093038,0.04301197309447785,29.61967438849058,207,1361,0.17542890559148228,,
logprob_margin__q90,raw,cell=pb_gsm8k_q8,0.14674857854396767,0.03993671522038181,31.381361452903796,207,1361,0.14900281044964564,,
logprob_margin__q90,raw,cell=pb_math_q4,0.0975053560881686,0.026092797896900114,47.22992018842427,594,3772,0.09254574558032083,,
logprob_margin__q90,raw,cell=pb_math_q8,0.09644501248628584,0.024942212123476595,47.749179219018,594,3772,0.09552730728580257,,
logprob_margin__q90,raw,cell=pb_olympiadbench_q4,0.10338324697215473,0.02762217650154764,44.54464645735541,661,5161,0.08756201435265923,,
logprob_margin__q90,raw,cell=pb_olympiadbench_q8,0.10303724893844213,0.026532373200259658,44.694226926995825,661,5161,0.09477309923429156,,
logprob_margin__q90,raw,cell=pb_omnimath_q4,0.1208590366688665,0.03278947683452934,38.103647959775536,759,4033,0.13649517462477492,,
logprob_margin__q90,raw,cell=pb_omnimath_q8,0.1377160547284867,0.037375336853922324,33.43960292115098,759,4033,0.12685261277545998,,
logprob_margin__q90,raw,steps_2_to_5,0.08103169634080684,0.020838744273899475,56.831713933513804,1312,5760,0.1084524207517305,"[0.07658302705032677, 0.13602430449442143]","[33.85549518598683, 60.133039439166986]"
logprob_margin__q90,raw,steps_6_to_10,0.07098301947487778,0.018021457220034485,64.87706806580618,2308,14512,0.11138434168482392,"[0.06433605421819057, 0.10534445554703804]","[43.71535418806932, 71.57992888979524]"
logprob_margin__q90,raw,steps_11_plus,0.08314633909328215,0.02239679330652243,55.38632531760101,822,8382,0.15400429205909977,"[0.0836279947578568, 0.15636626439025286]","[29.45117480388664, 55.06732762542341]"
logprob_margin__q90,answer_z,macro8_all,0.06831180310991337,0.0183595336826131,67.41397498435803,4442,28654,0.002941378516946085,"[0.060949317019957296, 0.08918613634573526]","[51.635493751359306, 75.55737145471493]"
logprob_margin__q90,answer_z,cell=pb_gsm8k_q4,0.17033065269109351,0.04919968488706049,27.036649676555214,207,1361,0.0810889561267252,,
logprob_margin__q90,answer_z,cell=pb_gsm8k_q8,0.18455007928470965,0.05394176522819097,24.95349882176745,207,1361,0.07344121208183689,,
logprob_margin__q90,answer_z,cell=pb_math_q4,0.08747145812788837,0.023473659821827343,52.64768970988302,594,3772,0.0221325178618842,,
logprob_margin__q90,answer_z,cell=pb_math_q8,0.07618604541613565,0.019968098620335554,60.44637388427501,594,3772,0.016400200450214807,,
logprob_margin__q90,answer_z,cell=pb_olympiadbench_q4,0.12189485014140364,0.03487703191400771,37.77985846527464,661,5161,0.009806574806749133,,
logprob_margin__q90,answer_z,cell=pb_olympiadbench_q8,0.1061647695001885,0.02803115381467079,43.37757438431508,661,5161,0.01927697604503406,,
logprob_margin__q90,answer_z,cell=pb_omnimath_q4,0.10551380119389565,0.02789589460333938,43.64519270351637,759,4033,0.020735493171791176,,
logprob_margin__q90,answer_z,cell=pb_omnimath_q8,0.09977304786995479,0.027073744106286345,46.15645491746947,759,4033,0.02031241345386741,,
logprob_margin__q90,answer_z,steps_2_to_5,0.06046766684050037,0.016449064807185075,76.15921742334558,1312,5760,0.021605917923023875,"[0.06017389099214712, 0.1076021293497198]","[42.79813247022963, 76.53103547166462]"
logprob_margin__q90,answer_z,steps_6_to_10,0.07715985219479202,0.02027638306693368,59.68350191187798,2308,14512,0.0048117127115095285,"[0.07079934974385742, 0.11078304118373038]","[41.569270321353194, 65.0453740415552]"
logprob_margin__q90,answer_z,steps_11_plus,0.12532087659874822,0.034850487662860044,36.747031388336865,822,8382,0.010793294752955401,"[0.1190416022147567, 0.20038513272924907]","[22.981596105786853, 38.68538477565302]"
logprob_margin__first_token,raw,macro8_all,0.12224266625706803,0.03141343799226448,37.672363725311186,4442,28654,0.260800404321486,"[0.10936222117012498, 0.1493076045466788]","[30.8435072678991, 42.10933297362571]"
logprob_margin__first_token,raw,cell=pb_gsm8k_q4,0.13797116668214157,0.03617735122695946,33.377772303669055,207,1361,0.3057853666080609,,
logprob_margin__first_token,raw,cell=pb_gsm8k_q8,0.2036818876268272,0.05232699841670165,22.609620519745903,207,1361,0.28989415449026806,,
logprob_margin__first_token,raw,cell=pb_math_q4,0.14357962063239174,0.03922339926060574,32.07398212716241,594,3772,0.2534859525392267,,
logprob_margin__first_token,raw,cell=pb_math_q8,0.14361519686323534,0.03792932572916525,32.06603678838802,594,3772,0.2748872760208613,,
logprob_margin__first_token,raw,cell=pb_olympiadbench_q4,0.16657941070672097,0.04379839038524093,27.64549452090412,661,5161,0.2083701551896755,,
logprob_margin__first_token,raw,cell=pb_olympiadbench_q8,0.15454077747859313,0.042550236361540164,29.799061847129614,661,5161,0.22542986867723855,,
logprob_margin__first_token,raw,cell=pb_omnimath_q4,0.16360129839147852,0.04302458532600013,28.14873861800574,759,4033,0.3316518650330075,,
logprob_margin__first_token,raw,cell=pb_omnimath_q8,0.18959242819653854,0.04975454037507846,24.289842320148995,759,4033,0.3539669847709832,,
logprob_margin__first_token,raw,steps_2_to_5,0.13708073517626246,0.03572991847688899,33.5945833677258,1312,5760,0.44945934283647077,"[0.12481637877755536, 0.20319589188525639]","[22.663697298509394, 36.895559950471814]"
logprob_margin__first_token,raw,steps_6_to_10,0.12764881839657272,0.03315026616684469,36.0768728127274,2308,14512,0.27263419199951977,"[0.11475471474958637, 0.17026578910594373]","[27.04694942048891, 40.13055320678831]"
logprob_margin__first_token,raw,steps_11_plus,0.09345570610365075,0.023814473961610377,49.276500900657105,822,8382,0.20517927981822018,"[0.08710774719199181, 0.17375529102440052]","[26.50376951883086, 52.867515627949395]"
logprob_margin__first_token,answer_z,macro8_all,0.06928229750271857,0.019189078902339972,66.46965172896279,4442,28654,0.24538429507090798,"[0.06301455223201863, 0.09214582309847508]","[49.97698247338465, 73.08105862645702]"
logprob_margin__first_token,answer_z,cell=pb_gsm8k_q4,0.19162489018672688,0.05397053201179909,24.03221304654438,207,1361,0.3516252552090968,,
logprob_margin__first_token,answer_z,cell=pb_gsm8k_q8,0.14984894885379157,0.04106123363410151,30.732082014678536,207,1361,0.3235049942265321,,
logprob_margin__first_token,answer_z,cell=pb_math_q4,0.05917469539413615,0.01615742578621819,77.82330192517453,594,3772,0.2773417333987946,,
logprob_margin__first_token,answer_z,cell=pb_math_q8,0.06975752770128575,0.01777466767389258,66.01682051732476,594,3772,0.2696159195263609,,
logprob_margin__first_token,answer_z,cell=pb_olympiadbench_q4,0.13099383159158837,0.036922046375616205,35.15562626144152,661,5161,0.19687835977857507,,
logprob_margin__first_token,answer_z,cell=pb_olympiadbench_q8,0.12810558831188923,0.035722156865638885,35.94823806418361,661,5161,0.1991693073047774,,
logprob_margin__first_token,answer_z,cell=pb_omnimath_q4,0.12663577678085608,0.035217771794366706,36.36547508969258,759,4033,0.2873204736178864,,
logprob_margin__first_token,answer_z,cell=pb_omnimath_q8,0.11324089546491783,0.0323717802817838,40.66702375569592,759,4033,0.30123262422681174,,
logprob_margin__first_token,answer_z,steps_2_to_5,0.0824778515592961,0.023186408973368527,55.8352345378114,1312,5760,0.444373411955146,"[0.07922735728330102, 0.13679219826192537]","[33.665444700071696, 58.12601030627506]"
logprob_margin__first_token,answer_z,steps_6_to_10,0.09467207233363942,0.026646164048499912,48.64338629621142,2308,14512,0.27715857365645313,"[0.08688634714828947, 0.13340742711461112]","[34.51959374069753, 53.00223035189199]"
logprob_margin__first_token,answer_z,steps_11_plus,0.08808493437269778,0.024556688244827325,52.28101966339751,822,8382,0.15330742042403384,"[0.09087020705484963, 0.16175381485308613]","[28.470241583920387, 50.678548396047916]"
logprob_margin__boxcar8_max,raw,macro8_all,0.0615468095093714,0.017356090351056522,74.82386532622601,4442,28654,0.07664842175678993,"[0.05480327243403638, 0.08414633617129635]","[54.728112898621816, 84.03093431201715]"
logprob_margin__boxcar8_max,raw,cell=pb_gsm8k_q4,0.16308922062780534,0.04521249663630348,28.23712179297121,207,1361,0.1375324017323279,,
logprob_margin__boxcar8_max,raw,cell=pb_gsm8k_q8,0.14149831884579017,0.03939135274406414,32.54575901362452,207,1361,0.13408452297243714,,
logprob_margin__boxcar8_max,raw,cell=pb_math_q4,0.078639678335166,0.02156867991423217,58.56038940495968,594,3772,0.06821113975343374,,
logprob_margin__boxcar8_max,raw,cell=pb_math_q8,0.07701119181380339,0.02077592535640567,59.79871337561441,594,3772,0.07273618464767356,,
logprob_margin__boxcar8_max,raw,cell=pb_olympiadbench_q4,0.08097048587461769,0.02268087509446139,56.87467644839343,661,5161,0.09954745364581877,,
logprob_margin__boxcar8_max,raw,cell=pb_olympiadbench_q8,0.09367203411905141,0.026051196903768364,49.16270079216176,661,5161,0.09788347807068236,,
logprob_margin__boxcar8_max,raw,cell=pb_omnimath_q4,0.08416517589553978,0.024025335979287375,54.71586243345731,759,4033,0.09809573791480772,,
logprob_margin__boxcar8_max,raw,cell=pb_omnimath_q8,0.09405561693564354,0.026081760472101864,48.962202747966934,759,4033,0.09673697096521383,,
logprob_margin__boxcar8_max,raw,steps_2_to_5,0.07528514850649026,0.021696061319480285,61.16970315321998,1312,5760,0.08858798327288331,"[0.07411010301153804, 0.1293281488458363]","[35.6084133816654, 62.13957340298289]"
logprob_margin__boxcar8_max,raw,steps_6_to_10,0.05412722941202554,0.0147388079873444,85.08047125288392,2308,14512,0.08649845304674604,"[0.049895037746396746, 0.08643437981190398]","[53.27938021895606, 92.29715807401432]"
logprob_margin__boxcar8_max,raw,steps_11_plus,0.06509373516077861,0.01816704401618782,70.74674966206084,822,8382,0.12763656236723678,"[0.07260024041332383, 0.13355072250431996]","[34.482555388939424, 63.43188617241736]"
logprob_margin__boxcar8_max,answer_z,macro8_all,0.11953813720961556,0.03303227581431969,38.52469423973636,4442,28654,0.01862734128107609,"[0.10852576963621313, 0.14600662826787156]","[31.540829622742883, 42.433886453189714]"
logprob_margin__boxcar8_max,answer_z,cell=pb_gsm8k_q4,0.2563692495452927,0.0725591287962461,17.963036495820052,207,1361,0.1056887228780354,,
logprob_margin__boxcar8_max,answer_z,cell=pb_gsm8k_q8,0.29584363444983747,0.08049468515749988,15.566230433019282,207,1361,0.10474220833859715,,
logprob_margin__boxcar8_max,answer_z,cell=pb_math_q4,0.12141658141055361,0.03381007488498793,37.92867607115652,594,3772,0.024724506377611394,,
logprob_margin__boxcar8_max,answer_z,cell=pb_math_q8,0.11005850328924152,0.031462818382681196,41.84292942713731,594,3772,0.024636354652494134,,
logprob_margin__boxcar8_max,answer_z,cell=pb_olympiadbench_q4,0.1668521400553664,0.04545653885019822,27.600306381805847,661,5161,0.03633739065353101,,
logprob_margin__boxcar8_max,answer_z,cell=pb_olympiadbench_q8,0.18162704037415756,0.050047057818504964,25.355091271108602,661,5161,0.029756321427867247,,
logprob_margin__boxcar8_max,answer_z,cell=pb_omnimath_q4,0.14104445958077022,0.040222102506158625,32.650486234455066,759,4033,0.027158581994404445,,
logprob_margin__boxcar8_max,answer_z,cell=pb_omnimath_q8,0.1481208030443631,0.04181902772887667,31.09063744819703,759,4033,0.028822438946929686,,
logprob_margin__boxcar8_max,answer_z,steps_2_to_5,0.11385857353569531,0.03136396898289009,40.44640682718851,1312,5760,0.06683638165740662,"[0.10659757435169187, 0.17298951400105128]","[26.621094420556066, 43.20145382290306]"
logprob_margin__boxcar8_max,answer_z,steps_6_to_10,0.1151341394835024,0.03211420608198071,39.99830290691466,2308,14512,0.026185602600221264,"[0.10538934749000878, 0.15355947628601604]","[29.989488746436052, 43.69673307280582]"
logprob_margin__boxcar8_max,answer_z,steps_11_plus,0.19564194585006042,0.05372374072811966,23.53876703678609,822,8382,0.015009386226488295,"[0.178109820464425, 0.2851636270718649]","[16.14922012766912, 25.85579039931665]"
logprob_margin__page_wmax,raw,macro8_all,0.05516143192015423,0.014529125639355597,83.48532707878292,4442,28654,0.022654087865281718,"[0.050043532106366875, 0.07621719312256613]","[60.421671243946776, 92.02328437169189]"
logprob_margin__page_wmax,raw,cell=pb_gsm8k_q4,0.2170529498917699,0.05928696192092036,21.216805338441098,207,1361,0.0890129027547702,,
logprob_margin__page_wmax,raw,cell=pb_gsm8k_q8,0.18384732394093756,0.05244800881661092,25.048883428227327,207,1361,0.11286357055490463,,
logprob_margin__page_wmax,raw,cell=pb_math_q4,0.06877199632220994,0.018253184582509855,66.9628690784544,594,3772,0.03239426742813152,,
logprob_margin__page_wmax,raw,cell=pb_math_q8,0.08306732475906069,0.021736943505947223,55.43900925358471,594,3772,0.03449108462549037,,
logprob_margin__page_wmax,raw,cell=pb_olympiadbench_q4,0.13636556395952176,0.035154803923634646,33.77077065698986,661,5161,0.04888537460388232,,
logprob_margin__page_wmax,raw,cell=pb_olympiadbench_q8,0.13232618570140312,0.03394776339711962,34.8016544237114,661,5161,0.06163933429502214,,
logprob_margin__page_wmax,raw,cell=pb_omnimath_q4,0.07377768107930699,0.01949317872608486,62.41955722405784,759,4033,0.021718785790885153,,
logprob_margin__page_wmax,raw,cell=pb_omnimath_q8,0.06919642296580687,0.01843543584811927,66.55214227278363,759,4033,0.016306521777610092,,
logprob_margin__page_wmax,raw,steps_2_to_5,0.08521608552767357,0.022603702463033056,54.041090452254835,1312,5760,0.04817024786557146,"[0.08126536627222834, 0.14233946816861565]","[32.353431168738084, 56.6683003748654]"
logprob_margin__page_wmax,raw,steps_6_to_10,0.06378810090204548,0.01589160475739318,72.19481566099452,2308,14512,0.032255717172890386,"[0.05895628427183005, 0.10081385741277493]","[45.679932344345886, 78.1116083360174]"
logprob_margin__page_wmax,raw,steps_11_plus,0.10376132409980196,0.02618132824599926,44.38233827431353,822,8382,0.022362276585901057,"[0.10185806947444949, 0.1856893256390584]","[24.80040341650865, 45.21163821137679]"
logprob_margin__page_wmax,answer_z,macro8_all,0.11770270228323716,0.030437383195980685,39.1254414440402,4442,28654,0.013315569767366493,"[0.10668423843809868, 0.14648521896803876]","[31.437780674600912, 43.16635946799345]"
logprob_margin__page_wmax,answer_z,cell=pb_gsm8k_q4,0.25911815631268986,0.07275559853214963,17.77247203175844,207,1361,0.062437096927097605,,
logprob_margin__page_wmax,answer_z,cell=pb_gsm8k_q8,0.24716495895365137,0.06952733134965446,18.631970346782282,207,1361,0.10124875207677383,,
logprob_margin__page_wmax,answer_z,cell=pb_math_q4,0.09787416526543441,0.0252402496176015,47.05194852491345,594,3772,0.030769782586332818,,
logprob_margin__page_wmax,answer_z,cell=pb_math_q8,0.10686862122958302,0.027641481852610957,43.09188359504449,594,3772,0.024826229039440047,,
logprob_margin__page_wmax,answer_z,cell=pb_olympiadbench_q4,0.19505289510448298,0.051448090284388716,23.6098530274122,661,5161,0.02516978074457017,,
logprob_margin__page_wmax,answer_z,cell=pb_olympiadbench_q8,0.20627127516560362,0.054430504997494675,22.325794913959104,661,5161,0.024237874132036978,,
logprob_margin__page_wmax,answer_z,cell=pb_omnimath_q4,0.1250347526635059,0.03322051559948684,36.8311216512864,759,4033,0.02791848926046065,,
logprob_margin__page_wmax,answer_z,cell=pb_omnimath_q8,0.12597217753534717,0.03319644827625954,36.55704200791404,759,4033,0.03182659941261154,,
logprob_margin__page_wmax,answer_z,steps_2_to_5,0.13678756496103056,0.03542928682225065,33.66658502401194,1312,5760,0.031594419305146094,"[0.12666434136100987, 0.2035194215928703]","[22.62766938872541, 36.357274166552976]"
logprob_margin__page_wmax,answer_z,steps_6_to_10,0.11227627277559978,0.030022328083106266,41.016414885736225,2308,14512,0.019573826527608473,"[0.10180316797201332, 0.15158194475885756]","[30.380730325858895, 45.23602042771496]"
logprob_margin__page_wmax,answer_z,steps_11_plus,0.15283575473422184,0.039092701583232733,30.131497659015626,822,8382,0.011412716609548127,"[0.14155648787056235, 0.244381261701542]","[18.844203331809847, 32.53238516484675]"
true_tail50__top5,raw,macro8_all,0.04595503271331165,0.012961989653382827,100.21035595202888,4442,28654,0.02282795255836083,"[0.04142827282751602, 0.06542155293338667]","[70.39224811244016, 111.16008155013907]"
true_tail50__top5,raw,cell=pb_gsm8k_q4,0.18095475216410728,0.04815999930368478,25.44929122287807,207,1361,0.09003573736992158,,
true_tail50__top5,raw,cell=pb_gsm8k_q8,0.10370549762499771,0.027163890956560972,44.406230059668864,207,1361,0.07570976409659122,,
true_tail50__top5,raw,cell=pb_math_q4,0.08124811059203355,0.021440515056180963,56.6803357325042,594,3772,0.02757007319777875,,
true_tail50__top5,raw,cell=pb_math_q8,0.06116682118897982,0.01733205334644605,75.28869567637082,594,3772,0.021975523335419758,,
true_tail50__top5,raw,cell=pb_olympiadbench_q4,0.08917444112074047,0.024627092595176647,51.64226574465189,661,5161,0.03976672607902709,,
true_tail50__top5,raw,cell=pb_olympiadbench_q8,0.08691331339799033,0.023569917100212952,52.98578555969051,661,5161,0.03839912986810508,,
true_tail50__top5,raw,cell=pb_omnimath_q4,0.0802104678189937,0.022551354885267237,57.41358093535013,759,4033,0.05452770393690985,,
true_tail50__top5,raw,cell=pb_omnimath_q8,0.07919055421364116,0.022222291221905978,58.15302382610194,759,4033,0.06372740315937622,,
true_tail50__top5,raw,steps_2_to_5,0.05995203820867145,0.016936329793867454,76.8142389080944,1312,5760,0.025818645364638293,"[0.06010859856630784, 0.11170792365558442]","[41.22509876906009, 76.61416662223412]"
true_tail50__top5,raw,steps_6_to_10,0.05686252874900283,0.015442060481062727,80.98778382361074,2308,14512,0.02110149709186878,"[0.05330725022105357, 0.08870142786788147]","[51.91765563061032, 86.38919034261667]"
true_tail50__top5,raw,steps_11_plus,0.07628774081557471,0.020174613572926294,60.36579582453583,822,8382,0.06510630262046538,"[0.08033250698130716, 0.15044634407887247]","[30.610050474698152, 57.3263596399361]"
true_tail50__top5,answer_z,macro8_all,0.1730711991049212,0.04338775603912829,26.608529956485093,4442,28654,0.017302271009484362,"[0.15689920405436542, 0.2059908619818341]","[22.3561867826652, 29.351137972582734]"
true_tail50__top5,answer_z,cell=pb_gsm8k_q4,0.26480723828402475,0.07295771312796909,17.39065070815291,207,1361,0.10360503137277016,,
true_tail50__top5,answer_z,cell=pb_gsm8k_q8,0.1891131360977376,0.051256462852638046,24.351402980319907,207,1361,0.08118944180586725,,
true_tail50__top5,answer_z,cell=pb_math_q4,0.13562408847008575,0.03582421843720151,33.95540009106747,594,3772,0.02949321123269779,,
true_tail50__top5,answer_z,cell=pb_math_q8,0.1592546902751712,0.04031838875992587,28.917014488119392,594,3772,0.037546622980933655,,
true_tail50__top5,answer_z,cell=pb_olympiadbench_q4,0.23851224000271387,0.06312487263221583,19.307898772556463,661,5161,0.015837621811512756,,
true_tail50__top5,answer_z,cell=pb_olympiadbench_q8,0.2735432682986552,0.0713472704794646,16.835253211057477,661,5161,0.02465859213382137,,
true_tail50__top5,answer_z,cell=pb_omnimath_q4,0.21682625128936744,0.0564381520744409,21.238988169574633,759,4033,0.03383742460397355,,
true_tail50__top5,answer_z,cell=pb_omnimath_q8,0.21789905556402997,0.05569986341855551,21.134420128933765,759,4033,0.0584706244336287,,
true_tail50__top5,answer_z,steps_2_to_5,0.15503980068771217,0.040357739724944976,29.70314825974282,1312,5760,0.024583027341515032,"[0.13897554911998966, 0.22356852041283412]","[20.598473244284747, 33.13654966753935]"
true_tail50__top5,answer_z,steps_6_to_10,0.18552394235961803,0.04785832404815114,24.82251146356878,2308,14512,0.01700332349339718,"[0.16205972994782095, 0.2356987750087365]","[19.538371320841165, 28.416499197369006]"
true_tail50__top5,answer_z,steps_11_plus,0.20547392606028758,0.05233491553583676,22.412430979865057,822,8382,0.036363328379860296,"[0.18037084527819064, 0.3066246632982095]","[15.018916405655563, 25.531677133770806]"
true_tail50__top10,raw,macro8_all,0.054765975375606846,0.015573430370666904,84.08816157119458,4442,28654,0.018599975539428888,"[0.049813623097757054, 0.07558432004992154]","[60.92758634259716, 92.4480071837105]"
true_tail50__top10,raw,cell=pb_gsm8k_q4,0.1955280595460805,0.054535350803873076,23.55247731031045,207,1361,0.09677156049067043,,
true_tail50__top10,raw,cell=pb_gsm8k_q8,0.13532560019269949,0.03636141024551014,34.03029566785938,207,1361,0.08027883854117418,,
true_tail50__top10,raw,cell=pb_math_q4,0.06888503684725675,0.018926417144221035,66.8529828357272,594,3772,0.023201427297331587,,
true_tail50__top10,raw,cell=pb_math_q8,0.06339094560890053,0.017390198368159634,72.64712873034495,594,3772,0.026543435318560737,,
true_tail50__top10,raw,cell=pb_olympiadbench_q4,0.09437936096505944,0.026927413748191374,48.794250553285586,661,5161,0.04321942793381102,,
true_tail50__top10,raw,cell=pb_olympiadbench_q8,0.10991667817542941,0.031800270511701284,41.896919215827644,661,5161,0.0352142179764824,,
true_tail50__top10,raw,cell=pb_omnimath_q4,0.09553635304572246,0.02732694537701086,48.20332825332067,759,4033,0.04875357159765175,,
true_tail50__top10,raw,cell=pb_omnimath_q8,0.08976184141338678,0.025254277315748776,51.30431944660721,759,4033,0.057896724331492996,,
true_tail50__top10,raw,steps_2_to_5,0.07052684311879645,0.02032519984741322,65.29670097711697,1312,5760,0.019545532280065493,"[0.0694971472138544, 0.12490079449656556]","[36.870623638144444, 66.26416148877607]"
true_tail50__top10,raw,steps_6_to_10,0.06648356796834355,0.018298738983332764,69.26779543752622,2308,14512,0.018609030430621266,"[0.0614961312889703, 0.10153154405563974]","[45.35703882789804, 74.88552677156875]"
true_tail50__top10,raw,steps_11_plus,0.0860497317044299,0.02374898797378226,53.517542643901294,822,8382,0.05659121984421362,"[0.08974221245045058, 0.16269489071502252]","[28.305561199549526, 51.31554103962778]"
true_tail50__top10,answer_z,macro8_all,0.19393396673041008,0.04870317667063391,23.74607328271583,4442,28654,0.015470061699142628,"[0.1760960118805666, 0.22859037197313517]","[20.145949920101224, 26.151473487721297]"
true_tail50__top10,answer_z,cell=pb_gsm8k_q4,0.2639497939591098,0.07270970362474942,17.447144462259022,207,1361,0.09352177878053675,,
true_tail50__top10,answer_z,cell=pb_gsm8k_q8,0.2346921255387131,0.06562881003801704,19.62217596954891,207,1361,0.08638632755040979,,
true_tail50__top10,answer_z,cell=pb_math_q4,0.14731800257380162,0.037548831020186094,31.26006398085019,594,3772,0.026600228298571296,,
true_tail50__top10,answer_z,cell=pb_math_q8,0.16099594974009518,0.040297436687421646,28.604261122236164,594,3772,0.04274679354588751,,
true_tail50__top10,answer_z,cell=pb_olympiadbench_q4,0.25593128379641017,0.06591679823255593,17.99377597641186,661,5161,0.023396830435434085,,
true_tail50__top10,answer_z,cell=pb_olympiadbench_q8,0.2861999592255874,0.07331918577465497,16.090743683014374,661,5161,0.020650733453230426,,
true_tail50__top10,answer_z,cell=pb_omnimath_q4,0.23757060141751551,0.06264341222741543,19.384427864855184,759,4033,0.031456492470954375,,
true_tail50__top10,answer_z,cell=pb_omnimath_q8,0.23833582558499455,0.060068971644265806,19.322190336617314,759,4033,0.05195126632815588,,
true_tail50__top10,answer_z,steps_2_to_5,0.17127509045740685,0.04533159932182633,26.887565341168614,1312,5760,0.017518364155214124,"[0.15429385139034035, 0.238637170593706]","[19.2977907613088, 29.846751147184087]"
true_tail50__top10,answer_z,steps_6_to_10,0.206272262155862,0.05303253044635365,22.32568808746745,2308,14512,0.01605594299121868,"[0.18117132451715298, 0.25839107981283344]","[17.822481292016214, 25.4188691188383]"
true_tail50__top10,answer_z,steps_11_plus,0.22613081685784392,0.05749022580434523,20.36507120072498,822,8382,0.039263763498336386,"[0.20042490945436667, 0.33318682412519984]","[13.821585526616238, 22.9770351326346]"
true_tail50__max,raw,macro8_all,0.028875237170764637,0.008040781332662632,159.48510340378076,4442,28654,0.029228135455839598,"[0.026388750419014513, 0.04592801869251835]","[100.26929785103644, 174.5126280276545]"
true_tail50__max,raw,cell=pb_gsm8k_q4,0.12222319970364112,0.03193216574165963,37.678363822534585,207,1361,0.0868131394099021,,
true_tail50__max,raw,cell=pb_gsm8k_q8,0.09574253313227818,0.02614421904408411,48.099523120258105,207,1361,0.09404222972985748,,
true_tail50__max,raw,cell=pb_math_q4,0.053947934211979465,0.014530180205405112,85.3632350016006,594,3772,0.023228373972891323,,
true_tail50__max,raw,cell=pb_math_q8,0.07038618776951674,0.018116097575621444,65.42718581475052,594,3772,0.022660780002257366,,
true_tail50__max,raw,cell=pb_olympiadbench_q4,0.08373787792428868,0.02272714034271678,54.995066750459586,661,5161,0.050161717811084396,,
true_tail50__max,raw,cell=pb_olympiadbench_q8,0.05942111624390327,0.01613387060629225,77.50056675282656,661,5161,0.043127565150111194,,
true_tail50__max,raw,cell=pb_omnimath_q4,0.07552962309269173,0.020610461739395576,60.97170881332902,759,4033,0.06392573131440524,,
true_tail50__max,raw,cell=pb_omnimath_q8,0.07357488457079532,0.020105734586091342,62.59160599235326,759,4033,0.07644776459012281,,
true_tail50__max,raw,steps_2_to_5,0.03181754685674834,0.008739894242227323,144.73680848878388,1312,5760,0.03099298258691766,"[0.03784613382672944, 0.07594027357427927]","[60.64200152615527, 121.68139041815724]"
true_tail50__max,raw,steps_6_to_10,0.03396538115055163,0.00934129330406315,135.584234005079,2308,14512,0.030126817553761585,"[0.033844616472000995, 0.06272969910764138]","[73.41291687189228, 136.0680269430106]"
true_tail50__max,raw,steps_11_plus,0.04823051972294382,0.012401117829141991,95.48249142746349,822,8382,0.07300831559774623,"[0.05748479490736532, 0.11296318954185386]","[40.76699856533208, 80.11110056857919]"
true_tail50__max,answer_z,macro8_all,0.12548688601300703,0.03142485330123927,36.69841791683917,4442,28654,0.022388165956441324,"[0.11085859596416177, 0.1543706903232635]","[29.8318947485726, 41.54093912101183]"
true_tail50__max,answer_z,cell=pb_gsm8k_q4,0.24140944072129641,0.06673137805725467,19.076180998673916,207,1361,0.09460581171415854,,
true_tail50__max,answer_z,cell=pb_gsm8k_q8,0.20893054564044608,0.05567963856215579,22.041631930226455,207,1361,0.07919187421826618,,
true_tail50__max,answer_z,cell=pb_math_q4,0.10182946007495594,0.0257909336568528,45.22434060436203,594,3772,0.031101831080447097,,
true_tail50__max,answer_z,cell=pb_math_q8,0.13063674319238255,0.03425698983903732,35.25172224483793,594,3772,0.0511559072143566,,
true_tail50__max,answer_z,cell=pb_olympiadbench_q4,0.17056451692899463,0.043723482963269444,26.999579214387285,661,5161,0.014236882999155293,,
true_tail50__max,answer_z,cell=pb_olympiadbench_q8,0.18513444367423632,0.04826829529873908,24.874734785123923,661,5161,0.028267394815645615,,
true_tail50__max,answer_z,cell=pb_omnimath_q4,0.16920659020000728,0.04448426833071731,27.216257833365958,759,4033,0.03964849058475637,,
true_tail50__max,answer_z,cell=pb_omnimath_q8,0.16522673050081638,0.042792814629937885,27.871822991530646,759,4033,0.06286847308460419,,
true_tail50__max,answer_z,steps_2_to_5,0.1107867814267913,0.028466935539027675,41.56786691227438,1312,5760,0.03088059659781113,"[0.1013673626755627, 0.169205739612201]","[27.216394647974603, 45.430502130428714]"
true_tail50__max,answer_z,steps_6_to_10,0.12864589574789176,0.0330560762237865,35.797256952626576,2308,14512,0.02202152987591607,"[0.11008529390129734, 0.17048083034061562]","[27.01283291961389, 41.8327464349334]"
true_tail50__max,answer_z,steps_11_plus,0.16878998520112398,0.0433666078553658,27.28343260709893,822,8382,0.04385709236707937,"[0.15064676340389133, 0.26711347470284286]","[17.240501218110506, 30.569327092951912]"
true_tail50__mean,raw,macro8_all,0.033275731289913145,0.00918259989223229,138.3942593437174,4442,28654,0.02112130707584513,"[0.030292887680128656, 0.05128837915866741]","[89.78973914814868, 152.0214987298475]"
true_tail50__mean,raw,cell=pb_gsm8k_q4,0.19487857261188163,0.05390937603410658,23.630972478229847,207,1361,0.0829276448209352,,
true_tail50__mean,raw,cell=pb_gsm8k_q8,0.1424997373941545,0.03712840279616076,32.31704331671983,207,1361,0.06893627701940178,,
true_tail50__mean,raw,cell=pb_math_q4,0.04332805461636087,0.011203659704800145,106.28610554440075,594,3772,0.02023635561989425,,
true_tail50__mean,raw,cell=pb_math_q8,0.05355423272292836,0.01389942194669766,85.99077891403464,594,3772,0.020959865316943695,,
true_tail50__mean,raw,cell=pb_olympiadbench_q4,0.06787635528741819,0.019805008006421834,67.8464564941324,661,5161,0.04490636677273308,,
true_tail50__mean,raw,cell=pb_olympiadbench_q8,0.05773979252198444,0.01600999797396574,79.75730401585132,661,5161,0.030963869518535303,,
true_tail50__mean,raw,cell=pb_omnimath_q4,0.07705186769283667,0.021104856238751385,59.7671454810981,759,4033,0.04734880650289164,,
true_tail50__mean,raw,cell=pb_omnimath_q8,0.06137399566093093,0.017127297434162705,75.03455064959412,759,4033,0.06108949839200342,,
true_tail50__mean,raw,steps_2_to_5,0.03780662260926606,0.010440582887813748,121.80855808208074,1312,5760,0.03412605236685758,"[0.04306017760404221, 0.08398152976726884]","[54.835512031633904, 106.9473105367728]"
true_tail50__mean,raw,steps_6_to_10,0.03342270804340301,0.009129322150214066,137.78566895320927,2308,14512,0.025332999044460236,"[0.03392104080973718, 0.061230930638707826]","[75.20986759389349, 135.76146474450624]"
true_tail50__mean,raw,steps_11_plus,0.05429297430110197,0.014423611161396408,84.82073869168413,822,8382,0.055049439770537494,"[0.060527724943951366, 0.12378610919628245]","[37.20264103855035, 76.08364910877579]"
true_tail50__mean,answer_z,macro8_all,0.09924759634621852,0.02489846424361395,46.40082335015215,4442,28654,0.031002818020301165,"[0.08714282262207557, 0.12510161455298038]","[36.81143686629086, 52.846236183557835]"
true_tail50__mean,answer_z,cell=pb_gsm8k_q4,0.18411582419857764,0.049104398609797914,25.012354076753326,207,1361,0.07947336866708317,,
true_tail50__mean,answer_z,cell=pb_gsm8k_q8,0.12813098357591943,0.03433045323800224,35.941113206701196,207,1361,0.08614166381002422,,
true_tail50__mean,answer_z,cell=pb_math_q4,0.09957868959214308,0.02503346542551323,46.24654336033206,594,3772,0.03667911274829184,,
true_tail50__mean,answer_z,cell=pb_math_q8,0.09336399487897451,0.024749906759607507,49.32490508742329,594,3772,0.07006279147474972,,
true_tail50__mean,answer_z,cell=pb_olympiadbench_q4,0.18299543926163447,0.04572740034093042,25.165491580388142,661,5161,0.023481103376325276,,
true_tail50__mean,answer_z,cell=pb_olympiadbench_q8,0.1908140166167663,0.04793585824912571,24.13433912057511,661,5161,0.03823141839528943,,
true_tail50__mean,answer_z,cell=pb_omnimath_q4,0.13531133394564088,0.03469060478021269,34.03388357577011,759,4033,0.05106236581621704,,
true_tail50__mean,answer_z,cell=pb_omnimath_q8,0.12039158647981638,0.030811893903170875,38.25159482187028,759,4033,0.07560571304880195,,
true_tail50__mean,answer_z,steps_2_to_5,0.0943892978488968,0.02470195363256587,48.78911371244951,1312,5760,0.04819214261470583,"[0.08753874433083476, 0.15249056942973177]","[30.199704829026633, 52.607222335561424]"
true_tail50__mean,answer_z,steps_6_to_10,0.11181201661726928,0.029022397252445327,41.186719686413625,2308,14512,0.029968019677681142,"[0.09747465701983117, 0.1510478581180977]","[30.48815285012192, 47.2447949732326]"
true_tail50__mean,answer_z,steps_11_plus,0.13845689380976423,0.03622052597693415,33.260678174071,822,8382,0.04412283892471925,"[0.12912968044027043, 0.22480485109824325]","[20.485190437352085, 35.663142433921195]"
true_tail50__log_top5,raw,macro8_all,0.029380223824309264,0.008189328611479972,156.74387688557238,4442,28654,0.028878526209369634,"[0.027845617692805878, 0.046176444281310444]","[99.72985702262048, 165.3822241184426]"
true_tail50__log_top5,raw,cell=pb_gsm8k_q4,0.16634765989434375,0.04681494505507049,27.684009434897252,207,1361,0.08048627506505349,,
true_tail50__log_top5,raw,cell=pb_gsm8k_q8,0.11627273708096754,0.029937958911059416,39.606620619769544,207,1361,0.08020274211950232,,
true_tail50__log_top5,raw,cell=pb_math_q4,0.06724145209044494,0.0174946735729415,68.48707222731869,594,3772,0.024046545174910644,,
true_tail50__log_top5,raw,cell=pb_math_q8,0.04916418038708002,0.013016345784472758,93.66921506126228,594,3772,0.03064059706798553,,
true_tail50__log_top5,raw,cell=pb_olympiadbench_q4,0.07864048019673414,0.022325152081922216,58.55979229103613,661,5161,0.0519812373298949,,
true_tail50__log_top5,raw,cell=pb_olympiadbench_q8,0.08872073160597256,0.025099136068949056,51.90635945655432,661,5161,0.045922231916935966,,
true_tail50__log_top5,raw,cell=pb_omnimath_q4,0.07171131386973563,0.019840781035267614,64.21818172727156,759,4033,0.06375690014289319,,
true_tail50__log_top5,raw,cell=pb_omnimath_q8,0.0667140816798435,0.018390011312911785,69.02845801112876,759,4033,0.07617772568715407,,
true_tail50__log_top5,raw,steps_2_to_5,0.05330200995160176,0.014211861981067664,86.3976835051734,1312,5760,0.025046861735986522,"[0.05557428084991209, 0.10218832954538516]","[45.06551977584471, 82.86513321558127]"
true_tail50__log_top5,raw,steps_6_to_10,0.03908791525435888,0.010530424617098223,117.81570227065377,2308,14512,0.027632160854809035,"[0.03894229493092853, 0.06805775738230654]","[67.66561760357578, 118.25626081247204]"
true_tail50__log_top5,raw,steps_11_plus,0.050141790899095665,0.012772265881217437,91.84295381980759,822,8382,0.07937666039965602,"[0.060334333575192876, 0.1131028351476496]","[40.71666444060657, 76.3275222100333]"
true_tail50__log_top5,answer_z,macro8_all,0.16019241697933245,0.040490765350029025,28.747741452594706,4442,28654,0.01690024071062899,"[0.1450474654885399, 0.19170832100962681]","[24.02175430745564, 31.749401276866458]"
true_tail50__log_top5,answer_z,cell=pb_gsm8k_q4,0.24732030460447857,0.06578442260620035,18.620267322381018,207,1361,0.05907574118898923,,
true_tail50__log_top5,answer_z,cell=pb_gsm8k_q8,0.24956902814925935,0.06789895225607569,18.45249076032738,207,1361,0.08605690900756979,,
true_tail50__log_top5,answer_z,cell=pb_math_q4,0.12873227798249043,0.032977702004890835,35.773236193446884,594,3772,0.03592893691947786,,
true_tail50__log_top5,answer_z,cell=pb_math_q8,0.1567750948554434,0.039189696027538586,29.374373463044954,594,3772,0.04048253059889746,,
true_tail50__log_top5,answer_z,cell=pb_olympiadbench_q4,0.20396886142170667,0.052088806845824245,22.577809935737587,661,5161,0.013479691158237753,,
true_tail50__log_top5,answer_z,cell=pb_olympiadbench_q8,0.2375086031275716,0.06291513119368498,19.389487897895403,661,5161,0.021687850642175363,,
true_tail50__log_top5,answer_z,cell=pb_omnimath_q4,0.184266507098522,0.04783837333609534,24.991900364865764,759,4033,0.03322941565139044,,
true_tail50__log_top5,answer_z,cell=pb_omnimath_q8,0.18378120097133477,0.047111649608856075,25.05789581115199,759,4033,0.05620615245392311,,
true_tail50__log_top5,answer_z,steps_2_to_5,0.13708847353958223,0.035557847454749686,33.59268702235873,1312,5760,0.02675899742150181,"[0.12374111686533058, 0.20223583923570995]","[22.771286253672738, 37.21616793712935]"
true_tail50__log_top5,answer_z,steps_6_to_10,0.16597509979944552,0.043328711730768105,27.746151028393456,2308,14512,0.01571419060595707,"[0.14342970579070805, 0.21337697026583008]","[21.582320623687092, 32.10750632583695]"
true_tail50__log_top5,answer_z,steps_11_plus,0.2072579218036056,0.05345913184228368,22.219513473419266,822,8382,0.03598799434012483,"[0.18390213380691617, 0.3084178515416177]","[14.931594144013655, 25.04141790341152]"
true_tail50__cusum_top5,raw,macro8_all,0.017560406882018924,0.00445622801841156,262.2473509257682,4442,28654,0.024684393356045477,"[0.017423644875190356, 0.03281491629295168]","[140.33770937813534, 264.3057878518532]"
true_tail50__cusum_top5,raw,cell=pb_gsm8k_q4,0.1301010285531602,0.03451954326494793,35.39687762042855,207,1361,0.11580200761119197,,
true_tail50__cusum_top5,raw,cell=pb_gsm8k_q8,0.11255954841664,0.030391745046648093,40.91318995827898,207,1361,0.10702827271326795,,
true_tail50__cusum_top5,raw,cell=pb_math_q4,0.033204012382563076,0.008464286585270491,138.6931836107396,594,3772,0.031191561259915714,,
true_tail50__cusum_top5,raw,cell=pb_math_q8,0.03842104618995206,0.00953326824500897,119.86061397756639,594,3772,0.030252982332257802,,
true_tail50__cusum_top5,raw,cell=pb_olympiadbench_q4,0.03734246615382731,0.009312814994175501,123.32260453869617,661,5161,0.05970988297630307,,
true_tail50__cusum_top5,raw,cell=pb_olympiadbench_q8,0.03898408112536896,0.0099230043747949,118.12950448102954,661,5161,0.06860120553586369,,
true_tail50__cusum_top5,raw,cell=pb_omnimath_q4,0.06624288447109822,0.017184621005588912,69.51946949105648,759,4033,0.0776105688602845,,
true_tail50__cusum_top5,raw,cell=pb_omnimath_q8,0.06307987025041817,0.01695093272934787,73.0053845657294,759,4033,0.08902042287363172,,
true_tail50__cusum_top5,raw,steps_2_to_5,0.022906109904943593,0.005725198806865243,201.0454941977819,1312,5760,0.03959782208190797,"[0.030689323583013475, 0.06371187608577004]","[72.28118945655487, 150.05772849738048]"
true_tail50__cusum_top5,raw,steps_6_to_10,0.017436674740433006,0.004460401666839765,264.1082806522393,2308,14512,0.02753395642382821,"[0.020871737010132407, 0.04258527111431195]","[108.13997575890501, 220.6414436782364]"
true_tail50__cusum_top5,raw,steps_11_plus,0.055399520425830975,0.014007304712611383,83.12653522251165,822,8382,0.11782797697602461,"[0.06119577649532173, 0.1219206895475826]","[37.771851546088975, 75.25307218448557]"
true_tail50__cusum_top5,answer_z,macro8_all,0.10893538610716612,0.028310167607430582,42.274327475717726,4442,28654,0.01824170128873114,"[0.09834802102697263, 0.13544988649915413]","[33.99907009901297, 46.82524506237997]"
true_tail50__cusum_top5,answer_z,cell=pb_gsm8k_q4,0.2727014830653757,0.0727998445005592,16.88722090625403,207,1361,0.07507295657811472,,
true_tail50__cusum_top5,answer_z,cell=pb_gsm8k_q8,0.2366383996419179,0.0643909882130021,19.46078993500908,207,1361,0.05180239537985093,,
true_tail50__cusum_top5,answer_z,cell=pb_math_q4,0.09356031815418393,0.024254872667374996,49.221403655328984,594,3772,0.03454585479383678,,
true_tail50__cusum_top5,answer_z,cell=pb_math_q8,0.08880522793010871,0.022575356334943487,51.85697163699014,594,3772,0.02828948327814259,,
true_tail50__cusum_top5,answer_z,cell=pb_olympiadbench_q4,0.14737396676544245,0.039513759744203895,31.248193198990098,661,5161,0.040309778417780245,,
true_tail50__cusum_top5,answer_z,cell=pb_olympiadbench_q8,0.1553855186380816,0.04140028285322766,29.63706158946697,661,5161,0.0367859508970474,,
true_tail50__cusum_top5,answer_z,cell=pb_omnimath_q4,0.1293991187287651,0.03439021659959505,35.58888368970301,759,4033,0.038639529977446616,,
true_tail50__cusum_top5,answer_z,cell=pb_omnimath_q8,0.1383125985035012,0.03715722389837269,33.295377541992444,759,4033,0.03647232506915808,,
true_tail50__cusum_top5,answer_z,steps_2_to_5,0.13341300029911277,0.035275886921684596,34.51815172182075,1312,5760,0.03515870254149389,"[0.12355992310733709, 0.1985381544742403]","[23.195391325074485, 37.27074337839753]"
true_tail50__cusum_top5,answer_z,steps_6_to_10,0.1236657707319642,0.032621893237189344,37.23884271881048,2308,14512,0.027879344096577247,"[0.10994160533101711, 0.16619657270448593]","[27.709176615672714, 41.88741989097429]"
true_tail50__cusum_top5,answer_z,steps_11_plus,0.0833865039104329,0.021489671860195663,55.22680493877758,822,8382,0.027590411178797982,"[0.08460335274274453, 0.15722893541776808]","[29.289584475986167, 54.432478580265546]"
true_tail50__onset80,raw,macro8_all,0.0706884845170754,0.0183259997208109,65.14738882081527,4442,28654,0.1522233492475911,"[0.060899384244438415, 0.09129630538971745]","[50.44202135376624, 75.61932264378609]"
true_tail50__onset80,raw,cell=pb_gsm8k_q4,0.19639695731143483,0.04704779429498192,23.448276638448537,207,1361,0.19577859177227827,,
true_tail50__onset80,raw,cell=pb_gsm8k_q8,0.14383148263275433,0.03617806762037675,32.01781766893481,207,1361,0.11108239251403751,,
true_tail50__onset80,raw,cell=pb_math_q4,0.10545009011440815,0.027217933550867462,43.671562357051656,594,3772,0.08655738735317384,,
true_tail50__onset80,raw,cell=pb_math_q8,0.1331415552090968,0.03502672203010197,34.58852631513686,594,3772,0.07925646593135899,,
true_tail50__onset80,raw,cell=pb_olympiadbench_q4,0.07437450043510153,0.018536040410289178,61.918670499259605,661,5161,0.18100224335774895,,
true_tail50__onset80,raw,cell=pb_olympiadbench_q8,0.08397321768965803,0.020351229902211318,54.84093991738577,661,5161,0.18921625166095762,,
true_tail50__onset80,raw,cell=pb_omnimath_q4,0.10550259063468903,0.0266856070243394,43.64983038126385,759,4033,0.1773390737752698,,
true_tail50__onset80,raw,cell=pb_omnimath_q8,0.09198334356392336,0.023673243121719496,50.06526190024558,759,4033,0.21358533551953313,,
true_tail50__onset80,raw,steps_2_to_5,0.08357306420468533,0.021587883185535946,55.10352204759669,1312,5760,0.1833446161130447,"[0.07143402359157534, 0.13787450978569216]","[33.401171784010145, 64.46746178429193]"
true_tail50__onset80,raw,steps_6_to_10,0.06485758179727812,0.016224024524056975,71.00434611303004,2308,14512,0.15068674384671707,"[0.05474151349648891, 0.09485657645805884]","[48.54877076471639, 84.1257373397881]"
true_tail50__onset80,raw,steps_11_plus,0.09206606958105674,0.02236140067347684,50.02027573180596,822,8382,0.11138441465253576,"[0.07594941644172815, 0.16189690978915594]","[28.445077747225486, 60.63470138077214]"
true_tail50__onset80,answer_z,macro8_all,0.0038330974188790223,0.0009146283125709187,1201.4226832082081,4442,28654,0.020505237832644536,"[0.0019054099432354158, 0.009800747496978068]","[469.87948494826907, 2416.892072142985]"
true_tail50__onset80,answer_z,cell=pb_gsm8k_q4,0.03372349893468445,0.008367650904970547,136.55671361110447,207,1361,0.03570137725457828,,
true_tail50__onset80,answer_z,cell=pb_gsm8k_q8,0.07512899522117374,0.016250376700585278,61.296842483129716,207,1361,0.05333322176501039,,
true_tail50__onset80,answer_z,cell=pb_math_q4,0.023401422511302037,0.005345423956358314,196.7901816124196,594,3772,0.0331625375976279,,
true_tail50__onset80,answer_z,cell=pb_math_q8,0.023376577160608685,0.005504946032315989,196.99933631636006,594,3772,0.040954980616135325,,
true_tail50__onset80,answer_z,cell=pb_olympiadbench_q4,0.009544658691576332,0.0024280434665267412,482.4866278405952,661,5161,0.011794625160347367,,
true_tail50__onset80,answer_z,cell=pb_olympiadbench_q8,0.007265400714067145,0.0019044336381883937,633.8494416518059,661,5161,0.016245865525246216,,
true_tail50__onset80,answer_z,cell=pb_omnimath_q4,0.011744941316423934,0.002954194334594268,392.09818609721765,759,4033,0.011442489475784478,,
true_tail50__onset80,answer_z,cell=pb_omnimath_q8,0.013269592547589998,0.003526877478713604,347.04684182819733,759,4033,0.01708831425824409,,
true_tail50__onset80,answer_z,steps_2_to_5,0.016645922352910673,0.004197286956344556,276.65455168862064,1312,5760,0.07994604602370103,"[0.01200779106222579, 0.039210700599274985]","[117.4467713049035, 383.51518294443633]"
true_tail50__onset80,answer_z,steps_6_to_10,0.012109207281876463,0.003285317893413373,380.3031923386538,2308,14512,0.014616900714049592,"[0.0073016683521289535, 0.022454556857582936]","[205.08844664342237, 630.7010896551277]"
true_tail50__onset80,answer_z,steps_11_plus,0.0008537846056677033,0.00022153427542028463,5393.831366151903,822,8382,0.0007665675438528171,"[0.00025969991061785847, 0.010942338355446158]","[420.85795891113463, 17732.659880520627]"
true_tail50__top30,raw,macro8_all,0.061971587469287916,0.017504593702089788,74.31099273147291,4442,28654,0.014188393922345843,"[0.05620556200953079, 0.08314882352756618]","[55.38467040921328, 81.93442110243808]"
true_tail50__top30,raw,cell=pb_gsm8k_q4,0.17558969726087914,0.04622185802938946,26.22688151882878,207,1361,0.09208954277168528,,
true_tail50__top30,raw,cell=pb_gsm8k_q8,0.12153047576587309,0.0312992849149815,37.89313056636011,207,1361,0.06425535448478199,,
true_tail50__top30,raw,cell=pb_math_q4,0.07360078489067905,0.020081375041706765,62.56957983299034,594,3772,0.020047189520348094,,
true_tail50__top30,raw,cell=pb_math_q8,0.07884053496297622,0.021182555462605054,58.411199114144715,594,3772,0.015432145013417135,,
true_tail50__top30,raw,cell=pb_olympiadbench_q4,0.11138589299084536,0.03143782168300282,41.34428572895298,661,5161,0.03045339119408115,,
true_tail50__top30,raw,cell=pb_olympiadbench_q8,0.12041868884884502,0.03307003925250026,38.242985619688234,661,5161,0.02761199240454694,,
true_tail50__top30,raw,cell=pb_omnimath_q4,0.10066637087976227,0.02891567660810733,45.74685811896994,759,4033,0.04383884972299002,,
true_tail50__top30,raw,cell=pb_omnimath_q8,0.09421288787385633,0.026844933818069985,48.88046943380033,759,4033,0.049581536042616295,,
true_tail50__top30,raw,steps_2_to_5,0.07543215201772094,0.021526108343439265,61.05049455444702,1312,5760,0.014977287550757067,"[0.07224606720220678, 0.13098983222444432]","[35.1566996291542, 63.7428494633328]"
true_tail50__top30,raw,steps_6_to_10,0.07949448053690958,0.021811660790432105,57.93069097231089,2308,14512,0.01291720403651303,"[0.07307623963168432, 0.11665826639366556]","[39.47572965337798, 63.018707711273464]"
true_tail50__top30,raw,steps_11_plus,0.09319907528298987,0.025121656720155323,49.41218753517611,822,8382,0.05030387778771342,"[0.09356763607259164, 0.17192984997086283]","[26.785169572174556, 49.21755405272085]"
true_tail50__top30,answer_z,macro8_all,0.19483295832563718,0.04863295203615321,23.636504960783725,4442,28654,0.01795110018934101,"[0.17633386299888537, 0.2291337911917007]","[20.098171299995027, 26.11619860002274]"
true_tail50__top30,answer_z,cell=pb_gsm8k_q4,0.2779303282052543,0.0765752011915748,16.569512998909307,207,1361,0.09999145083317522,,
true_tail50__top30,answer_z,cell=pb_gsm8k_q8,0.22194394837608902,0.05813583491186896,20.74924871654769,207,1361,0.10168620280199997,,
true_tail50__top30,answer_z,cell=pb_math_q4,0.15067525743154453,0.03879590251058767,30.56354616205208,594,3772,0.037882248903875634,,
true_tail50__top30,answer_z,cell=pb_math_q8,0.163743282812883,0.04174755859225994,28.124330396200936,594,3772,0.04543567940291864,,
true_tail50__top30,answer_z,cell=pb_olympiadbench_q4,0.2744741218991914,0.07013021951844693,16.77815800674817,661,5161,0.018469315382540603,,
true_tail50__top30,answer_z,cell=pb_olympiadbench_q8,0.2914521626503288,0.07493351046787353,15.800775482709895,661,5161,0.026556168401019584,,
true_tail50__top30,answer_z,cell=pb_omnimath_q4,0.23561709194619077,0.06184457642954908,19.54514482777761,759,4033,0.034456632437418123,,
true_tail50__top30,answer_z,cell=pb_omnimath_q8,0.24598686747683124,0.06255926445817529,18.721203425308218,759,4033,0.05347049399851593,,
true_tail50__top30,answer_z,steps_2_to_5,0.1825748132645299,0.04802437856813519,25.223469237871985,1312,5760,0.022927184508906174,"[0.16516295671576928, 0.2560716999580258]","[17.98390914241188, 27.882585039411588]"
true_tail50__top30,answer_z,steps_6_to_10,0.20743048542078887,0.0525071228347521,22.201028824891125,2308,14512,0.018172127737674442,"[0.18208898787753058, 0.2592565864184461]","[17.762982416790912, 25.290767111547883]"
true_tail50__top30,answer_z,steps_11_plus,0.22938650795292734,0.05920658294283224,20.076029000507404,822,8382,0.04019443701925797,"[0.2018766133978143, 0.3342663704261187]","[13.776947349257652, 22.81180622399896]"
true_tail50__std,raw,macro8_all,0.029483132301885283,0.008047781135489488,156.1967751199087,4442,28654,0.030362180883915055,"[0.027285891402066515, 0.046838539622507655]","[98.32010611567267, 168.77477514402614]"
true_tail50__std,raw,cell=pb_gsm8k_q4,0.15365783264265115,0.04036145105693196,29.97029247899091,207,1361,0.08914318577781048,,
true_tail50__std,raw,cell=pb_gsm8k_q8,0.10055818582457371,0.026543929689118794,45.79607466290141,207,1361,0.04820159003522211,,
true_tail50__std,raw,cell=pb_math_q4,0.053455756862377087,0.014000292639737547,86.14919058847477,594,3772,0.021968537951340746,,
true_tail50__std,raw,cell=pb_math_q8,0.04969884083147797,0.012981035988296077,92.66152105244466,594,3772,0.0276658713474977,,
true_tail50__std,raw,cell=pb_olympiadbench_q4,0.0737152752593706,0.020342988731449768,62.47240032387572,661,5161,0.04514817173951797,,
true_tail50__std,raw,cell=pb_olympiadbench_q8,0.05219272687534911,0.013840357513852696,88.23394487485837,661,5161,0.04216729876866061,,
true_tail50__std,raw,cell=pb_omnimath_q4,0.08664530166091117,0.024036606587197234,53.14968149121986,759,4033,0.0673618473056141,,
true_tail50__std,raw,cell=pb_omnimath_q8,0.07594867220767566,0.021232448877464404,60.635295550600496,759,4033,0.07541665806226133,,
true_tail50__std,raw,steps_2_to_5,0.03256118341757014,0.008866792993697388,141.4312903474855,1312,5760,0.03304369577694267,"[0.0384923700509485, 0.0787231731502398]","[58.49827949896433, 119.63852004677001]"
true_tail50__std,raw,steps_6_to_10,0.029051146845592107,0.007904498946680747,158.51939375972788,2308,14512,0.03466596723310408,"[0.030025681801810058, 0.0575129568182068]","[80.0718732049304, 153.3743751893912]"
true_tail50__std,raw,steps_11_plus,0.05916545367621236,0.01555614751181839,77.83545802234951,822,8382,0.07229747721703235,"[0.06554806816554941, 0.12609020871363802]","[36.52282150192042, 70.25638306162112]"
true_tail50__std,answer_z,macro8_all,0.10418748368335715,0.026273126813282303,44.20080054897918,4442,28654,0.030269227130275488,"[0.09197253313631519, 0.13060835576065818]","[35.25938412720804, 50.07114655809941]"
true_tail50__std,answer_z,cell=pb_gsm8k_q4,0.18080283085656174,0.04908841470205799,25.47067523318571,207,1361,0.06158576577080759,,
true_tail50__std,answer_z,cell=pb_gsm8k_q8,0.17680618344232968,0.0460956175089812,26.046431727260252,207,1361,0.10667265233742079,,
true_tail50__std,answer_z,cell=pb_math_q4,0.07671570146698097,0.0194905285072208,60.02904357161086,594,3772,0.033267483764819805,,
true_tail50__std,answer_z,cell=pb_math_q8,0.10256215646732694,0.027024255558574208,44.901261289832114,594,3772,0.054568105518429985,,
true_tail50__std,answer_z,cell=pb_olympiadbench_q4,0.17560916299292909,0.04470165557061851,26.223974350208135,661,5161,0.018968462756163065,,
true_tail50__std,answer_z,cell=pb_olympiadbench_q8,0.1873076876311623,0.04942770799894656,24.58612481008458,661,5161,0.037871794352569245,,
true_tail50__std,answer_z,cell=pb_omnimath_q4,0.13185502997514711,0.03406702235057974,34.92601068655556,759,4033,0.045240509884782384,,
true_tail50__std,answer_z,cell=pb_omnimath_q8,0.13134993247880655,0.03377629720723671,35.06031635555763,759,4033,0.08062108471750423,,
true_tail50__std,answer_z,steps_2_to_5,0.08790470433836267,0.023056250151998386,52.38821085458495,1312,5760,0.03996142502650904,"[0.08139276932797948, 0.14441466249189924]","[31.88852230462688, 56.57959821260221]"
true_tail50__std,answer_z,steps_6_to_10,0.1137128837244277,0.029587144572231935,40.49822707115828,2308,14512,0.028927270801304895,"[0.10087316872657548, 0.15313691131331714]","[30.072241541857554, 45.653073499363956]"
true_tail50__std,answer_z,steps_11_plus,0.15636047321836857,0.03989921585376961,29.452265596284317,822,8382,0.04701388093591601,"[0.14002293006661248, 0.24603977319038373]","[18.71717782159003, 32.88868604447354]"
true_tail50__iqr,raw,macro8_all,0.12626703833482833,0.03468900443826752,36.471673421026495,4442,28654,0.03162280167218252,"[0.11329708747833299, 0.15345006559802582]","[30.010871406543984, 40.646854111486206]"
true_tail50__iqr,raw,cell=pb_gsm8k_q4,0.2215799992712088,0.06019850745377507,20.783329728020576,207,1361,0.07404792312886757,,
true_tail50__iqr,raw,cell=pb_gsm8k_q8,0.17724605478723235,0.0473338064097768,25.98179232545501,207,1361,0.08210461405603114,,
true_tail50__iqr,raw,cell=pb_math_q4,0.09007645943340001,0.023921127649508843,51.12512431056446,594,3772,0.04836088045903956,,
true_tail50__iqr,raw,cell=pb_math_q8,0.10624916255947117,0.028516124660400103,43.34311984257218,594,3772,0.0646369444184271,,
true_tail50__iqr,raw,cell=pb_olympiadbench_q4,0.1968548204714812,0.053125075417923495,23.393738466542928,661,5161,0.0278990151539619,,
true_tail50__iqr,raw,cell=pb_olympiadbench_q8,0.1943055487042787,0.05225372677184742,23.700662264652472,661,5161,0.03849129204906417,,
true_tail50__iqr,raw,cell=pb_omnimath_q4,0.15809774489601583,0.044930773637357646,29.12862665445992,759,4033,0.05429186329456282,,
true_tail50__iqr,raw,cell=pb_omnimath_q8,0.17203487807090362,0.049849662051853365,26.76881710050729,759,4033,0.07329012894897854,,
true_tail50__iqr,raw,steps_2_to_5,0.09973400205545079,0.026265007812836205,46.174525147679105,1312,5760,0.050791547041119295,"[0.09140070697520948, 0.16417638107911983]","[28.050138245943973, 50.384404436140166]"
true_tail50__iqr,raw,steps_6_to_10,0.13877372598467833,0.03754191386267745,33.18474122757601,2308,14512,0.03841526031952117,"[0.12185802104304382, 0.1836304815702954]","[25.07846271821267, 37.79127665598156]"
true_tail50__iqr,raw,steps_11_plus,0.17305951048088916,0.04595150129112171,26.610327124995752,822,8382,0.042284701532650466,"[0.16232797211340055, 0.26242516911596087]","[17.54850802421757, 28.369541774174138]"
true_tail50__iqr,answer_z,macro8_all,0.10217029540749029,0.025030775378207765,45.07347431678737,4442,28654,0.03303342651965092,"[0.09047384081781042, 0.130735792568409]","[35.22501447779409, 50.900571307253834]"
true_tail50__iqr,answer_z,cell=pb_gsm8k_q4,0.2420153063032618,0.06389976982165224,19.02842533528643,207,1361,0.10294657671906275,,
true_tail50__iqr,answer_z,cell=pb_gsm8k_q8,0.13691059071397707,0.035733116464000306,33.636332748054926,207,1361,0.08997047902507083,,
true_tail50__iqr,answer_z,cell=pb_math_q4,0.08030617768033595,0.02060376000665181,57.34515474412537,594,3772,0.053603184580281925,,
true_tail50__iqr,answer_z,cell=pb_math_q8,0.10040123262975784,0.02560387259595225,45.867665818110375,594,3772,0.07302423965022081,,
true_tail50__iqr,answer_z,cell=pb_olympiadbench_q4,0.18115024253076048,0.04394455490724185,25.421827327700676,661,5161,0.02358559708462673,,
true_tail50__iqr,answer_z,cell=pb_olympiadbench_q8,0.19879870913505046,0.04941752312344094,23.16499038663098,661,5161,0.03821244119038231,,
true_tail50__iqr,answer_z,cell=pb_omnimath_q4,0.11897463878504608,0.02917051526247672,38.70715837438555,759,4033,0.05695393166622405,,
true_tail50__iqr,answer_z,cell=pb_omnimath_q8,0.1313523418864337,0.03287876822556653,35.059673241073156,759,4033,0.072945104455285,,
true_tail50__iqr,answer_z,steps_2_to_5,0.0965236046406942,0.02453889588230158,47.710300533539744,1312,5760,0.04122788166183479,"[0.08659332399268589, 0.15698001965439776]","[29.33602757934856, 53.18158460318566]"
true_tail50__iqr,answer_z,steps_6_to_10,0.11699304289958912,0.029423694823249618,39.362769544686024,2308,14512,0.032228396831118625,"[0.10222603940059291, 0.16149823471792518]","[28.51529735932742, 45.04889569223966]"
true_tail50__iqr,answer_z,steps_11_plus,0.16360333930121773,0.04310965776035981,28.14838746970377,822,8382,0.05041614571482267,"[0.1562344673623635, 0.25429353455266956]","[18.109662890521754, 29.476019368421813]"
true_tail50__frac_above_z,raw,macro8_all,0.1219384453209659,0.032166287185554754,37.76635148878913,4442,28654,0.04463421358607149,"[0.10923753171703775, 0.14995334860369217]","[30.710685882440526, 42.15739877679628]"
true_tail50__frac_above_z,raw,cell=pb_gsm8k_q4,0.20993154399581876,0.05613797732421517,21.936532730306666,207,1361,0.07569257805762535,,
true_tail50__frac_above_z,raw,cell=pb_gsm8k_q8,0.20092051120416832,0.05140004435176956,22.920358695028806,207,1361,0.09175404123228337,,
true_tail50__frac_above_z,raw,cell=pb_math_q4,0.11191432283885011,0.028662220994967298,41.14906894106181,594,3772,0.07151333800052716,,
true_tail50__frac_above_z,raw,cell=pb_math_q8,0.11338378412636549,0.029245882345271253,40.61577430557142,594,3772,0.08720207298798882,,
true_tail50__frac_above_z,raw,cell=pb_olympiadbench_q4,0.1997073934586201,0.05439104294671599,23.059587861189,661,5161,0.03688238190617271,,
true_tail50__frac_above_z,raw,cell=pb_olympiadbench_q8,0.20402013215309378,0.055004247872181125,22.572136079847443,661,5161,0.04915532925048481,,
true_tail50__frac_above_z,raw,cell=pb_omnimath_q4,0.15008934310578526,0.040375422358788625,30.68285922700253,759,4033,0.060126300184970755,,
true_tail50__frac_above_z,raw,cell=pb_omnimath_q8,0.1643282702211321,0.044142881994085385,28.0242114140862,759,4033,0.07718294933248272,,
true_tail50__frac_above_z,raw,steps_2_to_5,0.1127164043378748,0.03036349646001329,40.85625524554343,1312,5760,0.05712731902510473,"[0.10603826097844204, 0.17686448352658815]","[26.03784600595514, 43.42932582536731]"
true_tail50__frac_above_z,raw,steps_6_to_10,0.13629948349318,0.03520192376227244,33.78714334026453,2308,14512,0.04861091883115562,"[0.12131536426726934, 0.1830242512879126]","[25.161529980766154, 37.960321133294066]"
true_tail50__frac_above_z,raw,steps_11_plus,0.16526686704912646,0.042704278021311604,27.865054068092064,822,8382,0.04284151560695034,"[0.15287705940276078, 0.2625244470031265]","[17.54187177064408, 30.123356663052924]"
true_tail50__frac_above_z,answer_z,macro8_all,0.12522924397080132,0.03272314109681867,36.77391989255993,4442,28654,0.034140703934451906,"[0.1115501702366862, 0.15388348716726855]","[29.926344085134723, 41.283398996316016]"
true_tail50__frac_above_z,answer_z,cell=pb_gsm8k_q4,0.24167625798885467,0.06899547529576952,19.055120367679923,207,1361,0.09684990987354875,,
true_tail50__frac_above_z,answer_z,cell=pb_gsm8k_q8,0.16947205677191393,0.046619279282009866,27.17362539705302,207,1361,0.05968113375102489,,
true_tail50__frac_above_z,answer_z,cell=pb_math_q4,0.08017924481232376,0.020492697490414463,57.43593864930323,594,3772,0.042063612826322684,,
true_tail50__frac_above_z,answer_z,cell=pb_math_q8,0.08466252473576429,0.021932904033870052,54.394434850142304,594,3772,0.05911842649897711,,
true_tail50__frac_above_z,answer_z,cell=pb_olympiadbench_q4,0.20148447254195959,0.05212812020174455,22.85620389446663,661,5161,0.023300855629761204,,
true_tail50__frac_above_z,answer_z,cell=pb_olympiadbench_q8,0.23186905089770585,0.061252236970348053,19.861081796637727,661,5161,0.03888462952993501,,
true_tail50__frac_above_z,answer_z,cell=pb_omnimath_q4,0.15728256641309846,0.04101965531207095,29.27959716713126,759,4033,0.056049239988710725,,
true_tail50__frac_above_z,answer_z,cell=pb_omnimath_q8,0.15981244382299623,0.04238550708980593,28.816092638497217,759,4033,0.07582774436181786,,
true_tail50__frac_above_z,answer_z,steps_2_to_5,0.11500649413707764,0.029832326254134865,40.04269689761287,1312,5760,0.04193432253761533,"[0.10240552062825693, 0.17751644431879451]","[25.942217374058345, 44.969940660771165]"
true_tail50__frac_above_z,answer_z,steps_6_to_10,0.13952522632813294,0.03678623351292354,33.00600405519311,2308,14512,0.039630274503010154,"[0.12267736674824922, 0.18299847274010556]","[25.165074424027324, 37.53887377969673]"
true_tail50__frac_above_z,answer_z,steps_11_plus,0.15447148018719287,0.04077864606225848,29.81242997352921,822,8382,0.035398401281507584,"[0.141393846820561, 0.24565548503668774]","[18.746457809807612, 32.56980617998452]"
true_tail50__slope,raw,macro8_all,0.10508945063990582,0.027355424639186655,43.82143172265629,4442,28654,0.019623445674174823,"[0.09419621689567746, 0.1340224215925572]","[34.36119218908245, 48.889120367629296]"
true_tail50__slope,raw,cell=pb_gsm8k_q4,0.19696603202129043,0.054474388578042765,23.380529823996813,207,1361,0.06727039806304519,,
true_tail50__slope,raw,cell=pb_gsm8k_q8,0.20842431906108436,0.055473168110258916,22.095167237362656,207,1361,0.07149082393473383,,
true_tail50__slope,raw,cell=pb_math_q4,0.10478475794760202,0.027091053246852646,43.94885550330634,594,3772,0.02445880869446056,,
true_tail50__slope,raw,cell=pb_math_q8,0.10663727414590703,0.02804953435225399,43.185370433297486,594,3772,0.03322016419980827,,
true_tail50__slope,raw,cell=pb_olympiadbench_q4,0.12534055456140974,0.03168925036928368,36.74126225228898,661,5161,0.02861479756905539,,
true_tail50__slope,raw,cell=pb_olympiadbench_q8,0.12875666108607234,0.03374185905340626,35.76646168938467,661,5161,0.034501007382869466,,
true_tail50__slope,raw,cell=pb_omnimath_q4,0.14385295923518565,0.03900915193806223,32.01303755217913,759,4033,0.0481954917250562,,
true_tail50__slope,raw,cell=pb_omnimath_q8,0.14040780694191252,0.037416149583752244,32.79853368761237,759,4033,0.05324817363361721,,
true_tail50__slope,raw,steps_2_to_5,0.1012581680377244,0.026737610661467615,45.47949341007636,1312,5760,0.03372135614261847,"[0.09174468964417448, 0.1641546673016844]","[28.05384861537128, 50.19549582486932]"
true_tail50__slope,raw,steps_6_to_10,0.09709721091664568,0.02486900474877861,47.42844972077991,2308,14512,0.03135969464862926,"[0.08846967781648933, 0.13546529051809583]","[33.995203999307265, 52.05365611865902]"
true_tail50__slope,raw,steps_11_plus,0.10318196075110374,0.02644246114454072,44.63154365806942,822,8382,0.04024151936511502,"[0.10033928511278326, 0.1859669537781227]","[24.763379151128774, 45.8959836200925]"
true_tail50__slope,answer_z,macro8_all,0.03529702993506612,0.009341490025561032,130.46905630473594,4442,28654,0.04707497174832858,"[0.03291233152991155, 0.053938806684584714]","[85.37768017222771, 139.92233220556855]"
true_tail50__slope,answer_z,cell=pb_gsm8k_q4,0.10624901158646871,0.028180397842525313,43.343181430353944,207,1361,0.13631967081325613,,
true_tail50__slope,answer_z,cell=pb_gsm8k_q8,0.16734097962240935,0.04595689671742019,27.519679855940044,207,1361,0.16495906664465115,,
true_tail50__slope,answer_z,cell=pb_math_q4,0.06288816004356215,0.016931118457078276,73.2279364318836,594,3772,0.068542134187693,,
true_tail50__slope,answer_z,cell=pb_math_q8,0.08852890558017484,0.02343409064446315,52.018831090343596,594,3772,0.07913831136435959,,
true_tail50__slope,answer_z,cell=pb_olympiadbench_q4,0.07251403105994088,0.018286804554271837,63.50729808664765,661,5161,0.04437198221184907,,
true_tail50__slope,answer_z,cell=pb_olympiadbench_q8,0.08088946832229749,0.02047566254747804,56.93164118274541,661,5161,0.06851411659599485,,
true_tail50__slope,answer_z,cell=pb_omnimath_q4,0.05346979577326157,0.01440692371036795,86.12657144823024,759,4033,0.046985276107921685,,
true_tail50__slope,answer_z,cell=pb_omnimath_q8,0.0653011190671269,0.017349309340301915,70.52207147099827,759,4033,0.06360452175790486,,
true_tail50__slope,answer_z,steps_2_to_5,0.036718546372980235,0.009633013948016236,125.41809632684314,1312,5760,0.11189167283629968,"[0.04253848999022589, 0.0843923220590553]","[54.568591948039156, 108.25890122207501]"
true_tail50__slope,answer_z,steps_6_to_10,0.0341460288687475,0.008930252340730907,134.86693295111166,2308,14512,0.06030510424044695,"[0.03407734094182987, 0.06262419246302041]","[73.53659991236526, 135.1387772258737]"
true_tail50__slope,answer_z,steps_11_plus,0.06686419421359176,0.01697081915255803,68.87348662689755,822,8382,0.04155146136782875,"[0.06897668581081133, 0.14067303996423874]","[32.73669344999438, 66.7641556252661]"
true_tail50__jump,raw,macro8_all,0.047115915423298516,0.012211947084244676,97.74128645521053,4442,28654,0.05774477434788442,"[0.04184548801609025, 0.0685907065975608]","[67.13985632204961, 110.05177390253715]"
true_tail50__jump,raw,cell=pb_gsm8k_q4,0.17068213985275799,0.044330052446220715,26.980972877190457,207,1361,0.10769781978442357,,
true_tail50__jump,raw,cell=pb_gsm8k_q8,0.1814927417265288,0.049825595427818864,25.373853203050455,207,1361,0.08370658534806305,,
true_tail50__jump,raw,cell=pb_math_q4,0.06624458156535673,0.01732143273520862,69.51768849871355,594,3772,0.06561940999022246,,
true_tail50__jump,raw,cell=pb_math_q8,0.0772403157707734,0.020311753370881088,59.62132780056061,594,3772,0.06204373449087421,,
true_tail50__jump,raw,cell=pb_olympiadbench_q4,0.07668800854973402,0.020058058986586847,60.05072074601504,661,5161,0.06340614949181733,,
true_tail50__jump,raw,cell=pb_olympiadbench_q8,0.07874244230429933,0.02189823869630339,58.48396431738122,661,5161,0.055720677436221,,
true_tail50__jump,raw,cell=pb_omnimath_q4,0.072246836472095,0.018737871641721297,63.742170742200145,759,4033,0.09254020586487285,,
true_tail50__jump,raw,cell=pb_omnimath_q8,0.09521027729373403,0.024772388302251393,48.368414806530204,759,4033,0.10093119492043481,,
true_tail50__jump,raw,steps_2_to_5,0.041876062279634106,0.010802040956615843,109.97142365574707,1312,5760,0.102520751937617,"[0.04582909405574562, 0.0910456416926242]","[50.58089657421972, 100.48573468169484]"
true_tail50__jump,raw,steps_6_to_10,0.03916968311237787,0.010016843901015919,117.56975854963781,2308,14512,0.06933661540186115,"[0.03776930526076018, 0.07045591093692515]","[65.36243907357635, 121.92890904913097]"
true_tail50__jump,raw,steps_11_plus,0.08800845880831641,0.022705930509672588,52.32644962023723,822,8382,0.06238797730497994,"[0.09056853733511355, 0.16373533529443474]","[28.125695517750703, 50.847350763195564]"
true_tail50__jump,answer_z,macro8_all,0.0710808294169387,0.017702926452323582,64.78779473682773,4442,28654,0.03932506601623394,"[0.06230261229169185, 0.09476888556518301]","[48.5936935791084, 73.91616525527611]"
true_tail50__jump,answer_z,cell=pb_gsm8k_q4,0.16155865958739207,0.04258759550565703,28.50463229732983,207,1361,0.09235156742461872,,
true_tail50__jump,answer_z,cell=pb_gsm8k_q8,0.10489201756139345,0.02711471895680384,43.903914645293945,207,1361,0.07357045350017255,,
true_tail50__jump,answer_z,cell=pb_math_q4,0.08385648558811687,0.022061412467883987,54.917281039031295,594,3772,0.03940588865655699,,
true_tail50__jump,answer_z,cell=pb_math_q8,0.07885028850238376,0.020803398613187942,58.40397382755132,594,3772,0.046688508111042706,,
true_tail50__jump,answer_z,cell=pb_olympiadbench_q4,0.1503812456434857,0.038211436799909564,30.623301238677968,661,5161,0.04568894763127791,,
true_tail50__jump,answer_z,cell=pb_olympiadbench_q8,0.14601008868876417,0.03582414648658381,31.540082109014367,661,5161,0.054972771253447995,,
true_tail50__jump,answer_z,cell=pb_omnimath_q4,0.09744979568669648,0.02525350419212251,47.2568480368479,759,4033,0.0696001804787111,,
true_tail50__jump,answer_z,cell=pb_omnimath_q8,0.103863034303085,0.02635549601028459,44.33887587521893,759,4033,0.07968206055713964,,
true_tail50__jump,answer_z,steps_2_to_5,0.06596319739632966,0.016767030500382054,69.81423532759699,1312,5760,0.08468128897178465,"[0.06290473825030084, 0.11958856643855117]","[38.50844878514695, 73.20863760157317]"
true_tail50__jump,answer_z,steps_6_to_10,0.061128518273407345,0.015147984826709806,75.33587130953693,2308,14512,0.055477220050949856,"[0.05485338131172595, 0.09738840296517225]","[47.286638303689806, 83.95417157271305]"
true_tail50__jump,answer_z,steps_11_plus,0.10989934618218326,0.028361373704515722,41.90352669026775,822,8382,0.042559135990006616,"[0.10372310613795267, 0.191486734578632]","[24.04955202835227, 44.398691453215584]"
true_tail50__q90,raw,macro8_all,0.08021490976682003,0.022574454507146333,57.41040162452402,4442,28654,0.005633406796909049,"[0.07293793565766185, 0.10220874270992027]","[45.056519275049446, 63.13820297304145]"
true_tail50__q90,raw,cell=pb_gsm8k_q4,0.17900453492427093,0.050673428600263075,25.726555966508556,207,1361,0.0632907157534312,,
true_tail50__q90,raw,cell=pb_gsm8k_q8,0.1604960394470366,0.04396621702198468,28.69335718099006,207,1361,0.0702142805896605,,
true_tail50__q90,raw,cell=pb_math_q4,0.08697023715020667,0.023353543040271707,52.951105307836315,594,3772,0.02365353270656527,,
true_tail50__q90,raw,cell=pb_math_q8,0.08919861772033118,0.0242914610691032,51.62826850553793,594,3772,0.033512156326565484,,
true_tail50__q90,raw,cell=pb_olympiadbench_q4,0.1436131475274336,0.040048783994573955,32.0664943654159,661,5161,0.021642190880199398,,
true_tail50__q90,raw,cell=pb_olympiadbench_q8,0.15474143791819076,0.043270070387882206,29.760420013821825,661,5161,0.014865918013146899,,
true_tail50__q90,raw,cell=pb_omnimath_q4,0.11555049618353377,0.03232073945911354,39.85417923843013,759,4033,0.022178216939995166,,
true_tail50__q90,raw,cell=pb_omnimath_q8,0.12297948716101992,0.03512444849118524,37.446653033757045,759,4033,0.026651416579248636,,
true_tail50__q90,raw,steps_2_to_5,0.0807691291737213,0.02247203102439835,57.016464497012436,1312,5760,0.024988169653645594,"[0.0776927781319432, 0.13584621638476188]","[33.89987817507343, 59.2741088260131]"
true_tail50__q90,raw,steps_6_to_10,0.08662408258651552,0.023626858325225788,53.1627008157771,2308,14512,0.009782443875368092,"[0.07735769459344284, 0.12441777041459515]","[37.01376556292855, 59.53086128265313]"
true_tail50__q90,raw,steps_11_plus,0.10209868824513499,0.027065722975181505,45.105086707198986,822,8382,0.01820870335874021,"[0.09909615673116534, 0.18338880901982244]","[25.111511496267585, 46.47173349498613]"
true_tail50__q90,answer_z,macro8_all,0.10926559524895268,0.026789174389394516,42.14657116446938,4442,28654,0.022685297799193593,"[0.09595153924762599, 0.1369336398615563]","[33.63067096327861, 47.994750496949756]"
true_tail50__q90,answer_z,cell=pb_gsm8k_q4,0.22012157524098142,0.064679621840994,20.92103048484235,207,1361,0.10020331710703086,,
true_tail50__q90,answer_z,cell=pb_gsm8k_q8,0.19852461122013887,0.05248233953785511,23.196973703585478,207,1361,0.1084412106507871,,
true_tail50__q90,answer_z,cell=pb_math_q4,0.08436618651487723,0.02190874881425269,54.58549658607611,594,3772,0.03867014626239317,,
true_tail50__q90,answer_z,cell=pb_math_q8,0.07144682858856172,0.01814688898383585,64.45590765837515,594,3772,0.055644645920059535,,
true_tail50__q90,answer_z,cell=pb_olympiadbench_q4,0.19557339737642598,0.048306352317680344,23.5470173743742,661,5161,0.02345993045479723,,
true_tail50__q90,answer_z,cell=pb_olympiadbench_q8,0.20549765397347422,0.05094432503371705,22.409843114717653,661,5161,0.027711191570634744,,
true_tail50__q90,answer_z,cell=pb_omnimath_q4,0.1515017738854001,0.0379909296702711,30.396807033240172,759,4033,0.04215633814054623,,
true_tail50__q90,answer_z,cell=pb_omnimath_q8,0.1628719427710903,0.040788424946858866,28.274791272432147,759,4033,0.06472629894127062,,
true_tail50__q90,answer_z,steps_2_to_5,0.10740427459664253,0.02788542065111002,42.87697303745907,1312,5760,0.04097965097421383,"[0.09937306057641454, 0.16726535703997444]","[27.532121818192817, 46.342239629893164]"
true_tail50__q90,answer_z,steps_6_to_10,0.11464488331461906,0.029162562109408863,40.16899884969274,2308,14512,0.02414597000912466,"[0.09904764567538413, 0.15601298706968483]","[29.517864329660867, 46.49449418596927]"
true_tail50__q90,answer_z,steps_11_plus,0.15641486024765888,0.03852946935924204,29.44202474558052,822,8382,0.039171529927227645,"[0.14408613379738322, 0.2520487234315494]","[18.270952232133602, 31.961230859757634]"
true_tail50__first_token,raw,macro8_all,0.031155530171710907,0.007935858368527263,147.81228759732574,4442,28654,0.11238868676828699,"[0.028224914121846415, 0.04927509602413935]","[93.45837060839146, 163.1597590025486]"
true_tail50__first_token,raw,cell=pb_gsm8k_q4,0.17786423567256626,0.04850169794794928,25.891490599975587,207,1361,0.1288043795772301,,
true_tail50__first_token,raw,cell=pb_gsm8k_q8,0.14085676623998533,0.03784685769397834,32.693993401367834,207,1361,0.29405863356533973,,
true_tail50__first_token,raw,cell=pb_math_q4,0.06304397403025375,0.015438083313738282,73.0469526520988,594,3772,0.05880102612549603,,
true_tail50__first_token,raw,cell=pb_math_q8,0.057258907964217676,0.01431029149499633,80.42713963154802,594,3772,0.16645505105102837,,
true_tail50__first_token,raw,cell=pb_olympiadbench_q4,0.05220822094879305,0.01332639976223932,88.20775928191351,661,5161,0.05619052341730849,,
true_tail50__first_token,raw,cell=pb_olympiadbench_q8,0.06789585476333819,0.017063211164843464,67.82697120523993,661,5161,0.11621630832422519,,
true_tail50__first_token,raw,cell=pb_omnimath_q4,0.06348566178020248,0.016063926741152222,72.53874429051284,759,4033,0.15503633224501254,,
true_tail50__first_token,raw,cell=pb_omnimath_q8,0.1104796989215317,0.02938383873847152,41.68340637187035,759,4033,0.24936826454130623,,
true_tail50__first_token,raw,steps_2_to_5,0.036163849713747365,0.009074685215289405,127.3418129552031,1312,5760,0.26546114982466806,"[0.04089457329733371, 0.08260358305749638]","[55.75024733228163, 112.61078951735497]"
true_tail50__first_token,raw,steps_6_to_10,0.03887404124375653,0.009896260010856568,118.46389103493884,2308,14512,0.13800341948776013,"[0.037002624839519806, 0.06903363364304688]","[66.7090799507977, 124.45523002653707]"
true_tail50__first_token,raw,steps_11_plus,0.03720860029812348,0.009455826814170414,123.76628384541361,822,8382,0.06072508647226346,"[0.04851098629280594, 0.09670067522353158]","[47.622937227096514, 94.93045880765833]"
true_tail50__first_token,answer_z,macro8_all,0.02096669615611791,0.0052700193104417,219.64214827639123,4442,28654,0.19137226015818992,"[0.020028954702069633, 0.03685968958797502]","[124.93784504062853, 229.92563788225203]"
true_tail50__first_token,answer_z,cell=pb_gsm8k_q4,0.09460765426297357,0.02473624681277974,48.67650743339917,207,1361,0.28602733674537445,,
true_tail50__first_token,answer_z,cell=pb_gsm8k_q8,0.165217178987074,0.04335379439752507,27.87343431368226,207,1361,0.3224808567085502,,
true_tail50__first_token,answer_z,cell=pb_math_q4,0.05119026624455435,0.013204466535340844,89.96183305606449,594,3772,0.19273434285112673,,
true_tail50__first_token,answer_z,cell=pb_math_q8,0.06750487666328675,0.017519148618109655,68.21981482846947,594,3772,0.23552735673255507,,
true_tail50__first_token,answer_z,cell=pb_olympiadbench_q4,0.05283508533281814,0.013409324547058715,87.16121412465333,661,5161,0.12743889717759144,,
true_tail50__first_token,answer_z,cell=pb_olympiadbench_q8,0.05841643666241267,0.01495779991161464,78.83346621433401,661,5161,0.1773729340410454,,
true_tail50__first_token,answer_z,cell=pb_omnimath_q4,0.07594308003497258,0.01910326931919187,60.639760513628936,759,4033,0.2156854169914394,,
true_tail50__first_token,answer_z,cell=pb_omnimath_q8,0.0645727896439668,0.016264352924410374,71.31750403505085,759,4033,0.2833641152199109,,
true_tail50__first_token,answer_z,steps_2_to_5,0.04293428933167571,0.011051118344359784,107.26089234672686,1312,5760,0.4007460293953077,"[0.04674936929019827, 0.0900040266823592]","[51.16626839641949, 98.50764311709415]"
true_tail50__first_token,answer_z,steps_6_to_10,0.03235732068566507,0.008243118297543022,142.32235822999624,2308,14512,0.2137233367867069,"[0.031531733642374604, 0.05990151718841085]","[76.87902414062819, 146.04874689792933]"
true_tail50__first_token,answer_z,steps_11_plus,0.06451658864078222,0.016122767796322456,71.37962937918066,822,8382,0.10991804245308917,"[0.0669213424689971, 0.13574396272069358]","[33.92541438814246, 68.81467131538113]"
true_tail50__boxcar8_max,raw,macro8_all,0.03521921520353384,0.009814655543666322,130.7573198146112,4442,28654,0.02323719210661031,"[0.03201818681070898, 0.053851008569598485]","[85.51687903925229, 143.82982438118015]"
true_tail50__boxcar8_max,raw,cell=pb_gsm8k_q4,0.16915712333471622,0.045780935750294,27.224216723499755,207,1361,0.08982472389251081,,
true_tail50__boxcar8_max,raw,cell=pb_gsm8k_q8,0.14650032175744365,0.03838549004434848,31.434539738504732,207,1361,0.07607953763810862,,
true_tail50__boxcar8_max,raw,cell=pb_math_q4,0.05600465533961127,0.014799946705410788,82.228346162697,594,3772,0.018815221735450628,,
true_tail50__boxcar8_max,raw,cell=pb_math_q8,0.04689668462329135,0.012434879896970289,98.19820362527126,594,3772,0.019560504649061117,,
true_tail50__boxcar8_max,raw,cell=pb_olympiadbench_q4,0.08145230937443475,0.02231960869047605,56.53823963195703,661,5161,0.043394634777578635,,
true_tail50__boxcar8_max,raw,cell=pb_olympiadbench_q8,0.0656410475710494,0.017923454826790457,70.15686611344051,661,5161,0.03870166759986382,,
true_tail50__boxcar8_max,raw,cell=pb_omnimath_q4,0.06385770868383486,0.017688707674934905,72.1161200566825,759,4033,0.053082059618877235,,
true_tail50__boxcar8_max,raw,cell=pb_omnimath_q8,0.07019362747586778,0.01933000726519946,65.60667045696314,759,4033,0.06411389068063364,,
true_tail50__boxcar8_max,raw,steps_2_to_5,0.04255885563239895,0.01180470912412848,108.2070962096616,1312,5760,0.021234296891002518,"[0.04626494220546758, 0.08957340442295207]","[51.41224915649264, 99.53908870211134]"
true_tail50__boxcar8_max,raw,steps_6_to_10,0.0424346311033434,0.011621061328304521,108.52386520747328,2308,14512,0.022652528245922506,"[0.04141124718827517, 0.07355768383091653]","[62.60624242293671, 111.20578342040277]"
true_tail50__boxcar8_max,raw,steps_11_plus,0.06211963412324778,0.016195803683928537,74.1338910150574,822,8382,0.06559589441007896,"[0.06789832647329896, 0.1305852987005283]","[35.26560977242273, 67.82450209283253]"
true_tail50__boxcar8_max,answer_z,macro8_all,0.13562783160018582,0.03394346247189989,33.95446297160871,4442,28654,0.018118915993959758,"[0.12129795961819628, 0.16617038523427716]","[27.71354341807321, 37.96576793611008]"
true_tail50__boxcar8_max,answer_z,cell=pb_gsm8k_q4,0.2561296014420007,0.07083525219654313,17.979843641895137,207,1361,0.07690912261975222,,
true_tail50__boxcar8_max,answer_z,cell=pb_gsm8k_q8,0.20084443256128598,0.056137957369067015,22.929040786743556,207,1361,0.1292844934196582,,
true_tail50__boxcar8_max,answer_z,cell=pb_math_q4,0.10371581917842168,0.025710308793693373,44.40181085650826,594,3772,0.03581615844496646,,
true_tail50__boxcar8_max,answer_z,cell=pb_math_q8,0.13674124177277078,0.03531292265578333,33.67799009490286,594,3772,0.04492521668657529,,
true_tail50__boxcar8_max,answer_z,cell=pb_olympiadbench_q4,0.18513326220488402,0.048111472780609336,24.87489352881182,661,5161,0.014603982467329059,,
true_tail50__boxcar8_max,answer_z,cell=pb_olympiadbench_q8,0.23102250999826207,0.05920174894635827,19.933859198494275,661,5161,0.01957809267905769,,
true_tail50__boxcar8_max,answer_z,cell=pb_omnimath_q4,0.17576082740579507,0.046912230343466026,26.2013456238216,759,4033,0.031273746419163966,,
true_tail50__boxcar8_max,answer_z,cell=pb_omnimath_q8,0.16549290485424067,0.042282176562657245,27.826994698317343,759,4033,0.05521046203172588,,
true_tail50__boxcar8_max,answer_z,steps_2_to_5,0.12927660015986864,0.03363631996002571,35.6226121377972,1312,5760,0.023978675705412195,"[0.11697296734013019, 0.19228773566741053]","[23.94937030177213, 39.36952520489053]"
true_tail50__boxcar8_max,answer_z,steps_6_to_10,0.14166155211469847,0.03655018641925312,32.50825730230207,2308,14512,0.01748311921350132,"[0.12408782146292034, 0.18542870364153607]","[24.835260644924947, 37.11218499685079]"
true_tail50__boxcar8_max,answer_z,steps_11_plus,0.1779198322675284,0.04719788752099919,25.883399997047814,822,8382,0.040370941654450265,"[0.16145349515127516, 0.27315224108125]","[16.859353479066893, 28.523199090073835]"
true_tail50__page_wmax,raw,macro8_all,0.1917050800612749,0.05006787711715688,24.022160417012092,4442,28654,0.08058924553750918,"[0.17191995176975694, 0.2245049818065269]","[20.512552322588185, 26.786711714272386]"
true_tail50__page_wmax,raw,cell=pb_gsm8k_q4,0.23175969695108406,0.056323427076264775,19.87045308814014,207,1361,0.11743720676035055,,
true_tail50__page_wmax,raw,cell=pb_gsm8k_q8,0.21193803323320207,0.050869513193944074,21.72885213538279,207,1361,0.11614632079595064,,
true_tail50__page_wmax,raw,cell=pb_math_q4,0.14274657097067178,0.03558545973060344,32.2611615443586,594,3772,0.08250425050950487,,
true_tail50__page_wmax,raw,cell=pb_math_q8,0.18231491861273147,0.04583048070758939,25.259425948406736,594,3772,0.12561448140074655,,
true_tail50__page_wmax,raw,cell=pb_olympiadbench_q4,0.2660675544946029,0.07154625959310738,17.30827418899551,661,5161,0.06139564408832366,,
true_tail50__page_wmax,raw,cell=pb_olympiadbench_q8,0.2993062605507667,0.07992323732249572,15.386147210933425,661,5161,0.0779453555118323,,
true_tail50__page_wmax,raw,cell=pb_omnimath_q4,0.21918121755391284,0.05962756355697572,21.010788412357186,759,4033,0.07927594345077688,,
true_tail50__page_wmax,raw,cell=pb_omnimath_q8,0.23413676531737176,0.06473046587884318,19.66871874968374,759,4033,0.12155855664453015,,
true_tail50__page_wmax,raw,steps_2_to_5,0.1784677974522932,0.043057742712363865,25.803927945147162,1312,5760,0.08482900421495508,"[0.15169331475469172, 0.2541241454550422]","[18.121734075059802, 30.358425441722762]"
true_tail50__page_wmax,raw,steps_6_to_10,0.1916121843224221,0.04932903055012258,24.03380663016221,2308,14512,0.08957295240353709,"[0.16724226044623694, 0.2397980950806742]","[19.204365174121982, 27.535924076250495]"
true_tail50__page_wmax,raw,steps_11_plus,0.21723469141994112,0.057660902521067696,21.199055067524814,822,8382,0.09320103413343274,"[0.18038510410683972, 0.3118311072626129]","[14.768155192771655, 25.529658941574855]"
true_tail50__page_wmax,answer_z,macro8_all,0.10951860966397958,0.027008982488275997,42.049202415164714,4442,28654,0.026694226833712444,"[0.09674078621185775, 0.13710967097916565]","[33.587493523253116, 47.60319164558976]"
true_tail50__page_wmax,answer_z,cell=pb_gsm8k_q4,0.22821184263995556,0.05938042795329918,20.179365508448043,207,1361,0.07487673851214686,,
true_tail50__page_wmax,answer_z,cell=pb_gsm8k_q8,0.2089385174670958,0.05367831280558108,22.040790955230772,207,1361,0.10469134400147478,,
true_tail50__page_wmax,answer_z,cell=pb_math_q4,0.10693457657077415,0.02799098466526385,43.06530528916605,594,3772,0.025762235308722247,,
true_tail50__page_wmax,answer_z,cell=pb_math_q8,0.1232112796948508,0.03210896569145561,37.376206118412306,594,3772,0.05304092950155957,,
true_tail50__page_wmax,answer_z,cell=pb_olympiadbench_q4,0.16019841395960122,0.040196932400996296,28.746665289391828,661,5161,0.02486572638578561,,
true_tail50__page_wmax,answer_z,cell=pb_olympiadbench_q8,0.18854277063775296,0.04742945912097017,24.425069019676183,661,5161,0.03675289631894573,,
true_tail50__page_wmax,answer_z,cell=pb_omnimath_q4,0.13980279865745834,0.03521250919492912,32.94047208075981,759,4033,0.04520166058152295,,
true_tail50__page_wmax,answer_z,cell=pb_omnimath_q8,0.1409413864341764,0.03533164540980349,32.674364162997904,759,4033,0.07937843190188869,,
true_tail50__page_wmax,answer_z,steps_2_to_5,0.12924241301593975,0.03256710227594925,35.63203501485326,1312,5760,0.03661446448406977,"[0.11643533876759316, 0.19420742796442636]","[23.71263671146315, 39.551310063863745]"
true_tail50__page_wmax,answer_z,steps_6_to_10,0.10865530121351172,0.027566268287445857,42.38329961405896,2308,14512,0.02959174913693013,"[0.09365637141982325, 0.1496308293413096]","[30.77688071542828, 49.17092255629887]"
true_tail50__page_wmax,answer_z,steps_11_plus,0.12738590121676147,0.032066781800132706,36.15133340503574,822,8382,0.04756628103339931,"[0.11665406541089955, 0.2166775027828924]","[21.253568676220173, 39.47715126572699]"
energy_level__top5,raw,macro8_all,0.15429196806078835,0.04131748761479294,29.847115464712555,4442,28654,0.05712501224095826,"[0.13741780364530684, 0.18475931032607498]","[24.92524018335311, 33.51218010931562]"
energy_level__top5,raw,cell=pb_gsm8k_q4,0.3433093602979005,0.09235750779887304,13.414053674481927,207,1361,0.07857357381273852,,
energy_level__top5,raw,cell=pb_gsm8k_q8,0.352174142747423,0.09465510194180216,13.076400641062651,207,1361,0.14764222756042064,,
energy_level__top5,raw,cell=pb_math_q4,0.18137678868120077,0.0493757469281384,25.39007454852687,594,3772,0.04310325576359074,,
energy_level__top5,raw,cell=pb_math_q8,0.1410710760990045,0.03734674371017688,32.64432591948301,594,3772,0.11634012514637522,,
energy_level__top5,raw,cell=pb_olympiadbench_q4,0.20942906615013418,0.058417586061368224,21.989164496807557,661,5161,0.019108989668098264,,
energy_level__top5,raw,cell=pb_olympiadbench_q8,0.18472805510769585,0.051754621626140994,24.929457430292832,661,5161,0.07486519910102087,,
energy_level__top5,raw,cell=pb_omnimath_q4,0.17906257041819618,0.050158743670172826,25.71821780081025,759,4033,0.046618807788627425,,
energy_level__top5,raw,cell=pb_omnimath_q8,0.1902349543859152,0.0524221645624804,24.207802403368692,759,4033,0.15787797024855277,,
energy_level__top5,raw,steps_2_to_5,0.1577333410415256,0.04403447820828886,29.195921138674887,1312,5760,0.06281524524158269,"[0.14341243653480534, 0.2195690685177512]","[20.9736745575153, 32.111372606590116]"
energy_level__top5,raw,steps_6_to_10,0.17505011027373285,0.04617742570268726,26.30772513531584,2308,14512,0.08399348874155187,"[0.15677941430909859, 0.22256889539227906]","[20.690987291245037, 29.373564165182838]"
energy_level__top5,raw,steps_11_plus,0.12042492650256718,0.03206928709155515,38.241004746554026,822,8382,0.051723514521009324,"[0.11335416989113857, 0.19774894062856727]","[23.28796387657016, 40.62638534083694]"
energy_level__top5,answer_z,macro8_all,0.1789230914936694,0.04711188496833861,25.738266355357663,4442,28654,0.0543312837825252,"[0.16354736007983717, 0.20963358082092912]","[21.96771227183239, 28.15802213951992]"
energy_level__top5,answer_z,cell=pb_gsm8k_q4,0.2906351651333504,0.08370032561198384,15.845192662337087,207,1361,0.046362259396461145,,
energy_level__top5,answer_z,cell=pb_gsm8k_q8,0.30418776060900765,0.086072471585429,15.139235637779052,207,1361,0.10091516142023557,,
energy_level__top5,answer_z,cell=pb_math_q4,0.1453460674099272,0.03788774590034813,31.684174660191438,594,3772,0.033702415190298256,,
energy_level__top5,answer_z,cell=pb_math_q8,0.10469396327782782,0.027994790816807516,43.98696965714525,594,3772,0.12695204288748227,,
energy_level__top5,answer_z,cell=pb_olympiadbench_q4,0.26087973634864015,0.07113071282667782,17.652464121758136,661,5161,0.019064609129763405,,
energy_level__top5,answer_z,cell=pb_olympiadbench_q8,0.24534473251554895,0.06574834938077563,18.770201987916064,661,5161,0.10243595098158928,,
energy_level__top5,answer_z,cell=pb_omnimath_q4,0.23893176739611166,0.06503319174151342,19.27399707529655,759,4033,0.040818165565508546,,
energy_level__top5,answer_z,cell=pb_omnimath_q8,0.22944589025637582,0.06254243380292968,20.070833174838807,759,4033,0.2095309777424878,,
energy_level__top5,answer_z,steps_2_to_5,0.15447410515489043,0.041567130140798166,29.811923372985458,1312,5760,0.04879433654110796,"[0.13894661103220923, 0.21916071197751189]","[21.012754268021492, 33.14345093973229]"
energy_level__top5,answer_z,steps_6_to_10,0.208621941447424,0.055676094144706756,22.074237033925154,2308,14512,0.06461399631415106,"[0.18686859646508652, 0.25610559861757665]","[17.981528755506233, 24.643895620249367]"
energy_level__top5,answer_z,steps_11_plus,0.1939455884732115,0.04968655646244003,23.74465035395314,822,8382,0.056227882936430905,"[0.17365779413860444, 0.28460636273776907]","[16.18084058869481, 26.518649559215806]"
energy_level__top10,raw,macro8_all,0.20739123993141045,0.05548186599098597,22.205230016037024,4442,28654,0.06131395081583158,"[0.1877007708419426, 0.24074470098688033]","[19.128853790385424, 24.53463651391167]"
energy_level__top10,raw,cell=pb_gsm8k_q4,0.4164707210951323,0.11446301973682976,11.057608500973485,207,1361,0.10079505547587703,,
energy_level__top10,raw,cell=pb_gsm8k_q8,0.42486053305566307,0.10923850886434351,10.839251537126763,207,1361,0.1284114884553924,,
energy_level__top10,raw,cell=pb_math_q4,0.21861312954814194,0.059369083655570414,21.065387040140987,594,3772,0.04337309124726259,,
energy_level__top10,raw,cell=pb_math_q8,0.19299407267601765,0.05028107994713552,23.861718249341614,594,3772,0.1159316637788886,,
energy_level__top10,raw,cell=pb_olympiadbench_q4,0.2751345765342521,0.07429364679032437,16.737882399214858,661,5161,0.02285540394635561,,
energy_level__top10,raw,cell=pb_olympiadbench_q8,0.2352742919851298,0.06539232925545822,19.573622545548474,661,5161,0.07467960286102379,,
energy_level__top10,raw,cell=pb_omnimath_q4,0.2144074981978303,0.05920208242352198,21.478587384751705,759,4033,0.05124426331565205,,
energy_level__top10,raw,cell=pb_omnimath_q8,0.22395594309903608,0.06071054486580933,20.562839825829624,759,4033,0.16804729706674698,,
energy_level__top10,raw,steps_2_to_5,0.205655788134038,0.05789462646734866,22.392611595189486,1312,5760,0.061166608116938775,"[0.18490464148552943, 0.27508029309631554]","[16.74118539773278, 24.905649468774914]"
energy_level__top10,raw,steps_6_to_10,0.23526144165275542,0.06198278110182102,19.574691686134006,2308,14512,0.0915827116772196,"[0.21092760562270416, 0.28774464650848935]","[16.004364431684483, 21.832942029530123]"
energy_level__top10,raw,steps_11_plus,0.166890554789778,0.04427187476282036,27.5939533653594,822,8382,0.056215867691676046,"[0.1493982387072981, 0.2587084864330344]","[17.80061508411368, 30.82479569930251]"
energy_level__top10,answer_z,macro8_all,0.21949835874157175,0.05784673046195807,20.98043107197001,4442,28654,0.047407110792188914,"[0.20180869920461508, 0.252351653292065]","[18.249019278895677, 22.819483025946674]"
energy_level__top10,answer_z,cell=pb_gsm8k_q4,0.3419599322137282,0.09488194390886594,13.466987656056197,207,1361,0.058618659444984865,,
energy_level__top10,answer_z,cell=pb_gsm8k_q8,0.2884045629293979,0.08210607882037901,15.967743849862208,207,1361,0.0846360440914678,,
energy_level__top10,answer_z,cell=pb_math_q4,0.1879464972883789,0.04900013104209081,24.50255925186023,594,3772,0.03476565034404824,,
energy_level__top10,answer_z,cell=pb_math_q8,0.1367002910687353,0.035865940107510236,33.68807886204523,594,3772,0.11445675111436472,,
energy_level__top10,answer_z,cell=pb_olympiadbench_q4,0.27970015245076607,0.0738102051826603,16.46466812991356,661,5161,0.014801135301782033,,
energy_level__top10,answer_z,cell=pb_olympiadbench_q8,0.2579491687108022,0.06740045616547002,17.853014254723746,661,5161,0.08947153110137532,,
energy_level__top10,answer_z,cell=pb_omnimath_q4,0.26869096120100344,0.07196611015790239,17.13928211579487,759,4033,0.044058321315351055,,
energy_level__top10,answer_z,cell=pb_omnimath_q8,0.26627005961436606,0.07275398535056547,17.29511080839383,759,4033,0.18672490659644966,,
energy_level__top10,answer_z,steps_2_to_5,0.1837273348080132,0.04923981366645623,25.065242419154924,1312,5760,0.03869079171612516,"[0.16821183823165195, 0.2492082307603902]","[18.47920581088628, 27.3772062323349]"
energy_level__top10,answer_z,steps_6_to_10,0.25408429299829227,0.06717506875145253,18.12457642164856,2308,14512,0.056930688439483706,"[0.23058211484091531, 0.3064821367672697]","[15.025900806365998, 19.97193142740199]"
energy_level__top10,answer_z,steps_11_plus,0.22178508158725913,0.05776003101387877,20.76411160313429,822,8382,0.053315805906113546,"[0.19660078409572454, 0.32146624383633154]","[14.325517139935624, 23.423966527752217]"
energy_level__max,raw,macro8_all,0.08270351690083871,0.02304484787583931,55.682882162190005,4442,28654,0.0418865993574526,"[0.0743955283397854, 0.10446361203340317]","[44.08396470644293, 61.90116917988644]"
energy_level__max,raw,cell=pb_gsm8k_q4,0.18672924683007358,0.05139732168675209,24.66228651465009,207,1361,0.06355818759585521,,
energy_level__max,raw,cell=pb_gsm8k_q8,0.2496475063750804,0.06988791636415538,18.44669010660615,207,1361,0.130681685241067,,
energy_level__max,raw,cell=pb_math_q4,0.10789034664186907,0.029387350262801572,42.683801927845145,594,3772,0.030389200141026775,,
energy_level__max,raw,cell=pb_math_q8,0.07095726251377567,0.019233171350882962,64.90061796132626,594,3772,0.08916078763642876,,
energy_level__max,raw,cell=pb_olympiadbench_q4,0.13262736896255964,0.036475969569722586,34.722623407300794,661,5161,0.01753729038015378,,
energy_level__max,raw,cell=pb_olympiadbench_q8,0.09754020603315325,0.027282681526460954,47.21304550477191,661,5161,0.06675563946101769,,
energy_level__max,raw,cell=pb_omnimath_q4,0.10639248967669426,0.029077403515165884,43.28472996526628,759,4033,0.03473531738534965,,
energy_level__max,raw,cell=pb_omnimath_q8,0.11926769905095111,0.03400366358432971,38.612048548205536,759,4033,0.1254742934446787,,
energy_level__max,raw,steps_2_to_5,0.08406631939917089,0.02318120853123403,54.78020471101427,1312,5760,0.0546953379339911,"[0.08148599174993267, 0.1321619739893443]","[34.844895600298685, 56.51486945290688]"
energy_level__max,raw,steps_6_to_10,0.09582669211725925,0.026377723886701055,48.05728011933179,2308,14512,0.05501725711725197,"[0.08666457159676463, 0.13282308955646782]","[34.67145811293804, 53.1378636176171]"
energy_level__max,raw,steps_11_plus,0.079783230302348,0.021141645555857968,57.72102945112969,822,8382,0.042870594495296385,"[0.08037322873899283, 0.1475981755598454]","[31.20072567645575, 57.297314768118895]"
energy_level__max,answer_z,macro8_all,0.09907917264096922,0.026757482364054862,46.479699650659526,4442,28654,0.048537766247098775,"[0.08940557824376641, 0.12226101523946395]","[37.6667098417944, 51.50875679627044]"
energy_level__max,answer_z,cell=pb_gsm8k_q4,0.201701727161746,0.056204312556361775,22.831585285807563,207,1361,0.07583834070917177,,
energy_level__max,answer_z,cell=pb_gsm8k_q8,0.23451259005427727,0.06516655362999017,19.63719809210345,207,1361,0.12139887038457478,,
energy_level__max,answer_z,cell=pb_math_q4,0.09750328497505603,0.025583494964227706,47.23092342136184,594,3772,0.029915799846530006,,
energy_level__max,answer_z,cell=pb_math_q8,0.05509084407743561,0.014236017208800165,83.5922967438123,594,3772,0.11358516291036413,,
energy_level__max,answer_z,cell=pb_olympiadbench_q4,0.17114761688105737,0.04635169541921974,26.90759164463594,661,5161,0.013714974840736364,,
energy_level__max,answer_z,cell=pb_olympiadbench_q8,0.13135165624695963,0.03479016112381713,35.05985624825105,661,5161,0.09475785597774643,,
energy_level__max,answer_z,cell=pb_omnimath_q4,0.19127214001857967,0.052854394241023325,24.07653401870632,759,4033,0.04071196385465541,,
energy_level__max,answer_z,cell=pb_omnimath_q8,0.1460805969534097,0.03973758425585068,31.52485875627168,759,4033,0.17756550223332696,,
energy_level__max,answer_z,steps_2_to_5,0.07704786645032818,0.020511053375400837,59.7702493028407,1312,5760,0.05062159893988527,"[0.07411076049223994, 0.12690322602734383]","[36.28883465102626, 62.139022125812545]"
energy_level__max,answer_z,steps_6_to_10,0.13446015409221246,0.0368930666228493,34.24932997495955,2308,14512,0.05886659625825321,"[0.12243624738037814, 0.17260744950579482]","[26.680019890065555, 37.61280082099384]"
energy_level__max,answer_z,steps_11_plus,0.1309910718463411,0.03499776255050722,35.156366926977896,822,8382,0.04463329590558332,"[0.12497172521326506, 0.2015033712166373]","[22.854060248138726, 36.84969682645686]"
energy_level__mean,raw,macro8_all,0.07496761387643604,0.019604989629276995,61.428795020453464,4442,28654,0.21004230511215605,"[0.06608698987326042, 0.09749063356177662]","[47.23705260434016, 69.68346106880861]"
energy_level__mean,raw,cell=pb_gsm8k_q4,0.1583363826692013,0.04356141953478041,29.084725243529665,207,1361,0.10215919062107992,,
energy_level__mean,raw,cell=pb_gsm8k_q8,0.18677131868390953,0.049381257133129956,24.656731121451518,207,1361,0.24046475908493714,,
energy_level__mean,raw,cell=pb_math_q4,0.08979622130431884,0.02375140562463706,51.28467678368334,594,3772,0.18156974080219773,,
energy_level__mean,raw,cell=pb_math_q8,0.07898406232584623,0.021071721837040546,58.30505611359427,594,3772,0.3107188457309072,,
energy_level__mean,raw,cell=pb_olympiadbench_q4,0.16760582253691986,0.04389009054703649,27.476194539564247,661,5161,0.12159208948759401,,
energy_level__mean,raw,cell=pb_olympiadbench_q8,0.1257614351498498,0.03286183744678585,36.618301791012854,661,5161,0.2552140441240805,,
energy_level__mean,raw,cell=pb_omnimath_q4,0.12631853725471776,0.03404371376471283,36.45680425115988,759,4033,0.17958084158854193,,
energy_level__mean,raw,cell=pb_omnimath_q8,0.11454529032190114,0.03126448075126529,40.20392434334404,759,4033,0.35395191836529616,,
energy_level__mean,raw,steps_2_to_5,0.06744593440037018,0.017607303776831108,68.27943339995919,1312,5760,0.2594052757625416,"[0.06355529102220184, 0.11726384788975332]","[39.27186655445321, 72.45927305060034]"
energy_level__mean,raw,steps_6_to_10,0.09439911952186747,0.02475302780359651,48.78403749222797,2308,14512,0.22626986926498482,"[0.08254822979281652, 0.1339798606927484]","[34.372107585251015, 55.78763103153595]"
energy_level__mean,raw,steps_11_plus,0.10354165581633061,0.026744733628541115,44.47649740271744,822,8382,0.17146335825345727,"[0.09870662545569998, 0.1819284802989398]","[25.313080054431307, 46.65512740130008]"
energy_level__mean,answer_z,macro8_all,0.09592790360255371,0.025408269692787665,48.00657590796654,4442,28654,0.20365971079713938,"[0.08635001419381041, 0.12081360848197009]","[38.1179756473821, 53.33143519411478]"
energy_level__mean,answer_z,cell=pb_gsm8k_q4,0.18278804549845162,0.05100935903964873,25.19404468399495,207,1361,0.08653988920419156,,
energy_level__mean,answer_z,cell=pb_gsm8k_q8,0.12004427628596911,0.03232127841865175,38.362263728573524,207,1361,0.18275541962744524,,
energy_level__mean,answer_z,cell=pb_math_q4,0.08331537713466584,0.021776165137280496,55.27395235269209,594,3772,0.14949306234260545,,
energy_level__mean,answer_z,cell=pb_math_q8,0.08156048463436794,0.021157367914861197,56.463251863115666,594,3772,0.28230000036910063,,
energy_level__mean,answer_z,cell=pb_olympiadbench_q4,0.20296886036859568,0.054337118355534536,22.689047855050312,661,5161,0.13108280248641535,,
energy_level__mean,answer_z,cell=pb_olympiadbench_q8,0.16927730853233003,0.045126875918637434,27.204887801654507,661,5161,0.2740214949684303,,
energy_level__mean,answer_z,cell=pb_omnimath_q4,0.1478065678934533,0.039791087990948326,31.15673580424206,759,4033,0.20439003062180833,,
energy_level__mean,answer_z,cell=pb_omnimath_q8,0.1437038607159889,0.03952975562316613,32.04625236262499,759,4033,0.37028761768284435,,
energy_level__mean,answer_z,steps_2_to_5,0.07571644195838036,0.019833863987124875,60.82127034600294,1312,5760,0.2243538147407148,"[0.07134293722133862, 0.12863411251150766]","[35.800536079231016, 64.54976996112082]"
energy_level__mean,answer_z,steps_6_to_10,0.11905343231183312,0.03254880170629585,38.68154068776368,2308,14512,0.2247144889071937,"[0.10540579152822856, 0.15933734883247763]","[28.902013368063663, 43.689916077854114]"
energy_level__mean,answer_z,steps_11_plus,0.14256009956512405,0.03908684035265109,32.30335977623505,822,8382,0.1829645873390543,"[0.13312996582385972, 0.22378178570492024]","[20.578842784195544, 34.591537355917716]"
energy_level__log_top5,raw,macro8_all,0.03668698742372093,0.009877355646027734,125.52598371733566,4442,28654,0.075363590008731,"[0.03244549717225451, 0.053891029470362214]","[85.45337194793692, 141.93557156911632]"
energy_level__log_top5,raw,cell=pb_gsm8k_q4,0.20969456661136865,0.05931923614718958,21.961323368587564,207,1361,0.05276507659535096,,
energy_level__log_top5,raw,cell=pb_gsm8k_q8,0.19364868483954678,0.054947408675844474,23.781055832131464,207,1361,0.05366356105444364,,
energy_level__log_top5,raw,cell=pb_math_q4,0.0871038259287548,0.022501902524248846,52.86989563184995,594,3772,0.07032245299846719,,
energy_level__log_top5,raw,cell=pb_math_q8,0.057066238345854774,0.014533140913497222,80.69868138281811,594,3772,0.10700031907871992,,
energy_level__log_top5,raw,cell=pb_olympiadbench_q4,0.05096506414435857,0.013487482391193337,90.35935229952707,661,5161,0.1121287625261529,,
energy_level__log_top5,raw,cell=pb_olympiadbench_q8,0.06775018616320319,0.01899106383776479,67.97280489967531,661,5161,0.1228466827225984,,
energy_level__log_top5,raw,cell=pb_omnimath_q4,0.0683899734924085,0.017702028136988266,67.33692017733097,759,4033,0.07611059925404917,,
energy_level__log_top5,raw,cell=pb_omnimath_q8,0.05549792778341681,0.014691684407327411,82.97913759879428,759,4033,0.11181922797489702,,
energy_level__log_top5,raw,steps_2_to_5,0.050899439579322525,0.01390620359980794,90.47585246614196,1312,5760,0.08193625509656292,"[0.051748146320632314, 0.09713233409247785]","[47.41129953289907, 88.99198354766925]"
energy_level__log_top5,raw,steps_6_to_10,0.04091426695927862,0.011082982694207452,112.55658547106688,2308,14512,0.054346683434739994,"[0.0388969795852592, 0.06976638195501181]","[66.00844213130749, 118.39403046434265]"
energy_level__log_top5,raw,steps_11_plus,0.04116181489246609,0.010187801128773509,111.87966803745049,822,8382,0.09665593912664017,"[0.049245660307373026, 0.10416169195766882]","[44.2117452149263, 93.51423368565553]"
energy_level__log_top5,answer_z,macro8_all,0.03291683148414053,0.008873431435072564,139.90320387327932,4442,28654,0.09849432694206176,"[0.030849020783238233, 0.04850930488825116]","[94.93374923835391, 149.2809194284152]"
energy_level__log_top5,answer_z,cell=pb_gsm8k_q4,0.2368119095483675,0.06508630269362674,19.446531193345713,207,1361,0.07648435966655415,,
energy_level__log_top5,answer_z,cell=pb_gsm8k_q8,0.1921016838469366,0.05359874719597335,23.972565433926203,207,1361,0.09026218434010423,,
energy_level__log_top5,answer_z,cell=pb_math_q4,0.08810260831764472,0.02473146364657882,52.27053175752338,594,3772,0.0791737101428657,,
energy_level__log_top5,answer_z,cell=pb_math_q8,0.08718403985312988,0.022386454387963228,52.82125253367423,594,3772,0.12453197434944677,,
energy_level__log_top5,answer_z,cell=pb_olympiadbench_q4,0.040129127216307334,0.010445800938669517,114.75879256393799,661,5161,0.10876569253110202,,
energy_level__log_top5,answer_z,cell=pb_olympiadbench_q8,0.06698157708059695,0.01751171075569201,68.75278825469915,661,5161,0.14644985022896148,,
energy_level__log_top5,answer_z,cell=pb_omnimath_q4,0.06195104983547681,0.01580038353081122,74.33562785809161,759,4033,0.10242445586722981,,
energy_level__log_top5,answer_z,cell=pb_omnimath_q8,0.06440303398572363,0.016255004274722474,71.50548508334143,759,4033,0.14935272170507335,,
energy_level__log_top5,answer_z,steps_2_to_5,0.04858285485563245,0.01306025677571815,94.79002828616589,1312,5760,0.1222156227722669,"[0.05084341501837538, 0.09518411345990824]","[48.38171012569025, 90.57554816732376]"
energy_level__log_top5,answer_z,steps_6_to_10,0.04387187691044277,0.012197742010409898,104.96861566667846,2308,14512,0.10132361253862025,"[0.04246378897488985, 0.06992660261753121]","[65.8571990287647, 108.44934701213947]"
energy_level__log_top5,answer_z,steps_11_plus,0.0354881953710941,0.00932991565229615,129.76625432295444,822,8382,0.0973300010310667,"[0.0452119141430276, 0.0943736880245618]","[48.79718364709394, 101.85744782712949]"
energy_level__cusum_top5,raw,macro8_all,0.12184994343610478,0.03396925047133297,37.79378189373501,4442,28654,0.0463202221846514,"[0.10928570875392773, 0.14628871193574713]","[31.480010487827474, 42.138814292336114]"
energy_level__cusum_top5,raw,cell=pb_gsm8k_q4,0.3063456593488852,0.07799353697456393,15.032594866126182,207,1361,0.1358408690340428,,
energy_level__cusum_top5,raw,cell=pb_gsm8k_q8,0.3175791645051219,0.08355277378940919,14.500857426097989,207,1361,0.14102467629156473,,
energy_level__cusum_top5,raw,cell=pb_math_q4,0.17296250152717718,0.046492638152987625,26.625251978472875,594,3772,0.10403314645260353,,
energy_level__cusum_top5,raw,cell=pb_math_q8,0.1596712597616006,0.04570262038083028,28.8415723209293,594,3772,0.07071860985991588,,
energy_level__cusum_top5,raw,cell=pb_olympiadbench_q4,0.1526555598999967,0.04187404925924635,30.167064920562982,661,5161,0.06990179767805739,,
energy_level__cusum_top5,raw,cell=pb_olympiadbench_q8,0.15934331935097137,0.04605970245716741,28.90093042335018,661,5161,0.08620975411155143,,
energy_level__cusum_top5,raw,cell=pb_omnimath_q4,0.15791385815667336,0.04629332289302703,29.16254621186633,759,4033,0.045904361902023516,,
energy_level__cusum_top5,raw,cell=pb_omnimath_q8,0.15001408382035136,0.043430176292804684,30.698252248788794,759,4033,0.0620641189342076,,
energy_level__cusum_top5,raw,steps_2_to_5,0.21875875513627582,0.05981043131660498,21.05136401566785,1312,5760,0.017160336847275016,"[0.19699206902041372, 0.28658118822315276]","[16.069338725758143, 23.37743955321811]"
energy_level__cusum_top5,raw,steps_6_to_10,0.2050262443039149,0.057071895978757815,22.46136928285994,2308,14512,0.029446192735867124,"[0.18677335738589557, 0.2533169332289877]","[18.179480255373274, 24.65646198388602]"
energy_level__cusum_top5,raw,steps_11_plus,0.16246795422893948,0.04048637075357094,28.345098624795753,822,8382,0.0747674763615326,"[0.1453789713353548, 0.24863754479172923]","[18.521620255885345, 31.677003514937912]"
energy_level__cusum_top5,answer_z,macro8_all,0.10880477044318426,0.028586526742922662,42.3250760718513,4442,28654,0.07998353518120688,"[0.09696338500975321, 0.13333590066660592]","[34.53811136359212, 47.49390902065634]"
energy_level__cusum_top5,answer_z,cell=pb_gsm8k_q4,0.19846835663491233,0.055867478957242894,23.203548737290255,207,1361,0.05794268696334855,,
energy_level__cusum_top5,answer_z,cell=pb_gsm8k_q8,0.2509255445427258,0.07259632164877855,18.352735646664925,207,1361,0.09710481907269,,
energy_level__cusum_top5,answer_z,cell=pb_math_q4,0.14489889464656225,0.03785709794303489,31.7819552538412,594,3772,0.05798503630934433,,
energy_level__cusum_top5,answer_z,cell=pb_math_q8,0.13327928554307242,0.03446048821426658,34.55278265653532,594,3772,0.11861787310170756,,
energy_level__cusum_top5,answer_z,cell=pb_olympiadbench_q4,0.13161074010312618,0.03427197644406289,34.99083875966065,661,5161,0.06972611671352737,,
energy_level__cusum_top5,answer_z,cell=pb_olympiadbench_q8,0.10789028006614532,0.028867207040755304,42.683828266686824,661,5161,0.14862299572457385,,
energy_level__cusum_top5,answer_z,cell=pb_omnimath_q4,0.12028849534751329,0.03228556207894319,38.284377676217176,759,4033,0.06652023684252187,,
energy_level__cusum_top5,answer_z,cell=pb_omnimath_q8,0.13178094691478698,0.03511132324497092,34.945644979815754,759,4033,0.12112796257462766,,
energy_level__cusum_top5,answer_z,steps_2_to_5,0.15825923498880884,0.04211178148089666,29.098903367716535,1312,5760,0.1498416993837424,"[0.1422112927434797, 0.22366061283216368]","[20.589991808007074, 32.38259140429082]"
energy_level__cusum_top5,answer_z,steps_6_to_10,0.10387950854409754,0.02786333802067261,44.331844177267804,2308,14512,0.10982756882766441,"[0.09270702684024318, 0.14096780778004703]","[32.668240064948506, 49.6744458640004]"
energy_level__cusum_top5,answer_z,steps_11_plus,0.08781450640116303,0.022643227261882833,52.44202096804247,822,8382,0.041990654436806205,"[0.08297271301154922, 0.16061982625862078]","[28.671243726618854, 55.502224994704996]"
energy_level__onset80,raw,macro8_all,0.14709403485765646,0.03596567590128622,31.307661051276042,4442,28654,0.20295495507426742,"[0.12779685043754038, 0.17106058628549292]","[26.92128143593672, 36.03508357382273]"
energy_level__onset80,raw,cell=pb_gsm8k_q4,0.2786060796328715,0.06438113553364498,16.52932409822671,207,1361,0.19669999464287122,,
energy_level__onset80,raw,cell=pb_gsm8k_q8,0.34653087880266675,0.07949188136548456,13.289350149400459,207,1361,0.20809785885235355,,
energy_level__onset80,raw,cell=pb_math_q4,0.1836971974343466,0.0450933689023324,25.069354624389305,594,3772,0.14599675203383813,,
energy_level__onset80,raw,cell=pb_math_q8,0.18176855136345055,0.0458096004466888,25.335351750589375,594,3772,0.16482665261852544,,
energy_level__onset80,raw,cell=pb_olympiadbench_q4,0.13852272090651074,0.033484429323142315,33.24487243573659,661,5161,0.19629559325236792,,
energy_level__onset80,raw,cell=pb_olympiadbench_q8,0.15871077393986388,0.03870958421908079,29.016115741033488,661,5161,0.21311554277789074,,
energy_level__onset80,raw,cell=pb_omnimath_q4,0.12790415577224154,0.03144656925513725,36.00485190010949,759,4033,0.24871233456121306,,
energy_level__onset80,raw,cell=pb_omnimath_q8,0.1860004547904959,0.04729533435119773,24.758918956274524,759,4033,0.2953957903793929,,
energy_level__onset80,raw,steps_2_to_5,0.15685765472996288,0.03959399584065347,29.358912664581705,1312,5760,0.2502655146802564,"[0.13259072554291812, 0.21624003912447404]","[21.296565634346848, 34.73221952087026]"
energy_level__onset80,raw,steps_6_to_10,0.14837675134359826,0.03566918622407163,31.037006433196737,2308,14512,0.2167911920351817,"[0.12693001921349864, 0.18717473607211066]","[24.60358851107935, 36.281174575748786]"
energy_level__onset80,raw,steps_11_plus,0.08664943059570065,0.020781750212437004,53.147148854046705,822,8382,0.13256795769866184,"[0.068960457719239, 0.15149485017547265]","[30.39819624663175, 66.7798668729444]"
energy_level__onset80,answer_z,macro8_all,0.011433862234533819,0.00257880043767842,402.76593258916887,4442,28654,0.012880653539764999,"[0.006824022894225293, 0.018946275295684857]","[243.06467176885954, 674.8468253066875]"
energy_level__onset80,answer_z,cell=pb_gsm8k_q4,0.06536485101678348,0.012852293300611987,70.45331113514877,207,1361,0.02971905291695855,,
energy_level__onset80,answer_z,cell=pb_gsm8k_q8,0.05255050717925367,0.011970822179640942,87.63322055635953,207,1361,0.02883241907373118,,
energy_level__onset80,answer_z,cell=pb_math_q4,0.021693301368418294,0.004856421761675545,212.28535517846194,594,3772,0.024983474775125726,,
energy_level__onset80,answer_z,cell=pb_math_q8,0.04683576456007332,0.010467669446216325,98.32593167303432,594,3772,0.039746900668050755,,
energy_level__onset80,answer_z,cell=pb_olympiadbench_q4,1.4163391683127535e-06,3.5475777713143354e-07,3251460.02385439,661,5161,0.002071523606868883,,
energy_level__onset80,answer_z,cell=pb_olympiadbench_q8,0.011822137787220625,0.0026165997977571193,389.537854225159,661,5161,0.008796602007474999,,
energy_level__onset80,answer_z,cell=pb_omnimath_q4,0.0011631167474205222,0.00029419064607992887,3959.336151079512,759,4033,0.0037857566853534974,,
energy_level__onset80,answer_z,cell=pb_omnimath_q8,0.00238940041657156,0.0005987481582175755,1927.3329635540272,759,4033,0.01833056435495232,,
energy_level__onset80,answer_z,steps_2_to_5,0.018775901486561126,0.004626274675406097,245.27025715831795,1312,5760,0.061803201405622364,"[0.01203528533557673, 0.03942891045779363]","[116.79679028710825, 382.63905321588396]"
energy_level__onset80,answer_z,steps_6_to_10,0.009974499059850872,0.002290733339842385,461.69438268080233,2308,14512,0.010024729837985542,"[0.004522288717298875, 0.01936854827372788]","[237.76537719322477, 1018.3273280125115]"
energy_level__onset80,answer_z,steps_11_plus,3.242029164112728e-07,8.096441534124033e-08,14204592.102268843,822,8382,0.0007474038738963101,"[6.337294505799812e-07, 0.004315264082281927]","[1067.1815439746763, 7266776.353495168]"
energy_level__top30,raw,macro8_all,0.30347335884095034,0.08112559380461862,15.174874669646538,4442,28654,0.07624119658101652,"[0.2772495456113411, 0.3417437646390858]","[13.475506102800715, 16.610199219023407]"
energy_level__top30,raw,cell=pb_gsm8k_q4,0.4752193903451113,0.12373730666327942,9.69061927932644,207,1361,0.08652739362514761,,
energy_level__top30,raw,cell=pb_gsm8k_q8,0.4724410375772948,0.11809833220910988,9.747608314475968,207,1361,0.14859581858828658,,
energy_level__top30,raw,cell=pb_math_q4,0.26960481261384633,0.07212025679174007,17.08118687252091,594,3772,0.05743674180380256,,
energy_level__top30,raw,cell=pb_math_q8,0.27699431803004326,0.06875322788955596,16.625504157412383,594,3772,0.1408646785350346,,
energy_level__top30,raw,cell=pb_olympiadbench_q4,0.40092200930345007,0.1104570541027435,11.486448933020608,661,5161,0.03208376779279108,,
energy_level__top30,raw,cell=pb_olympiadbench_q8,0.3446087096050261,0.09215394170609226,13.363475900729021,661,5161,0.088305522332681,,
energy_level__top30,raw,cell=pb_omnimath_q4,0.3365043015496533,0.09567607982522025,13.685323381545453,759,4033,0.0627259896449889,,
energy_level__top30,raw,cell=pb_omnimath_q8,0.3263624756344362,0.0908771567757727,14.11059950147705,759,4033,0.17449184960134592,,
energy_level__top30,raw,steps_2_to_5,0.2741697383591316,0.07572923299317377,16.796785135914,1312,5760,0.07459213922061417,"[0.24149341042552327, 0.354704613177739]","[12.983113314290295, 19.069548017370558]"
energy_level__top30,raw,steps_6_to_10,0.32639833209841285,0.08691556429957166,14.109049382640778,2308,14512,0.11027069074387671,"[0.29548037681940575, 0.39047323808593487]","[11.793817698140408, 15.585367243533467]"
energy_level__top30,raw,steps_11_plus,0.25640756656320096,0.06555918055615444,17.960352136694766,822,8382,0.07544205195705986,"[0.2233861468442579, 0.36517647289931354]","[12.61080745269652, 20.61528994095932]"
energy_level__top30,answer_z,macro8_all,0.2521564407845224,0.06651360431518956,18.26314716237366,4442,28654,0.03946446384469397,"[0.23207052955450197, 0.2878672028897399]","[15.997550744785553, 19.843838831360806]"
energy_level__top30,answer_z,cell=pb_gsm8k_q4,0.35066486524810936,0.09736443793786437,13.132682063056846,207,1361,0.0752197323605597,,
energy_level__top30,answer_z,cell=pb_gsm8k_q8,0.34704445981560833,0.09195943416583163,13.269683626227346,207,1361,0.07857820169452362,,
energy_level__top30,answer_z,cell=pb_math_q4,0.19702524277008424,0.051393364617880556,23.373503421396762,594,3772,0.022877050915766424,,
energy_level__top30,answer_z,cell=pb_math_q8,0.17567667740230142,0.04743532404201791,26.213896198880196,594,3772,0.09001033162661518,,
energy_level__top30,answer_z,cell=pb_olympiadbench_q4,0.3320975648418608,0.09145700387589686,13.866919464407982,661,5161,0.012984745264178435,,
energy_level__top30,answer_z,cell=pb_olympiadbench_q8,0.292423771076165,0.07549253210169156,15.74827576103115,661,5161,0.07040789853834242,,
energy_level__top30,answer_z,cell=pb_omnimath_q4,0.32339007048208634,0.08871980472191253,14.240295563568294,759,4033,0.04802679895955882,,
energy_level__top30,answer_z,cell=pb_omnimath_q8,0.3031829911542239,0.08360217686771128,15.189408114406794,759,4033,0.15526584943604715,,
energy_level__top30,answer_z,steps_2_to_5,0.20680432800857423,0.0559572218521246,22.268248591959637,1312,5760,0.027938663605790587,"[0.18744966784591474, 0.2771542864008475]","[16.61590822134227, 24.56750251365386]"
energy_level__top30,answer_z,steps_6_to_10,0.28565903696133094,0.075100408962872,16.12121302016251,2308,14512,0.04631048324746569,"[0.25826511871585545, 0.3445140628427454]","[13.367147186935407, 17.83117367488841]"
energy_level__top30,answer_z,steps_11_plus,0.2649511501254859,0.06759141339574108,17.38120473833382,822,8382,0.05576617430025543,"[0.23329841874050355, 0.3703748875966328]","[12.433807853094732, 19.73939733860946]"
energy_level__std,raw,macro8_all,0.01607374913289603,0.004003806347947879,286.5025544391069,4442,28654,0.16348600275518585,"[0.015909662913975147, 0.03011050468886137]","[152.94231144825878, 289.45743293799654]"
energy_level__std,raw,cell=pb_gsm8k_q4,0.1312229648704593,0.034512808443358925,35.094239720419544,207,1361,0.09636085575679351,,
energy_level__std,raw,cell=pb_gsm8k_q8,0.13202566150069006,0.03518860524484854,34.880871897498665,207,1361,0.12145013046841022,,
energy_level__std,raw,cell=pb_math_q4,0.04926682754665223,0.012631471277547992,93.47405577571072,594,3772,0.18650463332673756,,
energy_level__std,raw,cell=pb_math_q8,0.05274552689493337,0.01352649592129817,87.3092081374289,594,3772,0.22170013806167574,,
energy_level__std,raw,cell=pb_olympiadbench_q4,0.05088539736522654,0.01297773121058282,90.50081996873858,661,5161,0.1609215571911586,,
energy_level__std,raw,cell=pb_olympiadbench_q8,0.06726544170632576,0.017505767409938207,68.46264692788026,661,5161,0.17169552133457627,,
energy_level__std,raw,cell=pb_omnimath_q4,0.0401618521391332,0.00999644123613794,114.66528411175719,759,4033,0.1639553082367362,,
energy_level__std,raw,cell=pb_omnimath_q8,0.07381703340140011,0.018915466987897606,62.38628096778465,759,4033,0.2141018977121379,,
energy_level__std,raw,steps_2_to_5,0.03557887143324884,0.008879423151992893,129.43553295747628,1312,5760,0.15180186903605933,"[0.04083871941261062, 0.07642988803144554]","[60.253525219000544, 112.7648038975007]"
energy_level__std,raw,steps_6_to_10,0.037898699316961826,0.009400414538124183,121.51261834801322,2308,14512,0.1610939485271138,"[0.037074043378897664, 0.06605209256084309]","[69.72027694271904, 124.21548248522924]"
energy_level__std,raw,steps_11_plus,0.05349510160894853,0.013373414698196268,86.08582930923437,822,8382,0.1498372079494939,"[0.058684001658247796, 0.11661982005366155]","[39.488743713281885, 78.4740313519648]"
energy_level__std,answer_z,macro8_all,0.03298003344074629,0.008632058200802718,139.63509752838758,4442,28654,0.1700894721442875,"[0.030613522080087018, 0.04920202376305303]","[93.59717007100475, 150.4292833062677]"
energy_level__std,answer_z,cell=pb_gsm8k_q4,0.11938250531754843,0.034087666848831126,38.57491659886587,207,1361,0.07800138175120916,,
energy_level__std,answer_z,cell=pb_gsm8k_q8,0.13658059726791769,0.03806818131647612,33.71760175389005,207,1361,0.07756587642352225,,
energy_level__std,answer_z,cell=pb_math_q4,0.05774103307111723,0.015023826242010091,79.75559045360507,594,3772,0.15505294744711628,,
energy_level__std,answer_z,cell=pb_math_q8,0.0558157662865215,0.014214000698623903,82.50661940836164,594,3772,0.1875636991809171,,
energy_level__std,answer_z,cell=pb_olympiadbench_q4,0.07153435571841574,0.018869708353685205,64.3770414892063,661,5161,0.19558049812207667,,
energy_level__std,answer_z,cell=pb_olympiadbench_q8,0.09331284289134326,0.02449099813371136,49.35194388355002,661,5161,0.20252846773514377,,
energy_level__std,answer_z,cell=pb_omnimath_q4,0.057914857649858334,0.014975384274915328,79.51621350483207,759,4033,0.21365001514271725,,
energy_level__std,answer_z,cell=pb_omnimath_q8,0.06682457366450459,0.0174602142271117,68.91432198443242,759,4033,0.22743321879768671,,
energy_level__std,answer_z,steps_2_to_5,0.034960752647012275,0.008808677279018195,131.72400012336826,1312,5760,0.15746942527905422,"[0.03936253777067556, 0.07844291602574648]","[58.70727937340558, 116.99373177658447]"
energy_level__std,answer_z,steps_6_to_10,0.05045434237318501,0.013182448360980733,91.27401070706658,2308,14512,0.1890581167372482,"[0.04653503243037186, 0.08158571899539091]","[56.44578784981052, 98.96136191327658]"
energy_level__std,answer_z,steps_11_plus,0.05917028244818017,0.015461229013683424,77.82910602161115,822,8382,0.16593284307485914,"[0.06388305077321209, 0.12213596533952568]","[37.70527520854469, 72.08751194955714]"
energy_level__iqr,raw,macro8_all,0.02665677352355967,0.006985753049359965,172.75797395052223,4442,28654,0.16552909944948097,"[0.024546505402273412, 0.04249519653607539]","[108.36919372942847, 187.61001252592058]"
energy_level__iqr,raw,cell=pb_gsm8k_q4,0.12949359058436,0.036768020647341255,35.56291987276393,207,1361,0.05726021235709676,,
energy_level__iqr,raw,cell=pb_gsm8k_q8,0.16825398830546034,0.044105283660791694,27.37034784356812,207,1361,0.1004296096788651,,
energy_level__iqr,raw,cell=pb_math_q4,0.04753106774178166,0.011723219102332368,96.88758121332856,594,3772,0.16304548296263285,,
energy_level__iqr,raw,cell=pb_math_q8,0.05679429109368647,0.014449711282448346,81.08508966845832,594,3772,0.233144555795395,,
energy_level__iqr,raw,cell=pb_olympiadbench_q4,0.06088550796913393,0.01591916698056626,75.63655686871653,661,5161,0.1452160468898931,,
energy_level__iqr,raw,cell=pb_olympiadbench_q8,0.0742119266373113,0.01947488802294244,62.054313836837714,661,5161,0.22622292985834647,,
energy_level__iqr,raw,cell=pb_omnimath_q4,0.06032562571225072,0.015814911701093608,76.3385399092991,759,4033,0.15592174592325825,,
energy_level__iqr,raw,cell=pb_omnimath_q8,0.0665886702516062,0.017501241454017262,69.15846447432264,759,4033,0.25684006993411745,,
energy_level__iqr,raw,steps_2_to_5,0.03313416676761093,0.008487289261542607,138.9855437828515,1312,5760,0.11611352908502293,"[0.03862289084802961, 0.07568701091244569]","[60.844920818914716, 119.23421796954977]"
energy_level__iqr,raw,steps_6_to_10,0.039759742797347286,0.010309282139264962,115.82494910644498,2308,14512,0.16942138611139101,"[0.03788852742443872, 0.06874050236958505]","[66.99354859567767, 121.54524071098318]"
energy_level__iqr,raw,steps_11_plus,0.06143324284022951,0.015855934549321167,74.96218615652175,822,8382,0.16807845985750877,"[0.06659707780993504, 0.12415913194082184]","[37.090869708907604, 69.14973355334048]"
energy_level__iqr,answer_z,macro8_all,0.026426542435282363,0.006832868146144058,174.26306136211292,4442,28654,0.14228514735629624,"[0.02463771229262843, 0.04252196860893012]","[108.30096386979014, 186.9154948840746]"
energy_level__iqr,answer_z,cell=pb_gsm8k_q4,0.13669746641391922,0.03841283375324812,33.6887749773186,207,1361,0.045480391451525784,,
energy_level__iqr,answer_z,cell=pb_gsm8k_q8,0.05880295329284124,0.014949635393282087,78.31528738113111,207,1361,0.07381788449592082,,
energy_level__iqr,answer_z,cell=pb_math_q4,0.040625513895426596,0.010529933870759732,113.35660141659199,594,3772,0.1100285758328498,,
energy_level__iqr,answer_z,cell=pb_math_q8,0.04989455449339272,0.012788231147293267,92.29805201683745,594,3772,0.1730465334309006,,
energy_level__iqr,answer_z,cell=pb_olympiadbench_q4,0.05246997301964149,0.013565997554631583,87.76772544297293,661,5161,0.1333735444791991,,
energy_level__iqr,answer_z,cell=pb_olympiadbench_q8,0.08528846918614208,0.02151212046165196,53.99522620035902,661,5161,0.2082480040944169,,
energy_level__iqr,answer_z,cell=pb_omnimath_q4,0.05964029473460124,0.014910742363075045,77.21575164041454,759,4033,0.15367340725602074,,
energy_level__iqr,answer_z,cell=pb_omnimath_q8,0.08269663805756033,0.020946377261342894,55.68751395652505,759,4033,0.24137255542346575,,
energy_level__iqr,answer_z,steps_2_to_5,0.02808857451438872,0.007218652659703132,163.9517229195464,1312,5760,0.11838408567022049,"[0.03401053992255122, 0.0706861485951319]","[65.14954170675026, 135.40420694511118]"
energy_level__iqr,answer_z,steps_6_to_10,0.045169695271747023,0.011732500479118311,101.95265118090265,2308,14512,0.15644415882283075,"[0.04329077173647513, 0.07383224661167331]","[62.37342621049252, 106.3776412677798]"
energy_level__iqr,answer_z,steps_11_plus,0.050562634627443905,0.012905697114279205,91.07852507923987,822,8382,0.14629379376515542,"[0.058231601982079335, 0.11161798405627218]","[41.258317151350774, 79.08369389194074]"
energy_level__frac_above_z,raw,macro8_all,0.06463828074005144,0.017575299811732566,71.24524559228595,4442,28654,0.0909275004794732,"[0.05752187574859918, 0.08573886329304443]","[53.71158432843005, 80.0594578333138]"
energy_level__frac_above_z,raw,cell=pb_gsm8k_q4,0.18980656693048847,0.050369899668526424,24.262438652476185,207,1361,0.10197162216646005,,
energy_level__frac_above_z,raw,cell=pb_gsm8k_q8,0.18531153790318378,0.04974953422007275,24.85096307599621,207,1361,0.2520211944213425,,
energy_level__frac_above_z,raw,cell=pb_math_q4,0.08906293210620209,0.023358891832089505,51.706923150662824,594,3772,0.07269048324287414,,
energy_level__frac_above_z,raw,cell=pb_math_q8,0.06035066951872712,0.01554641137281394,76.30686159263045,594,3772,0.15992238207260823,,
energy_level__frac_above_z,raw,cell=pb_olympiadbench_q4,0.11673004180046835,0.031065440290149966,39.451456668369104,661,5161,0.03790519750220913,,
energy_level__frac_above_z,raw,cell=pb_olympiadbench_q8,0.09627909569627596,0.026140776036864335,47.83146489572002,661,5161,0.12777707575640748,,
energy_level__frac_above_z,raw,cell=pb_omnimath_q4,0.09522889627210525,0.02515516259772623,48.35895790317012,759,4033,0.0667471423597221,,
energy_level__frac_above_z,raw,cell=pb_omnimath_q8,0.08449738314258949,0.022792326136120398,54.50074327410659,759,4033,0.22386576616434045,,
energy_level__frac_above_z,raw,steps_2_to_5,0.0798562644934977,0.021647050698286967,57.66823949501254,1312,5760,0.13787341240515222,"[0.07375570545888775, 0.1318750157907573]","[34.92071760806457, 62.438155222514474]"
energy_level__frac_above_z,raw,steps_6_to_10,0.07338416990580579,0.019359717161274027,62.75427237099201,2308,14512,0.10785851207961257,"[0.06607967917718119, 0.10715358359676792]","[42.97728579305301, 69.6911704677035]"
energy_level__frac_above_z,raw,steps_11_plus,0.06672809079028405,0.017015276957709415,69.01396595417995,822,8382,0.07021680820966504,"[0.06829506897339883, 0.1307769867255669]","[35.21391875813714, 67.43049322904734]"
energy_level__frac_above_z,answer_z,macro8_all,0.08067121543699637,0.020891825284303226,57.085667558643586,4442,28654,0.11295367995956157,"[0.07130360594280517, 0.10322435308811416]","[44.6132143066766, 64.58537580388348]"
energy_level__frac_above_z,answer_z,cell=pb_gsm8k_q4,0.19458996129323358,0.055574868285869244,23.666021388680065,207,1361,0.11064519376103889,,
energy_level__frac_above_z,answer_z,cell=pb_gsm8k_q8,0.14236113354833227,0.03816843164230168,32.348507427588125,207,1361,0.2184405767344636,,
energy_level__frac_above_z,answer_z,cell=pb_math_q4,0.07964516091721575,0.021275542511353898,57.821092116001466,594,3772,0.07536439258374143,,
energy_level__frac_above_z,answer_z,cell=pb_math_q8,0.076311896966797,0.019583687246422617,60.34668733227512,594,3772,0.20426796986997603,,
energy_level__frac_above_z,answer_z,cell=pb_olympiadbench_q4,0.16415166063161185,0.04221562315003347,28.054362461327678,661,5161,0.04917222667239687,,
energy_level__frac_above_z,answer_z,cell=pb_olympiadbench_q8,0.17244905593495244,0.04639679312615133,26.704525351099377,661,5161,0.17579155976379507,,
energy_level__frac_above_z,answer_z,cell=pb_omnimath_q4,0.1166567077511433,0.03069565335006237,39.47625708597934,759,4033,0.08637149767592606,,
energy_level__frac_above_z,answer_z,cell=pb_omnimath_q8,0.11438195651132073,0.02975362208117448,40.26133427375238,759,4033,0.28280920362192496,,
energy_level__frac_above_z,answer_z,steps_2_to_5,0.07773219972409157,0.020683676500977865,59.2440481851025,1312,5760,0.14998088595035042,"[0.07459111004734653, 0.13067574279747654]","[35.241201522192696, 61.73886114665636]"
energy_level__frac_above_z,answer_z,steps_6_to_10,0.10584560005997654,0.02841204790717915,43.50837619493498,2308,14512,0.13128355837731778,"[0.0940822077168109, 0.1421103944871891]","[32.40558301597873, 48.94836439053105]"
energy_level__frac_above_z,answer_z,steps_11_plus,0.10226364272634192,0.026052651087818197,45.03233077968436,822,8382,0.08874613734354916,"[0.09655165536662168, 0.17444077069272249]","[26.39962072914767, 47.69643947068067]"
energy_level__slope,raw,macro8_all,0.20978593882324692,0.05769498307697165,21.951758119823907,4442,28654,0.03317903799422531,"[0.19124780330061356, 0.24246112896396646]","[18.993437033251183, 24.07959781242265]"
energy_level__slope,raw,cell=pb_gsm8k_q4,0.2916318022532892,0.07939152683573505,15.791042507731687,207,1361,0.11319138434827118,,
energy_level__slope,raw,cell=pb_gsm8k_q8,0.19827192141959132,0.05374278451913801,23.22653733829733,207,1361,0.11466477270852947,,
energy_level__slope,raw,cell=pb_math_q4,0.1791528926886386,0.049009042529520874,25.705251625446625,594,3772,0.028916415475133316,,
energy_level__slope,raw,cell=pb_math_q8,0.19774381003809224,0.0541868211116642,23.28856809778763,594,3772,0.05085007799962378,,
energy_level__slope,raw,cell=pb_olympiadbench_q4,0.23373124336246143,0.06437666006628313,19.702843829254657,661,5161,0.03769145314770862,,
energy_level__slope,raw,cell=pb_olympiadbench_q8,0.25913264022920623,0.07253297570448436,17.771478660174797,661,5161,0.04759331101382123,,
energy_level__slope,raw,cell=pb_omnimath_q4,0.27095793658926715,0.07955293767439034,16.9958859443518,759,4033,0.03664428502009009,,
energy_level__slope,raw,cell=pb_omnimath_q8,0.291559861692726,0.08205747323197218,15.7949388480691,759,4033,0.06690738561433549,,
energy_level__slope,raw,steps_2_to_5,0.1719691531239192,0.04684010728130454,26.77904788348672,1312,5760,0.024764522379718275,"[0.15307236602100813, 0.24006212000666902]","[19.183243844802163, 30.084921960088238]"
energy_level__slope,raw,steps_6_to_10,0.21436576390013573,0.05907744812986518,21.482768993529454,2308,14512,0.04799217665844452,"[0.19327523651822992, 0.263115380164974]","[17.502474325524563, 23.82700582313724]"
energy_level__slope,raw,steps_11_plus,0.24321707201095805,0.06839796675122314,18.93440352649508,822,8382,0.04973293527874386,"[0.21586774925858643, 0.34037573898333984]","[13.529666361483825, 21.33329412014942]"
energy_level__slope,answer_z,macro8_all,0.06686434977321397,0.01923545877898151,68.87332639302709,4442,28654,0.02301850846336612,"[0.06117587630757632, 0.08641656304726782]","[53.29036499020648, 75.27755160930592]"
energy_level__slope,answer_z,cell=pb_gsm8k_q4,0.19581061678785,0.0535237554061756,23.518490782231382,207,1361,0.13940676507544192,,
energy_level__slope,answer_z,cell=pb_gsm8k_q8,0.17408921103593797,0.04687109595492353,26.452932715269913,207,1361,0.1377840068530685,,
energy_level__slope,answer_z,cell=pb_math_q4,0.08675654392578386,0.023591850058340677,53.0815311168642,594,3772,0.02224660390023237,,
energy_level__slope,answer_z,cell=pb_math_q8,0.08603710322813643,0.024417049663646072,53.52539791788432,594,3772,0.03271989060449032,,
energy_level__slope,answer_z,cell=pb_olympiadbench_q4,0.079169382288314,0.02193218485072,58.1685754376266,661,5161,0.020354160170295673,,
energy_level__slope,answer_z,cell=pb_olympiadbench_q8,0.08325239885001486,0.022598800295265523,55.315765666820425,661,5161,0.03789482528756493,,
energy_level__slope,answer_z,cell=pb_omnimath_q4,0.11794481818421529,0.03334790677529021,39.04512514314434,759,4033,0.028040419629582865,,
energy_level__slope,answer_z,cell=pb_omnimath_q8,0.10734995375973438,0.029721523084288926,42.89866948890511,759,4033,0.05553989284560603,,
energy_level__slope,answer_z,steps_2_to_5,0.06525463444522192,0.01775088546568576,70.57230839066162,1312,5760,0.06603865761432384,"[0.0668802971672702, 0.11374716311264776]","[40.486022332068465, 68.85690376749349]"
energy_level__slope,answer_z,steps_6_to_10,0.09354309830731683,0.026452911906428175,49.230464559327956,2308,14512,0.02827584841872144,"[0.0864432996940279, 0.12947177778720556]","[35.568911346509495, 53.27388244419652]"
energy_level__slope,answer_z,steps_11_plus,0.12287862433474137,0.03477086655940559,37.47739048121876,822,8382,0.015755620940322488,"[0.12111936883627654, 0.19653414076120745]","[23.431909428822635, 38.02174854637118]"
energy_level__jump,raw,macro8_all,0.13835649386943547,0.03428821144143656,33.28481415793832,4442,28654,0.05725425400093905,"[0.12278717491307553, 0.168736550392159]","[27.29207261429287, 37.505302888906925]"
energy_level__jump,raw,cell=pb_gsm8k_q4,0.3078135978908003,0.07910418353677054,14.96090561802217,207,1361,0.08071726725799873,,
energy_level__jump,raw,cell=pb_gsm8k_q8,0.20688005369707793,0.05451677993815366,22.260097596122854,207,1361,0.10770007107221456,,
energy_level__jump,raw,cell=pb_math_q4,0.11718492353629639,0.029550122522236072,39.298316259614275,594,3772,0.05383683733449807,,
energy_level__jump,raw,cell=pb_math_q8,0.1181828500679062,0.02997374510522352,38.96648442089547,594,3772,0.13320740568114586,,
energy_level__jump,raw,cell=pb_olympiadbench_q4,0.1866754090530936,0.047905168106008665,24.66939919589679,661,5161,0.018676556450982908,,
energy_level__jump,raw,cell=pb_olympiadbench_q8,0.1890570439239087,0.05052612666603065,24.358627906197302,661,5161,0.10500245272663575,,
energy_level__jump,raw,cell=pb_omnimath_q4,0.1834540629776904,0.04565025436085551,25.10257942092087,759,4033,0.04701928585647083,,
energy_level__jump,raw,cell=pb_omnimath_q8,0.18197379422840892,0.046194538678646854,25.306776756041028,759,4033,0.15570895640515203,,
energy_level__jump,raw,steps_2_to_5,0.16080728436365035,0.03950843133393009,28.637820756763343,1312,5760,0.10065069186638342,"[0.14220182554529565, 0.23229797310914857]","[19.824409676722773, 32.38474730073844]"
energy_level__jump,raw,steps_6_to_10,0.14853895653492508,0.03776451382729975,31.003113886189887,2308,14512,0.07428935420924665,"[0.12831461735444236, 0.197259561242157]","[23.345738766673815, 35.88967711501855]"
energy_level__jump,raw,steps_11_plus,0.15687202935231725,0.03868774456544289,29.35622242538463,822,8382,0.03785598772313213,"[0.1393939131752417, 0.25516826735757636]","[18.047581831696583, 33.037096678666416]"
energy_level__jump,answer_z,macro8_all,0.12553330624513545,0.0324353022359815,36.68484742204858,4442,28654,0.1153636470850683,"[0.11255694220806199, 0.15393776425226333]","[29.915792322678108, 40.91413728595625]"
energy_level__jump,answer_z,cell=pb_gsm8k_q4,0.23889483593278404,0.059182565865272665,19.276976699838805,207,1361,0.08972167646689472,,
energy_level__jump,answer_z,cell=pb_gsm8k_q8,0.1854828513501723,0.0489434903120865,24.82801052747464,207,1361,0.1225955732146737,,
energy_level__jump,answer_z,cell=pb_math_q4,0.11048923001010577,0.028132147380034778,41.679810652738595,594,3772,0.09241692416913072,,
energy_level__jump,answer_z,cell=pb_math_q8,0.09392029170821112,0.025127436481079783,49.03275002909172,594,3772,0.22193342135330654,,
energy_level__jump,answer_z,cell=pb_olympiadbench_q4,0.1776365536857882,0.0467905173886733,25.92467648372604,661,5161,0.04949778000491611,,
energy_level__jump,answer_z,cell=pb_olympiadbench_q8,0.1844283252753275,0.051301973323765834,24.969972367927607,661,5161,0.18624570815682268,,
energy_level__jump,answer_z,cell=pb_omnimath_q4,0.18033160264836084,0.04803888964870924,25.5372331768602,759,4033,0.0768100365779722,,
energy_level__jump,answer_z,cell=pb_omnimath_q8,0.1718517487002095,0.0462789453928527,26.797342598018485,759,4033,0.22595558419864267,,
energy_level__jump,answer_z,steps_2_to_5,0.13563371538833532,0.03531394564274766,33.95299002761184,1312,5760,0.17059179989717144,"[0.12345212549569705, 0.19874412200225205]","[23.171352891311717, 37.30328795471898]"
energy_level__jump,answer_z,steps_6_to_10,0.13921202885391687,0.03696616319732207,33.080260548609346,2308,14512,0.13653273998229748,"[0.12460510989746885, 0.18408649250662873]","[25.016339456966215, 36.958116643670955]"
energy_level__jump,answer_z,steps_11_plus,0.15680923458164886,0.03916773333772849,29.367978220633617,822,8382,0.07850641690501245,"[0.1379997566031226, 0.2560067716477365]","[17.988470212517555, 33.37085730688809]"
energy_level__q90,raw,macro8_all,0.06865000856122101,0.01832648647942389,67.08185887378691,4442,28654,0.09097465913548522,"[0.060205169416275295, 0.09060756609428097]","[50.82544851934571, 76.49127526154214]"
energy_level__q90,raw,cell=pb_gsm8k_q4,0.20462901170647363,0.05625656911201161,22.50497203492286,207,1361,0.09939732050027715,,
energy_level__q90,raw,cell=pb_gsm8k_q8,0.23228047623458986,0.05950941496709716,19.825902980055613,207,1361,0.2561704670620789,,
energy_level__q90,raw,cell=pb_math_q4,0.09069045217069757,0.024172880779884214,50.77899685978233,594,3772,0.0674683013308069,,
energy_level__q90,raw,cell=pb_math_q8,0.078446090300185,0.020965303935253234,58.70490381822422,594,3772,0.17769801970852772,,
energy_level__q90,raw,cell=pb_olympiadbench_q4,0.13108718276906062,0.03545208350014867,35.13059086868263,661,5161,0.035546438955773245,,
energy_level__q90,raw,cell=pb_olympiadbench_q8,0.1110576187889371,0.030076789590481146,41.466494925846824,661,5161,0.12706717119572553,,
energy_level__q90,raw,cell=pb_omnimath_q4,0.10646974623007721,0.02991121770584677,43.25332170921576,759,4033,0.07465270223201917,,
energy_level__q90,raw,cell=pb_omnimath_q8,0.08927909837538923,0.023520807958832952,51.58172819605398,759,4033,0.23214750037923093,,
energy_level__q90,raw,steps_2_to_5,0.08368601701247722,0.022652576734461593,55.0291476448387,1312,5760,0.1421775331059087,"[0.07863122830890992, 0.1362274570196649]","[33.8050073512223, 58.566682538599835]"
energy_level__q90,raw,steps_6_to_10,0.07553603418497172,0.020274878479117787,60.966533862646365,2308,14512,0.11203048325308805,"[0.06727281262257234, 0.10900511411239433]","[42.2472855836813, 68.45514564442188]"
energy_level__q90,raw,steps_11_plus,0.07565981026424023,0.019464048358290523,60.86679532904769,822,8382,0.06986605878505571,"[0.07707717909734838, 0.1453066500627528]","[31.69276962891431, 59.747518525188475]"
energy_level__q90,answer_z,macro8_all,0.10506008429265654,0.027963167733445912,43.83368066943368,4442,28654,0.12551907512847332,"[0.09474591525208334, 0.1296490959761643]","[35.52026453647422, 48.60547469234385]"
energy_level__q90,answer_z,cell=pb_gsm8k_q4,0.23661031538806518,0.06649668733474329,19.463099816401243,207,1361,0.09244550901950713,,
energy_level__q90,answer_z,cell=pb_gsm8k_q8,0.17882191362509603,0.04830094583037845,25.752829128330042,207,1361,0.18357625507664282,,
energy_level__q90,answer_z,cell=pb_math_q4,0.1051068452719009,0.02773129448937583,43.81417950538785,594,3772,0.08289377759135524,,
energy_level__q90,answer_z,cell=pb_math_q8,0.07934424505432786,0.02056016819996099,58.04038065816724,594,3772,0.2279023858936264,,
energy_level__q90,answer_z,cell=pb_olympiadbench_q4,0.1740144317938651,0.04540113300334087,26.464300337131277,661,5161,0.050572578159640155,,
energy_level__q90,answer_z,cell=pb_olympiadbench_q8,0.17355407808543724,0.048343136493360445,26.53449712498866,661,5161,0.1909584038544069,,
energy_level__q90,answer_z,cell=pb_omnimath_q4,0.15544158915283812,0.041645501808156925,29.626370980163184,759,4033,0.0951631621198438,,
energy_level__q90,answer_z,cell=pb_omnimath_q8,0.15154132740706483,0.0407395889758627,30.388873218840498,759,4033,0.30975682243991143,,
energy_level__q90,answer_z,steps_2_to_5,0.09619108727830912,0.02612884700103421,47.8752274902973,1312,5760,0.15417356653146913,"[0.08995766006776955, 0.14932491603931547]","[30.839931527405685, 51.19264087703915]"
energy_level__q90,answer_z,steps_6_to_10,0.12669965295082436,0.03438441599007245,36.347141280453904,2308,14512,0.1441539827096419,"[0.1141573922909788, 0.1651363460453004]","[27.88707814041614, 40.34053418327787]"
energy_level__q90,answer_z,steps_11_plus,0.11701963579275292,0.02996741878854604,39.35382429444625,822,8382,0.10496413064917529,"[0.10954984497148021, 0.19472456605725952]","[23.64966208030436, 42.037213171657015]"
energy_level__first_token,raw,macro8_all,0.036386958313205216,0.009422998801148677,126.56100975378385,4442,28654,0.2326868447493945,"[0.03333965996402784, 0.05354378688729749]","[86.00755482015792, 138.12888886559992]"
energy_level__first_token,raw,cell=pb_gsm8k_q4,0.13540285047939166,0.03492448398361794,34.010880640130985,207,1361,0.34368814238216694,,
energy_level__first_token,raw,cell=pb_gsm8k_q8,0.14707122587851168,0.03838553144572823,31.31251649314596,207,1361,0.4502059590667982,,
energy_level__first_token,raw,cell=pb_math_q4,0.06429151121081705,0.015910664948427994,71.62952152248167,594,3772,0.2121365143297667,,
energy_level__first_token,raw,cell=pb_math_q8,0.062124397706012593,0.015582833162684861,74.12820656677995,594,3772,0.3135251914957086,,
energy_level__first_token,raw,cell=pb_olympiadbench_q4,0.10945153731825395,0.03116329877820739,42.074970336849326,661,5161,0.13830326432961076,,
energy_level__first_token,raw,cell=pb_olympiadbench_q8,0.07825114417304953,0.020570343608973626,58.851154633648896,661,5161,0.23248529996561923,,
energy_level__first_token,raw,cell=pb_omnimath_q4,0.07825618375549746,0.020532342718643577,58.84736470636521,759,4033,0.2473926990000997,,
energy_level__first_token,raw,cell=pb_omnimath_q8,0.08285880905486127,0.021709619033571905,55.578522531490684,759,4033,0.3734488469826327,,
energy_level__first_token,raw,steps_2_to_5,0.06731732633295967,0.01746135707567788,68.40987954884544,1312,5760,0.4110098911081643,"[0.06498714109619133, 0.11901262729066507]","[38.69480315513802, 70.86279082767629]"
energy_level__first_token,raw,steps_6_to_10,0.06436669149265689,0.0170842129201062,71.54585825672679,2308,14512,0.26617478108861514,"[0.05979678463449393, 0.09511785257142799]","[48.41541373665765, 77.01367580442758]"
energy_level__first_token,raw,steps_11_plus,0.05212304089218944,0.013413576588869517,88.35190938904276,822,8382,0.1401068274032943,"[0.058299513394793744, 0.114437923185642]","[40.24164418396123, 78.9915715900185]"
energy_level__first_token,answer_z,macro8_all,0.05215593602225349,0.013772942397417354,88.296185194015,4442,28654,0.31657939103896704,"[0.046617719673941765, 0.07322753868701878]","[62.88850162875215, 98.78583118603882]"
energy_level__first_token,answer_z,cell=pb_gsm8k_q4,0.17445010440166558,0.04469568521947859,26.39820825434899,207,1361,0.3507366261813023,,
energy_level__first_token,answer_z,cell=pb_gsm8k_q8,0.1569054521334216,0.045231332892085446,29.349969190823092,207,1361,0.393784015157272,,
energy_level__first_token,answer_z,cell=pb_math_q4,0.062361117167775634,0.015982489362891854,73.84681986370441,594,3772,0.29986845887400815,,
energy_level__first_token,answer_z,cell=pb_math_q8,0.0687099541775548,0.017946167005062394,67.02333368012118,594,3772,0.3483208939644663,,
energy_level__first_token,answer_z,cell=pb_olympiadbench_q4,0.09632225135710806,0.027426931455583118,47.81003476460224,661,5161,0.22385858638065068,,
energy_level__first_token,answer_z,cell=pb_olympiadbench_q8,0.08203091306112474,0.022361270283214937,56.139448095092916,661,5161,0.29341360719796705,,
energy_level__first_token,answer_z,cell=pb_omnimath_q4,0.1216886674460876,0.03159658872515486,37.84387061373933,759,4033,0.3731852524607542,,
energy_level__first_token,answer_z,cell=pb_omnimath_q8,0.09109868303738375,0.024387846712259496,50.55144632659826,759,4033,0.44887030643185555,,
energy_level__first_token,answer_z,steps_2_to_5,0.08169679898351925,0.021274479115127972,56.36904068808248,1312,5760,0.543283473407108,"[0.08026219673955906, 0.13802690304365114]","[33.364294093678986, 57.376577929100314]"
energy_level__first_token,answer_z,steps_6_to_10,0.08326835208174126,0.022909845966866998,55.30516782015066,2308,14512,0.36938758683326134,"[0.07683647803872307, 0.11825000030825764]","[38.94435665102069, 59.93468601810766]"
energy_level__first_token,answer_z,steps_11_plus,0.0666266863930462,0.017646094030326326,69.1190037400499,822,8382,0.21068279318039132,"[0.07091132360254206, 0.1334182797856613]","[34.51678580616071, 64.94266292080611]"
energy_level__boxcar8_max,raw,macro8_all,0.13470180745381938,0.0357339320499687,34.18788710438729,4442,28654,0.059533927937002795,"[0.12016540492620054, 0.16244619724210208]","[28.348894982901726, 38.323593956316735]"
energy_level__boxcar8_max,raw,cell=pb_gsm8k_q4,0.31561188566793474,0.08389003930233818,14.591244484478437,207,1361,0.07453829213041961,,
energy_level__boxcar8_max,raw,cell=pb_gsm8k_q8,0.3216564910667559,0.08440668571127034,14.317044156998978,207,1361,0.1765222863355276,,
energy_level__boxcar8_max,raw,cell=pb_math_q4,0.15521592101988102,0.04241885068306452,29.669444704697742,594,3772,0.055975458587049456,,
energy_level__boxcar8_max,raw,cell=pb_math_q8,0.10623074619229199,0.027243285165687754,43.350633889477834,594,3772,0.12526400575581628,,
energy_level__boxcar8_max,raw,cell=pb_olympiadbench_q4,0.21186998744970248,0.05709195976374259,21.735830739506465,661,5161,0.021682245781060556,,
energy_level__boxcar8_max,raw,cell=pb_olympiadbench_q8,0.17598356281147318,0.04917657578371126,26.168183621339093,661,5161,0.07508923348389582,,
energy_level__boxcar8_max,raw,cell=pb_omnimath_q4,0.1659000116041789,0.04701908089830245,27.758709245756865,759,4033,0.048295134861483145,,
energy_level__boxcar8_max,raw,cell=pb_omnimath_q8,0.1502250784319562,0.04110408866242623,30.655135840544652,759,4033,0.16631837591823714,,
energy_level__boxcar8_max,raw,steps_2_to_5,0.15168038093555172,0.040500118408992127,30.36101411127657,1312,5760,0.0751606655841197,"[0.13606504161469204, 0.2178755145719971]","[21.13670365866794, 33.845359038135435]"
energy_level__boxcar8_max,raw,steps_6_to_10,0.15639205372528886,0.040941961090582846,29.44631825142039,2308,14512,0.08228239545760786,"[0.14016220633680165, 0.2035219128501965]","[22.62739240947364, 32.856005240971555]"
energy_level__boxcar8_max,raw,steps_11_plus,0.12862694621776555,0.03320913143578352,35.80253066252179,822,8382,0.049840608761647004,"[0.11750513149005588, 0.2116036182831482]","[21.763192063312847, 39.19122618383533]"
energy_level__boxcar8_max,answer_z,macro8_all,0.16554331196628264,0.04316381925041018,27.818521517354075,4442,28654,0.06532097092878998,"[0.15186886645528214, 0.1955952353359637]","[23.54438837979888, 30.323332842838372]"
energy_level__boxcar8_max,answer_z,cell=pb_gsm8k_q4,0.3173899653178309,0.08410797229337254,14.509501525596512,207,1361,0.04894044716459291,,
energy_level__boxcar8_max,answer_z,cell=pb_gsm8k_q8,0.2990981952415872,0.08232309490798537,15.396850463334992,207,1361,0.10963755366701532,,
energy_level__boxcar8_max,answer_z,cell=pb_math_q4,0.15053278078660656,0.03807696060081887,30.592474024088645,594,3772,0.03789523283739935,,
energy_level__boxcar8_max,answer_z,cell=pb_math_q8,0.10046570089473775,0.026335453645223283,45.8382327996012,594,3772,0.14476605098638173,,
energy_level__boxcar8_max,answer_z,cell=pb_olympiadbench_q4,0.2330260657887908,0.06143033026635711,19.76246807583366,661,5161,0.02118718147678903,,
energy_level__boxcar8_max,answer_z,cell=pb_olympiadbench_q8,0.22162370150024785,0.0581186442818587,20.779231439661437,661,5161,0.11768460750276062,,
energy_level__boxcar8_max,answer_z,cell=pb_omnimath_q4,0.2060563041794371,0.05673685462234421,22.349086597116855,759,4033,0.05404996532675643,,
energy_level__boxcar8_max,answer_z,cell=pb_omnimath_q8,0.22699375559459062,0.0619875743472436,20.287651411049808,759,4033,0.23675701665913731,,
energy_level__boxcar8_max,answer_z,steps_2_to_5,0.15240206962606345,0.040175113015402365,30.217241782132113,1312,5760,0.0476721858195035,"[0.1358392268940158, 0.21633659102004257]","[21.28706089096802, 33.90162246418796]"
energy_level__boxcar8_max,answer_z,steps_6_to_10,0.18205737320994067,0.04741407877410496,25.295158909480744,2308,14512,0.07859117901315707,"[0.16349848272472475, 0.23050364583828284]","[19.978730354742396, 28.166439891320678]"
energy_level__boxcar8_max,answer_z,steps_11_plus,0.17833714308441218,0.048212492196416566,25.822832564993657,822,8382,0.07071133631746196,"[0.16654322696781995, 0.262184167671982]","[17.564638730396602, 27.65150087357151]"
energy_level__page_wmax,raw,macro8_all,0.12309260457646563,0.03064687109289571,37.412240985829015,4442,28654,0.18885108925052707,"[0.10935341065938482, 0.15111304712328996]","[30.475000495693997, 42.112725686557006]"
energy_level__page_wmax,raw,cell=pb_gsm8k_q4,0.27364939913293096,0.07399734222941344,16.828723909424824,207,1361,0.15103533014947448,,
energy_level__page_wmax,raw,cell=pb_gsm8k_q8,0.28936371925323656,0.07042113309199319,15.91481543668534,207,1361,0.3258472250032039,,
energy_level__page_wmax,raw,cell=pb_math_q4,0.13430175544269748,0.034678368951506874,34.28972444037025,594,3772,0.14034242198061647,,
energy_level__page_wmax,raw,cell=pb_math_q8,0.1314360266832439,0.0324061028480783,35.0373508861949,594,3772,0.26059905823775736,,
energy_level__page_wmax,raw,cell=pb_olympiadbench_q4,0.24143942381902198,0.06318322014433932,19.07381202764977,661,5161,0.12086871689710163,,
energy_level__page_wmax,raw,cell=pb_olympiadbench_q8,0.17522692495642941,0.04339503547349883,26.28117903189352,661,5161,0.2373488387175,,
energy_level__page_wmax,raw,cell=pb_omnimath_q4,0.15752053391005516,0.04153762514590551,29.235364251734076,759,4033,0.145733341338682,,
energy_level__page_wmax,raw,cell=pb_omnimath_q8,0.12306122508562543,0.03256651631035627,37.421780766312345,759,4033,0.32213965402507905,,
energy_level__page_wmax,raw,steps_2_to_5,0.16546445827834894,0.04199140252867594,27.831778702838683,1312,5760,0.1928406422292267,"[0.1461694173294371, 0.23621383495463863]","[19.495768259604468, 31.50570256163055]"
energy_level__page_wmax,raw,steps_6_to_10,0.14601929435657338,0.03580532347855631,31.538093690156092,2308,14512,0.2142872802634386,"[0.1287047470313953, 0.1921482989851417]","[23.966749694433656, 35.780888368202454]"
energy_level__page_wmax,raw,steps_11_plus,0.1152795231498053,0.027689260198109113,39.9478594303664,822,8382,0.16136929298835412,"[0.10367962163927588, 0.1986817364803135]","[23.178628632755068, 44.417312806276314]"
energy_level__page_wmax,answer_z,macro8_all,0.1044673711391436,0.02682537739996883,44.08237840937254,4442,28654,0.1236613595935233,"[0.09302662295282946, 0.13047600255672445]","[35.29515079974951, 49.50378762349798]"
energy_level__page_wmax,answer_z,cell=pb_gsm8k_q4,0.26994636634355573,0.07485339421493327,17.059574642050105,207,1361,0.05807393437529261,,
energy_level__page_wmax,answer_z,cell=pb_gsm8k_q8,0.23653907912895195,0.06520544474790665,19.46896133588789,207,1361,0.1231755453698404,,
energy_level__page_wmax,answer_z,cell=pb_math_q4,0.10704429011510544,0.027291727992558423,43.02116610831013,594,3772,0.08540691473925967,,
energy_level__page_wmax,answer_z,cell=pb_math_q8,0.08498755084702739,0.02179479719706063,54.186408951554895,594,3772,0.19576831823314683,,
energy_level__page_wmax,answer_z,cell=pb_olympiadbench_q4,0.18883895257026523,0.04887678777451131,24.386759846459913,661,5161,0.06392126335560677,,
energy_level__page_wmax,answer_z,cell=pb_olympiadbench_q8,0.1336446065919507,0.03376616930164467,34.458331715912706,661,5161,0.18839831077857153,,
energy_level__page_wmax,answer_z,cell=pb_omnimath_q4,0.16007374918003786,0.04224304846504505,28.769053074458654,759,4033,0.1321326194549855,,
energy_level__page_wmax,answer_z,cell=pb_omnimath_q8,0.1389511666935265,0.03679076613654497,33.142364296554256,759,4033,0.30140548661031485,,
energy_level__page_wmax,answer_z,steps_2_to_5,0.10750756901360888,0.027458104968604926,42.835776385243584,1312,5760,0.12135379942362415,"[0.09652760222697748, 0.16676129928166303]","[27.615341244192823, 47.70832466302619]"
energy_level__page_wmax,answer_z,steps_6_to_10,0.1299257787781593,0.035004822510229835,35.444622532154696,2308,14512,0.14303006204684704,"[0.11685650541499859, 0.1695210386427569]","[27.16577377568384, 39.408761794078224]"
energy_level__page_wmax,answer_z,steps_11_plus,0.10429265411568164,0.027686548713828592,44.15622773277998,822,8382,0.11091244708442083,"[0.10177200181903388, 0.18157105197364162]","[25.36290964848635, 45.249873282209634]"
energy_innovation__top5,raw,macro8_all,0.014820488546370303,0.0037697706224771575,310.7299851539609,4442,28654,0.05402999311339951,"[0.015029990681710409, 0.02821192330578682]","[163.23488959164584, 306.3987385961589]"
energy_innovation__top5,raw,cell=pb_gsm8k_q4,0.15154867859150337,0.04113335274048108,30.387399143223426,207,1361,0.06976773613554499,,
energy_innovation__top5,raw,cell=pb_gsm8k_q8,0.15456858237843077,0.040540837877911726,29.793701379192562,207,1361,0.11432299159651202,,
energy_innovation__top5,raw,cell=pb_math_q4,0.05799528985797538,0.014626038534956438,79.40593446925931,594,3772,0.08523625107773085,,
energy_innovation__top5,raw,cell=pb_math_q8,0.06400097239476502,0.01714766975315608,71.95469090036472,594,3772,0.0857535781625219,,
energy_innovation__top5,raw,cell=pb_olympiadbench_q4,0.0510450963191599,0.013224932465729885,90.21768040546395,661,5161,0.0698662630702716,,
energy_innovation__top5,raw,cell=pb_olympiadbench_q8,0.052291547570935126,0.013797599421132163,88.06720014818903,661,5161,0.06449697933544928,,
energy_innovation__top5,raw,cell=pb_omnimath_q4,0.06799068409908708,0.017352860733431792,67.7323702064343,759,4033,0.06647013873861332,,
energy_innovation__top5,raw,cell=pb_omnimath_q8,0.039626733473911206,0.010212967164149699,116.21372195666765,759,4033,0.08477728277822577,,
energy_innovation__top5,raw,steps_2_to_5,0.05371553821443854,0.014126861445311573,85.7325522384925,1312,5760,0.0810603427308737,"[0.054061718400698955, 0.10184628901316507]","[45.21686779763579, 85.18357022718227]"
energy_innovation__top5,raw,steps_6_to_10,0.017011060824142794,0.0042901883701164855,270.7162259658872,2308,14512,0.044030368828178526,"[0.019920911718846662, 0.039422165447116665]","[116.81677385697527, 231.17266172266898]"
energy_innovation__top5,raw,steps_11_plus,0.036489549486389175,0.00946456000094361,126.20518068346797,822,8382,0.05176446798820579,"[0.04764601696273284, 0.09448909993860485]","[48.73758125519603, 96.65383340626575]"
energy_innovation__top5,answer_z,macro8_all,0.023829919963829823,0.006310845288843474,193.251601053551,4442,28654,0.10821484122341528,"[0.022484519717595144, 0.039381168257289004]","[116.93838425262378, 204.81514587942652]"
energy_innovation__top5,answer_z,cell=pb_gsm8k_q4,0.14581028924919498,0.038030761403587576,31.583300531814267,207,1361,0.09131335537986174,,
energy_innovation__top5,answer_z,cell=pb_gsm8k_q8,0.14590035296921966,0.04162951368739473,31.563804283322305,207,1361,0.10123526954599732,,
energy_innovation__top5,answer_z,cell=pb_math_q4,0.08020674987912892,0.02201618861263742,57.4162423103798,594,3772,0.11642889945349069,,
energy_innovation__top5,answer_z,cell=pb_math_q8,0.05198005355974815,0.013271563951795282,88.59494884311167,594,3772,0.15086182787343344,,
energy_innovation__top5,answer_z,cell=pb_olympiadbench_q4,0.05635962456794043,0.014299576867026775,81.7104482382889,661,5161,0.11604749442020773,,
energy_innovation__top5,answer_z,cell=pb_olympiadbench_q8,0.0728690098664253,0.01936947528687153,63.19792452826977,661,5161,0.12281091865135596,,
energy_innovation__top5,answer_z,cell=pb_omnimath_q4,0.044369157488025564,0.011515581024814328,103.79214857146981,759,4033,0.1237414050567867,,
energy_innovation__top5,answer_z,cell=pb_omnimath_q8,0.056981588629714745,0.014621943739437804,80.81856432459288,759,4033,0.14337773322971992,,
energy_innovation__top5,answer_z,steps_2_to_5,0.02685816359148786,0.007019431802685632,171.46258605140096,1312,5760,0.1548388995186747,"[0.034982885730928524, 0.06926218421233757]","[66.48895408596975, 131.64066056210567]"
energy_innovation__top5,answer_z,steps_6_to_10,0.028192299252894407,0.0074496913475293955,163.34851388594333,2308,14512,0.10856951202334633,"[0.028897295289668175, 0.05408687364391258]","[85.1439522333419, 159.36336393512255]"
energy_innovation__top5,answer_z,steps_11_plus,0.0543347020056351,0.013953333038116527,84.75559846652854,822,8382,0.10388591208775277,"[0.060023411212348055, 0.11895574419832561]","[38.71330650758867, 76.72290016467296]"
energy_innovation__top10,raw,macro8_all,0.020782374738111696,0.005455866115651878,221.5901812964095,4442,28654,0.05120242344682933,"[0.018859394222587547, 0.035621918142328166]","[129.27911876019792, 244.1844171470028]"
energy_innovation__top10,raw,cell=pb_gsm8k_q4,0.15207651367518482,0.04186790509473037,30.281928975726796,207,1361,0.07453823518655987,,
energy_innovation__top10,raw,cell=pb_gsm8k_q8,0.15926059553198058,0.04253729125872229,28.91594226811329,207,1361,0.0824827142026107,,
energy_innovation__top10,raw,cell=pb_math_q4,0.07291768212258024,0.019153668602825365,63.1557401707647,594,3772,0.07375209632521973,,
energy_innovation__top10,raw,cell=pb_math_q8,0.07205395486324145,0.019264630913042168,63.91280249264199,594,3772,0.0896950338481928,,
energy_innovation__top10,raw,cell=pb_olympiadbench_q4,0.04736547028984642,0.012057879148254624,97.22631608653714,661,5161,0.06227345185421548,,
energy_innovation__top10,raw,cell=pb_olympiadbench_q8,0.056773081874419734,0.014786134738616088,81.11538133819444,661,5161,0.07049541263789715,,
energy_innovation__top10,raw,cell=pb_omnimath_q4,0.06462804208904295,0.017206590867185557,71.25653256899227,759,4033,0.06368951749887417,,
energy_innovation__top10,raw,cell=pb_omnimath_q8,0.058272461021313296,0.01563477330353841,79.028242591363,759,4033,0.0839549626817494,,
energy_innovation__top10,raw,steps_2_to_5,0.05058275791194815,0.013742997531215039,91.04229140697575,1312,5760,0.08483722580511738,"[0.0512400245629637, 0.09791731405142826]","[47.03121435264614, 89.87447264646141]"
energy_innovation__top10,raw,steps_6_to_10,0.023047956096077286,0.0059826149353257325,199.8081811155429,2308,14512,0.039200459511794836,"[0.02451337294196476, 0.04636985314355872]","[99.31388334853504, 187.86358763809451]"
energy_innovation__top10,raw,steps_11_plus,0.03756742761485538,0.009393016078864778,122.5841234912517,822,8382,0.05260774617061678,"[0.04737181337514329, 0.0966078178998615]","[47.6687113537909, 97.21329748386822]"
energy_innovation__top10,answer_z,macro8_all,0.025105649805880842,0.006694423711280242,183.43162680893283,4442,28654,0.11132985043219952,"[0.023895430954640265, 0.040704223770235054]","[113.13740342975464, 192.72178830881523]"
energy_innovation__top10,answer_z,cell=pb_gsm8k_q4,0.12204046579942084,0.03259562569927421,37.73478047483777,207,1361,0.08895409298437669,,
energy_innovation__top10,answer_z,cell=pb_gsm8k_q8,0.14436776972969745,0.03821521893497826,31.89888016286766,207,1361,0.10378454994199472,,
energy_innovation__top10,answer_z,cell=pb_math_q4,0.04860168661338893,0.013853019141414678,94.75329987250785,594,3772,0.12489237260395514,,
energy_innovation__top10,answer_z,cell=pb_math_q8,0.06129420676265855,0.015731970567239864,75.13222585325369,594,3772,0.1528882048524438,,
energy_innovation__top10,answer_z,cell=pb_olympiadbench_q4,0.05335719527412027,0.01412913959185292,86.30832565934604,661,5161,0.11354428145166504,,
energy_innovation__top10,answer_z,cell=pb_olympiadbench_q8,0.07704687677017641,0.02013404093356851,59.771017061793195,661,5161,0.12901540309934711,,
energy_innovation__top10,answer_z,cell=pb_omnimath_q4,0.049607625651540525,0.012633500814262571,92.83190085202318,759,4033,0.12458738589178375,,
energy_innovation__top10,answer_z,cell=pb_omnimath_q8,0.05778385629136071,0.015386643939001928,79.69648413161745,759,4033,0.15512645870268943,,
energy_innovation__top10,answer_z,steps_2_to_5,0.035756009686526105,0.009187917736911999,128.79429853503626,1312,5760,0.16740715394404354,"[0.04099835324719572, 0.08027376461734251]","[57.368309658086986, 112.32573557824752]"
energy_innovation__top10,answer_z,steps_6_to_10,0.03236251873488403,0.008604699436461872,142.29949849435272,2308,14512,0.11013080412548269,"[0.032784415152431676, 0.058404965233809364]","[78.84895004307371, 140.46827325045385]"
energy_innovation__top10,answer_z,steps_11_plus,0.05332805906861117,0.014017441176329632,86.35548089352251,822,8382,0.10798044220454572,"[0.060376043035747444, 0.12002133015006779]","[38.36959797254414, 76.2747930211568]"
energy_innovation__max,raw,macro8_all,0.0145005401324616,0.0036248552665689923,317.5861136150879,4442,28654,0.05040753016067988,"[0.01474269946819521, 0.0266954017308918]","[172.50799341442425, 312.3695355740609]"
energy_innovation__max,raw,cell=pb_gsm8k_q4,0.1591954197292156,0.041739230954232424,28.927780672467104,207,1361,0.08590402305381226,,
energy_innovation__max,raw,cell=pb_gsm8k_q8,0.14386473886323256,0.03664159150619247,32.01041632839632,207,1361,0.0988317858482382,,
energy_innovation__max,raw,cell=pb_math_q4,0.057023255729264186,0.014529378676215489,80.75950990684544,594,3772,0.08111446906119556,,
energy_innovation__max,raw,cell=pb_math_q8,0.053678011238027096,0.01365514305453008,85.79248894984494,594,3772,0.08732885004716676,,
energy_innovation__max,raw,cell=pb_olympiadbench_q4,0.0303438592652883,0.007582933377578344,151.7661331647472,661,5161,0.061163754891182934,,
energy_innovation__max,raw,cell=pb_olympiadbench_q8,0.052920357841667494,0.013490115006986566,87.0207680712649,661,5161,0.0568865253264906,,
energy_innovation__max,raw,cell=pb_omnimath_q4,0.05833523419396377,0.014505487472047787,78.94320215936686,759,4033,0.061693850164670175,,
energy_innovation__max,raw,cell=pb_omnimath_q8,0.044194029234085316,0.011269024379714731,104.20344706737635,759,4033,0.06799977444436422,,
energy_innovation__max,raw,steps_2_to_5,0.03312844551060447,0.008670796702606799,139.0095464791419,1312,5760,0.06027230665901216,"[0.03809427397878443, 0.07320723687805417]","[62.90594184915365, 120.88877684223135]"
energy_innovation__max,raw,steps_6_to_10,0.014741990119165077,0.0036856338166753938,312.38456604317065,2308,14512,0.047368791480073426,"[0.017826326715098907, 0.03616136036373121]","[127.35057917253974, 258.3353407344156]"
energy_innovation__max,raw,steps_11_plus,0.03971872961484921,0.009985858752161104,115.94454884746382,822,8382,0.0521445545455918,"[0.04773170356096058, 0.09589186470380433]","[48.02461814891989, 96.48032319036331]"
energy_innovation__max,answer_z,macro8_all,0.014659301144224594,0.0037861169736043126,314.14663909830495,4442,28654,0.07569969639507962,"[0.014790101357053652, 0.027490616188100607]","[167.51789608780953, 311.36839936474183]"
energy_innovation__max,answer_z,cell=pb_gsm8k_q4,0.11706483805989275,0.03213916766114219,39.33862859513796,207,1361,0.08094677147527946,,
energy_innovation__max,answer_z,cell=pb_gsm8k_q8,0.14132674678659823,0.03736363976439374,32.58526988484243,207,1361,0.12020645483143219,,
energy_innovation__max,answer_z,cell=pb_math_q4,0.06054244653498518,0.015892893573786645,76.06514849588939,594,3772,0.08446041704755705,,
energy_innovation__max,answer_z,cell=pb_math_q8,0.03686946694059079,0.009627300498572971,124.9047129813019,594,3772,0.10031722442533571,,
energy_innovation__max,answer_z,cell=pb_olympiadbench_q4,0.053236199199488646,0.013398538005585405,86.5044885855098,661,5161,0.09384524659559362,,
energy_innovation__max,answer_z,cell=pb_olympiadbench_q8,0.05472262983881597,0.014331526631276351,84.15476740705803,661,5161,0.08717552507884112,,
energy_innovation__max,answer_z,cell=pb_omnimath_q4,0.03604404071410809,0.009241805279655813,127.76509222467864,759,4033,0.10111532879557214,,
energy_innovation__max,answer_z,cell=pb_omnimath_q8,0.05576150854309521,0.013850595942366668,82.58690100589715,759,4033,0.10447316015889693,,
energy_innovation__max,answer_z,steps_2_to_5,0.02388916158732358,0.006098860905453843,192.7723653739173,1312,5760,0.1050249290969336,"[0.03172354034060804, 0.062479247983193965]","[73.70719614337897, 145.16570775340597]"
energy_innovation__max,answer_z,steps_6_to_10,0.022917083061723492,0.005839054917914696,200.94922960242383,2308,14512,0.08010640090318882,"[0.02503629911480621, 0.046568301907467115]","[98.89066161653757, 183.93973345943297]"
energy_innovation__max,answer_z,steps_11_plus,0.04620387589294716,0.011336674178441222,99.67064660675044,822,8382,0.07341652591558911,"[0.052575508696283545, 0.10707163760845372]","[43.0101779411329, 87.5915478553158]"
energy_innovation__mean,raw,macro8_all,0.10892033287304625,0.029817845277676024,42.280169960146175,4442,28654,0.02044605326130094,"[0.09775760569822352, 0.13394463488940864]","[34.38114702981832, 47.10805009079491]"
energy_innovation__mean,raw,cell=pb_gsm8k_q4,0.19056777860515553,0.05454302711263525,24.165523782116992,207,1361,0.07890000726981036,,
energy_innovation__mean,raw,cell=pb_gsm8k_q8,0.17060774111502336,0.04539344015671881,26.992738757869706,207,1361,0.10322212917782661,,
energy_innovation__mean,raw,cell=pb_math_q4,0.11289346286920965,0.029660263812523624,40.79217758891243,594,3772,0.05803138823362844,,
energy_innovation__mean,raw,cell=pb_math_q8,0.10966978629833196,0.028951332129964466,41.991238803554914,594,3772,0.04944298302971693,,
energy_innovation__mean,raw,cell=pb_olympiadbench_q4,0.17588299402208601,0.0481153359817402,26.18314642409266,661,5161,0.02221828873572612,,
energy_innovation__mean,raw,cell=pb_olympiadbench_q8,0.15855276051560338,0.04510621694637532,29.045033154972355,661,5161,0.021140660213638807,,
energy_innovation__mean,raw,cell=pb_omnimath_q4,0.15898561305705333,0.04555845434083247,28.965955456205258,759,4033,0.025011367874327676,,
energy_innovation__mean,raw,cell=pb_omnimath_q8,0.1553595157735213,0.045080719453500374,29.64202200978393,759,4033,0.03536050686783451,,
energy_innovation__mean,raw,steps_2_to_5,0.10071530287280225,0.027642779390640332,45.72463225180549,1312,5760,0.03471534954657301,"[0.09315007086613328, 0.15752390292558693]","[29.2347389853814, 49.43818231342217]"
energy_innovation__mean,raw,steps_6_to_10,0.11884538141500714,0.03206618325942802,38.74925664891321,2308,14512,0.01614341447877754,"[0.1057170230701107, 0.15880204908965795]","[28.999438057553412, 43.56129270622744]"
energy_innovation__mean,raw,steps_11_plus,0.1807706744916246,0.048520232969146385,25.475206080516433,822,8382,0.03666303980560873,"[0.16389429982825382, 0.27283980964227517]","[16.878659283724055, 28.09841581320331]"
energy_innovation__mean,answer_z,macro8_all,0.11991649824821067,0.03214966636785399,38.40314096277247,4442,28654,0.021247892113643925,"[0.10687860082350029, 0.14762662634225213]","[31.194712634776568, 43.08785996921018]"
energy_innovation__mean,answer_z,cell=pb_gsm8k_q4,0.15201084525308087,0.04186009884693628,30.295010716643304,207,1361,0.06151080346278352,,
energy_innovation__mean,answer_z,cell=pb_gsm8k_q8,0.17357248304355194,0.04916676221707795,26.53168350903055,207,1361,0.0874544157842008,,
energy_innovation__mean,answer_z,cell=pb_math_q4,0.10540982190298608,0.02786754594299949,43.688245581388614,594,3772,0.04849582855119436,,
energy_innovation__mean,answer_z,cell=pb_math_q8,0.09989839734111272,0.026470430050750803,46.09853920141775,594,3772,0.05832086763376826,,
energy_innovation__mean,answer_z,cell=pb_olympiadbench_q4,0.18748812275021773,0.04928815081502502,24.562463576017343,661,5161,0.021769274993959222,,
energy_innovation__mean,answer_z,cell=pb_olympiadbench_q8,0.1799484440808063,0.04895781217875607,25.591608805020446,661,5161,0.029591782767477176,,
energy_innovation__mean,answer_z,cell=pb_omnimath_q4,0.16643197661918924,0.04552505347268718,27.669984335553014,759,4033,0.03356340065359906,,
energy_innovation__mean,answer_z,cell=pb_omnimath_q8,0.16314186827193128,0.04390604863414863,28.228009368582278,759,4033,0.04526222110552937,,
energy_innovation__mean,answer_z,steps_2_to_5,0.10405924787282261,0.02912286412305075,44.255270724389256,1312,5760,0.028851149721376763,"[0.09863105652619733, 0.16001419241527406]","[28.77976082294378, 46.69087352587484]"
energy_innovation__mean,answer_z,steps_6_to_10,0.12654989806857464,0.034448564416399256,36.39015326185921,2308,14512,0.020456800880157826,"[0.11227919176904799, 0.1665002439248986]","[27.658639275419286, 41.0153485559521]"
energy_innovation__mean,answer_z,steps_11_plus,0.20426867498867918,0.05515664613705134,22.544671552029776,822,8382,0.039304444471226094,"[0.18612084511581442, 0.3019739391273988]","[15.250223907716856, 24.742903908063102]"
energy_innovation__log_top5,raw,macro8_all,0.041667869039098145,0.011131909372804944,110.52089516905532,4442,28654,0.047168366101233594,"[0.036555239480220145, 0.06007488076026848]","[76.65716731698946, 125.97838918494642]"
energy_innovation__log_top5,raw,cell=pb_gsm8k_q4,0.18247624981474037,0.049563469648550816,25.237093543206342,207,1361,0.06086972193927132,,
energy_innovation__log_top5,raw,cell=pb_gsm8k_q8,0.1701223353401848,0.04599988407605604,27.06975645954643,207,1361,0.103200738286361,,
energy_innovation__log_top5,raw,cell=pb_math_q4,0.09221451341521353,0.0234983286824423,49.93975476780352,594,3772,0.052285473026999624,,
energy_innovation__log_top5,raw,cell=pb_math_q8,0.08036036668675638,0.020073345761536104,57.30648547111517,594,3772,0.06264447178847916,,
energy_innovation__log_top5,raw,cell=pb_olympiadbench_q4,0.06377813219616435,0.016237919108279663,72.20609991875945,661,5161,0.0782431635898719,,
energy_innovation__log_top5,raw,cell=pb_olympiadbench_q8,0.05123214877557579,0.01369920986835807,89.88828881960818,661,5161,0.07022926738851124,,
energy_innovation__log_top5,raw,cell=pb_omnimath_q4,0.08460544237646961,0.02173211708492083,54.43113417570024,759,4033,0.05159087166285133,,
energy_innovation__log_top5,raw,cell=pb_omnimath_q8,0.056825224512615916,0.015976146687881623,81.04095013237803,759,4033,0.06054155130185925,,
energy_innovation__log_top5,raw,steps_2_to_5,0.055841109695833176,0.015152896022306444,82.46917389486846,1312,5760,0.06152123369192767,"[0.05504860431318169, 0.10176244035549999]","[45.25412490011296, 83.65643858631596]"
energy_innovation__log_top5,raw,steps_6_to_10,0.041021689605394686,0.01096120771415308,112.26183587968241,2308,14512,0.03410748937210704,"[0.03869037705320079, 0.07068613559860952]","[65.14955368530121, 119.02624209776508]"
energy_innovation__log_top5,raw,steps_11_plus,0.04262222584129395,0.011941981869978973,108.04621521024453,822,8382,0.05404129701080604,"[0.051838172094306516, 0.09950089000596378]","[46.2827034583517, 88.83743388193054]"
energy_innovation__log_top5,answer_z,macro8_all,0.02087963034492743,0.005577396354501094,220.55803239384878,4442,28654,0.10315288578561062,"[0.01977000812834356, 0.035194826358195576]","[130.8479302929056, 232.9371923416573]"
energy_innovation__log_top5,answer_z,cell=pb_gsm8k_q4,0.15174131330338586,0.03921035982101228,30.348822517310683,207,1361,0.09800856433956101,,
energy_innovation__log_top5,answer_z,cell=pb_gsm8k_q8,0.16309514480185314,0.044608641832950054,28.236096124032297,207,1361,0.11058145091896514,,
energy_innovation__log_top5,answer_z,cell=pb_math_q4,0.08125760020840792,0.020653280922398962,56.67371635609273,594,3772,0.07983859011209113,,
energy_innovation__log_top5,answer_z,cell=pb_math_q8,0.04017222474883491,0.010228405898969622,114.63567713216213,594,3772,0.13181471172661618,,
energy_innovation__log_top5,answer_z,cell=pb_olympiadbench_q4,0.05115074305399399,0.013401796122915604,90.03134482576216,661,5161,0.12237290025193262,,
energy_innovation__log_top5,answer_z,cell=pb_olympiadbench_q8,0.052484456966273275,0.01341324289908568,87.74350449976824,661,5161,0.14522124368987094,,
energy_innovation__log_top5,answer_z,cell=pb_omnimath_q4,0.04560725183526156,0.011933686152194053,100.97451612788413,759,4033,0.11526208482567049,,
energy_innovation__log_top5,answer_z,cell=pb_omnimath_q8,0.04644806614909142,0.011989554239403538,99.14665060986988,759,4033,0.1337714326091744,,
energy_innovation__log_top5,answer_z,steps_2_to_5,0.0424087317922744,0.010865093463500348,108.59014149597881,1312,5760,0.15144334153747024,"[0.04656343068126057, 0.08561717160412619]","[53.787927114449936, 98.90100704803609]"
energy_innovation__log_top5,answer_z,steps_6_to_10,0.03038828922167228,0.00819641032578605,151.5442397034902,2308,14512,0.11165830981623892,"[0.03089588995729029, 0.05606021717414237]","[82.14684883725735, 149.0544597470461]"
energy_innovation__log_top5,answer_z,steps_11_plus,0.03829226884408535,0.009662929224642935,120.26370661761949,822,8382,0.08970689244543081,"[0.04840375463505182, 0.09571948634038022]","[48.11110424905566, 95.14076378391596]"
energy_innovation__cusum_top5,raw,macro8_all,0.096855765175059,0.028326805187676916,47.5466811672451,4442,28654,0.02715926302596655,"[0.08670713357471267, 0.12030840033448605]","[38.27804353797923, 53.11177980552164]"
energy_innovation__cusum_top5,raw,cell=pb_gsm8k_q4,0.27877621167825006,0.07493710132244946,16.519236552734117,207,1361,0.14543730202208982,,
energy_innovation__cusum_top5,raw,cell=pb_gsm8k_q8,0.30470896829174593,0.08364123570104896,15.113339826541752,207,1361,0.11486085424449693,,
energy_innovation__cusum_top5,raw,cell=pb_math_q4,0.15169091134129836,0.04157526724136682,30.35890644513729,594,3772,0.07903032537321311,,
energy_innovation__cusum_top5,raw,cell=pb_math_q8,0.1489263907485684,0.042011372914085,30.9224588257361,594,3772,0.04733782605693366,,
energy_innovation__cusum_top5,raw,cell=pb_olympiadbench_q4,0.13025182661413004,0.0370785500810749,35.35589715475446,661,5161,0.046963420384695156,,
energy_innovation__cusum_top5,raw,cell=pb_olympiadbench_q8,0.10610545821697775,0.02844393285704473,43.40182176651895,661,5161,0.05601658046212698,,
energy_innovation__cusum_top5,raw,cell=pb_omnimath_q4,0.12042215948120054,0.0357520881439902,38.24188343597192,759,4033,0.03326962228792177,,
energy_innovation__cusum_top5,raw,cell=pb_omnimath_q8,0.10530322442646292,0.030030658695918002,43.732470786818595,759,4033,0.029331801895632524,,
energy_innovation__cusum_top5,raw,steps_2_to_5,0.15644562112193308,0.04496310505228125,29.436235753756513,1312,5760,0.016202157595144956,"[0.14446420981875888, 0.21910214712541276]","[21.018370866772564, 31.87758540171037]"
energy_innovation__cusum_top5,raw,steps_6_to_10,0.1649031035690874,0.04873235442741309,27.926522220115285,2308,14512,0.02817152012633604,"[0.1498363630499422, 0.20686874720513845]","[22.261314230425732, 30.734663417138172]"
energy_innovation__cusum_top5,raw,steps_11_plus,0.10253779066445684,0.026592564692742304,44.911931066059175,822,8382,0.03626787971301799,"[0.09232645368932567, 0.1776112051197769]","[25.928376438200907, 49.87920581769858]"
energy_innovation__cusum_top5,answer_z,macro8_all,0.07415590696690624,0.01953648320917985,62.101191588732824,4442,28654,0.026248926659305522,"[0.06734172839279721, 0.09675366437346716]","[47.59685553833113, 68.38509043199217]"
energy_innovation__cusum_top5,answer_z,cell=pb_gsm8k_q4,0.2234802492467889,0.06029847166920844,20.60660931562954,207,1361,0.09979938930369239,,
energy_innovation__cusum_top5,answer_z,cell=pb_gsm8k_q8,0.24682941702733846,0.06411463268931591,18.657298799510716,207,1361,0.08547632797221627,,
energy_innovation__cusum_top5,answer_z,cell=pb_math_q4,0.1242680801898916,0.033074927561953966,37.05835142017984,594,3772,0.030021065440912854,,
energy_innovation__cusum_top5,answer_z,cell=pb_math_q8,0.10411661200594581,0.027631330859756588,44.23088782148523,594,3772,0.06316672901135087,,
energy_innovation__cusum_top5,answer_z,cell=pb_olympiadbench_q4,0.11936940122097751,0.030980867024897905,38.57915126392371,661,5161,0.03602462951694167,,
energy_innovation__cusum_top5,answer_z,cell=pb_olympiadbench_q8,0.06802393997735554,0.017692888658601583,67.69925687222917,661,5161,0.06027522113527013,,
energy_innovation__cusum_top5,answer_z,cell=pb_omnimath_q4,0.09440186525505512,0.024886697394255315,48.78261858010787,759,4033,0.028689974957541713,,
energy_innovation__cusum_top5,answer_z,cell=pb_omnimath_q8,0.10065962933452156,0.02638946448843113,45.74992195415062,759,4033,0.04011628227995856,,
energy_innovation__cusum_top5,answer_z,steps_2_to_5,0.09316107406907462,0.024363965209476222,49.43234319704785,1312,5760,0.06712476198954179,"[0.08816259659114602, 0.1512751554196124]","[30.442343114532637, 52.23496543942059]"
energy_innovation__cusum_top5,answer_z,steps_6_to_10,0.08774500454754985,0.023618157748131814,52.48355971641105,2308,14512,0.034364806912849,"[0.07918463863513658, 0.12515230756623322]","[36.796526372883214, 58.157368213897996]"
energy_innovation__cusum_top5,answer_z,steps_11_plus,0.08360858375243135,0.021267347755996674,55.08011234377801,822,8382,0.021151612632910495,"[0.08212710176426576, 0.15271105553866468]","[30.156102122037364, 56.07369658808346]"
energy_innovation__onset80,raw,macro8_all,0.011270443349036112,0.0029184393247836376,408.60594773158965,4442,28654,0.20063011496040217,"[0.00838287969801618, 0.019457742776650667]","[236.6754581376369, 549.3542018833828]"
energy_innovation__onset80,raw,cell=pb_gsm8k_q4,0.05479530140878284,0.014767212885893357,84.0431582195833,207,1361,0.26993339284108003,,
energy_innovation__onset80,raw,cell=pb_gsm8k_q8,0.07889123960629742,0.019433811701119567,58.37365731569122,207,1361,0.23477927056060874,,
energy_innovation__onset80,raw,cell=pb_math_q4,0.03236499655293807,0.008074802147030402,142.2886042473574,594,3772,0.21733009505182355,,
energy_innovation__onset80,raw,cell=pb_math_q8,0.02207627767582932,0.005725554311619801,208.60265727814067,594,3772,0.19695189854238385,,
energy_innovation__onset80,raw,cell=pb_olympiadbench_q4,0.03358915498167142,0.008483967169260892,137.10288896820992,661,5161,0.1756253604132289,,
energy_innovation__onset80,raw,cell=pb_olympiadbench_q8,0.02582754625681105,0.007095251265497948,178.30459541907317,661,5161,0.15710995346349152,,
energy_innovation__onset80,raw,cell=pb_omnimath_q4,0.02982274944749824,0.0082774046558517,154.41802889754717,759,4033,0.21380406718080747,,
energy_innovation__onset80,raw,cell=pb_omnimath_q8,0.02834707604370669,0.00756113083919917,162.45662088349607,759,4033,0.21616739246546532,,
energy_innovation__onset80,raw,steps_2_to_5,0.04362104630783492,0.011511418729282243,105.57220827508995,1312,5760,0.3195746615874057,"[0.03641433303726441, 0.07432646762780881]","[61.958684879908034, 126.46586664859181]"
energy_innovation__onset80,raw,steps_6_to_10,0.02630632834931842,0.00698651956284482,175.0594049019923,2308,14512,0.202408220589428,"[0.019802708271782436, 0.04308732633688356]","[106.87992450452838, 232.5525439644111]"
energy_innovation__onset80,raw,steps_11_plus,0.009565119667856255,0.0025071285407150274,481.4545291538634,822,8382,0.09783326969583685,"[0.006237199765636715, 0.031042320912544583]","[148.3513490812179, 738.3393764874837]"
energy_innovation__onset80,answer_z,macro8_all,0.0009907685554130553,0.00023000038198056418,4648.078666634891,4442,28654,0.0003025057504569091,"[4.4217799654806686e-05, 0.0035980260454027595]","[1279.915744876881, 104147.42981195555]"
energy_innovation__onset80,answer_z,cell=pb_gsm8k_q4,0.009722568542861448,0.002118873574712187,473.65777527681433,207,1361,0.0009460304337476511,,
energy_innovation__onset80,answer_z,cell=pb_gsm8k_q8,0.00021133850408399258,5.144527831906388e-05,21790.492962691987,207,1361,0.0001616517112014368,,
energy_innovation__onset80,answer_z,cell=pb_math_q4,0.0010267886204633776,0.00024183062161950571,4485.022617322963,594,3772,0.002143194882541834,,
energy_innovation__onset80,answer_z,cell=pb_math_q8,0.0007714525860386583,0.0001827014638209543,5969.4792257230465,594,3772,0.0007242517034779894,,
energy_innovation__onset80,answer_z,cell=pb_olympiadbench_q4,0.002528841138571945,0.0005506669791044315,1821.0595026102212,661,5161,0.00046982881384610774,,
energy_innovation__onset80,answer_z,cell=pb_olympiadbench_q8,0.0007093773531925826,0.0001611382227601099,6491.848330458154,661,5161,4.4470007010135486e-05,,
energy_innovation__onset80,answer_z,cell=pb_omnimath_q4,0.0010025898197504888,0.00023099389537532833,4593.274433141726,759,4033,0.0002474556084327412,,
energy_innovation__onset80,answer_z,cell=pb_omnimath_q8,0.0005607809146636555,0.00013144649423351955,8212.06654072772,759,4033,0.0005137133243336414,,
energy_innovation__onset80,answer_z,steps_2_to_5,0.0007562182719954083,0.00018272030380512492,6089.736728837007,1312,5760,0.0006261272221147196,"[6.121952130689088e-05, 0.0071975487403768195]","[639.8248003732161, 75223.88427218448]"
energy_innovation__onset80,answer_z,steps_6_to_10,0.00013209067665499578,3.178241690715329e-05,34863.70349980277,2308,14512,4.737078162114707e-05,"[3.361398565780349e-07, 0.002263028809462779]","[2034.958709642461, 13700161.096245963]"
energy_innovation__onset80,answer_z,steps_11_plus,0.00026046378001027843,5.89365284606494e-05,17680.654814294572,822,8382,6.693032210491467e-05,"[5.422025944850657e-07, 0.005997729098249641]","[767.8189712389728, 8493449.188235]"
energy_innovation__top30,raw,macro8_all,0.04038157981671702,0.010716108151581888,114.04135764103167,4442,28654,0.031061008062858962,"[0.035827271018558725, 0.058608809162952795]","[78.57471004374314, 128.53812347590159]"
energy_innovation__top30,raw,cell=pb_gsm8k_q4,0.1553079960182037,0.04078046401468747,29.65185504968024,207,1361,0.06779133231849166,,
energy_innovation__top30,raw,cell=pb_gsm8k_q8,0.16782648459477723,0.04346437805782498,27.440068217524978,207,1361,0.11321468650663466,,
energy_innovation__top30,raw,cell=pb_math_q4,0.0833933941416221,0.0213744849478516,55.22224192203284,594,3772,0.048831949445277606,,
energy_innovation__top30,raw,cell=pb_math_q8,0.07444269057436005,0.01942573484947692,61.86195246916866,594,3772,0.054032023752074526,,
energy_innovation__top30,raw,cell=pb_olympiadbench_q4,0.06923187301557537,0.018543670495128454,66.5180643740788,661,5161,0.03614355847366839,,
energy_innovation__top30,raw,cell=pb_olympiadbench_q8,0.05105190629770861,0.012925023652575727,90.20564597790128,661,5161,0.05316795537277718,,
energy_innovation__top30,raw,cell=pb_omnimath_q4,0.07203462983083732,0.018733673444585014,63.92994864834668,759,4033,0.03827077226844521,,
energy_innovation__top30,raw,cell=pb_omnimath_q8,0.07401134041178192,0.019813867836918856,62.22249401734915,759,4033,0.06798284093294898,,
energy_innovation__top30,raw,steps_2_to_5,0.08149202518751918,0.022339092227741993,56.51068525283615,1312,5760,0.0713239326566798,"[0.07649134977922259, 0.13523663058537339]","[34.05268355218965, 60.20511076455077]"
energy_innovation__top30,raw,steps_6_to_10,0.044624189017533455,0.01174808403530672,103.19896646589268,2308,14512,0.02280585493419878,"[0.041931345216393336, 0.07481675731204265]","[61.55265680362272, 109.82643562285882]"
energy_innovation__top30,raw,steps_11_plus,0.03955780038885641,0.009881573522460961,116.41623499585145,822,8382,0.036341249394210844,"[0.04932952758321278, 0.1038633425721352]","[44.3387442763043, 93.355246068792]"
energy_innovation__top30,answer_z,macro8_all,0.024355547136400597,0.006457711093519364,189.0809580338038,4442,28654,0.08817480288950899,"[0.023156752110007645, 0.03974862912799848]","[115.85733362422461, 198.86943402558933]"
energy_innovation__top30,answer_z,cell=pb_gsm8k_q4,0.12678294894297082,0.033084321848385174,36.32326132482987,207,1361,0.09549483883258149,,
energy_innovation__top30,answer_z,cell=pb_gsm8k_q8,0.16674613744384703,0.046783543528295,27.617852242837806,207,1361,0.10611911477513307,,
energy_innovation__top30,answer_z,cell=pb_math_q4,0.07660355494358403,0.020073699009282533,60.11692524426113,594,3772,0.09662712285164653,,
energy_innovation__top30,answer_z,cell=pb_math_q8,0.06893395997993348,0.018012984822705157,66.80553659369991,594,3772,0.13230288248231997,,
energy_innovation__top30,answer_z,cell=pb_olympiadbench_q4,0.04688076327745208,0.012609542489358687,98.23155307292126,661,5161,0.08470014638021184,,
energy_innovation__top30,answer_z,cell=pb_olympiadbench_q8,0.0531640784741053,0.013829413756848572,86.62183786804728,661,5161,0.10883933500498139,,
energy_innovation__top30,answer_z,cell=pb_omnimath_q4,0.05776122066971153,0.015242384065018991,79.72771580298202,759,4033,0.0867717678171473,,
energy_innovation__top30,answer_z,cell=pb_omnimath_q8,0.05489439543595834,0.01417658790361582,83.89144555495906,759,4033,0.1290769778828525,,
energy_innovation__top30,answer_z,steps_2_to_5,0.04129903938344953,0.010950009223967796,111.5079249962797,1312,5760,0.1595026382420848,"[0.04609876509310199, 0.08789091288665223]","[52.39643137996656, 99.897907822203]"
energy_innovation__top30,answer_z,steps_6_to_10,0.0353981163304256,0.009367851071756533,130.09647584071666,2308,14512,0.08552232244694738,"[0.035716880447871795, 0.0629965616822775]","[73.10192910549975, 128.93539772347316]"
energy_innovation__top30,answer_z,steps_11_plus,0.04646736356990132,0.011936056848102217,99.1054760199702,822,8382,0.08167677843322936,"[0.05470946397617057, 0.11143683884716998]","[41.32538425918426, 84.17501929819555]"
energy_innovation__std,raw,macro8_all,0.01191645264295732,0.003008429313186847,386.45478851542026,4442,28654,0.14131998728786183,"[0.012402879658210337, 0.024828610933505326]","[185.4783659996693, 371.2984655897718]"
energy_innovation__std,raw,cell=pb_gsm8k_q4,0.1452441350427887,0.03993327057734568,31.706410621202814,207,1361,0.07593751667196699,,
energy_innovation__std,raw,cell=pb_gsm8k_q8,0.10195606157538677,0.02734975755213356,45.168184361289875,207,1361,0.108155001833169,,
energy_innovation__std,raw,cell=pb_math_q4,0.043071510709026435,0.010943072247437114,106.91917023990042,594,3772,0.1758633333370863,,
energy_innovation__std,raw,cell=pb_math_q8,0.03046306823080951,0.007681472277223955,151.17223751383483,594,3772,0.15475100404186087,,
energy_innovation__std,raw,cell=pb_olympiadbench_q4,0.04171048891794324,0.010241633716764686,110.40796465003831,661,5161,0.16317222721329605,,
energy_innovation__std,raw,cell=pb_olympiadbench_q8,0.05325139960745669,0.013885659819570698,86.4797962107129,661,5161,0.14498447170901885,,
energy_innovation__std,raw,cell=pb_omnimath_q4,0.02990756790402501,0.007617623603877195,153.98009630092056,759,4033,0.1629198300670222,,
energy_innovation__std,raw,cell=pb_omnimath_q8,0.05972659664431051,0.014952217788811027,77.10417878676795,759,4033,0.1843837879109521,,
energy_innovation__std,raw,steps_2_to_5,0.020181573279944968,0.005129405513526306,228.18687731171022,1312,5760,0.13519386510863027,"[0.028223432481612465, 0.05831211353982515]","[78.97450300515897, 163.16832436977165]"
energy_innovation__std,raw,steps_6_to_10,0.027846764392243952,0.007113677786967985,165.3754138585218,2308,14512,0.14414145804444625,"[0.02809059619329612, 0.05381503554584459]","[85.57404337427195, 163.93992332163904]"
energy_innovation__std,raw,steps_11_plus,0.0367080373501441,0.009141808660287926,125.45400185962309,822,8382,0.12306951024989168,"[0.0460413797756758, 0.09680107261509185]","[47.57354501948069, 100.02241914611466]"
energy_innovation__std,answer_z,macro8_all,0.035452633207178896,0.009337983800027764,129.89642148937978,4442,28654,0.17088883216401435,"[0.03272583415406785, 0.05277250694290546]","[87.26457113304134, 140.71971899349325]"
energy_innovation__std,answer_z,cell=pb_gsm8k_q4,0.11291797256718179,0.029647122645778064,40.78332333896798,207,1361,0.07123564090596335,,
energy_innovation__std,answer_z,cell=pb_gsm8k_q8,0.12666747756572266,0.03467184745345997,36.356373983990125,207,1361,0.0979394842241833,,
energy_innovation__std,answer_z,cell=pb_math_q4,0.05277059432507221,0.013676140476948815,87.26773395083968,594,3772,0.15060757657646595,,
energy_innovation__std,answer_z,cell=pb_math_q8,0.04187223709386159,0.010604096863867082,109.98146995741011,594,3772,0.18643789921100062,,
energy_innovation__std,answer_z,cell=pb_olympiadbench_q4,0.07637075148031947,0.020642960519942147,60.30018163661558,661,5161,0.19741920144861203,,
energy_innovation__std,answer_z,cell=pb_olympiadbench_q8,0.09251674387595166,0.024212802627510466,49.77661332485715,661,5161,0.20190579582480378,,
energy_innovation__std,answer_z,cell=pb_omnimath_q4,0.05737558577422764,0.014517637626099252,80.26358465618793,759,4033,0.21864743075639742,,
energy_innovation__std,answer_z,cell=pb_omnimath_q8,0.07360232826833066,0.01961316828033705,62.56826780260411,759,4033,0.2327210415834377,,
energy_innovation__std,answer_z,steps_2_to_5,0.03986309172991341,0.01022459930465093,115.52466168930783,1312,5760,0.15397054315205028,"[0.04449928392970909, 0.08388139418378766]","[54.900973342168946, 103.48863575563153]"
energy_innovation__std,answer_z,steps_6_to_10,0.051302253498340805,0.013401059818553706,89.76545613414487,2308,14512,0.19227474582053053,"[0.04769709711464028, 0.08185598187453051]","[56.259421492823, 96.55032411971605]"
energy_innovation__std,answer_z,steps_11_plus,0.05024529171890662,0.012998929509645782,91.6537655259593,822,8382,0.16810197730132714,"[0.056090650874963816, 0.11232904133596472]","[40.99714669703712, 82.10227754806853]"
energy_innovation__iqr,raw,macro8_all,0.02419514819995116,0.006320967617517021,190.33444837495924,4442,28654,0.14966186571280726,"[0.022330081959461612, 0.03928958697427486]","[117.21095945863112, 206.23167413126345]"
energy_innovation__iqr,raw,cell=pb_gsm8k_q4,0.12749242006908276,0.034351290877549984,36.12112926786349,207,1361,0.04765772761260248,,
energy_innovation__iqr,raw,cell=pb_gsm8k_q8,0.14962314829590007,0.04248417185698127,30.77846067562182,207,1361,0.07821972360290086,,
energy_innovation__iqr,raw,cell=pb_math_q4,0.0406045125700156,0.010045313018976121,113.41523132551478,594,3772,0.14125656995744498,,
energy_innovation__iqr,raw,cell=pb_math_q8,0.05252219349101343,0.013327861858726642,87.68046191322985,594,3772,0.19122074992307028,,
energy_innovation__iqr,raw,cell=pb_olympiadbench_q4,0.04109327474219057,0.010652165898243682,112.06627397986249,661,5161,0.14252910031681806,,
energy_innovation__iqr,raw,cell=pb_olympiadbench_q8,0.07131263281926686,0.018622177285397182,64.57720047525565,661,5161,0.20549083594652243,,
energy_innovation__iqr,raw,cell=pb_omnimath_q4,0.053079341667061006,0.014074377436447327,86.76012251383824,759,4033,0.14329121540548304,,
energy_innovation__iqr,raw,cell=pb_omnimath_q8,0.06485073469940728,0.01753360712580681,71.01184292412006,759,4033,0.23318795404135673,,
energy_innovation__iqr,raw,steps_2_to_5,0.04685254937997715,0.012117029413495566,98.2907066302811,1312,5760,0.11278434358099698,"[0.049887121054536306, 0.08906476844449986]","[51.705857056797655, 92.31180490358919]"
energy_innovation__iqr,raw,steps_6_to_10,0.031808793964499815,0.008260733422666923,144.77663601857049,2308,14512,0.15736084083579857,"[0.031750405079192766, 0.05827987136549838]","[79.01819407093522, 145.0428797522975]"
energy_innovation__iqr,raw,steps_11_plus,0.04155855869842294,0.010837491131328023,110.81159525782226,822,8382,0.1507117756292961,"[0.05036412325319172, 0.09760108778831526]","[47.183594879353585, 91.43751322418282]"
energy_innovation__iqr,answer_z,macro8_all,0.024833941191681443,0.006313772596111266,185.43855566230755,4442,28654,0.13892820666695593,"[0.02371526632146565, 0.040245016341792006]","[114.42833435269107, 194.18589374304287]"
energy_innovation__iqr,answer_z,cell=pb_gsm8k_q4,0.117214002233284,0.03150855017833522,39.28856705039981,207,1361,0.054691669445626916,,
energy_innovation__iqr,answer_z,cell=pb_gsm8k_q8,0.10393253912596039,0.027001643770181546,44.30922427871106,207,1361,0.07922948254589204,,
energy_innovation__iqr,answer_z,cell=pb_math_q4,0.052204747664896904,0.013666714783223765,88.2136279165403,594,3772,0.10052804519009576,,
energy_innovation__iqr,answer_z,cell=pb_math_q8,0.05734502460443194,0.014301485146789538,80.30635992842836,594,3772,0.17980233373603632,,
energy_innovation__iqr,answer_z,cell=pb_olympiadbench_q4,0.055850524585547394,0.01436736575731976,82.45527181994966,661,5161,0.12831601685245714,,
energy_innovation__iqr,answer_z,cell=pb_olympiadbench_q8,0.07110657784698748,0.01862114397611227,64.76433440374315,661,5161,0.2145715677980597,,
energy_innovation__iqr,answer_z,cell=pb_omnimath_q4,0.058094490944213255,0.014770247208338617,79.27034235329347,759,4033,0.14914210135347633,,
energy_innovation__iqr,answer_z,cell=pb_omnimath_q8,0.07137738253102785,0.0188601069534773,64.51861952189432,759,4033,0.24544974884105952,,
energy_innovation__iqr,answer_z,steps_2_to_5,0.0323529113876647,0.008205683398333738,142.3417549909873,1312,5760,0.11031196049891998,"[0.03769776031374524, 0.07431593136371832]","[61.96746917493893, 122.16031264618574]"
energy_innovation__iqr,answer_z,steps_6_to_10,0.04089779318430459,0.01021990142515731,112.60192365967134,2308,14512,0.15369775070963396,"[0.038743834538538156, 0.06881301496984749]","[66.92295328152657, 118.86201355230776]"
energy_innovation__iqr,answer_z,steps_11_plus,0.05088845927325732,0.012983736402489572,90.49537462432431,822,8382,0.14585282996157106,"[0.05620970028115144, 0.11258612056221488]","[40.90353378366282, 81.92838892493302]"
energy_innovation__frac_above_z,raw,macro8_all,0.09896310490373852,0.027456430413732004,46.53421283080744,4442,28654,0.08256216844641893,"[0.08862614799840782, 0.12364317742874563]","[37.24564736814538, 51.96175496729052]"
energy_innovation__frac_above_z,raw,cell=pb_gsm8k_q4,0.1566798304037647,0.043695166891318374,29.392233666072684,207,1361,0.06452083356596627,,
energy_innovation__frac_above_z,raw,cell=pb_gsm8k_q8,0.16532770681034303,0.04649454488450645,27.854799868910955,207,1361,0.09811758607534965,,
energy_innovation__frac_above_z,raw,cell=pb_math_q4,0.08201026906508473,0.02219289110310101,56.15357977100833,594,3772,0.130185404450167,,
energy_innovation__frac_above_z,raw,cell=pb_math_q8,0.08467156167012871,0.023168504808176435,54.388629371563255,594,3772,0.12474749306812899,,
energy_innovation__frac_above_z,raw,cell=pb_olympiadbench_q4,0.15277485520785813,0.040076234494504995,30.143508758182218,661,5161,0.0775674570945608,,
energy_innovation__frac_above_z,raw,cell=pb_olympiadbench_q8,0.14245674452809992,0.03959608481386696,32.32679646894297,661,5161,0.0831674522651307,,
energy_innovation__frac_above_z,raw,cell=pb_omnimath_q4,0.1485481635997135,0.04221951566990325,31.001192302837552,759,4033,0.08599746339492366,,
energy_innovation__frac_above_z,raw,cell=pb_omnimath_q8,0.15455181391533834,0.0428749835255935,29.796933917001773,759,4033,0.10108546427346764,,
energy_innovation__frac_above_z,raw,steps_2_to_5,0.095090464245845,0.026197102073522993,48.429358532544086,1312,5760,0.07562796627528018,"[0.09045303878866816, 0.14941663448486528]","[30.821000632660876, 50.9122772176563]"
energy_innovation__frac_above_z,raw,steps_6_to_10,0.10967972517342409,0.029659649091964054,41.98743367296426,2308,14512,0.0703138882171796,"[0.09725079776971891, 0.14845417242058898]","[31.020820168941274, 47.35354661966597]"
energy_innovation__frac_above_z,raw,steps_11_plus,0.166719285048555,0.04469400536392416,27.622300471399523,822,8382,0.09953610996158825,"[0.15291354304774218, 0.24741988367712142]","[18.612773223989375, 30.116169530845806]"
energy_innovation__frac_above_z,answer_z,macro8_all,0.09974229878097032,0.026907576273161864,46.17068427609476,4442,28654,0.06619476782768854,"[0.08931195134993228, 0.1252703024224661]","[36.76186691445391, 51.56275410381103]"
energy_innovation__frac_above_z,answer_z,cell=pb_gsm8k_q4,0.149415306496043,0.04188547817892503,30.821274566739596,207,1361,0.06112905945134378,,
energy_innovation__frac_above_z,answer_z,cell=pb_gsm8k_q8,0.20183916275455122,0.05097339951659285,22.816038885319102,207,1361,0.09618113142601999,,
energy_innovation__frac_above_z,answer_z,cell=pb_math_q4,0.09441065274381946,0.026329481523220913,48.77807802562372,594,3772,0.08165368353210437,,
energy_innovation__frac_above_z,answer_z,cell=pb_math_q8,0.08957000646909438,0.02446780330646607,51.414199546553334,594,3772,0.09841525095473108,,
energy_innovation__frac_above_z,answer_z,cell=pb_olympiadbench_q4,0.1680339646402504,0.044375750688561505,27.40618657571674,661,5161,0.06423786287276437,,
energy_innovation__frac_above_z,answer_z,cell=pb_olympiadbench_q8,0.16988683347143604,0.04794804352540108,27.10728131125231,661,5161,0.08053160729289591,,
energy_innovation__frac_above_z,answer_z,cell=pb_omnimath_q4,0.15533215150245705,0.0434719328518976,29.64724393143584,759,4033,0.08843341981123003,,
energy_innovation__frac_above_z,answer_z,cell=pb_omnimath_q8,0.1470118402033646,0.039157827284764225,31.32516523579095,759,4033,0.10933953060798765,,
energy_innovation__frac_above_z,answer_z,steps_2_to_5,0.080691674772804,0.022244727828115048,57.071193514751535,1312,5760,0.053323992598849616,"[0.07859058154991087, 0.13263286155647866]","[34.72118547353429, 58.59697301086219]"
energy_innovation__frac_above_z,answer_z,steps_6_to_10,0.11493884564740142,0.030978550105095017,40.066264456103895,2308,14512,0.0661883401190373,"[0.10254319547021613, 0.15416621494301327]","[29.87146170573344, 44.9095638659483]"
energy_innovation__frac_above_z,answer_z,steps_11_plus,0.15016719119569394,0.04005168497000566,30.666952943048358,822,8382,0.08756534383926624,"[0.13644832451769, 0.2335455222067541]","[19.718512016304935, 33.75028753387917]"
energy_innovation__slope,raw,macro8_all,0.178657648971355,0.04964087656977912,25.776507261250593,4442,28654,0.02277889640524437,"[0.16232066077526347, 0.20961065162603934]","[21.970115307899764, 28.37081961096777]"
energy_innovation__slope,raw,cell=pb_gsm8k_q4,0.21216094263911528,0.06036421188898394,21.70602245966386,207,1361,0.09055501296005694,,
energy_innovation__slope,raw,cell=pb_gsm8k_q8,0.164592372553522,0.044820038496033276,27.97924420519904,207,1361,0.09904734627472797,,
energy_innovation__slope,raw,cell=pb_math_q4,0.16246767540259072,0.044795380780440895,28.345147270536117,594,3772,0.023891206096729366,,
energy_innovation__slope,raw,cell=pb_math_q8,0.17019548457492029,0.04607778943949665,27.05812200300114,594,3772,0.03836042453298949,,
energy_innovation__slope,raw,cell=pb_olympiadbench_q4,0.20026630593428574,0.057059856396791356,22.99523209610311,661,5161,0.027584441238082104,,
energy_innovation__slope,raw,cell=pb_olympiadbench_q8,0.21127438415528135,0.05820584771388463,21.797106186822003,661,5161,0.038868394837072634,,
energy_innovation__slope,raw,cell=pb_omnimath_q4,0.23947880823305598,0.069146209821903,19.22996953244578,759,4033,0.02602151804088419,,
energy_innovation__slope,raw,cell=pb_omnimath_q8,0.2546175070911748,0.07330736604720398,18.086620353010712,759,4033,0.055053681088794264,,
energy_innovation__slope,raw,steps_2_to_5,0.14115841722482547,0.03872641919545777,32.62412739194544,1312,5760,0.013491904573670612,"[0.1261744518131793, 0.20324125126195608]","[22.658639215188277, 36.49843625084066]"
energy_innovation__slope,raw,steps_6_to_10,0.18603477670349156,0.051733281829186115,24.754351135798476,2308,14512,0.03809010564293193,"[0.16769972294279561, 0.2328121594331937]","[19.78062570786627, 27.460809744801846]"
energy_innovation__slope,raw,steps_11_plus,0.20098951239505067,0.05609603741463474,22.91248996582716,822,8382,0.03915716449502018,"[0.18107112149879817, 0.2971860326864877]","[15.495917302568026, 25.43293567670678]"
energy_innovation__slope,answer_z,macro8_all,0.052959522560007036,0.015125655357202832,86.9564143213356,4442,28654,0.016502278466462975,"[0.04906274660929155, 0.07185305981562284]","[64.09149725572021, 93.86286957518111]"
energy_innovation__slope,answer_z,cell=pb_gsm8k_q4,0.22883864427749062,0.06271579287442228,20.124093116037887,207,1361,0.12867205990925157,,
energy_innovation__slope,answer_z,cell=pb_gsm8k_q8,0.16456388848963913,0.044008444552187706,27.98408708164447,207,1361,0.13253046226598683,,
energy_innovation__slope,answer_z,cell=pb_math_q4,0.08411676716519595,0.023670159349361234,54.74735110711104,594,3772,0.029391691399831794,,
energy_innovation__slope,answer_z,cell=pb_math_q8,0.06873801015409964,0.018655550376125662,66.9959775626911,594,3772,0.028390362999463584,,
energy_innovation__slope,answer_z,cell=pb_olympiadbench_q4,0.06428871900259114,0.01827866001678013,71.6326325587928,661,5161,0.016129547278500498,,
energy_innovation__slope,answer_z,cell=pb_olympiadbench_q8,0.0727103469529248,0.019231038868965353,63.33583016691749,661,5161,0.027222058629906298,,
energy_innovation__slope,answer_z,cell=pb_omnimath_q4,0.09320152541620748,0.025899828713070984,49.41088856027743,759,4033,0.02026519181739113,,
energy_innovation__slope,answer_z,cell=pb_omnimath_q8,0.10322509984634842,0.028113997077249868,44.612891562642545,759,4033,0.04616678170769017,,
energy_innovation__slope,answer_z,steps_2_to_5,0.037303269620666005,0.00970887436413455,123.45218617074865,1312,5760,0.05918737808192541,"[0.041618894998582734, 0.08317150181775505]","[55.36956872654429, 110.65094799237013]"
energy_innovation__slope,answer_z,steps_6_to_10,0.08719012569257241,0.02475092388269648,52.81756562922811,2308,14512,0.018681288689905064,"[0.08122228644567347, 0.12188139380099537]","[37.78402955833676, 56.69835691055455]"
energy_innovation__slope,answer_z,steps_11_plus,0.08306732209052758,0.022946190072892086,55.4390110345598,822,8382,0.015310903537022098,"[0.08513502402447005, 0.15507785534315513]","[29.695859384938007, 54.092545797185004]"
energy_innovation__jump,raw,macro8_all,0.08801599351798381,0.02213357298763306,52.321970154744015,4442,28654,0.004372920615412366,"[0.07782242983205327, 0.11443529508370824]","[40.24256836686144, 59.17535851715758]"
energy_innovation__jump,raw,cell=pb_gsm8k_q4,0.21981815841337557,0.057598668191312666,20.949907956775398,207,1361,0.06916532121802975,,
energy_innovation__jump,raw,cell=pb_gsm8k_q8,0.20840923823393695,0.05421731669651182,22.096766079144928,207,1361,0.073346710271104,,
energy_innovation__jump,raw,cell=pb_math_q4,0.10157428823603029,0.025418797704062655,45.33795181795379,594,3772,0.024021459926310402,,
energy_innovation__jump,raw,cell=pb_math_q8,0.08082087013034286,0.02095432269806908,56.97996295463239,594,3772,0.024274304044901617,,
energy_innovation__jump,raw,cell=pb_olympiadbench_q4,0.10205483359114378,0.02549893841508565,45.12446911076756,661,5161,0.010810939009623356,,
energy_innovation__jump,raw,cell=pb_olympiadbench_q8,0.11714322152200095,0.03045698110839772,39.312306133933525,661,5161,0.015990171073720416,,
energy_innovation__jump,raw,cell=pb_omnimath_q4,0.13464876711411253,0.035707091622161624,34.20135426925438,759,4033,0.016782054929246185,,
energy_innovation__jump,raw,cell=pb_omnimath_q8,0.1228470926144834,0.032950165350597325,37.48700997295847,759,4033,0.023493807464987533,,
energy_innovation__jump,raw,steps_2_to_5,0.12279404338908631,0.031421997475022216,37.503205032479535,1312,5760,0.02767703632146022,"[0.11000732188641066, 0.18683763883077273]","[24.647978934047664, 41.86239703883723]"
energy_innovation__jump,raw,steps_6_to_10,0.09365516016158862,0.023327335612921545,49.171558492265966,2308,14512,0.006690743503076822,"[0.08003617229846341, 0.1370354625864949]","[33.6056820553393, 57.53861102721057]"
energy_innovation__jump,raw,steps_11_plus,0.12061688628818915,0.029426545797431685,38.18014481807289,822,8382,0.00933150220221059,"[0.10935875153160385, 0.20873436443531998]","[22.062347991650817, 42.11066898159707]"
energy_innovation__jump,answer_z,macro8_all,0.09853948243738955,0.02517382388924465,46.7342639932592,4442,28654,0.013171255392183005,"[0.0869445756502278, 0.12596240518715435]","[36.55987815686555, 52.966733709925535]"
energy_innovation__jump,answer_z,cell=pb_gsm8k_q4,0.2262372930689205,0.061443487127860644,20.355486593384857,207,1361,0.05747097061123253,,
energy_innovation__jump,answer_z,cell=pb_gsm8k_q8,0.20286568871181423,0.056114045342350316,22.70058685246709,207,1361,0.10258974241913196,,
energy_innovation__jump,answer_z,cell=pb_math_q4,0.10273390816142175,0.02701993153044856,44.82619486014461,594,3772,0.02840302395462012,,
energy_innovation__jump,answer_z,cell=pb_math_q8,0.08478589821079163,0.022274317345146424,54.31528453633745,594,3772,0.05638520673240796,,
energy_innovation__jump,answer_z,cell=pb_olympiadbench_q4,0.14608697581243563,0.03801196471680984,31.523482229523143,661,5161,0.015968095389111245,,
energy_innovation__jump,answer_z,cell=pb_olympiadbench_q8,0.12798419156648358,0.03387534782846356,35.98233601839691,661,5161,0.02845685145542902,,
energy_innovation__jump,answer_z,cell=pb_omnimath_q4,0.1527513809947933,0.04013863840979841,30.14814109042369,759,4033,0.015695217047059076,,
energy_innovation__jump,answer_z,cell=pb_omnimath_q8,0.14250602839381246,0.03861744025175712,32.315616664733646,759,4033,0.0387571821845507,,
energy_innovation__jump,answer_z,steps_2_to_5,0.11399759026992917,0.030519428300043155,40.39708361451975,1312,5760,0.02624278057756487,"[0.10397835336373452, 0.17353471104112175]","[26.537458462110354, 44.28970104843263]"
energy_innovation__jump,answer_z,steps_6_to_10,0.09770115380558776,0.024999290683645748,47.13526920216076,2308,14512,0.013963056073770356,"[0.08560633486289151, 0.14026279222155705]","[32.832443394637636, 53.79473602466227]"
energy_innovation__jump,answer_z,steps_11_plus,0.13687029332702944,0.03518300642099572,33.64623596578976,822,8382,0.01987225567668799,"[0.12365661427046919, 0.22657428288808895]","[20.325211349174644, 37.241600161519756]"
energy_innovation__q90,raw,macro8_all,0.057772671703497674,0.015088692464720985,79.71191309314652,4442,28654,0.10893069469537076,"[0.050601510012144434, 0.07881270216774264]","[58.43182709541646, 91.00855260807127]"
energy_innovation__q90,raw,cell=pb_gsm8k_q4,0.16618488342831408,0.044616602618360306,27.711125651055916,207,1361,0.08424777589255272,,
energy_innovation__q90,raw,cell=pb_gsm8k_q8,0.1472770859034247,0.0431888459845503,31.268748683742157,207,1361,0.12375690254211501,,
energy_innovation__q90,raw,cell=pb_math_q4,0.044808313154186374,0.011026604286917027,102.77490630235513,594,3772,0.13365356792170852,,
energy_innovation__q90,raw,cell=pb_math_q8,0.07874697709140448,0.020395220731047988,58.4805964125163,594,3772,0.16108392987034248,,
energy_innovation__q90,raw,cell=pb_olympiadbench_q4,0.11080559677758972,0.0290986621341411,41.56080847821832,661,5161,0.09812999110571442,,
energy_innovation__q90,raw,cell=pb_olympiadbench_q8,0.10893968149944087,0.02909960513350253,42.272660637544895,661,5161,0.11267577555100342,,
energy_innovation__q90,raw,cell=pb_omnimath_q4,0.09811984469903579,0.026190577207122426,46.93413651553962,759,4033,0.10739136818997276,,
energy_innovation__q90,raw,cell=pb_omnimath_q8,0.12305243482406947,0.03297389606434056,37.4244539945284,759,4033,0.15684149319261184,,
energy_innovation__q90,raw,steps_2_to_5,0.060921954365603076,0.016370623322669454,75.59130750060442,1312,5760,0.1130548306607494,"[0.060405318077821166, 0.10892230333950463]","[42.27940508780868, 76.23782694191222]"
energy_innovation__q90,raw,steps_6_to_10,0.07632722988749993,0.0197959380208987,60.33456464718731,2308,14512,0.10125953346849702,"[0.0680567407276395, 0.11303848142207011]","[40.73984476837601, 67.666628415513]"
energy_innovation__q90,raw,steps_11_plus,0.1341102439366795,0.03484974352916054,34.338690698097864,822,8382,0.11241588368622081,"[0.12431897179463772, 0.21375016326019974]","[21.544639385291052, 37.04318109705222]"
energy_innovation__q90,answer_z,macro8_all,0.07709797419161887,0.02005842865205257,59.73140324728154,4442,28654,0.10796013917330188,"[0.06848666931062838, 0.09971125821147554]","[46.18505742070852, 67.24184768134752]"
energy_innovation__q90,answer_z,cell=pb_gsm8k_q4,0.10160297019759372,0.027977197706323963,45.325153162669615,207,1361,0.07344235260839849,,
energy_innovation__q90,answer_z,cell=pb_gsm8k_q8,0.15251340459572654,0.04244530965710721,30.19518315911446,207,1361,0.08877393405976464,,
energy_innovation__q90,answer_z,cell=pb_math_q4,0.06489205228029883,0.01684304404248938,70.9666287960231,594,3772,0.105757216963606,,
energy_innovation__q90,answer_z,cell=pb_math_q8,0.06476956348827309,0.017063164014089263,71.10083715203491,594,3772,0.14410755709390044,,
energy_innovation__q90,answer_z,cell=pb_olympiadbench_q4,0.1277589334808951,0.03357023212292402,36.045778252185734,661,5161,0.09695404384583964,,
energy_innovation__q90,answer_z,cell=pb_olympiadbench_q8,0.14460271613139702,0.03828698488290895,31.847051764943917,661,5161,0.12320895145960789,,
energy_innovation__q90,answer_z,cell=pb_omnimath_q4,0.14096650567821445,0.03801183147775059,32.668541820142416,759,4033,0.12729173835516708,,
energy_innovation__q90,answer_z,cell=pb_omnimath_q8,0.133454676584162,0.03495306357829694,34.5073721195816,759,4033,0.17668435263377974,,
energy_innovation__q90,answer_z,steps_2_to_5,0.05014223113869631,0.013120430259146566,91.84214745550362,1312,5760,0.10274321818052501,"[0.05236023806413684, 0.09611627503408117]","[47.91249124412258, 87.95166630730651]"
energy_innovation__q90,answer_z,steps_6_to_10,0.09176993309275497,0.024289557767033683,50.18168838952395,2308,14512,0.11429187371602686,"[0.08308312217825915, 0.1276568715451245]","[36.0745969272813, 55.428468084136995]"
energy_innovation__q90,answer_z,steps_11_plus,0.1525689638851834,0.04228428020747134,30.18418732563287,822,8382,0.11746156920643912,"[0.14159247032316244, 0.23578397228999579]","[19.5313114002681, 32.52411781133219]"
energy_innovation__first_token,raw,macro8_all,0.04093426656657987,0.010678320388135914,112.50159273032901,4442,28654,0.1567344018559068,"[0.03601451265217605, 0.05884440829711523]","[78.2601154341772, 127.86984598304264]"
energy_innovation__first_token,raw,cell=pb_gsm8k_q4,0.13606042860294254,0.03585942928856487,33.84650653590913,207,1361,0.2817069743966491,,
energy_innovation__first_token,raw,cell=pb_gsm8k_q8,0.11006934504885849,0.031440679049394134,41.83880792553014,207,1361,0.36928649086462995,,
energy_innovation__first_token,raw,cell=pb_math_q4,0.056826969263238186,0.01475304515291874,81.03846194323111,594,3772,0.18518839577102203,,
energy_innovation__first_token,raw,cell=pb_math_q8,0.09667814502183131,0.02467710596350708,47.634035437359486,594,3772,0.21586242208314116,,
energy_innovation__first_token,raw,cell=pb_olympiadbench_q4,0.07385045112911072,0.0194487986618904,62.35805083894476,661,5161,0.10515524671313095,,
energy_innovation__first_token,raw,cell=pb_olympiadbench_q8,0.08708736187500853,0.023622114286036257,52.8798907997423,661,5161,0.14321026944478168,,
energy_innovation__first_token,raw,cell=pb_omnimath_q4,0.07918473958417509,0.021543358340169762,58.157294071703,759,4033,0.19267606083129907,,
energy_innovation__first_token,raw,cell=pb_omnimath_q8,0.10561118765405114,0.028375167856625267,43.60494648609741,759,4033,0.22251237169994947,,
energy_innovation__first_token,raw,steps_2_to_5,0.05324376002972862,0.013611495541179129,86.49220459668508,1312,5760,0.3443991913454154,"[0.05299156971218108, 0.10461594182198329]","[44.01977467090386, 86.90382660865978]"
energy_innovation__first_token,raw,steps_6_to_10,0.07005654720906783,0.01916297734594851,65.73504361048523,2308,14512,0.1705393392761383,"[0.06326736831505608, 0.10173185864251327]","[45.26772878662037, 72.78902708668814]"
energy_innovation__first_token,raw,steps_11_plus,0.07691373573671456,0.02013222079472123,59.87448330103444,822,8382,0.07320032109055971,"[0.07678900057656587, 0.1471700157317948]","[31.29149754512926, 59.971742715889405]"
energy_innovation__first_token,answer_z,macro8_all,0.058456457296992274,0.015765604762674995,78.77949501098212,4442,28654,0.1892185153838714,"[0.05217209728073487, 0.07908487803891238]","[58.23073007360769, 88.26883384058631]"
energy_innovation__first_token,answer_z,cell=pb_gsm8k_q4,0.1162494379937018,0.030769889382998135,39.614558706405035,207,1361,0.2858268875212432,,
energy_innovation__first_token,answer_z,cell=pb_gsm8k_q8,0.1295100609346782,0.0375784550165087,35.55839718360437,207,1361,0.33883471368395335,,
energy_innovation__first_token,answer_z,cell=pb_math_q4,0.10018038426636636,0.02633110946901201,45.968781410775534,594,3772,0.21865618982898005,,
energy_innovation__first_token,answer_z,cell=pb_math_q8,0.07762469623837615,0.02051760033501564,59.32609606414646,594,3772,0.23147469624375572,,
energy_innovation__first_token,answer_z,cell=pb_olympiadbench_q4,0.099538291028207,0.027858562480548858,46.265312960648345,661,5161,0.1376740432493342,,
energy_innovation__first_token,answer_z,cell=pb_olympiadbench_q8,0.09704895337576358,0.02658407833674918,47.45203349238962,661,5161,0.15984620740804817,,
energy_innovation__first_token,answer_z,cell=pb_omnimath_q4,0.1281868928131756,0.03470888167252892,35.925437343269095,759,4033,0.21765375955550686,,
energy_innovation__first_token,answer_z,cell=pb_omnimath_q8,0.10590860314183687,0.029630151780839616,43.48249386143514,759,4033,0.24510215452712175,,
energy_innovation__first_token,answer_z,steps_2_to_5,0.05855854342938574,0.015460072596294012,78.64215734022397,1312,5760,0.4085761454797745,"[0.05753215546673813, 0.11163007887718149]","[41.253846922878445, 80.0451529866727]"
energy_innovation__first_token,answer_z,steps_6_to_10,0.07677800309319978,0.02094215945087131,59.980332913815666,2308,14512,0.2229845685194502,"[0.06909633770774656, 0.11240235489861741]","[40.97040662663854, 66.64854229273854]"
energy_innovation__first_token,answer_z,steps_11_plus,0.08966217146429581,0.023686623309390455,51.36135017454833,822,8382,0.09641819395523485,"[0.08780871442470373, 0.16166829671000887]","[28.48530156935207, 52.44548011162424]"
energy_innovation__boxcar8_max,raw,macro8_all,0.007088503992654619,0.0018413831202600311,649.6674320505633,4442,28654,0.04984256241710119,"[0.008906401436189088, 0.01887932701970585]","[243.92660719215843, 517.0629483728474]"
energy_innovation__boxcar8_max,raw,cell=pb_gsm8k_q4,0.10972563721416297,0.02854135650400076,41.9698650462125,207,1361,0.05635253387922612,,
energy_innovation__boxcar8_max,raw,cell=pb_gsm8k_q8,0.16062342200694307,0.044343243502329474,28.67060188637389,207,1361,0.0811688395791782,,
energy_innovation__boxcar8_max,raw,cell=pb_math_q4,0.037374288922778734,0.009726493885826897,123.21760008606748,594,3772,0.06793626765828216,,
energy_innovation__boxcar8_max,raw,cell=pb_math_q8,0.04724605015514714,0.012505661652750176,97.47206741866418,594,3772,0.0852279445805539,,
energy_innovation__boxcar8_max,raw,cell=pb_olympiadbench_q4,0.04016508870884411,0.010004611452553323,114.65604419228038,661,5161,0.062068846946145645,,
energy_innovation__boxcar8_max,raw,cell=pb_olympiadbench_q8,0.03967006390578859,0.01012091325435038,116.08678516184878,661,5161,0.074331237064473,,
energy_innovation__boxcar8_max,raw,cell=pb_omnimath_q4,0.03779260018920788,0.009483460472551584,121.85375345788333,759,4033,0.04707259545673584,,
energy_innovation__boxcar8_max,raw,cell=pb_omnimath_q8,0.05130515843753506,0.013258951848049977,89.76037354206728,759,4033,0.0801370299793942,,
energy_innovation__boxcar8_max,raw,steps_2_to_5,0.03190102401060834,0.008669257868015718,144.35806776787769,1312,5760,0.05322483649752048,"[0.038672406359108846, 0.07431674811987639]","[61.96678813986502, 119.08155244400498]"
energy_innovation__boxcar8_max,raw,steps_6_to_10,0.012684186678056068,0.003259217842382041,363.06389229946774,2308,14512,0.04117782515168984,"[0.016470978895930348, 0.03426784627618531]","[134.3874998408782, 279.59298685799047]"
energy_innovation__boxcar8_max,raw,steps_11_plus,0.035114817697527605,0.008943570649338822,131.14606561982342,822,8382,0.05936133588530304,"[0.04313682845703074, 0.09574401716851859]","[48.098777575653145, 106.75727332563108]"
energy_innovation__boxcar8_max,answer_z,macro8_all,0.02379783913690428,0.006133247656390984,193.51211509143562,4442,28654,0.09109786405290249,"[0.021915186771472563, 0.03974212901700444]","[115.87628292429126, 210.13602275033924]"
energy_innovation__boxcar8_max,answer_z,cell=pb_gsm8k_q4,0.0785071506441448,0.02027841152786797,58.65924502676564,207,1361,0.07836973685491311,,
energy_innovation__boxcar8_max,answer_z,cell=pb_gsm8k_q8,0.12150760509978271,0.03053550376602935,37.90026296877714,207,1361,0.11318383139134885,,
energy_innovation__boxcar8_max,answer_z,cell=pb_math_q4,0.05527321894672524,0.015360150792996562,83.31648262473654,594,3772,0.10037069125323607,,
energy_innovation__boxcar8_max,answer_z,cell=pb_math_q8,0.0479578575823594,0.012349219219164704,96.02535263547796,594,3772,0.13780590800872342,,
energy_innovation__boxcar8_max,answer_z,cell=pb_olympiadbench_q4,0.05612269829220787,0.014176868007046204,82.0553951631274,661,5161,0.08863079998311299,,
energy_innovation__boxcar8_max,answer_z,cell=pb_olympiadbench_q8,0.0721385071174587,0.019004990283015777,63.83789143972409,661,5161,0.1124583925105569,,
energy_innovation__boxcar8_max,answer_z,cell=pb_omnimath_q4,0.04356035548534196,0.010914783783683902,105.71929762000516,759,4033,0.10354920629835565,,
energy_innovation__boxcar8_max,answer_z,cell=pb_omnimath_q8,0.07481986235958632,0.019556439724214256,61.55010234923338,759,4033,0.13068115702024485,,
energy_innovation__boxcar8_max,answer_z,steps_2_to_5,0.026577232629431756,0.006823836819660936,173.27500760512982,1312,5760,0.11184617925850986,"[0.03427287332590215, 0.06808514278308786]","[67.63840094541158, 134.3677882562498]"
energy_innovation__boxcar8_max,answer_z,steps_6_to_10,0.03286630742709773,0.008386166170516388,140.1182714609188,2308,14512,0.09248530213029225,"[0.030700862282570816, 0.06133152967696651]","[75.08650461261193, 150.0013303731372]"
energy_innovation__boxcar8_max,answer_z,steps_11_plus,0.07593366409846922,0.01964825806288215,60.64727997342788,822,8382,0.09783027891592251,"[0.07813221388455519, 0.14614846291813754]","[31.510219772667714, 58.94073592734098]"
energy_innovation__page_wmax,raw,macro8_all,0.011422420695039466,0.0029182896486286774,403.1693726696677,4442,28654,0.060557733221536014,"[0.01231439451019928, 0.02406195730986368]","[191.3880124831034, 373.9664327120512]"
energy_innovation__page_wmax,raw,cell=pb_gsm8k_q4,0.13011262794556475,0.035501359967006874,35.3937220291543,207,1361,0.11048485399722174,,
energy_innovation__page_wmax,raw,cell=pb_gsm8k_q8,0.1555832530735754,0.043387784331549946,29.599395147049048,207,1361,0.08860961847648638,,
energy_innovation__page_wmax,raw,cell=pb_math_q4,0.0488665023726092,0.012496706514878634,94.23981587373432,594,3772,0.08054681972463643,,
energy_innovation__page_wmax,raw,cell=pb_math_q8,0.05449296537230486,0.014051014665704147,84.50944364148317,594,3772,0.10931969978932789,,
energy_innovation__page_wmax,raw,cell=pb_olympiadbench_q4,0.04407669582657364,0.010906976342339031,104.48083958261806,661,5161,0.0732797774861082,,
energy_innovation__page_wmax,raw,cell=pb_olympiadbench_q8,0.046890490188763914,0.011839254629268091,98.21117602843063,661,5161,0.0956588467393912,,
energy_innovation__page_wmax,raw,cell=pb_omnimath_q4,0.05272059405991114,0.013735160887203331,87.35049875869805,759,4033,0.0660705023526637,,
energy_innovation__page_wmax,raw,cell=pb_omnimath_q8,0.04461670787148045,0.011107973090822558,103.21627044409911,759,4033,0.10636093335393731,,
energy_innovation__page_wmax,raw,steps_2_to_5,0.033838293643761314,0.008528784565706864,136.09345182915678,1312,5760,0.058000507219830605,"[0.037493520330245236, 0.07842459219600367]","[58.72099627217137, 122.82576150293355]"
energy_innovation__page_wmax,raw,steps_6_to_10,0.012076560452140133,0.003016490703415568,381.33127426791395,2308,14512,0.05168975828223926,"[0.01639572940499304, 0.0340630565599532]","[135.195447827258, 280.8762008834853]"
energy_innovation__page_wmax,raw,steps_11_plus,0.04658256104076784,0.011585452282011183,98.86039073630509,822,8382,0.07906996880393308,"[0.05517042629731429, 0.10525819908331993]","[43.751177828368, 83.47171655282773]"
energy_innovation__page_wmax,answer_z,macro8_all,0.011695607686317836,0.0029815080645462606,393.7521084411435,4442,28654,0.08203806748808036,"[0.012871063727128306, 0.024781961851467797]","[185.8275068612187, 357.7925091211993]"
energy_innovation__page_wmax,answer_z,cell=pb_gsm8k_q4,0.13881378527784619,0.03625091018316106,33.175164676696184,207,1361,0.060463418429365375,,
energy_innovation__page_wmax,answer_z,cell=pb_gsm8k_q8,0.12536510427708114,0.03128355923319423,36.73406736702244,207,1361,0.07420185848853379,,
energy_innovation__page_wmax,answer_z,cell=pb_math_q4,0.05491470428343351,0.013748444335645189,83.86042037519202,594,3772,0.09552020096484627,,
energy_innovation__page_wmax,answer_z,cell=pb_math_q8,0.0280298730493723,0.007067730200348677,164.29507825013926,594,3772,0.14359250668723603,,
energy_innovation__page_wmax,answer_z,cell=pb_olympiadbench_q4,0.04420021695654663,0.01127776659009173,104.18885931070088,661,5161,0.08258871892620567,,
energy_innovation__page_wmax,answer_z,cell=pb_olympiadbench_q8,0.04759741054136497,0.012246841766230282,96.75253619072251,661,5161,0.11354048989035746,,
energy_innovation__page_wmax,answer_z,cell=pb_omnimath_q4,0.02817495064196589,0.007226139953234488,163.44909506704886,759,4033,0.08597902214039252,,
energy_innovation__page_wmax,answer_z,cell=pb_omnimath_q8,0.03859290728448263,0.009699827544139311,119.32685330083258,759,4033,0.12998965083746955,,
energy_innovation__page_wmax,answer_z,steps_2_to_5,0.03804640599303053,0.009600913836679763,121.04087273924591,1312,5760,0.09581125658666556,"[0.0445668436120584, 0.08082774851281811]","[56.97511400132318, 103.33175546544823]"
energy_innovation__page_wmax,answer_z,steps_6_to_10,0.01758094491505603,0.004542562598604779,261.9409939703696,2308,14512,0.07950333171621038,"[0.021176523634540777, 0.04179104770395029]","[110.19513601600347, 217.46582514972633]"
energy_innovation__page_wmax,answer_z,steps_11_plus,0.04589790721800606,0.01163461774499833,100.33507985700604,822,8382,0.09847249043113132,"[0.056944436285376994, 0.1061272656955168]","[43.39290337697479, 80.87129290224748]"
top15_turnover__top5,raw,macro8_all,0.014557258397993149,0.0036926663103125246,316.34872859184503,4442,28654,0.032213450130197795,"[0.009237278154349158, 0.02381009013756673]","[193.41254734362448, 498.5418982776711]"
top15_turnover__top5,raw,cell=pb_gsm8k_q4,0.0710825215228506,0.01644142477487857,64.78625247569033,207,1361,0.08003319067800166,,
top15_turnover__top5,raw,cell=pb_gsm8k_q8,0.10820794495083536,0.026178542148244752,42.558521817233164,207,1361,0.15352408041157817,,
top15_turnover__top5,raw,cell=pb_math_q4,0.01934642107409176,0.004979085434071723,238.03731803166528,594,3772,0.0370981483543284,,
top15_turnover__top5,raw,cell=pb_math_q8,0.030972773067386897,0.008064369347168976,148.684464770678,594,3772,0.064940723569125,,
top15_turnover__top5,raw,cell=pb_olympiadbench_q4,0.03287298210516681,0.008651577454329916,140.08982121717136,661,5161,0.04261585854460567,,
top15_turnover__top5,raw,cell=pb_olympiadbench_q8,0.03642183158869288,0.010084625885694296,126.43982977005918,661,5161,0.0262154190896549,,
top15_turnover__top5,raw,cell=pb_omnimath_q4,0.021257137798750728,0.005424668104765403,216.6411221297505,759,4033,0.03630736156989822,,
top15_turnover__top5,raw,cell=pb_omnimath_q8,0.011804019022356909,0.003118001620816537,390.13578148814076,759,4033,0.016225190512986862,,
top15_turnover__top5,raw,steps_2_to_5,0.026999627472374867,0.006940164563575882,170.56421206922025,1312,5760,0.04470677274240707,"[0.01786275643536094, 0.053503957704392875]","[86.07158018910422, 257.8084856417648]"
top15_turnover__top5,raw,steps_6_to_10,0.030500834356043213,0.00790033810876721,150.98505608833148,2308,14512,0.045309276452302295,"[0.02094379582881792, 0.047682012669837785]","[96.5808683009135, 219.88230899632532]"
top15_turnover__top5,raw,steps_11_plus,0.012897529877982095,0.0032691435348325727,357.0583072538384,822,8382,0.01565882071373713,"[0.0057585808687590926, 0.03450141780762263]","[133.477708413787, 799.7057419079803]"
top15_turnover__top5,answer_z,macro8_all,0.037713809491642755,0.011326561164005064,122.1083271104867,4442,28654,0.013015957426871363,"[0.02982810619167647, 0.05185970121542043]","[88.80055376444685, 154.39029740591323]"
top15_turnover__top5,answer_z,cell=pb_gsm8k_q4,0.034080311837494145,0.00901925395749403,135.1269967231233,207,1361,0.04765867003866358,,
top15_turnover__top5,answer_z,cell=pb_gsm8k_q8,0.08809535730084941,0.027209315349272598,52.27483407850017,207,1361,0.0674531324108875,,
top15_turnover__top5,answer_z,cell=pb_math_q4,0.025710293274296796,0.007626016175470867,179.117761779559,594,3772,0.047151723606576185,,
top15_turnover__top5,answer_z,cell=pb_math_q8,0.02408791860600446,0.006759634352327485,191.18173974733327,594,3772,0.029956929087556913,,
top15_turnover__top5,answer_z,cell=pb_olympiadbench_q4,0.05146598326105601,0.015263078649936293,89.47988349175863,661,5161,0.017019934832735013,,
top15_turnover__top5,answer_z,cell=pb_olympiadbench_q8,0.06570202769387104,0.020075503002816086,70.09175131466576,661,5161,0.03812744575559969,,
top15_turnover__top5,answer_z,cell=pb_omnimath_q4,0.02180606268950507,0.006738207060504709,211.18760647260228,759,4033,0.014334197312300222,,
top15_turnover__top5,answer_z,cell=pb_omnimath_q8,0.03376277290981521,0.010335887580244339,136.39786632126172,759,4033,0.018970140532212007,,
top15_turnover__top5,answer_z,steps_2_to_5,0.02213132796679692,0.006952277135276702,208.08377124486674,1312,5760,0.01448958363327717,"[0.01558670236153599, 0.039228637059598274]","[117.39307126555703, 295.4550667081755]"
top15_turnover__top5,answer_z,steps_6_to_10,0.01908638480659979,0.005859047650154042,241.28038036808795,2308,14512,0.01832095740888983,"[0.014143768982128218, 0.03128833807170622]","[147.18487685200859, 325.5971015792956]"
top15_turnover__top5,answer_z,steps_11_plus,0.049263461287754405,0.014747163383159956,93.48044302223676,822,8382,0.025615553179975444,"[0.04028596973075682, 0.09663009392833652]","[47.65772233858543, 114.3120102796537]"
top15_turnover__top10,raw,macro8_all,0.05947044437461789,0.016997022638412688,77.4362834247391,4442,28654,0.03425133337982253,"[0.0498933266573139, 0.07391745414343512]","[62.30152592988207, 92.30032340032425]"
top15_turnover__top10,raw,cell=pb_gsm8k_q4,0.13797537197712476,0.038838168703254704,33.376754996185795,207,1361,0.07435880202982027,,
top15_turnover__top10,raw,cell=pb_gsm8k_q8,0.16139492762623353,0.03972292054383632,28.53354968288084,207,1361,0.14982140685559328,,
top15_turnover__top10,raw,cell=pb_math_q4,0.04827488247476226,0.013496917260619249,95.39474670695759,594,3772,0.034994069860402405,,
top15_turnover__top10,raw,cell=pb_math_q8,0.06599186691726461,0.01886662094535908,69.78390521610324,594,3772,0.06290217878808194,,
top15_turnover__top10,raw,cell=pb_olympiadbench_q4,0.0704200390257578,0.01996939453349887,65.39573464740117,661,5161,0.04525387559695957,,
top15_turnover__top10,raw,cell=pb_olympiadbench_q8,0.06690317115326672,0.019142114408084922,68.83336180639672,661,5161,0.03689227650291181,,
top15_turnover__top10,raw,cell=pb_omnimath_q4,0.05838163428314273,0.01836764405922224,78.88046031143395,759,4033,0.03530989164512025,,
top15_turnover__top10,raw,cell=pb_omnimath_q8,0.056472764879558386,0.01749609367234335,81.54674551192444,759,4033,0.01670400245598484,,
top15_turnover__top10,raw,steps_2_to_5,0.07119764718189062,0.019749031383720975,64.68149395756204,1312,5760,0.05108891620602716,"[0.05761291284540783, 0.10533351793466718]","[43.719893499089586, 79.9329518079584]"
top15_turnover__top10,raw,steps_6_to_10,0.06179972629793415,0.017783104499668852,74.51764695181238,2308,14512,0.04189662251452879,"[0.05098166841388171, 0.08232336377476666]","[55.94001477621405, 90.32992307356811]"
top15_turnover__top10,raw,steps_11_plus,0.0538099521503162,0.015335512639584218,85.5821275054048,822,8382,0.015713315529438183,"[0.04029304334058145, 0.09680600921358802]","[47.57111901831911, 114.29194233511666]"
top15_turnover__top10,answer_z,macro8_all,0.10660968327964775,0.030486988435292375,43.196546920679566,4442,28654,0.06017926219202354,"[0.09473256629586103, 0.13000897926158553]","[35.42193940867904, 48.6123237874249]"
top15_turnover__top10,answer_z,cell=pb_gsm8k_q4,0.18610322886677055,0.05292558037069843,24.745246033774553,207,1361,0.11146479951899245,,
top15_turnover__top10,answer_z,cell=pb_gsm8k_q8,0.19701198683838247,0.05354826959918353,23.375076105221524,207,1361,0.10484243596250736,,
top15_turnover__top10,answer_z,cell=pb_math_q4,0.12261784240916547,0.03421421729804405,37.557096875192315,594,3772,0.12874788169780393,,
top15_turnover__top10,answer_z,cell=pb_math_q8,0.10517980764031039,0.029484529253474764,43.783785969039464,594,3772,0.10266642181403664,,
top15_turnover__top10,answer_z,cell=pb_olympiadbench_q4,0.12678263053792496,0.03612756766908688,36.323352547970124,661,5161,0.06763952977262339,,
top15_turnover__top10,answer_z,cell=pb_olympiadbench_q8,0.1101052029212131,0.030672533652975297,41.82518231480276,661,5161,0.073957942356661,,
top15_turnover__top10,answer_z,cell=pb_omnimath_q4,0.11523456496131959,0.03618459310042356,39.96344488768534,759,4033,0.07782128804210721,,
top15_turnover__top10,answer_z,cell=pb_omnimath_q8,0.12745946962916965,0.03898566877444362,36.13046719389595,759,4033,0.07873099641063713,,
top15_turnover__top10,answer_z,steps_2_to_5,0.111644069719726,0.03354004338809635,41.24867713573165,1312,5760,0.0888541427751388,"[0.09812668408593114, 0.1576780464240857]","[29.206159579134923, 46.930865226784476]"
top15_turnover__top10,answer_z,steps_6_to_10,0.0888784048665869,0.026479409036266808,51.814275840130065,2308,14512,0.06622475807488847,"[0.07807255463558467, 0.11864325854066855]","[38.81527060730156, 58.98577557098538]"
top15_turnover__top10,answer_z,steps_11_plus,0.08891962519755042,0.02429978963229315,51.79025637767708,822,8382,0.07228777749531445,"[0.07988597145508416, 0.16515302344724106]","[27.884262061113496, 57.64679457615841]"
top15_turnover__max,raw,macro8_all,0.021550188910588755,0.00529941467399624,213.69511910521243,4442,28654,0.03418021795692852,"[0.01508048165088411, 0.03204392785126777]","[143.71428519509337, 305.3728848055797]"
top15_turnover__max,raw,cell=pb_gsm8k_q4,0.06597587467551111,0.014520368373807746,69.80082050655156,207,1361,0.055523390651476046,,
top15_turnover__max,raw,cell=pb_gsm8k_q8,0.11929470917171325,0.02860707123995063,38.60330619826058,207,1361,0.13990968329971087,,
top15_turnover__max,raw,cell=pb_math_q4,0.017321516009458568,0.003969395825500694,265.86415319960435,594,3772,0.028858072139904233,,
top15_turnover__max,raw,cell=pb_math_q8,0.027191350835569277,0.006593359810692306,169.3615816969278,594,3772,0.05529904559547641,,
top15_turnover__max,raw,cell=pb_olympiadbench_q4,0.043943116984961055,0.010935677545185072,104.79844175742357,661,5161,0.046314636869683345,,
top15_turnover__max,raw,cell=pb_olympiadbench_q8,0.024670662094930074,0.006085514664947911,186.6658530795764,661,5161,0.021853915946042995,,
top15_turnover__max,raw,cell=pb_omnimath_q4,0.02855672924788294,0.007030481406394008,161.26392297988738,759,4033,0.03943445759356021,,
top15_turnover__max,raw,cell=pb_omnimath_q8,0.013363269512996477,0.003187032125476955,344.6140318811443,759,4033,0.017526822307163223,,
top15_turnover__max,raw,steps_2_to_5,0.02778025735971014,0.00683304378072062,165.77132912623753,1312,5760,0.03645882021570804,"[0.016700955975747587, 0.05353183408259252]","[86.026758935308, 275.74290912900574]"
top15_turnover__max,raw,steps_6_to_10,0.032815462775864265,0.008313061822146289,140.33537230427814,2308,14512,0.04428156241342571,"[0.022406696708355805, 0.05015135697129319]","[91.82543532419486, 205.52651048607055]"
top15_turnover__max,raw,steps_11_plus,0.018823631051529045,0.0046223416171433515,244.6483451243597,822,8382,0.017637715890025763,"[0.009650712444428935, 0.04427234899629086]","[104.01910651666378, 477.1844786077444]"
top15_turnover__max,answer_z,macro8_all,2.594602250207043e-05,5.6897451867383986e-06,177490.41054830697,4442,28654,7.138422168610303e-06,"[3.471884753377497e-07, 0.00011982127808772851]","[38433.65935903608, 13264179.29485741]"
top15_turnover__max,answer_z,cell=pb_gsm8k_q4,0.0,0.0,inf,207,1361,,,
top15_turnover__max,answer_z,cell=pb_gsm8k_q8,0.0,0.0,inf,207,1361,,,
top15_turnover__max,answer_z,cell=pb_math_q4,0.0,0.0,inf,594,3772,,,
top15_turnover__max,answer_z,cell=pb_math_q8,0.0,0.0,inf,594,3772,,,
top15_turnover__max,answer_z,cell=pb_olympiadbench_q4,0.00025685736850598455,5.448281223774426e-05,17928.900435187614,661,5161,3.1214193724990276e-05,,
top15_turnover__max,answer_z,cell=pb_olympiadbench_q8,0.0,0.0,inf,661,5161,,,
top15_turnover__max,answer_z,cell=pb_omnimath_q4,0.0,0.0,inf,759,4033,,,
top15_turnover__max,answer_z,cell=pb_omnimath_q8,0.0,0.0,inf,759,4033,,,
top15_turnover__max,answer_z,steps_2_to_5,0.0,0.0,inf,1312,5760,,,
top15_turnover__max,answer_z,steps_6_to_10,0.0,0.0,inf,2308,14512,,,
top15_turnover__max,answer_z,steps_11_plus,0.00031413639153582266,6.354933986680648e-05,14659.779350852254,822,8382,5.011050705618046e-06,"[1.9766547686184667e-05, 0.0009592600427080715]","[4800.752643659909, 232977.97162661643]"
top15_turnover__mean,raw,macro8_all,0.018978930471238907,0.005044905014807218,242.6464543387663,4442,28654,0.020476527025080883,"[0.018507452087996736, 0.03371211417206176]","[136.6028295491635, 248.82788641526938]"
top15_turnover__mean,raw,cell=pb_gsm8k_q4,0.14362734714221714,0.03894591635580556,32.06332413442224,207,1361,0.07579988716292577,,
top15_turnover__mean,raw,cell=pb_gsm8k_q8,0.12922221850720483,0.03417326820756454,35.63760349565062,207,1361,0.06421079694785735,,
top15_turnover__mean,raw,cell=pb_math_q4,0.07009239185424213,0.01883506186916678,65.70142727565343,594,3772,0.037909299140389305,,
top15_turnover__mean,raw,cell=pb_math_q8,0.04910605389253332,0.01275663150549638,93.78009065982631,594,3772,0.02562067614436428,,
top15_turnover__mean,raw,cell=pb_olympiadbench_q4,0.057879578059153,0.015212735737311986,79.56468136795334,661,5161,0.03749273163264728,,
top15_turnover__mean,raw,cell=pb_olympiadbench_q8,0.05035853719495963,0.01291276961877303,91.44765599841574,661,5161,0.03206467718842062,,
top15_turnover__mean,raw,cell=pb_omnimath_q4,0.04563269636495338,0.011883487032905291,100.91821331699641,759,4033,0.03882898077122095,,
top15_turnover__mean,raw,cell=pb_omnimath_q8,0.031594456874013674,0.008023483885157742,145.75880206935375,759,4033,0.025905296475255753,,
top15_turnover__mean,raw,steps_2_to_5,0.031559195730099854,0.008052301556944483,145.9216586307322,1312,5760,0.024316969675736645,"[0.03697199861415593, 0.07399906358196451]","[62.232817052978106, 124.55832409949438]"
top15_turnover__mean,raw,steps_6_to_10,0.022721525739757734,0.005823398541928819,202.67873903951988,2308,14512,0.032643127915812496,"[0.024494607056350585, 0.04855729926867369]","[94.839916044488, 188.0075142823789]"
top15_turnover__mean,raw,steps_11_plus,0.037757478272801605,0.010077287372518434,121.96710152927244,822,8382,0.024154166787384936,"[0.04889341131997818, 0.09781973682544065]","[47.078128969065, 94.18795010742865]"
top15_turnover__mean,answer_z,macro8_all,0.014480820473766844,0.003745474789628356,318.0185953089277,4442,28654,0.008306659501178738,"[0.015529556981642545, 0.028979407696189036]","[158.91181194133583, 296.54227686159066]"
top15_turnover__mean,answer_z,cell=pb_gsm8k_q4,0.15647307069098218,0.0441252303544824,29.431071849307653,207,1361,0.08041937263880714,,
top15_turnover__mean,answer_z,cell=pb_gsm8k_q8,0.09059104448689545,0.02343769000258659,50.834717847350326,207,1361,0.05300326190294303,,
top15_turnover__mean,answer_z,cell=pb_math_q4,0.05073288629079216,0.012656624467482287,90.77287973706149,594,3772,0.026011881910360232,,
top15_turnover__mean,answer_z,cell=pb_math_q8,0.058010498076722594,0.014925587959887094,79.38511715409614,594,3772,0.021408676319389707,,
top15_turnover__mean,answer_z,cell=pb_olympiadbench_q4,0.03967015584912687,0.010052048499742063,116.08651610803919,661,5161,0.024199160017422353,,
top15_turnover__mean,answer_z,cell=pb_olympiadbench_q8,0.041853915323868965,0.010599654435772998,110.02961492020314,661,5161,0.02215036226925084,,
top15_turnover__mean,answer_z,cell=pb_omnimath_q4,0.05085445307329471,0.012972316430479582,90.55588857382507,759,4033,0.020198356786916387,,
top15_turnover__mean,answer_z,cell=pb_omnimath_q8,0.060801638190160254,0.015421646202370815,75.74088993433342,759,4033,0.01310679560839164,,
top15_turnover__mean,answer_z,steps_2_to_5,0.0451878702052758,0.012023165952653597,101.91164498499481,1312,5760,0.01800252658490958,"[0.04874071610779488, 0.09181358683406161]","[50.15782897482484, 94.48302269099423]"
top15_turnover__mean,answer_z,steps_6_to_10,0.02088225690394737,0.005322909088319277,220.53029072339288,2308,14512,0.009164773798473046,"[0.024456489128905495, 0.04748974287446048]","[96.9718913442403, 188.3005431284563]"
top15_turnover__mean,answer_z,steps_11_plus,0.04705538394380968,0.01249289238529351,97.86701966957216,822,8382,0.012845455656865682,"[0.05588029262202351, 0.1099088810170222]","[41.89989146805037, 82.41134700452704]"
top15_turnover__log_top5,raw,macro8_all,0.05354374608788634,0.015481875796708604,86.00762035643149,4442,28654,0.008821037284627454,"[0.04832383281915161, 0.073078192527734]","[63.01702363862349, 95.2981151810247]"
top15_turnover__log_top5,raw,cell=pb_gsm8k_q4,0.1356748414126678,0.036529486124185155,33.942698130606495,207,1361,0.09241108804993345,,
top15_turnover__log_top5,raw,cell=pb_gsm8k_q8,0.14633646439054876,0.03920965342192211,31.469737943767896,207,1361,0.054044713242884304,,
top15_turnover__log_top5,raw,cell=pb_math_q4,0.09731221724766012,0.026465627678909986,47.323659004376694,594,3772,0.020584880681092182,,
top15_turnover__log_top5,raw,cell=pb_math_q8,0.08968152742200296,0.024729710855878287,51.350264857980484,594,3772,0.022055655504467593,,
top15_turnover__log_top5,raw,cell=pb_olympiadbench_q4,0.10289502346802813,0.02937281187905973,44.75600501144766,661,5161,0.01602806509579459,,
top15_turnover__log_top5,raw,cell=pb_olympiadbench_q8,0.08816666882366833,0.024245436969885265,52.232552816511024,661,5161,0.01926544388298608,,
top15_turnover__log_top5,raw,cell=pb_omnimath_q4,0.08096192514450615,0.022091058548243867,56.88069024752663,759,4033,0.02785069710692485,,
top15_turnover__log_top5,raw,cell=pb_omnimath_q8,0.0814477218202018,0.024155608343857986,56.54142415614937,759,4033,0.023516599106496387,,
top15_turnover__log_top5,raw,steps_2_to_5,0.0748857884238803,0.020669630174747395,61.49591642036516,1312,5760,0.017260175491789084,"[0.07330970546538157, 0.12679044247876484]","[36.32111455687503, 62.81801511483023]"
top15_turnover__log_top5,raw,steps_6_to_10,0.04147069515638129,0.011420169858348712,111.04637066300714,2308,14512,0.016716215495198673,"[0.03979450158912342, 0.06861668748764889]","[67.11443461646309, 115.7237809769873]"
top15_turnover__log_top5,raw,steps_11_plus,0.09121902708629197,0.02540362481315396,50.48475447596764,822,8382,0.013530221487810853,"[0.08794543426349871, 0.16306633659286188]","[28.241084470341136, 52.36394844774157]"
top15_turnover__log_top5,answer_z,macro8_all,0.03905297097429021,0.010051759576596698,117.92112280061404,4442,28654,0.005943748735336344,"[0.03530536266349514, 0.05829785031859467]","[78.99382500076898, 130.4382631579571]"
top15_turnover__log_top5,answer_z,cell=pb_gsm8k_q4,0.17844039839427495,0.049385785147179465,25.80789007101793,207,1361,0.06130240748853503,,
top15_turnover__log_top5,answer_z,cell=pb_gsm8k_q8,0.1814982091434099,0.05016793165571717,25.37308884601357,207,1361,0.03767295768275191,,
top15_turnover__log_top5,answer_z,cell=pb_math_q4,0.0672702533826424,0.017590919064086802,68.45774996257639,594,3772,0.024359530409230595,,
top15_turnover__log_top5,answer_z,cell=pb_math_q8,0.09607657869954297,0.025478968513891503,47.932287434897994,594,3772,0.020961436376285628,,
top15_turnover__log_top5,answer_z,cell=pb_olympiadbench_q4,0.060875835734664735,0.0158347414394951,75.64857435486104,661,5161,0.013062785748631366,,
top15_turnover__log_top5,answer_z,cell=pb_olympiadbench_q8,0.06976448973112642,0.018447976595654177,66.01023247982604,661,5161,0.010120602588148108,,
top15_turnover__log_top5,answer_z,cell=pb_omnimath_q4,0.04858918663553451,0.012328694626776162,94.77767595764226,759,4033,0.01989901982560289,,
top15_turnover__log_top5,answer_z,cell=pb_omnimath_q8,0.061712786506121976,0.01567788416404336,74.62262598580367,759,4033,0.018843304473523864,,
top15_turnover__log_top5,answer_z,steps_2_to_5,0.05647896996726508,0.014282943689793512,81.53778634166355,1312,5760,0.023069572176885593,"[0.055939146776023255, 0.108385409437757]","[42.48883876415787, 82.32464117529173]"
top15_turnover__log_top5,answer_z,steps_6_to_10,0.035029271743159625,0.00899864761921887,131.46634105767188,2308,14512,0.008452003587047908,"[0.03453124140863126, 0.06505006145394036]","[70.79424804615824, 133.36242770689984]"
top15_turnover__log_top5,answer_z,steps_11_plus,0.06882855540118547,0.018174681438054497,66.9078431058975,822,8382,0.013653265318479747,"[0.07126102135747633, 0.13663471448688497]","[33.70424714745625, 64.62397111720517]"
top15_turnover__cusum_top5,raw,macro8_all,0.04899923284162549,0.013971456004792927,93.98453646963917,4442,28654,0.020671369591069334,"[0.044052346615904514, 0.06794043716759239]","[67.78246325716549, 104.53858964973857]"
top15_turnover__cusum_top5,raw,cell=pb_gsm8k_q4,0.2232829523822275,0.05999527597027036,20.624817689192497,207,1361,0.07301823900003465,,
top15_turnover__cusum_top5,raw,cell=pb_gsm8k_q8,0.20277319381038061,0.05805429375040849,22.710941714980958,207,1361,0.0507304905639905,,
top15_turnover__cusum_top5,raw,cell=pb_math_q4,0.09867327018486778,0.026195943052732245,46.67089858641703,594,3772,0.04552039142691407,,
top15_turnover__cusum_top5,raw,cell=pb_math_q8,0.07949585328684619,0.02210765813292486,57.929690613813285,594,3772,0.03318198517560953,,
top15_turnover__cusum_top5,raw,cell=pb_olympiadbench_q4,0.07589498125001154,0.020776854937400516,60.67819123398745,661,5161,0.03930006616017772,,
top15_turnover__cusum_top5,raw,cell=pb_olympiadbench_q8,0.06141311629079098,0.01651141856844534,74.98675306074065,661,5161,0.05048099449043064,,
top15_turnover__cusum_top5,raw,cell=pb_omnimath_q4,0.0800093213792809,0.02154973428347538,57.55792083471714,759,4033,0.021019142607789344,,
top15_turnover__cusum_top5,raw,cell=pb_omnimath_q8,0.06347258647130846,0.017529116449100227,72.5536872216444,759,4033,0.02697813816482376,,
top15_turnover__cusum_top5,raw,steps_2_to_5,0.11049385676744788,0.03139384764391276,41.67806537589157,1312,5760,0.023369986617377873,"[0.1018889694883085, 0.1711989681689053]","[26.899520687791878, 45.197926813034684]"
top15_turnover__cusum_top5,raw,steps_6_to_10,0.08890358041736837,0.024564012889089073,51.7996031697326,2308,14512,0.03258793707393125,"[0.07980291019792003, 0.12442461467319721]","[37.01172953666466, 57.70679508512611]"
top15_turnover__cusum_top5,raw,steps_11_plus,0.030626989499950737,0.007903179677755749,150.36313595221296,822,8382,0.016452032125881658,"[0.04401847825097399, 0.0925854990296052]","[49.7396485870378, 104.6190229414892]"
top15_turnover__cusum_top5,answer_z,macro8_all,0.0717557733658861,0.01898902755091552,64.17839248287535,4442,28654,0.013556458499763589,"[0.0649254806140047, 0.09378177967898146]","[49.10516948763141, 70.93009004225587]"
top15_turnover__cusum_top5,answer_z,cell=pb_gsm8k_q4,0.25829833114243117,0.07429405838548744,17.828880913089225,207,1361,0.07035180927560934,,
top15_turnover__cusum_top5,answer_z,cell=pb_gsm8k_q8,0.22319696395163652,0.06457450882956228,20.63276356655982,207,1361,0.08836068044135323,,
top15_turnover__cusum_top5,answer_z,cell=pb_math_q4,0.11115456690866636,0.028675115126198768,41.43032818230559,594,3772,0.024357442722436215,,
top15_turnover__cusum_top5,answer_z,cell=pb_math_q8,0.09062870050558378,0.02483170797450206,50.813596137841124,594,3772,0.027384264346476388,,
top15_turnover__cusum_top5,answer_z,cell=pb_olympiadbench_q4,0.09596848670571359,0.025908177621658774,47.986274912407445,661,5161,0.02714608308817433,,
top15_turnover__cusum_top5,answer_z,cell=pb_olympiadbench_q8,0.0858199141309882,0.022252780014568204,53.660857536622004,661,5161,0.029623906407555255,,
top15_turnover__cusum_top5,answer_z,cell=pb_omnimath_q4,0.08742297094215386,0.02261404188680798,52.67688956756282,759,4033,0.02402338237886059,,
top15_turnover__cusum_top5,answer_z,cell=pb_omnimath_q8,0.07279344008266872,0.01892207524256299,63.263532823262324,759,4033,0.019829235686433116,,
top15_turnover__cusum_top5,answer_z,steps_2_to_5,0.12233198267842282,0.03358538373585007,37.64485856567713,1312,5760,0.034900014133568955,"[0.11520022677718801, 0.1842583293618366]","[24.99300955315136, 39.9753569486897]"
top15_turnover__cusum_top5,answer_z,steps_6_to_10,0.07621953340613413,0.020455230459294406,60.41981602602501,2308,14512,0.025431184056816034,"[0.07076606860177677, 0.11133710280148584]","[41.3624036382473, 65.07596475230032]"
top15_turnover__cusum_top5,answer_z,steps_11_plus,0.07376115833165633,0.018653724699637494,62.43353941489927,822,8382,0.01261733995460857,"[0.07672760514435296, 0.1440937676071373]","[31.959537615421386, 60.01973054318672]"
top15_turnover__onset80,raw,macro8_all,0.03247649874763948,0.008901087135378677,141.80008201539317,4442,28654,0.2406981212227885,"[0.023916692323794442, 0.04435734724713277]","[103.8197834584386, 192.55046323468656]"
top15_turnover__onset80,raw,cell=pb_gsm8k_q4,0.016067711585978237,0.004122458415690478,286.61020963351575,207,1361,0.2115197607621975,,
top15_turnover__onset80,raw,cell=pb_gsm8k_q8,0.0162160153177158,0.004285887794595155,283.9890130688887,207,1361,0.251442406536894,,
top15_turnover__onset80,raw,cell=pb_math_q4,0.007209216230086905,0.0019451086730779429,638.7892995592085,594,3772,0.25579775133549676,,
top15_turnover__onset80,raw,cell=pb_math_q8,0.010831218838828647,0.0031353884317877087,425.17562007694806,594,3772,0.2516619522422079,,
top15_turnover__onset80,raw,cell=pb_olympiadbench_q4,0.03657860637354856,0.01098791664963806,125.89791253825004,661,5161,0.11998158907135095,,
top15_turnover__onset80,raw,cell=pb_olympiadbench_q8,0.02786412095787799,0.007974573618743479,165.27240148539755,661,5161,0.12041683957764074,,
top15_turnover__onset80,raw,cell=pb_omnimath_q4,0.0596395408923986,0.016846338221569758,77.2167276454512,759,4033,0.25197951105118466,,
top15_turnover__onset80,raw,cell=pb_omnimath_q8,0.05958973235787538,0.016971756683943774,77.28126983908952,759,4033,0.2544405848982809,,
top15_turnover__onset80,raw,steps_2_to_5,0.028436765939404755,0.007691347619525223,161.94423078211994,1312,5760,0.2720064417788538,"[0.01532526036589294, 0.05072792469216717]","[90.78175805404415, 300.4953962307294]"
top15_turnover__onset80,raw,steps_6_to_10,0.06538988280265412,0.018829992609809283,70.4263410271959,2308,14512,0.24614428597207633,"[0.049801130969737706, 0.0873035289082002]","[52.74895807282241, 92.47119686471542]"
top15_turnover__onset80,raw,steps_11_plus,0.0136569824660786,0.004327545925193141,337.20261393221205,822,8382,0.07564966479474422,"[0.007078484857234919, 0.02952842280997519]","[155.9572014944323, 650.5869940911363]"
top15_turnover__onset80,answer_z,macro8_all,0.0004190695777825041,8.028075411209876e-05,10989.034828908918,4442,28654,7.480197799260447e-06,"[6.478027039091807e-07, 0.0017339240561255274]","[2655.923810341726, 7108908.558420772]"
top15_turnover__onset80,answer_z,cell=pb_gsm8k_q4,0.0,0.0,inf,207,1361,,,
top15_turnover__onset80,answer_z,cell=pb_gsm8k_q8,0.007460226179836363,0.0013438238985953644,617.296322521029,207,1361,8.058547283096469e-06,,
top15_turnover__onset80,answer_z,cell=pb_math_q4,0.0001862748478440435,4.0973030771039216e-05,24722.44771255279,594,3772,3.973681878820996e-05,,
top15_turnover__onset80,answer_z,cell=pb_math_q8,0.0,0.0,inf,594,3772,,,
top15_turnover__onset80,answer_z,cell=pb_olympiadbench_q4,0.0,0.0,inf,661,5161,,,
top15_turnover__onset80,answer_z,cell=pb_olympiadbench_q8,0.0,0.0,inf,661,5161,,,
top15_turnover__onset80,answer_z,cell=pb_omnimath_q4,0.0,0.0,inf,759,4033,,,
top15_turnover__onset80,answer_z,cell=pb_omnimath_q8,0.0,0.0,inf,759,4033,,,
top15_turnover__onset80,answer_z,steps_2_to_5,0.0008793653030633726,0.00018048116284218537,5236.925052586723,1312,5760,7.734615864254482e-07,"[3.751323763958643e-06, 0.004421294126559402]","[1041.5887417044069, 1227612.0313135579]"
top15_turnover__onset80,answer_z,steps_6_to_10,0.0,0.0,inf,2308,14512,,,
top15_turnover__onset80,answer_z,steps_11_plus,0.0,0.0,inf,822,8382,,,
top15_turnover__top30,raw,macro8_all,0.20613167928535506,0.055267865227044355,22.340914322116394,4442,28654,0.027177833498496458,"[0.18525190308510944, 0.23701957377584829]","[19.429493153773223, 24.85896290022111]"
top15_turnover__top30,raw,cell=pb_gsm8k_q4,0.2762971687556689,0.07754737958625746,16.66745340434693,207,1361,0.07613032077299339,,
top15_turnover__top30,raw,cell=pb_gsm8k_q8,0.25606092433795785,0.06866228230820075,17.984665945788873,207,1361,0.07381703981620728,,
top15_turnover__top30,raw,cell=pb_math_q4,0.1505806765203902,0.041776043070952076,30.582743366573357,594,3772,0.02816750478373762,,
top15_turnover__top30,raw,cell=pb_math_q8,0.17468889509301447,0.04720183242410195,26.36212326797323,594,3772,0.045414272455444646,,
top15_turnover__top30,raw,cell=pb_olympiadbench_q4,0.2312099334725789,0.06132492825895121,19.917700406822085,661,5161,0.0571360274402978,,
top15_turnover__top30,raw,cell=pb_olympiadbench_q8,0.23476428953399525,0.06327395947524338,19.61614432556718,661,5161,0.04266341742421751,,
top15_turnover__top30,raw,cell=pb_omnimath_q4,0.2688378674132132,0.07566834800888571,17.129916370411408,759,4033,0.03033378331441651,,
top15_turnover__top30,raw,cell=pb_omnimath_q8,0.2703398018063893,0.08014798505890078,17.034747215233224,759,4033,0.02318191112477648,,
top15_turnover__top30,raw,steps_2_to_5,0.17226282886089422,0.048845965318088595,26.733394641434,1312,5760,0.04746999985760317,"[0.1532568129109735, 0.23087738393717128]","[19.946389323439742, 30.048714301942475]"
top15_turnover__top30,raw,steps_6_to_10,0.20258571857578708,0.05473322123941943,22.73195869068778,2308,14512,0.03132508275562007,"[0.1792199185047726, 0.2481676269100015]","[18.55669187527899, 25.695638210355828]"
top15_turnover__top30,raw,steps_11_plus,0.2542030930612152,0.06557245087546569,18.116106025818933,822,8382,0.02648086816907981,"[0.21195485702605904, 0.3595738997717476]","[12.807298274183383, 21.727127420448326]"
top15_turnover__top30,answer_z,macro8_all,0.15419477872616866,0.04138600972295069,29.865928172356075,4442,28654,0.04208322532566973,"[0.1402940992983017, 0.18451631538185712]","[24.958064962752356, 32.82511672993676]"
top15_turnover__top30,answer_z,cell=pb_gsm8k_q4,0.22257542437360892,0.05982353562955952,20.690380346115756,207,1361,0.07889111452681782,,
top15_turnover__top30,answer_z,cell=pb_gsm8k_q8,0.2701051151236732,0.0723006179774928,17.04954822451074,207,1361,0.09461353166738734,,
top15_turnover__top30,answer_z,cell=pb_math_q4,0.1548398859333723,0.04097018122235868,29.741498181997493,594,3772,0.06470437752061485,,
top15_turnover__top30,answer_z,cell=pb_math_q8,0.13628637371660887,0.0349943314783205,33.79039342233868,594,3772,0.06259533212800572,,
top15_turnover__top30,answer_z,cell=pb_olympiadbench_q4,0.1552599800089216,0.041928914276127174,29.661025241169476,661,5161,0.05849902188496026,,
top15_turnover__top30,answer_z,cell=pb_olympiadbench_q8,0.1602124276817704,0.04287391273601631,28.744150829143738,661,5161,0.05651070379277324,,
top15_turnover__top30,answer_z,cell=pb_omnimath_q4,0.21248825701600044,0.059941852875195115,21.672586761541936,759,4033,0.050323993103064645,,
top15_turnover__top30,answer_z,cell=pb_omnimath_q8,0.20557286122771767,0.058875157370801574,22.401644645529554,759,4033,0.0471947479233855,,
top15_turnover__top30,answer_z,steps_2_to_5,0.18145082238951382,0.050134997488983195,25.379715150049538,1312,5760,0.11770771028819224,"[0.16692423408174278, 0.24508990950545861]","[18.789717599065522, 27.588385900473508]"
top15_turnover__top30,answer_z,steps_6_to_10,0.15033429887493907,0.04150964433566092,30.632864359310755,2308,14512,0.05803303750966404,"[0.136095701403838, 0.19363672804681956]","[23.78252427852739, 33.8377343184641]"
top15_turnover__top30,answer_z,steps_11_plus,0.15301340947776162,0.04005100603917489,30.09651377422179,822,8382,0.03432981059882938,"[0.13736381864835517, 0.24037577151518905]","[19.158212813877945, 33.52535064402299]"
top15_turnover__std,raw,macro8_all,0.028317619663359758,0.007312571154065327,162.62561051156194,4442,28654,0.0038704666871046205,"[0.026278662132661793, 0.04506723808109925]","[102.18443335047537, 175.24370771768926]"
top15_turnover__std,raw,cell=pb_gsm8k_q4,0.12499430463521882,0.03380126671490694,36.8430401643318,207,1361,0.09099549660233396,,
top15_turnover__std,raw,cell=pb_gsm8k_q8,0.12509112354767418,0.035122040166376434,36.81452412754922,207,1361,0.07113949350612359,,
top15_turnover__std,raw,cell=pb_math_q4,0.04856457701130518,0.012702525236339255,94.8257036175991,594,3772,0.013321533913713676,,
top15_turnover__std,raw,cell=pb_math_q8,0.08538886542722401,0.022572047046763306,53.931741134481136,594,3772,0.024520342150845174,,
top15_turnover__std,raw,cell=pb_olympiadbench_q4,0.06693802948816921,0.01713438107069601,68.79751646710814,661,5161,0.014511984167453685,,
top15_turnover__std,raw,cell=pb_olympiadbench_q8,0.06308995121084499,0.016011838583370647,72.99371924694842,661,5161,0.017947502540466537,,
top15_turnover__std,raw,cell=pb_omnimath_q4,0.04756469375149451,0.011901207455758447,96.81908623333446,759,4033,0.01802906943373441,,
top15_turnover__std,raw,cell=pb_omnimath_q8,0.04239587898713165,0.010501260811415494,108.62306186376962,759,4033,0.015611931771795094,,
top15_turnover__std,raw,steps_2_to_5,0.03681243638909013,0.009377053741922393,125.0982178227382,1312,5760,0.023510236016306328,"[0.04140382203881497, 0.08238134852181453]","[55.90064096569924, 111.2257264962367]"
top15_turnover__std,raw,steps_6_to_10,0.03327277858873608,0.008478803668221029,138.4065407614347,2308,14512,0.006276559547125833,"[0.03214951003461809, 0.06092141174048167]","[75.59198079003153, 143.24231321190638]"
top15_turnover__std,raw,steps_11_plus,0.05856469571116077,0.015593293491858014,78.63389590036711,822,8382,0.0113575636419684,"[0.06377466337889642, 0.12469166742757663]","[36.932461334377976, 72.21002733684332]"
top15_turnover__std,answer_z,macro8_all,0.014062621734731256,0.0036539511720084,327.4759339230779,4442,28654,0.004710902805862876,"[0.014450641616313402, 0.02862432076709899]","[160.88312534847321, 318.6827483694075]"
top15_turnover__std,answer_z,cell=pb_gsm8k_q4,0.15782598884302612,0.04099645349202023,29.178782402994468,207,1361,0.05416697136706789,,
top15_turnover__std,answer_z,cell=pb_gsm8k_q8,0.10147601286983975,0.027517667434527545,45.38185976911614,207,1361,0.06376547689456641,,
top15_turnover__std,answer_z,cell=pb_math_q4,0.047667153997813544,0.012236908805524471,96.61097421925646,594,3772,0.02379490017567091,,
top15_turnover__std,answer_z,cell=pb_math_q8,0.06606455553692925,0.016713059139413223,69.70712432045138,594,3772,0.01549010215778457,,
top15_turnover__std,answer_z,cell=pb_olympiadbench_q4,0.04552596523389809,0.011708644789280322,101.15480610522316,661,5161,0.01970956513111672,,
top15_turnover__std,answer_z,cell=pb_olympiadbench_q8,0.05832266645654691,0.01463463321998313,78.9602133403684,661,5161,0.014747253314508702,,
top15_turnover__std,answer_z,cell=pb_omnimath_q4,0.04627982511366184,0.011966721164079298,99.50707840139702,759,4033,0.012629073680573713,,
top15_turnover__std,answer_z,cell=pb_omnimath_q8,0.04390570610052024,0.011596735421587345,104.8877377223988,759,4033,0.017672691656318032,,
top15_turnover__std,answer_z,steps_2_to_5,0.03594462248929438,0.009407869171043134,128.11847411555595,1312,5760,0.014315766464119162,"[0.04145047087638649, 0.08215186139784528]","[56.0567966157962, 111.1005517819477]"
top15_turnover__std,answer_z,steps_6_to_10,0.01831810811047241,0.004663746569313846,251.39988028323347,2308,14512,0.007102388832079925,"[0.021743117514194596, 0.04456960965261351]","[103.32534257943743, 211.7989834246028]"
top15_turnover__std,answer_z,steps_11_plus,0.042225308179255835,0.010787198394462972,109.06184903229406,822,8382,0.012481673777348056,"[0.052551288111928204, 0.10462487160435839]","[44.01601756227391, 87.63191829246142]"
top15_turnover__iqr,raw,macro8_all,0.03235714982108256,0.008563107768738564,142.32310977487754,4442,28654,0.016106113765915045,"[0.026614261410094476, 0.04434208247081]","[103.8555234526848, 173.0339277512847]"
top15_turnover__iqr,raw,cell=pb_gsm8k_q4,0.10915422976322192,0.030369475180605687,42.18957154457191,207,1361,0.05608071415038203,,
top15_turnover__iqr,raw,cell=pb_gsm8k_q8,0.09821725156340935,0.026544784479599678,46.88758963098229,207,1361,0.05904822281453366,,
top15_turnover__iqr,raw,cell=pb_math_q4,0.04323816082549722,0.011033494425938904,106.50707842486348,594,3772,0.018963562880825117,,
top15_turnover__iqr,raw,cell=pb_math_q8,0.047652936406543556,0.012602358777985148,96.63979878804959,594,3772,0.01883722396504264,,
top15_turnover__iqr,raw,cell=pb_olympiadbench_q4,0.06255638354861895,0.016502942806970913,73.61631099420804,661,5161,0.026755956117867255,,
top15_turnover__iqr,raw,cell=pb_olympiadbench_q8,0.034967139419889756,0.009383066179253111,131.69994064108693,661,5161,0.024287568059358784,,
top15_turnover__iqr,raw,cell=pb_omnimath_q4,0.029036856464747865,0.007459855265843918,158.59740848941377,759,4033,0.03145917364664054,,
top15_turnover__iqr,raw,cell=pb_omnimath_q8,0.019345760259285253,0.004984053073154305,238.04544893901388,759,4033,0.033745836267904436,,
top15_turnover__iqr,raw,steps_2_to_5,0.04179515295849273,0.011367105907172242,110.18431229481422,1312,5760,0.0244403011692995,"[0.03341638549577874, 0.07143735343806046]","[64.4644568192324, 137.81173869237986]"
top15_turnover__iqr,raw,steps_6_to_10,0.022933389853353078,0.005917707746146044,200.80634461088064,2308,14512,0.018387654306966587,"[0.017313735593028543, 0.03918521734181672]","[117.52315026905973, 265.9836267710121]"
top15_turnover__iqr,raw,steps_11_plus,0.0397397691761722,0.01063141341436856,115.88316393013507,822,8382,0.017513230238357318,"[0.0321716457257682, 0.08086809678437483]","[56.946686877857786, 143.14375538145177]"
top15_turnover__iqr,answer_z,macro8_all,0.0270984880766635,0.006999833049611701,169.94196033962288,4442,28654,0.019843625699467626,"[0.025390854401223954, 0.04311637734902906]","[106.80791080171294, 181.37121788883567]"
top15_turnover__iqr,answer_z,cell=pb_gsm8k_q4,0.1164264836793588,0.029037188822242294,39.55431823115809,207,1361,0.07437552899509772,,
top15_turnover__iqr,answer_z,cell=pb_gsm8k_q8,0.14382999443199965,0.04108133969730916,32.01814895546935,207,1361,0.07390391117907417,,
top15_turnover__iqr,answer_z,cell=pb_math_q4,0.07298596078119554,0.019275763189492458,63.09665772289991,594,3772,0.052922034468791325,,
top15_turnover__iqr,answer_z,cell=pb_math_q8,0.06707012042559435,0.017095626461703695,68.66202351756525,594,3772,0.04080556632380708,,
top15_turnover__iqr,answer_z,cell=pb_olympiadbench_q4,0.07776147184824408,0.020449685428267153,59.221746663634946,661,5161,0.04913903740054881,,
top15_turnover__iqr,answer_z,cell=pb_olympiadbench_q8,0.06615357498387595,0.017177342090531626,69.61332304581485,661,5161,0.03582520921204983,,
top15_turnover__iqr,answer_z,cell=pb_omnimath_q4,0.03146852867547233,0.008017792095790918,146.34208778809293,759,4033,0.04417606900831973,,
top15_turnover__iqr,answer_z,cell=pb_omnimath_q8,0.04350928197944762,0.01085026361389159,105.84339654613068,759,4033,0.04203002283838128,,
top15_turnover__iqr,answer_z,steps_2_to_5,0.03307044663190091,0.008543568472643396,139.25334112499658,1312,5760,0.03158603658310148,"[0.037644853863650685, 0.0742949757897816]","[61.98494766346608, 122.33199795828604]"
top15_turnover__iqr,answer_z,steps_6_to_10,0.027772302970499263,0.006941259898244594,165.81880843226682,2308,14512,0.02369829408383068,"[0.028232529868638924, 0.05272587304471223]","[87.34175311014475, 163.1157465312231]"
top15_turnover__iqr,answer_z,steps_11_plus,0.0720738892373079,0.018798443637457998,63.895125332077946,822,8382,0.026745202080446687,"[0.07307853538759386, 0.1385765555291276]","[33.231957371173976, 63.01672798398592]"
top15_turnover__frac_above_z,raw,macro8_all,0.009613846014620868,0.002582103684487763,479.01434857438807,4442,28654,0.012922984791543714,"[0.005346872161158882, 0.01656008632002142]","[278.08853752292123, 861.2830169087055]"
top15_turnover__frac_above_z,raw,cell=pb_gsm8k_q4,0.017408768628606498,0.006032250889783863,264.5316440371761,207,1361,0.007653820117948011,,
top15_turnover__frac_above_z,raw,cell=pb_gsm8k_q8,0.020233066821777813,0.005215708828822041,227.6061373469754,207,1361,0.021418875145563857,,
top15_turnover__frac_above_z,raw,cell=pb_math_q4,0.009024353732785727,0.0024658318575772166,510.3047068353916,594,3772,0.013935248584879366,,
top15_turnover__frac_above_z,raw,cell=pb_math_q8,0.017898722201816493,0.005015876767126866,257.290444203929,594,3772,0.03250325793762546,,
top15_turnover__frac_above_z,raw,cell=pb_olympiadbench_q4,0.018699069232613677,0.005415697487673313,246.27804350582645,661,5161,0.012337485596227944,,
top15_turnover__frac_above_z,raw,cell=pb_olympiadbench_q8,0.028475507266647326,0.008415924223644943,161.72390338352344,661,5161,0.010011266655489454,,
top15_turnover__frac_above_z,raw,cell=pb_omnimath_q4,0.0035273320948911676,0.0009442364192339196,1305.56751167774,759,4033,0.007303452768882578,,
top15_turnover__frac_above_z,raw,cell=pb_omnimath_q8,0.0015444174366884616,0.0004128073196669932,2981.8170117675527,759,4033,0.004614292591524359,,
top15_turnover__frac_above_z,raw,steps_2_to_5,0.01286264302886627,0.0036111218517177086,358.0267426883569,1312,5760,0.01081129745425495,"[0.007586839965561732, 0.028567675324508136]","[161.20213260885558, 606.9945071850641]"
top15_turnover__frac_above_z,raw,steps_6_to_10,0.017081321146314804,0.004719927515184593,269.6026932894257,2308,14512,0.020203368328137784,"[0.00970739267810734, 0.02969124510391805]","[155.10195580785512, 474.39825900665704]"
top15_turnover__frac_above_z,raw,steps_11_plus,0.009171025352357394,0.0027016084447495374,502.1434364265869,822,8382,0.004125638483321802,"[0.0035824374221841366, 0.025085516479737138]","[183.57884677032362, 1285.4851720425634]"
top15_turnover__frac_above_z,answer_z,macro8_all,0.007294581709389163,0.0019477757030046602,631.3138120120833,4442,28654,0.01185696527682344,"[0.003688505551405125, 0.013563910261800793]","[339.5164150383205, 1248.519250359747]"
top15_turnover__frac_above_z,answer_z,cell=pb_gsm8k_q4,0.014364748870141338,0.004101524987661069,320.58828369498536,207,1361,0.0046500353036397005,,
top15_turnover__frac_above_z,answer_z,cell=pb_gsm8k_q8,0.030001321138955754,0.007026897938268959,153.49891308647824,207,1361,0.01795107960150189,,
top15_turnover__frac_above_z,answer_z,cell=pb_math_q4,0.007561988007967211,0.002030666819291563,608.9893532145443,594,3772,0.012969683739917377,,
top15_turnover__frac_above_z,answer_z,cell=pb_math_q8,0.02021687829825975,0.0059082534770601635,227.78839136527327,594,3772,0.03228045692049937,,
top15_turnover__frac_above_z,answer_z,cell=pb_olympiadbench_q4,0.013074392347091492,0.0036498486425453718,352.2282385087327,661,5161,0.009241970719427778,,
top15_turnover__frac_above_z,answer_z,cell=pb_olympiadbench_q8,0.018683750928756064,0.0054612100083660815,246.47996023648005,661,5161,0.007464680655124321,,
top15_turnover__frac_above_z,answer_z,cell=pb_omnimath_q4,0.00437968902907416,0.0011894702261970866,1051.4833714031056,759,4033,0.006242392722204007,,
top15_turnover__frac_above_z,answer_z,cell=pb_omnimath_q8,0.002649925540320037,0.0006991056525810266,1737.8489002494448,759,4033,0.006381931418268181,,
top15_turnover__frac_above_z,answer_z,steps_2_to_5,0.01184197743062759,0.0033620054155877018,388.8852358456177,1312,5760,0.014357826206557431,"[0.007130014903697592, 0.027727772448306966]","[166.08511176199008, 645.8850715164525]"
top15_turnover__frac_above_z,answer_z,steps_6_to_10,0.012796672641546308,0.003525974457266263,359.87246958531387,2308,14512,0.0155919113405993,"[0.006771621489147634, 0.023362861641778806]","[197.11498773561468, 680.0690489520789]"
top15_turnover__frac_above_z,answer_z,steps_11_plus,0.005096756591150647,0.001366273911517557,903.5491696785987,822,8382,0.005335527617230317,"[0.001330178390136865, 0.02077869132937457]","[221.62946226925376, 3462.0696142223865]"
top15_turnover__slope,raw,macro8_all,0.15705129497917283,0.04315486465857046,29.32271387255228,4442,28654,0.0315246892277175,"[0.1422143863699347, 0.1871450799668373]","[24.607487339790833, 32.38188697737589]"
top15_turnover__slope,raw,cell=pb_gsm8k_q4,0.2398736469340705,0.07118818381694454,19.19831646722671,207,1361,0.10548283996735586,,
top15_turnover__slope,raw,cell=pb_gsm8k_q8,0.23645311240567446,0.06880858328466169,19.47603962212669,207,1361,0.12195566855112405,,
top15_turnover__slope,raw,cell=pb_math_q4,0.15715747437522332,0.0417782527145578,29.30290273686226,594,3772,0.04432992539108868,,
top15_turnover__slope,raw,cell=pb_math_q8,0.162658148038506,0.04287601908880818,28.311955112743025,594,3772,0.050406701115088645,,
top15_turnover__slope,raw,cell=pb_olympiadbench_q4,0.19531203720356516,0.05451920094647045,23.578527221997717,661,5161,0.03576423309023356,,
top15_turnover__slope,raw,cell=pb_olympiadbench_q8,0.1921715949301423,0.05334787444955903,23.96384433226019,661,5161,0.042498561550192944,,
top15_turnover__slope,raw,cell=pb_omnimath_q4,0.18414287245579608,0.052307784323829334,25.00868007852747,759,4033,0.047626284349040315,,
top15_turnover__slope,raw,cell=pb_omnimath_q8,0.2021025549733296,0.056429601659328234,22.78630364962883,759,4033,0.050156097581086696,,
top15_turnover__slope,raw,steps_2_to_5,0.1628833354871702,0.046617913748109086,28.272813619726165,1312,5760,0.05490797579731282,"[0.14994562724899294, 0.23377582418198906]","[19.699086516333157, 30.712267309675887]"
top15_turnover__slope,raw,steps_6_to_10,0.1717667678672427,0.047563735148269365,26.810600462293117,2308,14512,0.04220471263907539,"[0.15472185976223998, 0.2198083584361052]","[20.950841991419274, 29.764185830398013]"
top15_turnover__slope,raw,steps_11_plus,0.1654808729843636,0.04746653424372357,27.829017958004354,822,8382,0.022928936630194713,"[0.14994979786010937, 0.249579823230597]","[18.451692634356853, 30.711413097631052]"
top15_turnover__slope,answer_z,macro8_all,0.05912759139024009,0.016944747153571603,77.88529986946577,4442,28654,0.062316913343197805,"[0.054262373156750275, 0.0787717743880111]","[58.46218676380342, 84.86857315814257]"
top15_turnover__slope,answer_z,cell=pb_gsm8k_q4,0.1883572813642565,0.05485215086888759,24.449122182233772,207,1361,0.1311186697422681,,
top15_turnover__slope,answer_z,cell=pb_gsm8k_q8,0.1392589177165031,0.04063268938297509,33.06912233342992,207,1361,0.15257168704367713,,
top15_turnover__slope,answer_z,cell=pb_math_q4,0.06283141289690565,0.017065749150059293,73.29407335697347,594,3772,0.07617299309336419,,
top15_turnover__slope,answer_z,cell=pb_math_q8,0.08173945820136011,0.022938829648919207,56.339622103238554,594,3772,0.06604963760619958,,
top15_turnover__slope,answer_z,cell=pb_olympiadbench_q4,0.07528446369485486,0.0200074919928187,61.17025957246503,661,5161,0.05850905538810815,,
top15_turnover__slope,answer_z,cell=pb_olympiadbench_q8,0.08753109048103282,0.025619152685316633,52.611822389965425,661,5161,0.058944387605402396,,
top15_turnover__slope,answer_z,cell=pb_omnimath_q4,0.08048483443063505,0.022074767266885547,57.21786245279545,759,4033,0.07273528201763244,,
top15_turnover__slope,answer_z,cell=pb_omnimath_q8,0.08615565199353978,0.02508932516156246,53.451747847412285,759,4033,0.07944516108102427,,
top15_turnover__slope,answer_z,steps_2_to_5,0.07822519026583263,0.021405472118015936,58.870680535749976,1312,5760,0.1049010873874062,"[0.07696048244763719, 0.1350715090367872]","[34.094312107920985, 59.83811482888486]"
top15_turnover__slope,answer_z,steps_6_to_10,0.07732112153284623,0.02171555015533307,59.55901951101165,2308,14512,0.07176753659974339,"[0.07160571709529422, 0.11009614643051258]","[41.828622847346026, 64.31288412152128]"
top15_turnover__slope,answer_z,steps_11_plus,0.07723527809063271,0.02105408215616644,59.6252166087121,822,8382,0.044610353844964576,"[0.08076175161831188, 0.14965514016771578]","[30.77188114505898, 57.0216729294405]"
top15_turnover__jump,raw,macro8_all,0.011945865781010177,0.0030209293521574524,385.50325865110005,4442,28654,0.03294693897495554,"[0.0126402710144502, 0.025378641439452614]","[181.45849914680932, 364.3252728302676]"
top15_turnover__jump,raw,cell=pb_gsm8k_q4,0.13190067520998025,0.03521137670774222,34.91392427413171,207,1361,0.09794836470214369,,
top15_turnover__jump,raw,cell=pb_gsm8k_q8,0.1267539694985835,0.03375675955731955,36.33156582160968,207,1361,0.08634409572466248,,
top15_turnover__jump,raw,cell=pb_math_q4,0.05144266356651802,0.012860867053841062,89.52044600166103,594,3772,0.04645042754487422,,
top15_turnover__jump,raw,cell=pb_math_q8,0.06130798194441169,0.016161457347735726,75.11534452664951,594,3772,0.06364437425626356,,
top15_turnover__jump,raw,cell=pb_olympiadbench_q4,0.040581751710996906,0.010544273111758425,113.47884188893146,661,5161,0.030933619078614246,,
top15_turnover__jump,raw,cell=pb_olympiadbench_q8,0.035552861543011786,0.009266390417416653,129.5302258699139,661,5161,0.03626475389469504,,
top15_turnover__jump,raw,cell=pb_omnimath_q4,0.05841785301382944,0.015468179423378725,78.83155488268108,759,4033,0.05017918228843734,,
top15_turnover__jump,raw,cell=pb_omnimath_q8,0.048928557197232984,0.012878456190853831,94.1202939507181,759,4033,0.05295199526100189,,
top15_turnover__jump,raw,steps_2_to_5,0.03819119829533312,0.010154246192172619,120.58197677842523,1312,5760,0.0769791467441758,"[0.04384818583426152, 0.0839726429240217]","[54.84131528591807, 105.02532997362378]"
top15_turnover__jump,raw,steps_6_to_10,0.020015478247930214,0.005146129902095339,230.08044718913018,2308,14512,0.0382090339459501,"[0.022860015814402935, 0.04488377174285181]","[102.60212114908795, 201.4508748977596]"
top15_turnover__jump,raw,steps_11_plus,0.028901514746463543,0.007169468087675641,159.34009779025826,822,8382,0.016309378789205877,"[0.04082098056123495, 0.08837061849372087]","[52.11200582821891, 112.81380610345566]"
top15_turnover__jump,answer_z,macro8_all,0.01646722236943819,0.0043012530871492744,279.65676801297764,4442,28654,0.040631416380522645,"[0.01697896917561125, 0.030873330485462487]","[149.1633754303429, 271.22790190366806]"
top15_turnover__jump,answer_z,cell=pb_gsm8k_q4,0.0996780306767393,0.026797628499782022,46.200453146219175,207,1361,0.10282533950548631,,
top15_turnover__jump,answer_z,cell=pb_gsm8k_q8,0.16090021349675812,0.04367857010917456,28.621280767168642,207,1361,0.10843417119127448,,
top15_turnover__jump,answer_z,cell=pb_math_q4,0.04813247118839502,0.012105083899199615,95.67699460023614,594,3772,0.06319445864426698,,
top15_turnover__jump,answer_z,cell=pb_math_q8,0.051925621013013526,0.013136518879065197,88.68782108227363,594,3772,0.0668902269782548,,
top15_turnover__jump,answer_z,cell=pb_olympiadbench_q4,0.025578434735963614,0.006436212438893923,180.04112579700438,661,5161,0.040371815358444606,,
top15_turnover__jump,answer_z,cell=pb_olympiadbench_q8,0.05350151530380917,0.01361420490954091,86.07550944749065,661,5161,0.04734830038626775,,
top15_turnover__jump,answer_z,cell=pb_omnimath_q4,0.06980927595316427,0.019020248952325743,65.96788353853928,759,4033,0.052161955390083885,,
top15_turnover__jump,answer_z,cell=pb_omnimath_q8,0.06044964823601447,0.016246718646244246,76.18191867731069,759,4033,0.06653114580552862,,
top15_turnover__jump,answer_z,steps_2_to_5,0.037190505596672405,0.009500771201768522,123.82650120250412,1312,5760,0.10866072488317516,"[0.04209460348999605, 0.08596293835315767]","[53.57157717281462, 109.4004885230129]"
top15_turnover__jump,answer_z,steps_6_to_10,0.020568359991505823,0.005318640080641656,223.89583748485066,2308,14512,0.048941621601708445,"[0.022993537949897835, 0.046087150639153626]","[99.92308316139946, 200.28106140179935]"
top15_turnover__jump,answer_z,steps_11_plus,0.03438941661977742,0.008651610925479378,133.91242535180575,822,8382,0.020381686751674857,"[0.047534430551335355, 0.09646438835778318]","[47.739588301826686, 96.88072692939248]"
top15_turnover__q90,raw,macro8_all,0.017431922297424227,0.004380185009061317,264.1802841599724,4442,28654,0.033192833475667385,"[0.011424930423868844, 0.02729567024328879]","[168.71431054602402, 403.08080794671787]"
top15_turnover__q90,raw,cell=pb_gsm8k_q4,0.05390886768979837,0.013186992636130485,85.42509578363055,207,1361,0.04989377933550143,,
top15_turnover__q90,raw,cell=pb_gsm8k_q8,0.09960768212176604,0.024373634312190938,46.23308250821932,207,1361,0.1038986937590838,,
top15_turnover__q90,raw,cell=pb_math_q4,0.016420955778779625,0.0038431810583168346,280.4447102853315,594,3772,0.03383490941916625,,
top15_turnover__q90,raw,cell=pb_math_q8,0.030970484741184183,0.007953638090419587,148.69545066771883,594,3772,0.061102190327190956,,
top15_turnover__q90,raw,cell=pb_olympiadbench_q4,0.038306932699154334,0.009796205876249138,120.21766979243827,661,5161,0.04601663726818353,,
top15_turnover__q90,raw,cell=pb_olympiadbench_q8,0.03235245042023309,0.008672394813613937,142.343783119069,661,5161,0.024733397802386314,,
top15_turnover__q90,raw,cell=pb_omnimath_q4,0.022841035929368154,0.005730435978771088,201.61827161555905,759,4033,0.03322289784141027,,
top15_turnover__q90,raw,cell=pb_omnimath_q8,0.011949556044948724,0.0030033080346855653,385.3842074689272,759,4033,0.02018291628698884,,
top15_turnover__q90,raw,steps_2_to_5,0.024889322838459564,0.006309683291048044,185.0259332436347,1312,5760,0.0388306460806191,"[0.01595565542726064, 0.05049379971215175]","[91.20268651281198, 288.6230657826843]"
top15_turnover__q90,raw,steps_6_to_10,0.031052688787398995,0.00789159192769154,148.30181751787123,2308,14512,0.04536644394418206,"[0.020625968641716355, 0.04858570904446404]","[94.7844598042933, 223.27049293937452]"
top15_turnover__q90,raw,steps_11_plus,0.014555836463528055,0.0036735173370611284,316.37963215147903,822,8382,0.015057228533960045,"[0.006058751562247754, 0.037329943794376215]","[123.3639732048529, 760.0856609937653]"
top15_turnover__q90,answer_z,macro8_all,0.008477012800425447,0.002346819703479313,543.2538907758834,4442,28654,0.004541170155906227,"[0.004754218342517163, 0.016311562574068194]","[282.32550775419287, 968.6492824285903]"
top15_turnover__q90,answer_z,cell=pb_gsm8k_q4,0.01271410072644586,0.0029236816258337095,362.20966665846413,207,1361,0.028313853787236852,,
top15_turnover__q90,answer_z,cell=pb_gsm8k_q8,0.04852181090638091,0.01238318749058543,94.90928100093815,207,1361,0.06076066709206763,,
top15_turnover__q90,answer_z,cell=pb_math_q4,0.0015632890300789687,0.0003914258279443073,2945.8213403796894,594,3772,0.004188698424213944,,
top15_turnover__q90,answer_z,cell=pb_math_q8,0.008810323237739174,0.002343752065210791,522.701615107805,594,3772,0.009825172246772308,,
top15_turnover__q90,answer_z,cell=pb_olympiadbench_q4,0.0179105165736928,0.005294611822050683,257.1210141840479,661,5161,0.004420957912279084,,
top15_turnover__q90,answer_z,cell=pb_olympiadbench_q8,0.021565758946249996,0.006463415579618293,213.54083561194915,661,5161,0.02411070139118565,,
top15_turnover__q90,answer_z,cell=pb_omnimath_q4,0.007707443939359778,0.0020811196684577416,597.4964232267413,759,4033,0.013068493212204331,,
top15_turnover__q90,answer_z,cell=pb_omnimath_q8,0.007203574503597406,0.0020013374302484377,639.2895893126819,759,4033,0.009370251042018843,,
top15_turnover__q90,answer_z,steps_2_to_5,0.009026452907818585,0.0025232973893778844,510.1860313256782,1312,5760,0.008761314130375585,"[0.004189098590593515, 0.023267225682001014]","[197.92519524794676, 1099.3224643432486]"
top15_turnover__q90,answer_z,steps_6_to_10,0.002353667162964634,0.0006013275534155359,1956.5936333102886,2308,14512,0.002211757364296475,"[0.0013277306111166226, 0.009047398747713558]","[509.0048879686995, 3468.452220224959]"
top15_turnover__q90,answer_z,steps_11_plus,0.008717411418011335,0.0023705601245553975,528.2726677868152,822,8382,0.012158967053489341,"[0.005346904132478597, 0.034346071067854825]","[134.0814259916373, 861.2778669464064]"
top15_turnover__first_token,raw,macro8_all,0.05741070885086477,0.01531174093385012,80.21448050660543,4442,28654,0.27249544551904503,"[0.04692297109747942, 0.07512574799718222]","[61.29949196859671, 98.14319251910008]"
top15_turnover__first_token,raw,cell=pb_gsm8k_q4,0.0912848182428229,0.023488105399062577,50.448368903338036,207,1361,0.33571361429441154,,
top15_turnover__first_token,raw,cell=pb_gsm8k_q8,0.13727781889048798,0.033575836923419734,33.54635310502581,207,1361,0.416862663934241,,
top15_turnover__first_token,raw,cell=pb_math_q4,0.03272816555696835,0.008178256602849387,140.70969477259862,594,3772,0.2851053732556347,,
top15_turnover__first_token,raw,cell=pb_math_q8,0.04723825872383282,0.011985072502350144,97.48814436431957,594,3772,0.31271280979093147,,
top15_turnover__first_token,raw,cell=pb_olympiadbench_q4,0.09579795607330925,0.025931370255072115,48.071695626407646,661,5161,0.24178618323732157,,
top15_turnover__first_token,raw,cell=pb_olympiadbench_q8,0.08429399127014399,0.02298478191422837,54.63224740692986,661,5161,0.21675944090603458,,
top15_turnover__first_token,raw,cell=pb_omnimath_q4,0.09783597506348313,0.026345258440550842,47.07031521891534,759,4033,0.30248427775001985,,
top15_turnover__first_token,raw,cell=pb_omnimath_q8,0.07500686252073209,0.02087788320198268,61.396651335938905,759,4033,0.278771033265937,,
top15_turnover__first_token,raw,steps_2_to_5,0.06845502072894698,0.017971754954861807,67.27293538077542,1312,5760,0.43124178468892554,"[0.05166386186287299, 0.10819807493486344]","[42.56240407937443, 89.13716512736127]"
top15_turnover__first_token,raw,steps_6_to_10,0.10049588137286819,0.027955085198266238,45.82446686448379,2308,14512,0.2916397516344929,"[0.08295455352312187, 0.13022784969843912]","[35.36240670987051, 55.51437492463263]"
top15_turnover__first_token,raw,steps_11_plus,0.04407237576162261,0.012259389682780814,104.4910810094832,822,8382,0.1435274670720891,"[0.031129414468696857, 0.08298982272763392]","[55.4907822987151, 147.93629320008452]"
top15_turnover__first_token,answer_z,macro8_all,0.10367994217505674,0.027859233103322265,44.41717548619545,4442,28654,0.2658700286844053,"[0.09314756487625421, 0.13477091996810556]","[34.170355051949905, 49.43951237057054]"
top15_turnover__first_token,answer_z,cell=pb_gsm8k_q4,0.08143147522595304,0.022552678092437994,56.55270487498644,207,1361,0.3383511658580652,,
top15_turnover__first_token,answer_z,cell=pb_gsm8k_q8,0.16305686605703462,0.044333252682907824,28.242724745962423,207,1361,0.39252716004185245,,
top15_turnover__first_token,answer_z,cell=pb_math_q4,0.10198727604697093,0.02548004987823903,45.154360077890004,594,3772,0.3659019591727031,,
top15_turnover__first_token,answer_z,cell=pb_math_q8,0.0912270283603401,0.022522838618370414,50.480326595732194,594,3772,0.34042123253251316,,
top15_turnover__first_token,answer_z,cell=pb_olympiadbench_q4,0.18425616557282098,0.04996878861385398,24.99330305540335,661,5161,0.24060089322681955,,
top15_turnover__first_token,answer_z,cell=pb_olympiadbench_q8,0.1819539166804086,0.04866364212034257,25.309541393806892,661,5161,0.2318530475120602,,
top15_turnover__first_token,answer_z,cell=pb_omnimath_q4,0.14542369880194017,0.03969342299996306,31.66726072797876,759,4033,0.3092244786449594,,
top15_turnover__first_token,answer_z,cell=pb_omnimath_q8,0.15752995513629975,0.04219651917409247,29.23361580344232,759,4033,0.2980499572826643,,
top15_turnover__first_token,answer_z,steps_2_to_5,0.07291935822205697,0.01913517031193265,63.15428849447964,1312,5760,0.43283781521452425,"[0.06116036752933791, 0.12173120189911889]","[37.83064747692617, 75.29664016127839]"
top15_turnover__first_token,answer_z,steps_6_to_10,0.083379738073005,0.02319190592174575,55.23128631030157,2308,14512,0.26877021510048177,"[0.07153019703062374, 0.11605182606216197]","[39.68201399537978, 64.3807843003216]"
top15_turnover__first_token,answer_z,steps_11_plus,0.09225371399531428,0.025058235041817877,49.9185342957791,822,8382,0.20072885014510652,"[0.09364072045123654, 0.17922935324824948]","[25.694285576143873, 49.17914091003002]"
top15_turnover__boxcar8_max,raw,macro8_all,0.08286869064009839,0.02151229006866341,55.571895132125434,4442,28654,0.151039876234047,"[0.0745473391919283, 0.10677364873466842]","[43.130212749700995, 61.775111438004515]"
top15_turnover__boxcar8_max,raw,cell=pb_gsm8k_q4,0.16291204492834774,0.03992901746775653,28.267831196972242,207,1361,0.1368206740090758,,
top15_turnover__boxcar8_max,raw,cell=pb_gsm8k_q8,0.17080212532304856,0.04641253958462309,26.962019221236563,207,1361,0.18132175291719976,,
top15_turnover__boxcar8_max,raw,cell=pb_math_q4,0.06623190873684387,0.01708502471308442,69.53099002907493,594,3772,0.1084712171052344,,
top15_turnover__boxcar8_max,raw,cell=pb_math_q8,0.06663342485837243,0.01701908620887188,69.11201391458204,594,3772,0.11072715476523752,,
top15_turnover__boxcar8_max,raw,cell=pb_olympiadbench_q4,0.12204533571829071,0.03213380713506438,37.7332747612568,661,5161,0.11885174497486051,,
top15_turnover__boxcar8_max,raw,cell=pb_olympiadbench_q8,0.13498613643614196,0.03470318367356347,34.11587521187159,661,5161,0.13401188129948638,,
top15_turnover__boxcar8_max,raw,cell=pb_omnimath_q4,0.1431219236502744,0.039580827787979424,32.17655316903828,759,4033,0.1681032799202589,,
top15_turnover__boxcar8_max,raw,cell=pb_omnimath_q8,0.1333397874758356,0.03599357719569356,34.53710458945092,759,4033,0.1400136155947981,,
top15_turnover__boxcar8_max,raw,steps_2_to_5,0.09515971181717439,0.024350803803310363,48.39411656516757,1312,5760,0.14467495582981885,"[0.08941671296172483, 0.150556274607178]","[30.58770016728704, 51.50234260970153]"
top15_turnover__boxcar8_max,raw,steps_6_to_10,0.08700664068277042,0.022382509092961977,52.92895059330839,2308,14512,0.13331710786049666,"[0.0776143148451839, 0.12464961943412671]","[36.94491974299027, 59.3340312953088]"
top15_turnover__boxcar8_max,raw,steps_11_plus,0.09704558364300785,0.025631262117587646,47.45368117861688,822,8382,0.13871919548339087,"[0.09442753548777216, 0.1753427104959396]","[26.26382455799172, 48.769356969868554]"
top15_turnover__boxcar8_max,answer_z,macro8_all,0.0487244180027159,0.012508674952699361,94.514626849548,4442,28654,0.012620876072993194,"[0.04407977815159647, 0.06904548045972674]","[66.69763401348511, 104.47353364960851]"
top15_turnover__boxcar8_max,answer_z,cell=pb_gsm8k_q4,0.14936895611889417,0.038930340925065324,30.830838653799553,207,1361,0.08045878022632617,,
top15_turnover__boxcar8_max,answer_z,cell=pb_gsm8k_q8,0.12123010754034466,0.031271769119394534,37.987017246978176,207,1361,0.07659101252227263,,
top15_turnover__boxcar8_max,answer_z,cell=pb_math_q4,0.07044362531348579,0.018233241838425136,65.37383851972868,594,3772,0.025255373797309907,,
top15_turnover__boxcar8_max,answer_z,cell=pb_math_q8,0.0693195676283429,0.0182435704332235,66.43391387953727,594,3772,0.03570941381579632,,
top15_turnover__boxcar8_max,answer_z,cell=pb_olympiadbench_q4,0.05611538241382322,0.014571587736006234,82.06609289458703,661,5161,0.02657194183406435,,
top15_turnover__boxcar8_max,answer_z,cell=pb_olympiadbench_q8,0.06168142755058253,0.01607894999644586,74.66056427133714,661,5161,0.029253323623690847,,
top15_turnover__boxcar8_max,answer_z,cell=pb_omnimath_q4,0.11734322867579741,0.03010108843553231,39.24529977534127,759,4033,0.02490049130030158,,
top15_turnover__boxcar8_max,answer_z,cell=pb_omnimath_q8,0.0965824971089069,0.025221976284598123,47.681208540252165,759,4033,0.012966055806259641,,
top15_turnover__boxcar8_max,answer_z,steps_2_to_5,0.06888413347502043,0.017947351997399972,66.85385957069596,1312,5760,0.0307313049908929,"[0.0668658910915495, 0.11772057068095963]","[39.119502728786394, 68.87173880152017]"
top15_turnover__boxcar8_max,answer_z,steps_6_to_10,0.05662280203019703,0.014660231945897126,81.33066575426888,2308,14512,0.016365748917416975,"[0.05106072251679157, 0.08904142083608711]","[51.7194148829405, 90.19007093904045]"
top15_turnover__boxcar8_max,answer_z,steps_11_plus,0.07729027630454742,0.019500447175616293,59.5827884977705,822,8382,0.01384481096631246,"[0.07700581763821562, 0.15005973403497389]","[30.688913422402717, 59.80288668089782]"
top15_turnover__page_wmax,raw,macro8_all,0.08251968382457796,0.02320928573913843,55.80692960212811,4442,28654,0.0038651358597445304,"[0.07292726667441371, 0.10480624838134267]","[43.93984382717292, 63.14743985329976]"
top15_turnover__page_wmax,raw,cell=pb_gsm8k_q4,0.14549260929635693,0.038729197681568114,31.652261982653183,207,1361,0.08292649412902689,,
top15_turnover__page_wmax,raw,cell=pb_gsm8k_q8,0.18145663381712046,0.05018796424996562,25.378902325661866,207,1361,0.1121105353865447,,
top15_turnover__page_wmax,raw,cell=pb_math_q4,0.09757577076950452,0.027092144649594745,47.19583713939108,594,3772,0.03111666884158306,,
top15_turnover__page_wmax,raw,cell=pb_math_q8,0.12170083780734656,0.03460187142916491,37.84008614039383,594,3772,0.03444916430507082,,
top15_turnover__page_wmax,raw,cell=pb_olympiadbench_q4,0.09395060374147515,0.025507539885458785,49.0169302015364,661,5161,0.02013744023127772,,
top15_turnover__page_wmax,raw,cell=pb_olympiadbench_q8,0.09156393541486826,0.025716760710715075,50.2945855824399,661,5161,0.011147898815939796,,
top15_turnover__page_wmax,raw,cell=pb_omnimath_q4,0.12239650124621201,0.03312405511551249,37.62501492362401,759,4033,0.018950962932841296,,
top15_turnover__page_wmax,raw,cell=pb_omnimath_q8,0.13488768632370968,0.037992752377038815,34.14077527385556,759,4033,0.018473480788819645,,
top15_turnover__page_wmax,raw,steps_2_to_5,0.08463540717708412,0.023219241938916037,54.41186306757661,1312,5760,0.023824516047945835,"[0.08041119337690843, 0.13704315919665672]","[33.60379469492293, 57.27026291479654]"
top15_turnover__page_wmax,raw,steps_6_to_10,0.10337301135044816,0.029833745859633793,44.549057107139475,2308,14512,0.007621636376029494,"[0.0945066781189401, 0.1378629098000675]","[33.40398220715517, 48.72851609695049]"
top15_turnover__page_wmax,raw,steps_11_plus,0.08491883497233729,0.022891208070721855,54.23025630872406,822,8382,0.010576334045013475,"[0.08545388199605015, 0.15666320084966331]","[29.39535360577301, 53.89070781127242]"
top15_turnover__page_wmax,answer_z,macro8_all,0.05597671615840884,0.014671339830172556,82.26938809622011,4442,28654,0.004317625553450586,"[0.049728290681164106, 0.07558734251966757]","[60.92515006450772, 92.60664549108303]"
top15_turnover__page_wmax,answer_z,cell=pb_gsm8k_q4,0.15674820911030576,0.0400321862866837,29.379411810359972,207,1361,0.06495252300596835,,
top15_turnover__page_wmax,answer_z,cell=pb_gsm8k_q8,0.1451376927866342,0.0406404582152292,31.729663725315774,207,1361,0.07002241941218156,,
top15_turnover__page_wmax,answer_z,cell=pb_math_q4,0.06953514735314373,0.017848336877931897,66.2279489047475,594,3772,0.0216682983088105,,
top15_turnover__page_wmax,answer_z,cell=pb_math_q8,0.06786421447051655,0.017319775225480012,67.8585941341559,594,3772,0.017953132185898158,,
top15_turnover__page_wmax,answer_z,cell=pb_olympiadbench_q4,0.07762110937455671,0.02012669129289128,59.328837517202665,661,5161,0.02427726153087155,,
top15_turnover__page_wmax,answer_z,cell=pb_olympiadbench_q8,0.08849171511629682,0.023302826812351574,52.040693074328196,661,5161,0.027600286986416492,,
top15_turnover__page_wmax,answer_z,cell=pb_omnimath_q4,0.12370848029941822,0.03249039636173281,37.22598624477443,759,4033,0.010359395613178186,,
top15_turnover__page_wmax,answer_z,cell=pb_omnimath_q8,0.12403028488407603,0.034685308907713326,37.129401019213006,759,4033,0.018102414240819195,,
top15_turnover__page_wmax,answer_z,steps_2_to_5,0.06940207042065735,0.01805554743592652,66.35493952954715,1312,5760,0.01564662605056024,"[0.06875165678401984, 0.11732982095670617]","[39.24978448307157, 66.9826794204396]"
top15_turnover__page_wmax,answer_z,steps_6_to_10,0.0665954053791514,0.018132113526419257,69.15147013174881,2308,14512,0.005746978572703304,"[0.05945456022922701, 0.09826452497151422]","[46.86503280123807, 77.45697164747098]"
top15_turnover__page_wmax,answer_z,steps_11_plus,0.07838783149219834,0.020449165970619885,58.748534030392555,822,8382,0.016463565555821402,"[0.0783250960162679, 0.14902853302167277]","[30.90126496325624, 58.79558941149094]"
top50_js__top5,raw,macro8_all,0.056780964108252764,0.016999579638363883,81.1041210432487,4442,28654,0.05827488769799574,"[0.050277672151565755, 0.07785026163486751]","[59.15420307239574, 91.59473756273891]"
top50_js__top5,raw,cell=pb_gsm8k_q4,0.152067236206865,0.039030428158732915,30.28377644559436,207,1361,0.13289960379638457,,
top50_js__top5,raw,cell=pb_gsm8k_q8,0.11567775658232482,0.03261972943180438,39.81033451933098,207,1361,0.13943466271129454,,
top50_js__top5,raw,cell=pb_math_q4,0.09142203559710914,0.025259398336607116,50.37264983119356,594,3772,0.09978651726566269,,
top50_js__top5,raw,cell=pb_math_q8,0.08068796596185915,0.021621847249274087,57.07381678409065,594,3772,0.11914587256000021,,
top50_js__top5,raw,cell=pb_olympiadbench_q4,0.071983974936671,0.018496979694599434,63.97493594983551,661,5161,0.0861545887308941,,
top50_js__top5,raw,cell=pb_olympiadbench_q8,0.07396780953833648,0.01938778484408974,62.259112642794925,661,5161,0.08020228572414191,,
top50_js__top5,raw,cell=pb_omnimath_q4,0.09249172068889074,0.027227433345290628,49.79008014650573,759,4033,0.11706306163613847,,
top50_js__top5,raw,cell=pb_omnimath_q8,0.0725802956249694,0.020744245168922548,63.449317012754086,759,4033,0.1031801253818866,,
top50_js__top5,raw,steps_2_to_5,0.04046195472249839,0.010674489610878052,113.81482228359674,1312,5760,0.049540672025278044,"[0.04315982202606209, 0.08459798231892111]","[54.435934046598454, 106.70039795825053]"
top50_js__top5,raw,steps_6_to_10,0.04123384528906566,0.011257236955130557,111.68422817964264,2308,14512,0.04382240695021577,"[0.03690048802720079, 0.06780555331900387]","[67.91730117328606, 124.79970949417907]"
top50_js__top5,raw,steps_11_plus,0.08760687203988404,0.024500287976132996,52.56631219399701,822,8382,0.11519730341929223,"[0.08263121390409585, 0.15795315086802206]","[29.155291684152267, 55.73160514539922]"
top50_js__top5,answer_z,macro8_all,0.04863595330755087,0.012429984643382573,94.68654098064376,4442,28654,0.08101174202440756,"[0.04055681571804158, 0.06662037990860671]","[69.12554675169524, 113.54861333306044]"
top50_js__top5,answer_z,cell=pb_gsm8k_q4,0.1686734476031544,0.04244227226648487,27.302282910721566,207,1361,0.19373783293324406,,
top50_js__top5,answer_z,cell=pb_gsm8k_q8,0.1425613116741362,0.03399022834805583,32.303085121119665,207,1361,0.17994214406169798,,
top50_js__top5,answer_z,cell=pb_math_q4,0.08971090292314748,0.021853037490328808,51.3334504049435,594,3772,0.14339126664170623,,
top50_js__top5,answer_z,cell=pb_math_q8,0.09540409855195187,0.024948202446673493,48.27015040114202,594,3772,0.189977510020716,,
top50_js__top5,answer_z,cell=pb_olympiadbench_q4,0.04614919449703931,0.011150163632884319,99.78874466126457,661,5161,0.0889812760310402,,
top50_js__top5,answer_z,cell=pb_olympiadbench_q8,0.05414113500753036,0.014308596643239593,85.05861920603567,661,5161,0.09416468482698304,,
top50_js__top5,answer_z,cell=pb_omnimath_q4,0.05739659701897694,0.015385839926200061,80.23420246439858,759,4033,0.07348041635963465,,
top50_js__top5,answer_z,cell=pb_omnimath_q8,0.07818343367766756,0.0212648038272448,58.90212247487309,759,4033,0.07505469246285645,,
top50_js__top5,answer_z,steps_2_to_5,0.05659697339539113,0.016829940787166094,81.36778187441213,1312,5760,0.07471227144224787,"[0.046070709976978236, 0.08919865631978956]","[51.628246164134104, 99.95874142789026]"
top50_js__top5,answer_z,steps_6_to_10,0.04225246738862476,0.010797411369139065,108.99174582234929,2308,14512,0.059600890258912784,"[0.0342655685469683, 0.06406307513443632]","[71.88493802903069, 134.39643295793326]"
top50_js__top5,answer_z,steps_11_plus,0.06930073655047596,0.01722547239849475,66.4519659561463,822,8382,0.09919177090830174,"[0.06358164992796173, 0.14122163126671355]","[32.60952408410217, 72.42923376800962]"
top50_js__top10,raw,macro8_all,0.04643820665414821,0.013115749343514371,99.16770086074638,4442,28654,0.03883962786091439,"[0.041038852715134466, 0.06470707610080181]","[71.16949897124199, 112.21488617028953]"
top50_js__top10,raw,cell=pb_gsm8k_q4,0.12199117703539707,0.03197806581580248,37.75002666505834,207,1361,0.0747433961377999,,
top50_js__top10,raw,cell=pb_gsm8k_q8,0.11300603433519688,0.03010543995860223,40.751542278957444,207,1361,0.09788495417859583,,
top50_js__top10,raw,cell=pb_math_q4,0.102270415263236,0.027603784921044556,45.02934865508022,594,3772,0.08833854684877712,,
top50_js__top10,raw,cell=pb_math_q8,0.11090493531082536,0.031204895994009843,41.52358209381313,594,3772,0.10511145272152535,,
top50_js__top10,raw,cell=pb_olympiadbench_q4,0.059559098042462885,0.015370860969931498,77.32101958133782,661,5161,0.07312381116412651,,
top50_js__top10,raw,cell=pb_olympiadbench_q8,0.06814529320560411,0.01822518263302885,67.57869794607286,661,5161,0.07590017374321818,,
top50_js__top10,raw,cell=pb_omnimath_q4,0.09918352263272043,0.029638680396455928,46.430798823723734,759,4033,0.10310076194465022,,
top50_js__top10,raw,cell=pb_omnimath_q8,0.08848192560018442,0.026268482757370065,52.04645078359928,759,4033,0.10607970820210194,,
top50_js__top10,raw,steps_2_to_5,0.05622767210715048,0.016225153961854394,81.90220248158649,1312,5760,0.049334827143404536,"[0.05634022721520287, 0.10210478973942484]","[45.10239135441789, 81.73858029357451]"
top50_js__top10,raw,steps_6_to_10,0.04088849174067239,0.011378901794241222,112.62753870197811,2308,14512,0.03490987688511141,"[0.03635432583080765, 0.06795569154384572]","[67.7672477663889, 126.67461383881707]"
top50_js__top10,raw,steps_11_plus,0.07772208399959682,0.02123450788930397,59.25175894681338,822,8382,0.0958622110468573,"[0.07587502435937661, 0.14576623377095754]","[31.592846071774037, 60.69415100515861]"
top50_js__top10,answer_z,macro8_all,0.06088515628009092,0.01582886239080812,75.636993765818,4442,28654,0.06382063091732086,"[0.05380028082933531, 0.08387978983325518]","[54.90202342116879, 85.5975120389532]"
top50_js__top10,answer_z,cell=pb_gsm8k_q4,0.14098559808898184,0.03624640506727596,32.664117813520065,207,1361,0.19562928800201995,,
top50_js__top10,answer_z,cell=pb_gsm8k_q8,0.17473672005521376,0.04855425129959858,26.35490802696158,207,1361,0.1430095574401021,,
top50_js__top10,answer_z,cell=pb_math_q4,0.0894496871342984,0.022083366499828876,51.48335710860519,594,3772,0.13938338918535947,,
top50_js__top10,answer_z,cell=pb_math_q8,0.08241848638941299,0.021100303506532612,55.87545207066125,594,3772,0.15941453200542494,,
top50_js__top10,answer_z,cell=pb_olympiadbench_q4,0.08213744212254906,0.021284228314079154,56.06663741874477,661,5161,0.08804099028421074,,
top50_js__top10,answer_z,cell=pb_olympiadbench_q8,0.08568904928795475,0.023374061835716515,53.74280872824945,661,5161,0.12081741264967555,,
top50_js__top10,answer_z,cell=pb_omnimath_q4,0.08787680457708531,0.02364018403012604,52.40484344134803,759,4033,0.07310708067111558,,
top50_js__top10,answer_z,cell=pb_omnimath_q8,0.10059289056448675,0.027024716537256292,45.780274929428245,759,4033,0.0922551649558975,,
top50_js__top10,answer_z,steps_2_to_5,0.06751027909339627,0.018616580525683494,68.21435561860329,1312,5760,0.11822337220562758,"[0.05979358949472689, 0.11192507301083686]","[41.145116658018246, 77.017791119468]"
top50_js__top10,answer_z,steps_6_to_10,0.05019059655400502,0.013379056468511128,91.75364514810926,2308,14512,0.077581234619899,"[0.04493150603536108, 0.07753711358953531]","[59.393108316707085, 102.49311880095505]"
top50_js__top10,answer_z,steps_11_plus,0.06810297246386653,0.017173079866882386,67.620692891657,822,8382,0.08352309118698811,"[0.07273203399118947, 0.14436216522669038]","[31.90011855777199, 63.31694486291897]"
top50_js__max,raw,macro8_all,0.04251495591759093,0.012122537237204018,108.31882773004742,4442,28654,0.04898118348684967,"[0.03708532669693893, 0.061438040219661615]","[74.95633274634189, 124.1776895649731]"
top50_js__max,raw,cell=pb_gsm8k_q4,0.12016469897694469,0.02974217708161749,38.323819101578735,207,1361,0.10592138382313379,,
top50_js__max,raw,cell=pb_gsm8k_q8,0.13101476995247524,0.0350410582197216,35.15000780185766,207,1361,0.17625725667242645,,
top50_js__max,raw,cell=pb_math_q4,0.10270562451689767,0.027089294362052367,44.83853934630839,594,3772,0.11958908766137893,,
top50_js__max,raw,cell=pb_math_q8,0.09486820759134423,0.026390632558421247,48.542818536483736,594,3772,0.13030680754542587,,
top50_js__max,raw,cell=pb_olympiadbench_q4,0.06533433124589746,0.017187134991462377,70.48622214645022,661,5161,0.10030459196531329,,
top50_js__max,raw,cell=pb_olympiadbench_q8,0.06530729916538411,0.01763261943684811,70.51539789336512,661,5161,0.08301733171878817,,
top50_js__max,raw,cell=pb_omnimath_q4,0.08491144273962845,0.024567305847348446,54.234977494250536,759,4033,0.11809946314413648,,
top50_js__max,raw,cell=pb_omnimath_q8,0.07585594451090108,0.020445338544855137,60.70941724713867,759,4033,0.11602726982330733,,
top50_js__max,raw,steps_2_to_5,0.0423265175709512,0.010929017886376914,108.8010649179566,1312,5760,0.05524616569812242,"[0.04563533584450645, 0.0845996993707658]","[54.434829204363, 100.91237635851559]"
top50_js__max,raw,steps_6_to_10,0.03184835659260112,0.008519225261798675,144.5967917559032,2308,14512,0.038666249150240785,"[0.02975533030535448, 0.057627269925390925]","[79.91303755930707, 154.76790674911075]"
top50_js__max,raw,steps_11_plus,0.0661777267855105,0.0175418715843059,69.5879174108529,822,8382,0.11533699144101689,"[0.06605536323384101, 0.13140142743194996]","[35.04657655544125, 69.71682480475414]"
top50_js__max,answer_z,macro8_all,0.0007295721238607677,0.0002172027450366529,6312.152061976188,4442,28654,0.0008155731843943175,"[8.934463456839466e-05, 0.001976197362647379]","[2330.318961573177, 51543.89189943762]"
top50_js__max,answer_z,cell=pb_gsm8k_q4,0.004506379095635208,0.0008892875347822732,1021.9224988080944,207,1361,0.003947983488289353,,
top50_js__max,answer_z,cell=pb_gsm8k_q8,0.016110650539779198,0.004254197169669311,285.8463210171032,207,1361,0.01976441406895786,,
top50_js__max,answer_z,cell=pb_math_q4,0.001127364575241224,0.00034441110564926313,4084.898787069583,594,3772,0.0020830457885275067,,
top50_js__max,answer_z,cell=pb_math_q8,0.00026005860360941795,6.964188848412524e-05,17708.201620987697,594,3772,0.0018499902845517382,,
top50_js__max,answer_z,cell=pb_olympiadbench_q4,0.00020374562438116447,5.6611681358966376e-05,22602.547661945388,661,5161,4.630394746300511e-05,,
top50_js__max,answer_z,cell=pb_olympiadbench_q8,0.0008453840454355588,0.00024293335690948274,5447.429734275877,661,5161,0.0009505826172054579,,
top50_js__max,answer_z,cell=pb_omnimath_q4,0.00011034047766860736,3.0057234985110333e-05,41736.000090729125,759,4033,1.238391645625231e-05,,
top50_js__max,answer_z,cell=pb_omnimath_q8,0.00011034047766860736,3.0057234985110333e-05,41736.000090729125,759,4033,0.0036236757073658033,,
top50_js__max,answer_z,steps_2_to_5,0.0007267792818432986,0.0002053009635427407,6336.40817925932,1312,5760,0.0022468411575260186,"[4.293954296509049e-06, 0.0033359067724467095]","[1380.4852773539728, 1072477.6902567544]"
top50_js__max,answer_z,steps_6_to_10,0.000787057030750355,0.0002387092980503073,5851.126419133401,2308,14512,0.0006013216881724777,"[4.162134040374946e-05, 0.0020003338385990482]","[2302.2008112472686, 110644.44684662859]"
top50_js__max,answer_z,steps_11_plus,0.0009261226420894863,0.0002444922102264083,4972.527370239069,822,8382,0.001500813142567471,"[0.00024209193022159533, 0.007920668321994593]","[581.4118201617123, 19022.402695425724]"
top50_js__mean,raw,macro8_all,0.1610749532967291,0.045549457589810695,28.590231390628052,4442,28654,0.15991692279175423,"[0.14513711973535418, 0.19225003743461]","[23.95406652419742, 31.72978900494407]"
top50_js__mean,raw,cell=pb_gsm8k_q4,0.25551300046763137,0.06962512610690104,18.023232389584336,207,1361,0.22703172491402335,,
top50_js__mean,raw,cell=pb_gsm8k_q8,0.2658102460953397,0.06982077206724299,17.32502886414818,207,1361,0.2256887405107446,,
top50_js__mean,raw,cell=pb_math_q4,0.20692036657427743,0.06009392912465256,22.255760813834588,594,3772,0.18646892369339985,,
top50_js__mean,raw,cell=pb_math_q8,0.2138436168612882,0.059431286477123334,21.535223980874218,594,3772,0.18911010859529728,,
top50_js__mean,raw,cell=pb_olympiadbench_q4,0.16383375946597795,0.04483102614089608,28.108798827535974,661,5161,0.11922415275497078,,
top50_js__mean,raw,cell=pb_olympiadbench_q8,0.16404363674099148,0.045996546022969986,28.072836456675216,661,5161,0.12472817753367704,,
top50_js__mean,raw,cell=pb_omnimath_q4,0.1839332744946714,0.05615555516106552,25.03717828457137,759,4033,0.16191681451059386,,
top50_js__mean,raw,cell=pb_omnimath_q8,0.16131079126705028,0.04679466895217348,28.54843218990988,759,4033,0.17084852326713085,,
top50_js__mean,raw,steps_2_to_5,0.19353800342222316,0.05350692811054933,23.794655853411058,1312,5760,0.2015870230328071,"[0.17235112061458252, 0.2630366626841745]","[17.507712191123233, 26.71969970120665]"
top50_js__mean,raw,steps_6_to_10,0.13500996321484812,0.036877285416167284,34.109854386521484,2308,14512,0.1586423527379045,"[0.11932832960085131, 0.17758168358862908]","[25.932686822904806, 38.59242982276053]"
top50_js__mean,raw,steps_11_plus,0.20084996971976776,0.058273966192928274,22.928408664504012,822,8382,0.17454104902117604,"[0.18469177681866877, 0.2828529021421073]","[16.281148791870702, 24.934354226877513]"
top50_js__mean,answer_z,macro8_all,0.030052376950563654,0.007917403734308553,153.23813465948552,4442,28654,0.007026226954999746,"[0.028222031749104936, 0.04807732448581391]","[95.7867401158509, 163.1764228361817]"
top50_js__mean,answer_z,cell=pb_gsm8k_q4,0.16781137127881166,0.042874178160731885,27.44253950667498,207,1361,0.09266662546671856,,
top50_js__mean,answer_z,cell=pb_gsm8k_q8,0.08805268104977546,0.022925610836687513,52.300169978752,207,1361,0.07638245263468685,,
top50_js__mean,answer_z,cell=pb_math_q4,0.06566915801281857,0.016331391269280477,70.12683465637195,594,3772,0.034833145883503724,,
top50_js__mean,answer_z,cell=pb_math_q8,0.06046208577474899,0.015556294340619054,76.16624744215103,594,3772,0.02452214486701797,,
top50_js__mean,answer_z,cell=pb_olympiadbench_q4,0.04702842851747685,0.012230857157819994,97.92311440465642,661,5161,0.020581563941636828,,
top50_js__mean,answer_z,cell=pb_olympiadbench_q8,0.06537341609058514,0.017336677870963838,70.44408050524551,661,5161,0.019596143918736195,,
top50_js__mean,answer_z,cell=pb_omnimath_q4,0.06704339429716416,0.018033655641784923,68.68939489513411,759,4033,0.017114552514242695,,
top50_js__mean,answer_z,cell=pb_omnimath_q8,0.07816382510539763,0.02171571799233838,58.9168989590567,759,4033,0.02071433149366201,,
top50_js__mean,answer_z,steps_2_to_5,0.038605562355510714,0.009814374368499166,119.28773744000989,1312,5760,0.02694819953405341,"[0.044168274967791674, 0.08801935442734533]","[52.31997230551585, 104.26420749613308]"
top50_js__mean,answer_z,steps_6_to_10,0.02866314470066599,0.007306015696604084,160.66521081621204,2308,14512,0.009759735392091452,"[0.02881592901059012, 0.05705608474916531]","[80.71304237284635, 159.81335129940283]"
top50_js__mean,answer_z,steps_11_plus,0.10626425833155562,0.028560418914355932,43.33696257136128,822,8382,0.01739453251976117,"[0.10534451854227767, 0.1870114639486394]","[24.625068906218765, 43.71532804661222]"
top50_js__log_top5,raw,macro8_all,0.13325482590808146,0.03685598699927516,34.559125004333545,4442,28654,0.20269514032925579,"[0.11981509643467754, 0.16164380708440426]","[28.489617196305247, 38.43564227733859]"
top50_js__log_top5,raw,cell=pb_gsm8k_q4,0.24040382802750077,0.06457460149061806,19.155976940023134,207,1361,0.29082930528798373,,
top50_js__log_top5,raw,cell=pb_gsm8k_q8,0.21339202683973468,0.0561794103420351,21.58079781231351,207,1361,0.2482305244494938,,
top50_js__log_top5,raw,cell=pb_math_q4,0.1791658034547271,0.051325780769470045,25.703399293781857,594,3772,0.24423777366432342,,
top50_js__log_top5,raw,cell=pb_math_q8,0.18918057803190838,0.052238015405077866,24.342721826398876,594,3772,0.24313898679410395,,
top50_js__log_top5,raw,cell=pb_olympiadbench_q4,0.13448186023687314,0.03611124322129128,34.24380193638499,661,5161,0.15984227914264557,,
top50_js__log_top5,raw,cell=pb_olympiadbench_q8,0.12054784808230558,0.03362400578655575,38.20201073057607,661,5161,0.16289405607434312,,
top50_js__log_top5,raw,cell=pb_omnimath_q4,0.14734989791371178,0.04130111028565596,31.253297431430074,759,4033,0.21946922160432003,,
top50_js__log_top5,raw,cell=pb_omnimath_q8,0.1347052241111525,0.037696825956558246,34.18701996433427,759,4033,0.21916729617656647,,
top50_js__log_top5,raw,steps_2_to_5,0.1680527002773333,0.04471838351398962,27.403131151051372,1312,5760,0.27423450769400237,"[0.15132312694697597, 0.23375280191753928]","[19.701026675233834, 30.432692470079314]"
top50_js__log_top5,raw,steps_6_to_10,0.11441915015599637,0.031211909051538304,40.24824672888683,2308,14512,0.20056801063506335,"[0.10197893272169836, 0.15525176518186015]","[29.662594693165953, 45.15805434594665]"
top50_js__log_top5,raw,steps_11_plus,0.1422139319315295,0.04019052578839515,32.38199045228074,822,8382,0.21901814775199718,"[0.12916609971300924, 0.22185462307538711]","[20.757602984109266, 35.653086964924995]"
top50_js__log_top5,answer_z,macro8_all,0.03778793908368303,0.009568948191517936,121.86878399982974,4442,28654,0.054591423991546664,"[0.03465599177683625, 0.05702134730858149]","[80.76221280893922, 132.88236607518314]"
top50_js__log_top5,answer_z,cell=pb_gsm8k_q4,0.1076793993123833,0.028700558177929606,42.76742083811467,207,1361,0.10857702074328934,,
top50_js__log_top5,answer_z,cell=pb_gsm8k_q8,0.13769746170133856,0.034045976450733574,33.4441182073244,207,1361,0.10533836831896323,,
top50_js__log_top5,answer_z,cell=pb_math_q4,0.08902358353237051,0.02265358285658093,51.72977769776671,594,3772,0.08214407250112797,,
top50_js__log_top5,answer_z,cell=pb_math_q8,0.07439264107333327,0.01896474287112805,61.90357163752932,594,3772,0.07804803614877272,,
top50_js__log_top5,answer_z,cell=pb_olympiadbench_q4,0.08190242387620111,0.023410041294080173,56.227520115265406,661,5161,0.05575147091038986,,
top50_js__log_top5,answer_z,cell=pb_olympiadbench_q8,0.071345674269609,0.018529450246945484,64.54729362547701,661,5161,0.07168048864020429,,
top50_js__log_top5,answer_z,cell=pb_omnimath_q4,0.08206973066289042,0.020309558974784907,56.11289508070017,759,4033,0.07141391452416888,,
top50_js__log_top5,answer_z,cell=pb_omnimath_q8,0.07579950046969655,0.01911443485040063,60.75462446918323,759,4033,0.07217910224966612,,
top50_js__log_top5,answer_z,steps_2_to_5,0.05941145707809608,0.015259141082060477,77.51316686164787,1312,5760,0.12841121171411096,"[0.06131908654591792, 0.1113268815017271]","[41.36620126125286, 75.1017414869606]"
top50_js__log_top5,answer_z,steps_6_to_10,0.04521518949295473,0.011460340027618844,101.850069360113,2308,14512,0.07091696448745018,"[0.04289036120691808, 0.07743009286049347]","[59.47519905839801, 107.3707484945427]"
top50_js__log_top5,answer_z,steps_11_plus,0.09755257170738431,0.025416270019168175,47.207060822564664,822,8382,0.03743976210957704,"[0.10020229441865994, 0.17709089082160515]","[26.00455712105018, 45.95872991437714]"
top50_js__cusum_top5,raw,macro8_all,0.14681542564126,0.038594140138660846,31.367073084273283,4442,28654,0.18239484889920887,"[0.1306875726472251, 0.1781556379181839]","[25.849140896135815, 35.238011485752956]"
top50_js__cusum_top5,raw,cell=pb_gsm8k_q4,0.2757937469993434,0.07423422373612372,16.697877439545632,207,1361,0.3713403079433707,,
top50_js__cusum_top5,raw,cell=pb_gsm8k_q8,0.2411224229641324,0.06370297971643835,19.098888147259217,207,1361,0.31574424757811737,,
top50_js__cusum_top5,raw,cell=pb_math_q4,0.2097989109621577,0.05542010373135031,21.950400814133616,594,3772,0.24891514591816666,,
top50_js__cusum_top5,raw,cell=pb_math_q8,0.2081412943188135,0.055054713199945586,22.125211631163758,594,3772,0.23181234077376273,,
top50_js__cusum_top5,raw,cell=pb_olympiadbench_q4,0.13460903053136414,0.0346884058232381,34.21145050825605,661,5161,0.14452838227708323,,
top50_js__cusum_top5,raw,cell=pb_olympiadbench_q8,0.14576305546173024,0.03914129831307222,31.593534942035905,661,5161,0.14485991675408763,,
top50_js__cusum_top5,raw,cell=pb_omnimath_q4,0.1616008293567393,0.044507827452307955,28.497194007723948,759,4033,0.20125095118671962,,
top50_js__cusum_top5,raw,cell=pb_omnimath_q8,0.1444995813342315,0.03981744057610939,31.869782206055028,759,4033,0.19482916378215515,,
top50_js__cusum_top5,raw,steps_2_to_5,0.15464161139419608,0.039038380922759956,29.77963139719928,1312,5760,0.3211065056807953,"[0.13813358134010423, 0.21923569384425481]","[21.005567593658395, 33.33852739725554]"
top50_js__cusum_top5,raw,steps_6_to_10,0.11041276559555986,0.028904649834658482,41.708675270908024,2308,14512,0.19066957577968308,"[0.09800604673791406, 0.15104605977625196]","[30.488515839538202, 46.98863324528487]"
top50_js__cusum_top5,raw,steps_11_plus,0.16854653507714717,0.044487173614768255,27.32284104137894,822,8382,0.2561678982756056,"[0.15229050244540826, 0.25682276587912]","[17.931316058466674, 30.239378766505233]"
top50_js__cusum_top5,answer_z,macro8_all,0.06402159135492855,0.016687781857142023,71.93151698553606,4442,28654,0.013178312330586882,"[0.056887476581807365, 0.08703864096568291]","[52.90949094441619, 80.95226687310695]"
top50_js__cusum_top5,answer_z,cell=pb_gsm8k_q4,0.1448600969321129,0.03921110604523178,31.790467378647786,207,1361,0.0596135792165236,,
top50_js__cusum_top5,answer_z,cell=pb_gsm8k_q8,0.10603130001678082,0.027416409095199705,43.43217696339915,207,1361,0.08182331214251884,,
top50_js__cusum_top5,answer_z,cell=pb_math_q4,0.08737745435945032,0.02250177682242826,52.70432996415189,594,3772,0.031669781686998105,,
top50_js__cusum_top5,answer_z,cell=pb_math_q8,0.10121044106747283,0.02657605961478294,45.5009397984741,594,3772,0.03547677656498727,,
top50_js__cusum_top5,answer_z,cell=pb_olympiadbench_q4,0.08928227778020131,0.024246354015557105,51.57989133437303,661,5161,0.02021920984146814,,
top50_js__cusum_top5,answer_z,cell=pb_olympiadbench_q8,0.09800668445799637,0.026227865126308057,46.98832749476156,661,5161,0.0229420269138532,,
top50_js__cusum_top5,answer_z,cell=pb_omnimath_q4,0.10177329155348595,0.026455092597904607,45.24929984767064,759,4033,0.023440503883097652,,
top50_js__cusum_top5,answer_z,cell=pb_omnimath_q8,0.1081662817169004,0.02910062427711743,42.57491440854954,759,4033,0.029080208188594206,,
top50_js__cusum_top5,answer_z,steps_2_to_5,0.09198608620248594,0.023892436076809773,50.06376916451128,1312,5760,0.05914078809253984,"[0.08624545697268159, 0.15063226174471023]","[30.572270061196317, 53.39609003923289]"
top50_js__cusum_top5,answer_z,steps_6_to_10,0.06963396866291603,0.018514362749320695,66.13396126078624,2308,14512,0.019110683793550597,"[0.06439609400780262, 0.10411883689849043]","[44.229942661363516, 71.51319124153868]"
top50_js__cusum_top5,answer_z,steps_11_plus,0.06325448480082899,0.016562068388087284,72.80385257248571,822,8382,0.014249081917455404,"[0.06694771667304729, 0.13479016760931328]","[34.16547562531482, 68.78756162033683]"
top50_js__onset80,raw,macro8_all,0.028024829360664805,0.007803171022537902,164.32464678810263,4442,28654,0.2059756571006831,"[0.020977285409252287, 0.03950202869569408]","[116.58059947918773, 219.53127376323562]"
top50_js__onset80,raw,cell=pb_gsm8k_q4,0.06753036700143636,0.020308526569734146,68.19406424801662,207,1361,0.2326251069995456,,
top50_js__onset80,raw,cell=pb_gsm8k_q8,0.03182212239724327,0.008756310717247964,144.7159975221211,207,1361,0.2425843003494324,,
top50_js__onset80,raw,cell=pb_math_q4,0.01556524137424366,0.003822082336871298,295.86243317809544,594,3772,0.2040257463364822,,
top50_js__onset80,raw,cell=pb_math_q8,0.018568633846432644,0.0046573769876839385,248.0080238575454,594,3772,0.2091143797815425,,
top50_js__onset80,raw,cell=pb_olympiadbench_q4,0.030527076949103928,0.008777463532430014,150.85526182759102,661,5161,0.16014077102299282,,
top50_js__onset80,raw,cell=pb_olympiadbench_q8,0.0410914040393029,0.012958909376745176,112.07137584258162,661,5161,0.1603628169311887,,
top50_js__onset80,raw,cell=pb_omnimath_q4,0.05108532233489852,0.0152628534935312,90.14664047332647,759,4033,0.220056012128665,,
top50_js__onset80,raw,cell=pb_omnimath_q8,0.0493953485625054,0.014392085571957158,93.23084703331246,759,4033,0.21852353328122204,,
top50_js__onset80,raw,steps_2_to_5,0.040022001571674695,0.011104439339207331,115.06596384842906,1312,5760,0.3353258293229186,"[0.02968482029044466, 0.06892022602465173]","[66.81884914801196, 155.135525191994]"
top50_js__onset80,raw,steps_6_to_10,0.051265705070836366,0.014827002651050874,89.82945186504116,2308,14512,0.2190804447821422,"[0.03942991408387639, 0.07077589252813775]","[65.06693199463723, 116.7938174095903]"
top50_js__onset80,raw,steps_11_plus,0.02607365886420271,0.007787846102192686,176.6215554929525,822,8382,0.11126643110201552,"[0.015354811810641394, 0.04937224343462208]","[93.27447702647305, 299.91707112923103]"
top50_js__onset80,answer_z,macro8_all,0.002133485602119077,0.00033416062718988066,2158.5194582114937,4442,28654,0.00015848259962001788,"[0.0001229759669873618, 0.006831944072966587]","[674.0643858913238, 37447.72494012073]"
top50_js__onset80,answer_z,cell=pb_gsm8k_q4,0.0,0.0,inf,207,1361,,,
top50_js__onset80,answer_z,cell=pb_gsm8k_q8,0.0,0.0,inf,207,1361,,,
top50_js__onset80,answer_z,cell=pb_math_q4,0.0015119923210638664,0.0002998329035226628,3045.7629459042537,594,3772,1.0887106724152782e-06,,
top50_js__onset80,answer_z,cell=pb_math_q8,0.005040442696803777,0.0007497583192828775,913.6439918081604,594,3772,0.0005992780983562344,,
top50_js__onset80,answer_z,cell=pb_olympiadbench_q4,0.0,0.0,inf,661,5161,,,
top50_js__onset80,answer_z,cell=pb_olympiadbench_q8,0.0,0.0,inf,661,5161,,,
top50_js__onset80,answer_z,cell=pb_omnimath_q4,0.0,0.0,inf,759,4033,,,
top50_js__onset80,answer_z,cell=pb_omnimath_q8,0.0,0.0,inf,759,4033,,,
top50_js__onset80,answer_z,steps_2_to_5,0.005749388877705694,0.0009653999829036975,800.9842931038255,1312,5760,0.0016721634429699565,"[0.00027388213216285095, 0.019772772393117255]","[232.90462735469077, 16814.423597556364]"
top50_js__onset80,answer_z,steps_6_to_10,0.0,0.0,inf,2308,14512,,,
top50_js__onset80,answer_z,steps_11_plus,0.0,0.0,inf,822,8382,,,
top50_js__top30,raw,macro8_all,0.11230904706463272,0.03321118818262276,41.00444537952372,4442,28654,0.0310317736453764,"[0.10194970416264122, 0.13835568108592858]","[33.28500969272059, 45.171000973592086]"
top50_js__top30,raw,cell=pb_gsm8k_q4,0.24749955315076289,0.07016351599620811,18.60678181985597,207,1361,0.08979467113302562,,
top50_js__top30,raw,cell=pb_gsm8k_q8,0.20743295524745947,0.06126933223731285,22.200764485538482,207,1361,0.11510912668286896,,
top50_js__top30,raw,cell=pb_math_q4,0.14514885521884127,0.04131878930854812,31.727223608101255,594,3772,0.055522981209601086,,
top50_js__top30,raw,cell=pb_math_q8,0.17186953237968314,0.049600030419411745,26.794569824130583,594,3772,0.08070648468022976,,
top50_js__top30,raw,cell=pb_olympiadbench_q4,0.09789984731992511,0.027787541374859368,47.039605393243775,661,5161,0.04158871635336671,,
top50_js__top30,raw,cell=pb_olympiadbench_q8,0.11489951898233382,0.03309775174988101,40.07997793877755,661,5161,0.05027611454889309,,
top50_js__top30,raw,cell=pb_omnimath_q4,0.15083181802398116,0.044554160704717606,30.531821775534812,759,4033,0.05968506211073111,,
top50_js__top30,raw,cell=pb_omnimath_q8,0.13872033633200487,0.04170403850448627,33.19751312429315,759,4033,0.05948251840125489,,
top50_js__top30,raw,steps_2_to_5,0.12723753735093052,0.0399672101583346,36.1934872512244,1312,5760,0.046641429115167596,"[0.11851466703544468, 0.18375650057170553]","[25.06126407316437, 38.85738618841839]"
top50_js__top30,raw,steps_6_to_10,0.10864609596844083,0.0318169670330777,42.386890618930174,2308,14512,0.02852981501211127,"[0.09658434395214768, 0.14708059068765678]","[31.310522785210466, 47.680296801205216]"
top50_js__top30,raw,steps_11_plus,0.11457132224526363,0.03285719091997957,40.194789548904495,822,8382,0.060050975796880665,"[0.10884017294955958, 0.1898104933980152]","[24.261936753578066, 42.31130896973392]"
top50_js__top30,answer_z,macro8_all,0.05908780776369953,0.015831210747099395,77.93773978558853,4442,28654,0.07946451811742947,"[0.05467291283988635, 0.08460867121335486]","[54.42905697425962, 84.23129383054221]"
top50_js__top30,answer_z,cell=pb_gsm8k_q4,0.19685548679413298,0.052686902184867594,23.393659282680165,207,1361,0.13378135188647944,,
top50_js__top30,answer_z,cell=pb_gsm8k_q8,0.215018036121396,0.057083930372066646,21.417599514247637,207,1361,0.10631819743237916,,
top50_js__top30,answer_z,cell=pb_math_q4,0.10248181271397697,0.028637968830799953,44.93646300774319,594,3772,0.16796193975907137,,
top50_js__top30,answer_z,cell=pb_math_q8,0.11424010135616686,0.0316899625410012,40.311327907794244,594,3772,0.176133242762897,,
top50_js__top30,answer_z,cell=pb_olympiadbench_q4,0.0825470660598189,0.02164734798061088,55.788417515056075,661,5161,0.070046898409926,,
top50_js__top30,answer_z,cell=pb_olympiadbench_q8,0.07524320106275056,0.02039932130407262,61.2038047417403,661,5161,0.07969594118063969,,
top50_js__top30,answer_z,cell=pb_omnimath_q4,0.07555591838375496,0.02046067498860498,60.95048918071566,759,4033,0.092583771475659,,
top50_js__top30,answer_z,cell=pb_omnimath_q8,0.0810355893200217,0.02199838354451129,56.828983717284814,759,4033,0.09727743981464526,,
top50_js__top30,answer_z,steps_2_to_5,0.08593917045835456,0.02733563521111629,53.5863932759244,1312,5760,0.14967857722159955,"[0.08760902723899787, 0.14277890778426636]","[32.253854980781426, 52.56501905249061]"
top50_js__top30,answer_z,steps_6_to_10,0.054467914623570236,0.015028605642657712,84.5483110160283,2308,14512,0.07586414381963584,"[0.053256655353949245, 0.08911468313117607]","[51.676895705383586, 86.47126176778572]"
top50_js__top30,answer_z,steps_11_plus,0.07288753562962663,0.019098594784214152,63.181861565315785,822,8382,0.07108857601776025,"[0.07896601702594239, 0.15779624472435466]","[29.18428251592808, 58.31837997445374]"
top50_js__std,raw,macro8_all,0.15850770536613648,0.04475874069661573,29.05328908364816,4442,28654,0.17329225056589698,"[0.14286160547580984, 0.18927931820603916]","[24.330023108891137, 32.23518432856942]"
top50_js__std,raw,cell=pb_gsm8k_q4,0.28397003401063325,0.07507000021992614,16.217099110590137,207,1361,0.23472837347758688,,
top50_js__std,raw,cell=pb_gsm8k_q8,0.26066676351080004,0.07262004538688885,17.6668867329428,207,1361,0.22517828487201247,,
top50_js__std,raw,cell=pb_math_q4,0.21589999709621746,0.06187284391645075,21.330107679138887,594,3772,0.20858893079655055,,
top50_js__std,raw,cell=pb_math_q8,0.21971607570119978,0.0616197819505761,20.959641534153548,594,3772,0.20429877098051527,,
top50_js__std,raw,cell=pb_olympiadbench_q4,0.14774227151855548,0.04030831734378268,31.170294991773645,661,5161,0.13214255831894522,,
top50_js__std,raw,cell=pb_olympiadbench_q8,0.15896960433986995,0.04310139473730736,28.968872415021192,661,5161,0.136962741596523,,
top50_js__std,raw,cell=pb_omnimath_q4,0.17838651367143665,0.05193125588292692,25.815685789286626,759,4033,0.1897025367045092,,
top50_js__std,raw,cell=pb_omnimath_q8,0.16332194418973256,0.04701247187321875,28.196885659395683,759,4033,0.19135397069044358,,
top50_js__std,raw,steps_2_to_5,0.2026991036867935,0.055622222889424394,22.719242967664556,1312,5760,0.2182561410891793,"[0.18037973677715657, 0.2731657595172805]","[16.85851914283118, 25.530418595063026]"
top50_js__std,raw,steps_6_to_10,0.13437823802020177,0.0366522175774198,34.270208136646154,2308,14512,0.17312227710259467,"[0.11982496774244275, 0.17791234707740727]","[25.884488972451383, 38.43247590841547]"
top50_js__std,raw,steps_11_plus,0.19695082815310488,0.05893952084053966,23.382334713556737,822,8382,0.1880790524369071,"[0.18287386338082404, 0.27650130198749534]","[16.655148286413343, 25.182221783099187]"
top50_js__std,answer_z,macro8_all,0.027762564812915225,0.007064911631664288,165.87697199524425,4442,28654,0.00972222228021145,"[0.02623279632965531, 0.04609407523563559]","[99.90807196903711, 175.5501063675053]"
top50_js__std,answer_z,cell=pb_gsm8k_q4,0.13557282652478142,0.03914288655066324,33.96823909359381,207,1361,0.06157273028610409,,
top50_js__std,answer_z,cell=pb_gsm8k_q8,0.16273850904050036,0.04447439357603568,28.29797454296459,207,1361,0.04735532202635753,,
top50_js__std,answer_z,cell=pb_math_q4,0.0548607681602039,0.013992085540656106,83.94286737910991,594,3772,0.02377768150557087,,
top50_js__std,answer_z,cell=pb_math_q8,0.05454771989383052,0.013971651382983648,84.42461380514914,594,3772,0.035199387798997395,,
top50_js__std,answer_z,cell=pb_olympiadbench_q4,0.05055059596723532,0.013073987152504277,91.10021549445156,661,5161,0.02288441912328077,,
top50_js__std,answer_z,cell=pb_olympiadbench_q8,0.058759744505903024,0.01470262411742405,78.37287627289555,661,5161,0.018697090234057634,,
top50_js__std,answer_z,cell=pb_omnimath_q4,0.06280997983676306,0.016182947146497314,73.31908397290485,759,4033,0.016970517508190338,,
top50_js__std,answer_z,cell=pb_omnimath_q8,0.05336024572326355,0.013905484954899423,86.303391664862,759,4033,0.018937215677794328,,
top50_js__std,answer_z,steps_2_to_5,0.0418793104138288,0.010657270740618247,109.9628943380939,1312,5760,0.026034219922837012,"[0.047845710559727854, 0.09216785231356023]","[49.9650373789881, 96.25042939302281]"
top50_js__std,answer_z,steps_6_to_10,0.03371559453658665,0.008552009274084916,136.58872842923674,2308,14512,0.01328384477971719,"[0.03456357382578069, 0.06466527243127354]","[71.21550737890236, 133.23767412480746]"
top50_js__std,answer_z,steps_11_plus,0.09251930336390729,0.02379385011998128,49.775236286361995,822,8382,0.02066297907072557,"[0.09164733395854391, 0.17296480553020796]","[26.624897312903393, 50.24881780053975]"
top50_js__iqr,raw,macro8_all,0.1486539063392961,0.04170357290351367,30.979140066975372,4442,28654,0.015386211812017209,"[0.13611734815806248, 0.17600678400928038]","[26.164731160278873, 33.83235310050609]"
top50_js__iqr,raw,cell=pb_gsm8k_q4,0.21523637165181703,0.05978653544498904,21.39587352567795,207,1361,0.07192478868991438,,
top50_js__iqr,raw,cell=pb_gsm8k_q8,0.205095476917161,0.05280151466358918,22.453787159080747,207,1361,0.0795149065255553,,
top50_js__iqr,raw,cell=pb_math_q4,0.14757925080102857,0.040333722543666004,31.20472668747276,594,3772,0.03220282079741495,,
top50_js__iqr,raw,cell=pb_math_q8,0.14666563937309224,0.04060607868864541,31.399107559701346,594,3772,0.04073326912239299,,
top50_js__iqr,raw,cell=pb_olympiadbench_q4,0.21798119900724694,0.06229703698208542,21.12645589143213,661,5161,0.021806686169989938,,
top50_js__iqr,raw,cell=pb_olympiadbench_q8,0.22083459150484808,0.061602874888746946,20.853482031989508,661,5161,0.028107963223093006,,
top50_js__iqr,raw,cell=pb_omnimath_q4,0.16635107029868115,0.046961057187473815,27.683441878189118,759,4033,0.030469852098131977,,
top50_js__iqr,raw,cell=pb_omnimath_q8,0.15945106407226173,0.045187938380297804,28.881401405393394,759,4033,0.04243516641682262,,
top50_js__iqr,raw,steps_2_to_5,0.12764897163936342,0.035089928917094254,36.076829502384996,1312,5760,0.01347908595508145,"[0.1164563071653587, 0.1931396568898583]","[23.84373183708347, 39.5441887011677]"
top50_js__iqr,raw,steps_6_to_10,0.1389774481814994,0.03794056969490821,33.13609687216238,2308,14512,0.013323119292490679,"[0.12473328131744155, 0.18174667983393442]","[25.338400625507592, 36.92013981631819]"
top50_js__iqr,raw,steps_11_plus,0.2194590329673604,0.06065452607218507,20.984190642419385,822,8382,0.037191632440137304,"[0.19914959387909306, 0.3184251239393457]","[14.462333025158198, 23.124175632434206]"
top50_js__iqr,answer_z,macro8_all,0.10790332184206584,0.02619820555218021,42.678669269594046,4442,28654,0.010941109938378057,"[0.09755884697534624, 0.1372979448654365]","[33.54143567481323, 47.20402432751023]"
top50_js__iqr,answer_z,cell=pb_gsm8k_q4,0.19367306458881886,0.052710710110589254,23.77806225024209,207,1361,0.10238825550976938,,
top50_js__iqr,answer_z,cell=pb_gsm8k_q8,0.16322327748092944,0.041736235976699246,28.2139303723156,207,1361,0.0761522715658993,,
top50_js__iqr,answer_z,cell=pb_math_q4,0.11923611474458518,0.029505114940563456,38.622276445796594,594,3772,0.03671296734429898,,
top50_js__iqr,answer_z,cell=pb_math_q8,0.13223109521372256,0.03407404930453577,34.82668111116258,594,3772,0.03416734903194868,,
top50_js__iqr,answer_z,cell=pb_olympiadbench_q4,0.17228463640073888,0.04281016611252815,26.73001076704447,661,5161,0.020845255280105113,,
top50_js__iqr,answer_z,cell=pb_olympiadbench_q8,0.18938088094422129,0.047000323167394824,24.31697520376654,661,5161,0.020697557004372497,,
top50_js__iqr,answer_z,cell=pb_omnimath_q4,0.10084470981132075,0.024866609286267834,45.66595704032775,759,4033,0.029069876021225197,,
top50_js__iqr,answer_z,cell=pb_omnimath_q8,0.11772123701556361,0.0291623621411819,39.11928130163341,759,4033,0.037828815523144536,,
top50_js__iqr,answer_z,steps_2_to_5,0.11516758394136073,0.029251274428903178,39.98668747216996,1312,5760,0.012974855607008041,"[0.10291871310418106, 0.17984891694815713]","[25.605771022327414, 44.74570315824331]"
top50_js__iqr,answer_z,steps_6_to_10,0.11594226333296233,0.030107683415047378,39.719512571209606,2308,14512,0.00972705173832339,"[0.10397811206170528, 0.1578250761044003]","[29.178951150587757, 44.28980383155233]"
top50_js__iqr,answer_z,steps_11_plus,0.1480457237052185,0.03583689305354498,31.10640463454172,822,8382,0.034229978607390674,"[0.13556219369610045, 0.2398201151912372]","[19.202601843118288, 33.97090339443631]"
top50_js__frac_above_z,raw,macro8_all,0.0,0.0,inf,4442,28654,,,
top50_js__frac_above_z,raw,cell=pb_gsm8k_q4,0.0,0.0,inf,207,1361,,,
top50_js__frac_above_z,raw,cell=pb_gsm8k_q8,0.0,0.0,inf,207,1361,,,
top50_js__frac_above_z,raw,cell=pb_math_q4,0.0,0.0,inf,594,3772,,,
top50_js__frac_above_z,raw,cell=pb_math_q8,0.0,0.0,inf,594,3772,,,
top50_js__frac_above_z,raw,cell=pb_olympiadbench_q4,0.0,0.0,inf,661,5161,,,
top50_js__frac_above_z,raw,cell=pb_olympiadbench_q8,0.0,0.0,inf,661,5161,,,
top50_js__frac_above_z,raw,cell=pb_omnimath_q4,0.0,0.0,inf,759,4033,,,
top50_js__frac_above_z,raw,cell=pb_omnimath_q8,0.0,0.0,inf,759,4033,,,
top50_js__frac_above_z,raw,steps_2_to_5,0.0,0.0,inf,1312,5760,,,
top50_js__frac_above_z,raw,steps_6_to_10,0.0,0.0,inf,2308,14512,,,
top50_js__frac_above_z,raw,steps_11_plus,0.0,0.0,inf,822,8382,,,
top50_js__frac_above_z,answer_z,macro8_all,0.0,0.0,inf,4442,28654,,,
top50_js__frac_above_z,answer_z,cell=pb_gsm8k_q4,0.0,0.0,inf,207,1361,,,
top50_js__frac_above_z,answer_z,cell=pb_gsm8k_q8,0.0,0.0,inf,207,1361,,,
top50_js__frac_above_z,answer_z,cell=pb_math_q4,0.0,0.0,inf,594,3772,,,
top50_js__frac_above_z,answer_z,cell=pb_math_q8,0.0,0.0,inf,594,3772,,,
top50_js__frac_above_z,answer_z,cell=pb_olympiadbench_q4,0.0,0.0,inf,661,5161,,,
top50_js__frac_above_z,answer_z,cell=pb_olympiadbench_q8,0.0,0.0,inf,661,5161,,,
top50_js__frac_above_z,answer_z,cell=pb_omnimath_q4,0.0,0.0,inf,759,4033,,,
top50_js__frac_above_z,answer_z,cell=pb_omnimath_q8,0.0,0.0,inf,759,4033,,,
top50_js__frac_above_z,answer_z,steps_2_to_5,0.0,0.0,inf,1312,5760,,,
top50_js__frac_above_z,answer_z,steps_6_to_10,0.0,0.0,inf,2308,14512,,,
top50_js__frac_above_z,answer_z,steps_11_plus,0.0,0.0,inf,822,8382,,,
top50_js__slope,raw,macro8_all,0.23381338369951157,0.06535359068024137,19.695922077354172,4442,28654,0.16929560578677982,"[0.21364367481490384, 0.26973541845958493]","[17.072916164615936, 21.55537808445726]"
top50_js__slope,raw,cell=pb_gsm8k_q4,0.30355819699328523,0.07768770968154629,15.17063361029898,207,1361,0.1920404625962926,,
top50_js__slope,raw,cell=pb_gsm8k_q8,0.27272384394180754,0.07603702157014035,16.8858363076267,207,1361,0.20931811723221688,,
top50_js__slope,raw,cell=pb_math_q4,0.24882054543720006,0.07230496793057255,18.50799811525368,594,3772,0.18475991264027858,,
top50_js__slope,raw,cell=pb_math_q8,0.26947332314202116,0.07746738526406849,17.08952163536061,594,3772,0.18523242192630163,,
top50_js__slope,raw,cell=pb_olympiadbench_q4,0.25596578655421715,0.07013857276674441,17.99135051595129,661,5161,0.1362090689357136,,
top50_js__slope,raw,cell=pb_olympiadbench_q8,0.24024165549892476,0.06547487463962458,19.16890797486493,661,5161,0.14074178550732666,,
top50_js__slope,raw,cell=pb_omnimath_q4,0.2737447431917303,0.07849197721853036,16.82286254082563,759,4033,0.19023316953006048,,
top50_js__slope,raw,cell=pb_omnimath_q8,0.2793724307242817,0.0776427326334519,16.48398223850881,759,4033,0.1936188763719517,,
top50_js__slope,raw,steps_2_to_5,0.2760277366896582,0.07730806252300011,16.68372258968217,1312,5760,0.22357573094777358,"[0.24619245222405006, 0.35452627107178303]","[12.98964438394371, 18.705570152073985]"
top50_js__slope,raw,steps_6_to_10,0.2398981985300057,0.06589580947400216,19.196351678364486,2308,14512,0.1818444738101436,"[0.2173765494926279, 0.2904734425374382]","[15.854014555545973, 21.18522074592168]"
top50_js__slope,raw,steps_11_plus,0.23211200112587294,0.06263500414191038,19.84029332240661,822,8382,0.17162479670605804,"[0.21278789850910765, 0.33163880873248264]","[13.88610158017684, 21.642068079313184]"
top50_js__slope,answer_z,macro8_all,0.06365424356751553,0.018185332537713848,72.34663280702677,4442,28654,0.04090517586673522,"[0.05798546361093146, 0.08633454864637001]","[53.34098872574252, 79.41939064051773]"
top50_js__slope,answer_z,cell=pb_gsm8k_q4,0.14809954561043598,0.040739322851278646,31.095100035631603,207,1361,0.13706101647120153,,
top50_js__slope,answer_z,cell=pb_gsm8k_q8,0.15212939855221153,0.042340433304149,30.271402042042357,207,1361,0.10838338539644383,,
top50_js__slope,answer_z,cell=pb_math_q4,0.07089931782507881,0.01885575983621778,64.95366002462623,594,3772,0.07144050073311678,,
top50_js__slope,answer_z,cell=pb_math_q8,0.07808596850108494,0.021296012773083028,58.97564279969335,594,3772,0.0628785411306497,,
top50_js__slope,answer_z,cell=pb_olympiadbench_q4,0.09764271055150715,0.027271038497413608,47.16348163602889,661,5161,0.04932736767475677,,
top50_js__slope,answer_z,cell=pb_olympiadbench_q8,0.09750776458654073,0.028798527107041366,47.2287535819866,661,5161,0.04741227469992196,,
top50_js__slope,answer_z,cell=pb_omnimath_q4,0.09650639865985164,0.026981685965013432,47.71880673135018,759,4033,0.050665996241655034,,
top50_js__slope,answer_z,cell=pb_omnimath_q8,0.10241216002968861,0.028615217083615366,44.967025250254295,759,4033,0.05763018626012878,,
top50_js__slope,answer_z,steps_2_to_5,0.0920733173447935,0.025793065634938068,50.01633827032411,1312,5760,0.09433568921616167,"[0.09061218380309646, 0.15004222904179623]","[30.69249380922794, 50.82285839170693]"
top50_js__slope,answer_z,steps_6_to_10,0.0879639406282868,0.025600003839946265,52.35293181609914,2308,14512,0.04406072632265918,"[0.08169261841844856, 0.1251945725062443]","[36.784104085330064, 56.371925336011884]"
top50_js__slope,answer_z,steps_11_plus,0.07827307339515491,0.021107178749616047,58.83466671532475,822,8382,0.03239413803933662,"[0.08341619361554871, 0.15691691942508013]","[29.34782433188683, 55.20714847302373]"
top50_js__jump,raw,macro8_all,0.19404141553664328,0.05339359518767228,23.73292409381769,4442,28654,0.23278685110504793,"[0.17603306682123576, 0.22808261418755632]","[20.190798857650677, 26.16082460612194]"
top50_js__jump,raw,cell=pb_gsm8k_q4,0.26703242987572623,0.07023019745577731,17.245733741520773,207,1361,0.3227062840322728,,
top50_js__jump,raw,cell=pb_gsm8k_q8,0.21804295850785438,0.055960010431557086,21.120471935910757,207,1361,0.29923588693061953,,
top50_js__jump,raw,cell=pb_math_q4,0.24635325717605416,0.06926959605211756,18.69336025339031,594,3772,0.300239332467243,,
top50_js__jump,raw,cell=pb_math_q8,0.23630099703929172,0.0656620587484687,19.488577042365808,594,3772,0.28354035843109215,,
top50_js__jump,raw,cell=pb_olympiadbench_q4,0.20433922667347046,0.05370897927846528,22.536887610654667,661,5161,0.16930455091582816,,
top50_js__jump,raw,cell=pb_olympiadbench_q8,0.18803836635661275,0.05058431213453904,24.490588145476842,661,5161,0.1662107540527018,,
top50_js__jump,raw,cell=pb_omnimath_q4,0.19462349801802292,0.05550515114809412,23.661943356714485,759,4033,0.2298829408553174,,
top50_js__jump,raw,cell=pb_omnimath_q8,0.1793409814418245,0.05231534955567376,25.67829254063684,759,4033,0.24323001522621862,,
top50_js__jump,raw,steps_2_to_5,0.2392791237134102,0.06582054660336334,19.24601743152405,1312,5760,0.35873198284664276,"[0.21706512548332493, 0.3141424496507078]","[14.659496642712691, 21.215615247884966]"
top50_js__jump,raw,steps_6_to_10,0.17843856586760215,0.04855234999042858,25.80815511263992,2308,14512,0.23035395510414236,"[0.16068723263278473, 0.22763617899571378]","[20.23039661931245, 28.659216482445707]"
top50_js__jump,raw,steps_11_plus,0.21184718848098122,0.057467256526907,21.73816994697348,822,8382,0.2451667452013443,"[0.19676221397721066, 0.30727815944109477]","[14.986975300699505, 23.40474877214723]"
top50_js__jump,answer_z,macro8_all,0.033977063010190725,0.00890522932640607,135.5376179691242,4442,28654,0.03386609661033669,"[0.031756846850771354, 0.051821456942968344]","[88.86608863691872, 145.01345828281546]"
top50_js__jump,answer_z,cell=pb_gsm8k_q4,0.13384089496237778,0.03706430093379633,34.40779581818091,207,1361,0.12702331737066958,,
top50_js__jump,answer_z,cell=pb_gsm8k_q8,0.12616735344182856,0.03654687388193076,36.50048970957751,207,1361,0.13769901921993752,,
top50_js__jump,answer_z,cell=pb_math_q4,0.05387429968583839,0.013912458665406973,85.47990809797246,594,3772,0.052304840580026934,,
top50_js__jump,answer_z,cell=pb_math_q8,0.07167769128114246,0.018748347390151864,64.24830520733663,594,3772,0.057850739964218176,,
top50_js__jump,answer_z,cell=pb_olympiadbench_q4,0.06668497429260699,0.01670250883786168,69.0585883077808,661,5161,0.028520945423313418,,
top50_js__jump,answer_z,cell=pb_olympiadbench_q8,0.06498570987392586,0.017325351507374197,70.86435148469184,661,5161,0.02798826096067524,,
top50_js__jump,answer_z,cell=pb_omnimath_q4,0.05966209437179851,0.015504681538468299,77.18753815931905,759,4033,0.044509791524891186,,
top50_js__jump,answer_z,cell=pb_omnimath_q8,0.05657541345853422,0.01497616979045809,81.39878976515755,759,4033,0.04664853882734332,,
top50_js__jump,answer_z,steps_2_to_5,0.0527338188725319,0.01351486597636347,87.32859262705213,1312,5760,0.12219900478214839,"[0.05672540329960344, 0.10750676063852421]","[42.83609848009749, 81.18356006505971]"
top50_js__jump,answer_z,steps_6_to_10,0.04311329629293144,0.011349442368898146,106.81554374080936,2308,14512,0.031664724906296,"[0.0421820693899073, 0.07389566215139065]","[62.31989878585081, 109.17364303350061]"
top50_js__jump,answer_z,steps_11_plus,0.051921899672381464,0.01360717907400241,88.69417750594543,822,8382,0.015063479593558155,"[0.06056878878148964, 0.11831801174080092]","[38.92197069772124, 76.03206665733214]"
top50_js__q90,raw,macro8_all,0.04437544762335257,0.012867941674240631,103.77743623175583,4442,28654,0.05107521899377774,"[0.039521047648189325, 0.06386046880315119]","[72.11300311908845, 116.52449669306982]"
top50_js__q90,raw,cell=pb_gsm8k_q4,0.12282452618353598,0.03162842111339574,37.493897424905285,207,1361,0.11127990061027906,,
top50_js__q90,raw,cell=pb_gsm8k_q8,0.12895527158594516,0.0365909687124085,35.711375962780025,207,1361,0.1136574786224295,,
top50_js__q90,raw,cell=pb_math_q4,0.09970534903684435,0.026859815423840566,46.18779464165291,594,3772,0.11135864956460668,,
top50_js__q90,raw,cell=pb_math_q8,0.10209000183974826,0.030273485125087193,45.108924507777715,594,3772,0.13508901886461838,,
top50_js__q90,raw,cell=pb_olympiadbench_q4,0.07921002330995318,0.020751093416458723,58.13873034688814,661,5161,0.09193854567826926,,
top50_js__q90,raw,cell=pb_olympiadbench_q8,0.06543571725542938,0.016696866226417025,70.37701089164707,661,5161,0.07263592674113871,,
top50_js__q90,raw,cell=pb_omnimath_q4,0.08167634376293906,0.023988252760979524,56.38315788662549,759,4033,0.10550000251466995,,
top50_js__q90,raw,cell=pb_omnimath_q8,0.06741861976022419,0.018504691569643957,68.30709679857704,759,4033,0.0995746567669307,,
top50_js__q90,raw,steps_2_to_5,0.036747219510740024,0.00951094912496085,125.32023503552831,1312,5760,0.04171761312813985,"[0.0408868863798549, 0.07811314554811045]","[58.95512405337376, 112.63196084936108]"
top50_js__q90,raw,steps_6_to_10,0.03616115398009985,0.009834510355604434,127.35130600429406,2308,14512,0.03978049946192884,"[0.03360343803983696, 0.06364471592980744]","[72.35746312493636, 137.04461372460315]"
top50_js__q90,raw,steps_11_plus,0.07999894912979869,0.021344652533863195,57.565383496677946,822,8382,0.11677630542792339,"[0.07865293888361641, 0.15144284297676577]","[30.408635333758316, 58.550516374250314]"
top50_js__q90,answer_z,macro8_all,0.07071583711700871,0.017183028008905095,65.12219007417289,4442,28654,0.13873654497586677,"[0.06019902708309785, 0.09147975665901883]","[50.34086615636046, 76.49907995408601]"
top50_js__q90,answer_z,cell=pb_gsm8k_q4,0.16557522210848213,0.038455966213560594,27.813160250335407,207,1361,0.15132365621405514,,
top50_js__q90,answer_z,cell=pb_gsm8k_q8,0.1745940847915521,0.045331503482045246,26.376438763582424,207,1361,0.1770008086056633,,
top50_js__q90,answer_z,cell=pb_math_q4,0.11021678883674656,0.02598746133672384,41.782837574856984,594,3772,0.16806707274968052,,
top50_js__q90,answer_z,cell=pb_math_q8,0.10471096532392603,0.025908335515929467,43.97982743967531,594,3772,0.2090274681651304,,
top50_js__q90,answer_z,cell=pb_olympiadbench_q4,0.09749979887562739,0.02271404985034481,47.2326121601803,661,5161,0.1253896642624094,,
top50_js__q90,answer_z,cell=pb_olympiadbench_q8,0.10157869220116186,0.02435067941918331,45.33598618171044,661,5161,0.16296617114992754,,
top50_js__q90,answer_z,cell=pb_omnimath_q4,0.08388182877944803,0.02025620585552145,54.90068889766992,759,4033,0.13718173124784863,,
top50_js__q90,answer_z,cell=pb_omnimath_q8,0.06406135668633095,0.015674939038911078,71.88686634497576,759,4033,0.13707171996075682,,
top50_js__q90,answer_z,steps_2_to_5,0.056322744774757114,0.013438488226767386,81.76395174640086,1312,5760,0.11454296231266026,"[0.04671189509835773, 0.0949750481579874]","[48.48821111759339, 98.58666997541698]"
top50_js__q90,answer_z,steps_6_to_10,0.06148107985447801,0.014974989834677193,74.90385980350786,2308,14512,0.1179298762301907,"[0.04910658550592663, 0.09042398217234486]","[50.928637241509705, 93.77907542425848]"
top50_js__q90,answer_z,steps_11_plus,0.1250067471401679,0.0299569900380426,36.83937300459785,822,8382,0.18468618047694957,"[0.10548854337846726, 0.19502456648883512]","[23.61328251562467, 43.65564295893119]"
top50_js__first_token,raw,macro8_all,0.11400604033269525,0.03323477581283632,40.39408940569438,4442,28654,0.29710912614609386,"[0.10588807317997492, 0.1384312370395321]","[33.26684269008579, 43.490924404307705]"
top50_js__first_token,raw,cell=pb_gsm8k_q4,0.2209033014792208,0.0594668090639525,20.846995744974304,207,1361,0.39266641650672407,,
top50_js__first_token,raw,cell=pb_gsm8k_q8,0.16749540263165796,0.04520038109653334,27.494307984771385,207,1361,0.32797198598735067,,
top50_js__first_token,raw,cell=pb_math_q4,0.15510683325479702,0.04049519718940834,29.690311441167065,594,3772,0.32603733421906567,,
top50_js__first_token,raw,cell=pb_math_q8,0.14402815804871547,0.03870251567284617,31.97409623492136,594,3772,0.37759777124504085,,
top50_js__first_token,raw,cell=pb_olympiadbench_q4,0.16421583671274864,0.04812572751679387,28.043398725566256,661,5161,0.27281856752884937,,
top50_js__first_token,raw,cell=pb_olympiadbench_q8,0.1612938688425289,0.047676630298243684,28.551427397926183,661,5161,0.2623202112850225,,
top50_js__first_token,raw,cell=pb_omnimath_q4,0.15484866645135847,0.045388081879028416,29.739811724078887,759,4033,0.3771903655101421,,
top50_js__first_token,raw,cell=pb_omnimath_q8,0.18712485513784963,0.05425821274732927,24.610146966289392,759,4033,0.39021035430980605,,
top50_js__first_token,raw,steps_2_to_5,0.14103050258958139,0.039962603368586036,32.65371746841026,1312,5760,0.454488195170062,"[0.1336392622709796, 0.20308474500421206]","[22.676100983816283, 34.45970972699784]"
top50_js__first_token,raw,steps_6_to_10,0.1386282821532309,0.04025442709089885,33.21955747022696,2308,14512,0.2939937288481229,"[0.12638533755047598, 0.17837784775391086]","[25.8169399618576, 36.43753520180987]"
top50_js__first_token,raw,steps_11_plus,0.13067302661316255,0.03888286450962671,35.24193404979432,822,8382,0.24098562080192323,"[0.12850396277061318, 0.20533167373671102]","[22.427958152686788, 35.83679512054099]"
top50_js__first_token,answer_z,macro8_all,0.11154485491074204,0.029783825029335614,41.28536622933563,4442,28654,0.25223967286887183,"[0.10141461066526888, 0.14467425195405254]","[31.831304629455833, 45.40933654212813]"
top50_js__first_token,answer_z,cell=pb_gsm8k_q4,0.1605034450000882,0.04770248118460724,28.692033283058574,207,1361,0.39833899647194604,,
top50_js__first_token,answer_z,cell=pb_gsm8k_q8,0.16373102526569666,0.04469682275637047,28.126435893960792,207,1361,0.37517132558960037,,
top50_js__first_token,answer_z,cell=pb_math_q4,0.10392247765634567,0.025783065622221,44.313514167903335,594,3772,0.3374747763596275,,
top50_js__first_token,answer_z,cell=pb_math_q8,0.10040346982961057,0.024826941928912324,45.86664379033198,594,3772,0.33263652616827044,,
top50_js__first_token,answer_z,cell=pb_olympiadbench_q4,0.1963408846271674,0.0531677116214049,23.454973194874164,661,5161,0.23564850708684904,,
top50_js__first_token,answer_z,cell=pb_olympiadbench_q8,0.19908125546277766,0.05287410555901953,23.132113444247004,661,5161,0.23592043024412485,,
top50_js__first_token,answer_z,cell=pb_omnimath_q4,0.15842389001141244,0.04262466938871098,29.06865994551925,759,4033,0.3028925774130165,,
top50_js__first_token,answer_z,cell=pb_omnimath_q8,0.15964793749714032,0.04264819362306489,28.845785659276565,759,4033,0.30145277132140247,,
top50_js__first_token,answer_z,steps_2_to_5,0.10205905209922607,0.026597420229117038,45.12260393630496,1312,5760,0.44264388401330873,"[0.09883403981620066, 0.16776415345173362]","[27.45026330856202, 46.594980783465076]"
top50_js__first_token,answer_z,steps_6_to_10,0.09842927088317437,0.026909899278740327,46.78659249090614,2308,14512,0.28389566725284404,"[0.09110005500256443, 0.141671407560531]","[32.50599584831873, 50.55068502273086]"
top50_js__first_token,answer_z,steps_11_plus,0.09795113140939106,0.02523055658225956,47.01497695560637,822,8382,0.1729572963287106,"[0.10467244120646706, 0.19219225820288188]","[23.961267894187415, 43.996013973767596]"
top50_js__boxcar8_max,raw,macro8_all,0.023855157840468197,0.006499940310852549,193.04714799144284,4442,28654,0.034766538135686725,"[0.022154951803898985, 0.03945716197535355]","[116.71316322407213, 207.86189140694233]"
top50_js__boxcar8_max,raw,cell=pb_gsm8k_q4,0.1241321521234818,0.034086272764424656,37.0989313180283,207,1361,0.046641286679772936,,
top50_js__boxcar8_max,raw,cell=pb_gsm8k_q8,0.1156838030489033,0.03262813703860641,39.808253745265766,207,1361,0.06710426502277303,,
top50_js__boxcar8_max,raw,cell=pb_math_q4,0.07785907370829578,0.021245683237674576,59.1475080122539,594,3772,0.07511635975185443,,
top50_js__boxcar8_max,raw,cell=pb_math_q8,0.08354347977265944,0.02162174056616686,55.12303531669729,594,3772,0.07119151854544913,,
top50_js__boxcar8_max,raw,cell=pb_olympiadbench_q4,0.05130313838775752,0.013226610571264733,89.76390783701109,661,5161,0.054111401659439125,,
top50_js__boxcar8_max,raw,cell=pb_olympiadbench_q8,0.05666013553086878,0.014320241088857792,81.27707678142012,661,5161,0.08407779700528722,,
top50_js__boxcar8_max,raw,cell=pb_omnimath_q4,0.06726452800345793,0.018191682044963093,68.46357690566637,759,4033,0.051336108687782156,,
top50_js__boxcar8_max,raw,cell=pb_omnimath_q8,0.08106046643976911,0.021714542213321003,56.811543138724744,759,4033,0.07417870943311829,,
top50_js__boxcar8_max,raw,steps_2_to_5,0.05529293978180865,0.01542616272149884,83.28676688489604,1312,5760,0.04387424366378452,"[0.05798292071214232, 0.09957270385054949]","[46.24932343807874, 79.42287365706491]"
top50_js__boxcar8_max,raw,steps_6_to_10,0.029593624532350184,0.007917583452467647,155.61359106093826,2308,14512,0.03603564105637752,"[0.02877988021161568, 0.056351925771830076]","[81.72161151394374, 160.01352862231252]"
top50_js__boxcar8_max,raw,steps_11_plus,0.06873405042004666,0.018847160152423114,66.99983716724148,822,8382,0.08067639583245999,"[0.070788053175722, 0.1391790999885126]","[33.08808712204769, 65.0557541758687]"
top50_js__boxcar8_max,answer_z,macro8_all,0.02608234671081003,0.00652538455831252,176.5627240925926,4442,28654,0.05706711681447553,"[0.02487292763281219, 0.04410222457839985]","[104.42036042425822, 185.1478946898468]"
top50_js__boxcar8_max,answer_z,cell=pb_gsm8k_q4,0.0852132649994124,0.021978202871819015,54.04287919280933,207,1361,0.09888953366829861,,
top50_js__boxcar8_max,answer_z,cell=pb_gsm8k_q8,0.1473629722298847,0.039705681546410077,31.250524580924402,207,1361,0.09005148166103613,,
top50_js__boxcar8_max,answer_z,cell=pb_math_q4,0.07493806480072152,0.019931403385187986,61.45301721140459,594,3772,0.11609819607406731,,
top50_js__boxcar8_max,answer_z,cell=pb_math_q8,0.06787394838588492,0.017960612022104177,67.8488624207662,594,3772,0.11557559774503624,,
top50_js__boxcar8_max,answer_z,cell=pb_olympiadbench_q4,0.0778809973113295,0.019876485296650717,59.13085791106284,661,5161,0.06547277311645955,,
top50_js__boxcar8_max,answer_z,cell=pb_olympiadbench_q8,0.06820879857641245,0.017106170247730916,67.51577922647392,661,5161,0.072268067064779,,
top50_js__boxcar8_max,answer_z,cell=pb_omnimath_q4,0.05447016061778448,0.01441559288283216,84.5448247950366,759,4033,0.08466938872871044,,
top50_js__boxcar8_max,answer_z,cell=pb_omnimath_q8,0.06134667172996354,0.015525730706061901,75.06797118936103,759,4033,0.10111207997012926,,
top50_js__boxcar8_max,answer_z,steps_2_to_5,0.04294645548218517,0.011378186485917244,107.23050678532447,1312,5760,0.10307223771652749,"[0.04773368393762663, 0.09277967871683723]","[49.63554788805673, 96.47632041150742]"
top50_js__boxcar8_max,answer_z,steps_6_to_10,0.022972380636619785,0.005880742276759591,200.46551808597005,2308,14512,0.05557400446136328,"[0.025840526100455587, 0.04949017202125812]","[93.05221618566969, 178.21503200381431]"
top50_js__boxcar8_max,answer_z,steps_11_plus,0.0483475457291922,0.012177181263741798,95.25137453269929,822,8382,0.05230601191801274,"[0.057389980551672166, 0.12024379251143194]","[38.29861059605438, 80.24345263267233]"
top50_js__page_wmax,raw,macro8_all,0.0,0.0,inf,4442,28654,,,
top50_js__page_wmax,raw,cell=pb_gsm8k_q4,0.0,0.0,inf,207,1361,,,
top50_js__page_wmax,raw,cell=pb_gsm8k_q8,0.0,0.0,inf,207,1361,,,
top50_js__page_wmax,raw,cell=pb_math_q4,0.0,0.0,inf,594,3772,,,
top50_js__page_wmax,raw,cell=pb_math_q8,0.0,0.0,inf,594,3772,,,
top50_js__page_wmax,raw,cell=pb_olympiadbench_q4,0.0,0.0,inf,661,5161,,,
top50_js__page_wmax,raw,cell=pb_olympiadbench_q8,0.0,0.0,inf,661,5161,,,
top50_js__page_wmax,raw,cell=pb_omnimath_q4,0.0,0.0,inf,759,4033,,,
top50_js__page_wmax,raw,cell=pb_omnimath_q8,0.0,0.0,inf,759,4033,,,
top50_js__page_wmax,raw,steps_2_to_5,0.0,0.0,inf,1312,5760,,,
top50_js__page_wmax,raw,steps_6_to_10,0.0,0.0,inf,2308,14512,,,
top50_js__page_wmax,raw,steps_11_plus,0.0,0.0,inf,822,8382,,,
top50_js__page_wmax,answer_z,macro8_all,2.34871558166239e-05,5.489754982665911e-06,196071.85399300724,4442,28654,7.809114262868386e-07,"[1.2834648301872891e-06, 0.00012085708847946635]","[38104.26218211033, 3588076.6482055327]"
top50_js__page_wmax,answer_z,cell=pb_gsm8k_q4,0.0,0.0,inf,207,1361,,,
top50_js__page_wmax,answer_z,cell=pb_gsm8k_q8,0.0,0.0,inf,207,1361,,,
top50_js__page_wmax,answer_z,cell=pb_math_q4,0.0001862748478440435,4.0973030771039216e-05,24722.44771255279,594,3772,9.41482784387251e-05,,
top50_js__page_wmax,answer_z,cell=pb_math_q8,0.0001862748478440435,4.0973030771039216e-05,24722.44771255279,594,3772,9.41482784387251e-05,,
top50_js__page_wmax,answer_z,cell=pb_olympiadbench_q4,0.0,0.0,inf,661,5161,,,
top50_js__page_wmax,answer_z,cell=pb_olympiadbench_q8,0.0,0.0,inf,661,5161,,,
top50_js__page_wmax,answer_z,cell=pb_omnimath_q4,1.1523285147703102e-06,2.8522205113013887e-07,3996403.913432642,759,4033,3.310906302949861e-05,,
top50_js__page_wmax,answer_z,cell=pb_omnimath_q8,0.0009332215517059196,0.00019099218083029544,4934.7019232141465,759,4033,3.310906302949861e-05,,
top50_js__page_wmax,answer_z,steps_2_to_5,0.0,0.0,inf,1312,5760,,,
top50_js__page_wmax,answer_z,steps_6_to_10,3.985648497633148e-05,9.357236606598807e-06,115543.81147065133,2308,14512,3.0913807353186265e-06,"[2.2421832172214554e-06, 0.00022889302834057758]","[20119.311712438463, 2053877.7342624492]"
top50_js__page_wmax,answer_z,steps_11_plus,0.0,0.0,inf,822,8382,,,
dominant_freq16__top5,raw,macro8_all,0.026273985176548775,0.007734984135802042,175.2749023432693,4442,28654,0.011282369637288406,"[0.021300416344112377, 0.037037305645890875]","[124.33869326288358, 216.20094704209862]"
dominant_freq16__top5,raw,cell=pb_gsm8k_q4,0.08466289787473517,0.023590721269263308,54.394195114863315,207,1361,0.08235394277623503,,
dominant_freq16__top5,raw,cell=pb_gsm8k_q8,0.055379380886136254,0.014862341446413284,83.15676542965753,207,1361,0.05607982255089928,,
dominant_freq16__top5,raw,cell=pb_math_q4,0.015756736337743982,0.0044837744023275864,292.26675418543243,594,3772,0.01897376884465553,,
dominant_freq16__top5,raw,cell=pb_math_q8,0.027779287778360584,0.007924977779048938,165.77711504811913,594,3772,0.025510676539679998,,
dominant_freq16__top5,raw,cell=pb_olympiadbench_q4,0.03306379363132736,0.009182112026054352,139.281361278059,661,5161,0.02124417185280524,,
dominant_freq16__top5,raw,cell=pb_olympiadbench_q8,0.02086080296774326,0.006088764213786254,220.75709133099986,661,5161,0.015613358680244334,,
dominant_freq16__top5,raw,cell=pb_omnimath_q4,0.02640387239025195,0.0073209325812274,174.41268151592323,759,4033,0.01939746145228903,,
dominant_freq16__top5,raw,cell=pb_omnimath_q8,0.04435431567464676,0.013411775040049515,103.82687943532943,759,4033,0.0383876766200235,,
dominant_freq16__top5,raw,steps_2_to_5,0.03326228929060768,0.009178977795262677,138.45018741053582,1312,5760,0.01899737211409296,"[0.026716643857339153, 0.05784385120904419]","[79.61382393688284, 172.37083409797506]"
dominant_freq16__top5,raw,steps_6_to_10,0.021908104536310393,0.0064654120389095425,210.2039534435991,2308,14512,0.0056431500106114765,"[0.017030806440200122, 0.03607991717410768]","[127.63804760873832, 270.4023559987086]"
dominant_freq16__top5,raw,steps_11_plus,0.030118364122088855,0.008891740997185338,152.90240091793873,822,8382,0.02603306793495036,"[0.02365484297141369, 0.061498105808797346]","[74.88312242178553, 194.68191742187125]"
dominant_freq16__top5,answer_z,macro8_all,0.04853412583624324,0.013730939040168432,94.88519895312804,4442,28654,0.030443361315660823,"[0.04144853106064193, 0.06594279961265885]","[69.83583064471607, 111.10575135341767]"
dominant_freq16__top5,answer_z,cell=pb_gsm8k_q4,0.1193325937356122,0.03345788481744987,38.59105079196632,207,1361,0.11283854322904226,,
dominant_freq16__top5,answer_z,cell=pb_gsm8k_q8,0.09631162845069459,0.026444026720619077,47.81530807929019,207,1361,0.1404766510002411,,
dominant_freq16__top5,answer_z,cell=pb_math_q4,0.041134139331917896,0.011065495988154261,111.95494206960896,594,3772,0.065232777969635,,
dominant_freq16__top5,answer_z,cell=pb_math_q8,0.06222861328185614,0.018108560526624767,74.00406249018586,594,3772,0.08684606672082337,,
dominant_freq16__top5,answer_z,cell=pb_olympiadbench_q4,0.07232936033659224,0.020690579500270208,63.66944439377662,661,5161,0.029487109416399895,,
dominant_freq16__top5,answer_z,cell=pb_olympiadbench_q8,0.08392703404435868,0.023561793576944847,54.871117970808804,661,5161,0.04114380821049356,,
dominant_freq16__top5,answer_z,cell=pb_omnimath_q4,0.054865701707035544,0.015044577103841614,83.93531920138663,759,4033,0.041438166491755524,,
dominant_freq16__top5,answer_z,cell=pb_omnimath_q8,0.060202826304880726,0.017235494110542027,76.49425232407643,759,4033,0.04759178567402397,,
dominant_freq16__top5,answer_z,steps_2_to_5,0.037268261745510275,0.010694826081584093,123.56815076149557,1312,5760,0.024402412663255057,"[0.02897978654377594, 0.06583293790755967]","[69.95237235887166, 158.90973451552753]"
dominant_freq16__top5,answer_z,steps_6_to_10,0.04595194304762192,0.013429393942395954,100.2170937845993,2308,14512,0.038737013004886314,"[0.04075318546067635, 0.06905096698597742]","[66.69233447408912, 113.00147789506474]"
dominant_freq16__top5,answer_z,steps_11_plus,0.06290371611274813,0.01738712640156475,73.20982718626385,822,8382,0.03742713753879644,"[0.06190908913884563, 0.11949850101733266]","[38.53747240996885, 74.38601100494176]"
dominant_freq16__top10,raw,macro8_all,0.046832830149023466,0.013585225522367846,98.33209249439554,4442,28654,0.008349729278094332,"[0.03976302573163687, 0.05947536251936422]","[77.42988005308455, 115.81538631060603]"
dominant_freq16__top10,raw,cell=pb_gsm8k_q4,0.11040293170766988,0.03255058144368977,41.712390375482784,207,1361,0.0776073907808716,,
dominant_freq16__top10,raw,cell=pb_gsm8k_q8,0.11610557799465616,0.03476624777622057,39.66364291472756,207,1361,0.049639196065231296,,
dominant_freq16__top10,raw,cell=pb_math_q4,0.03312121341290502,0.009708586834802612,139.03989955252604,594,3772,0.011639451428332184,,
dominant_freq16__top10,raw,cell=pb_math_q8,0.049833253754718,0.014402540837233194,92.4115894309248,594,3772,0.027908742029451775,,
dominant_freq16__top10,raw,cell=pb_olympiadbench_q4,0.0664818407360711,0.020501233299274856,69.2695950503287,661,5161,0.01611289133129975,,
dominant_freq16__top10,raw,cell=pb_olympiadbench_q8,0.04984669668657562,0.014565261713304788,92.38666736422527,661,5161,0.013083970581037437,,
dominant_freq16__top10,raw,cell=pb_omnimath_q4,0.053036095699685565,0.016352183361260045,86.83086726565723,759,4033,0.014206309764265228,,
dominant_freq16__top10,raw,cell=pb_omnimath_q8,0.07080770272842832,0.02232477689148646,65.03770082261374,759,4033,0.01944733720987754,,
dominant_freq16__top10,raw,steps_2_to_5,0.05325171109756932,0.01517607994525015,86.47929035651768,1312,5760,0.019319285171800732,"[0.04445035825128731, 0.0847327936770389]","[54.34932552254573, 103.60254376250664]"
dominant_freq16__top10,raw,steps_6_to_10,0.04663637532548653,0.01377447473572947,98.74631452053245,2308,14512,0.004632687980218065,"[0.03851636086441372, 0.06370618643106853]","[72.28764495220548, 119.56400040490144]"
dominant_freq16__top10,raw,steps_11_plus,0.055107953108132025,0.0165119425476063,83.56634435236406,822,8382,0.015015417932696196,"[0.045598076506853484, 0.09523478668916693]","[48.35596682773833, 100.99483440482243]"
dominant_freq16__top10,answer_z,macro8_all,0.07949069208014127,0.022168308806228554,57.933451898308185,4442,28654,0.036623732768105426,"[0.07172682387259963, 0.1003857093376152]","[45.87475863222798, 64.20429537166936]"
dominant_freq16__top10,answer_z,cell=pb_gsm8k_q4,0.13119805526545694,0.037323412101628206,35.100902804316064,207,1361,0.10214871581592819,,
dominant_freq16__top10,answer_z,cell=pb_gsm8k_q8,0.1604256849315686,0.044241066648756905,28.70594062261588,207,1361,0.09374339529777875,,
dominant_freq16__top10,answer_z,cell=pb_math_q4,0.06206632765070525,0.01694257282443847,74.19756187130824,594,3772,0.07440147959219535,,
dominant_freq16__top10,answer_z,cell=pb_math_q8,0.09006824959079505,0.02507628733066688,51.12978443469982,594,3772,0.07764329812219797,,
dominant_freq16__top10,answer_z,cell=pb_olympiadbench_q4,0.11644422865121326,0.032216617873023864,39.54829053642505,661,5161,0.06272925006031017,,
dominant_freq16__top10,answer_z,cell=pb_olympiadbench_q8,0.10988950932423833,0.031921730824242586,41.90727772202664,661,5161,0.05122107757389934,,
dominant_freq16__top10,answer_z,cell=pb_omnimath_q4,0.07762430981672808,0.021172565066928613,59.32639139543983,759,4033,0.0664991940830228,,
dominant_freq16__top10,answer_z,cell=pb_omnimath_q8,0.09700705570069384,0.028407468505740507,47.472528185959085,759,4033,0.040714171492748905,,
dominant_freq16__top10,answer_z,steps_2_to_5,0.07127568118498494,0.02078039642862431,64.6106793989957,1312,5760,0.044308925035329544,"[0.06102729760183831, 0.10656858961533638]","[43.21320383999299, 75.46082436803447]"
dominant_freq16__top10,answer_z,steps_6_to_10,0.08325746840031485,0.024479768864873953,55.31239748782316,2308,14512,0.03741238263513817,"[0.0759392190251802, 0.11274758492017684]","[40.84495636202288, 60.642843646589164]"
dominant_freq16__top10,answer_z,steps_11_plus,0.058073111159098766,0.015547675310710973,79.29952596084675,822,8382,0.04265407334858943,"[0.06101983324644424, 0.12134980131345524]","[37.94954862837069, 75.47005524234935]"
dominant_freq16__max,raw,macro8_all,0.016115149886433783,0.004509801319889193,285.7665127809244,4442,28654,0.01238571042308691,"[0.012555814684820367, 0.024887402670865595]","[185.04020877112774, 366.7758963944901]"
dominant_freq16__max,raw,cell=pb_gsm8k_q4,0.07450310132879699,0.019982456371511997,61.81179177581562,207,1361,0.09360643888414863,,
dominant_freq16__max,raw,cell=pb_gsm8k_q8,0.05825367752066947,0.016124882348863775,79.05372470869489,207,1361,0.05540604226512561,,
dominant_freq16__max,raw,cell=pb_math_q4,0.013165906509035546,0.0035492711180305178,349.7799549789936,594,3772,0.025107626299879678,,
dominant_freq16__max,raw,cell=pb_math_q8,0.01664531192596247,0.0043893221547843765,276.6646973316969,594,3772,0.0226254711844247,,
dominant_freq16__max,raw,cell=pb_olympiadbench_q4,0.025507867979758143,0.0071056921769439545,180.539204203289,661,5161,0.01941430842950626,,
dominant_freq16__max,raw,cell=pb_olympiadbench_q8,0.01907570193188142,0.005405420774104515,241.415503473108,661,5161,0.020713404867029078,,
dominant_freq16__max,raw,cell=pb_omnimath_q4,0.016681314783159755,0.004548681015555753,276.0675789558949,759,4033,0.018429655084973656,,
dominant_freq16__max,raw,cell=pb_omnimath_q8,0.039151701917246456,0.011397881021300283,117.62375479160202,759,4033,0.04383565029151326,,
dominant_freq16__max,raw,steps_2_to_5,0.028161487198068803,0.00745930588500344,163.52723681098402,1312,5760,0.02331053538303396,"[0.0222167070883389, 0.053625392128181355]","[85.87667153986126, 207.28410235039973]"
dominant_freq16__max,raw,steps_6_to_10,0.013637383235951149,0.003836311052671173,337.68723121660526,2308,14512,0.00818683754062748,"[0.01056013509246726, 0.025701871094354352]","[179.17645641758972, 436.0900827180748]"
dominant_freq16__max,raw,steps_11_plus,0.01814069036792076,0.0048992498541651506,253.85859592927525,822,8382,0.020629544815746394,"[0.01285400502642241, 0.0472835321377149]","[97.3948006374688, 358.26733975300345]"
dominant_freq16__max,answer_z,macro8_all,0.0341377465401216,0.009831211207015793,134.89965368908292,4442,28654,0.018470501465700687,"[0.028116652272550793, 0.047171807110319666]","[97.62547733687798, 163.78799799305918]"
dominant_freq16__max,answer_z,cell=pb_gsm8k_q4,0.08296522498821896,0.024712228209905606,55.5072343459808,207,1361,0.07932619806560748,,
dominant_freq16__max,answer_z,cell=pb_gsm8k_q8,0.08984452360249243,0.02521532663593915,51.257105067006414,207,1361,0.07817783953574185,,
dominant_freq16__max,answer_z,cell=pb_math_q4,0.03618144678042293,0.010148748920718124,127.27987949005565,594,3772,0.035759506476409755,,
dominant_freq16__max,answer_z,cell=pb_math_q8,0.04061857969743968,0.011792760798790243,113.37595308085996,594,3772,0.0447868208033534,,
dominant_freq16__max,answer_z,cell=pb_olympiadbench_q4,0.05402147016293582,0.015808888458979636,85.24703552306696,661,5161,0.0215078418808472,,
dominant_freq16__max,answer_z,cell=pb_olympiadbench_q8,0.042419303637843804,0.01258558824716215,108.56307838772845,661,5161,0.03028151047653593,,
dominant_freq16__max,answer_z,cell=pb_omnimath_q4,0.044536355580797646,0.01250687689429674,103.4024927709546,759,4033,0.04328709522910183,,
dominant_freq16__max,answer_z,cell=pb_omnimath_q8,0.03466780898538194,0.009920301636622256,132.83707049181888,759,4033,0.019573773955024604,,
dominant_freq16__max,answer_z,steps_2_to_5,0.03461746337458912,0.010269658656719463,133.0302609453617,1312,5760,0.01953999758200342,"[0.024467320039856324, 0.06055119835003593]","[76.05415435985933, 188.2171884164856]"
dominant_freq16__max,answer_z,steps_6_to_10,0.029666580919936424,0.008609329457975464,155.2309043774351,2308,14512,0.02084089950268112,"[0.024947877243077343, 0.048568102238231686]","[94.81882086722771, 184.5916644978665]"
dominant_freq16__max,answer_z,steps_11_plus,0.0389159369758301,0.011512268899541893,118.33635635827731,822,8382,0.02417018785797257,"[0.03908088864314253, 0.08800788200586676]","[52.3267925670692, 117.83688513429324]"
dominant_freq16__mean,raw,macro8_all,0.023899064195740893,0.0061673490221374905,192.69248989292183,4442,28654,0.0030154957626275887,"[0.02283710487772854, 0.039616983256106714]","[116.24232355648213, 201.65297705836602]"
dominant_freq16__mean,raw,cell=pb_gsm8k_q4,0.1056820737676787,0.025625210974801107,43.575698524914024,207,1361,0.053000338154388746,,
dominant_freq16__mean,raw,cell=pb_gsm8k_q8,0.1167119647244973,0.029966201457349323,39.45756715567901,207,1361,0.055746366366143746,,
dominant_freq16__mean,raw,cell=pb_math_q4,0.053689476193653225,0.01417933455688376,85.7741686541632,594,3772,0.015638371515572513,,
dominant_freq16__mean,raw,cell=pb_math_q8,0.05642582253333271,0.014053670484348215,81.61458671280612,594,3772,0.02443013588706436,,
dominant_freq16__mean,raw,cell=pb_olympiadbench_q4,0.0618374482426769,0.01608955914504708,74.47218986002481,661,5161,0.016467653561523153,,
dominant_freq16__mean,raw,cell=pb_olympiadbench_q8,0.07199875333481642,0.01912157620164453,63.96180451309524,661,5161,0.011179823168753496,,
dominant_freq16__mean,raw,cell=pb_omnimath_q4,0.049139073377869366,0.012714080076257827,93.71707420234159,759,4033,0.01474075187473393,,
dominant_freq16__mean,raw,cell=pb_omnimath_q8,0.061262957017517855,0.015658126010898797,75.17055020167024,759,4033,0.014670120846428842,,
dominant_freq16__mean,raw,steps_2_to_5,0.028574484678581952,0.007392254027389443,161.1637178339004,1312,5760,0.01170910574336231,"[0.034529533402474395, 0.06964783941188019]","[66.12079031991571, 133.3690244901509]"
dominant_freq16__mean,raw,steps_6_to_10,0.03369135473502324,0.008602472053200026,136.68699944561357,2308,14512,0.0057834744691968466,"[0.033265261699510044, 0.06077788975686393]","[75.77048503017512, 138.43781622965318]"
dominant_freq16__mean,raw,steps_11_plus,0.04038066162066903,0.01019124668948391,114.04395077149786,822,8382,0.005148842811402591,"[0.04881581992536686, 0.09940002244912172]","[46.32966947613383, 94.33765924712127]"
dominant_freq16__mean,answer_z,macro8_all,0.03130859896067305,0.008486355039054903,147.08962837246978,4442,28654,0.004647567822952069,"[0.0293185297002771, 0.0472501113959163]","[97.46368950118718, 157.07370843854312]"
dominant_freq16__mean,answer_z,cell=pb_gsm8k_q4,0.128962422781532,0.03398387696477679,35.709395703502345,207,1361,0.08298001464477221,,
dominant_freq16__mean,answer_z,cell=pb_gsm8k_q8,0.1182202221354075,0.033033590487492874,38.95416623996363,207,1361,0.08040156425854406,,
dominant_freq16__mean,answer_z,cell=pb_math_q4,0.05753459965043115,0.014650588818025584,80.04175251011036,594,3772,0.019276463482980767,,
dominant_freq16__mean,answer_z,cell=pb_math_q8,0.06251904315018508,0.016343844043449744,73.66027939559818,594,3772,0.018571117497538488,,
dominant_freq16__mean,answer_z,cell=pb_olympiadbench_q4,0.07700980216528786,0.021084559024918532,59.79979244854976,661,5161,0.013831649076315443,,
dominant_freq16__mean,answer_z,cell=pb_olympiadbench_q8,0.07376919607541757,0.019758975731220693,62.42673678156963,661,5161,0.007766929116535391,,
dominant_freq16__mean,answer_z,cell=pb_omnimath_q4,0.07125190046299938,0.017928476602418083,64.6322435761489,759,4033,0.015942405327007487,,
dominant_freq16__mean,answer_z,cell=pb_omnimath_q8,0.0707325656970964,0.018277525435803212,65.1067883739602,759,4033,0.021372215469063212,,
dominant_freq16__mean,answer_z,steps_2_to_5,0.029177219704451987,0.0076799324841623435,157.83444182261871,1312,5760,0.013222821858047875,"[0.03551133929000841, 0.07007926196460496]","[65.71373694423369, 129.68168134632472]"
dominant_freq16__mean,answer_z,steps_6_to_10,0.046477158892829884,0.01239231686136297,99.08458898288079,2308,14512,0.005468473344699043,"[0.04372873834235784, 0.07611630291985973]","[60.501758615847635, 105.31221253020452]"
dominant_freq16__mean,answer_z,steps_11_plus,0.06046259918361959,0.01565670489738608,76.16560068816419,822,8382,0.009684509547246974,"[0.06602558581812148, 0.12406736900704653]","[37.11830292561888, 69.7482669623531]"
dominant_freq16__log_top5,raw,macro8_all,0.07597851041807949,0.020943355618086797,60.611482913361606,4442,28654,0.0038466292437059086,"[0.06922233382209325, 0.09659319187058113]","[47.6759292948747, 66.52723090532797]"
dominant_freq16__log_top5,raw,cell=pb_gsm8k_q4,0.1872964600181601,0.05497694155948724,24.587598641968878,207,1361,0.08099115347178511,,
dominant_freq16__log_top5,raw,cell=pb_gsm8k_q8,0.1533416958722831,0.042351107676590616,30.032080705718137,207,1361,0.08088737791867433,,
dominant_freq16__log_top5,raw,cell=pb_math_q4,0.09961629641973607,0.025858427771121812,46.229084512277765,594,3772,0.011813808488516224,,
dominant_freq16__log_top5,raw,cell=pb_math_q8,0.0959518614840828,0.0258022637617448,47.99458931551871,594,3772,0.02039970917393346,,
dominant_freq16__log_top5,raw,cell=pb_olympiadbench_q4,0.09249165339385088,0.02495657087553651,49.79011637275215,661,5161,0.011905637357746662,,
dominant_freq16__log_top5,raw,cell=pb_olympiadbench_q8,0.08623219007976363,0.022664972823119845,53.404305071323954,661,5161,0.01208494724640383,,
dominant_freq16__log_top5,raw,cell=pb_omnimath_q4,0.12044600623372764,0.03459636207548132,38.2343120373097,759,4033,0.018856664399361678,,
dominant_freq16__log_top5,raw,cell=pb_omnimath_q8,0.11734736413065476,0.030719951143844522,39.24391672624778,759,4033,0.01829924223776098,,
dominant_freq16__log_top5,raw,steps_2_to_5,0.07399455294493917,0.020290721952745082,62.23661070585683,1312,5760,0.012371115760837131,"[0.0721554006549693, 0.12250625418756005]","[37.59130679922239, 63.82294525684872]"
dominant_freq16__log_top5,raw,steps_6_to_10,0.07505318693744152,0.020545981576599096,61.35875602226728,2308,14512,0.008676325876548872,"[0.06974480701707883, 0.10849930351474853]","[42.44423730666715, 66.02886125787683]"
dominant_freq16__log_top5,raw,steps_11_plus,0.09684761887132683,0.025051558012912416,47.55068053977237,822,8382,0.011044844824120822,"[0.0939525488096858, 0.17139902467046295]","[26.868123636305015, 49.015915420416285]"
dominant_freq16__log_top5,answer_z,macro8_all,0.03415307058541661,0.008896307573844773,134.8391259424417,4442,28654,0.006340325539736728,"[0.03125064361185477, 0.04997968566770265]","[92.14083931232078, 147.36241093739088]"
dominant_freq16__log_top5,answer_z,cell=pb_gsm8k_q4,0.19709952796486835,0.05483265176957641,23.364694139749194,207,1361,0.0940552905676069,,
dominant_freq16__log_top5,answer_z,cell=pb_gsm8k_q8,0.14675105029429553,0.040877776494268006,31.38083289184543,207,1361,0.048927227302234165,,
dominant_freq16__log_top5,answer_z,cell=pb_math_q4,0.07043126155024207,0.01861572272915204,65.38531448429329,594,3772,0.028222834864289698,,
dominant_freq16__log_top5,answer_z,cell=pb_math_q8,0.06334635632589604,0.016765251774861344,72.69826479515278,594,3772,0.02410911064123332,,
dominant_freq16__log_top5,answer_z,cell=pb_olympiadbench_q4,0.0539843726698518,0.014393964395948096,85.30561638923892,661,5161,0.015807087940174547,,
dominant_freq16__log_top5,answer_z,cell=pb_olympiadbench_q8,0.057651373767615456,0.014699468937379853,79.87962619157841,661,5161,0.025206173000358156,,
dominant_freq16__log_top5,answer_z,cell=pb_omnimath_q4,0.07476028234077016,0.020044752815953693,61.599154548359486,759,4033,0.014607286900777644,,
dominant_freq16__log_top5,answer_z,cell=pb_omnimath_q8,0.0647095261522658,0.017042148843773138,71.16680433035194,759,4033,0.014070055717734294,,
dominant_freq16__log_top5,answer_z,steps_2_to_5,0.049836838282839246,0.013009668262943383,92.4049427022707,1312,5760,0.01823008276797285,"[0.05045334853429581, 0.0959496833941035]","[47.995678808785925, 91.27580863850324]"
dominant_freq16__log_top5,answer_z,steps_6_to_10,0.04038078831878339,0.010617995592214213,114.04359294902538,2308,14512,0.0098480749300884,"[0.03885743813610134, 0.06804719446088775]","[67.67612129306899, 118.51450859570588]"
dominant_freq16__log_top5,answer_z,steps_11_plus,0.05415068443985431,0.01373107173207988,85.04361918274734,822,8382,0.008796619715262586,"[0.0584284096765913, 0.11637557579001215]","[39.57162106160189, 78.81731184330185]"
dominant_freq16__cusum_top5,raw,macro8_all,0.05320481007600275,0.014935264828968857,86.55552344627552,4442,28654,0.01903931876419828,"[0.04805716890827653, 0.07026671345863679]","[65.53843148931352, 95.82691387371713]"
dominant_freq16__cusum_top5,raw,cell=pb_gsm8k_q4,0.20533250177523366,0.05228111142539642,22.427867708099722,207,1361,0.07598541510905989,,
dominant_freq16__cusum_top5,raw,cell=pb_gsm8k_q8,0.15790523537029016,0.04184706439637376,29.16413870122101,207,1361,0.09464698049214411,,
dominant_freq16__cusum_top5,raw,cell=pb_math_q4,0.09504379895085537,0.026600497494780093,48.45313673088029,594,3772,0.024478869811311893,,
dominant_freq16__cusum_top5,raw,cell=pb_math_q8,0.08852902763640155,0.02427263846920709,52.01875937124298,594,3772,0.03508696171183108,,
dominant_freq16__cusum_top5,raw,cell=pb_olympiadbench_q4,0.07737353477415589,0.020560396356566354,59.51867391647588,661,5161,0.034853336910453045,,
dominant_freq16__cusum_top5,raw,cell=pb_olympiadbench_q8,0.06833129795123108,0.01981398828848049,67.39474185423582,661,5161,0.03149447284324141,,
dominant_freq16__cusum_top5,raw,cell=pb_omnimath_q4,0.0823830524034717,0.023060146988830667,55.89948480464443,759,4033,0.039453837855536716,,
dominant_freq16__cusum_top5,raw,cell=pb_omnimath_q8,0.07428376414510117,0.01966584985289085,61.994303048411034,759,4033,0.04156149934222497,,
dominant_freq16__cusum_top5,raw,steps_2_to_5,0.10396444381441672,0.028402279910835593,44.295626629894926,1312,5760,0.030826383335763326,"[0.09630671623046479, 0.15651833871448118]","[29.42255983427467, 47.817746946825444]"
dominant_freq16__cusum_top5,raw,steps_6_to_10,0.08160962953036512,0.02275857592814386,56.42924998543966,2308,14512,0.019596554482288222,"[0.07447375631146609, 0.11334102222415747]","[40.63109804039289, 61.83614757832583]"
dominant_freq16__cusum_top5,raw,steps_11_plus,0.053351288507204296,0.013808189900666817,86.31788125166335,822,8382,0.023312778576213673,"[0.05723463437832374, 0.11831799215613761]","[38.92197714030599, 80.46124931187104]"
dominant_freq16__cusum_top5,answer_z,macro8_all,0.04312432824845427,0.011210866829584179,106.7882184611921,4442,28654,0.034757542229316624,"[0.03950632649047034, 0.06042608917312196]","[76.21162065931799, 116.56791696638625]"
dominant_freq16__cusum_top5,answer_z,cell=pb_gsm8k_q4,0.17706850391257534,0.04790419744856711,26.007844897485658,207,1361,0.07622764515642651,,
dominant_freq16__cusum_top5,answer_z,cell=pb_gsm8k_q8,0.1584833092516014,0.042670593036476766,29.05776139919642,207,1361,0.10702809361091437,,
dominant_freq16__cusum_top5,answer_z,cell=pb_math_q4,0.09007755863642042,0.02318133524272909,51.12450043829359,594,3772,0.05690121808740766,,
dominant_freq16__cusum_top5,answer_z,cell=pb_math_q8,0.07314522261912564,0.019204698106716055,62.959275002383485,594,3772,0.05192902562102671,,
dominant_freq16__cusum_top5,answer_z,cell=pb_olympiadbench_q4,0.06858707214310922,0.0172314422731889,67.14341408799679,661,5161,0.047938634946105514,,
dominant_freq16__cusum_top5,answer_z,cell=pb_olympiadbench_q8,0.050018558318917425,0.012725318614776498,92.06923071683933,661,5161,0.04475742458044026,,
dominant_freq16__cusum_top5,answer_z,cell=pb_omnimath_q4,0.07143853398436836,0.018397804284103293,64.46339152194473,759,4033,0.04102192726944916,,
dominant_freq16__cusum_top5,answer_z,cell=pb_omnimath_q8,0.05572462152956542,0.014764893569100618,82.64156955368031,759,4033,0.0400278889941746,,
dominant_freq16__cusum_top5,answer_z,steps_2_to_5,0.0836918463617886,0.021851525818048164,55.0253147251712,1312,5760,0.08213961529741129,"[0.07939498644730289, 0.13506346833305188]","[34.09634183710018, 58.003287009119866]"
dominant_freq16__cusum_top5,answer_z,steps_6_to_10,0.04493200522111726,0.011911483629356703,102.49198012252839,2308,14512,0.04639443124924429,"[0.04258482116592593, 0.07151574567946614]","[64.3937938734287, 108.14111835869114]"
dominant_freq16__cusum_top5,answer_z,steps_11_plus,0.05611219494181876,0.013918021425218759,82.07075468644686,822,8382,0.023132750079693475,"[0.05949089595861743, 0.1174276076665828]","[39.217099602878285, 77.409662634624]"
dominant_freq16__onset80,raw,macro8_all,0.01888962077126702,0.005052839365317149,243.79368128941007,4442,28654,0.20865331259705475,"[0.012771372135667211, 0.02908703035909441]","[158.32383468284274, 360.585388716927]"
dominant_freq16__onset80,raw,cell=pb_gsm8k_q4,0.05657397814087291,0.015756010421422037,81.40085490401465,207,1361,0.30153992546130953,,
dominant_freq16__onset80,raw,cell=pb_gsm8k_q8,0.025025924473583577,0.006902488963138363,184.0159867360399,207,1361,0.29536125656024076,,
dominant_freq16__onset80,raw,cell=pb_math_q4,0.008186019739894742,0.0021107265796057578,562.5652432212809,594,3772,0.25262139584492505,,
dominant_freq16__onset80,raw,cell=pb_math_q8,0.006534746942581894,0.0017106891706025458,704.720508146958,594,3772,0.24901621532832488,,
dominant_freq16__onset80,raw,cell=pb_olympiadbench_q4,0.036857659906887906,0.010337626062406766,124.94472512964623,661,5161,0.20512565541205022,,
dominant_freq16__onset80,raw,cell=pb_olympiadbench_q8,0.028782162556911493,0.00805778846326655,160.0008399953341,661,5161,0.17178920167863407,,
dominant_freq16__onset80,raw,cell=pb_omnimath_q4,0.04850129373932656,0.01359945225826058,94.94942981807633,759,4033,0.23126536743991394,,
dominant_freq16__onset80,raw,cell=pb_omnimath_q8,0.04819607104467071,0.013692369685247468,95.55073860107336,759,4033,0.2303136748426656,,
dominant_freq16__onset80,raw,steps_2_to_5,0.03147045276320642,0.008315813750975459,146.33314050607535,1312,5760,0.3955985681361034,"[0.02053184166819518, 0.060284947337813595]","[76.39005073990518, 224.2940628712194]"
dominant_freq16__onset80,raw,steps_6_to_10,0.03884681631006593,0.010820952130691897,118.54691383795091,2308,14512,0.21759990072973143,"[0.02721056951568271, 0.05689278792379255]","[80.94470940950691, 169.24196251511455]"
dominant_freq16__onset80,raw,steps_11_plus,0.017802381754072866,0.004919894135850348,258.6828127609673,822,8382,0.12061126869998075,"[0.008129878328997222, 0.03982934654953646]","[115.62253928169675, 566.4500746047593]"
dominant_freq16__onset80,answer_z,macro8_all,0.0010324895075369805,0.0001862264036163749,4460.258581197397,4442,28654,2.1417900048854133e-05,"[6.783596338569103e-06, 0.0040405355228174825]","[1139.7425316476088, 678868.546438228]"
dominant_freq16__onset80,answer_z,cell=pb_gsm8k_q4,0.007460226179836363,0.0013438238985953644,617.296322521029,207,1361,0.0010229917410955495,,
dominant_freq16__onset80,answer_z,cell=pb_gsm8k_q8,0.014653455769313109,0.0021704690307974527,314.2719545809884,207,1361,0.00805671073833137,,
dominant_freq16__onset80,answer_z,cell=pb_math_q4,0.0001862748478440435,4.0973030771039216e-05,24722.44771255279,594,3772,3.973681878820996e-05,,
dominant_freq16__onset80,answer_z,cell=pb_math_q8,0.0,0.0,inf,594,3772,,,
dominant_freq16__onset80,answer_z,cell=pb_olympiadbench_q4,0.0,0.0,inf,661,5161,,,
dominant_freq16__onset80,answer_z,cell=pb_olympiadbench_q8,0.0,0.0,inf,661,5161,,,
dominant_freq16__onset80,answer_z,cell=pb_omnimath_q4,0.0,0.0,inf,759,4033,,,
dominant_freq16__onset80,answer_z,cell=pb_omnimath_q8,1.1523285147703102e-06,2.8522205113013887e-07,3996403.913432642,759,4033,0.00026735425567850455,,
dominant_freq16__onset80,answer_z,steps_2_to_5,0.0008793653030633726,0.00018048116284218537,5236.925052586723,1312,5760,7.734615864254482e-07,"[2.9666025006657068e-06, 0.007921772210639428]","[581.330801181466, 1552338.1325791676]"
dominant_freq16__onset80,answer_z,steps_6_to_10,0.0015644849114458943,0.00025866882282030905,2943.5695750699197,2308,14512,0.00023138391144828316,"[0.00020067447559451123, 0.004707556130217422]","[978.2507225836092, 22948.46004876791]"
dominant_freq16__onset80,answer_z,steps_11_plus,0.0,0.0,inf,822,8382,,,
dominant_freq16__top30,raw,macro8_all,0.13050554254837418,0.03652537192711054,35.28716172557272,4442,28654,0.005245905474772668,"[0.11742477648482953, 0.15441802560989473]","[29.82275008244247, 39.21804515065905]"
dominant_freq16__top30,raw,cell=pb_gsm8k_q4,0.21942698138893738,0.06504197099841892,20.987255791599136,207,1361,0.07674762820542726,,
dominant_freq16__top30,raw,cell=pb_gsm8k_q8,0.18796630801997935,0.05312263787112176,24.499976801686174,207,1361,0.07001546726338721,,
dominant_freq16__top30,raw,cell=pb_math_q4,0.1276277647053105,0.03651240481276402,36.082824114496724,594,3772,0.010812602713449911,,
dominant_freq16__top30,raw,cell=pb_math_q8,0.14128839610408403,0.04004942205903155,32.594114682960694,594,3772,0.0196729447593399,,
dominant_freq16__top30,raw,cell=pb_olympiadbench_q4,0.16253320433196927,0.046384802399151014,28.33371928472023,661,5161,0.015480352675183898,,
dominant_freq16__top30,raw,cell=pb_olympiadbench_q8,0.1604222191193295,0.045389924999941024,28.706560794814543,661,5161,0.01070846342927045,,
dominant_freq16__top30,raw,cell=pb_omnimath_q4,0.12345421726633936,0.03545219421667627,37.30265589917375,759,4033,0.012757145240175875,,
dominant_freq16__top30,raw,cell=pb_omnimath_q8,0.14660045954522277,0.04174617931135683,31.413067873552645,759,4033,0.015797140123186143,,
dominant_freq16__top30,raw,steps_2_to_5,0.11513311022073258,0.03335108740499798,39.99866048228076,1312,5760,0.016674370975305698,"[0.1001958572713429, 0.16367571205398881]","[28.135941051956845, 45.96168256255062]"
dominant_freq16__top30,raw,steps_6_to_10,0.1257313935229679,0.035970247293281646,36.627051183894224,2308,14512,0.006772058882746226,"[0.10985321048844304, 0.1599557591679565]","[28.790274322993135, 41.921125158855254]"
dominant_freq16__top30,raw,steps_11_plus,0.13429671630801696,0.036556049006601365,34.291011073017444,822,8382,0.009027988144291349,"[0.11331131820700889, 0.20430326713072927]","[22.540854341998077, 40.641749287347345]"
dominant_freq16__top30,answer_z,macro8_all,0.10856030900084504,0.02973076806261999,42.420385759515895,4442,28654,0.026072102889502312,"[0.09800365600194304, 0.13303585103097829]","[34.61600876981459, 46.98977950268293]"
dominant_freq16__top30,answer_z,cell=pb_gsm8k_q4,0.19883662922450296,0.0543214140497275,23.160572596452912,207,1361,0.07807638160812912,,
dominant_freq16__top30,answer_z,cell=pb_gsm8k_q8,0.20259224535767795,0.0559573184985225,22.73122635003938,207,1361,0.045578123444774916,,
dominant_freq16__top30,answer_z,cell=pb_math_q4,0.15896503752379681,0.04220313824317458,28.969704645266447,594,3772,0.05348334322015637,,
dominant_freq16__top30,answer_z,cell=pb_math_q8,0.14303984963485186,0.03934472125268025,32.19501556904626,594,3772,0.06087613634401401,,
dominant_freq16__top30,answer_z,cell=pb_olympiadbench_q4,0.13677533821301704,0.03903875747826364,33.66959457863591,661,5161,0.03653102631340769,,
dominant_freq16__top30,answer_z,cell=pb_olympiadbench_q8,0.13570159760504083,0.037919867577142906,33.93600567173445,661,5161,0.04528181989076712,,
dominant_freq16__top30,answer_z,cell=pb_omnimath_q4,0.1129528411586153,0.03114549200189567,40.77073350922824,759,4033,0.037641837906293316,,
dominant_freq16__top30,answer_z,cell=pb_omnimath_q8,0.1414303631164968,0.03905793694461062,32.56139689180317,759,4033,0.035404285351327176,,
dominant_freq16__top30,answer_z,steps_2_to_5,0.10494050578507162,0.027622841050738384,43.883628647835266,1312,5760,0.06408110455046556,"[0.09519313953738182, 0.16154611923255405]","[28.50684502893387, 48.37712264106666]"
dominant_freq16__top30,answer_z,steps_6_to_10,0.12894425135252266,0.036161544966717606,35.7144280391217,2308,14512,0.03566220256930494,"[0.11769322249472149, 0.16469853133521892]","[27.961209785258895, 39.12859286518926]"
dominant_freq16__top30,answer_z,steps_11_plus,0.10600269929289938,0.028280580959942857,43.443895454618584,822,8382,0.02804892610378807,"[0.09935660582859779, 0.17610043933242456]","[26.150815997085154, 46.34991450827708]"
dominant_freq16__std,raw,macro8_all,0.04161833954101827,0.01172196665877344,110.65242479098237,4442,28654,0.0036925855187863142,"[0.038383233288598904, 0.057943498452108465]","[79.47690955861705, 119.97869359682058]"
dominant_freq16__std,raw,cell=pb_gsm8k_q4,0.155517085225886,0.04377004403051399,29.61198880045339,207,1361,0.07260180493691391,,
dominant_freq16__std,raw,cell=pb_gsm8k_q8,0.15339070387423653,0.04250848810839559,30.022485520138325,207,1361,0.07586017654803394,,
dominant_freq16__std,raw,cell=pb_math_q4,0.08846510661933113,0.023602339996382317,52.05634585175285,594,3772,0.027868667564225305,,
dominant_freq16__std,raw,cell=pb_math_q8,0.07381978701121349,0.01983280105348677,62.38395384815389,594,3772,0.017477374752166284,,
dominant_freq16__std,raw,cell=pb_olympiadbench_q4,0.0633135017531885,0.01715375942801977,72.73598929877816,661,5161,0.011352587143868883,,
dominant_freq16__std,raw,cell=pb_olympiadbench_q8,0.05469085062257923,0.014266194073899945,84.20366722339546,661,5161,0.010353454906783814,,
dominant_freq16__std,raw,cell=pb_omnimath_q4,0.05776399412258684,0.016254511853126086,79.72388779444496,759,4033,0.009105047714537802,,
dominant_freq16__std,raw,cell=pb_omnimath_q8,0.05577050612316346,0.015196191988545982,82.5735770770673,759,4033,0.014825341658957977,,
dominant_freq16__std,raw,steps_2_to_5,0.07481467780784694,0.02016142679250705,61.5543676845866,1312,5760,0.012561764006681247,"[0.07327265140672935, 0.12557776021649528]","[36.6718611484136, 62.849782252661235]"
dominant_freq16__std,raw,steps_6_to_10,0.038336927424625036,0.010858478079910252,120.12361175898629,2308,14512,0.008831644056076816,"[0.03721201199785944, 0.06601586565329044]","[69.75853668531809, 123.75493661167789]"
dominant_freq16__std,raw,steps_11_plus,0.06030359463828345,0.015715360480238753,76.3664291260097,822,8382,0.0068871400298585895,"[0.06521258580935693, 0.12181206415997202]","[37.80553443327472, 70.6178129395281]"
dominant_freq16__std,answer_z,macro8_all,0.019455734758760994,0.005221924967071698,236.69988530833385,4442,28654,0.007422968872096499,"[0.019509437439092513, 0.033096688678932125]","[139.1429284863636, 236.04833303703413]"
dominant_freq16__std,answer_z,cell=pb_gsm8k_q4,0.14470241031346076,0.04037349542547433,31.825110418079205,207,1361,0.07491366048436826,,
dominant_freq16__std,answer_z,cell=pb_gsm8k_q8,0.16592830624588895,0.04722495051255326,27.75397573915867,207,1361,0.053963952915750665,,
dominant_freq16__std,answer_z,cell=pb_math_q4,0.05307651454942329,0.013631131034232346,86.76474378700757,594,3772,0.020904285174083444,,
dominant_freq16__std,answer_z,cell=pb_math_q8,0.05994791374563863,0.01565400856664537,76.81952378740003,594,3772,0.026940502043540683,,
dominant_freq16__std,answer_z,cell=pb_olympiadbench_q4,0.048494809384845655,0.012635700718261202,94.96212572859768,661,5161,0.01785346670879747,,
dominant_freq16__std,answer_z,cell=pb_olympiadbench_q8,0.04712558878973075,0.012237446287509161,97.72122331533852,661,5161,0.014099275946803342,,
dominant_freq16__std,answer_z,cell=pb_omnimath_q4,0.05686235551799909,0.015602648386209455,80.98803055266293,759,4033,0.018593280081799352,,
dominant_freq16__std,answer_z,cell=pb_omnimath_q8,0.05599668968774976,0.014396821604713755,82.24004332519591,759,4033,0.02110996898356975,,
dominant_freq16__std,answer_z,steps_2_to_5,0.02418250917237315,0.006199176024248172,190.4339269826136,1312,5760,0.018664932528707108,"[0.03174122336763418, 0.06546861472400536]","[70.34164699225742, 145.0848359765453]"
dominant_freq16__std,answer_z,steps_6_to_10,0.027030526366803108,0.007182721523038991,170.3692382270373,2308,14512,0.009973058430481314,"[0.027705816531527712, 0.05193503813902989]","[88.67173975419196, 166.2167285612268]"
dominant_freq16__std,answer_z,steps_11_plus,0.04008607720159212,0.010291195587928032,114.88203654422901,822,8382,0.008973166316192417,"[0.05020078561534534, 0.0999848608484902]","[46.058674752435095, 91.73502226189039]"
dominant_freq16__iqr,raw,macro8_all,0.048389482333362675,0.013101735475704625,95.16882520590647,4442,28654,0.00991974339890023,"[0.04203982027732514, 0.06405100470274497]","[71.89848476788582, 109.54305122165246]"
dominant_freq16__iqr,raw,cell=pb_gsm8k_q4,0.10541780667393583,0.02645238230013302,43.68493645700849,207,1361,0.044425457029572214,,
dominant_freq16__iqr,raw,cell=pb_gsm8k_q8,0.08648130575022059,0.022776854295137892,53.250470099156026,207,1361,0.0373013141106406,,
dominant_freq16__iqr,raw,cell=pb_math_q4,0.059202568300746834,0.015672553442192105,77.78666227103525,594,3772,0.024596401811528463,,
dominant_freq16__iqr,raw,cell=pb_math_q8,0.060722491004543744,0.01613506634026902,75.83961246984245,594,3772,0.016563976559311817,,
dominant_freq16__iqr,raw,cell=pb_olympiadbench_q4,0.07139535021097881,0.018958729209174963,64.50238247139983,661,5161,0.01616273825089471,,
dominant_freq16__iqr,raw,cell=pb_olympiadbench_q8,0.05704386530929141,0.015439228891140879,80.73033201763053,661,5161,0.01020547708807597,,
dominant_freq16__iqr,raw,cell=pb_omnimath_q4,0.06866199540676828,0.01875494541819284,67.07014788466434,759,4033,0.021470290922549394,,
dominant_freq16__iqr,raw,cell=pb_omnimath_q8,0.06086727745058364,0.016508750701675137,75.6592109730371,759,4033,0.01829695486372179,,
dominant_freq16__iqr,raw,steps_2_to_5,0.06552404437935556,0.017683055236131943,70.2821419161212,1312,5760,0.016317150154168625,"[0.058894579874554855, 0.10618212443300229]","[43.37048453851396, 78.19344659214957]"
dominant_freq16__iqr,raw,steps_6_to_10,0.04383949108276916,0.011844745944605993,105.04615980357777,2308,14512,0.01319491001351529,"[0.03770270687225857, 0.06687970913711172]","[68.85750918184947, 122.14428533184572]"
dominant_freq16__iqr,raw,steps_11_plus,0.05291077239243699,0.014117887917070316,87.03653297350749,822,8382,0.02005996367757184,"[0.04656720819000214, 0.1007208984320714]","[45.72209201543143, 98.89298424758928]"
dominant_freq16__iqr,answer_z,macro8_all,0.01765455769782759,0.004502639949593623,260.8487997722403,4442,28654,0.005810594107470883,"[0.017400088212888014, 0.03151448333713571]","[146.1286906316341, 264.6636114509525]"
dominant_freq16__iqr,answer_z,cell=pb_gsm8k_q4,0.12234210274282718,0.03306961629861038,37.64174460584943,207,1361,0.09168991961226872,,
dominant_freq16__iqr,answer_z,cell=pb_gsm8k_q8,0.13314534332212186,0.03343415010176449,34.58754223830937,207,1361,0.07675176181676487,,
dominant_freq16__iqr,answer_z,cell=pb_math_q4,0.06181985595816894,0.016104001765116636,74.4933826617815,594,3772,0.03326043204403162,,
dominant_freq16__iqr,answer_z,cell=pb_math_q8,0.053615514268434895,0.013614159208465221,85.89249303721213,594,3772,0.023772853141077063,,
dominant_freq16__iqr,answer_z,cell=pb_olympiadbench_q4,0.05007092281404581,0.012858369137620354,91.97294411950118,661,5161,0.017251851885914205,,
dominant_freq16__iqr,answer_z,cell=pb_olympiadbench_q8,0.04600229678077218,0.011479127457135465,100.10739698355536,661,5161,0.027881508069143832,,
dominant_freq16__iqr,answer_z,cell=pb_omnimath_q4,0.04594551956681908,0.012250725563506934,100.23110478249662,759,4033,0.01611704256352793,,
dominant_freq16__iqr,answer_z,cell=pb_omnimath_q8,0.04430875729643467,0.01144900960651892,103.93363449980235,759,4033,0.019408406784105995,,
dominant_freq16__iqr,answer_z,steps_2_to_5,0.034122779722980466,0.008646418786735567,134.9588229146137,1312,5760,0.015530478310180049,"[0.03929963561816329, 0.07799187269974764]","[59.04679585932026, 117.18098943033709]"
dominant_freq16__iqr,answer_z,steps_6_to_10,0.026450028993814458,0.006746671909487768,174.10832279484632,2308,14512,0.010095593707341066,"[0.026414047022697933, 0.05161433797728582]","[89.22269211347266, 174.34549813706357]"
dominant_freq16__iqr,answer_z,steps_11_plus,0.03757051820992023,0.009633844912011701,122.5740395769183,822,8382,0.011177845566983594,"[0.047828424850828395, 0.0970462322880034]","[47.45336400408995, 96.28521533692803]"
dominant_freq16__frac_above_z,raw,macro8_all,3.029364818003832e-05,7.640421002498437e-06,152017.68234116552,4442,28654,0.00043994383843466017,"[3.016024853193139e-07, 0.0010583142967808105]","[4351.4201782931, 15269006.09294544]"
dominant_freq16__frac_above_z,raw,cell=pb_gsm8k_q4,0.0036472205706180386,0.000892313598065371,1262.6519555979924,207,1361,0.0034397282733670256,,
dominant_freq16__frac_above_z,raw,cell=pb_gsm8k_q8,0.007447506265659111,0.001933243741674981,618.3506292868531,207,1361,0.0033731764610506003,,
dominant_freq16__frac_above_z,raw,cell=pb_math_q4,0.0007660943625919891,0.0001838302637954582,6011.2310060696,594,3772,0.00025762782095430786,,
dominant_freq16__frac_above_z,raw,cell=pb_math_q8,0.00039417708753220057,0.00010182733072435093,11682.998154000752,594,3772,0.004305789073138891,,
dominant_freq16__frac_above_z,raw,cell=pb_olympiadbench_q4,0.00038789536821860846,9.416214080851232e-05,11872.196894582998,661,5161,0.0016434298819722089,,
dominant_freq16__frac_above_z,raw,cell=pb_olympiadbench_q8,0.0,0.0,inf,661,5161,,,
dominant_freq16__frac_above_z,raw,cell=pb_omnimath_q4,7.865879119908054e-05,1.9400241430876085e-05,58546.160140354696,759,4033,0.0007514707047326739,,
dominant_freq16__frac_above_z,raw,cell=pb_omnimath_q8,0.0003564069055497468,8.65955642221803e-05,12921.102577641577,759,4033,0.0002638036174608129,,
dominant_freq16__frac_above_z,raw,steps_2_to_5,0.0006997276803731869,0.0001778357936434337,6581.374890774664,1312,5760,0.00035305836032976197,"[0.00017978110361457485, 0.00665685088321]","[691.7941030650567, 25615.42950509928]"
dominant_freq16__frac_above_z,raw,steps_6_to_10,2.0450262031514416e-05,5.14956710045267e-06,225188.8107297304,2308,14512,0.0005299189798586325,"[3.7637731940304803e-07, 0.0018813573859848445]","[2447.791270438178, 12235514.598201895]"
dominant_freq16__frac_above_z,raw,steps_11_plus,0.0,0.0,inf,822,8382,,,
dominant_freq16__frac_above_z,answer_z,macro8_all,0.0002842013275169725,7.270424246234106e-05,16203.9010381226,4442,28654,0.0009164423341956668,"[6.72518111779898e-05, 0.0022043551233271496]","[2089.1235433233032, 68476.52286716814]"
dominant_freq16__frac_above_z,answer_z,cell=pb_gsm8k_q4,0.00742267630249556,0.001905654996950875,620.4191046886685,207,1361,0.006367468062478818,,
dominant_freq16__frac_above_z,answer_z,cell=pb_gsm8k_q8,0.012531097864880825,0.0032746954892976772,367.4993392952716,207,1361,0.00665008503019112,,
dominant_freq16__frac_above_z,answer_z,cell=pb_math_q4,0.006978306580152378,0.0016110713214637004,659.9266072783425,594,3772,0.00030268460956321295,,
dominant_freq16__frac_above_z,answer_z,cell=pb_math_q8,0.0004025604903244571,0.00010398985845281801,11439.697378837156,594,3772,0.008023582877637572,,
dominant_freq16__frac_above_z,answer_z,cell=pb_olympiadbench_q4,0.0001251839050016516,3.19248799916759e-05,36787.238630456006,661,5161,0.0032039290164172524,,
dominant_freq16__frac_above_z,answer_z,cell=pb_olympiadbench_q8,0.0005593071384645421,0.00014787537259503886,8233.70536380172,661,5161,0.0003122917544827108,,
dominant_freq16__frac_above_z,answer_z,cell=pb_omnimath_q4,0.00012753339276287386,3.249301736449568e-05,36109.52462113671,759,4033,0.00011663885503261856,,
dominant_freq16__frac_above_z,answer_z,cell=pb_omnimath_q8,0.0017014677919077086,0.00046109805530101833,2706.5867528557287,759,4033,0.0002965959123212877,,
dominant_freq16__frac_above_z,answer_z,steps_2_to_5,0.0007992357887300512,0.00020663896159876753,5761.966932568791,1312,5760,0.0015193534359935913,"[0.0005389300679928088, 0.008758330541644183]","[525.8045656180011, 8545.023667244226]"
dominant_freq16__frac_above_z,answer_z,steps_6_to_10,0.001482065915367035,0.00039555772934713764,3107.264082007862,2308,14512,0.00043066542804466677,"[0.00011484770009515751, 0.005874511369701369]","[783.9239548909403, 40098.06188693774]"
dominant_freq16__frac_above_z,answer_z,steps_11_plus,0.0001569886077866405,4.028432453296276e-05,29334.42273879433,822,8382,0.0005279048212748815,"[3.3960214960597004e-06, 0.005880479607093392]","[783.1283319872507, 1356048.5972575054]"
dominant_freq16__slope,raw,macro8_all,0.13207799275151827,0.03546032984332651,34.867051581045125,4442,28654,0.009558120446114118,"[0.12007429826432126, 0.15887202151183308]","[28.98666575879813, 38.35267207517354]"
dominant_freq16__slope,raw,cell=pb_gsm8k_q4,0.13580898317129753,0.03712717473729725,33.909172121401824,207,1361,0.06036182839172682,,
dominant_freq16__slope,raw,cell=pb_gsm8k_q8,0.18800741035003987,0.05506682300746903,24.49462059720943,207,1361,0.07213967627668999,,
dominant_freq16__slope,raw,cell=pb_math_q4,0.12350429344116531,0.0329859633245401,37.28753112685829,594,3772,0.022057979544819653,,
dominant_freq16__slope,raw,cell=pb_math_q8,0.14226126207863188,0.03739539835358602,32.37121700384383,594,3772,0.02543733988537915,,
dominant_freq16__slope,raw,cell=pb_olympiadbench_q4,0.1487540091474949,0.041439818876219746,30.958292905046353,661,5161,0.01472155140370644,,
dominant_freq16__slope,raw,cell=pb_olympiadbench_q8,0.17377995668133878,0.04876623488101568,26.500007675986573,661,5161,0.02292114771648065,,
dominant_freq16__slope,raw,cell=pb_omnimath_q4,0.1773927474309175,0.049853089587532734,25.960307017520513,759,4033,0.022068444635281362,,
dominant_freq16__slope,raw,cell=pb_omnimath_q8,0.16953060808089893,0.049236353845428,27.164240358239816,759,4033,0.021250381233837826,,
dominant_freq16__slope,raw,steps_2_to_5,0.12323602264791253,0.033441299166507045,37.36870183765297,1312,5760,0.024024681258532903,"[0.11460247807720926, 0.18311451311543847]","[25.149127219014666, 40.183862192626634]"
dominant_freq16__slope,raw,steps_6_to_10,0.1406053892833549,0.03776871322735042,32.752444337019874,2308,14512,0.017660838073998462,"[0.1259764413144051, 0.1804243430742646]","[25.52410671154587, 36.55580470395064]"
dominant_freq16__slope,raw,steps_11_plus,0.14674042998899545,0.04039191329601955,31.383104072500323,822,8382,0.00667183719634265,"[0.1344636131202622, 0.22659613432726453]","[20.323251319623186, 34.24844892327338]"
dominant_freq16__slope,answer_z,macro8_all,0.03850453738991688,0.010695206405806056,119.60071456913647,4442,28654,0.009066281513256915,"[0.036131603104891816, 0.05486087479444008]","[83.94270421759309, 127.45546253840597]"
dominant_freq16__slope,answer_z,cell=pb_gsm8k_q4,0.0974356243468071,0.02537070420658472,47.26372121963008,207,1361,0.05910159626323475,,
dominant_freq16__slope,answer_z,cell=pb_gsm8k_q8,0.1299025933791796,0.03563006173476812,35.45094879319165,207,1361,0.049110648281947306,,
dominant_freq16__slope,answer_z,cell=pb_math_q4,0.061751130592763735,0.01658416938619526,74.57628940202345,594,3772,0.02440648330250586,,
dominant_freq16__slope,answer_z,cell=pb_math_q8,0.06121110797642579,0.01643420110829464,75.23422362754289,594,3772,0.026790838343871182,,
dominant_freq16__slope,answer_z,cell=pb_olympiadbench_q4,0.06332981051838424,0.01742064882914711,72.7172582436709,661,5161,0.013438793173299692,,
dominant_freq16__slope,answer_z,cell=pb_olympiadbench_q8,0.06221735797454923,0.016034304166945314,74.01745004781291,661,5161,0.012288440542678719,,
dominant_freq16__slope,answer_z,cell=pb_omnimath_q4,0.07445250365093228,0.020125932528424227,61.85379886725175,759,4033,0.020620184681684604,,
dominant_freq16__slope,answer_z,cell=pb_omnimath_q8,0.07584688858633842,0.020919032505486424,60.716665796328755,759,4033,0.018289939987575988,,
dominant_freq16__slope,answer_z,steps_2_to_5,0.04282366468807317,0.011450238938793607,107.53797507831409,1312,5760,0.03325105633691547,"[0.0474955622955405, 0.08718946252148925]","[52.81796736449744, 96.9600098074949]"
dominant_freq16__slope,answer_z,steps_6_to_10,0.05487218532674552,0.014845715972557866,83.9254015229363,2308,14512,0.014543773804828622,"[0.05223243201530746, 0.08472274611710313]","[54.35577099475577, 88.16687273222279]"
dominant_freq16__slope,answer_z,steps_11_plus,0.07636187014881807,0.02054590791763164,60.30719489993228,822,8382,0.009578406611116995,"[0.07837220930964085, 0.14383577215215884]","[32.01686282266725, 58.76024456313997]"
dominant_freq16__jump,raw,macro8_all,0.02095262461611387,0.005355508142568168,219.78965739912266,4442,28654,0.012173096182219328,"[0.019493318515322117, 0.03528189468000162]","[130.5250250236244, 236.24352017684114]"
dominant_freq16__jump,raw,cell=pb_gsm8k_q4,0.13269827555927277,0.03596760054951207,34.704069563670295,207,1361,0.06861915461050838,,
dominant_freq16__jump,raw,cell=pb_gsm8k_q8,0.1697251150654053,0.0423293864422054,27.133109818269634,207,1361,0.058380798203680605,,
dominant_freq16__jump,raw,cell=pb_math_q4,0.04587276150490138,0.011899273064258527,100.3900797534511,594,3772,0.02505997866734263,,
dominant_freq16__jump,raw,cell=pb_math_q8,0.04486604461632422,0.011561596060695985,102.64266051018302,594,3772,0.04246586322284706,,
dominant_freq16__jump,raw,cell=pb_olympiadbench_q4,0.054464760958225764,0.014470572387841607,84.55320660491354,661,5161,0.014396065664667335,,
dominant_freq16__jump,raw,cell=pb_olympiadbench_q8,0.07056338133218655,0.018915796311321894,65.26288988772572,661,5161,0.016972490496085672,,
dominant_freq16__jump,raw,cell=pb_omnimath_q4,0.046340884003985616,0.012132690221576087,99.37596757092544,759,4033,0.027288006951181165,,
dominant_freq16__jump,raw,cell=pb_omnimath_q8,0.04929266837419985,0.012733416196693808,93.4250536211278,759,4033,0.03240344351635715,,
dominant_freq16__jump,raw,steps_2_to_5,0.040598970155441186,0.010137310874618728,113.43071433477961,1312,5760,0.03804421394653916,"[0.04452183040495955, 0.08291090236740634]","[55.54360228261683, 103.43622766855279]"
dominant_freq16__jump,raw,steps_6_to_10,0.036586604920422455,0.009301698547763842,125.87038879405587,2308,14512,0.018965235339279848,"[0.03499392132315519, 0.06481296955718663]","[71.05322001832978, 131.59914670497042]"
dominant_freq16__jump,raw,steps_11_plus,0.0475108269584899,0.012160526163775824,96.92885771093016,822,8382,0.007176161259660048,"[0.05321091127814171, 0.10654823530440204]","[43.221459021178454, 86.54559892643354]"
dominant_freq16__jump,answer_z,macro8_all,0.024033723255159838,0.006346961201993906,191.61284904116556,4442,28654,0.013212540747449975,"[0.023173583067707133, 0.039204116154142925]","[117.46649683113534, 198.7249952902403]"
dominant_freq16__jump,answer_z,cell=pb_gsm8k_q4,0.10506756753150795,0.028416345027229804,43.83055869840216,207,1361,0.053344376139013244,,
dominant_freq16__jump,answer_z,cell=pb_gsm8k_q8,0.13590329239345988,0.03621621154698459,33.88564106788121,207,1361,0.04885058221765091,,
dominant_freq16__jump,answer_z,cell=pb_math_q4,0.07081052224761832,0.018020840884624263,65.03511116447083,594,3772,0.023012212778514323,,
dominant_freq16__jump,answer_z,cell=pb_math_q8,0.06623011684582517,0.017327359694470034,69.53287122697233,594,3772,0.03264624149886299,,
dominant_freq16__jump,answer_z,cell=pb_olympiadbench_q4,0.04929393913570654,0.012766176233224973,93.42264519193786,661,5161,0.014418483837285598,,
dominant_freq16__jump,answer_z,cell=pb_olympiadbench_q8,0.0834912206734299,0.02217494376505735,55.15753810811911,661,5161,0.021976118100182497,,
dominant_freq16__jump,answer_z,cell=pb_omnimath_q4,0.04598510420539817,0.011523355371242498,100.14482440701946,759,4033,0.025468094833635532,,
dominant_freq16__jump,answer_z,cell=pb_omnimath_q8,0.056809850034931345,0.014947433079562117,81.06288228461185,759,4033,0.030742871965802672,,
dominant_freq16__jump,answer_z,steps_2_to_5,0.03244118795649509,0.008124181413537795,141.95442510193544,1312,5760,0.04244986873295631,"[0.03808763032960656, 0.07585613282849306]","[60.70926653221503, 120.9098635471781]"
dominant_freq16__jump,answer_z,steps_6_to_10,0.03228418272464303,0.008330351618385535,142.64478135520193,2308,14512,0.01771205066212869,"[0.031614732121181495, 0.05860943475252214]","[78.57387134739288, 145.66532363254416]"
dominant_freq16__jump,answer_z,steps_11_plus,0.039084401742953245,0.010334779478140134,117.8262933708173,822,8382,0.009372803389620436,"[0.04860156720142328, 0.09633484258831164]","[47.803785860411416, 94.75353267730081]"
dominant_freq16__q90,raw,macro8_all,0.02174070154240144,0.0062337660106797435,211.82251994060596,4442,28654,0.010929322150522731,"[0.01690030195828364, 0.030887620556234188]","[149.09436541425686, 272.49040859479317]"
dominant_freq16__q90,raw,cell=pb_gsm8k_q4,0.09320206005265522,0.024742555729393413,49.41060512381771,207,1361,0.08062354699898104,,
dominant_freq16__q90,raw,cell=pb_gsm8k_q8,0.06466079377341372,0.017547825829165364,71.22044004169925,207,1361,0.05699255554150392,,
dominant_freq16__q90,raw,cell=pb_math_q4,0.012895075163206081,0.003663656801176859,357.12627710214264,594,3772,0.010247287728774934,,
dominant_freq16__q90,raw,cell=pb_math_q8,0.0224731156417073,0.0060968412871363195,204.91908017602464,594,3772,0.023233642906335443,,
dominant_freq16__q90,raw,cell=pb_olympiadbench_q4,0.03366883067398496,0.009593958013612625,136.77844147840835,661,5161,0.02351391904159437,,
dominant_freq16__q90,raw,cell=pb_olympiadbench_q8,0.021503822910871984,0.00607397908674106,214.1558831225211,661,5161,0.016964296165721336,,
dominant_freq16__q90,raw,cell=pb_omnimath_q4,0.021507740836976423,0.005887824793749471,214.1168717297735,759,4033,0.01885978423292685,,
dominant_freq16__q90,raw,cell=pb_omnimath_q8,0.04673672202642528,0.01408072140417078,98.53429993195276,759,4033,0.029470690637965785,,
dominant_freq16__q90,raw,steps_2_to_5,0.03018638490817626,0.008264549796017635,152.55785679525803,1312,5760,0.018904265305667124,"[0.0242411935520613, 0.054185975211234784]","[84.98823114349463, 189.97291433269797]"
dominant_freq16__q90,raw,steps_6_to_10,0.021627397169101413,0.00635139856238655,212.93224283906883,2308,14512,0.006923681472510888,"[0.0166542108573635, 0.03490296369206936]","[131.94209599554657, 276.5168656401369]"
dominant_freq16__q90,raw,steps_11_plus,0.019308229644770362,0.005286581508485973,238.50815277802556,822,8382,0.0244223594879547,"[0.014534582525170757, 0.05110932538467113]","[90.10430388833285, 316.8422744865862]"
dominant_freq16__q90,answer_z,macro8_all,0.037113848486293094,0.010186837054553269,124.08225969044616,4442,28654,0.01892205555452887,"[0.03136239693805749, 0.05291828650841645]","[87.02417424751002, 146.83731588129453]"
dominant_freq16__q90,answer_z,cell=pb_gsm8k_q4,0.10827468288292932,0.030084620537312718,42.53228975943874,207,1361,0.09881083654385851,,
dominant_freq16__q90,answer_z,cell=pb_gsm8k_q8,0.09239480435137827,0.02467519049139806,49.842306808449834,207,1361,0.11218966754707237,,
dominant_freq16__q90,answer_z,cell=pb_math_q4,0.037455352050882795,0.010196187604697858,122.95092513700058,594,3772,0.05695448678382243,,
dominant_freq16__q90,answer_z,cell=pb_math_q8,0.05341661815225883,0.014869384417738352,86.21231267133957,594,3772,0.07004031918901757,,
dominant_freq16__q90,answer_z,cell=pb_olympiadbench_q4,0.061108906143112575,0.01684390246440289,75.36004940430648,661,5161,0.042692128221812835,,
dominant_freq16__q90,answer_z,cell=pb_olympiadbench_q8,0.06397778018892972,0.01743924604987953,71.9807747688148,661,5161,0.043532531850235805,,
dominant_freq16__q90,answer_z,cell=pb_omnimath_q4,0.038461303892318645,0.010419317183208154,119.73515507642007,759,4033,0.03896110393021171,,
dominant_freq16__q90,answer_z,cell=pb_omnimath_q8,0.05555868985012856,0.01560482279811994,82.88838700859746,759,4033,0.03597474875729301,,
dominant_freq16__q90,answer_z,steps_2_to_5,0.029073090633325534,0.007870445983386322,158.3997464896056,1312,5760,0.02093858271655561,"[0.02358215752329744, 0.05706000589613551]","[80.70749579610515, 195.28197033874113]"
dominant_freq16__q90,answer_z,steps_6_to_10,0.03893448477348416,0.010874847420879111,118.27998271404853,2308,14512,0.02688869745848031,"[0.034275977364266276, 0.061499194588835196]","[74.88179669305998, 134.35561988639654]"
dominant_freq16__q90,answer_z,steps_11_plus,0.04218956563299755,0.010947308126838442,109.15424505784125,822,8382,0.025167733784972533,"[0.04605471600126598, 0.0977638474353602]","[47.10504247526625, 99.99345530350251]"
dominant_freq16__first_token,raw,macro8_all,0.007078254200862701,0.0018022584587468883,650.608194521583,4442,28654,0.00928471493161818,"[0.007023865593604511, 0.016941980858743395]","[271.82005601260386, 655.6461146097769]"
dominant_freq16__first_token,raw,cell=pb_gsm8k_q4,0.07915178015345545,0.02020830153930352,58.18151123145711,207,1361,0.09079421442961454,,
dominant_freq16__first_token,raw,cell=pb_gsm8k_q8,0.09294316961624109,0.020395314873730967,49.54823689575758,207,1361,0.056727664649698105,,
dominant_freq16__first_token,raw,cell=pb_math_q4,0.02747332126569711,0.006759626376241801,167.6233514488857,594,3772,0.01585370817081544,,
dominant_freq16__first_token,raw,cell=pb_math_q8,0.02346373880771471,0.006014715895484872,196.2675353543377,594,3772,0.019796534683116287,,
dominant_freq16__first_token,raw,cell=pb_olympiadbench_q4,0.02535196658335114,0.006413505871854877,181.64942632152048,661,5161,0.018095576610651365,,
dominant_freq16__first_token,raw,cell=pb_olympiadbench_q8,0.02212669982863069,0.005860088571666642,208.12729515267628,661,5161,0.01938737776249367,,
dominant_freq16__first_token,raw,cell=pb_omnimath_q4,0.023059733147728537,0.005723923839130955,199.70613521352553,759,4033,0.017640344967432258,,
dominant_freq16__first_token,raw,cell=pb_omnimath_q8,0.020800598674333638,0.005130745014088389,221.3960404740909,759,4033,0.024621321945289307,,
dominant_freq16__first_token,raw,steps_2_to_5,0.014312714020254993,0.003521466953712383,321.7538043079021,1312,5760,0.019615935805211013,"[0.016937774569207496, 0.045126048827508446]","[102.05126098212304, 271.88755920510306]"
dominant_freq16__first_token,raw,steps_6_to_10,0.009084108627588846,0.0023571414637824487,506.9479433570381,2308,14512,0.006253513417981427,"[0.010176355542983814, 0.026454479142183174]","[174.07903445148105, 452.5362902795953]"
dominant_freq16__first_token,raw,steps_11_plus,0.04050621246126381,0.010912961964503724,113.6904663794974,822,8382,0.021452600284432192,"[0.0394861446009025, 0.0851109220302266]","[54.10786390438344, 116.6274963669873]"
dominant_freq16__first_token,answer_z,macro8_all,0.009093546957815758,0.002283751778975067,506.42177440234383,4442,28654,0.004790062729866713,"[0.01097882260972822, 0.02231620529107524]","[206.35991316273672, 419.45938555446725]"
dominant_freq16__first_token,answer_z,cell=pb_gsm8k_q4,0.08952679573538311,0.023625837185051134,51.43901496932521,207,1361,0.09705262423538953,,
dominant_freq16__first_token,answer_z,cell=pb_gsm8k_q8,0.1427011976472978,0.0394433247729606,32.271419314715864,207,1361,0.09054869011264959,,
dominant_freq16__first_token,answer_z,cell=pb_math_q4,0.06164011416258579,0.015907697469373785,74.71060442622169,594,3772,0.025782484009599357,,
dominant_freq16__first_token,answer_z,cell=pb_math_q8,0.050522412593789534,0.013253976139054557,91.15103474995536,594,3772,0.02997503985830751,,
dominant_freq16__first_token,answer_z,cell=pb_olympiadbench_q4,0.04644627755734866,0.011313265506369576,99.15046863124704,661,5161,0.023384661395817387,,
dominant_freq16__first_token,answer_z,cell=pb_olympiadbench_q8,0.05373793378505491,0.014082160258375446,85.69682273993271,661,5161,0.02218806685992493,,
dominant_freq16__first_token,answer_z,cell=pb_omnimath_q4,0.03630695807678568,0.009094159673072554,126.83987945915506,759,4033,0.026269013375689182,,
dominant_freq16__first_token,answer_z,cell=pb_omnimath_q8,0.02560987592822436,0.0064485254184491435,179.82008967535782,759,4033,0.014615320726479144,,
dominant_freq16__first_token,answer_z,steps_2_to_5,0.02906021088265902,0.007366832320775726,158.469950702805,1312,5760,0.019715124608738227,"[0.0373697393672174, 0.07270680842500774]","[63.33891262381597, 123.23260113577288]"
dominant_freq16__first_token,answer_z,steps_6_to_10,0.014070842767578352,0.0035890753918431995,327.2846027815191,2308,14512,0.010916459685378466,"[0.018218596691213867, 0.037543391196680674]","[122.66260556652243, 252.77304635702208]"
dominant_freq16__first_token,answer_z,steps_11_plus,0.039533577262551266,0.009896952394240563,116.48756588365717,822,8382,0.016923619295768424,"[0.05056565163835612, 0.10115216336218226]","[45.527154663998274, 91.07309085867453]"
dominant_freq16__boxcar8_max,raw,macro8_all,0.05018531658612177,0.014067700337004363,91.76329849559231,4442,28654,0.23922856295365694,"[0.04469820172855276, 0.06608139577446435]","[69.68936009925588, 103.02808631888105]"
dominant_freq16__boxcar8_max,raw,cell=pb_gsm8k_q4,0.12758890919447022,0.03430019901614225,36.09381266022833,207,1361,0.1549568444770398,,
dominant_freq16__boxcar8_max,raw,cell=pb_gsm8k_q8,0.11637246528555716,0.031911167564616774,39.57267876630292,207,1361,0.25204791990254866,,
dominant_freq16__boxcar8_max,raw,cell=pb_math_q4,0.049545528166688016,0.014494909564614323,92.94825096010143,594,3772,0.20330386830532665,,
dominant_freq16__boxcar8_max,raw,cell=pb_math_q8,0.053482804830422725,0.014398987508113687,86.10562218248741,594,3772,0.23341618922045312,,
dominant_freq16__boxcar8_max,raw,cell=pb_olympiadbench_q4,0.0742674083723311,0.02022886779953619,62.00795593809604,661,5161,0.23883739421632796,,
dominant_freq16__boxcar8_max,raw,cell=pb_olympiadbench_q8,0.07907270372289253,0.021519108080662076,58.23969548488877,661,5161,0.22735803902043508,,
dominant_freq16__boxcar8_max,raw,cell=pb_omnimath_q4,0.07959294716064283,0.02253839366629781,57.85902332141885,759,4033,0.310777445572875,,
dominant_freq16__boxcar8_max,raw,cell=pb_omnimath_q8,0.08871953825495338,0.02511466547102524,51.907057639932844,759,4033,0.2692604864764918,,
dominant_freq16__boxcar8_max,raw,steps_2_to_5,0.06459728044192409,0.01784235953582553,71.29046539549526,1312,5760,0.14793708068146638,"[0.056828813624956946, 0.10141435619669]","[45.40945048309045, 81.03583186480044]"
dominant_freq16__boxcar8_max,raw,steps_6_to_10,0.06570521844689779,0.017825281752971538,70.08834754441823,2308,14512,0.2263974310478352,"[0.05692309956319264, 0.09218499938300394]","[49.955743524549426, 80.90160622535505]"
dominant_freq16__boxcar8_max,raw,steps_11_plus,0.061882181879844365,0.017200038984585875,74.41835510793521,822,8382,0.2601326656536886,"[0.05796464807319707, 0.11384639210332095]","[40.45073454597211, 79.44791073643262]"
dominant_freq16__boxcar8_max,answer_z,macro8_all,0.060856787144612304,0.017459268934464322,75.67225287534409,4442,28654,0.038962480111410736,"[0.05360991776776718, 0.08032169092313246]","[57.33407916418519, 85.9014596130744]"
dominant_freq16__boxcar8_max,answer_z,cell=pb_gsm8k_q4,0.13413512712799538,0.03719811697362781,34.33232058291273,207,1361,0.11708247518414375,,
dominant_freq16__boxcar8_max,answer_z,cell=pb_gsm8k_q8,0.16072616595063172,0.046156423644736724,28.65227425012182,207,1361,0.16780223822480395,,
dominant_freq16__boxcar8_max,answer_z,cell=pb_math_q4,0.056673976807024046,0.015599460408721056,81.25722678097537,594,3772,0.06925331106579782,,
dominant_freq16__boxcar8_max,answer_z,cell=pb_math_q8,0.07174237933774937,0.020349514947913833,64.19037434356385,594,3772,0.07307324643887617,,
dominant_freq16__boxcar8_max,answer_z,cell=pb_olympiadbench_q4,0.09900449848731481,0.02841893309013475,46.51475696913045,661,5161,0.04808900276149757,,
dominant_freq16__boxcar8_max,answer_z,cell=pb_olympiadbench_q8,0.0882234014414587,0.025170219843457554,52.19896434217499,661,5161,0.06037296855418823,,
dominant_freq16__boxcar8_max,answer_z,cell=pb_omnimath_q4,0.052952788542780405,0.014986148946637709,86.96747258678526,759,4033,0.057123799950102166,,
dominant_freq16__boxcar8_max,answer_z,cell=pb_omnimath_q8,0.08043834338700415,0.0234642335746436,57.250932727837814,759,4033,0.04488704316486943,,
dominant_freq16__boxcar8_max,answer_z,steps_2_to_5,0.06038521454843822,0.017398838390156733,76.26320814500109,1312,5760,0.045019540732782894,"[0.049416188968172146, 0.09434374322570227]","[48.81267192219585, 93.19152856878902]"
dominant_freq16__boxcar8_max,answer_z,steps_6_to_10,0.056560258828301305,0.0163612435449152,81.42059957624845,2308,14512,0.047181794329763535,"[0.050006988089373726, 0.08380567934215628]","[54.95057402000654, 92.09053298226276]"
dominant_freq16__boxcar8_max,answer_z,steps_11_plus,0.07208994043918902,0.01999856285110812,63.880898748595186,822,8382,0.053287480751458324,"[0.07063991851861452, 0.13713144314566109]","[33.58216088411232, 65.19217862311903]"
dominant_freq16__page_wmax,raw,macro8_all,0.0728508513388596,0.01992146199874232,63.21367700382155,4442,28654,0.00422917267099601,"[0.06566977930346565, 0.09416117114714996]","[48.90731635858035, 70.12617119827992]"
dominant_freq16__page_wmax,raw,cell=pb_gsm8k_q4,0.16012617241009416,0.04419365004914117,28.759634459967817,207,1361,0.07354231596340455,,
dominant_freq16__page_wmax,raw,cell=pb_gsm8k_q8,0.136151266477422,0.03834763525847635,33.82392470621467,207,1361,0.08379433226548269,,
dominant_freq16__page_wmax,raw,cell=pb_math_q4,0.0830845471882589,0.022342415820783126,55.42751741251436,594,3772,0.024298898851520912,,
dominant_freq16__page_wmax,raw,cell=pb_math_q8,0.08021980073403903,0.02121436105771075,57.40690133669226,594,3772,0.016534041082465305,,
dominant_freq16__page_wmax,raw,cell=pb_olympiadbench_q4,0.11655120753592876,0.034266044809096154,39.511990337538755,661,5161,0.015757367882556425,,
dominant_freq16__page_wmax,raw,cell=pb_olympiadbench_q8,0.11054022716199285,0.030717788483683672,41.660581891507924,661,5161,0.017530486126332588,,
dominant_freq16__page_wmax,raw,cell=pb_omnimath_q4,0.10134862138303267,0.026803452788991447,45.438903096505946,759,4033,0.02425925658645746,,
dominant_freq16__page_wmax,raw,cell=pb_omnimath_q8,0.12066634778667726,0.033630385002119116,38.16449466200341,759,4033,0.01672747834213473,,
dominant_freq16__page_wmax,raw,steps_2_to_5,0.09048346996285107,0.02456749252001061,50.89515452799049,1312,5760,0.016896001070154,"[0.08426792324114171, 0.1443737471702151]","[31.897559468056514, 54.649147728607275]"
dominant_freq16__page_wmax,raw,steps_6_to_10,0.08966565735606943,0.02433784697670316,51.35935342224276,2308,14512,0.010782676448861973,"[0.08142844402363933, 0.12454509093848283]","[36.975926961767975, 56.55481006920842]"
dominant_freq16__page_wmax,raw,steps_11_plus,0.08209112014412727,0.021970641885379068,56.098274428498485,822,8382,0.01075814135283806,"[0.08209807833251204, 0.1460131864364223]","[31.539412969343662, 56.09351984264871]"
dominant_freq16__page_wmax,answer_z,macro8_all,0.05495535277540589,0.014110560205077243,83.798391847446,4442,28654,0.0034749993627816948,"[0.0493163602547255, 0.07495879272607323]","[61.436023960752195, 93.38017165504066]"
dominant_freq16__page_wmax,answer_z,cell=pb_gsm8k_q4,0.142414636065253,0.03612952196076208,32.33635469796831,207,1361,0.07007642389777231,,
dominant_freq16__page_wmax,answer_z,cell=pb_gsm8k_q8,0.19940202301604074,0.052955481670059576,23.09490202924186,207,1361,0.06928407802732009,,
dominant_freq16__page_wmax,answer_z,cell=pb_math_q4,0.0713984764448233,0.018566687761803237,64.49955818800929,594,3772,0.023466771204056585,,
dominant_freq16__page_wmax,answer_z,cell=pb_math_q8,0.08276915759981103,0.021986675174955932,55.6387224363705,594,3772,0.015904588883159668,,
dominant_freq16__page_wmax,answer_z,cell=pb_olympiadbench_q4,0.08931181376083852,0.023088187673390003,51.562833538684316,661,5161,0.014351547214251931,,
dominant_freq16__page_wmax,answer_z,cell=pb_olympiadbench_q8,0.08845546743072522,0.022625283857528922,52.0620185472953,661,5161,0.018193914245240493,,
dominant_freq16__page_wmax,answer_z,cell=pb_omnimath_q4,0.07027270625908168,0.018165731284583982,65.53284242405199,759,4033,0.02736538424817482,,
dominant_freq16__page_wmax,answer_z,cell=pb_omnimath_q8,0.09965676446486507,0.02559934164567783,46.21031207180811,759,4033,0.011389964085283786,,
dominant_freq16__page_wmax,answer_z,steps_2_to_5,0.06502948475735412,0.01682921453128882,70.8166488350855,1312,5760,0.015111825413972213,"[0.06548215812249093, 0.11758347904653597]","[39.165112508412044, 70.32709852619182]"
dominant_freq16__page_wmax,answer_z,steps_6_to_10,0.0681636197599538,0.017874957137132913,67.56052865451893,2308,14512,0.006567451683615912,"[0.059980820947287294, 0.1019112510423896]","[45.18804488105625, 76.77737838958949]"
dominant_freq16__page_wmax,answer_z,steps_11_plus,0.05249689787827136,0.013469022191722644,87.72271071457324,822,8382,0.00968576106829108,"[0.05665985464828208, 0.11669288077420704]","[39.46402004505133, 81.2774797001305]"
bocpd_p0__top5,raw,macro8_all,0.05830175827632711,0.016524619830245935,78.98853005704252,4442,28654,0.012966190406012672,"[0.05261057737290461, 0.07845240157917119]","[58.700181170881415, 87.53316188390355]"
bocpd_p0__top5,raw,cell=pb_gsm8k_q4,0.19081759908577622,0.05306080861516164,24.133886014979037,207,1361,0.08473669464122321,,
bocpd_p0__top5,raw,cell=pb_gsm8k_q8,0.18122375604212304,0.0510655158603792,25.411514950157425,207,1361,0.07907185632430332,,
bocpd_p0__top5,raw,cell=pb_math_q4,0.0840933043031867,0.022876058963283423,54.76262615849642,594,3772,0.025863053990931608,,
bocpd_p0__top5,raw,cell=pb_math_q8,0.073808394709004,0.01988483742583035,62.3935827915561,594,3772,0.028464890260975127,,
bocpd_p0__top5,raw,cell=pb_olympiadbench_q4,0.08867107767076784,0.02416107867453408,51.93542592418809,661,5161,0.02383613611151114,,
bocpd_p0__top5,raw,cell=pb_olympiadbench_q8,0.07490913447119434,0.01992556060618388,61.47675071267805,661,5161,0.024923502532309957,,
bocpd_p0__top5,raw,cell=pb_omnimath_q4,0.07872781838962362,0.023109355174691638,58.49482787897317,759,4033,0.027698098172654458,,
bocpd_p0__top5,raw,cell=pb_omnimath_q8,0.0858699786067445,0.02518558362747679,53.629571832994344,759,4033,0.03255995040279673,,
bocpd_p0__top5,raw,steps_2_to_5,0.04976934972896977,0.01387393109112159,92.53024624727037,1312,5760,0.022271664417748034,"[0.052296347961125, 0.0971558091450953]","[47.39984388489418, 88.0591162773238]"
bocpd_p0__top5,raw,steps_6_to_10,0.05821208692963966,0.015851306282608862,79.11020595352151,2308,14512,0.015444257702281916,"[0.05410969488058965, 0.09064663224723944]","[50.80354417831489, 85.10804202741991]"
bocpd_p0__top5,raw,steps_11_plus,0.10274031238437364,0.031158230164770945,44.82340066048425,822,8382,0.015696166290659,"[0.10363119108159884, 0.17293540653867842]","[26.629423541200094, 44.438070603299316]"
bocpd_p0__top5,answer_z,macro8_all,0.07954321907976826,0.020094614721726148,57.895195080926925,4442,28654,0.0036912189910227773,"[0.07139114991495195, 0.10249421862109491]","[44.9310238952373, 64.506177467014]"
bocpd_p0__top5,answer_z,cell=pb_gsm8k_q4,0.25479784377336373,0.07447147029221947,18.07381929842497,207,1361,0.0927158822311408,,
bocpd_p0__top5,answer_z,cell=pb_gsm8k_q8,0.19782923365283173,0.05434342298612749,23.278511982054447,207,1361,0.09845513787293167,,
bocpd_p0__top5,answer_z,cell=pb_math_q4,0.11746725886985526,0.032422915019486,39.203861827492446,594,3772,0.016320896243478804,,
bocpd_p0__top5,answer_z,cell=pb_math_q8,0.10222070030904484,0.026704169411452074,45.05124864205817,594,3772,0.016601192199894976,,
bocpd_p0__top5,answer_z,cell=pb_olympiadbench_q4,0.10567870814776333,0.026658416623388838,43.577086309088834,661,5161,0.015599094012344923,,
bocpd_p0__top5,answer_z,cell=pb_olympiadbench_q8,0.09271898592799387,0.02377853418304602,49.66803875060169,661,5161,0.012812544764426694,,
bocpd_p0__top5,answer_z,cell=pb_omnimath_q4,0.11585300557202904,0.029494774132411347,39.75011406264233,759,4033,0.016240298538888483,,
bocpd_p0__top5,answer_z,cell=pb_omnimath_q8,0.10465414697464887,0.027540991162162413,44.00370476579046,759,4033,0.011226057976655462,,
bocpd_p0__top5,answer_z,steps_2_to_5,0.06414348614378704,0.01647055672454248,71.79482224687519,1312,5760,0.017991972252781218,"[0.06130532111711356, 0.11568840585636433]","[39.80666992425974, 75.11860474869195]"
bocpd_p0__top5,answer_z,steps_6_to_10,0.08810755580693252,0.02210453768016618,52.26759661883329,2308,14512,0.0061655113247742355,"[0.07796261932797231, 0.12567457031860652]","[36.6436119440329, 59.06895157812889]"
bocpd_p0__top5,answer_z,steps_11_plus,0.15049505552221387,0.04121692698547702,30.60014277551028,822,8382,0.008986396174830717,"[0.1448950666919867, 0.23137594437929196]","[19.903409571562413, 31.78279489513342]"
bocpd_p0__top10,raw,macro8_all,0.07532982778042453,0.021709110836392872,61.13342246595189,4442,28654,0.01271741752343605,"[0.06819705667223785, 0.09814804297866875]","[46.920652172239116, 67.52740383094564]"
bocpd_p0__top10,raw,cell=pb_gsm8k_q4,0.19937633718575276,0.056924330854924605,23.097877365946378,207,1361,0.07598219113215231,,
bocpd_p0__top10,raw,cell=pb_gsm8k_q8,0.2330863735676286,0.06699229940413523,19.757354818736022,207,1361,0.06523344062320509,,
bocpd_p0__top10,raw,cell=pb_math_q4,0.09015334597414597,0.025735335522808735,51.081522668152054,594,3772,0.027771393731782508,,
bocpd_p0__top10,raw,cell=pb_math_q8,0.09454207026551992,0.025228222821599332,48.71027441068874,594,3772,0.02611714218722622,,
bocpd_p0__top10,raw,cell=pb_olympiadbench_q4,0.0956430655399267,0.02755402801572987,48.14954602292248,661,5161,0.022288101753586677,,
bocpd_p0__top10,raw,cell=pb_olympiadbench_q8,0.09073545657521696,0.024120558296902347,50.753810691089036,661,5161,0.024159394039178224,,
bocpd_p0__top10,raw,cell=pb_omnimath_q4,0.10073572504025635,0.028435297805547467,45.7153624907922,759,4033,0.024249104557964828,,
bocpd_p0__top10,raw,cell=pb_omnimath_q8,0.10347245964600207,0.031357733152519246,44.50624061458681,759,4033,0.027185453485685393,,
bocpd_p0__top10,raw,steps_2_to_5,0.06028819982165394,0.01687572251309606,76.38592957844523,1312,5760,0.01878154825136344,"[0.06081386868878535, 0.10703517915355572]","[43.02482812105526, 75.72565740809922]"
bocpd_p0__top10,raw,steps_6_to_10,0.07095610215361062,0.01950704419012071,64.90167929487593,2308,14512,0.012223282726382286,"[0.06564172059617211, 0.10678216853312447]","[43.12677153170513, 70.15614679449219]"
bocpd_p0__top10,raw,steps_11_plus,0.11384789208526065,0.03431519370809531,40.45020159476718,822,8382,0.020343996582911326,"[0.11034231740616265, 0.18911124110388694]","[24.351646994153423, 41.73530422636286]"
bocpd_p0__top10,answer_z,macro8_all,0.09752871927651602,0.024768169467420834,47.21860617211009,4442,28654,0.0033046464377781658,"[0.08829666559667892, 0.12340074060529725]","[37.31882129231244, 52.15565225332025]"
bocpd_p0__top10,answer_z,cell=pb_gsm8k_q4,0.26576187048049593,0.06806096651357997,17.328182472760183,207,1361,0.07514794183870765,,
bocpd_p0__top10,answer_z,cell=pb_gsm8k_q8,0.2135811685150925,0.05798430596591985,21.56168644457375,207,1361,0.07113316370286392,,
bocpd_p0__top10,answer_z,cell=pb_math_q4,0.11758885658470819,0.03131045070894423,39.16332142128313,594,3772,0.020623516652554928,,
bocpd_p0__top10,answer_z,cell=pb_math_q8,0.1351684025111127,0.036140480099353445,34.06987210350054,594,3772,0.013959444586045713,,
bocpd_p0__top10,answer_z,cell=pb_olympiadbench_q4,0.1029682313276,0.026423723343853643,44.724184601524804,661,5161,0.01862503064395959,,
bocpd_p0__top10,answer_z,cell=pb_olympiadbench_q8,0.1156681833975327,0.030003595486990338,39.81362938986318,661,5161,0.014846799485174228,,
bocpd_p0__top10,answer_z,cell=pb_omnimath_q4,0.138591601842407,0.035235444291226034,33.22834951590102,759,4033,0.010645679642514262,,
bocpd_p0__top10,answer_z,cell=pb_omnimath_q8,0.12534044524966437,0.03247420406478669,36.74129429503063,759,4033,0.014349053737844883,,
bocpd_p0__top10,answer_z,steps_2_to_5,0.07149356242391705,0.018376033380294823,64.41377418965354,1312,5760,0.014789459549284373,"[0.06812343717057369, 0.12877732230853883]","[35.76072326581321, 67.6003792124764]"
bocpd_p0__top10,answer_z,steps_6_to_10,0.10987047217011314,0.02778036889520711,41.914538956908075,2308,14512,0.005102958303535124,"[0.0961483347597696, 0.15014246841473705]","[30.672002629311223, 47.89651529061102]"
bocpd_p0__top10,answer_z,steps_11_plus,0.1721826794535234,0.04673521100467201,26.745838783576065,822,8382,0.010713435981946226,"[0.15907427364983007, 0.25514430691937556]","[18.0492766685298, 28.949811181444996]"
bocpd_p0__max,raw,macro8_all,0.046013795793206774,0.01305491115473955,100.08237978636777,4442,28654,0.029337585300866803,"[0.04134884752856944, 0.06405663530150218]","[71.89216486804914, 111.37360437449219]"
bocpd_p0__max,raw,cell=pb_gsm8k_q4,0.1444547707070455,0.04038772305129683,31.87966837957456,207,1361,0.09100981368206552,,
bocpd_p0__max,raw,cell=pb_gsm8k_q8,0.19668631642492684,0.055815434848348354,23.413780224746027,207,1361,0.09502239670649786,,
bocpd_p0__max,raw,cell=pb_math_q4,0.09187009473249498,0.02394904342181277,50.126977656845895,594,3772,0.04633982616213747,,
bocpd_p0__max,raw,cell=pb_math_q8,0.06866882270296833,0.018653977719053243,67.06347953434515,594,3772,0.04863920194603681,,
bocpd_p0__max,raw,cell=pb_olympiadbench_q4,0.07785513584667482,0.022107341057318607,59.15049965434975,661,5161,0.04134726692118793,,
bocpd_p0__max,raw,cell=pb_olympiadbench_q8,0.06564847107908439,0.017348748539204685,70.14893279754233,661,5161,0.04990307395634085,,
bocpd_p0__max,raw,cell=pb_omnimath_q4,0.07171485461743345,0.02077942679691369,64.21501110968721,759,4033,0.0398053574925788,,
bocpd_p0__max,raw,cell=pb_omnimath_q8,0.0729973233168135,0.021335347152181272,63.08683629400123,759,4033,0.040357537246024894,,
bocpd_p0__max,raw,steps_2_to_5,0.04104638225639094,0.010968861209342482,112.19430149099351,1312,5760,0.028185400020156934,"[0.04271633543943744, 0.08332991226085047]","[55.26431099042046, 107.80817545824434]"
bocpd_p0__max,raw,steps_6_to_10,0.04506643806950161,0.012252009342735484,102.18624731082546,2308,14512,0.02966817162390029,"[0.04363320536516199, 0.07325077769058036]","[62.868550084763, 105.54278897110301]"
bocpd_p0__max,raw,steps_11_plus,0.10536447575821774,0.030890996261220424,43.70704787214697,822,8382,0.04038740371515349,"[0.10611973370576894, 0.17525885243039727]","[26.276391304211014, 43.3959832462126]"
bocpd_p0__max,answer_z,macro8_all,0.029588834247125353,0.0077230974113367615,155.63878412801947,4442,28654,0.006456894128539746,"[0.027674458148492054, 0.0459391774805417]","[100.24494208540604, 166.40507146619677]"
bocpd_p0__max,answer_z,cell=pb_gsm8k_q4,0.17763489068913163,0.05016293045174949,25.924919187454726,207,1361,0.10582053631442155,,
bocpd_p0__max,answer_z,cell=pb_gsm8k_q8,0.15264895162647718,0.04002002500756818,30.168370872645536,207,1361,0.09674566552307223,,
bocpd_p0__max,answer_z,cell=pb_math_q4,0.07653327586071584,0.019950337434662492,60.17212949788163,594,3772,0.022566408128208024,,
bocpd_p0__max,answer_z,cell=pb_math_q8,0.06863544091344956,0.01738997312602353,67.0960967788535,594,3772,0.02741197706348309,,
bocpd_p0__max,answer_z,cell=pb_olympiadbench_q4,0.053167544896421795,0.013570421539608303,86.61619028976496,661,5161,0.016278356655891692,,
bocpd_p0__max,answer_z,cell=pb_olympiadbench_q8,0.05361377522099412,0.013825891231029576,85.89527909582453,661,5161,0.014185630203137317,,
bocpd_p0__max,answer_z,cell=pb_omnimath_q4,0.06955411954761656,0.018555458153800844,66.20988398588534,759,4033,0.020128336706909725,,
bocpd_p0__max,answer_z,cell=pb_omnimath_q8,0.059886839428222365,0.01498386455105531,76.89786654224153,759,4033,0.01962089084641455,,
bocpd_p0__max,answer_z,steps_2_to_5,0.03378404892752402,0.008601678984266543,136.3119676942049,1312,5760,0.021852766996467925,"[0.038904240637358325, 0.07801737432175754]","[59.02749517044178, 118.3719335101458]"
bocpd_p0__max,answer_z,steps_6_to_10,0.037062890803624016,0.009653011419754533,124.25286010172195,2308,14512,0.009117786379231132,"[0.03537863347726113, 0.06420950433129187]","[71.72100507469277, 130.16811938052857]"
bocpd_p0__max,answer_z,steps_11_plus,0.10338583200100589,0.028109108025524188,44.543532676153205,822,8382,0.010509692927795175,"[0.10427797351080127, 0.1745559441167746]","[26.382202045822744, 44.162444195476056]"
bocpd_p0__mean,raw,macro8_all,0.10336730474867842,0.03148058923612187,44.55151652821798,4442,28654,0.014952772902762894,"[0.09457014534461478, 0.12751909077629306]","[36.11357450836086, 48.69581377089773]"
bocpd_p0__mean,raw,cell=pb_gsm8k_q4,0.22472730758681844,0.0638415799713432,20.492258975732113,207,1361,0.04428808966965361,,
bocpd_p0__mean,raw,cell=pb_gsm8k_q8,0.19159207758070446,0.05291583612756671,24.036328871940192,207,1361,0.08953883885671349,,
bocpd_p0__mean,raw,cell=pb_math_q4,0.14027124774291155,0.04224110206046064,32.8304642618452,594,3772,0.023657987498126337,,
bocpd_p0__mean,raw,cell=pb_math_q8,0.12211541649259167,0.034791648325967726,37.71162002520355,594,3772,0.021996606517387232,,
bocpd_p0__mean,raw,cell=pb_olympiadbench_q4,0.1324174575490468,0.038625365076296214,34.7776665647153,661,5161,0.029467235069508983,,
bocpd_p0__mean,raw,cell=pb_olympiadbench_q8,0.11514385525646283,0.03278316953424473,39.994927872884574,661,5161,0.027171477724364998,,
bocpd_p0__mean,raw,cell=pb_omnimath_q4,0.1447946245729022,0.04428306469703574,31.804842200267238,759,4033,0.03067436517295918,,
bocpd_p0__mean,raw,cell=pb_omnimath_q8,0.12162178799732806,0.037520978653064294,37.864680842295,759,4033,0.021341947567763864,,
bocpd_p0__mean,raw,steps_2_to_5,0.09822771305431235,0.030985684325058722,46.8825959883825,1312,5760,0.02726710551024413,"[0.09393205192799085, 0.1483301515548049]","[31.046757100403674, 49.02661116695775]"
bocpd_p0__mean,raw,steps_6_to_10,0.09890317534494047,0.029246390721457034,46.56240985111784,2308,14512,0.019368806542500144,"[0.09165607253051895, 0.13483671887664136]","[34.15368027607705, 50.24402703328464]"
bocpd_p0__mean,raw,steps_11_plus,0.14649383060725554,0.04441886302907359,31.435932604796033,822,8382,0.024107295284152223,"[0.1409325899510013, 0.2269439877126332]","[20.292100409460364, 32.67640357414274]"
bocpd_p0__mean,answer_z,macro8_all,0.05816858716799743,0.01588643216283076,79.16936632288905,4442,28654,0.020435433066236183,"[0.05275087692771831, 0.07806332536792415]","[58.992749338863476, 87.30035317324315]"
bocpd_p0__mean,answer_z,cell=pb_gsm8k_q4,0.15476692781914136,0.0447550611007701,29.755518513423194,207,1361,0.1056053755957387,,
bocpd_p0__mean,answer_z,cell=pb_gsm8k_q8,0.13940500019588598,0.037747908936106106,33.03446920495752,207,1361,0.12187718388381422,,
bocpd_p0__mean,answer_z,cell=pb_math_q4,0.08116199282951089,0.021784469440934602,56.74047698239403,594,3772,0.04762498815391977,,
bocpd_p0__mean,answer_z,cell=pb_math_q8,0.07612482826474189,0.020326093409805922,60.49498292426402,594,3772,0.03656860642865195,,
bocpd_p0__mean,answer_z,cell=pb_olympiadbench_q4,0.07158711702161527,0.01972791032134103,64.32959417261614,661,5161,0.02957261873187233,,
bocpd_p0__mean,answer_z,cell=pb_olympiadbench_q8,0.08626601389536143,0.022390289430052272,53.383365917127584,661,5161,0.024249766313074527,,
bocpd_p0__mean,answer_z,cell=pb_omnimath_q4,0.08994347681508716,0.024849518685001112,51.20071348204341,759,4033,0.020864944538317613,,
bocpd_p0__mean,answer_z,cell=pb_omnimath_q8,0.11600690915347843,0.03180189855240871,39.697378540578136,759,4033,0.022738732133177005,,
bocpd_p0__mean,answer_z,steps_2_to_5,0.05026132078601246,0.013040506829844374,91.6245358054676,1312,5760,0.06077361548430298,"[0.052547546575171335, 0.09829881218513578]","[46.84868599749429, 87.63815793759684]"
bocpd_p0__mean,answer_z,steps_6_to_10,0.07694087605454583,0.020939104663633364,59.85336302543969,2308,14512,0.024765876036985025,"[0.07217585176069431, 0.11184281551658705]","[41.17537782572287, 63.80486095622339]"
bocpd_p0__mean,answer_z,steps_11_plus,0.14105905367808125,0.04153827925110549,32.64710818561004,822,8382,0.01646798223648796,"[0.13582986514401077, 0.21316442087263984]","[21.60384067442268, 33.90395905278678]"
bocpd_p0__log_top5,raw,macro8_all,0.023428143956696058,0.006714297902001858,196.56572857415264,4442,28654,0.02404585329940627,"[0.0225167636678321, 0.03795842946366551]","[121.32141005455043, 204.52185109386434]"
bocpd_p0__log_top5,raw,cell=pb_gsm8k_q4,0.1674025051897634,0.04659394819019779,27.50956552751575,207,1361,0.0576088938126897,,
bocpd_p0__log_top5,raw,cell=pb_gsm8k_q8,0.2047466438898638,0.05474489850085012,22.49204235291534,207,1361,0.09336392733065116,,
bocpd_p0__log_top5,raw,cell=pb_math_q4,0.07058622251358083,0.018719769252650034,65.24177129753691,594,3772,0.03207984850431312,,
bocpd_p0__log_top5,raw,cell=pb_math_q8,0.047401493897577945,0.012937853782273709,97.1524272196704,594,3772,0.044720011186298245,,
bocpd_p0__log_top5,raw,cell=pb_olympiadbench_q4,0.04565382249808364,0.013189024605698294,100.87151379671215,661,5161,0.03837795396972883,,
bocpd_p0__log_top5,raw,cell=pb_olympiadbench_q8,0.06461567410841162,0.017148871923555974,71.27017166549368,661,5161,0.04416964053515275,,
bocpd_p0__log_top5,raw,cell=pb_omnimath_q4,0.04376446004890469,0.011656056131610873,105.22625392480644,759,4033,0.03818527858558856,,
bocpd_p0__log_top5,raw,cell=pb_omnimath_q8,0.043836170120552215,0.011714117038577339,105.05411794241115,759,4033,0.035486432859158756,,
bocpd_p0__log_top5,raw,steps_2_to_5,0.04016663094338045,0.010655771175771081,114.65164186858529,1312,5760,0.027905896965407163,"[0.044258809804717414, 0.08395662613372352]","[54.851777614945114, 104.05092695233844]"
bocpd_p0__log_top5,raw,steps_6_to_10,0.02663116197897103,0.007015947401582394,172.92411760420023,2308,14512,0.029053848384714087,"[0.027465954972675066, 0.051622784115931325]","[89.20809415559764, 167.66830756729985]"
bocpd_p0__log_top5,raw,steps_11_plus,0.0552567230225426,0.015728821425404882,83.34135529733388,822,8382,0.024796622871648927,"[0.06248873231235897, 0.11834218632696603]","[38.91401983452063, 73.69600911358678]"
bocpd_p0__log_top5,answer_z,macro8_all,0.03672388758420337,0.009616191387968535,125.39985521491975,4442,28654,0.0025397344532443107,"[0.03287518648439054, 0.05409175893459803]","[85.13626246756316, 140.080427777183]"
bocpd_p0__log_top5,answer_z,cell=pb_gsm8k_q4,0.225601100214187,0.05982398878157774,20.412888862757836,207,1361,0.07598372771066664,,
bocpd_p0__log_top5,answer_z,cell=pb_gsm8k_q8,0.1122710774401916,0.028491156492234875,41.01831291715653,207,1361,0.11032090963336734,,
bocpd_p0__log_top5,answer_z,cell=pb_math_q4,0.09853420269866961,0.02593251750867687,46.73676814609543,594,3772,0.018577105201752257,,
bocpd_p0__log_top5,answer_z,cell=pb_math_q8,0.06280758794770469,0.016003322070888025,73.32187616920558,594,3772,0.020127527408613233,,
bocpd_p0__log_top5,answer_z,cell=pb_olympiadbench_q4,0.05522089635319554,0.014160382022470152,83.39542619035372,661,5161,0.012079341678762581,,
bocpd_p0__log_top5,answer_z,cell=pb_olympiadbench_q8,0.046298363595823164,0.011773798915962797,99.46723444030212,661,5161,0.00832655782024186,,
bocpd_p0__log_top5,answer_z,cell=pb_omnimath_q4,0.0556194691109652,0.014166266690557943,82.79780910530476,759,4033,0.016944050503168037,,
bocpd_p0__log_top5,answer_z,cell=pb_omnimath_q8,0.0549667500217688,0.014652072979626557,83.78101641745747,759,4033,0.011027066595340824,,
bocpd_p0__log_top5,answer_z,steps_2_to_5,0.05350422125079606,0.013110513179273286,86.07115622525903,1312,5760,0.0211768513152202,"[0.05397180058983341, 0.10187946248326578]","[45.2021445121436, 85.32548730374508]"
bocpd_p0__log_top5,answer_z,steps_6_to_10,0.03590407747210961,0.009355121897354782,128.26315310748205,2308,14512,0.005339685495007601,"[0.03459235650048634, 0.06365492633484077]","[72.34585681183181, 133.12681331563368]"
bocpd_p0__log_top5,answer_z,steps_11_plus,0.08075116519096552,0.023132130185370837,57.02914843516488,822,8382,0.006447022057243586,"[0.08486166851748968, 0.1467139346427445]","[31.38877160647285, 54.26678813225294]"
bocpd_p0__cusum_top5,raw,macro8_all,0.017281202709934697,0.004538199963004928,266.48435663222966,4442,28654,0.026067437649559166,"[0.016598004645299883, 0.03173453899192165]","[145.11539578880868, 277.45324118174375]"
bocpd_p0__cusum_top5,raw,cell=pb_gsm8k_q4,0.13473371052587085,0.036281251926610254,34.179791887374996,207,1361,0.060344961012104334,,
bocpd_p0__cusum_top5,raw,cell=pb_gsm8k_q8,0.18657132140230914,0.05123688591015055,24.683162188993826,207,1361,0.06351516785805808,,
bocpd_p0__cusum_top5,raw,cell=pb_math_q4,0.03524060998751122,0.00910204836156466,130.67793626784837,594,3772,0.04753845363998148,,
bocpd_p0__cusum_top5,raw,cell=pb_math_q8,0.039756247725599256,0.010083943716213049,115.83513156908917,594,3772,0.04662718823243227,,
bocpd_p0__cusum_top5,raw,cell=pb_olympiadbench_q4,0.050336161280754216,0.012696577294267293,91.48830718938545,661,5161,0.04339033745220705,,
bocpd_p0__cusum_top5,raw,cell=pb_olympiadbench_q8,0.04689934924668035,0.012134065126757961,98.19262441715131,661,5161,0.040544961128257444,,
bocpd_p0__cusum_top5,raw,cell=pb_omnimath_q4,0.028646784941660237,0.007529489982626615,160.75696436324756,759,4033,0.0466261726207909,,
bocpd_p0__cusum_top5,raw,cell=pb_omnimath_q8,0.05476559724880445,0.014644305084398016,84.08874215443025,759,4033,0.03876834502099976,,
bocpd_p0__cusum_top5,raw,steps_2_to_5,0.03958090862370767,0.01055821413358887,116.34826854959428,1312,5760,0.05813782535675393,"[0.04366153964898224, 0.08396891456686671]","[54.84375033002089, 105.47429666959624]"
bocpd_p0__cusum_top5,raw,steps_6_to_10,0.019559147004239278,0.005014830318518753,235.44841628267125,2308,14512,0.04311934281449721,"[0.021487543013598526, 0.04352660501249749]","[105.8012722257075, 214.3181369351387]"
bocpd_p0__cusum_top5,raw,steps_11_plus,0.03949883339349812,0.009882109393170602,116.5900303968508,822,8382,0.02661463488390803,"[0.046869783947874104, 0.09941337577142723]","[46.3234464200911, 98.25456398752976]"
bocpd_p0__cusum_top5,answer_z,macro8_all,0.03190414309690868,0.008335753711273118,144.34395470205578,4442,28654,0.01530519365635598,"[0.02964066519725126, 0.047855212316855335]","[96.23131865964119, 155.36662741344801]"
bocpd_p0__cusum_top5,answer_z,cell=pb_gsm8k_q4,0.15564744121999657,0.04359877414491808,29.5871885197201,207,1361,0.054540233710997504,,
bocpd_p0__cusum_top5,answer_z,cell=pb_gsm8k_q8,0.2250949197263512,0.06188250727442314,20.45879219125254,207,1361,0.06654672043087559,,
bocpd_p0__cusum_top5,answer_z,cell=pb_math_q4,0.0627411106514,0.016822548831222344,73.39956430760652,594,3772,0.026467465997846138,,
bocpd_p0__cusum_top5,answer_z,cell=pb_math_q8,0.05759931853120989,0.014864862393187414,79.9518171988928,594,3772,0.02914479894924161,,
bocpd_p0__cusum_top5,answer_z,cell=pb_olympiadbench_q4,0.04879873652949192,0.012671048575220764,94.37068484764804,661,5161,0.031415398273551574,,
bocpd_p0__cusum_top5,answer_z,cell=pb_olympiadbench_q8,0.04855209672811968,0.012708794805239725,94.8500784997188,661,5161,0.027067367287777075,,
bocpd_p0__cusum_top5,answer_z,cell=pb_omnimath_q4,0.06225825571881802,0.017019051111136246,73.96882763286517,759,4033,0.02281774259496043,,
bocpd_p0__cusum_top5,answer_z,cell=pb_omnimath_q8,0.05615155880899367,0.0146607640960947,82.01322071312634,759,4033,0.021319018942109448,,
bocpd_p0__cusum_top5,answer_z,steps_2_to_5,0.06808700171091625,0.01786988324621754,67.63655426539005,1312,5760,0.028700087162928593,"[0.06538629624523386, 0.1188359146800015]","[38.752343501447214, 70.43020404025059]"
bocpd_p0__cusum_top5,answer_z,steps_6_to_10,0.03140482175165437,0.008406546403949885,146.6389531647476,2308,14512,0.025252115334262738,"[0.030918925013971456, 0.056700995596382336]","[81.218506616168, 148.94341196879049]"
bocpd_p0__cusum_top5,answer_z,steps_11_plus,0.028240150221534206,0.007324333430983007,163.07173120051152,822,8382,0.014307525546155338,"[0.041233679158610176, 0.08351215259638749]","[55.143713134120546, 111.68467815529546]"
bocpd_p0__onset80,raw,macro8_all,0.0321888399990383,0.008103056288323784,143.0672924568167,4442,28654,0.27318229224008794,"[0.02647963193350426, 0.047341196180788]","[97.27616869674624, 173.91367816413046]"
bocpd_p0__onset80,raw,cell=pb_gsm8k_q4,0.16414034121586318,0.04174090846910798,28.05629714106522,207,1361,0.40055523867860976,,
bocpd_p0__onset80,raw,cell=pb_gsm8k_q8,0.1294272398745498,0.03633210925405673,35.581151158378674,207,1361,0.3080760785920214,,
bocpd_p0__onset80,raw,cell=pb_math_q4,0.038730124666733486,0.009356464571800756,118.90408888726394,594,3772,0.23506048858411227,,
bocpd_p0__onset80,raw,cell=pb_math_q8,0.04648144299503825,0.011196711692385558,99.07545655326749,594,3772,0.26995897213702064,,
bocpd_p0__onset80,raw,cell=pb_olympiadbench_q4,0.05004227730190565,0.01276564026581627,92.02559184517214,661,5161,0.2680667840188955,,
bocpd_p0__onset80,raw,cell=pb_olympiadbench_q8,0.046005433174967476,0.011702901828581335,100.1005722188018,661,5161,0.24958380219756784,,
bocpd_p0__onset80,raw,cell=pb_omnimath_q4,0.05334184840204473,0.013557538869685156,86.33315724791352,759,4033,0.2514832216503675,,
bocpd_p0__onset80,raw,cell=pb_omnimath_q8,0.0571441476945051,0.014798446231230515,80.58865818784307,759,4033,0.2934838153368109,,
bocpd_p0__onset80,raw,steps_2_to_5,0.029777646752760057,0.00745136478377704,154.65191807211036,1312,5760,0.2862995224703571,"[0.03065792817024669, 0.06546901544596882]","[70.34121644594931, 150.21139590435135]"
bocpd_p0__onset80,raw,steps_6_to_10,0.03751987130630702,0.009501524793651116,122.73949844849206,2308,14512,0.285991055621699,"[0.031532378139558656, 0.0632050121634644]","[72.86083853726566, 146.0457617755991]"
bocpd_p0__onset80,raw,steps_11_plus,0.05834138453661595,0.017157624767601236,78.93487997525695,822,8382,0.2187541979527507,"[0.052114943145591494, 0.10511865509344408]","[43.80925709042202, 88.36563772357587]"
bocpd_p0__onset80,answer_z,macro8_all,0.0016951123961471406,0.00044383459042071286,2716.7344162282616,4442,28654,0.01729246231340694,"[0.0008655642519840612, 0.005663307041105889]","[813.1591934822641, 5320.425578380856]"
bocpd_p0__onset80,answer_z,cell=pb_gsm8k_q4,0.037577826229276974,0.01066170647201497,122.55020175701895,207,1361,0.056750017052414226,,
bocpd_p0__onset80,answer_z,cell=pb_gsm8k_q8,0.04000793150590356,0.010020020203775046,115.10643046638275,207,1361,0.03939518679986204,,
bocpd_p0__onset80,answer_z,cell=pb_math_q4,0.007149408528400569,0.0018277347755337244,644.1330311024118,594,3772,0.027831210482066084,,
bocpd_p0__onset80,answer_z,cell=pb_math_q8,0.010834379395994279,0.002970413938114748,425.05158972840934,594,3772,0.031154602582780872,,
bocpd_p0__onset80,answer_z,cell=pb_olympiadbench_q4,0.004550836732628306,0.0012303202487611914,1011.9392227302353,661,5161,0.01139220742625729,,
bocpd_p0__onset80,answer_z,cell=pb_olympiadbench_q8,0.003586707068610487,0.0008537434078295236,1283.9549196227401,661,5161,0.008609604747690762,,
bocpd_p0__onset80,answer_z,cell=pb_omnimath_q4,0.0044973946418035895,0.0011679971164013786,1023.9639953280331,759,4033,0.003483775629778702,,
bocpd_p0__onset80,answer_z,cell=pb_omnimath_q8,0.0028971452831870626,0.0006812179022535717,1589.5544530380203,759,4033,0.0014546280953568885,,
bocpd_p0__onset80,answer_z,steps_2_to_5,0.008878589303959777,0.0023518465758253127,518.682645218675,1312,5760,0.04644017968350376,"[0.007375936737492587, 0.026795187031136473]","[171.86557349410563, 624.3505536835172]"
bocpd_p0__onset80,answer_z,steps_6_to_10,0.009877230363456583,0.002731053080509562,466.2410429371104,2308,14512,0.009737770891787588,"[0.004741428803870533, 0.019001717558837825]","[242.35546980047584, 971.262118758124]"
bocpd_p0__onset80,answer_z,steps_11_plus,0.0001569886077866405,4.028432453296276e-05,29334.42273879433,822,8382,0.0011444948230189744,"[1.5128537931830046e-06, 0.006886740313881162]","[668.7010074571484, 3044028.58143941]"
bocpd_p0__top30,raw,macro8_all,0.09322266100614182,0.026876154136276337,49.399686045056015,4442,28654,0.008798752608840974,"[0.08465202626546105, 0.11702999642482685]","[39.35034031164977, 54.40118080040633]"
bocpd_p0__top30,raw,cell=pb_gsm8k_q4,0.2105156781182562,0.060254583107217735,21.87566373750633,207,1361,0.05404490037426847,,
bocpd_p0__top30,raw,cell=pb_gsm8k_q8,0.20771043455447982,0.05707593274649315,22.1711065978258,207,1361,0.07839823527301337,,
bocpd_p0__top30,raw,cell=pb_math_q4,0.10299799041300403,0.028954167630532202,44.711262496696875,594,3772,0.018452770967454395,,
bocpd_p0__top30,raw,cell=pb_math_q8,0.09633446961775075,0.027081385766839005,47.80397093855527,594,3772,0.024543048861092605,,
bocpd_p0__top30,raw,cell=pb_olympiadbench_q4,0.1181079888135861,0.031998938909016984,38.99118283401295,661,5161,0.024116442083269282,,
bocpd_p0__top30,raw,cell=pb_olympiadbench_q8,0.1100293416486177,0.030430752367504678,41.85401927328488,661,5161,0.021416143734011708,,
bocpd_p0__top30,raw,cell=pb_omnimath_q4,0.124557047660005,0.03586043852222527,36.97237749692426,759,4033,0.021908357386516107,,
bocpd_p0__top30,raw,cell=pb_omnimath_q8,0.12429939830897871,0.036013718205671695,37.04901430448388,759,4033,0.019297776545378495,,
bocpd_p0__top30,raw,steps_2_to_5,0.07165895577661677,0.020126075750233025,64.26510316929316,1312,5760,0.022103805742958893,"[0.069812564465092, 0.12367807447927409]","[37.23513812272218, 65.96477612981529]"
bocpd_p0__top30,raw,steps_6_to_10,0.09027831815779616,0.025345685465868448,51.0108105684776,2308,14512,0.008226619698870967,"[0.0835235408460644, 0.12834648296910978]","[35.88076649592694, 55.1361944110525]"
bocpd_p0__top30,raw,steps_11_plus,0.13618870649081444,0.03971998729758202,33.81462607766745,822,8382,0.020710349187754884,"[0.13011521321637082, 0.2170912049423028]","[21.213066587437414, 35.393018788126454]"
bocpd_p0__top30,answer_z,macro8_all,0.11868920437882174,0.030314011086475,38.80024480819431,4442,28654,0.00438179985512835,"[0.10812013751522113, 0.14608284875573735]","[31.524372814554834, 42.593084801984986]"
bocpd_p0__top30,answer_z,cell=pb_gsm8k_q4,0.2844700583590436,0.07489289859216225,16.18859366976218,207,1361,0.07567855927742143,,
bocpd_p0__top30,answer_z,cell=pb_gsm8k_q8,0.21486791731826238,0.05736016498933497,21.43256305298903,207,1361,0.1053844213117689,,
bocpd_p0__top30,answer_z,cell=pb_math_q4,0.13859333688168574,0.03658747032805895,33.22793353276017,594,3772,0.014336488465665358,,
bocpd_p0__top30,answer_z,cell=pb_math_q8,0.13146833327243113,0.03363764908326399,35.02874092459339,594,3772,0.017768014466035088,,
bocpd_p0__top30,answer_z,cell=pb_olympiadbench_q4,0.13107613540162896,0.03305354683002122,35.13355174744388,661,5161,0.016331701717276464,,
bocpd_p0__top30,answer_z,cell=pb_olympiadbench_q8,0.1344200362694573,0.03409010053665843,34.25955172900419,661,5161,0.013959570156077187,,
bocpd_p0__top30,answer_z,cell=pb_omnimath_q4,0.17621165495470234,0.04534937618384933,26.134310963550707,759,4033,0.01831702788210118,,
bocpd_p0__top30,answer_z,cell=pb_omnimath_q8,0.16633425456438936,0.04368046139329756,27.686240564509774,759,4033,0.013051249221769087,,
bocpd_p0__top30,answer_z,steps_2_to_5,0.08248530286571243,0.021105288410801944,55.83019066421314,1312,5760,0.02068986025764117,"[0.0762388603087486, 0.14153862603954212]","[32.536490672881975, 60.40449932407551]"
bocpd_p0__top30,answer_z,steps_6_to_10,0.13012458992465878,0.03307652479774621,35.390468386140185,2308,14512,0.007120579270517929,"[0.11349786242624259, 0.17459013367800394]","[26.37703568336452, 40.57495081883851]"
bocpd_p0__top30,answer_z,steps_11_plus,0.20616968201053432,0.05653179200516051,22.336796279060998,822,8382,0.008787370433228518,"[0.18916715285130278, 0.2949392163137059]","[15.613963594077973, 24.344449427792803]"
bocpd_p0__std,raw,macro8_all,0.07914988222931099,0.022747543697211523,58.18290635791614,4442,28654,0.01231818941316197,"[0.07147783026675937, 0.10103537687887117]","[45.57977936291679, 64.42795155926434]"
bocpd_p0__std,raw,cell=pb_gsm8k_q4,0.2276858189478454,0.06548334947983461,20.225985998025507,207,1361,0.06864748429856554,,
bocpd_p0__std,raw,cell=pb_gsm8k_q8,0.21241792414263416,0.058967924627386155,21.679762687520743,207,1361,0.09041447977392006,,
bocpd_p0__std,raw,cell=pb_math_q4,0.09562082644162034,0.026365659195833398,48.160744446187145,594,3772,0.022563511937501952,,
bocpd_p0__std,raw,cell=pb_math_q8,0.08759270380200523,0.024754855524039943,52.57481486583209,594,3772,0.022894288213880766,,
bocpd_p0__std,raw,cell=pb_olympiadbench_q4,0.1351140236532427,0.03971154673182757,34.08358408307655,661,5161,0.01810791491878159,,
bocpd_p0__std,raw,cell=pb_olympiadbench_q8,0.09708731903515899,0.02655227505774746,47.43328203676513,661,5161,0.02599395238047817,,
bocpd_p0__std,raw,cell=pb_omnimath_q4,0.11747053618895595,0.034803255989477026,39.202768076077355,759,4033,0.0350368366660867,,
bocpd_p0__std,raw,cell=pb_omnimath_q8,0.1072181705015344,0.031001363026581893,42.95139680565793,759,4033,0.03356848935956637,,
bocpd_p0__std,raw,steps_2_to_5,0.0677294601182255,0.019232714525105554,67.99360541113887,1312,5760,0.011171205853864427,"[0.06754266811066924, 0.11450032794107835]","[40.219711758012636, 68.1816445042189]"
bocpd_p0__std,raw,steps_6_to_10,0.07649264462577617,0.021608530761962987,60.20409162891279,2308,14512,0.015202136675678747,"[0.07020235807610309, 0.11019370475615356]","[41.79159051035467, 65.59851139182308]"
bocpd_p0__std,raw,steps_11_plus,0.1348867452283328,0.04030431972087272,34.141013471654155,822,8382,0.021810433658943966,"[0.12512773736468982, 0.21214872544101882]","[21.70727246376228, 36.80375177380646]"
bocpd_p0__std,answer_z,macro8_all,0.032336158223327686,0.008633194246121438,142.4155013772127,4442,28654,0.016167199129432378,"[0.029673394241289567, 0.04942690607718295]","[93.17132208916445, 155.19526173989718]"
bocpd_p0__std,answer_z,cell=pb_gsm8k_q4,0.16592913119471492,0.04437883768349248,27.753837754890704,207,1361,0.10756956437733517,,
bocpd_p0__std,answer_z,cell=pb_gsm8k_q8,0.15829980097930288,0.04153584515703756,29.091446467391332,207,1361,0.12977329570968568,,
bocpd_p0__std,answer_z,cell=pb_math_q4,0.08137968791076827,0.023283563795379145,56.588693127425095,594,3772,0.03447147551108627,,
bocpd_p0__std,answer_z,cell=pb_math_q8,0.07616013459531328,0.020883178370650495,60.46693864786688,594,3772,0.03686590868412775,,
bocpd_p0__std,answer_z,cell=pb_olympiadbench_q4,0.07346558810041809,0.02060449031007478,62.68472498570911,661,5161,0.024721260942058093,,
bocpd_p0__std,answer_z,cell=pb_olympiadbench_q8,0.047668866902848744,0.012545863877674765,96.60750265731367,661,5161,0.0275808331863345,,
bocpd_p0__std,answer_z,cell=pb_omnimath_q4,0.07046102178187062,0.018207778004489358,65.35769805105191,759,4033,0.026796759244900582,,
bocpd_p0__std,answer_z,cell=pb_omnimath_q8,0.05601896549323935,0.0143656269969983,82.20734077182962,759,4033,0.018309179043638664,,
bocpd_p0__std,answer_z,steps_2_to_5,0.036871575496971905,0.009396617310400571,124.8975701178349,1312,5760,0.03660683416108729,"[0.04276120598675074, 0.0823153214606709]","[55.94548018850145, 107.69504927936251]"
bocpd_p0__std,answer_z,steps_6_to_10,0.04061564903023879,0.010767066565664209,113.38413384849503,2308,14512,0.018324324529606452,"[0.0386135955998799, 0.06816454197814664]","[67.55961460820049, 119.26292059686912]"
bocpd_p0__std,answer_z,steps_11_plus,0.0901260436895888,0.02622206184587255,51.0969970217396,822,8382,0.01870792594631821,"[0.0936385618652794, 0.15531929682040557]","[29.649697624584356, 49.180274603252535]"
bocpd_p0__iqr,raw,macro8_all,0.12838463787480153,0.03741384234537471,35.87010301403018,4442,28654,0.010378537965555686,"[0.11788527565949923, 0.1535012467848398]","[30.000865025175226, 39.064846395996916]"
bocpd_p0__iqr,raw,cell=pb_gsm8k_q4,0.29540881844635025,0.08668792962894607,15.589142565913093,207,1361,0.06857081917085488,,
bocpd_p0__iqr,raw,cell=pb_gsm8k_q8,0.1972553961761526,0.053866713723136374,23.346231714115405,207,1361,0.08547612397623067,,
bocpd_p0__iqr,raw,cell=pb_math_q4,0.12170572643947584,0.033979913973203046,37.838566193335524,594,3772,0.018850676227904633,,
bocpd_p0__iqr,raw,cell=pb_math_q8,0.13369385504661963,0.03787476877048481,34.4456383906519,594,3772,0.01845215641450629,,
bocpd_p0__iqr,raw,cell=pb_olympiadbench_q4,0.14025040048872,0.040530239652506184,32.835344283800985,661,5161,0.014846956316633728,,
bocpd_p0__iqr,raw,cell=pb_olympiadbench_q8,0.16227762954320357,0.04697444227959749,28.37834271397245,661,5161,0.011527994811844551,,
bocpd_p0__iqr,raw,cell=pb_omnimath_q4,0.1605140262086972,0.04641304817329711,28.6901418820592,759,4033,0.02647287271343092,,
bocpd_p0__iqr,raw,cell=pb_omnimath_q8,0.1454655853553215,0.041086644694868814,31.658142197271424,759,4033,0.024008968833708642,,
bocpd_p0__iqr,raw,steps_2_to_5,0.12589099293394415,0.03627814949155263,36.58061691835615,1312,5760,0.016950818389888288,"[0.11572528609763767, 0.18458094508503173]","[24.949326074078815, 39.79398402266813]"
bocpd_p0__iqr,raw,steps_6_to_10,0.11021020698177536,0.03190673449801072,41.785332884363555,2308,14512,0.014741573563420535,"[0.09973018486234667, 0.1478105842258215]","[31.155889208532066, 46.176292487017975]"
bocpd_p0__iqr,raw,steps_11_plus,0.16170972024109442,0.046064694823066084,28.478004779936565,822,8382,0.01972065065641815,"[0.152075962219945, 0.23982161212959938]","[19.202481982730824, 30.282038783537068]"
bocpd_p0__iqr,answer_z,macro8_all,0.041330249814175574,0.010586816496604768,111.42372007653815,4442,28654,0.011493810806258234,"[0.037651054519156034, 0.05925836993208052]","[77.71341316452589, 122.31185141561126]"
bocpd_p0__iqr,answer_z,cell=pb_gsm8k_q4,0.1746667241419914,0.04781805184046801,26.365469488306324,207,1361,0.08421807774772058,,
bocpd_p0__iqr,answer_z,cell=pb_gsm8k_q8,0.13665384631399963,0.036610473554002376,33.699528481667855,207,1361,0.0795889125192533,,
bocpd_p0__iqr,answer_z,cell=pb_math_q4,0.06845335926722718,0.017927629589535105,67.27456819190566,594,3772,0.02025503791744292,,
bocpd_p0__iqr,answer_z,cell=pb_math_q8,0.06036802874622627,0.015648382303883344,76.28491904791525,594,3772,0.027593012041260537,,
bocpd_p0__iqr,answer_z,cell=pb_olympiadbench_q4,0.06558480850955448,0.017288611271552807,70.21702572047923,661,5161,0.019364684238455568,,
bocpd_p0__iqr,answer_z,cell=pb_olympiadbench_q8,0.09898553924768327,0.02652409681569843,46.52366619395746,661,5161,0.018162313947691175,,
bocpd_p0__iqr,answer_z,cell=pb_omnimath_q4,0.05305692811352499,0.013852666876806332,86.79677376222176,759,4033,0.01945485009730592,,
bocpd_p0__iqr,answer_z,cell=pb_omnimath_q8,0.06534716412203867,0.017069209813032386,70.47238006209017,759,4033,0.023540836889252154,,
bocpd_p0__iqr,answer_z,steps_2_to_5,0.05184911055329226,0.01351081700071364,88.81869210185857,1312,5760,0.0347829671623074,"[0.05326642286175742, 0.09836855064472672]","[46.81547258554595, 86.45540546133368]"
bocpd_p0__iqr,answer_z,steps_6_to_10,0.037042323414256194,0.009537121854360335,124.3218502923533,2308,14512,0.016564982068370034,"[0.03630711730220726, 0.06482930903911996]","[71.03531187119692, 126.83932320091203]"
bocpd_p0__iqr,answer_z,steps_11_plus,0.11229431726200115,0.029074252360741865,41.009823989966215,822,8382,0.013547415059094438,"[0.10701885487647839, 0.1914003273938752]","[24.060409136664084, 43.03139097594904]"
bocpd_p0__frac_above_z,raw,macro8_all,0.10777181287616766,0.030932679886262495,42.73074807862368,4442,28654,0.005915414097871417,"[0.09797315510606175, 0.13212153111374095]","[34.85556174809681, 47.00440830963055]"
bocpd_p0__frac_above_z,raw,cell=pb_gsm8k_q4,0.19558522080311472,0.056468221624061656,23.545593921045153,207,1361,0.05813783216692732,,
bocpd_p0__frac_above_z,raw,cell=pb_gsm8k_q8,0.19646956829540785,0.05347871915087319,23.439610652901965,207,1361,0.07960375268838128,,
bocpd_p0__frac_above_z,raw,cell=pb_math_q4,0.09800212515836812,0.027347548245547113,46.99051350719479,594,3772,0.014097507449390995,,
bocpd_p0__frac_above_z,raw,cell=pb_math_q8,0.11384864363316025,0.03136245762168969,40.449934571260556,594,3772,0.014931315715423976,,
bocpd_p0__frac_above_z,raw,cell=pb_olympiadbench_q4,0.1272227525691884,0.03675727805185248,36.19769336057739,661,5161,0.016796598968927948,,
bocpd_p0__frac_above_z,raw,cell=pb_olympiadbench_q8,0.12392868071631141,0.035026519360841,37.15984192981054,661,5161,0.0196970151734787,,
bocpd_p0__frac_above_z,raw,cell=pb_omnimath_q4,0.14744000460567175,0.04309373188448643,31.23419724724384,759,4033,0.02490430428781571,,
bocpd_p0__frac_above_z,raw,cell=pb_omnimath_q8,0.14431602777430247,0.04169074261177806,31.91031694130448,759,4033,0.019312063197707098,,
bocpd_p0__frac_above_z,raw,steps_2_to_5,0.11115078170854292,0.030820904935577414,41.4317390773163,1312,5760,0.019902806358395676,"[0.10310205522320069, 0.1685183423836857]","[27.327412083741926, 44.66613372564281]"
bocpd_p0__frac_above_z,raw,steps_6_to_10,0.0779754134200128,0.021859210547502134,59.05925963075626,2308,14512,0.006183294726056344,"[0.07131579347601844, 0.11234284052746936]","[40.992110973569915, 64.57433846735066]"
bocpd_p0__frac_above_z,raw,steps_11_plus,0.19464587541816092,0.05788541794236592,23.659223069046437,822,8382,0.01783708666019549,"[0.18304737302835208, 0.2758575754239008]","[16.69401385447358, 25.158351686777827]"
bocpd_p0__frac_above_z,answer_z,macro8_all,0.054732825365564286,0.014058200624619424,84.13909121683095,4442,28654,0.004730789629375416,"[0.04873575523115264, 0.07485599018574321]","[61.52039635787458, 94.49264024217679]"
bocpd_p0__frac_above_z,answer_z,cell=pb_gsm8k_q4,0.16260364576767225,0.04405040890753918,28.321444849815663,207,1361,0.07917613884496531,,
bocpd_p0__frac_above_z,answer_z,cell=pb_gsm8k_q8,0.1730809051359456,0.04736039131390219,26.60703780333817,207,1361,0.06550771966507331,,
bocpd_p0__frac_above_z,answer_z,cell=pb_math_q4,0.0480102116401674,0.01194308620901363,95.92063914451084,594,3772,0.021181987720691083,,
bocpd_p0__frac_above_z,answer_z,cell=pb_math_q8,0.07489240258591157,0.01872743263616146,61.490485376074666,594,3772,0.012807864976831175,,
bocpd_p0__frac_above_z,answer_z,cell=pb_olympiadbench_q4,0.09894689509886642,0.025952805484986234,46.54183621817205,661,5161,0.02052617246189166,,
bocpd_p0__frac_above_z,answer_z,cell=pb_olympiadbench_q8,0.11482499566031289,0.030007411366427258,40.10599050760324,661,5161,0.01427526192947903,,
bocpd_p0__frac_above_z,answer_z,cell=pb_omnimath_q4,0.07167284995109742,0.018707454776448633,64.2526450270948,759,4033,0.019955180656151462,,
bocpd_p0__frac_above_z,answer_z,cell=pb_omnimath_q8,0.10005798654868502,0.026156152901175272,46.025013542995524,759,4033,0.02178083424310454,,
bocpd_p0__frac_above_z,answer_z,steps_2_to_5,0.07026728763863788,0.017819333093864888,65.53789595054536,1312,5760,0.02128396852678552,"[0.06826607989060463, 0.12344925042047718]","[37.30415673082295, 67.45912748128805]"
bocpd_p0__frac_above_z,answer_z,steps_6_to_10,0.045777902034501224,0.011886763200273695,100.5981047912011,2308,14512,0.006748566696212641,"[0.04261830511409469, 0.07521237056628266]","[61.22889295092325, 108.05615506434286]"
bocpd_p0__frac_above_z,answer_z,steps_11_plus,0.1445905411244581,0.03945984378776028,31.849733393169437,822,8382,0.014094474351499645,"[0.13374644802689756, 0.22649266831972611]","[20.33253535380337, 34.432093367159574]"
bocpd_p0__slope,raw,macro8_all,0.16159481482291616,0.044047926446844424,28.49825466884363,4442,28654,0.013439872826690319,"[0.1474132407821874, 0.19153752733612542]","[24.043174463177493, 31.239868016961438]"
bocpd_p0__slope,raw,cell=pb_gsm8k_q4,0.15335654880525296,0.04174407214579421,30.02917202992214,207,1361,0.12013536495521109,,
bocpd_p0__slope,raw,cell=pb_gsm8k_q8,0.19446938695590626,0.05098327519350757,23.680694725655005,207,1361,0.11341104555482627,,
bocpd_p0__slope,raw,cell=pb_math_q4,0.16583282284163428,0.044038908142814026,27.76995595368898,594,3772,0.025953025461542087,,
bocpd_p0__slope,raw,cell=pb_math_q8,0.17377264829595884,0.047763082582368326,26.501122191248708,594,3772,0.01836307612603971,,
bocpd_p0__slope,raw,cell=pb_olympiadbench_q4,0.19054490289194878,0.05300838127043379,24.168424954403108,661,5161,0.021297120646332532,,
bocpd_p0__slope,raw,cell=pb_olympiadbench_q8,0.22135436802671743,0.060159785366326254,20.804514620792343,661,5161,0.023848554470075414,,
bocpd_p0__slope,raw,cell=pb_omnimath_q4,0.2134878126794493,0.06078695837078715,21.571115129193476,759,4033,0.0277714444022379,,
bocpd_p0__slope,raw,cell=pb_omnimath_q8,0.21217336056828906,0.05937752569366805,21.704752065261722,759,4033,0.0222428420354976,,
bocpd_p0__slope,raw,steps_2_to_5,0.15408527242933606,0.04246354764203869,29.88715347925309,1312,5760,0.03306470001462531,"[0.1396702932530612, 0.2227104537143801]","[20.677835769191567, 32.971722753128525]"
bocpd_p0__slope,raw,steps_6_to_10,0.18533380437883795,0.05054179323612626,24.847977417949803,2308,14512,0.02884940986530095,"[0.1652851330169188, 0.2322986885238348]","[19.8243486231115, 27.86197464908535]"
bocpd_p0__slope,raw,steps_11_plus,0.13337456125336367,0.03705334931040682,34.52809998182431,822,8382,0.01700937860970298,"[0.1236941399742716, 0.2198513912494702]","[20.946741159179222, 37.23030199285082]"
bocpd_p0__slope,answer_z,macro8_all,0.03616465551213282,0.010230605386849955,127.33897560404277,4442,28654,0.030234764299198427,"[0.03399166855987887, 0.05263490054158984]","[87.49271184333831, 135.47938012739033]"
bocpd_p0__slope,answer_z,cell=pb_gsm8k_q4,0.10092184196623183,0.02737715969320521,45.63105563936268,207,1361,0.13415113625641312,,
bocpd_p0__slope,answer_z,cell=pb_gsm8k_q8,0.1430129034906853,0.03718835384446408,32.20108167573869,207,1361,0.17109966805736487,,
bocpd_p0__slope,answer_z,cell=pb_math_q4,0.0659745092753948,0.017849601114947107,69.80226509552213,594,3772,0.05293284521389486,,
bocpd_p0__slope,answer_z,cell=pb_math_q8,0.09020441494787368,0.024459821534043354,51.05260300894669,594,3772,0.05062516067047368,,
bocpd_p0__slope,answer_z,cell=pb_olympiadbench_q4,0.058630681378072216,0.015527374125311732,78.54539769531688,661,5161,0.029224173727974482,,
bocpd_p0__slope,answer_z,cell=pb_olympiadbench_q8,0.06535694175492147,0.018129521431704942,70.46183714129059,661,5161,0.04161472332001151,,
bocpd_p0__slope,answer_z,cell=pb_omnimath_q4,0.06456215575178376,0.018684545011741733,71.32925058594961,759,4033,0.03194211361368277,,
bocpd_p0__slope,answer_z,cell=pb_omnimath_q8,0.06201759328276803,0.016687103190323117,74.25586744378981,759,4033,0.03675227517059199,,
bocpd_p0__slope,answer_z,steps_2_to_5,0.06385979342067997,0.018975168678833296,72.11376578767292,1312,5760,0.09219771703838225,"[0.06689141340414116, 0.11124538155197917]","[41.39650672901271, 68.84546089891698]"
bocpd_p0__slope,answer_z,steps_6_to_10,0.05324882705606372,0.015278553940879394,86.48397421298085,2308,14512,0.042860833120760514,"[0.05091289096381634, 0.08223323781717286]","[56.00132389565706, 90.45194839281419]"
bocpd_p0__slope,answer_z,steps_11_plus,0.051865794980714086,0.014097505289877096,88.79012049657179,822,8382,0.020652513915620188,"[0.06136007504548917, 0.11562564903898713]","[39.82827533738039, 75.05157356105022]"
bocpd_p0__jump,raw,macro8_all,0.08058420416904435,0.022879938957989825,57.14730614361671,4442,28654,0.07353095521356284,"[0.07242159283670727, 0.10257777835225113]","[44.89442313883988, 63.588358189961504]"
bocpd_p0__jump,raw,cell=pb_gsm8k_q4,0.18691938955717197,0.047607539752570024,24.637198938527106,207,1361,0.11554926125388082,,
bocpd_p0__jump,raw,cell=pb_gsm8k_q8,0.12426087388689618,0.035324286943029984,37.06050055772001,207,1361,0.10437519475315374,,
bocpd_p0__jump,raw,cell=pb_math_q4,0.10791117318542578,0.03214119684049466,42.67556407782669,594,3772,0.07907477875372403,,
bocpd_p0__jump,raw,cell=pb_math_q8,0.10323219741386369,0.028099920328314838,44.60982427338735,594,3772,0.07194216409710369,,
bocpd_p0__jump,raw,cell=pb_olympiadbench_q4,0.1208510535593444,0.0338394989219403,38.10616498867926,661,5161,0.07213990574229728,,
bocpd_p0__jump,raw,cell=pb_olympiadbench_q8,0.10719194922643736,0.029121269820799767,42.96190356852185,661,5161,0.07308727444334562,,
bocpd_p0__jump,raw,cell=pb_omnimath_q4,0.11618437479715502,0.03333303520354853,39.63674284109379,759,4033,0.08893451824149855,,
bocpd_p0__jump,raw,cell=pb_omnimath_q8,0.11014257661524038,0.030062585793417244,41.81099015029649,759,4033,0.08902042847591424,,
bocpd_p0__jump,raw,steps_2_to_5,0.1095636979060292,0.031028828780630846,42.03189810130234,1312,5760,0.13611943395551962,"[0.10371804884571509, 0.16644711672857512]","[27.667467460537214, 44.400856333486125]"
bocpd_p0__jump,raw,steps_6_to_10,0.08997099348792031,0.025921887923944956,51.18505428759538,2308,14512,0.08731840527464807,"[0.08324263788225224, 0.12685838340288222]","[36.30166223514608, 55.322251951003324]"
bocpd_p0__jump,raw,steps_11_plus,0.08044896081310773,0.02206203952104986,57.24337691180917,822,8382,0.03753567207071574,"[0.08374671821380883, 0.15111015769842617]","[30.475583217765745, 54.98926148044276]"
bocpd_p0__jump,answer_z,macro8_all,0.018565557468468986,0.004994444486659721,248.04911965661856,4442,28654,0.026907660926581402,"[0.018758587460020744, 0.03285972593661688]","[140.14633581762075, 245.4966396485271]"
bocpd_p0__jump,answer_z,cell=pb_gsm8k_q4,0.09971500516328548,0.025770868201345786,46.18332194284126,207,1361,0.10259382793096862,,
bocpd_p0__jump,answer_z,cell=pb_gsm8k_q8,0.10749546172837793,0.030235579186260346,42.84060100718061,207,1361,0.09550637043960719,,
bocpd_p0__jump,answer_z,cell=pb_math_q4,0.04800259364520515,0.012457754730228369,95.93586171667393,594,3772,0.040814380018760865,,
bocpd_p0__jump,answer_z,cell=pb_math_q8,0.06934707532751946,0.017925560886920305,66.40756173549242,594,3772,0.030245119929801313,,
bocpd_p0__jump,answer_z,cell=pb_olympiadbench_q4,0.059502392402168175,0.015194261842384734,77.39470633151024,661,5161,0.03963172379432441,,
bocpd_p0__jump,answer_z,cell=pb_olympiadbench_q8,0.06164830905407264,0.01628312067203075,74.70067316767486,661,5161,0.043985950189817324,,
bocpd_p0__jump,answer_z,cell=pb_omnimath_q4,0.0495336131895302,0.012733989571714857,92.97060903607725,759,4033,0.04328396661401454,,
bocpd_p0__jump,answer_z,cell=pb_omnimath_q8,0.057465392447115814,0.015163473751677283,80.13814906469372,759,4033,0.04235310696935463,,
bocpd_p0__jump,answer_z,steps_2_to_5,0.03188695530250385,0.008382473671885908,144.42175937777543,1312,5760,0.047467765854435344,"[0.03898085779146658, 0.07508927587182479]","[61.329266163772616, 118.13927263027608]"
bocpd_p0__jump,answer_z,steps_6_to_10,0.024084710682615952,0.006383652414120184,191.2072038844148,2308,14512,0.03514768446818217,"[0.02602883348566312, 0.05107738351405798]","[90.16065172407696, 176.92572310336746]"
bocpd_p0__jump,answer_z,steps_11_plus,0.03841414843141407,0.009946350813056844,119.88213650525975,822,8382,0.021554249267322093,"[0.04935578061450129, 0.09983095892703397]","[46.12967996585098, 93.30558910530209]"
bocpd_p0__q90,raw,macro8_all,0.11396607454350635,0.03403436837901591,40.40825486386368,4442,28654,0.011002559841247646,"[0.10405850614891507, 0.13772605800157017]","[33.43717414707092, 44.25558617377966]"
bocpd_p0__q90,raw,cell=pb_gsm8k_q4,0.25780886289128924,0.0750265137846608,17.86273029694081,207,1361,0.07215043074055373,,
bocpd_p0__q90,raw,cell=pb_gsm8k_q8,0.21791705141618148,0.05924245722883443,21.132674823105347,207,1361,0.052959801585300954,,
bocpd_p0__q90,raw,cell=pb_math_q4,0.12159772153660087,0.035050770407797235,37.87217497000499,594,3772,0.021940992104814157,,
bocpd_p0__q90,raw,cell=pb_math_q8,0.13260504206842585,0.0383045932148551,34.72846970337498,594,3772,0.02852706126972669,,
bocpd_p0__q90,raw,cell=pb_olympiadbench_q4,0.14950017823427714,0.043923426291212896,30.803777228756683,661,5161,0.01920681096138684,,
bocpd_p0__q90,raw,cell=pb_olympiadbench_q8,0.11990581160779026,0.03396953085351666,38.40656365390795,661,5161,0.02329399006551042,,
bocpd_p0__q90,raw,cell=pb_omnimath_q4,0.15021986613083493,0.04513922812894883,30.656199506776222,759,4033,0.014940656964845221,,
bocpd_p0__q90,raw,cell=pb_omnimath_q8,0.13656218990855473,0.0404127555115446,33.72214658443763,759,4033,0.018553529156890312,,
bocpd_p0__q90,raw,steps_2_to_5,0.10855367667062618,0.032443536292914237,42.42297752807682,1312,5760,0.03179135491242123,"[0.10209773875644665, 0.1628525615714523]","[28.278156275531177, 45.105506175545074]"
bocpd_p0__q90,raw,steps_6_to_10,0.09767292534117981,0.02902517090060311,47.14889177222697,2308,14512,0.011852143694608457,"[0.09012744477728718, 0.13111007241383846]","[35.1244576499984, 51.096202686849395]"
bocpd_p0__q90,raw,steps_11_plus,0.21623478368995902,0.0654788547201086,21.297083232413986,822,8382,0.011059867303205849,"[0.19938136748057667, 0.29854256026963377]","[15.425506439781499, 23.09729461774666]"
bocpd_p0__q90,answer_z,macro8_all,0.06688993128838489,0.017543341131112146,68.8469863443821,4442,28654,0.01257059520148317,"[0.05979241675715776, 0.08741583041857331]","[52.681192456070605, 77.01930170662997]"
bocpd_p0__q90,answer_z,cell=pb_gsm8k_q4,0.15682315469572305,0.04275336679129036,29.365371426963687,207,1361,0.09821957317655533,,
bocpd_p0__q90,answer_z,cell=pb_gsm8k_q8,0.11231256148529853,0.0304139949637202,41.0031622917878,207,1361,0.07569748848078657,,
bocpd_p0__q90,answer_z,cell=pb_math_q4,0.08505453423147552,0.02316693887921372,54.14373528229715,594,3772,0.03416556888564287,,
bocpd_p0__q90,answer_z,cell=pb_math_q8,0.0888524816551749,0.02342578662979136,51.82939294661648,594,3772,0.024330116113951715,,
bocpd_p0__q90,answer_z,cell=pb_olympiadbench_q4,0.09276148120173533,0.024234818128192046,49.64528515853346,661,5161,0.024791420136523024,,
bocpd_p0__q90,answer_z,cell=pb_olympiadbench_q8,0.09995461022530995,0.025934949369979282,46.07261411562182,661,5161,0.02734529418028304,,
bocpd_p0__q90,answer_z,cell=pb_omnimath_q4,0.10400521675951939,0.027274358281853695,44.278261509094825,759,4033,0.022678393292055656,,
bocpd_p0__q90,answer_z,cell=pb_omnimath_q8,0.10784269504000626,0.028236050039872517,42.70266228305698,759,4033,0.018743620985269892,,
bocpd_p0__q90,answer_z,steps_2_to_5,0.066791437130361,0.01737311638348313,68.94851172314043,1312,5760,0.048927548606642744,"[0.06449313605179341, 0.11913771567513766]","[38.65417563104347, 71.40558620517001]"
bocpd_p0__q90,answer_z,steps_6_to_10,0.07748122439453178,0.020776028811431597,59.43595008951743,2308,14512,0.018242884797393402,"[0.07174130242631946, 0.11151857698603826]","[41.29509459724045, 64.19133790772399]"
bocpd_p0__q90,answer_z,steps_11_plus,0.1555484469712636,0.04174170170756984,29.60601841842151,822,8382,0.013498261480534401,"[0.1431619929286544, 0.23633336455893644]","[19.485907944409863, 32.1675473481506]"
bocpd_p0__first_token,raw,macro8_all,0.05857798708173283,0.015814792132126363,78.6160538354208,4442,28654,0.25136072137990223,"[0.05307463875465516, 0.07955305360764839]","[57.88803794635661, 86.76781027707275]"
bocpd_p0__first_token,raw,cell=pb_gsm8k_q4,0.12481193783507898,0.0339619687501764,36.89687273402615,207,1361,0.35784939729190207,,
bocpd_p0__first_token,raw,cell=pb_gsm8k_q8,0.12509157675084626,0.03348089474297512,36.81439074959088,207,1361,0.33885603950615045,,
bocpd_p0__first_token,raw,cell=pb_math_q4,0.059568259613633476,0.01680110126278425,77.30912764377793,594,3772,0.2799407503712883,,
bocpd_p0__first_token,raw,cell=pb_math_q8,0.0667551080240733,0.017588330252829278,68.9860345118065,594,3772,0.2792126161102729,,
bocpd_p0__first_token,raw,cell=pb_olympiadbench_q4,0.1031191691439151,0.0282693626894504,44.658720819996404,661,5161,0.21163195478259805,,
bocpd_p0__first_token,raw,cell=pb_olympiadbench_q8,0.1039080187009048,0.028572786317111243,44.319680459348334,661,5161,0.21480209850167556,,
bocpd_p0__first_token,raw,cell=pb_omnimath_q4,0.08871699920026647,0.024155839159655756,51.90854320480961,759,4033,0.26830201436769086,,
bocpd_p0__first_token,raw,cell=pb_omnimath_q8,0.09881435972846853,0.026245135762617274,46.60426074350545,759,4033,0.2733642474523238,,
bocpd_p0__first_token,raw,steps_2_to_5,0.08188455603130351,0.021324846370500125,56.239789396032,1312,5760,0.44051248694179523,"[0.0780139777956819, 0.13928033175964583]","[33.06403802896716, 59.0300650743512]"
bocpd_p0__first_token,raw,steps_6_to_10,0.09802824505868009,0.027212515171625005,46.97799275332756,2308,14512,0.25973005723831405,"[0.08939650940122369, 0.1360886669738215]","[33.83948339264693, 51.51398210996653]"
bocpd_p0__first_token,raw,steps_11_plus,0.07740886112542453,0.020785633126849223,59.491511941073476,822,8382,0.1458656964343899,"[0.0813573293033183, 0.1515412917540749]","[30.38888036840467, 56.604244822479224]"
bocpd_p0__first_token,answer_z,macro8_all,0.024279641293226243,0.006230546760908255,189.6720849526259,4442,28654,0.08311232051644245,"[0.023338119540739742, 0.04123659136930344]","[111.67679075958216, 197.32396082508552]"
bocpd_p0__first_token,answer_z,cell=pb_gsm8k_q4,0.09121868778562761,0.02431629508784947,50.48494226107121,207,1361,0.21795901555545133,,
bocpd_p0__first_token,answer_z,cell=pb_gsm8k_q8,0.11516588237916867,0.029231411161334365,39.98727827071362,207,1361,0.2142086796712352,,
bocpd_p0__first_token,answer_z,cell=pb_math_q4,0.055664099767948116,0.013863016140902549,82.73142303901571,594,3772,0.11195108733354027,,
bocpd_p0__first_token,answer_z,cell=pb_math_q8,0.058334232481009995,0.015354519780827525,78.94455776866953,594,3772,0.11121494412046282,,
bocpd_p0__first_token,answer_z,cell=pb_olympiadbench_q4,0.0481871313191116,0.012420955391561711,95.56846527117554,661,5161,0.06441300892771037,,
bocpd_p0__first_token,answer_z,cell=pb_olympiadbench_q8,0.057140296526698914,0.015229229081829505,80.59408973903936,661,5161,0.08024083343974509,,
bocpd_p0__first_token,answer_z,cell=pb_omnimath_q4,0.07444638681075891,0.01890423021441464,61.85888104542043,759,4033,0.10941987986921752,,
bocpd_p0__first_token,answer_z,cell=pb_omnimath_q8,0.07825536670078169,0.019721451748525565,58.847979124505095,759,4033,0.11002850608159263,,
bocpd_p0__first_token,answer_z,steps_2_to_5,0.0429981675389034,0.010775505690261863,107.10154524193334,1312,5760,0.25879625274936285,"[0.04757511596380105, 0.0906008965411307]","[50.82919001687198, 96.79787621520614]"
bocpd_p0__first_token,answer_z,steps_6_to_10,0.03829627994109164,0.009854931793821447,120.25111037082159,2308,14512,0.10054945779448049,"[0.03730983856467926, 0.06730685169376158]","[68.42052584692397, 123.43045060365785]"
bocpd_p0__first_token,answer_z,steps_11_plus,0.05741135538077704,0.015018500636603383,80.21357718250341,822,8382,0.04137156816897093,"[0.06169836641185753, 0.1309567195713853]","[35.16558906683506, 74.64006672797491]"
bocpd_p0__boxcar8_max,raw,macro8_all,0.05496535864758368,0.016010497859086554,83.78313722129309,4442,28654,0.03558591291260271,"[0.0499644760654316, 0.0737112604774344]","[62.47580296633098, 92.16888775051567]"
bocpd_p0__boxcar8_max,raw,cell=pb_gsm8k_q4,0.19482132744928257,0.05406478246875143,23.63791606535966,207,1361,0.07900039940102352,,
bocpd_p0__boxcar8_max,raw,cell=pb_gsm8k_q8,0.1940200233578102,0.0545333624775534,23.73554082866629,207,1361,0.09189482122470183,,
bocpd_p0__boxcar8_max,raw,cell=pb_math_q4,0.08411090022578996,0.023384181955070155,54.75116986770831,594,3772,0.04437379921370589,,
bocpd_p0__boxcar8_max,raw,cell=pb_math_q8,0.060905474191509455,0.016921190498028826,75.61176145690492,594,3772,0.0483378419947292,,
bocpd_p0__boxcar8_max,raw,cell=pb_olympiadbench_q4,0.08053912986859865,0.0224107195301586,57.17928904250055,661,5161,0.04279060575009567,,
bocpd_p0__boxcar8_max,raw,cell=pb_olympiadbench_q8,0.084480056350985,0.02233926720428297,54.51192133271343,661,5161,0.05400061730812326,,
bocpd_p0__boxcar8_max,raw,cell=pb_omnimath_q4,0.09222189713658469,0.026783956595474355,49.93575635478017,759,4033,0.04942809101720505,,
bocpd_p0__boxcar8_max,raw,cell=pb_omnimath_q8,0.08772240562646652,0.025919571534087096,52.497080456246366,759,4033,0.050117010284633945,,
bocpd_p0__boxcar8_max,raw,steps_2_to_5,0.056772522585389396,0.016063861974941644,81.11618043854983,1312,5760,0.03119877443158626,"[0.05662695761657824, 0.10289518220239698]","[44.755935967241165, 81.32469727880756]"
bocpd_p0__boxcar8_max,raw,steps_6_to_10,0.05445430399119213,0.015004504714578069,84.56944352338004,2308,14512,0.03642223841761718,"[0.05171521957788055, 0.08463320829924624]","[54.41327675662635, 89.0486441627292]"
bocpd_p0__boxcar8_max,raw,steps_11_plus,0.12008745769042839,0.03407553177192346,38.348469311921725,822,8382,0.04476212960282869,"[0.1199952203498468, 0.1968512363812685]","[23.3941643986865, 38.377946826229326]"
bocpd_p0__boxcar8_max,answer_z,macro8_all,0.035782435355405234,0.00935702382413377,128.69918272045288,4442,28654,0.00459897716096468,"[0.03284409269978358, 0.05346351891920366]","[86.13668308940944, 140.2130431210979]"
bocpd_p0__boxcar8_max,answer_z,cell=pb_gsm8k_q4,0.15119360870441195,0.04128761477229834,30.458762281356336,207,1361,0.08034656829141897,,
bocpd_p0__boxcar8_max,answer_z,cell=pb_gsm8k_q8,0.2038363991691443,0.0581322305108527,22.592482033430652,207,1361,0.11419177217445187,,
bocpd_p0__boxcar8_max,answer_z,cell=pb_math_q4,0.08225346995951927,0.021239639389252926,55.987549075492,594,3772,0.020161947159045946,,
bocpd_p0__boxcar8_max,answer_z,cell=pb_math_q8,0.07895299063613621,0.020203460353869496,58.32800187660452,594,3772,0.02578880651678932,,
bocpd_p0__boxcar8_max,answer_z,cell=pb_olympiadbench_q4,0.035891362366329914,0.009275637311866761,128.30859244028733,661,5161,0.014728337675908785,,
bocpd_p0__boxcar8_max,answer_z,cell=pb_olympiadbench_q8,0.055565206708285075,0.014593266086044356,82.87866560390994,661,5161,0.020443275368719947,,
bocpd_p0__boxcar8_max,answer_z,cell=pb_omnimath_q4,0.06668013921872705,0.017451947333547848,69.0635958464636,759,4033,0.020645695498062226,,
bocpd_p0__boxcar8_max,answer_z,cell=pb_omnimath_q8,0.05980907562007389,0.015436656681914398,76.99784921006948,759,4033,0.017814239587526655,,
bocpd_p0__boxcar8_max,answer_z,steps_2_to_5,0.034446674417816264,0.008674216087158642,133.68983403536447,1312,5760,0.02141398580600718,"[0.03882395757781033, 0.07893953341883833]","[58.3379453429744, 118.61671177541565]"
bocpd_p0__boxcar8_max,answer_z,steps_6_to_10,0.03829155117431275,0.010001450061234587,120.26596062991027,2308,14512,0.0065800686856553655,"[0.036235921813244434, 0.06635673256502408]","[69.40019509663782, 127.08853412706272]"
bocpd_p0__boxcar8_max,answer_z,steps_11_plus,0.10444067534562126,0.029563256582835904,44.09364618476843,822,8382,0.012356927393361791,"[0.10411969632916719, 0.17264279645060715]","[26.674557413726927, 44.229577576073275]"
bocpd_p0__page_wmax,raw,macro8_all,0.06403220708747598,0.0173680432541859,71.91959164701062,4442,28654,0.019621052260510242,"[0.05714499932333663, 0.08491813492202892]","[54.23070337350813, 80.58745717943253]"
bocpd_p0__page_wmax,raw,cell=pb_gsm8k_q4,0.21971328875338944,0.061348901692780226,20.95990739621137,207,1361,0.1116036225740411,,
bocpd_p0__page_wmax,raw,cell=pb_gsm8k_q8,0.26653620461848454,0.07247258236462585,17.277841081964286,207,1361,0.14148334411778798,,
bocpd_p0__page_wmax,raw,cell=pb_math_q4,0.09218614611751583,0.024366647110010943,49.955122108234946,594,3772,0.031072377321601403,,
bocpd_p0__page_wmax,raw,cell=pb_math_q8,0.08690598449444346,0.02305841144310606,52.9902539252925,594,3772,0.040043625181351836,,
bocpd_p0__page_wmax,raw,cell=pb_olympiadbench_q4,0.07753367021493933,0.02015563853441116,59.39574604454568,661,5161,0.027645405549356558,,
bocpd_p0__page_wmax,raw,cell=pb_olympiadbench_q8,0.08067318032000324,0.020260217392863936,57.08427717515211,661,5161,0.03899312106665593,,
bocpd_p0__page_wmax,raw,cell=pb_omnimath_q4,0.09973057900970894,0.027643418188390032,46.17610999270114,759,4033,0.028380852240383732,,
bocpd_p0__page_wmax,raw,cell=pb_omnimath_q8,0.08173228251741792,0.022596450576762277,56.34456843911935,759,4033,0.025979431060433156,,
bocpd_p0__page_wmax,raw,steps_2_to_5,0.05903907662856005,0.015709595949504843,78.00206996734005,1312,5760,0.027751777840921837,"[0.05689170913013998, 0.10885598197865405]","[42.305164146984, 80.94624430167407]"
bocpd_p0__page_wmax,raw,steps_6_to_10,0.05312533348575989,0.014187257276701897,86.6850122874522,2308,14512,0.03027001614513707,"[0.049245550384877795, 0.08414839964285918]","[54.726770865913736, 93.51444242162916]"
bocpd_p0__page_wmax,raw,steps_11_plus,0.1248514121567125,0.03540251022129692,36.88520703480485,822,8382,0.020675802635052618,"[0.11867907667705185, 0.19888691272725287]","[23.154717034114128, 38.80355589991341]"
bocpd_p0__page_wmax,answer_z,macro8_all,0.03301811504144644,0.008625161083215043,139.4740487216605,4442,28654,0.006656272723559179,"[0.03091323547594752, 0.049293734665496115]","[93.42303270868923, 148.9708247967512]"
bocpd_p0__page_wmax,answer_z,cell=pb_gsm8k_q4,0.15884120049095948,0.04320270437187014,28.992290235493385,207,1361,0.08198291515320213,,
bocpd_p0__page_wmax,answer_z,cell=pb_gsm8k_q8,0.16954345276712607,0.04530346698780291,27.162182383494667,207,1361,0.11196209333390364,,
bocpd_p0__page_wmax,answer_z,cell=pb_math_q4,0.07725573655366129,0.019892720459471953,59.60942696843455,594,3772,0.029632080295225547,,
bocpd_p0__page_wmax,answer_z,cell=pb_math_q8,0.07951852620467724,0.02008285172265289,57.91317326649872,594,3772,0.028852405296939818,,
bocpd_p0__page_wmax,answer_z,cell=pb_olympiadbench_q4,0.05523557076539942,0.01412245408486817,83.37327056051451,661,5161,0.018647416738520006,,
bocpd_p0__page_wmax,answer_z,cell=pb_olympiadbench_q8,0.05895096713618311,0.015068928855070187,78.11865368297777,661,5161,0.013406122334408136,,
bocpd_p0__page_wmax,answer_z,cell=pb_omnimath_q4,0.06589478538146629,0.01702628722326095,69.88671651828996,759,4033,0.020063716788587902,,
bocpd_p0__page_wmax,answer_z,cell=pb_omnimath_q8,0.06904425258399523,0.017755951335779806,66.6988201571986,759,4033,0.025058970182400126,,
bocpd_p0__page_wmax,answer_z,steps_2_to_5,0.03954754044717831,0.009965408187171221,116.446437222537,1312,5760,0.018584047474689835,"[0.042612740328897745, 0.08453859326537003]","[54.474175735717274, 108.07026608577681]"
bocpd_p0__page_wmax,answer_z,steps_6_to_10,0.03602984844751367,0.009369788687167823,127.8154192820615,2308,14512,0.010518772267581772,"[0.03542007371797177, 0.06290048093914671]","[73.21359260262858, 130.0158272581877]"
bocpd_p0__page_wmax,answer_z,steps_11_plus,0.09590505654622503,0.025935361954934365,48.01801231167053,822,8382,0.012834034434858532,"[0.09369120392307634, 0.16898286514174224]","[27.252290829163602, 49.15264179729287]"
control__longest_step,raw,macro8_all,0.2675366702462533,0.07161007692225145,17.21322980415835,4442,28654,0.010877151286932538,"[0.24681411914632434, 0.3116936872674686]","[14.774666199884672, 18.658455204736104]"
control__longest_step,raw,cell=pb_gsm8k_q4,0.35315089673654254,0.08714508718698762,13.040233590072514,207,1361,0.07605202779357137,,
control__longest_step,raw,cell=pb_gsm8k_q8,0.35315089673654254,0.08714508718698762,13.040233590072514,207,1361,0.07605202779357137,,
control__longest_step,raw,cell=pb_math_q4,0.23709530896364633,0.06279453744985806,19.423286804439474,594,3772,0.02359818515550707,,
control__longest_step,raw,cell=pb_math_q8,0.23709530896364633,0.06279453744985806,19.423286804439474,594,3772,0.02359818515550707,,
control__longest_step,raw,cell=pb_olympiadbench_q4,0.2941054195269398,0.07855187396095059,15.658229601465274,661,5161,0.024241867487488,,
control__longest_step,raw,cell=pb_olympiadbench_q8,0.2941054195269398,0.07855187396095059,15.658229601465274,661,5161,0.024241867487488,,
control__longest_step,raw,cell=pb_omnimath_q4,0.31834640417680815,0.0872530405011893,14.465909228333551,759,4033,0.019741865907776577,,
control__longest_step,raw,cell=pb_omnimath_q8,0.31834640417680815,0.0872530405011893,14.465909228333551,759,4033,0.019741865907776577,,
control__longest_step,raw,steps_2_to_5,0.2538314245460287,0.07171907149622028,18.142632238007277,1312,5760,0.033295344690578155,"[0.24395575688627485, 0.3517911461290866]","[13.09063697782282, 18.8770711737493]"
control__longest_step,raw,steps_6_to_10,0.2707279393900078,0.07315624458193833,17.010324816730247,2308,14512,0.022545962536629417,"[0.2531009632601275, 0.3400931619451242]","[13.540907907848968, 18.194992728080113]"
control__longest_step,raw,steps_11_plus,0.2983223689929157,0.07903706215121453,15.436891982100917,822,8382,0.024295648050380765,"[0.27947983534392035, 0.4406559171972668]","[10.450716775298655, 16.4776474135284]"
control__longest_step,answer_z,macro8_all,0.17795230655102295,0.04755416600209307,25.87867656926203,4442,28654,0.025346958207071446,"[0.16427469128873198, 0.2158665839362044]","[21.333409284639764, 28.033351637191434]"
control__longest_step,answer_z,cell=pb_gsm8k_q4,0.2604636734424357,0.07044624824060182,17.680662048275483,207,1361,0.0877496361799169,,
control__longest_step,answer_z,cell=pb_gsm8k_q8,0.2604636734424357,0.07044624824060182,17.680662048275483,207,1361,0.0877496361799169,,
control__longest_step,answer_z,cell=pb_math_q4,0.19944295492847197,0.053188212123490654,23.09016223531027,594,3772,0.046043842953191715,,
control__longest_step,answer_z,cell=pb_math_q8,0.19944295492847197,0.053188212123490654,23.09016223531027,594,3772,0.046043842953191715,,
control__longest_step,answer_z,cell=pb_olympiadbench_q4,0.16290261795445282,0.043259061511191854,28.269467021553247,661,5161,0.03300081559425737,,
control__longest_step,answer_z,cell=pb_olympiadbench_q8,0.16290261795445282,0.043259061511191854,28.269467021553247,661,5161,0.03300081559425737,,
control__longest_step,answer_z,cell=pb_omnimath_q4,0.22063651227613218,0.059472205364845085,20.872203510108992,759,4033,0.028950330745069933,,
control__longest_step,answer_z,cell=pb_omnimath_q8,0.22063651227613218,0.059472205364845085,20.872203510108992,759,4033,0.028950330745069933,,
control__longest_step,answer_z,steps_2_to_5,0.17713589279553543,0.04787721632917916,25.997950575176493,1312,5760,0.11249806688091052,"[0.17227213776847833, 0.27170479213736776]","[16.94916806494831, 26.731950074115396]"
control__longest_step,answer_z,steps_6_to_10,0.19426818394279133,0.05243115361611866,23.7052207547492,2308,14512,0.03126292568957145,"[0.18308193510463586, 0.2542474837998815]","[18.11294301584053, 25.15360231120631]"
control__longest_step,answer_z,steps_11_plus,0.21785100765193857,0.05899708649700698,21.13908140992302,822,8382,0.022128753080923498,"[0.21351071225533147, 0.34781583683503453]","[13.240254463088972, 21.56880157132771]"
q15_H1__page_wmax_k0.25,raw,macro8_all,0.15285051379659753,0.042330140868769864,30.128588197723175,4442,28654,0.06838895346107378,"[0.13866953394040415, 0.18137539218028326]","[25.390270039557798, 33.20967522662368]"
q15_H1__page_wmax_k0.25,raw,cell=pb_gsm8k_q4,0.24588187390982386,0.06828806151624926,18.729197531970243,207,1361,0.10885331810538218,,
q15_H1__page_wmax_k0.25,raw,cell=pb_gsm8k_q8,0.2922195240146605,0.08193760717386829,15.75928303051049,207,1361,0.11966265931531933,,
q15_H1__page_wmax_k0.25,raw,cell=pb_math_q4,0.14332934436626868,0.03816089381880307,32.129988498516276,594,3772,0.07001394721717061,,
q15_H1__page_wmax_k0.25,raw,cell=pb_math_q8,0.14395001423334355,0.03913509075961968,31.991453495260462,594,3772,0.08593041219505691,,
q15_H1__page_wmax_k0.25,raw,cell=pb_olympiadbench_q4,0.22445963002917402,0.06191290875525929,20.51669685720117,661,5161,0.06118378557737803,,
q15_H1__page_wmax_k0.25,raw,cell=pb_olympiadbench_q8,0.2270725234864251,0.060445230677848204,20.280613943427635,661,5161,0.08406516953818127,,
q15_H1__page_wmax_k0.25,raw,cell=pb_omnimath_q4,0.15850351620018144,0.04605519979709443,29.05405694705226,759,4033,0.062017547700143574,,
q15_H1__page_wmax_k0.25,raw,cell=pb_omnimath_q8,0.18223660558947813,0.05322962485480396,25.270280748984618,759,4033,0.0789509258635157,,
q15_H1__page_wmax_k0.25,raw,steps_2_to_5,0.18726241792008813,0.050577293627029236,24.592068377293355,1312,5760,0.056478814524207346,"[0.1684511039596885, 0.2597902671872575]","[17.72649235804001, 27.33832000940843]"
q15_H1__page_wmax_k0.25,raw,steps_6_to_10,0.17263429198455588,0.044907439616279674,26.675871479810496,2308,14512,0.08498863564520776,"[0.15285545017168564, 0.22078104835916107]","[20.858539354775218, 30.127615213036975]"
q15_H1__page_wmax_k0.25,raw,steps_11_plus,0.19011235601641702,0.053638867936407646,24.223413367148087,822,8382,0.06775256643217357,"[0.1793296150796345, 0.283357946356043]","[16.25213001862187, 25.67992009542364]"
q15_H1__page_wmax_k0.25,answer_z,macro8_all,0.1005219456868048,0.02596391816844161,45.81258504820802,4442,28654,0.015102433307212301,"[0.08965000821568145, 0.1287037093620958]","[35.781176850403575, 51.36831861642331]"
q15_H1__page_wmax_k0.25,answer_z,cell=pb_gsm8k_q4,0.24639860332679658,0.07016546903183951,18.689920006893423,207,1361,0.06503842692593592,,
q15_H1__page_wmax_k0.25,answer_z,cell=pb_gsm8k_q8,0.2059993578409817,0.05475021281948647,22.355264765160037,207,1361,0.11004826735882464,,
q15_H1__page_wmax_k0.25,answer_z,cell=pb_math_q4,0.08224545501872539,0.020999430853362283,55.99300514465633,594,3772,0.0337675670810324,,
q15_H1__page_wmax_k0.25,answer_z,cell=pb_math_q8,0.07762396653291537,0.02010842625009484,59.326653760154514,594,3772,0.026313076874099065,,
q15_H1__page_wmax_k0.25,answer_z,cell=pb_olympiadbench_q4,0.18464315243557858,0.05149200080263714,24.940920501207437,661,5161,0.02525420515708158,,
q15_H1__page_wmax_k0.25,answer_z,cell=pb_olympiadbench_q8,0.18984045949856734,0.05014805908108397,24.25810703446409,661,5161,0.024690761650171155,,
q15_H1__page_wmax_k0.25,answer_z,cell=pb_omnimath_q4,0.12295335616990719,0.03238692329225616,37.45461148392147,759,4033,0.03266829536441604,,
q15_H1__page_wmax_k0.25,answer_z,cell=pb_omnimath_q8,0.13133471483146947,0.03403152442226825,35.06437876609783,759,4033,0.04597526450109972,,
q15_H1__page_wmax_k0.25,answer_z,steps_2_to_5,0.12029899547857156,0.030874503277207258,38.281036077382666,1312,5760,0.034595220969135046,"[0.11030693237458104, 0.18475209901564071]","[24.926213074300325, 41.74869237003004]"
q15_H1__page_wmax_k0.25,answer_z,steps_6_to_10,0.09866820140883333,0.025726312302337545,46.673296160598824,2308,14512,0.019011610580658166,"[0.08831811813209885, 0.13971320081712904]","[32.96159675001513, 52.14298360728275]"
q15_H1__page_wmax_k0.25,answer_z,steps_11_plus,0.13405290174720536,0.03703381234291268,34.35337934476377,822,8382,0.02356166106357907,"[0.13287603228940337, 0.22046726243721013]","[20.888226828233336, 34.657643719809855]"
q15_H1__page_wmax_k1.0,raw,macro8_all,0.10461940502940544,0.030118308703977508,44.01831748798145,4442,28654,0.0039197318670193175,"[0.09526817174621802, 0.1285884274930945]","[35.81325532762581, 48.33902132871474]"
q15_H1__page_wmax_k1.0,raw,cell=pb_gsm8k_q4,0.1796464199927656,0.04983170808320068,25.634633777692553,207,1361,0.059187591985425184,,
q15_H1__page_wmax_k1.0,raw,cell=pb_gsm8k_q8,0.19734776104050372,0.05354358484040803,23.33530495460207,207,1361,0.08526829884403592,,
q15_H1__page_wmax_k1.0,raw,cell=pb_math_q4,0.11428805268619233,0.03190559813523613,40.29441466320883,594,3772,0.01568594221684832,,
q15_H1__page_wmax_k1.0,raw,cell=pb_math_q8,0.10248924627255053,0.02704622241551168,44.933203760143996,594,3772,0.012677427127538627,,
q15_H1__page_wmax_k1.0,raw,cell=pb_olympiadbench_q4,0.14637148214901058,0.04195919444718448,31.462209156971504,661,5161,0.019181755071897556,,
q15_H1__page_wmax_k1.0,raw,cell=pb_olympiadbench_q8,0.15496840097040804,0.0435250292250136,29.716833607049164,661,5161,0.025357188780104508,,
q15_H1__page_wmax_k1.0,raw,cell=pb_omnimath_q4,0.11304884818501257,0.033823379811945734,40.73610885845913,759,4033,0.013127693935674985,,
q15_H1__page_wmax_k1.0,raw,cell=pb_omnimath_q8,0.12535749887716163,0.03761946802689348,36.736296011303786,759,4033,0.013693539941889859,,
q15_H1__page_wmax_k1.0,raw,steps_2_to_5,0.12453221388494312,0.03460025187329427,36.97975039810074,1312,5760,0.014686080066271298,"[0.11455366909149062, 0.18378732475722798]","[25.057060883122627, 40.2009837180342]"
q15_H1__page_wmax_k1.0,raw,steps_6_to_10,0.09938227470875576,0.026745742703373133,46.33794305356515,2308,14512,0.007286767928719004,"[0.09094533794320586, 0.1369249216915593]","[33.63281226745428, 50.63668232080196]"
q15_H1__page_wmax_k1.0,raw,steps_11_plus,0.13693188175324203,0.04059883970059159,33.63110275725879,822,8382,0.01383739262610789,"[0.12839467050264478, 0.21769157325943592]","[21.154563390011603, 35.86730016097694]"
q15_H1__page_wmax_k1.0,answer_z,macro8_all,0.11652397050364863,0.030255909452590667,39.5212261141058,4442,28654,0.004859491612843539,"[0.10421257071390434, 0.14321751970257005]","[32.15507568872841, 44.190160116390416]"
q15_H1__page_wmax_k1.0,answer_z,cell=pb_gsm8k_q4,0.23180333756336233,0.06619175772136081,19.866712163837118,207,1361,0.06658393236024393,,
q15_H1__page_wmax_k1.0,answer_z,cell=pb_gsm8k_q8,0.1791973320129247,0.047104393594476913,25.698876954573976,207,1361,0.08858174370403661,,
q15_H1__page_wmax_k1.0,answer_z,cell=pb_math_q4,0.1159091447285427,0.03131822917584247,39.730861587956014,594,3772,0.02076887533381599,,
q15_H1__page_wmax_k1.0,answer_z,cell=pb_math_q8,0.11086863213029882,0.030350384918231613,41.53717870872481,594,3772,0.019686490524387243,,
q15_H1__page_wmax_k1.0,answer_z,cell=pb_olympiadbench_q4,0.17687893996745457,0.04782443172022356,26.03571791438503,661,5161,0.017605957950564563,,
q15_H1__page_wmax_k1.0,answer_z,cell=pb_olympiadbench_q8,0.19389116541358745,0.051365347408428616,23.751315209049604,661,5161,0.01400363758196219,,
q15_H1__page_wmax_k1.0,answer_z,cell=pb_omnimath_q4,0.14680215588637938,0.04005420979033417,31.369908419821574,759,4033,0.015569703703311844,,
q15_H1__page_wmax_k1.0,answer_z,cell=pb_omnimath_q8,0.14463031881597413,0.03862679313446213,31.84097375770605,759,4033,0.017206721587568703,,
q15_H1__page_wmax_k1.0,answer_z,steps_2_to_5,0.1315623094881196,0.034564763490723543,35.0037195600002,1312,5760,0.019107157356092953,"[0.11721754115213252, 0.19402338128233895]","[23.735130042325878, 39.28738088790997]"
q15_H1__page_wmax_k1.0,answer_z,steps_6_to_10,0.1143819882452824,0.029883565067733757,40.26132310371016,2308,14512,0.006999930815081153,"[0.1034999286691, 0.1543699355104776]","[29.832040615677553, 44.49442859725342]"
q15_H1__page_wmax_k1.0,answer_z,steps_11_plus,0.1742246484285032,0.04808080245372021,26.432368941630678,822,8382,0.010419686734970289,"[0.16193147245900644, 0.25958780765069395]","[17.74031772780674, 28.43900642695575]"
q15_VE1__page_wmax_k0.25,raw,macro8_all,0.161530485189409,0.044697527559151295,28.50960411954509,4442,28654,0.07142968948597127,"[0.14643827562581968, 0.1925560825207842]","[23.915994372657725, 31.447858603274334]"
q15_VE1__page_wmax_k0.25,raw,cell=pb_gsm8k_q4,0.23559969950839937,0.06683344996240612,19.546587689191483,207,1361,0.10727304440664577,,
q15_VE1__page_wmax_k0.25,raw,cell=pb_gsm8k_q8,0.19532120573676875,0.05384784848476013,23.577420427121496,207,1361,0.11476676930495767,,
q15_VE1__page_wmax_k0.25,raw,cell=pb_math_q4,0.12643902630858453,0.03438404971596756,36.42206303257039,594,3772,0.0759780773443649,,
q15_VE1__page_wmax_k0.25,raw,cell=pb_math_q8,0.14032214061699932,0.038457026693789524,32.818557112506014,594,3772,0.09002506478001188,,
q15_VE1__page_wmax_k0.25,raw,cell=pb_olympiadbench_q4,0.2413419094214901,0.06513702716846426,19.081518817129357,661,5161,0.0763828861139081,,
q15_VE1__page_wmax_k0.25,raw,cell=pb_olympiadbench_q8,0.2402331202020477,0.06501318088265766,19.169589031333068,661,5161,0.0883308855945953,,
q15_VE1__page_wmax_k0.25,raw,cell=pb_omnimath_q4,0.19029133138987686,0.05568179093318683,24.200630435197418,759,4033,0.06694335045147265,,
q15_VE1__page_wmax_k0.25,raw,cell=pb_omnimath_q8,0.19400537167096824,0.05457213135810704,23.737333385791135,759,4033,0.08202850243329735,,
q15_VE1__page_wmax_k0.25,raw,steps_2_to_5,0.18623755369095657,0.04905812123492222,24.727398393719948,1312,5760,0.048558891932579215,"[0.16703403116577636, 0.2580451084229832]","[17.846376604974715, 27.570251126955057]"
q15_VE1__page_wmax_k0.25,raw,steps_6_to_10,0.19833849120822228,0.053849858430618756,23.218741646841675,2308,14512,0.09290047837706858,"[0.17644007965343658, 0.24855810888294497]","[18.52753952258638, 26.1004766889335]"
q15_VE1__page_wmax_k0.25,raw,steps_11_plus,0.16632791575838826,0.044853383629468536,27.687295695315917,822,8382,0.06117056115157108,"[0.15213452226910842, 0.25880954796399397]","[17.793664191356537, 30.270382535806547]"
q15_VE1__page_wmax_k0.25,answer_z,macro8_all,0.11748121848731746,0.030498143522059887,39.19920345808498,4442,28654,0.018830217037549953,"[0.10529421899505138, 0.1459278357580687]","[31.5578598289015, 43.73621106591356]"
q15_VE1__page_wmax_k0.25,answer_z,cell=pb_gsm8k_q4,0.25737759276932426,0.07437855241142753,17.89266165883949,207,1361,0.08506281712534984,,
q15_VE1__page_wmax_k0.25,answer_z,cell=pb_gsm8k_q8,0.2163284977098397,0.06009465764906351,21.28785728528926,207,1361,0.07425091894224958,,
q15_VE1__page_wmax_k0.25,answer_z,cell=pb_math_q4,0.09133510163510752,0.024369540101120375,50.42059518788502,594,3772,0.026365726226099902,,
q15_VE1__page_wmax_k0.25,answer_z,cell=pb_math_q8,0.10148799080677581,0.026678773680575668,45.37650365702805,594,3772,0.03116257052535988,,
q15_VE1__page_wmax_k0.25,answer_z,cell=pb_olympiadbench_q4,0.19826725624811647,0.051374829575288,23.227083852035907,661,5161,0.025378866800906393,,
q15_VE1__page_wmax_k0.25,answer_z,cell=pb_olympiadbench_q8,0.1992916613075683,0.05147111881389193,23.107691289104658,661,5161,0.028712370028004683,,
q15_VE1__page_wmax_k0.25,answer_z,cell=pb_omnimath_q4,0.13815423144283562,0.0362013898481017,33.333544241774334,759,4033,0.04570419096936678,,
q15_VE1__page_wmax_k0.25,answer_z,cell=pb_omnimath_q8,0.1240884802517637,0.03184547510873467,37.11198796733299,759,4033,0.05569422065311603,,
q15_VE1__page_wmax_k0.25,answer_z,steps_2_to_5,0.11968661311168317,0.030893527284165376,38.47690285705444,1312,5760,0.03475469578562551,"[0.10881725938427508, 0.1850424990026272]","[24.88709464479675, 42.32021842900386]"
q15_VE1__page_wmax_k0.25,answer_z,steps_6_to_10,0.13058677020750253,0.03482895914726774,35.26521238461194,2308,14512,0.025540666815401774,"[0.11611113888175068, 0.17284984423386462]","[26.642605357267946, 39.66174331196653]"
q15_VE1__page_wmax_k0.25,answer_z,steps_11_plus,0.12360111451157277,0.032020118015876245,37.258322501266036,822,8382,0.024879261152361762,"[0.11694248086660253, 0.21521821863952734]","[21.397678203541727, 39.37978869493333]"
q15_VE1__page_wmax_k1.0,raw,macro8_all,0.1074247527645894,0.031478057022943984,42.86879948497402,4442,28654,0.00989147615468485,"[0.09731828030216187, 0.13062996440485358]","[35.253551564291676, 47.32071067932538]"
q15_VE1__page_wmax_k1.0,raw,cell=pb_gsm8k_q4,0.27001072573334034,0.07113429962475304,17.05550834501333,207,1361,0.0861444167565879,,
q15_VE1__page_wmax_k1.0,raw,cell=pb_gsm8k_q8,0.2168087907061279,0.06331819034351814,21.240698640444613,207,1361,0.0972211746916133,,
q15_VE1__page_wmax_k1.0,raw,cell=pb_math_q4,0.11250805650530683,0.032509241788945695,40.931914824880764,594,3772,0.02108972660928486,,
q15_VE1__page_wmax_k1.0,raw,cell=pb_math_q8,0.12083229293861494,0.03500762871950813,38.11208141459009,594,3772,0.01735251128627528,,
q15_VE1__page_wmax_k1.0,raw,cell=pb_olympiadbench_q4,0.16775913164032008,0.048128708115771045,27.451085022672242,661,5161,0.03226606292621027,,
q15_VE1__page_wmax_k1.0,raw,cell=pb_olympiadbench_q8,0.178890297965196,0.05125216385023888,25.74298460212778,661,5161,0.0336739889962929,,
q15_VE1__page_wmax_k1.0,raw,cell=pb_omnimath_q4,0.12971166600508954,0.0391609666787617,35.50313034918075,759,4033,0.021329060315051787,,
q15_VE1__page_wmax_k1.0,raw,cell=pb_omnimath_q8,0.12481346929191167,0.03659014241999539,36.89642001070891,759,4033,0.019442995328992935,,
q15_VE1__page_wmax_k1.0,raw,steps_2_to_5,0.11288705030744076,0.03236162602658865,40.79449479321323,1312,5760,0.031944896642076094,"[0.1058154600494444, 0.16979765865443117]","[27.12151759030107, 43.52076892957072]"
q15_VE1__page_wmax_k1.0,raw,steps_6_to_10,0.11284237581997864,0.030810140956885463,40.81064540270651,2308,14512,0.012915943349022048,"[0.10149581162031121, 0.15127459119013542]","[30.44245665949216, 45.37300714649895]"
q15_VE1__page_wmax_k1.0,raw,steps_11_plus,0.12758148011255607,0.03747604666931331,36.09591440642699,822,8382,0.026068919843657303,"[0.12061544001177302, 0.20267230487620713]","[22.72224707170002, 38.180602628805985]"
q15_VE1__page_wmax_k1.0,answer_z,macro8_all,0.12928307737732905,0.03323265105518869,35.620827407653046,4442,28654,0.0078775906417945,"[0.11710635920252746, 0.1573139106539393]","[29.27376331085298, 39.32468072057269]"
q15_VE1__page_wmax_k1.0,answer_z,cell=pb_gsm8k_q4,0.24588131003478136,0.06607930886488964,18.729240483291157,207,1361,0.09359888695660547,,
q15_VE1__page_wmax_k1.0,answer_z,cell=pb_gsm8k_q8,0.23124337058280894,0.05681128490461018,19.91482036601333,207,1361,0.07061212197921769,,
q15_VE1__page_wmax_k1.0,answer_z,cell=pb_math_q4,0.10719480952733498,0.02761164705636635,42.960757207313854,594,3772,0.018815255005871875,,
q15_VE1__page_wmax_k1.0,answer_z,cell=pb_math_q8,0.13268240047458782,0.035627314843282645,34.70822181024757,594,3772,0.02278951823331514,,
q15_VE1__page_wmax_k1.0,answer_z,cell=pb_olympiadbench_q4,0.1899276910231251,0.04890099346523038,24.24696557505866,661,5161,0.024518111888720974,,
q15_VE1__page_wmax_k1.0,answer_z,cell=pb_olympiadbench_q8,0.22171829225529766,0.06050414110966776,20.77036648237154,661,5161,0.02116627403469663,,
q15_VE1__page_wmax_k1.0,answer_z,cell=pb_omnimath_q4,0.14615852234431373,0.03810633932165582,31.508051067589733,759,4033,0.024152129950160302,,
q15_VE1__page_wmax_k1.0,answer_z,cell=pb_omnimath_q8,0.15706399902327123,0.04076692748573788,29.32034211930241,759,4033,0.014277496656593917,,
q15_VE1__page_wmax_k1.0,answer_z,steps_2_to_5,0.11208871590175792,0.029272522566280598,41.08504722299051,1312,5760,0.03502652292044555,"[0.1000719197002325, 0.17284180978562186]","[26.643843822857153, 46.01860541681397]"
q15_VE1__page_wmax_k1.0,answer_z,steps_6_to_10,0.1389102084528564,0.03614181276363633,33.15213645763841,2308,14512,0.008826453003343847,"[0.12294584002070513, 0.1832216016720066]","[25.134428167656882, 37.456901227504254]"
q15_VE1__page_wmax_k1.0,answer_z,steps_11_plus,0.170908314222522,0.04540183022991497,26.945267156471843,822,8382,0.010446392216616026,"[0.15570204354038797, 0.256129936926118]","[17.979820091536105, 29.576812746157337]"
chosen_surprisal__page_wmax_k0.25,raw,macro8_all,0.22102847785681395,0.06416818682768712,20.83518934139971,4442,28654,0.14990880261038664,"[0.2028471407759238, 0.253519569499534]","[18.1649495345824, 22.702662548619397]"
chosen_surprisal__page_wmax_k0.25,raw,cell=pb_gsm8k_q4,0.28209596772334844,0.07842727117565519,16.32483520822383,207,1361,0.2593012291639014,,
chosen_surprisal__page_wmax_k0.25,raw,cell=pb_gsm8k_q8,0.25128935981223927,0.06682151011206368,18.326164663036373,207,1361,0.2391119387178838,,
chosen_surprisal__page_wmax_k0.25,raw,cell=pb_math_q4,0.2667187834812135,0.0776667206006984,17.26601376131599,594,3772,0.11804173350400045,,
chosen_surprisal__page_wmax_k0.25,raw,cell=pb_math_q8,0.26036595489626707,0.0777667595404974,17.687297818268316,594,3772,0.1401736842455329,,
chosen_surprisal__page_wmax_k0.25,raw,cell=pb_olympiadbench_q4,0.27522659661110155,0.08313665994890443,16.732286205955784,661,5161,0.14776623886712117,,
chosen_surprisal__page_wmax_k0.25,raw,cell=pb_olympiadbench_q8,0.25835186509400665,0.07519772608258837,17.825186531215504,661,5161,0.1555346846909248,,
chosen_surprisal__page_wmax_k0.25,raw,cell=pb_omnimath_q4,0.22535678684853996,0.06264912693192441,20.4350188445098,759,4033,0.19021094921707066,,
chosen_surprisal__page_wmax_k0.25,raw,cell=pb_omnimath_q8,0.22257024941954417,0.06429854210387523,20.690861415657405,759,4033,0.20959271710630778,,
chosen_surprisal__page_wmax_k0.25,raw,steps_2_to_5,0.18611830396479506,0.04917108849904902,24.743241733275067,1312,5760,0.2671822909436023,"[0.16830191979160256, 0.2643169844408899]","[17.422906801579227, 27.36255291496602]"
chosen_surprisal__page_wmax_k0.25,raw,steps_6_to_10,0.2365610184714185,0.06891754657278683,19.46715572897524,2308,14512,0.18802007859419836,"[0.2148169150126284, 0.2843817980276831]","[16.193617938725467, 21.43765161936791]"
chosen_surprisal__page_wmax_k0.25,raw,steps_11_plus,0.30287593467079593,0.09074656506602193,15.204807179525757,822,8382,0.10211590783875205,"[0.27184794951494173, 0.3966286485122598]","[11.610785562923716, 16.94024249292701]"
chosen_surprisal__page_wmax_k0.25,answer_z,macro8_all,0.10901698938340644,0.02809115751562406,42.24268356734724,4442,28654,0.21285453963630452,"[0.09666645229156354, 0.1363214904779538]","[33.781688931378355, 47.63979722870209]"
chosen_surprisal__page_wmax_k0.25,answer_z,cell=pb_gsm8k_q4,0.14753662743016976,0.040969756622287176,31.213741741302545,207,1361,0.31785744133449895,,
chosen_surprisal__page_wmax_k0.25,answer_z,cell=pb_gsm8k_q8,0.16608925345665915,0.04391002037288765,27.727081013039818,207,1361,0.328252501623591,,
chosen_surprisal__page_wmax_k0.25,answer_z,cell=pb_math_q4,0.1189245259546859,0.0296486409501516,38.723468931402856,594,3772,0.19157297727748426,,
chosen_surprisal__page_wmax_k0.25,answer_z,cell=pb_math_q8,0.12399673096201305,0.031184637307278284,37.13944835689988,594,3772,0.2285424927328033,,
chosen_surprisal__page_wmax_k0.25,answer_z,cell=pb_olympiadbench_q4,0.16328491744740373,0.04267544970036278,28.203279629127284,661,5161,0.18982125222752932,,
chosen_surprisal__page_wmax_k0.25,answer_z,cell=pb_olympiadbench_q8,0.16051710799395613,0.042944975794522076,28.689591056932624,661,5161,0.21545154620189821,,
chosen_surprisal__page_wmax_k0.25,answer_z,cell=pb_omnimath_q4,0.1363089675606193,0.03592090205141676,33.78479250780094,759,4033,0.23747854755601122,,
chosen_surprisal__page_wmax_k0.25,answer_z,cell=pb_omnimath_q8,0.14281925526004907,0.03771156263580546,32.244743032743564,759,4033,0.2663632630287436,,
chosen_surprisal__page_wmax_k0.25,answer_z,steps_2_to_5,0.09843250682093747,0.024718423495973675,46.78505439636463,1312,5760,0.3877820836483147,"[0.09092450747213882, 0.16474231839714992]","[27.953777941173872, 50.64828299893968]"
chosen_surprisal__page_wmax_k0.25,answer_z,steps_6_to_10,0.13708118344314663,0.03579698190483925,33.594473510640874,2308,14512,0.2586421841422804,"[0.12401277556976947, 0.1807872879329929]","[25.472865037363437, 37.13464330452976]"
chosen_surprisal__page_wmax_k0.25,answer_z,steps_11_plus,0.17959120544680116,0.04788746250227997,25.64251503591719,822,8382,0.12731195804063816,"[0.1638558607129754, 0.2714084069441314]","[16.9676770069103, 28.10500744953469]"
chosen_surprisal__page_wmax_k1.0,raw,macro8_all,0.26590413499961457,0.07646809575729908,17.318911516719236,4442,28654,0.24796531577553477,"[0.24300347275959758, 0.30079674738937934]","[15.309906858888771, 18.951046804767145]"
chosen_surprisal__page_wmax_k1.0,raw,cell=pb_gsm8k_q4,0.28994081953003065,0.08053248304894148,15.883138474439992,207,1361,0.29146191834940066,,
chosen_surprisal__page_wmax_k1.0,raw,cell=pb_gsm8k_q8,0.3285472589553282,0.08675071147642976,14.016766417808544,207,1361,0.3043984862694102,,
chosen_surprisal__page_wmax_k1.0,raw,cell=pb_math_q4,0.276600084221691,0.07993132629284957,16.6492002305289,594,3772,0.2405666788061036,,
chosen_surprisal__page_wmax_k1.0,raw,cell=pb_math_q8,0.29578653347861883,0.08812295021363392,15.569235461224878,594,3772,0.2649708830656051,,
chosen_surprisal__page_wmax_k1.0,raw,cell=pb_olympiadbench_q4,0.3534804753657263,0.1045049632378993,13.028075118500908,661,5161,0.20454332943280107,,
chosen_surprisal__page_wmax_k1.0,raw,cell=pb_olympiadbench_q8,0.3444004604179728,0.09946935520462426,13.371556415456428,661,5161,0.21246849422683659,,
chosen_surprisal__page_wmax_k1.0,raw,cell=pb_omnimath_q4,0.25009915997916804,0.07323545097685881,18.413377263528908,759,4033,0.28834890836570215,,
chosen_surprisal__page_wmax_k1.0,raw,cell=pb_omnimath_q8,0.24944880143745618,0.0755875611194372,18.461384297902658,759,4033,0.29861470909569227,,
chosen_surprisal__page_wmax_k1.0,raw,steps_2_to_5,0.21448232482869442,0.05700479441047527,21.471094131724886,1312,5760,0.36752207173030266,"[0.18892012389348242, 0.28792084478525054]","[15.994570276504007, 24.376281843773267]"
chosen_surprisal__page_wmax_k1.0,raw,steps_6_to_10,0.3112495994795002,0.08935588636527561,14.795746544539414,2308,14512,0.2666995446375976,"[0.28402558343376344, 0.36732250930564025]","[12.537130367244226, 16.213927387502565]"
chosen_surprisal__page_wmax_k1.0,raw,steps_11_plus,0.3788226234347531,0.1138790249086595,12.156534222358207,822,8382,0.16058292431617505,"[0.34055437835236446, 0.487198276670781]","[9.452353192743303, 13.522569312625953]"
chosen_surprisal__page_wmax_k1.0,answer_z,macro8_all,0.12715413198802988,0.03348101820069167,36.21722797354015,4442,28654,0.2503133350586031,"[0.11287102658451068, 0.15635431995220772]","[29.45342467925247, 40.80028617919969]"
chosen_surprisal__page_wmax_k1.0,answer_z,cell=pb_gsm8k_q4,0.2525611956082085,0.06549415958556397,18.23387862453728,207,1361,0.3246160234188086,,
chosen_surprisal__page_wmax_k1.0,answer_z,cell=pb_gsm8k_q8,0.2241569706376702,0.05842371962104277,20.544398743824654,207,1361,0.32495887689279457,,
chosen_surprisal__page_wmax_k1.0,answer_z,cell=pb_math_q4,0.17853623072372687,0.046007505088570724,25.794037251264093,594,3772,0.274147674613775,,
chosen_surprisal__page_wmax_k1.0,answer_z,cell=pb_math_q8,0.1323622661438258,0.03313661225002471,34.79216789008493,594,3772,0.25876928761006,,
chosen_surprisal__page_wmax_k1.0,answer_z,cell=pb_olympiadbench_q4,0.20472349485285243,0.057594234648304696,22.494585632675502,661,5161,0.21581574914303164,,
chosen_surprisal__page_wmax_k1.0,answer_z,cell=pb_olympiadbench_q8,0.1666500756745179,0.045493064487196685,27.63377194608894,661,5161,0.23288307791911117,,
chosen_surprisal__page_wmax_k1.0,answer_z,cell=pb_omnimath_q4,0.15866795971765957,0.04263996476381336,29.023945314370494,759,4033,0.27356381309022676,,
chosen_surprisal__page_wmax_k1.0,answer_z,cell=pb_omnimath_q8,0.1390773723662403,0.03709639917337184,33.11228927924405,759,4033,0.2870308595486583,,
chosen_surprisal__page_wmax_k1.0,answer_z,steps_2_to_5,0.1146996763410229,0.02915745235013326,40.1498097718784,1312,5760,0.41725193414135664,"[0.1053553965975701, 0.18076194434919662]","[25.476436440027477, 43.710814393102524]"
chosen_surprisal__page_wmax_k1.0,answer_z,steps_6_to_10,0.1946912894089653,0.05241390230995425,23.653704282139444,2308,14512,0.2702000429582381,"[0.1744041132415265, 0.24444543895553184]","[18.83925593238759, 26.40516958227094]"
chosen_surprisal__page_wmax_k1.0,answer_z,steps_11_plus,0.2438049361879948,0.0650441665121654,18.88874875952924,822,8382,0.15091724966617798,"[0.22085430832955472, 0.3423703782530944]","[13.450842942328844, 20.851620332062264]"
logprob_margin__page_wmax_k0.25,raw,macro8_all,0.10013072995008687,0.02724489391628805,45.991577094101636,4442,28654,0.07416172614533233,"[0.08950757269806037, 0.12618973617887122]","[36.49401548363936, 51.45006223688922]"
logprob_margin__page_wmax_k0.25,raw,cell=pb_gsm8k_q4,0.2022637281446951,0.05516086657360365,22.768146460217785,207,1361,0.13942190941317043,,
logprob_margin__page_wmax_k0.25,raw,cell=pb_gsm8k_q8,0.17585840738994396,0.04892218706411877,26.186807070171543,207,1361,0.1375364938472261,,
logprob_margin__page_wmax_k0.25,raw,cell=pb_math_q4,0.10275441942169422,0.028591235912921578,44.817246906811064,594,3772,0.08838577212633891,,
logprob_margin__page_wmax_k0.25,raw,cell=pb_math_q8,0.10672781972096308,0.029202429303991195,43.14873289858428,594,3772,0.10511399807404712,,
logprob_margin__page_wmax_k0.25,raw,cell=pb_olympiadbench_q4,0.18382446716363954,0.04835192244468731,25.051998012259133,661,5161,0.09664020735064445,,
logprob_margin__page_wmax_k0.25,raw,cell=pb_olympiadbench_q8,0.19028486748286716,0.05070770940467805,24.201452521718426,661,5161,0.10706320095945451,,
logprob_margin__page_wmax_k0.25,raw,cell=pb_omnimath_q4,0.10961053544465534,0.030735481369532792,42.01393750433177,759,4033,0.05701665195601429,,
logprob_margin__page_wmax_k0.25,raw,cell=pb_omnimath_q8,0.11726768023521826,0.03267993171388217,39.270583137237246,759,4033,0.06712446737019878,,
logprob_margin__page_wmax_k0.25,raw,steps_2_to_5,0.12177685039232339,0.033416465949192384,37.816466521771645,1312,5760,0.050746660756699605,"[0.11195516806583707, 0.18706911527445616]","[24.617479904321314, 41.13405629724879]"
logprob_margin__page_wmax_k0.25,raw,steps_6_to_10,0.1282764666869684,0.03355061040016061,35.90035105368186,2308,14512,0.083607316547264,"[0.11617729936904216, 0.17543544655061027]","[26.24994136894436, 39.63915679740129]"
logprob_margin__page_wmax_k0.25,raw,steps_11_plus,0.14083231445829503,0.037861715348720404,32.69966984283164,822,8382,0.072098327356526,"[0.1332285994490073, 0.23404719630499152]","[19.67624589694723, 34.56592807425482]"
logprob_margin__page_wmax_k0.25,answer_z,macro8_all,0.10593039203058274,0.027479183374713213,43.473549920013056,4442,28654,0.029037515425019936,"[0.09509284042165624, 0.13481496871824955]","[34.15919040572163, 48.428148381813614]"
logprob_margin__page_wmax_k0.25,answer_z,cell=pb_gsm8k_q4,0.21008953012051654,0.059834508152289294,21.92003658319558,207,1361,0.08969776038665525,,
logprob_margin__page_wmax_k0.25,answer_z,cell=pb_gsm8k_q8,0.19713583097676213,0.055913583593687886,23.360391478152632,207,1361,0.09612194073534734,,
logprob_margin__page_wmax_k0.25,answer_z,cell=pb_math_q4,0.08690120521306288,0.022665855418865195,52.993168215529515,594,3772,0.029371963931429046,,
logprob_margin__page_wmax_k0.25,answer_z,cell=pb_math_q8,0.08193987658103555,0.021651889252768602,56.20181989697954,594,3772,0.03900835337701253,,
logprob_margin__page_wmax_k0.25,answer_z,cell=pb_olympiadbench_q4,0.1992936122936461,0.05351198458583786,23.107465076214663,661,5161,0.03494776445703959,,
logprob_margin__page_wmax_k0.25,answer_z,cell=pb_olympiadbench_q8,0.18494012954990083,0.0489575029709608,24.900870336773057,661,5161,0.04217132155110134,,
logprob_margin__page_wmax_k0.25,answer_z,cell=pb_omnimath_q4,0.13872474191600948,0.03616285530787616,33.196458846369886,759,4033,0.06222521680275741,,
logprob_margin__page_wmax_k0.25,answer_z,cell=pb_omnimath_q8,0.11654432963425138,0.030212342034017556,39.51432215055336,759,4033,0.07451846162195606,,
logprob_margin__page_wmax_k0.25,answer_z,steps_2_to_5,0.10937850216104146,0.029398220277804612,42.10306499907772,1312,5760,0.03062034916838137,"[0.1025030770280965, 0.17301001839878055]","[26.61793940379438, 44.927140916226314]"
logprob_margin__page_wmax_k0.25,answer_z,steps_6_to_10,0.11050285672801033,0.02934909023582469,41.67467088496338,2308,14512,0.032271160500459944,"[0.10062614427147133, 0.15406904771418656]","[29.89030083791484, 45.765146019747775]"
logprob_margin__page_wmax_k0.25,answer_z,steps_11_plus,0.15415587368343342,0.04191457390868004,29.873465577088762,822,8382,0.04625948517943569,"[0.1466508835108507, 0.241683174468669]","[19.054575048976325, 31.402266905861193]"
logprob_margin__page_wmax_k1.0,raw,macro8_all,0.040191275989541135,0.009698624893887748,114.5813381786257,4442,28654,0.09769582413412156,"[0.036377040395835836, 0.058797312797787604]","[78.3228002583372, 126.59551562955782]"
logprob_margin__page_wmax_k1.0,raw,cell=pb_gsm8k_q4,0.08032290457423227,0.019956569511407757,57.33321286622693,207,1361,0.17894160262336198,,
logprob_margin__page_wmax_k1.0,raw,cell=pb_gsm8k_q8,0.09168836571494728,0.023267049070887672,50.226330789941706,207,1361,0.18650397399304522,,
logprob_margin__page_wmax_k1.0,raw,cell=pb_math_q4,0.07702327654065406,0.019656478881309836,59.789331132354675,594,3772,0.09202754692311615,,
logprob_margin__page_wmax_k1.0,raw,cell=pb_math_q8,0.07972677103147917,0.020075349572263895,57.76190514688968,594,3772,0.09940502678044263,,
logprob_margin__page_wmax_k1.0,raw,cell=pb_olympiadbench_q4,0.05804466162070791,0.014221662999930728,79.33839318558728,661,5161,0.09431077613679797,,
logprob_margin__page_wmax_k1.0,raw,cell=pb_olympiadbench_q8,0.08074663396156967,0.020428386156915567,57.03234871907929,661,5161,0.1061623074137055,,
logprob_margin__page_wmax_k1.0,raw,cell=pb_omnimath_q4,0.06726469282535917,0.016859382908930055,68.463409146082,759,4033,0.11325461535450734,,
logprob_margin__page_wmax_k1.0,raw,cell=pb_omnimath_q8,0.06578020146174311,0.016985330191191347,70.00845366316486,759,4033,0.11220920963984299,,
logprob_margin__page_wmax_k1.0,raw,steps_2_to_5,0.06224865391051279,0.01488311812097149,73.98023726920066,1312,5760,0.14200538726949372,"[0.06267541184402166, 0.11440387102288757]","[40.25362205678149, 73.4765045892133]"
logprob_margin__page_wmax_k1.0,raw,steps_6_to_10,0.042057875663779984,0.010321357968352669,109.49602454491156,2308,14512,0.10353868854096591,"[0.03996658654127178, 0.07044108235521224]","[65.37619854796759, 115.2255067175309]"
logprob_margin__page_wmax_k1.0,raw,steps_11_plus,0.05723503190287383,0.014601288604002458,80.46069047018145,822,8382,0.1282504924585611,"[0.06430967663225183, 0.11988733133263164]","[38.41248391133909, 71.60928847959035]"
logprob_margin__page_wmax_k1.0,answer_z,macro8_all,0.10994082560315066,0.028632817884698677,41.88771696704557,4442,28654,0.03288055029265505,"[0.10025788584716502, 0.1352117673426171]","[34.058945286314575, 45.93324651796766]"
logprob_margin__page_wmax_k1.0,answer_z,cell=pb_gsm8k_q4,0.18555082643447698,0.05071134239948627,24.81891498130461,207,1361,0.07965174302843528,,
logprob_margin__page_wmax_k1.0,answer_z,cell=pb_gsm8k_q8,0.17985989409410633,0.04750499672234422,25.604208259894637,207,1361,0.07951100249291868,,
logprob_margin__page_wmax_k1.0,answer_z,cell=pb_math_q4,0.08882089756374664,0.023893997450382922,51.8478231171101,594,3772,0.03936934975228171,,
logprob_margin__page_wmax_k1.0,answer_z,cell=pb_math_q8,0.08884652508324516,0.02212649349139304,51.83286776464534,594,3772,0.04115330761927626,,
logprob_margin__page_wmax_k1.0,answer_z,cell=pb_olympiadbench_q4,0.158809945917289,0.04185129213023482,28.997996059935346,661,5161,0.0346716082912342,,
logprob_margin__page_wmax_k1.0,answer_z,cell=pb_olympiadbench_q8,0.1726131953495259,0.04601771519745072,26.67913178168705,661,5161,0.04262853219537508,,
logprob_margin__page_wmax_k1.0,answer_z,cell=pb_omnimath_q4,0.13176055335746095,0.036759556413768706,34.95105377627289,759,4033,0.03584523243002627,,
logprob_margin__page_wmax_k1.0,answer_z,cell=pb_omnimath_q8,0.15675565325249458,0.04206285279328057,29.378016616538236,759,4033,0.0432903955141127,,
logprob_margin__page_wmax_k1.0,answer_z,steps_2_to_5,0.08242873458977987,0.021473472386486076,55.868505187013696,1312,5760,0.04194826530356707,"[0.07554694523156046, 0.13290289925508353]","[34.65063750903797, 60.9577286265208]"
logprob_margin__page_wmax_k1.0,answer_z,steps_6_to_10,0.11755368502467821,0.030941175551509527,39.17503891963337,2308,14512,0.03448526241370506,"[0.10510560460637448, 0.15503569365185807]","[29.70393512302578, 43.814696687533214]"
logprob_margin__page_wmax_k1.0,answer_z,steps_11_plus,0.17369243514109095,0.046881592778783295,26.5133607128445,822,8382,0.03146128619839577,"[0.15771643635453853, 0.2543755429954245]","[18.103824494129636, 29.199050475854676]"
true_tail50__page_wmax_k0.25,raw,macro8_all,0.18846631464375962,0.04860797948349617,24.434977649416115,4442,28654,0.14046480050900578,"[0.1681667512739093, 0.2226616282760622]","[20.6823700232645, 27.38454629766386]"
true_tail50__page_wmax_k0.25,raw,cell=pb_gsm8k_q4,0.2185748213106684,0.054697915145306565,21.069079038351788,207,1361,0.1262860046012823,,
true_tail50__page_wmax_k0.25,raw,cell=pb_gsm8k_q8,0.23724546448744815,0.060319758611853555,19.410993571309074,207,1361,0.16233450715461117,,
true_tail50__page_wmax_k0.25,raw,cell=pb_math_q4,0.14863342137498337,0.035473679689699354,30.983409675875176,594,3772,0.12480783690643157,,
true_tail50__page_wmax_k0.25,raw,cell=pb_math_q8,0.18490558523228967,0.04672374484334475,24.905522351868367,594,3772,0.178833006140597,,
true_tail50__page_wmax_k0.25,raw,cell=pb_olympiadbench_q4,0.24323467794012524,0.06493522644029144,18.933033007413947,661,5161,0.10082744252464346,,
true_tail50__page_wmax_k0.25,raw,cell=pb_olympiadbench_q8,0.29836696872917906,0.0797664592865469,15.434584483673527,661,5161,0.13874306650204393,,
true_tail50__page_wmax_k0.25,raw,cell=pb_omnimath_q4,0.21881840442644274,0.058987672905570776,21.04562547222188,759,4033,0.1443867500234003,,
true_tail50__page_wmax_k0.25,raw,cell=pb_omnimath_q8,0.23676554068005878,0.06427477201786705,19.45033965990455,759,4033,0.20245532791347184,,
true_tail50__page_wmax_k0.25,raw,steps_2_to_5,0.19564663776554475,0.04580905189883066,23.53820253996262,1312,5760,0.13679114102379636,"[0.16821350698529558, 0.27595018932754395]","[16.688411039725374, 27.376934638136127]"
true_tail50__page_wmax_k0.25,raw,steps_6_to_10,0.19911722421621939,0.05058532756533894,23.127934833941758,2308,14512,0.15169249279340022,"[0.1732641729625052, 0.25074679932500665]","[18.365818420753115, 26.578894570342953]"
true_tail50__page_wmax_k0.25,raw,steps_11_plus,0.21318102825035273,0.055350471946670685,21.602157676901403,822,8382,0.1524538499604893,"[0.1756640194129226, 0.3091577330377339]","[14.89585960130589, 26.215785118539284]"
true_tail50__page_wmax_k0.25,answer_z,macro8_all,0.0987706546480442,0.02451371802565082,46.62488268806145,4442,28654,0.03961955891687047,"[0.08756370455403563, 0.12620398706472663]","[36.48989459917953, 52.59222653315493]"
true_tail50__page_wmax_k0.25,answer_z,cell=pb_gsm8k_q4,0.23355181697439087,0.06581224994934595,19.717980556293647,207,1361,0.1047096234400965,,
true_tail50__page_wmax_k0.25,answer_z,cell=pb_gsm8k_q8,0.23877024899871807,0.06464316824184822,19.287035153248162,207,1361,0.11331839508618784,,
true_tail50__page_wmax_k0.25,answer_z,cell=pb_math_q4,0.0849738680690359,0.021715084492064492,54.19513422934545,594,3772,0.035053611864697576,,
true_tail50__page_wmax_k0.25,answer_z,cell=pb_math_q8,0.10179804888376043,0.02624313436034586,45.238295198040305,594,3772,0.06014072723329063,,
true_tail50__page_wmax_k0.25,answer_z,cell=pb_olympiadbench_q4,0.1443201140947201,0.03675885926550181,31.909413423589932,661,5161,0.03557850112410385,,
true_tail50__page_wmax_k0.25,answer_z,cell=pb_olympiadbench_q8,0.16726043135860744,0.04234467817591629,27.5329326164093,661,5161,0.054870083083964634,,
true_tail50__page_wmax_k0.25,answer_z,cell=pb_omnimath_q4,0.12159753897465064,0.030754294944910453,37.87223182985742,759,4033,0.06343286113870422,,
true_tail50__page_wmax_k0.25,answer_z,cell=pb_omnimath_q8,0.15467352079313465,0.04068145752857182,29.773487810801143,759,4033,0.09212778867954187,,
true_tail50__page_wmax_k0.25,answer_z,steps_2_to_5,0.11131605037928545,0.028411656333521343,41.37022621892321,1312,5760,0.05755607951447886,"[0.10285661150271219, 0.1737594829446007]","[26.50313011955927, 44.77271921277185]"
true_tail50__page_wmax_k0.25,answer_z,steps_6_to_10,0.10671122875751637,0.02701793209585144,43.15544146204688,2308,14512,0.04487476877102349,"[0.09369045078249, 0.146849368568187]","[31.35982286399658, 49.15303691599658]"
true_tail50__page_wmax_k0.25,answer_z,steps_11_plus,0.10890036380529405,0.027828454385857185,42.28792287803374,822,8382,0.05567597029931653,"[0.10106745561968848, 0.1955879582590794]","[23.545264376081878, 45.56531237233383]"
true_tail50__page_wmax_k1.0,raw,macro8_all,0.18167090413470754,0.047561859407400375,25.3489693791219,4442,28654,0.044761372515025696,"[0.16169859661379132, 0.21291009243467138]","[21.62964720613762, 28.479963848958448]"
true_tail50__page_wmax_k1.0,raw,cell=pb_gsm8k_q4,0.20672805204203828,0.05240051669864299,22.276464855633755,207,1361,0.05800860151194415,,
true_tail50__page_wmax_k1.0,raw,cell=pb_gsm8k_q8,0.1978636593564496,0.04815086995755557,23.274461823694057,207,1361,0.06720889353805977,,
true_tail50__page_wmax_k1.0,raw,cell=pb_math_q4,0.15011001447133496,0.03728450782311195,30.678633948619705,594,3772,0.05284590220466101,,
true_tail50__page_wmax_k1.0,raw,cell=pb_math_q8,0.15680090537226554,0.03945012215796134,29.369538237389794,594,3772,0.09272861784519812,,
true_tail50__page_wmax_k1.0,raw,cell=pb_olympiadbench_q4,0.2630007327842934,0.06995577764026364,17.51010401087033,661,5161,0.027149019963115487,,
true_tail50__page_wmax_k1.0,raw,cell=pb_olympiadbench_q8,0.2756519477576475,0.07319973745052762,16.70646706272123,661,5161,0.04180723600770428,,
true_tail50__page_wmax_k1.0,raw,cell=pb_omnimath_q4,0.2257906170967237,0.06044779639623912,20.395755347155717,759,4033,0.051889640732591585,,
true_tail50__page_wmax_k1.0,raw,cell=pb_omnimath_q8,0.2320524472733499,0.06328219194661619,19.84538512779983,759,4033,0.08308036520304275,,
true_tail50__page_wmax_k1.0,raw,steps_2_to_5,0.15230757343944296,0.0372832244245581,30.235989465219166,1312,5760,0.061988317543785254,"[0.12881804152219542, 0.22222841091560924]","[20.72268872829629, 35.74941934817895]"
true_tail50__page_wmax_k1.0,raw,steps_6_to_10,0.1751309554303101,0.04556562230289079,26.295580782237142,2308,14512,0.049423100016980484,"[0.15061154384088735, 0.22008283459076752]","[20.92471316334672, 30.576475537978656]"
true_tail50__page_wmax_k1.0,raw,steps_11_plus,0.21456853877342366,0.05751447804707695,21.462467015497452,822,8382,0.06586018449419148,"[0.17753137550629766, 0.30242470441233743]","[15.227493385293108, 25.940035516847164]"
true_tail50__page_wmax_k1.0,answer_z,macro8_all,0.11329164891223449,0.02796658728112471,40.64880536389452,4442,28654,0.022744812257779058,"[0.10116680017433961, 0.1410799852219335]","[32.64226444838139, 45.52056779548284]"
true_tail50__page_wmax_k1.0,answer_z,cell=pb_gsm8k_q4,0.20748694778822838,0.055102592668088084,22.19498737187247,207,1361,0.09952862288902575,,
true_tail50__page_wmax_k1.0,answer_z,cell=pb_gsm8k_q8,0.2045021627102092,0.05219193078701428,22.51893146242111,207,1361,0.08800892300804404,,
true_tail50__page_wmax_k1.0,answer_z,cell=pb_math_q4,0.09119606552800552,0.02315064140239239,50.49746564531212,594,3772,0.04092394354442987,,
true_tail50__page_wmax_k1.0,answer_z,cell=pb_math_q8,0.12592991865342776,0.032274740497577156,36.569309622616366,594,3772,0.057965500774945666,,
true_tail50__page_wmax_k1.0,answer_z,cell=pb_olympiadbench_q4,0.16950109353514758,0.044566509748107455,27.168970358490153,661,5161,0.019636915749337045,,
true_tail50__page_wmax_k1.0,answer_z,cell=pb_olympiadbench_q8,0.17135554516936635,0.04290486662693878,26.874941114023365,661,5161,0.028636993145862565,,
true_tail50__page_wmax_k1.0,answer_z,cell=pb_omnimath_q4,0.16464044066554434,0.04197033027247308,27.97107543791854,759,4033,0.03867640080032021,,
true_tail50__page_wmax_k1.0,answer_z,cell=pb_omnimath_q8,0.15539336574460927,0.04073675327604833,29.63556496714757,759,4033,0.06576597488757112,,
true_tail50__page_wmax_k1.0,answer_z,steps_2_to_5,0.11794175060424525,0.03036768895161717,39.04614067872188,1312,5760,0.03461613724994687,"[0.10658428847654007, 0.18161561529282466]","[25.356686310056702, 43.20683894232423]"
true_tail50__page_wmax_k1.0,answer_z,steps_6_to_10,0.11697547490410554,0.02954857042306566,39.36868125359893,2308,14512,0.025642815777435303,"[0.10169635879436005, 0.15760026056655999]","[29.220574695961055, 45.283530704380425]"
true_tail50__page_wmax_k1.0,answer_z,steps_11_plus,0.1371402728079713,0.03480714321510064,33.57999872463733,822,8382,0.046376464843380726,"[0.12782000722709516, 0.22921781035301358]","[20.090804370287653, 36.02855519954854]"
energy_level__page_wmax_k0.25,raw,macro8_all,0.11465762042444816,0.028731168204016038,40.16453654750838,4442,28654,0.400455963657046,"[0.10134137730150868, 0.14169153511945506]","[32.5013783082076, 45.44215115891793]"
energy_level__page_wmax_k0.25,raw,cell=pb_gsm8k_q4,0.23608447517467362,0.06624148597819339,19.50645074217959,207,1361,0.14973728270770797,,
energy_level__page_wmax_k0.25,raw,cell=pb_gsm8k_q8,0.20378656579504673,0.052477655225205824,22.598006733278126,207,1361,0.3933990541276563,,
energy_level__page_wmax_k0.25,raw,cell=pb_math_q4,0.12919366221437095,0.032833466741245654,35.645480645534576,594,3772,0.29390831840393294,,
energy_level__page_wmax_k0.25,raw,cell=pb_math_q8,0.10265218476847587,0.02614189840804963,44.86188186227794,594,3772,0.4825374741650442,,
energy_level__page_wmax_k0.25,raw,cell=pb_olympiadbench_q4,0.22314223301374608,0.05750064915646835,20.637824242371916,661,5161,0.3031691203798186,,
energy_level__page_wmax_k0.25,raw,cell=pb_olympiadbench_q8,0.14894642658845755,0.03862865540148024,30.91829922655536,661,5161,0.4575832738533223,,
energy_level__page_wmax_k0.25,raw,cell=pb_omnimath_q4,0.19540950298019383,0.05154232564953225,23.566766793602966,759,4033,0.35966171367021443,,
energy_level__page_wmax_k0.25,raw,cell=pb_omnimath_q8,0.13530001253439325,0.035342566265449446,34.036731406935075,759,4033,0.5664335432073025,,
energy_level__page_wmax_k0.25,raw,steps_2_to_5,0.1602465452135281,0.03963841809352625,28.738031012473403,1312,5760,0.38253680490276676,"[0.13722654184736177, 0.23434652661290808]","[19.651113470927942, 33.55888827330839]"
energy_level__page_wmax_k0.25,raw,steps_6_to_10,0.14746963619934106,0.03678636175747445,31.227921249924865,2308,14512,0.4403933784869823,"[0.12852226027050873, 0.19647019353056647]","[23.439536060067187, 35.83169309577428]"
energy_level__page_wmax_k0.25,raw,steps_11_plus,0.10212337491684292,0.025070593922086968,45.094183283092555,822,8382,0.3537417258400708,"[0.09442657210782965, 0.1868151923731614]","[24.65094046949518, 48.76985453553535]"
energy_level__page_wmax_k0.25,answer_z,macro8_all,0.07092731789064252,0.018659052112877644,64.92801818741343,4442,28654,0.20714728392846976,"[0.0640464844234105, 0.09384223772659055]","[49.07353338488432, 71.90355922650446]"
energy_level__page_wmax_k0.25,answer_z,cell=pb_gsm8k_q4,0.24364426876298528,0.06454221639721325,18.90120465122845,207,1361,0.08475433745310273,,
energy_level__page_wmax_k0.25,answer_z,cell=pb_gsm8k_q8,0.14504541938587923,0.03712936222809924,31.749849154053493,207,1361,0.16778390509315316,,
energy_level__page_wmax_k0.25,answer_z,cell=pb_math_q4,0.07906373533133325,0.020761210090633704,58.24630175502277,594,3772,0.1231130134025953,,
energy_level__page_wmax_k0.25,answer_z,cell=pb_math_q8,0.07302199323978499,0.019423783977039304,63.0655228879596,594,3772,0.2674309578833597,,
energy_level__page_wmax_k0.25,answer_z,cell=pb_olympiadbench_q4,0.15682194751676065,0.04167511934471799,29.365597474778873,661,5161,0.15238469268999047,,
energy_level__page_wmax_k0.25,answer_z,cell=pb_olympiadbench_q8,0.10809835573503575,0.02860384204505034,42.60166729340464,661,5161,0.2893850931018397,,
energy_level__page_wmax_k0.25,answer_z,cell=pb_omnimath_q4,0.12344658556967315,0.03190524985433558,37.30496201848319,759,4033,0.23723395801747743,,
energy_level__page_wmax_k0.25,answer_z,cell=pb_omnimath_q8,0.09288759039037209,0.024821733977444405,49.57788404924995,759,4033,0.39689143078316347,,
energy_level__page_wmax_k0.25,answer_z,steps_2_to_5,0.08653236165802533,0.022421671250567977,53.21905120523186,1312,5760,0.2068818877589992,"[0.08495420686681751, 0.14101800547633347]","[32.65661126345288, 54.20767676882212]"
energy_level__page_wmax_k0.25,answer_z,steps_6_to_10,0.08673611338932566,0.02367841237733746,53.09403437662951,2308,14512,0.24635556267833697,"[0.07920645854657854, 0.1221288221092262]","[37.7074805640019, 58.14134693675204]"
energy_level__page_wmax_k0.25,answer_z,steps_11_plus,0.09303301594320487,0.024515932141277046,49.50038585011016,822,8382,0.18143951175839174,"[0.09492522563572298, 0.1647797492041252]","[27.947428056121858, 48.51366067498753]"
energy_level__page_wmax_k1.0,raw,macro8_all,0.08550017797041176,0.022128172530503785,53.86152748806862,4442,28654,0.05492567044538599,"[0.07513309661485672, 0.10739509182466213]","[42.88063921493444, 61.29349638808141]"
energy_level__page_wmax_k1.0,raw,cell=pb_gsm8k_q4,0.2478823324998503,0.06473820579141977,18.578049268561216,207,1361,0.08263305577958453,,
energy_level__page_wmax_k1.0,raw,cell=pb_gsm8k_q8,0.23438429202260366,0.057917029299187225,19.647947165094052,207,1361,0.19986673720595158,,
energy_level__page_wmax_k1.0,raw,cell=pb_math_q4,0.11714646841047283,0.030524037208578627,39.31121653494415,594,3772,0.044069837041863055,,
energy_level__page_wmax_k1.0,raw,cell=pb_math_q8,0.09549736692264531,0.02455027853127392,48.22300692037266,594,3772,0.09932788680647311,,
energy_level__page_wmax_k1.0,raw,cell=pb_olympiadbench_q4,0.17926413102487623,0.04581193948521079,25.68930080802968,661,5161,0.03575391675102477,,
energy_level__page_wmax_k1.0,raw,cell=pb_olympiadbench_q8,0.10563151498475537,0.027025123456645622,43.59655531450728,661,5161,0.07102996386202406,,
energy_level__page_wmax_k1.0,raw,cell=pb_omnimath_q4,0.10798778473121609,0.029336926157438506,42.64528805225942,759,4033,0.044723346025178454,,
energy_level__page_wmax_k1.0,raw,cell=pb_omnimath_q8,0.11072119541569936,0.03088356755933591,41.592489754993345,759,4033,0.1529466769950092,,
energy_level__page_wmax_k1.0,raw,steps_2_to_5,0.10167254415951586,0.026791949532023115,45.29413741002643,1312,5760,0.08237804224989839,"[0.09144495641963396, 0.15784752635735919]","[29.174801102439886, 50.360023847081465]"
energy_level__page_wmax_k1.0,raw,steps_6_to_10,0.10224572616535135,0.02575149301119046,45.04022181367885,2308,14512,0.07117389245929495,"[0.09086708953361915, 0.14103754051036935]","[32.65208801375483, 50.68028710531401]"
energy_level__page_wmax_k1.0,raw,steps_11_plus,0.08417775024756705,0.021350291727373575,54.70768905612553,822,8382,0.042271347907350224,"[0.08034608003252881, 0.15357630495123223]","[29.986202542445934, 57.316675363921284]"
energy_level__page_wmax_k1.0,answer_z,macro8_all,0.11244710191394879,0.02868749517983486,40.95410293021373,4442,28654,0.07522729847124052,"[0.10096929123224913, 0.13777353293537287]","[33.4256521399382, 45.60961189076092]"
energy_level__page_wmax_k1.0,answer_z,cell=pb_gsm8k_q4,0.24016683887293205,0.06535853326101107,19.174879461292342,207,1361,0.0676961027403955,,
energy_level__page_wmax_k1.0,answer_z,cell=pb_gsm8k_q8,0.18640379828673456,0.050318626881038046,24.705345214608855,207,1361,0.12413830823244851,,
energy_level__page_wmax_k1.0,answer_z,cell=pb_math_q4,0.12010846927035755,0.030574823823620104,38.34176069317899,594,3772,0.04853768677006716,,
energy_level__page_wmax_k1.0,answer_z,cell=pb_math_q8,0.08241061865787358,0.02180238486396416,55.88078649313853,594,3772,0.1521292220392199,,
energy_level__page_wmax_k1.0,answer_z,cell=pb_olympiadbench_q4,0.22166843526139612,0.05679821200665793,20.775038090369417,661,5161,0.026628481931540233,,
energy_level__page_wmax_k1.0,answer_z,cell=pb_olympiadbench_q8,0.1531775609235168,0.04073543174622473,30.064261098187238,661,5161,0.11414335069464518,,
energy_level__page_wmax_k1.0,answer_z,cell=pb_omnimath_q4,0.17773435350394354,0.046281334505215266,25.9104112131362,759,4033,0.0698219080723578,,
energy_level__page_wmax_k1.0,answer_z,cell=pb_omnimath_q8,0.14380202799571667,0.03756303728920966,32.024375804528034,759,4033,0.2234584477707876,,
energy_level__page_wmax_k1.0,answer_z,steps_2_to_5,0.09273945219466376,0.023896086455060715,49.65707772698138,1312,5760,0.07747513804257614,"[0.08745155485621985, 0.14756532553501536]","[31.20767137734768, 52.65967190131162]"
energy_level__page_wmax_k1.0,answer_z,steps_6_to_10,0.1371204232888153,0.03582025578246415,33.58485975709301,2308,14512,0.08273944416734483,"[0.12257578940471592, 0.1761582872529225]","[26.142228434454143, 37.5699818728715]"
energy_level__page_wmax_k1.0,answer_z,steps_11_plus,0.1312064605304153,0.03412287749130698,35.098654192569704,822,8382,0.0690686885825699,"[0.12092924777859569, 0.20634366289362763]","[22.317962768559102, 38.08152511143959]"
energy_innovation__page_wmax_k0.25,raw,macro8_all,0.009747495726137088,0.0025131744073002846,472.44649450214337,4442,28654,0.037197119585495195,"[0.01084142580178486, 0.022138285189252968]","[208.01837841639477, 424.7753266207778]"
energy_innovation__page_wmax_k0.25,raw,cell=pb_gsm8k_q4,0.13626109051429802,0.03541867346090399,33.79666321916649,207,1361,0.09777699181584665,,
energy_innovation__page_wmax_k0.25,raw,cell=pb_gsm8k_q8,0.14824670193905531,0.03944858496412849,31.064233644005732,207,1361,0.06781693610847901,,
energy_innovation__page_wmax_k0.25,raw,cell=pb_math_q4,0.05193158220571041,0.013440554103672201,88.67764066471493,594,3772,0.06414180599652612,,
energy_innovation__page_wmax_k0.25,raw,cell=pb_math_q8,0.03858455060746205,0.009830621938198413,119.35269721911641,594,3772,0.07634231858308763,,
energy_innovation__page_wmax_k0.25,raw,cell=pb_olympiadbench_q4,0.040724042349884464,0.010502947711471975,113.08234448884853,661,5161,0.049886015285259815,,
energy_innovation__page_wmax_k0.25,raw,cell=pb_olympiadbench_q8,0.036317749433755736,0.009399858284407061,126.80219060346813,661,5161,0.06501392415455473,,
energy_innovation__page_wmax_k0.25,raw,cell=pb_omnimath_q4,0.027356834953438592,0.006986193558641112,168.33709724922872,759,4033,0.04608241275109792,,
energy_innovation__page_wmax_k0.25,raw,cell=pb_omnimath_q8,0.03669685015593562,0.009608337905258207,125.4922470571556,759,4033,0.08268649907088069,,
energy_innovation__page_wmax_k0.25,raw,steps_2_to_5,0.034798781838872916,0.009092368074367417,132.33710902040147,1312,5760,0.040737195241972994,"[0.0378979377305644, 0.07928680378518829]","[58.08242943510345, 121.51506023173543]"
energy_innovation__page_wmax_k0.25,raw,steps_6_to_10,0.020328438321780787,0.005124143352196627,226.5383160817577,2308,14512,0.028486732028480004,"[0.02302584442019273, 0.04506610844448648]","[102.18699472710965, 200.00005654296632]"
energy_innovation__page_wmax_k0.25,raw,steps_11_plus,0.021852921936519366,0.0054754646884969125,210.73475663188967,822,8382,0.06746621942373633,"[0.03420467188434153, 0.07601597270677182]","[60.58161228499078, 134.63570712094102]"
energy_innovation__page_wmax_k0.25,answer_z,macro8_all,0.009178147736167154,0.002304509201717135,501.7537653965937,4442,28654,0.04983510693532559,"[0.01107312671060571, 0.021672269649958872]","[212.4913661729394, 415.88706662024504]"
energy_innovation__page_wmax_k0.25,answer_z,cell=pb_gsm8k_q4,0.12183120102686258,0.031667384792959725,37.79959605727515,207,1361,0.06070737367549405,,
energy_innovation__page_wmax_k0.25,answer_z,cell=pb_gsm8k_q8,0.13390437026656188,0.035873904439998265,34.3914853325596,207,1361,0.08762620170162352,,
energy_innovation__page_wmax_k0.25,answer_z,cell=pb_math_q4,0.0526479931599932,0.013844822971594067,87.47095396387348,594,3772,0.06555153977100542,,
energy_innovation__page_wmax_k0.25,answer_z,cell=pb_math_q8,0.05745323544846212,0.015102788932214332,80.15510614922837,594,3772,0.10298282330678118,,
energy_innovation__page_wmax_k0.25,answer_z,cell=pb_olympiadbench_q4,0.04174455455138319,0.010787621321108212,110.31786625773208,661,5161,0.05100886036512136,,
energy_innovation__page_wmax_k0.25,answer_z,cell=pb_olympiadbench_q8,0.043780660970006435,0.010892984299612432,105.18731521991032,661,5161,0.0761819861849021,,
energy_innovation__page_wmax_k0.25,answer_z,cell=pb_omnimath_q4,0.03378084422575517,0.008774908598510312,136.32489925983026,759,4033,0.05739357515452583,,
energy_innovation__page_wmax_k0.25,answer_z,cell=pb_omnimath_q8,0.03949829578629901,0.010042547458375108,116.591617291638,759,4033,0.09964274811264859,,
energy_innovation__page_wmax_k0.25,answer_z,steps_2_to_5,0.022131620394416622,0.005701397440302654,208.08102181030932,1312,5760,0.05632388096802953,"[0.029922078070920944, 0.06103536276208985]","[75.45085303971429, 153.90542645711216]"
energy_innovation__page_wmax_k0.25,answer_z,steps_6_to_10,0.014537996351262822,0.003682406308660259,316.7678732831757,2308,14512,0.0470371749224692,"[0.018968613486705303, 0.03644916701463039]","[126.34500492534205, 242.77842917806078]"
energy_innovation__page_wmax_k0.25,answer_z,steps_11_plus,0.027887599390777975,0.007290556828210272,165.13325946266121,822,8382,0.07201282804251302,"[0.0403958534816128, 0.08345163700413491]","[55.18370101906943, 114.00106171996717]"
energy_innovation__page_wmax_k1.0,raw,macro8_all,0.008903369894698455,0.0022735784608003133,517.2390050569793,4442,28654,0.07342517708886202,"[0.010492575427179556, 0.0203836381630766]","[225.9248397732062, 438.89798247807107]"
energy_innovation__page_wmax_k1.0,raw,cell=pb_gsm8k_q4,0.15447036985399779,0.0420019415265969,29.812644265309935,207,1361,0.0910001978104812,,
energy_innovation__page_wmax_k1.0,raw,cell=pb_gsm8k_q8,0.16821455702005852,0.04558808566433944,27.376763744881806,207,1361,0.0853911324322087,,
energy_innovation__page_wmax_k1.0,raw,cell=pb_math_q4,0.04147566074287743,0.010278624891062897,111.03307586917546,594,3772,0.08911876081692678,,
energy_innovation__page_wmax_k1.0,raw,cell=pb_math_q8,0.048171291119931854,0.012494616205128378,95.59989111611353,594,3772,0.11963704531093929,,
energy_innovation__page_wmax_k1.0,raw,cell=pb_olympiadbench_q4,0.03127400958707954,0.008160642085530091,147.25231100174182,661,5161,0.09107699625047007,,
energy_innovation__page_wmax_k1.0,raw,cell=pb_olympiadbench_q8,0.045498859996594206,0.011481742252032643,101.21506750570914,661,5161,0.1005163485876941,,
energy_innovation__page_wmax_k1.0,raw,cell=pb_omnimath_q4,0.035844104484256845,0.00926857922648141,128.4777581208853,759,4033,0.07051676645980957,,
energy_innovation__page_wmax_k1.0,raw,cell=pb_omnimath_q8,0.04183785091666031,0.010884089565797382,110.0718628010183,759,4033,0.10317200097528134,,
energy_innovation__page_wmax_k1.0,raw,steps_2_to_5,0.03711432560568747,0.00942999688185369,124.08066456372272,1312,5760,0.07064317232357196,"[0.04219281498595708, 0.07962498878194202]","[57.83574046835518, 109.14583887140068]"
energy_innovation__page_wmax_k1.0,raw,steps_6_to_10,0.010484640964059362,0.0026376634556478564,439.2301273619481,2308,14512,0.06490952755022439,"[0.014885730775811729, 0.03188285983381312]","[144.44031087525323, 309.368095886241]"
energy_innovation__page_wmax_k1.0,raw,steps_11_plus,0.03906712484445468,0.00984823823011197,117.87840042807156,822,8382,0.08101455968158668,"[0.049020819351335086, 0.09521226816336972]","[48.36740343257365, 93.94315001107115]"
energy_innovation__page_wmax_k1.0,answer_z,macro8_all,0.020601928013358056,0.005424932312010479,223.53102986294058,4442,28654,0.10025247469081335,"[0.020007607188967796, 0.03524635172973563]","[130.656648418535, 230.17096159941528]"
energy_innovation__page_wmax_k1.0,answer_z,cell=pb_gsm8k_q4,0.09756643452321005,0.02513682035279353,47.20035336427682,207,1361,0.07800553147739482,,
energy_innovation__page_wmax_k1.0,answer_z,cell=pb_gsm8k_q8,0.14944951214028532,0.040267634731954605,30.81422026768016,207,1361,0.0896339346229594,,
energy_innovation__page_wmax_k1.0,answer_z,cell=pb_math_q4,0.048728033789666614,0.012421781432548629,94.50761354062013,594,3772,0.11168970563775293,,
energy_innovation__page_wmax_k1.0,answer_z,cell=pb_math_q8,0.06422295882322303,0.016078661525705272,71.70597976751675,594,3772,0.1397701180288112,,
energy_innovation__page_wmax_k1.0,answer_z,cell=pb_olympiadbench_q4,0.05009917642232465,0.012968222862086464,91.9210756513751,661,5161,0.10585659701213519,,
energy_innovation__page_wmax_k1.0,answer_z,cell=pb_olympiadbench_q8,0.06765180117670684,0.0182295346917138,68.07165671700838,661,5161,0.11744955856745695,,
energy_innovation__page_wmax_k1.0,answer_z,cell=pb_omnimath_q4,0.04742250649192761,0.012070952740183626,97.10937963120942,759,4033,0.10654006002736985,,
energy_innovation__page_wmax_k1.0,answer_z,cell=pb_omnimath_q8,0.0629440034237823,0.015881653037104673,73.16296923446258,759,4033,0.13860805973677792,,
energy_innovation__page_wmax_k1.0,answer_z,steps_2_to_5,0.02612270553350817,0.0065645910640076445,176.28993980278722,1312,5760,0.11840411688082246,"[0.033147267005688735, 0.06704835597817793]","[68.68431177472756, 138.93061485876805]"
energy_innovation__page_wmax_k1.0,answer_z,steps_6_to_10,0.028404105686282637,0.007292288945048541,162.13044117111892,2308,14512,0.10172195159334058,"[0.029158039124078425, 0.05394179010695184]","[85.37295808791842, 157.93826760405116]"
energy_innovation__page_wmax_k1.0,answer_z,steps_11_plus,0.05240794167226392,0.013657248473558014,87.8716095126725,822,8382,0.10668913934467389,"[0.05784457445951294, 0.11534923955576369]","[39.92371517769563, 79.61282849805355]"
top15_turnover__page_wmax_k0.25,raw,macro8_all,0.08723223760249163,0.024131668191095957,52.79206761809069,4442,28654,0.0068047062013866285,"[0.07749833689531424, 0.11014026410557455]","[41.81186801562254, 59.42282596604383]"
top15_turnover__page_wmax_k0.25,raw,cell=pb_gsm8k_q4,0.18050289205194042,0.0483130411129289,25.512999451903163,207,1361,0.07389204472309759,,
top15_turnover__page_wmax_k0.25,raw,cell=pb_gsm8k_q8,0.19154736500086494,0.054647472421728134,24.041939631836215,207,1361,0.07094356922365412,,
top15_turnover__page_wmax_k0.25,raw,cell=pb_math_q4,0.10687716277031825,0.027324203469921517,43.088439724814926,594,3772,0.027161050996054426,,
top15_turnover__page_wmax_k0.25,raw,cell=pb_math_q8,0.11823817561630229,0.032433803032609475,38.94825137468669,594,3772,0.03183783330531907,,
top15_turnover__page_wmax_k0.25,raw,cell=pb_olympiadbench_q4,0.08909702566118206,0.02441334699347043,51.68713716101614,661,5161,0.017247963937624115,,
top15_turnover__page_wmax_k0.25,raw,cell=pb_olympiadbench_q8,0.08512026946216528,0.023236670181380526,54.10192208137949,661,5161,0.02012389488087787,,
top15_turnover__page_wmax_k0.25,raw,cell=pb_omnimath_q4,0.1327211769799121,0.03752521119528216,34.69808127669862,759,4033,0.019007361240983567,,
top15_turnover__page_wmax_k0.25,raw,cell=pb_omnimath_q8,0.13651943854913712,0.038509326134135186,33.732706748061844,759,4033,0.02214322652476816,,
top15_turnover__page_wmax_k0.25,raw,steps_2_to_5,0.10103197889634548,0.027999377037281323,45.58131233589714,1312,5760,0.019021849620844605,"[0.09482015287578822, 0.15599120302921904]","[29.521986474618622, 48.567419966309664]"
top15_turnover__page_wmax_k0.25,raw,steps_6_to_10,0.11439843344206818,0.03161153813494632,40.25553539000312,2308,14512,0.009565114540333286,"[0.10282283813294843, 0.15221713853729382]","[30.25395320290958, 44.787425338655545]"
top15_turnover__page_wmax_k0.25,raw,steps_11_plus,0.06427945291165792,0.01716311321449244,71.64295863434276,822,8382,0.0166561888833789,"[0.06803394729562028, 0.13298006350280878]","[34.630530808032155, 67.6892987845871]"
top15_turnover__page_wmax_k0.25,answer_z,macro8_all,0.05333991926475463,0.013804608501531446,86.33627964695938,4442,28654,0.0050869322873205855,"[0.04739183147069378, 0.07331936308713956]","[62.80974072994713, 97.17223502611084]"
top15_turnover__page_wmax_k0.25,answer_z,cell=pb_gsm8k_q4,0.169930656232392,0.04608118519449292,27.100290719116632,207,1361,0.06826069671021552,,
top15_turnover__page_wmax_k0.25,answer_z,cell=pb_gsm8k_q8,0.14759997704905484,0.04209686989650665,31.200344864942384,207,1361,0.047215973546064646,,
top15_turnover__page_wmax_k0.25,answer_z,cell=pb_math_q4,0.06567450351115087,0.016982221384819914,70.12112676582596,594,3772,0.031314905853968567,,
top15_turnover__page_wmax_k0.25,answer_z,cell=pb_math_q8,0.08491753597383961,0.022915700007463066,54.23108587850216,594,3772,0.024760500816784103,,
top15_turnover__page_wmax_k0.25,answer_z,cell=pb_olympiadbench_q4,0.07353724640669244,0.019289201404537472,62.623641909564164,661,5161,0.018370453204148707,,
top15_turnover__page_wmax_k0.25,answer_z,cell=pb_olympiadbench_q8,0.06198329120248336,0.01619664649238456,74.29696127209822,661,5161,0.017733447065455377,,
top15_turnover__page_wmax_k0.25,answer_z,cell=pb_omnimath_q4,0.11152315017221837,0.029617544699212132,41.29340122545507,759,4033,0.015274610369267461,,
top15_turnover__page_wmax_k0.25,answer_z,cell=pb_omnimath_q8,0.11036319079358997,0.029534960775101766,41.72741067808603,759,4033,0.012608845290750653,,
top15_turnover__page_wmax_k0.25,answer_z,steps_2_to_5,0.060330573386291164,0.015701661628243296,76.33227943155134,1312,5760,0.030522628232855026,"[0.06045328952829291, 0.10915538346151626]","[42.18912562944444, 76.17733000009558]"
top15_turnover__page_wmax_k0.25,answer_z,steps_6_to_10,0.06952350238144414,0.018281986678397012,66.23904188142878,2308,14512,0.005625074142644509,"[0.06367132823754687, 0.10346735158286147]","[44.5084378360652, 72.32722032760157]"
top15_turnover__page_wmax_k0.25,answer_z,steps_11_plus,0.07006513397084102,0.017819196307218187,65.72698751856556,822,8382,0.00982376634461094,"[0.0698087812841265, 0.1420015999649227]","[32.43041055259703, 65.9683509907548]"
top15_turnover__page_wmax_k1.0,raw,macro8_all,0.0024124250982463374,0.000583116578077262,1908.9381010567852,4442,28654,0.0034434515974521417,"[0.0010525775204787249, 0.00652834057966302]","[705.4120614255394, 4375.136364202045]"
top15_turnover__page_wmax_k1.0,raw,cell=pb_gsm8k_q4,0.032435411562954715,0.007210678473663531,141.9797056389989,207,1361,0.07510761466610767,,
top15_turnover__page_wmax_k1.0,raw,cell=pb_gsm8k_q8,0.051615361386113556,0.01151209354254851,89.22092304146985,207,1361,0.055892990347811894,,
top15_turnover__page_wmax_k1.0,raw,cell=pb_math_q4,0.003955290126206452,0.0009444286896452987,1164.306546181214,594,3772,0.005263176077306265,,
top15_turnover__page_wmax_k1.0,raw,cell=pb_math_q8,0.01096663209371785,0.0024736035522739766,419.925656904833,594,3772,0.006345720407157268,,
top15_turnover__page_wmax_k1.0,raw,cell=pb_olympiadbench_q4,0.001910087187877932,0.0004975960094318408,2410.973810627117,661,5161,0.004712897667672003,,
top15_turnover__page_wmax_k1.0,raw,cell=pb_olympiadbench_q8,0.006891814797889756,0.0018257211536345619,668.2086389492323,661,5161,0.0010642242424837836,,
top15_turnover__page_wmax_k1.0,raw,cell=pb_omnimath_q4,0.0038340647719641288,0.001041504400891776,1201.1195584546524,759,4033,0.007489291738915559,,
top15_turnover__page_wmax_k1.0,raw,cell=pb_omnimath_q8,0.005669322363033689,0.0015287485911384714,812.2964070654534,759,4033,0.006480768618947847,,
top15_turnover__page_wmax_k1.0,raw,steps_2_to_5,0.003777163504604693,0.001022201085895422,1219.2138837447694,1312,5760,0.006875100109672915,"[0.002815650888990909, 0.01536259986167907]","[299.76502854021254, 1635.5614980515295]"
top15_turnover__page_wmax_k1.0,raw,steps_6_to_10,0.004576120410098056,0.0010896506486075123,1006.3481231450843,2308,14512,0.0019594548769032594,"[0.0015729805491310742, 0.011352343662909986]","[405.6581022149599, 2927.671412422754]"
top15_turnover__page_wmax_k1.0,raw,steps_11_plus,0.0021161219299770306,0.0005537291293448745,2176.231019938477,822,8382,0.004873518343303579,"[0.0006226216775091318, 0.014650813560152201]","[314.3286321323067, 7396.418005250948]"
top15_turnover__page_wmax_k1.0,answer_z,macro8_all,0.002752592206100411,0.0006912148889312449,1673.030307861048,4442,28654,0.0019072373108507436,"[0.0012312864836913013, 0.006841131790512137]","[673.1591097798954, 3740.128919617593]"
top15_turnover__page_wmax_k1.0,answer_z,cell=pb_gsm8k_q4,0.03027289458469461,0.006348708328748947,152.12189812586922,207,1361,0.055649652190434884,,
top15_turnover__page_wmax_k1.0,answer_z,cell=pb_gsm8k_q8,0.06497293761084283,0.0147481294446885,70.87828187130592,207,1361,0.05020782542115913,,
top15_turnover__page_wmax_k1.0,answer_z,cell=pb_math_q4,0.006764848032334989,0.0016744670366894956,680.7499834402855,594,3772,0.0038770065898589582,,
top15_turnover__page_wmax_k1.0,answer_z,cell=pb_math_q8,0.013142861548812898,0.0032601780506988738,350.39326625213096,594,3772,0.0021476979941431615,,
top15_turnover__page_wmax_k1.0,answer_z,cell=pb_olympiadbench_q4,0.003425134867730662,0.0009484863262881516,1344.5222929394508,661,5161,0.003192787213755954,,
top15_turnover__page_wmax_k1.0,answer_z,cell=pb_olympiadbench_q8,0.0046621314501234705,0.0012725821209718824,987.7821411204803,661,5161,0.00325029179579286,,
top15_turnover__page_wmax_k1.0,answer_z,cell=pb_omnimath_q4,0.006322915173138605,0.0018435761353052297,728.3302179273347,759,4033,0.0027512578833363286,,
top15_turnover__page_wmax_k1.0,answer_z,cell=pb_omnimath_q8,0.004665478365016493,0.001299346819300509,987.0735272334312,759,4033,0.004635955419709396,,
top15_turnover__page_wmax_k1.0,answer_z,steps_2_to_5,0.0056694137776962875,0.0014998129138988805,812.2833094499161,1312,5760,0.0014035940374061153,"[0.0038855405546571785, 0.019038639207863316]","[241.8854696340939, 1185.2070828261903]"
top15_turnover__page_wmax_k1.0,answer_z,steps_6_to_10,0.008104709869362643,0.0020836652109328386,568.2091352087159,2308,14512,0.0017091946376900542,"[0.003745716308779565, 0.01759033332396553]","[261.8011893904186, 1229.4498051531712]"
top15_turnover__page_wmax_k1.0,answer_z,steps_11_plus,0.00447290959511826,0.0012169117312316442,1029.5692519728505,822,8382,0.0017145788434996204,"[0.0017494696297806432, 0.01807464314022193]","[254.78623009381016, 2632.3235954461866]"
top50_js__page_wmax_k0.25,raw,macro8_all,0.041502258425441134,0.009654465940005364,110.96191775349494,4442,28654,0.035116846428814186,"[0.03173487218201554, 0.05570642369084376]","[82.66856640350123, 145.11387219633696]"
top50_js__page_wmax_k0.25,raw,cell=pb_gsm8k_q4,0.12454877522856456,0.028149300279387172,36.974833173083844,207,1361,0.10020549495588899,,
top50_js__page_wmax_k0.25,raw,cell=pb_gsm8k_q8,0.13405183257460052,0.030238520277036905,34.35365334095893,207,1361,0.08109407210974251,,
top50_js__page_wmax_k0.25,raw,cell=pb_math_q4,0.03988634781326636,0.009020812003149416,115.45730402662721,594,3772,0.03672324721019883,,
top50_js__page_wmax_k0.25,raw,cell=pb_math_q8,0.045503623935139514,0.01026938835053136,101.20447093515591,594,3772,0.04064972456917053,,
top50_js__page_wmax_k0.25,raw,cell=pb_olympiadbench_q4,0.037044239945108214,0.008348384398950854,124.31541834336424,661,5161,0.02534784183490569,,
top50_js__page_wmax_k0.25,raw,cell=pb_olympiadbench_q8,0.053825438336246784,0.012093820996631902,85.55750456168431,661,5161,0.031006564547689602,,
top50_js__page_wmax_k0.25,raw,cell=pb_omnimath_q4,0.036180484818675515,0.008424098639563006,127.28326358996193,759,4033,0.03307260926989461,,
top50_js__page_wmax_k0.25,raw,cell=pb_omnimath_q8,0.04773400533583683,0.011122121421684979,96.47567082602872,759,4033,0.048615565967009625,,
top50_js__page_wmax_k0.25,raw,steps_2_to_5,0.04976235029502805,0.011551519902823887,92.5432612946381,1312,5760,0.0646287122756184,"[0.03280937331630466, 0.08576945874893951]","[53.692424473239804, 140.36141871992254]"
top50_js__page_wmax_k0.25,raw,steps_6_to_10,0.042646210022933395,0.009898912897369936,107.98545013757656,2308,14512,0.04455205543531805,"[0.030128602462109234, 0.0639017030595577]","[72.06647030511814, 152.85044142952572]"
top50_js__page_wmax_k0.25,raw,steps_11_plus,0.03310289021861142,0.007584543786152235,139.11686126424485,822,8382,0.029980356902104675,"[0.017831614812521, 0.06311066735200381]","[72.96975898388871, 258.25872947605586]"
top50_js__page_wmax_k0.25,answer_z,macro8_all,0.046085224327035844,0.01078873732978914,99.92725983730264,4442,28654,0.04354483919159577,"[0.0354418231766015, 0.061408816759794746]","[74.99200324933088, 129.93604090402437]"
top50_js__page_wmax_k0.25,answer_z,cell=pb_gsm8k_q4,0.11194899385439624,0.0256261757372491,41.13632492291708,207,1361,0.08805647088251281,,
top50_js__page_wmax_k0.25,answer_z,cell=pb_gsm8k_q8,0.10567742301801723,0.024123861252288183,43.57761624451179,207,1361,0.0919538327370383,,
top50_js__page_wmax_k0.25,answer_z,cell=pb_math_q4,0.04212269891622264,0.009246192627985442,109.32751947227463,594,3772,0.036052505568973596,,
top50_js__page_wmax_k0.25,answer_z,cell=pb_math_q8,0.03878946956116934,0.008694506161051713,118.7221748089629,594,3772,0.039497131789444966,,
top50_js__page_wmax_k0.25,answer_z,cell=pb_olympiadbench_q4,0.030547919498961178,0.006965387487819089,150.75233474229552,661,5161,0.022968621216172623,,
top50_js__page_wmax_k0.25,answer_z,cell=pb_olympiadbench_q8,0.04774512289781907,0.01097351468021538,96.45320624357319,661,5161,0.044074977252781256,,
top50_js__page_wmax_k0.25,answer_z,cell=pb_omnimath_q4,0.04260747908001452,0.009901761106070084,108.08361079846648,759,4033,0.04526367733303116,,
top50_js__page_wmax_k0.25,answer_z,cell=pb_omnimath_q8,0.05011552570900982,0.011741670059577108,91.89108805777069,759,4033,0.05956764776173106,,
top50_js__page_wmax_k0.25,answer_z,steps_2_to_5,0.045699770089102816,0.010574709635537775,100.77009527639181,1312,5760,0.0626000545991548,"[0.029392710664490715, 0.08284051804260767]","[55.59079415243996, 156.67728773146433]"
top50_js__page_wmax_k0.25,answer_z,steps_6_to_10,0.04348969308082243,0.010164181233992535,105.89107118851628,2308,14512,0.04965748585475598,"[0.03205444459959187, 0.06366503808569837]","[72.33436630932592, 143.66713395017698]"
top50_js__page_wmax_k0.25,answer_z,steps_11_plus,0.03511836243828854,0.008100439606589759,131.13282813458318,822,8382,0.04424131486863149,"[0.01969420053898242, 0.06771686045197434]","[68.00625656964911, 233.83382213828298]"
top50_js__page_wmax_k1.0,raw,macro8_all,0.0,0.0,inf,4442,28654,,,
top50_js__page_wmax_k1.0,raw,cell=pb_gsm8k_q4,0.0,0.0,inf,207,1361,,,
top50_js__page_wmax_k1.0,raw,cell=pb_gsm8k_q8,0.0,0.0,inf,207,1361,,,
top50_js__page_wmax_k1.0,raw,cell=pb_math_q4,0.0,0.0,inf,594,3772,,,
top50_js__page_wmax_k1.0,raw,cell=pb_math_q8,0.0,0.0,inf,594,3772,,,
top50_js__page_wmax_k1.0,raw,cell=pb_olympiadbench_q4,0.0,0.0,inf,661,5161,,,
top50_js__page_wmax_k1.0,raw,cell=pb_olympiadbench_q8,0.0,0.0,inf,661,5161,,,
top50_js__page_wmax_k1.0,raw,cell=pb_omnimath_q4,0.0,0.0,inf,759,4033,,,
top50_js__page_wmax_k1.0,raw,cell=pb_omnimath_q8,0.0,0.0,inf,759,4033,,,
top50_js__page_wmax_k1.0,raw,steps_2_to_5,0.0,0.0,inf,1312,5760,,,
top50_js__page_wmax_k1.0,raw,steps_6_to_10,0.0,0.0,inf,2308,14512,,,
top50_js__page_wmax_k1.0,raw,steps_11_plus,0.0,0.0,inf,822,8382,,,
top50_js__page_wmax_k1.0,answer_z,macro8_all,0.0,0.0,inf,4442,28654,,,
top50_js__page_wmax_k1.0,answer_z,cell=pb_gsm8k_q4,0.0,0.0,inf,207,1361,,,
top50_js__page_wmax_k1.0,answer_z,cell=pb_gsm8k_q8,0.0,0.0,inf,207,1361,,,
top50_js__page_wmax_k1.0,answer_z,cell=pb_math_q4,0.0,0.0,inf,594,3772,,,
top50_js__page_wmax_k1.0,answer_z,cell=pb_math_q8,0.0,0.0,inf,594,3772,,,
top50_js__page_wmax_k1.0,answer_z,cell=pb_olympiadbench_q4,0.0,0.0,inf,661,5161,,,
top50_js__page_wmax_k1.0,answer_z,cell=pb_olympiadbench_q8,0.0,0.0,inf,661,5161,,,
top50_js__page_wmax_k1.0,answer_z,cell=pb_omnimath_q4,0.0,0.0,inf,759,4033,,,
top50_js__page_wmax_k1.0,answer_z,cell=pb_omnimath_q8,0.0,0.0,inf,759,4033,,,
top50_js__page_wmax_k1.0,answer_z,steps_2_to_5,0.0,0.0,inf,1312,5760,,,
top50_js__page_wmax_k1.0,answer_z,steps_6_to_10,0.0,0.0,inf,2308,14512,,,
top50_js__page_wmax_k1.0,answer_z,steps_11_plus,0.0,0.0,inf,822,8382,,,
dominant_freq16__page_wmax_k0.25,raw,macro8_all,0.08272766347257808,0.022946889758301958,55.666629428190944,4442,28654,0.026069141126156724,"[0.07454275977211847, 0.10445695195476348]","[44.08677545925736, 61.77890649697387]"
dominant_freq16__page_wmax_k0.25,raw,cell=pb_gsm8k_q4,0.1973897280193074,0.054104456912381124,23.330343641476844,207,1361,0.10917686491462683,,
dominant_freq16__page_wmax_k0.25,raw,cell=pb_gsm8k_q8,0.1424060246507297,0.03733723582556271,32.33831010508792,207,1361,0.10333714605818867,,
dominant_freq16__page_wmax_k0.25,raw,cell=pb_math_q4,0.08116658320054274,0.021755979150054488,56.737268028270265,594,3772,0.036089260486099534,,
dominant_freq16__page_wmax_k0.25,raw,cell=pb_math_q8,0.07874020499384701,0.02149189407163292,58.485626070543674,594,3772,0.03772969257652375,,
dominant_freq16__page_wmax_k0.25,raw,cell=pb_olympiadbench_q4,0.1363064336052942,0.04009524310567677,33.78542057173466,661,5161,0.021993765486061394,,
dominant_freq16__page_wmax_k0.25,raw,cell=pb_olympiadbench_q8,0.14651154090849822,0.043803776408938684,31.43213263222853,661,5161,0.03068172599486514,,
dominant_freq16__page_wmax_k0.25,raw,cell=pb_omnimath_q4,0.11108894639606348,0.03008538571626346,41.45480117859214,759,4033,0.03586269491416998,,
dominant_freq16__page_wmax_k0.25,raw,cell=pb_omnimath_q8,0.12396675314479408,0.03269674387595105,37.148429471321386,759,4033,0.04558950778519184,,
dominant_freq16__page_wmax_k0.25,raw,steps_2_to_5,0.10891051607886001,0.028448608064589667,42.28398093948592,1312,5760,0.03356201518698218,"[0.10030326104472283, 0.1671377300291716]","[27.553145451863696, 45.91246723209484]"
dominant_freq16__page_wmax_k0.25,raw,steps_6_to_10,0.1091815253165783,0.030190539075977227,42.17902408521156,2308,14512,0.044532096397442725,"[0.09823232066258336, 0.14761086311401803]","[31.198043889432125, 46.880396950066135]"
dominant_freq16__page_wmax_k0.25,raw,steps_11_plus,0.07031152917607623,0.019481001127256387,65.49665808655202,822,8382,0.013552913298168531,"[0.07459338499727074, 0.1341318037329346]","[34.333171237727434, 61.73697823415023]"
dominant_freq16__page_wmax_k0.25,answer_z,macro8_all,0.05926644845148566,0.015312844038129422,77.7028201674307,4442,28654,0.011465197861698228,"[0.0530885009175365, 0.07949716753561538]","[57.92873291900542, 86.74515396736105]"
dominant_freq16__page_wmax_k0.25,answer_z,cell=pb_gsm8k_q4,0.1912430730183462,0.050887865381142684,24.080193406776683,207,1361,0.07874979002659172,,
dominant_freq16__page_wmax_k0.25,answer_z,cell=pb_gsm8k_q8,0.1222278043914045,0.03241044221962049,37.67694436563031,207,1361,0.08503489206230969,,
dominant_freq16__page_wmax_k0.25,answer_z,cell=pb_math_q4,0.06836182513872396,0.01826154374430253,67.36464652081774,594,3772,0.0260248385465024,,
dominant_freq16__page_wmax_k0.25,answer_z,cell=pb_math_q8,0.09555097053456102,0.02624379399873336,48.19595405702751,594,3772,0.026790392087899618,,
dominant_freq16__page_wmax_k0.25,answer_z,cell=pb_olympiadbench_q4,0.09559195510697256,0.025058031325353714,48.175290282897315,661,5161,0.01566641987782994,,
dominant_freq16__page_wmax_k0.25,answer_z,cell=pb_olympiadbench_q8,0.11053182245305329,0.02945246724538225,41.6637497128401,661,5161,0.017349981627540353,,
dominant_freq16__page_wmax_k0.25,answer_z,cell=pb_omnimath_q4,0.08025724552215203,0.021034399491737014,57.380117595949706,759,4033,0.02743401102198714,,
dominant_freq16__page_wmax_k0.25,answer_z,cell=pb_omnimath_q8,0.09534418424703954,0.025004686214401113,48.30048337354235,759,4033,0.030745874965213797,,
dominant_freq16__page_wmax_k0.25,answer_z,steps_2_to_5,0.07056589465422856,0.017921953817211077,65.26056544104388,1312,5760,0.01594994021969568,"[0.0683117989898988, 0.12272667775350624]","[37.523790835742105, 67.41397905022315]"
dominant_freq16__page_wmax_k0.25,answer_z,steps_6_to_10,0.07343565515216165,0.019480999035407134,62.710275770618416,2308,14512,0.0206256715281431,"[0.06681021570341135, 0.10740026582029148]","[42.87857344500186, 68.92913213200343]"
dominant_freq16__page_wmax_k0.25,answer_z,steps_11_plus,0.06257753393491339,0.016006755930925307,73.59142964594784,822,8382,0.009143903586599438,"[0.06652115958245927, 0.1266893161922555]","[36.35010689456705, 69.22865167856173]"
dominant_freq16__page_wmax_k1.0,raw,macro8_all,0.005063640789178781,0.0012455570799917279,909.4583083044791,4442,28654,0.0041295471177809975,"[0.0038117416721118918, 0.011727915036804714]","[392.6674239654772, 1208.1538000545042]"
dominant_freq16__page_wmax_k1.0,raw,cell=pb_gsm8k_q4,0.04577095768681008,0.011263635200754891,100.61336748728712,207,1361,0.03876687369710402,,
dominant_freq16__page_wmax_k1.0,raw,cell=pb_gsm8k_q8,0.03355266685733827,0.008016909276663717,137.2519867219109,207,1361,0.030523946750300568,,
dominant_freq16__page_wmax_k1.0,raw,cell=pb_math_q4,0.013948940714186729,0.00345409455016704,330.14479596321013,594,3772,0.01513662080174473,,
dominant_freq16__page_wmax_k1.0,raw,cell=pb_math_q8,0.017992029731555094,0.004878530136564957,255.95612361129952,594,3772,0.01760065511153129,,
dominant_freq16__page_wmax_k1.0,raw,cell=pb_olympiadbench_q4,0.012704345737299796,0.0030609199948789093,362.48778813279387,661,5161,0.012785873494699514,,
dominant_freq16__page_wmax_k1.0,raw,cell=pb_olympiadbench_q8,0.02621536889069201,0.00615367293320951,175.66680847368113,661,5161,0.006186947597367399,,
dominant_freq16__page_wmax_k1.0,raw,cell=pb_omnimath_q4,0.013893265068123585,0.0034207608920357136,331.46781288684235,759,4033,0.018605598206175116,,
dominant_freq16__page_wmax_k1.0,raw,cell=pb_omnimath_q8,0.023353780534302655,0.006102151086563313,197.1916358134776,759,4033,0.019467577383780726,,
dominant_freq16__page_wmax_k1.0,raw,steps_2_to_5,0.005623727379180663,0.0013770598259070232,818.8821888907127,1312,5760,0.007000630393427857,"[0.006415938670955567, 0.024250562719991094]","[189.89951858691478, 717.7702939766746]"
dominant_freq16__page_wmax_k1.0,raw,steps_6_to_10,0.006049760913261785,0.0014826380062206092,761.2152367696084,2308,14512,0.0023144658277465444,"[0.004670983860676837, 0.017249455250762765]","[266.9748185690938, 985.9101044551225]"
dominant_freq16__page_wmax_k1.0,raw,steps_11_plus,0.011913869384922563,0.0031974601073829086,386.5385826552793,822,8382,0.014521627496470454,"[0.01043942341662645, 0.03847142154384599]","[119.70366576497742, 441.132618364116]"
dominant_freq16__page_wmax_k1.0,answer_z,macro8_all,0.021644666944568795,0.0056816455447130515,212.76234916350367,4442,28654,0.005037817436043923,"[0.01658985883987313, 0.03207594331127015]","[143.57084190163246, 277.58947381274464]"
dominant_freq16__page_wmax_k1.0,answer_z,cell=pb_gsm8k_q4,0.09265696005863927,0.025051649755599543,49.70128723275234,207,1361,0.042732921568022136,,
dominant_freq16__page_wmax_k1.0,answer_z,cell=pb_gsm8k_q8,0.06242877881806149,0.016434081909652204,73.76678309548727,207,1361,0.046910206037090445,,
dominant_freq16__page_wmax_k1.0,answer_z,cell=pb_math_q4,0.02894749037869958,0.007292604201383579,159.08702708738826,594,3772,0.009327892912279555,,
dominant_freq16__page_wmax_k1.0,answer_z,cell=pb_math_q8,0.0316210709551127,0.009932257982774844,145.63612322066209,594,3772,0.019844178347676548,,
dominant_freq16__page_wmax_k1.0,answer_z,cell=pb_olympiadbench_q4,0.03089944146618678,0.007868218856867738,149.03732777912907,661,5161,0.013532702722292017,,
dominant_freq16__page_wmax_k1.0,answer_z,cell=pb_olympiadbench_q8,0.04706868885315685,0.012704248985281151,97.83935559274089,661,5161,0.009872333413195516,,
dominant_freq16__page_wmax_k1.0,answer_z,cell=pb_omnimath_q4,0.02246437035526053,0.005763478972338624,204.99885432621036,759,4033,0.012873082670271688,,
dominant_freq16__page_wmax_k1.0,answer_z,cell=pb_omnimath_q8,0.040933717445397574,0.011314616313490357,112.50310192645058,759,4033,0.03245058847153379,,
dominant_freq16__page_wmax_k1.0,answer_z,steps_2_to_5,0.03151678643087671,0.008218157676126544,146.11801225636535,1312,5760,0.008058723387746282,"[0.024817574080390224, 0.061502447624343135]","[74.87783598656861, 185.56085180085745]"
dominant_freq16__page_wmax_k1.0,answer_z,steps_6_to_10,0.023831175492931407,0.0062961254553209264,193.2414197257721,2308,14512,0.002413795439398291,"[0.017669757290016762, 0.03966096856055963]","[116.11340703786159, 260.6244166460604]"
dominant_freq16__page_wmax_k1.0,answer_z,steps_11_plus,0.03475443809843555,0.009494886123334639,132.50596004299638,822,8382,0.01752169437294122,"[0.027432607821193916, 0.07298300723637995]","[63.0992111776472, 167.87212561068378]"
bocpd_p0__page_wmax_k0.25,raw,macro8_all,0.06416697474037861,0.017710000424832107,71.76854144395526,4442,28654,0.021543580699453977,"[0.057714693480744685, 0.08502386218477853]","[54.16326743638019, 79.79198897633428]"
bocpd_p0__page_wmax_k0.25,raw,cell=pb_gsm8k_q4,0.23671908875185435,0.06558514785679255,19.454156444542402,207,1361,0.11212612161988494,,
bocpd_p0__page_wmax_k0.25,raw,cell=pb_gsm8k_q8,0.22803692536311657,0.06360981439076933,20.194844228210012,207,1361,0.1684366668409912,,
bocpd_p0__page_wmax_k0.25,raw,cell=pb_math_q4,0.09897013325396983,0.026520442821991463,46.53090821016321,594,3772,0.04264394957954076,,
bocpd_p0__page_wmax_k0.25,raw,cell=pb_math_q8,0.0917965981180738,0.024750702372260607,50.167111640288354,594,3772,0.04068088685595095,,
bocpd_p0__page_wmax_k0.25,raw,cell=pb_olympiadbench_q4,0.0852279429299332,0.022499586999988084,54.03357194452119,661,5161,0.03027586477727709,,
bocpd_p0__page_wmax_k0.25,raw,cell=pb_olympiadbench_q8,0.08737120089329112,0.022624620895580823,52.70810219963114,661,5161,0.04353321963014746,,
bocpd_p0__page_wmax_k0.25,raw,cell=pb_omnimath_q4,0.08922123638390922,0.024864266652245056,51.615180114435404,759,4033,0.025806128948304384,,
bocpd_p0__page_wmax_k0.25,raw,cell=pb_omnimath_q8,0.07051044080042064,0.019502481468678928,65.31189046205223,759,4033,0.023760443413698207,,
bocpd_p0__page_wmax_k0.25,raw,steps_2_to_5,0.056248007439304755,0.015370462238249264,81.8725923928482,1312,5760,0.03650464720763527,"[0.05556686374871008, 0.10328999644863879]","[44.58486149990357, 82.8761941075898]"
bocpd_p0__page_wmax_k0.25,raw,steps_6_to_10,0.05343142939808146,0.014284597275336786,86.1884145317933,2308,14512,0.03163482988972285,"[0.04915168300240517, 0.08563082668937756]","[53.7793498443401, 93.69303154406217]"
bocpd_p0__page_wmax_k0.25,raw,steps_11_plus,0.1139871821226235,0.03140547390581589,40.400772264323614,822,8382,0.025990834975716477,"[0.10717785082566453, 0.19167919586707216]","[24.02540434895051, 42.96755486801896]"
bocpd_p0__page_wmax_k0.25,answer_z,macro8_all,0.03285688421677614,0.008548721015120012,140.1584567667793,4442,28654,0.006733025416269672,"[0.029925712024846226, 0.04972802538451257]","[92.60713954313454, 153.8867373369291]"
bocpd_p0__page_wmax_k0.25,answer_z,cell=pb_gsm8k_q4,0.17210366614634048,0.04662338330126449,26.758117878048548,207,1361,0.11542585013159087,,
bocpd_p0__page_wmax_k0.25,answer_z,cell=pb_gsm8k_q8,0.14243645186981285,0.037734652348044316,32.33140200794404,207,1361,0.11190929205146191,,
bocpd_p0__page_wmax_k0.25,answer_z,cell=pb_math_q4,0.06481347284004316,0.016802925716079047,71.05266828323569,594,3772,0.019170464711719723,,
bocpd_p0__page_wmax_k0.25,answer_z,cell=pb_math_q8,0.06213262073516654,0.01593604698305038,74.11839596493319,594,3772,0.025965587159751023,,
bocpd_p0__page_wmax_k0.25,answer_z,cell=pb_olympiadbench_q4,0.050038039057962155,0.013012511385654209,92.0333864533268,661,5161,0.013788075928958095,,
bocpd_p0__page_wmax_k0.25,answer_z,cell=pb_olympiadbench_q8,0.041399895561426606,0.01058615995734816,111.23627544314031,661,5161,0.015225251828340409,,
bocpd_p0__page_wmax_k0.25,answer_z,cell=pb_omnimath_q4,0.07364112445610393,0.019608591612482094,62.53530510296792,759,4033,0.024510797073413033,,
bocpd_p0__page_wmax_k0.25,answer_z,cell=pb_omnimath_q8,0.049496965188061987,0.012730366457231891,93.03944531732216,759,4033,0.016855220991588198,,
bocpd_p0__page_wmax_k0.25,answer_z,steps_2_to_5,0.04949360957322717,0.012923588160902963,93.04575329416245,1312,5760,0.019051471244351942,"[0.054413403065162444, 0.09453814639334299]","[48.71229616484601, 84.63301184219627]"
bocpd_p0__page_wmax_k0.25,answer_z,steps_6_to_10,0.03573932702351786,0.009213097208026102,128.8544180744565,2308,14512,0.00920992895123467,"[0.03439377109859618, 0.06321945977583034]","[72.84418757005436, 133.8954711533815]"
bocpd_p0__page_wmax_k0.25,answer_z,steps_11_plus,0.08375961520889752,0.022463902891461014,54.98079443778174,822,8382,0.013608559804564234,"[0.08030086433872974, 0.15293654279235952]","[30.111640435343745, 57.34894915405017]"
bocpd_p0__page_wmax_k1.0,raw,macro8_all,0.06048135706543056,0.01622548207608911,76.14197844479712,4442,28654,0.020165097724087425,"[0.05376374634113451, 0.08049692661447387]","[57.20926723132871, 85.65567876851408]"
bocpd_p0__page_wmax_k1.0,raw,cell=pb_gsm8k_q4,0.24400597960510934,0.0660305015740214,18.87318578602433,207,1361,0.1010501064055238,,
bocpd_p0__page_wmax_k1.0,raw,cell=pb_gsm8k_q8,0.22908759276115193,0.060747844016260925,20.102224352191215,207,1361,0.1592093866821392,,
bocpd_p0__page_wmax_k1.0,raw,cell=pb_math_q4,0.09441757454115642,0.024749478287406684,48.77450208150293,594,3772,0.027473511672046154,,
bocpd_p0__page_wmax_k1.0,raw,cell=pb_math_q8,0.08529890210981653,0.022222808908754242,53.988622034774245,594,3772,0.03332340316100101,,
bocpd_p0__page_wmax_k1.0,raw,cell=pb_olympiadbench_q4,0.08066201367955454,0.020619499686877953,57.09217977477009,661,5161,0.02907854000720029,,
bocpd_p0__page_wmax_k1.0,raw,cell=pb_olympiadbench_q8,0.0717311787700098,0.01788142108844558,64.20039744158609,661,5161,0.04318399229314164,,
bocpd_p0__page_wmax_k1.0,raw,cell=pb_omnimath_q4,0.08628304337710999,0.024409093892522545,53.37282976749748,759,4033,0.027215992637395686,,
bocpd_p0__page_wmax_k1.0,raw,cell=pb_omnimath_q8,0.09817707644960513,0.025603719107193144,46.906776536088366,759,4033,0.027097572852315843,,
bocpd_p0__page_wmax_k1.0,raw,steps_2_to_5,0.054348320909450666,0.014568802787276089,84.73435993838211,1312,5760,0.026143288951468616,"[0.05243450402470495, 0.1017642020330851]","[45.253341489287955, 87.82709537632563]"
bocpd_p0__page_wmax_k1.0,raw,steps_6_to_10,0.051434176574608054,0.01331900861246209,89.53521748925141,2308,14512,0.029367674086481596,"[0.0466058050328294, 0.08203993349813349]","[56.133275462648506, 98.81108550199237]"
bocpd_p0__page_wmax_k1.0,raw,steps_11_plus,0.11901387405633485,0.03311755399481591,38.69439779607753,822,8382,0.023715324215311983,"[0.11255558849584074, 0.1918323851580131]","[24.006218669463944, 40.91462936252398]"
bocpd_p0__page_wmax_k1.0,answer_z,macro8_all,0.02977893231903805,0.007712422170060477,154.64524169806947,4442,28654,0.007414020308218881,"[0.027856955136998488, 0.046331295311893554]","[99.39653435085191, 165.31491555125814]"
bocpd_p0__page_wmax_k1.0,answer_z,cell=pb_gsm8k_q4,0.120125045526085,0.031623954712992806,38.3364698495626,207,1361,0.094382054668905,,
bocpd_p0__page_wmax_k1.0,answer_z,cell=pb_gsm8k_q8,0.15198763403869223,0.040345451445966324,30.299637303490965,207,1361,0.1125282212092951,,
bocpd_p0__page_wmax_k1.0,answer_z,cell=pb_math_q4,0.08535712020605467,0.022088327407449863,53.951798922820636,594,3772,0.029137117325662824,,
bocpd_p0__page_wmax_k1.0,answer_z,cell=pb_math_q8,0.07583376047337151,0.018871162023277394,60.727176883245356,594,3772,0.023476827811096668,,
bocpd_p0__page_wmax_k1.0,answer_z,cell=pb_olympiadbench_q4,0.055258488037567416,0.014280501679778844,83.33869328558669,661,5161,0.025791809432867317,,
bocpd_p0__page_wmax_k1.0,answer_z,cell=pb_olympiadbench_q8,0.04530888378781271,0.011328728131420019,101.63945348013188,661,5161,0.018114434726012936,,
bocpd_p0__page_wmax_k1.0,answer_z,cell=pb_omnimath_q4,0.06856469017600902,0.018806131400474255,67.1653320997497,759,4033,0.02223464456661755,,
bocpd_p0__page_wmax_k1.0,answer_z,cell=pb_omnimath_q8,0.057083106390733385,0.014639151434330236,80.67483494093227,759,4033,0.02099626718284823,,
bocpd_p0__page_wmax_k1.0,answer_z,steps_2_to_5,0.03648079131473117,0.009165620985675195,126.23547955026116,1312,5760,0.024399537998544316,"[0.04055632976573046, 0.08222696552411407]","[56.005595690352564, 113.549973890374]"
bocpd_p0__page_wmax_k1.0,answer_z,steps_6_to_10,0.03662496640673375,0.009396256944317366,125.7385504425036,2308,14512,0.008002051672699411,"[0.03509068337433013, 0.06428771309255353]","[71.6337533948071, 131.23626396392467]"
bocpd_p0__page_wmax_k1.0,answer_z,steps_11_plus,0.10330315929392761,0.027813467583782465,44.57918051552557,822,8382,0.014925345570889332,"[0.10256687207105619, 0.17689434437789217]","[26.033450657700254, 44.89919691416275]"
q15_H1__top5_causal,raw,macro8_all,0.20651530097573506,0.059383107973563415,22.29941396220896,4442,28654,0.015242409555313235,"[0.1884181539070873, 0.23884384348386078]","[19.281092276926422, 24.441223366719704]"
q15_H1__top5_causal,raw,cell=pb_gsm8k_q4,0.46911044683037995,0.12190712739383673,9.816814392226103,207,1361,0.07919257887841794,,
q15_H1__top5_causal,raw,cell=pb_gsm8k_q8,0.4844690264873025,0.1278953698190116,9.505602905883167,207,1361,0.09728092296732148,,
q15_H1__top5_causal,raw,cell=pb_math_q4,0.20073504408972354,0.05365436317126502,22.94153572870762,594,3772,0.024610681769076576,,
q15_H1__top5_causal,raw,cell=pb_math_q8,0.19603782790694627,0.0539799383811752,23.491232458329616,594,3772,0.02644959234955022,,
q15_H1__top5_causal,raw,cell=pb_olympiadbench_q4,0.23629165201720095,0.06829242606984146,19.489347789793506,661,5161,0.03252997445439486,,
q15_H1__top5_causal,raw,cell=pb_olympiadbench_q8,0.23221169356540033,0.06790306918557078,19.831775546183195,661,5161,0.04751601293877233,,
q15_H1__top5_causal,raw,cell=pb_omnimath_q4,0.20983474187229484,0.062084421450674755,21.946652612896642,759,4033,0.03909526555888565,,
q15_H1__top5_causal,raw,cell=pb_omnimath_q8,0.204920181756123,0.059945093515594655,22.472994834001945,759,4033,0.04130956119307562,,
q15_H1__top5_causal,raw,steps_2_to_5,0.1949442681965871,0.055690805181869044,23.623008917318423,1312,5760,0.02627298278839825,"[0.17024994634752522, 0.2645659663049467]","[17.40651018082966, 27.04946629814332]"
q15_H1__top5_causal,raw,steps_6_to_10,0.17599883376364445,0.049708068182318974,26.165913077427266,2308,14512,0.019522043552007304,"[0.15967908630642982, 0.22244486631765897]","[20.70252401065417, 28.84015867394561]"
q15_H1__top5_causal,raw,steps_11_plus,0.2734841801115112,0.07834927765623269,16.838890586323373,822,8382,0.015457606898761009,"[0.24602548640482408, 0.3744853779635216]","[12.297329767670337, 18.718264734615694]"
q15_H1__top5_causal,answer_z,macro8_all,0.161502167877608,0.0434383840673904,28.514602909095633,4442,28654,0.03229484051398296,"[0.14765108160662582, 0.19166184736527636]","[24.027579037216444, 31.18954589345477]"
q15_H1__top5_causal,answer_z,cell=pb_gsm8k_q4,0.3672458679889032,0.10062270190376822,12.5397467674905,207,1361,0.08379631439575717,,
q15_H1__top5_causal,answer_z,cell=pb_gsm8k_q8,0.36826413147952475,0.10339785986585899,12.505073919326668,207,1361,0.06322193066460968,,
q15_H1__top5_causal,answer_z,cell=pb_math_q4,0.1713810547547235,0.045754532276305625,26.870940855037343,594,3772,0.019920515229122845,,
q15_H1__top5_causal,answer_z,cell=pb_math_q8,0.1754399947101369,0.0471071297933041,26.249260857518742,594,3772,0.04267644537781773,,
q15_H1__top5_causal,answer_z,cell=pb_olympiadbench_q4,0.19322810753038142,0.053413026848241736,23.832817310307803,661,5161,0.05378087078723161,,
q15_H1__top5_causal,answer_z,cell=pb_olympiadbench_q8,0.17925660355001924,0.0476569546162234,25.690379572003206,661,5161,0.05697838525652182,,
q15_H1__top5_causal,answer_z,cell=pb_omnimath_q4,0.1644303619893877,0.04404999476002683,28.006811699929898,759,4033,0.0500969360706462,,
q15_H1__top5_causal,answer_z,cell=pb_omnimath_q8,0.16046733945456063,0.04333152882903583,28.698489061022496,759,4033,0.047980149818725476,,
q15_H1__top5_causal,answer_z,steps_2_to_5,0.17086590211068534,0.04678622015371759,26.95195547561564,1312,5760,0.0737555391681198,"[0.15304170328309186, 0.23866062253271011]","[19.295894467705583, 30.090949637887846]"
q15_H1__top5_causal,answer_z,steps_6_to_10,0.14283400936266688,0.038431965986001605,32.24141229764964,2308,14512,0.046631509822233574,"[0.12793775691034112, 0.1846967638385434]","[24.933680971334176, 35.99539570805043]"
q15_H1__top5_causal,answer_z,steps_11_plus,0.2717374541688076,0.0722025400330871,16.947130825503674,822,8382,0.017689536643176334,"[0.2445772767680986, 0.3803420331499388]","[12.107970680623241, 18.829100752293463]"
q15_H1__page_wmax_causal,raw,macro8_all,0.14066331632682602,0.03872111782306195,32.73895644041371,4442,28654,0.02939966705092952,"[0.12770507760140884, 0.16951313691975006]","[27.16704008709511, 36.06097950436771]"
q15_H1__page_wmax_causal,raw,cell=pb_gsm8k_q4,0.2577888752759463,0.06838187278160265,17.8641152806092,207,1361,0.07823484631568975,,
q15_H1__page_wmax_causal,raw,cell=pb_gsm8k_q8,0.27233509262381295,0.0708699283098333,16.909940403271467,207,1361,0.15186028150737185,,
q15_H1__page_wmax_causal,raw,cell=pb_math_q4,0.1344818986944018,0.0354924091649696,34.24379214375113,594,3772,0.03318167928455452,,
q15_H1__page_wmax_causal,raw,cell=pb_math_q8,0.1334477062179658,0.03514880108099166,34.50917454112154,594,3772,0.053167298804256524,,
q15_H1__page_wmax_causal,raw,cell=pb_olympiadbench_q4,0.2013350513063612,0.054278933988092096,22.873166674692133,661,5161,0.05153940185138103,,
q15_H1__page_wmax_causal,raw,cell=pb_olympiadbench_q8,0.21937687147804702,0.05920980164011314,20.992049685825382,661,5161,0.058163707326226874,,
q15_H1__page_wmax_causal,raw,cell=pb_omnimath_q4,0.13486816660785608,0.038867703752218236,34.14571653055926,759,4033,0.026478374260868964,,
q15_H1__page_wmax_causal,raw,cell=pb_omnimath_q8,0.15751116240549853,0.045840274564721784,29.237103679880725,759,4033,0.0356187059321922,,
q15_H1__page_wmax_causal,raw,steps_2_to_5,0.17783927627112425,0.04676574498371648,25.895124421037877,1312,5760,0.0371851184893302,"[0.15760789312762688, 0.24962891944085633]","[18.448063614997853, 29.219159615685882]"
q15_H1__page_wmax_causal,raw,steps_6_to_10,0.12898910737428157,0.03381534876819182,35.70200833024984,2308,14512,0.034707049301879234,"[0.11477690521492094, 0.17112533559407145]","[26.911095133873534, 40.12279454098247]"
q15_H1__page_wmax_causal,raw,steps_11_plus,0.20961564933218785,0.05863677460443426,21.969591491187096,822,8382,0.035571632025441384,"[0.19222135410839047, 0.30966540297138395]","[14.871439113957633, 23.95764095695274]"
q15_H1__page_wmax_causal,answer_z,macro8_all,0.10558673340124972,0.027035964851577114,43.61504554258315,4442,28654,0.01657188893457881,"[0.09519591926369042, 0.13364984120379272]","[34.456982099709414, 48.37571002630775]"
q15_H1__page_wmax_causal,answer_z,cell=pb_gsm8k_q4,0.24336554610013603,0.06853983758284536,18.922851898243774,207,1361,0.08417054972923724,,
q15_H1__page_wmax_causal,answer_z,cell=pb_gsm8k_q8,0.21783928516280218,0.05881937030850102,21.140218957964436,207,1361,0.08908973978607881,,
q15_H1__page_wmax_causal,answer_z,cell=pb_math_q4,0.11252147169691215,0.03021754744234971,40.92703478312636,594,3772,0.02063916833573682,,
q15_H1__page_wmax_causal,answer_z,cell=pb_math_q8,0.09079005625375436,0.022926421472990715,50.72328816623746,594,3772,0.024260329062098768,,
q15_H1__page_wmax_causal,answer_z,cell=pb_olympiadbench_q4,0.1573101580256816,0.04061680462147732,29.274461635441728,661,5161,0.033200525145120965,,
q15_H1__page_wmax_causal,answer_z,cell=pb_olympiadbench_q8,0.1769547643713705,0.04745989289617044,26.024561714107552,661,5161,0.03200337254280547,,
q15_H1__page_wmax_causal,answer_z,cell=pb_omnimath_q4,0.11604677972005503,0.02973801683214937,39.683739584134564,759,4033,0.03382287776041514,,
q15_H1__page_wmax_causal,answer_z,cell=pb_omnimath_q8,0.12748669159914264,0.03279250777042982,36.122752329852304,759,4033,0.02775365644808295,,
q15_H1__page_wmax_causal,answer_z,steps_2_to_5,0.13758309983462808,0.03597009546659079,33.471917637583445,1312,5760,0.03439062420497714,"[0.1255575807107262, 0.20348096746701907]","[22.631945598226597, 36.67775501821754]"
q15_H1__page_wmax_causal,answer_z,steps_6_to_10,0.08332428826732635,0.021381374393617005,55.26804106881163,2308,14512,0.025497449836198935,"[0.07413853869375447, 0.11976574342682415]","[38.45148081764976, 62.115739898931096]"
q15_H1__page_wmax_causal,answer_z,steps_11_plus,0.18783034704268892,0.048613554873538134,24.51771110736146,822,8382,0.017362611323173877,"[0.16984167746783566, 0.283355091504742]","[16.252293761628152, 27.114488355546367]"
q15_VE1__top5_causal,raw,macro8_all,0.2079213886084043,0.06064726867181738,22.148612111577386,4442,28654,0.01618733883412093,"[0.19049927842919603, 0.23867569151482465]","[19.294676205859258, 24.174213277661952]"
q15_VE1__top5_causal,raw,cell=pb_gsm8k_q4,0.432097274323025,0.1220186846738041,10.657716351493074,207,1361,0.11280795801830237,,
q15_VE1__top5_causal,raw,cell=pb_gsm8k_q8,0.4201973200614977,0.11012596241856358,10.959542020196858,207,1361,0.10636800642130903,,
q15_VE1__top5_causal,raw,cell=pb_math_q4,0.19499636692965566,0.055343394528382266,23.616697369799677,594,3772,0.02131955622489655,,
q15_VE1__top5_causal,raw,cell=pb_math_q8,0.20548449988968953,0.05864095043156019,22.411277680118406,594,3772,0.020979297556209215,,
q15_VE1__top5_causal,raw,cell=pb_olympiadbench_q4,0.2422819810832342,0.07089514041836678,19.007481139945025,661,5161,0.034609126200254046,,
q15_VE1__top5_causal,raw,cell=pb_olympiadbench_q8,0.2422886806611294,0.07022065941965754,19.0069555598802,661,5161,0.040015378706557025,,
q15_VE1__top5_causal,raw,cell=pb_omnimath_q4,0.20978240590064223,0.06365809765139709,21.952127806986855,759,4033,0.03716072114186274,,
q15_VE1__top5_causal,raw,cell=pb_omnimath_q8,0.2029342615914932,0.061308385789678746,22.69291616838118,759,4033,0.037231048295157526,,
q15_VE1__top5_causal,raw,steps_2_to_5,0.19324922178067055,0.056083351332244125,23.830213356381634,1312,5760,0.038255856714522654,"[0.17284284044984197, 0.2608266182474505]","[17.656059097538467, 26.643684945252254]"
q15_VE1__top5_causal,raw,steps_6_to_10,0.2002675914516109,0.057947221175846525,22.995084489747825,2308,14512,0.022965310828312033,"[0.18117148152156695, 0.24838813823622963]","[18.540217816715316, 25.418847090676824]"
q15_VE1__top5_causal,raw,steps_11_plus,0.2653194953742728,0.07703658029361815,17.35707426810763,822,8382,0.02107638431527489,"[0.23597444171186086, 0.3649279615823791]","[12.619395252749129, 19.51554648283175]"
q15_VE1__top5_causal,answer_z,macro8_all,0.17496889613541866,0.04669466548619825,26.319936215542455,4442,28654,0.03749703751565113,"[0.15819789002991191, 0.2070131655827841]","[22.245784093120854, 29.110187153048315]"
q15_VE1__top5_causal,answer_z,cell=pb_gsm8k_q4,0.3420650726474538,0.09818857939596451,13.46284831229866,207,1361,0.12800478020620876,,
q15_VE1__top5_causal,answer_z,cell=pb_gsm8k_q8,0.4270723347534232,0.1151395643335444,10.783115203767432,207,1361,0.1017146021562962,,
q15_VE1__top5_causal,answer_z,cell=pb_math_q4,0.17233913936512774,0.04646356807504398,26.72155729077485,594,3772,0.03199167683331154,,
q15_VE1__top5_causal,answer_z,cell=pb_math_q8,0.16444596050599905,0.04437518103553481,28.00415511465296,594,3772,0.03306033331154138,,
q15_VE1__top5_causal,answer_z,cell=pb_olympiadbench_q4,0.22672055784908868,0.061777636234867914,20.312097983868835,661,5161,0.05371828500087228,,
q15_VE1__top5_causal,answer_z,cell=pb_olympiadbench_q8,0.21009966691866516,0.057730952462340904,21.91897899472096,661,5161,0.05472224433094609,,
q15_VE1__top5_causal,answer_z,cell=pb_omnimath_q4,0.19127683821362798,0.053599881852864364,24.07594264416268,759,4033,0.055117562799424945,,
q15_VE1__top5_causal,answer_z,cell=pb_omnimath_q8,0.1893525337003305,0.051960612274813564,24.320615605156032,759,4033,0.06328508770022098,,
q15_VE1__top5_causal,answer_z,steps_2_to_5,0.14860898408465334,0.03937214927793848,30.988504593805793,1312,5760,0.09398812003685605,"[0.1309692671276789, 0.215734356388453]","[21.346484922855705, 35.16222001531564]"
q15_VE1__top5_causal,answer_z,steps_6_to_10,0.1772494979364836,0.04810668829960882,25.981287617741685,2308,14512,0.05518882092753272,"[0.15944140324659578, 0.22270322554592512]","[20.678506899481025, 28.88315137860163]"
q15_VE1__top5_causal,answer_z,steps_11_plus,0.24621351312937786,0.0650814009255621,18.70397009269029,822,8382,0.017809376591630878,"[0.21643742972024688, 0.34794631287538486]","[13.235289513291693, 21.277143199955937]"
q15_VE1__page_wmax_causal,raw,macro8_all,0.1466731178662067,0.040719326062147,31.397506598236138,4442,28654,0.03387572635454705,"[0.1339556220525838, 0.17697550164727927]","[26.021512260868846, 34.378327056555705]"
q15_VE1__page_wmax_causal,raw,cell=pb_gsm8k_q4,0.364818181104089,0.09558674462295222,12.623192660110755,207,1361,0.13995583950945173,,
q15_VE1__page_wmax_causal,raw,cell=pb_gsm8k_q8,0.3094214822096981,0.08024316489080549,14.883162452395986,207,1361,0.12863513637301377,,
q15_VE1__page_wmax_causal,raw,cell=pb_math_q4,0.1459495486612492,0.03919590039292412,31.553164968510806,594,3772,0.04922212718491141,,
q15_VE1__page_wmax_causal,raw,cell=pb_math_q8,0.15064194829206573,0.04013076258786691,30.5703042094195,594,3772,0.043611034639954235,,
q15_VE1__page_wmax_causal,raw,cell=pb_olympiadbench_q4,0.21180255736232856,0.05703012756508288,21.74275062274188,661,5161,0.05418470291081134,,
q15_VE1__page_wmax_causal,raw,cell=pb_olympiadbench_q8,0.2276058135464063,0.06165488003360161,20.233095606097727,661,5161,0.06426452086228422,,
q15_VE1__page_wmax_causal,raw,cell=pb_omnimath_q4,0.14952612403827364,0.043916773675095916,30.798432150955264,759,4033,0.039807859994227854,,
q15_VE1__page_wmax_causal,raw,cell=pb_omnimath_q8,0.1407733805144213,0.040879241574220404,32.713359366377674,759,4033,0.038992908985992975,,
q15_VE1__page_wmax_causal,raw,steps_2_to_5,0.14888771441875834,0.04045029576094017,30.93049150473014,1312,5760,0.04392416365574427,"[0.1305235033549672, 0.217783531844146]","[21.145630925315892, 35.28230600326464]"
q15_VE1__page_wmax_causal,raw,steps_6_to_10,0.15219698111563765,0.040710717904745536,30.257960126614684,2308,14512,0.043644759690823764,"[0.13568705165872771, 0.198142425024277]","[23.241717090238765, 33.939643685167184]"
q15_VE1__page_wmax_causal,raw,steps_11_plus,0.20411521542127717,0.05472082899403302,22.56162127102282,822,8382,0.033268973141670835,"[0.1755660405312446, 0.30571958561756585]","[15.063379654546708, 26.230415472453128]"
q15_VE1__page_wmax_causal,answer_z,macro8_all,0.11522551317529581,0.02936796297742276,39.96658430136143,4442,28654,0.02015696333919395,"[0.10415049187104558, 0.14394344102329268]","[31.992914392277804, 44.21649963679485]"
q15_VE1__page_wmax_causal,answer_z,cell=pb_gsm8k_q4,0.2619975612023972,0.06870688695381526,17.577149057622435,207,1361,0.0787049932321806,,
q15_VE1__page_wmax_causal,answer_z,cell=pb_gsm8k_q8,0.268260645162621,0.07670738486809017,17.166775183129875,207,1361,0.07371339857766171,,
q15_VE1__page_wmax_causal,answer_z,cell=pb_math_q4,0.08403097947181429,0.02141981004842399,54.80324298174771,594,3772,0.018874053909354444,,
q15_VE1__page_wmax_causal,answer_z,cell=pb_math_q8,0.10424214628206747,0.027411872152643492,44.17762248991902,594,3772,0.031635142939246824,,
q15_VE1__page_wmax_causal,answer_z,cell=pb_olympiadbench_q4,0.19267285311036045,0.049442867058664845,23.901499934452684,661,5161,0.036454641676755814,,
q15_VE1__page_wmax_causal,answer_z,cell=pb_olympiadbench_q8,0.19694762847998082,0.05099752267052747,23.382714590321633,661,5161,0.040822735595844276,,
q15_VE1__page_wmax_causal,answer_z,cell=pb_omnimath_q4,0.11434385115075033,0.030026271527672448,40.27475145923378,759,4033,0.03554865194512565,,
q15_VE1__page_wmax_causal,answer_z,cell=pb_omnimath_q8,0.12609790677907984,0.03205410895351987,36.520591845003636,759,4033,0.03898591243589235,,
q15_VE1__page_wmax_causal,answer_z,steps_2_to_5,0.10917387473360216,0.028597135030001167,42.181979866751824,1312,5760,0.048421493846568825,"[0.10034103565373523, 0.17130782538352668]","[26.882427441233133, 45.89518292276728]"
q15_VE1__page_wmax_causal,answer_z,steps_6_to_10,0.10721654505465006,0.02770952619576106,42.95204796648465,2308,14512,0.03136103768021522,"[0.09377559594496217, 0.14578384591787322]","[31.589029339933845, 49.108407572167415]"
q15_VE1__page_wmax_causal,answer_z,steps_11_plus,0.17437271178872493,0.04291625862899564,26.40992468803175,822,8382,0.01749558128097059,"[0.15346667569292527, 0.27551893394505156]","[16.714532537014424, 30.00762325237744]"
chosen_surprisal__top5_causal,raw,macro8_all,0.5198773092774879,0.1475659099010751,8.858186544798885,4442,28654,0.21107127611287127,"[0.4862290858428402, 0.5680904969801133]","[8.106402431423355, 9.47119438156479]"
chosen_surprisal__top5_causal,raw,cell=pb_gsm8k_q4,0.6022175836985564,0.15215300554676614,7.647020463443056,207,1361,0.1494421473823117,,
chosen_surprisal__top5_causal,raw,cell=pb_gsm8k_q8,0.6435620716305112,0.1637188893250379,7.15575138590837,207,1361,0.15746110780158412,,
chosen_surprisal__top5_causal,raw,cell=pb_math_q4,0.4956001501896674,0.13698943230688895,9.292108132383902,594,3772,0.24534760466906358,,
chosen_surprisal__top5_causal,raw,cell=pb_math_q8,0.5000953416688179,0.13840529111952876,9.20858444835867,594,3772,0.23142060585571192,,
chosen_surprisal__top5_causal,raw,cell=pb_olympiadbench_q4,0.5759259563371356,0.16566174798900224,7.996115013250622,661,5161,0.15305981640065244,,
chosen_surprisal__top5_causal,raw,cell=pb_olympiadbench_q8,0.57869155877372,0.16474352380362267,7.957901089393297,661,5161,0.15306879723753697,,
chosen_surprisal__top5_causal,raw,cell=pb_omnimath_q4,0.5370861414462327,0.15987256881815048,8.574360480774223,759,4033,0.268941924125332,,
chosen_surprisal__top5_causal,raw,cell=pb_omnimath_q8,0.5122869770792572,0.15225273298181144,8.989434422565099,759,4033,0.2561807473564124,,
chosen_surprisal__top5_causal,raw,steps_2_to_5,0.40743319121006444,0.11031517461605861,11.30288421596403,1312,5760,0.2043759205318835,"[0.35946864607710505, 0.5031224167525766]","[9.153180285053374, 12.81104829654683]"
chosen_surprisal__top5_causal,raw,steps_6_to_10,0.5430188175106141,0.1594511193054472,8.480682505810357,2308,14512,0.23015610926283983,"[0.5029358065075146, 0.6148663765816716]","[7.489708921132387, 9.156576498236031]"
chosen_surprisal__top5_causal,raw,steps_11_plus,0.6344227498427788,0.17624204310332908,7.258835196451159,822,8382,0.2017274159324853,"[0.5631035229366801, 0.7706289714981696]","[5.9758591440382025, 8.17819459194883]"
chosen_surprisal__top5_causal,answer_z,macro8_all,0.2961383327287947,0.07980869158971464,15.550739897646196,4442,28654,0.06149396597548237,"[0.2755938267577415, 0.33608092633361236]","[13.70256335647191, 16.70999035125786]"
chosen_surprisal__top5_causal,answer_z,cell=pb_gsm8k_q4,0.4266454272845809,0.11859584747539524,10.79390494185785,207,1361,0.06473807643257622,,
chosen_surprisal__top5_causal,answer_z,cell=pb_gsm8k_q8,0.3711140697871793,0.10107074787973926,12.409042288881672,207,1361,0.06844295725179421,,
chosen_surprisal__top5_causal,answer_z,cell=pb_math_q4,0.253442005046032,0.06860808695144034,18.170508811874605,594,3772,0.06757373396163113,,
chosen_surprisal__top5_causal,answer_z,cell=pb_math_q8,0.2580015137064568,0.06893048445656957,17.84939212111623,594,3772,0.060740842466955075,,
chosen_surprisal__top5_causal,answer_z,cell=pb_olympiadbench_q4,0.36605006317016836,0.09959897365481118,12.580711354357158,661,5161,0.058441711907864846,,
chosen_surprisal__top5_causal,answer_z,cell=pb_olympiadbench_q8,0.3772600960913447,0.10063716274289636,12.20688388117533,661,5161,0.06208499902735622,,
chosen_surprisal__top5_causal,answer_z,cell=pb_omnimath_q4,0.33376833139923184,0.09649470266835579,13.797504894134754,759,4033,0.12341318394948543,,
chosen_surprisal__top5_causal,answer_z,cell=pb_omnimath_q8,0.3028258972807847,0.08474000095907859,15.207319543473885,759,4033,0.12310668365238865,,
chosen_surprisal__top5_causal,answer_z,steps_2_to_5,0.21740219636968205,0.05933089919583971,21.18272153128214,1312,5760,0.05673523169886818,"[0.19652831143639532, 0.2920592770877516]","[15.767929825438932, 23.43260445444022]"
chosen_surprisal__top5_causal,answer_z,steps_6_to_10,0.3261201120078866,0.09059450660287219,14.121086116506438,2308,14512,0.07660465421686136,"[0.29911642420087164, 0.38525835032413414]","[11.953459755287763, 15.395912137862044]"
chosen_surprisal__top5_causal,answer_z,steps_11_plus,0.4016407563021239,0.11291492059671208,11.465893621921106,822,8382,0.06363516575703038,"[0.3640587977586999, 0.516604742352659]","[8.914301028317668, 12.649523138403657]"
chosen_surprisal__page_wmax_causal,raw,macro8_all,0.23522549478266822,0.06950246613446401,19.577683066382512,4442,28654,0.11193006903966773,"[0.215470058769326, 0.26868204856613087]","[17.139850654572548, 21.37266872386298]"
chosen_surprisal__page_wmax_causal,raw,cell=pb_gsm8k_q4,0.2852660484817631,0.08010719066143641,16.143421940667775,207,1361,0.1145085937730194,,
chosen_surprisal__page_wmax_causal,raw,cell=pb_gsm8k_q8,0.3153575601746636,0.088525079868162,14.603011842929902,207,1361,0.12597620975701224,,
chosen_surprisal__page_wmax_causal,raw,cell=pb_math_q4,0.18348565132704253,0.05079569274840771,25.098257834776923,594,3772,0.13469141581892063,,
chosen_surprisal__page_wmax_causal,raw,cell=pb_math_q8,0.20527564654611022,0.05596474646286336,22.434079558257057,594,3772,0.1278096890779107,,
chosen_surprisal__page_wmax_causal,raw,cell=pb_olympiadbench_q4,0.3499153851440203,0.10717512527878063,13.160810817428526,661,5161,0.100462985836473,,
chosen_surprisal__page_wmax_causal,raw,cell=pb_olympiadbench_q8,0.3193942352905348,0.09636470968664029,14.418451171477876,661,5161,0.09406465713687641,,
chosen_surprisal__page_wmax_causal,raw,cell=pb_omnimath_q4,0.25428817837195583,0.07912746995375787,18.11004434210054,759,4033,0.1552409311257964,,
chosen_surprisal__page_wmax_causal,raw,cell=pb_omnimath_q8,0.2537796853734376,0.08114823056807254,18.1463310556618,759,4033,0.14970999604239968,,
chosen_surprisal__page_wmax_causal,raw,steps_2_to_5,0.14480889750332063,0.039294196800618644,31.801707390821687,1312,5760,0.1165638221689627,"[0.12805105602081565, 0.21250517293710258]","[21.67086157169046, 35.96354711232906]"
chosen_surprisal__page_wmax_causal,raw,steps_6_to_10,0.2579333378688175,0.07798569083072213,17.854109996165903,2308,14512,0.1362945835707998,"[0.23497905790898843, 0.3061809028628504]","[15.040683932044304, 19.59821537701354]"
chosen_surprisal__page_wmax_causal,raw,steps_11_plus,0.30029445864917786,0.09057299600648881,15.33551503648667,822,8382,0.10711980640730209,"[0.2702340759883542, 0.39645153109557146]","[11.615972760306823, 17.04141185431608]"
chosen_surprisal__page_wmax_causal,answer_z,macro8_all,0.1737072142771033,0.04697431187742448,26.511104936849524,4442,28654,0.09103360752704212,"[0.15829627123214693, 0.2053500416899597]","[22.425952038232552, 29.092095158921662]"
chosen_surprisal__page_wmax_causal,answer_z,cell=pb_gsm8k_q4,0.24737533663258537,0.0692872366717614,18.616124989161424,207,1361,0.10918545627805891,,
chosen_surprisal__page_wmax_causal,answer_z,cell=pb_gsm8k_q8,0.25945948207891106,0.07445703236775444,17.749091877811935,207,1361,0.10486717980526229,,
chosen_surprisal__page_wmax_causal,answer_z,cell=pb_math_q4,0.1454803397194482,0.03967124952928997,31.654931483312037,594,3772,0.08997307330866736,,
chosen_surprisal__page_wmax_causal,answer_z,cell=pb_math_q8,0.14252964097680554,0.039125559883310526,32.31026300513527,594,3772,0.0800465732831826,,
chosen_surprisal__page_wmax_causal,answer_z,cell=pb_olympiadbench_q4,0.2607861583480526,0.06988133667164895,17.658798362457187,661,5161,0.09207641982667607,,
chosen_surprisal__page_wmax_causal,answer_z,cell=pb_olympiadbench_q8,0.2564509515597512,0.06919875030336523,17.957313700647827,661,5161,0.08516966144841653,,
chosen_surprisal__page_wmax_causal,answer_z,cell=pb_omnimath_q4,0.1877192662364104,0.05186370903048997,24.532219192612974,759,4033,0.1503475766844099,,
chosen_surprisal__page_wmax_causal,answer_z,cell=pb_omnimath_q8,0.1894548793010169,0.05516861371287403,24.307477342249552,759,4033,0.14751574030826808,,
chosen_surprisal__page_wmax_causal,answer_z,steps_2_to_5,0.12711634322009605,0.0348493129575395,36.22799452320976,1312,5760,0.08901362085827899,"[0.11519887828831085, 0.18874863191307684]","[24.39842948429359, 39.97582489008815]"
chosen_surprisal__page_wmax_causal,answer_z,steps_6_to_10,0.2041047744734294,0.057106399308133916,22.56277540723379,2308,14512,0.10960637226467958,"[0.1830399649581524, 0.25289693639275]","[18.209671701345734, 25.159369906134714]"
chosen_surprisal__page_wmax_causal,answer_z,steps_11_plus,0.2220032404123521,0.061064692652178086,20.743707062268015,822,8382,0.08135048432521735,"[0.20151729399292295, 0.31727479810948434]","[14.514768312606261, 22.85248126719]"
logprob_margin__top5_causal,raw,macro8_all,0.035634619189966875,0.009731780896851977,129.23304052831588,4442,28654,0.08356252673682515,"[0.03234808117363327, 0.053465432118678914]","[86.13360078650163, 142.36300945546466]"
logprob_margin__top5_causal,raw,cell=pb_gsm8k_q4,0.15795837466436713,0.04313990319723656,29.154327497818603,207,1361,0.10596874290481044,,
logprob_margin__top5_causal,raw,cell=pb_gsm8k_q8,0.11360366369097491,0.031524257750593684,40.53716259112111,207,1361,0.08054375699772892,,
logprob_margin__top5_causal,raw,cell=pb_math_q4,0.05775724551095725,0.01474181681814156,79.73320308556673,594,3772,0.0754258435143414,,
logprob_margin__top5_causal,raw,cell=pb_math_q8,0.05316075467705651,0.014584239506845589,86.62725376951097,594,3772,0.059750707858555095,,
logprob_margin__top5_causal,raw,cell=pb_olympiadbench_q4,0.05577593510662157,0.014897139355077917,82.56553972936221,661,5161,0.08766921131111315,,
logprob_margin__top5_causal,raw,cell=pb_olympiadbench_q8,0.06822193072808214,0.017641825661209705,67.50278300306839,661,5161,0.08766102361915645,,
logprob_margin__top5_causal,raw,cell=pb_omnimath_q4,0.08178988117418817,0.021300824601985985,56.304889062993574,759,4033,0.15752668853225382,,
logprob_margin__top5_causal,raw,cell=pb_omnimath_q8,0.07122437886806822,0.01832464662193102,64.65721792419465,759,4033,0.1282527181197268,,
logprob_margin__top5_causal,raw,steps_2_to_5,0.025482369190749872,0.00639564496703183,180.7198597397205,1312,5760,0.1417818600735552,"[0.03107774598892564, 0.06780809763652838]","[67.91475275819087, 148.1822455087031]"
logprob_margin__top5_causal,raw,steps_6_to_10,0.03327363504328719,0.00833617410145836,138.4029782137424,2308,14512,0.09754110533774032,"[0.03407141212766138, 0.061895087586412094]","[74.40283818257446, 135.1622929138683]"
logprob_margin__top5_causal,raw,steps_11_plus,0.06803066655553232,0.020296397391824695,67.69256306240902,822,8382,0.08381879951720145,"[0.07620643112708472, 0.1372807071073646]","[33.545647331102955, 60.43020409010279]"
logprob_margin__top5_causal,answer_z,macro8_all,0.05933497067649987,0.01688938406126619,77.61308606851658,4442,28654,0.06540057724453026,"[0.054592119930069016, 0.0798069163658714]","[57.70389830470189, 84.35595085677542]"
logprob_margin__top5_causal,answer_z,cell=pb_gsm8k_q4,0.17954369902985606,0.051866255298898135,25.649299924595542,207,1361,0.0847084507346587,,
logprob_margin__top5_causal,answer_z,cell=pb_gsm8k_q8,0.17208042093795334,0.04639069934676416,26.76173245559742,207,1361,0.07538373226267914,,
logprob_margin__top5_causal,answer_z,cell=pb_math_q4,0.06990044756943672,0.018921275749630383,65.88184119155278,594,3772,0.07262420210242285,,
logprob_margin__top5_causal,answer_z,cell=pb_math_q8,0.08436613590859979,0.022597922988408858,54.58552932870152,594,3772,0.058094047274205404,,
logprob_margin__top5_causal,answer_z,cell=pb_olympiadbench_q4,0.09160340239987966,0.025098331152549273,50.27291634741879,661,5161,0.07028151281828328,,
logprob_margin__top5_causal,answer_z,cell=pb_olympiadbench_q8,0.08565530148002748,0.022956079858216145,53.76398315592753,661,5161,0.054302349834727016,,
logprob_margin__top5_causal,answer_z,cell=pb_omnimath_q4,0.10261152437295268,0.02879542601828617,44.879658636101176,759,4033,0.12353620100422888,,
logprob_margin__top5_causal,answer_z,cell=pb_omnimath_q8,0.09731195644589524,0.027425813395899976,47.32378583456529,759,4033,0.09324722351180464,,
logprob_margin__top5_causal,answer_z,steps_2_to_5,0.0642620345973003,0.017652332328956542,71.66237755848394,1312,5760,0.1202321945509943,"[0.06683856644271895, 0.11503705645459705]","[40.03205860718164, 68.89989464293419]"
logprob_margin__top5_causal,answer_z,steps_6_to_10,0.06273332351706593,0.01751871995632992,73.40867545038172,2308,14512,0.0896673819315455,"[0.05827672324484958, 0.09497542491045347]","[48.48801877254064, 79.02246265013005]"
logprob_margin__top5_causal,answer_z,steps_11_plus,0.13213212381947087,0.03592172751075429,34.85276746387602,822,8382,0.03787512262857355,"[0.1258719975613768, 0.21713934880747424]","[21.20836325281259, 36.586137307803924]"
logprob_margin__page_wmax_causal,raw,macro8_all,0.06851421165518073,0.017089353055127515,67.2148168202687,4442,28654,0.05227109662896395,"[0.060508482118380315, 0.09273834551618741]","[49.657670301916944, 76.10784512786854]"
logprob_margin__page_wmax_causal,raw,cell=pb_gsm8k_q4,0.23362357587392824,0.06258207119132121,19.71192405886814,207,1361,0.10493875589368837,,
logprob_margin__page_wmax_causal,raw,cell=pb_gsm8k_q8,0.18724052415634848,0.046052782041234405,24.594943892288562,207,1361,0.10594923921538624,,
logprob_margin__page_wmax_causal,raw,cell=pb_math_q4,0.08219184547819265,0.020799841720959847,56.029526520486115,594,3772,0.05205050020509251,,
logprob_margin__page_wmax_causal,raw,cell=pb_math_q8,0.08884224114336159,0.022102121957709914,51.83536712628502,594,3772,0.04828973390941177,,
logprob_margin__page_wmax_causal,raw,cell=pb_olympiadbench_q4,0.14585720391058088,0.03677910667511222,31.573141829945776,661,5161,0.08131749349876326,,
logprob_margin__page_wmax_causal,raw,cell=pb_olympiadbench_q8,0.14410632016297875,0.03548999160404703,31.956753741125443,661,5161,0.08141183321268808,,
logprob_margin__page_wmax_causal,raw,cell=pb_omnimath_q4,0.07624002883298026,0.01986858161467045,60.40357350961502,759,4033,0.06105336475189852,,
logprob_margin__page_wmax_causal,raw,cell=pb_omnimath_q8,0.07800261384349025,0.020014426236830394,59.03866497638423,759,4033,0.06164153742811779,,
logprob_margin__page_wmax_causal,raw,steps_2_to_5,0.0960754277642788,0.024217132918239227,47.93286163957431,1312,5760,0.08728103494540591,"[0.08596479022108225, 0.15670397568753333]","[29.387704847838513, 53.570423124916864]"
logprob_margin__page_wmax_causal,raw,steps_6_to_10,0.07304624984000097,0.017685235606403085,63.044580605782826,2308,14512,0.0693988695076514,"[0.06427601664590482, 0.1119840453050937]","[41.12344908992693, 71.64678874482647]"
logprob_margin__page_wmax_causal,raw,steps_11_plus,0.14915784574449284,0.03715087468216652,30.87447504355045,822,8382,0.042134322200143355,"[0.13410672992575992, 0.25226587332037337]","[18.25522463809286, 34.33959047795339]"
logprob_margin__page_wmax_causal,answer_z,macro8_all,0.11971813799110491,0.030822839618203153,38.46677089423373,4442,28654,0.011022997216752012,"[0.10865047907546432, 0.14872504651315333]","[30.964321706100847, 42.38518067453272]"
logprob_margin__page_wmax_causal,answer_z,cell=pb_gsm8k_q4,0.24264436647018542,0.0701216161437589,18.97909377819388,207,1361,0.06050535087044952,,
logprob_margin__page_wmax_causal,answer_z,cell=pb_gsm8k_q8,0.25372519513550684,0.07018507992595849,18.150228177097713,207,1361,0.04067737706884293,,
logprob_margin__page_wmax_causal,answer_z,cell=pb_math_q4,0.10633595583144541,0.027253703511315962,43.30774242804391,594,3772,0.026690768306309773,,
logprob_margin__page_wmax_causal,answer_z,cell=pb_math_q8,0.10140721088712824,0.026614587954725776,45.41265010349114,594,3772,0.02244736268874581,,
logprob_margin__page_wmax_causal,answer_z,cell=pb_olympiadbench_q4,0.22240066960954633,0.058109267601023806,20.70663813230902,661,5161,0.025175852858878543,,
logprob_margin__page_wmax_causal,answer_z,cell=pb_olympiadbench_q8,0.20573096652100387,0.0536590182001743,22.384428867775394,661,5161,0.021145256452992218,,
logprob_margin__page_wmax_causal,answer_z,cell=pb_omnimath_q4,0.10817927908498046,0.028147644949659812,42.56979917910611,759,4033,0.024492941475831902,,
logprob_margin__page_wmax_causal,answer_z,cell=pb_omnimath_q8,0.1088572128351927,0.02783461223597345,42.30468579937108,759,4033,0.024943683240792998,,
logprob_margin__page_wmax_causal,answer_z,steps_2_to_5,0.1351674626541365,0.03656466197589448,34.07010900080072,1312,5760,0.03458803195168396,"[0.12298135959361704, 0.1963658513922835]","[23.45199103273951, 37.44608289585952]"
logprob_margin__page_wmax_causal,answer_z,steps_6_to_10,0.10053432900298978,0.025940544522624325,45.80694208294899,2308,14512,0.01726218194166047,"[0.08914447323060046, 0.14062993176886388]","[32.746728438701396, 51.65962643668731]"
logprob_margin__page_wmax_causal,answer_z,steps_11_plus,0.20512056845018864,0.054828097766193455,22.45104048210752,822,8382,0.015116856903643804,"[0.1834412354233794, 0.3057854220710115]","[15.060136466932844, 25.104334777071436]"
true_tail50__top5_causal,raw,macro8_all,0.3456246505687932,0.08819244607260417,13.324194840875442,4442,28654,0.05662068154729624,"[0.31820617953682306, 0.38845098587984095]","[11.855215595752416, 14.47228395341448]"
true_tail50__top5_causal,raw,cell=pb_gsm8k_q4,0.5245992854171753,0.12036614556856122,8.778453028821682,207,1361,0.16751444353158165,,
true_tail50__top5_causal,raw,cell=pb_gsm8k_q8,0.46116471056628855,0.11151731884339576,9.985955300727932,207,1361,0.17240751426918274,,
true_tail50__top5_causal,raw,cell=pb_math_q4,0.2920775114566293,0.07382564485976381,15.766945435208267,594,3772,0.08920201204978279,,
true_tail50__top5_causal,raw,cell=pb_math_q8,0.3230409338333131,0.08626791044819432,14.255686210851309,594,3772,0.08655495400388455,,
true_tail50__top5_causal,raw,cell=pb_olympiadbench_q4,0.39323883934509285,0.09905655531939471,11.710873202803738,661,5161,0.06499436165924086,,
true_tail50__top5_causal,raw,cell=pb_olympiadbench_q8,0.3832926728116345,0.09629700554656469,12.014761858626134,661,5161,0.052472968801513475,,
true_tail50__top5_causal,raw,cell=pb_omnimath_q4,0.35740155872262164,0.09479549788191896,12.88514298160113,759,4033,0.07381821307380348,,
true_tail50__top5_causal,raw,cell=pb_omnimath_q8,0.36704139203055103,0.09588839781120989,12.546732564715143,759,4033,0.07479375239083555,,
true_tail50__top5_causal,raw,steps_2_to_5,0.2828082327599406,0.06897088408607137,16.28372038906361,1312,5760,0.08040108026100126,"[0.2437724529732215, 0.3766398158336424]","[12.226987143659139, 18.891265726788134]"
true_tail50__top5_causal,raw,steps_6_to_10,0.3222730945783841,0.07987816290677244,14.289651427503857,2308,14512,0.07097689269317929,"[0.28457762251950375, 0.3862297400290541]","[11.923396125947392, 16.182474732961385]"
true_tail50__top5_causal,raw,steps_11_plus,0.4205348934630801,0.1106721407146708,10.950744534097483,822,8382,0.038739025710699836,"[0.3629916355836892, 0.5538360101970088]","[8.315042902952365, 12.686711578306744]"
true_tail50__top5_causal,answer_z,macro8_all,0.17290230385909525,0.044353893180142004,26.634521826505114,4442,28654,0.03732554446484408,"[0.1545911340438979, 0.20564721440030884]","[22.39354517598161, 29.789355091220184]"
true_tail50__top5_causal,answer_z,cell=pb_gsm8k_q4,0.2593766046516654,0.06975503233552768,17.754763164444572,207,1361,0.08747686987908006,,
true_tail50__top5_causal,answer_z,cell=pb_gsm8k_q8,0.2688448421559116,0.07354294656659455,17.129471962558274,207,1361,0.06391877869858129,,
true_tail50__top5_causal,answer_z,cell=pb_math_q4,0.14980488492961785,0.041196352245314954,30.74112161396952,594,3772,0.03861915646537704,,
true_tail50__top5_causal,answer_z,cell=pb_math_q8,0.1488910296197345,0.038150222817087104,30.929802807795937,594,3772,0.039160953956338035,,
true_tail50__top5_causal,answer_z,cell=pb_olympiadbench_q4,0.22973666235214618,0.061969108040614534,20.045430010335792,661,5161,0.06898377053297791,,
true_tail50__top5_causal,answer_z,cell=pb_olympiadbench_q8,0.23797565167072826,0.06268314457187561,19.351434290260805,661,5161,0.06219792264367793,,
true_tail50__top5_causal,answer_z,cell=pb_omnimath_q4,0.19818761667552623,0.05108131678939451,23.236417407086034,759,4033,0.055635631732363466,,
true_tail50__top5_causal,answer_z,cell=pb_omnimath_q8,0.21140582645556305,0.054079290187172176,21.783553761022223,759,4033,0.04749352679779385,,
true_tail50__top5_causal,answer_z,steps_2_to_5,0.13910591123097615,0.0362137833558133,33.10549598673425,1312,5760,0.08496075519062064,"[0.12537120037831284, 0.2059402361754523]","[22.361682551751002, 36.7322811944992]"
true_tail50__top5_causal,answer_z,steps_6_to_10,0.1683959783948043,0.043621320706423654,27.347269393757564,2308,14512,0.05082889353615616,"[0.1483840431676759, 0.21612008586197723]","[21.30838588010341, 31.035481226132852]"
true_tail50__top5_causal,answer_z,steps_11_plus,0.25918112787957115,0.0674580362375526,17.768153968864162,822,8382,0.02707601251736412,"[0.22545985756531128, 0.3668114630359424]","[12.554597252422424, 20.425676817675026]"
true_tail50__page_wmax_causal,raw,macro8_all,0.18707885720568174,0.052216906081995716,24.616197975407715,4442,28654,0.019572309988656212,"[0.17026838744073838, 0.2178885809017969]","[21.13543613404714, 27.04653667781351]"
true_tail50__page_wmax_causal,raw,cell=pb_gsm8k_q4,0.28410120288364243,0.07345354160561299,16.209611713168997,207,1361,0.08395692157733373,,
true_tail50__page_wmax_causal,raw,cell=pb_gsm8k_q8,0.313233031616489,0.08064337769145015,14.702057960561747,207,1361,0.08987836064497279,,
true_tail50__page_wmax_causal,raw,cell=pb_math_q4,0.18200963354001837,0.050896480057425114,25.301793627179386,594,3772,0.027836475753900324,,
true_tail50__page_wmax_causal,raw,cell=pb_math_q8,0.1893369495258425,0.054645631987140675,24.32261741578093,594,3772,0.029048953496238806,,
true_tail50__page_wmax_causal,raw,cell=pb_olympiadbench_q4,0.23455040159634558,0.06265890389249847,19.63403240687456,661,5161,0.03934745262749509,,
true_tail50__page_wmax_causal,raw,cell=pb_olympiadbench_q8,0.24523992031118824,0.06567020146287866,18.778224116793584,661,5161,0.0314366763421696,,
true_tail50__page_wmax_causal,raw,cell=pb_omnimath_q4,0.19335517274258682,0.054745221502293134,23.817155345096154,759,4033,0.025144745974546173,,
true_tail50__page_wmax_causal,raw,cell=pb_omnimath_q8,0.20224637705528015,0.059812922843040454,22.77009978146287,759,4033,0.021277284672752705,,
true_tail50__page_wmax_causal,raw,steps_2_to_5,0.18810647540350867,0.04859044493616093,24.4817206643711,1312,5760,0.034114183893896345,"[0.16552103100610285, 0.2610074704444319]","[17.64382520602423, 27.822266197812027]"
true_tail50__page_wmax_causal,raw,steps_6_to_10,0.16210809883440808,0.04425253061519103,28.408020445000904,2308,14512,0.02862006784467449,"[0.14392882558330905, 0.20627470493523642]","[22.325423698625414, 31.996163154423307]"
true_tail50__page_wmax_causal,raw,steps_11_plus,0.24749827759453233,0.06776947962622212,18.606877715458605,822,8382,0.01564762874075077,"[0.20981930927916026, 0.3465585104005105]","[13.288290570807197, 21.948266829250723]"
true_tail50__page_wmax_causal,answer_z,macro8_all,0.1040172246682818,0.02661346808304804,44.27314995832951,4442,28654,0.020784823218128662,"[0.09319114370120803, 0.1306218257567524]","[35.25574810571066, 49.41639305075291]"
true_tail50__page_wmax_causal,answer_z,cell=pb_gsm8k_q4,0.20880042567788046,0.05780033279472981,22.055367804146897,207,1361,0.08147685013783484,,
true_tail50__page_wmax_causal,answer_z,cell=pb_gsm8k_q8,0.2277637139246325,0.05973319590073491,20.219068729762427,207,1361,0.06043930230953577,,
true_tail50__page_wmax_causal,answer_z,cell=pb_math_q4,0.09522952491279392,0.025473615776254156,48.35863867015255,594,3772,0.03106369061560055,,
true_tail50__page_wmax_causal,answer_z,cell=pb_math_q8,0.09780997876693492,0.025015174369748174,47.08282574072993,594,3772,0.028501576994794053,,
true_tail50__page_wmax_causal,answer_z,cell=pb_olympiadbench_q4,0.1650176055059533,0.04441470747847747,27.907144645981138,661,5161,0.049215290639227034,,
true_tail50__page_wmax_causal,answer_z,cell=pb_olympiadbench_q8,0.1673076825348349,0.04520912906229453,27.525156742454165,661,5161,0.04595149914332362,,
true_tail50__page_wmax_causal,answer_z,cell=pb_omnimath_q4,0.11930849270418568,0.03078513270241631,38.59884641578855,759,4033,0.042481234718486686,,
true_tail50__page_wmax_causal,answer_z,cell=pb_omnimath_q8,0.11511107337592989,0.028752913955570725,40.006317819212065,759,4033,0.03671322205214832,,
true_tail50__page_wmax_causal,answer_z,steps_2_to_5,0.11415364827050217,0.02990171850040491,40.34185727534114,1312,5760,0.045998665279188874,"[0.10369590701345105, 0.17687834898996188]","[26.035804903682372, 44.41033709643647]"
true_tail50__page_wmax_causal,answer_z,steps_6_to_10,0.0909940288525102,0.023928693096508066,50.60958662960719,2308,14512,0.032118380011495695,"[0.07980088664959548, 0.12797800333936937]","[35.98407590229548, 57.70825838325991]"
true_tail50__page_wmax_causal,answer_z,steps_11_plus,0.17157649184768958,0.044824912667358295,26.840333057259116,822,8382,0.023563715166393207,"[0.15666460094075194, 0.2706163279359261]","[17.017340458032006, 29.395090903334914]"
energy_level__top5_causal,raw,macro8_all,0.16879368722700128,0.04777449751551259,27.282834219948366,4442,28654,0.007262704876464511,"[0.15415665889449134, 0.19643718724438258]","[23.443474479498196, 29.873313413856387]"
energy_level__top5_causal,raw,cell=pb_gsm8k_q4,0.31288110398661606,0.09139519176481085,14.718594786680006,207,1361,0.10127319817305101,,
energy_level__top5_causal,raw,cell=pb_gsm8k_q8,0.35997046998244375,0.09607833790868017,12.793188802994568,207,1361,0.06718572037631955,,
energy_level__top5_causal,raw,cell=pb_math_q4,0.1817162800879619,0.05254988634541133,25.342639546434174,594,3772,0.01737414764097078,,
energy_level__top5_causal,raw,cell=pb_math_q8,0.1681979147654478,0.04514726218245288,27.37947252443651,594,3772,0.02666926666820735,,
energy_level__top5_causal,raw,cell=pb_olympiadbench_q4,0.19573143508278318,0.0574074510870723,23.528005013810727,661,5161,0.041203691613024965,,
energy_level__top5_causal,raw,cell=pb_olympiadbench_q8,0.1853823505698854,0.050863456564890656,24.84147046270209,661,5161,0.02483363091148478,,
energy_level__top5_causal,raw,cell=pb_omnimath_q4,0.18013791563429257,0.05231498258034114,25.564691196590115,759,4033,0.025687370098047366,,
energy_level__top5_causal,raw,cell=pb_omnimath_q8,0.17795658504928932,0.04979484260694579,25.878054384515078,759,4033,0.019300955560001616,,
energy_level__top5_causal,raw,steps_2_to_5,0.15680091931378087,0.04654148609484128,29.36953562607942,1312,5760,0.02198586416061652,"[0.14325117413902366, 0.21672906514857695]","[21.24851220500145, 32.147521398455176]"
energy_level__top5_causal,raw,steps_6_to_10,0.1585697246250341,0.043937621649910205,29.041925858658225,2308,14512,0.011486594054224253,"[0.14296073720758365, 0.20002643365322564]","[23.022808045319707, 32.21283183019149]"
energy_level__top5_causal,raw,steps_11_plus,0.2197761223885472,0.062313694337003636,20.953914992851256,822,8382,0.01472578682701835,"[0.19780254125504712, 0.31450394496734996]","[14.642646808345043, 23.281653293069542]"
energy_level__top5_causal,answer_z,macro8_all,0.112064451686753,0.030529861897838344,41.09394296472039,4442,28654,0.028350953075156504,"[0.1021210511376724, 0.13647451962649831]","[33.7438094568236, 45.09520940770308]"
energy_level__top5_causal,answer_z,cell=pb_gsm8k_q4,0.2757872238097866,0.081927077350613,16.698272394098744,207,1361,0.1065325634754771,,
energy_level__top5_causal,answer_z,cell=pb_gsm8k_q8,0.2563500195850771,0.07065274133900118,17.96438398343767,207,1361,0.06549842581275708,,
energy_level__top5_causal,answer_z,cell=pb_math_q4,0.13193279427162272,0.034503539627824986,34.905424473213124,594,3772,0.04529189567858502,,
energy_level__top5_causal,answer_z,cell=pb_math_q8,0.11327192916990124,0.028976743091120045,40.65588199774197,594,3772,0.025826716199829323,,
energy_level__top5_causal,answer_z,cell=pb_olympiadbench_q4,0.14163436528206752,0.03946178381149714,32.5144972889652,661,5161,0.0614912966170053,,
energy_level__top5_causal,answer_z,cell=pb_olympiadbench_q8,0.13369676618031806,0.03722659047659252,34.4448883660885,661,5161,0.03443055091468343,,
energy_level__top5_causal,answer_z,cell=pb_omnimath_q4,0.1360137939665904,0.03746133770008996,33.85811138478556,759,4033,0.05456495989488265,,
energy_level__top5_causal,answer_z,cell=pb_omnimath_q8,0.11915383806178345,0.032130376753821424,38.64894543808338,759,4033,0.028201590863723626,,
energy_level__top5_causal,answer_z,steps_2_to_5,0.09490407167278392,0.025854316780208345,48.52447429090377,1312,5760,0.07810748154794821,"[0.08957396847218996, 0.14885200536012008]","[30.937911617963955, 51.41192541243564]"
energy_level__top5_causal,answer_z,steps_6_to_10,0.1200076698670128,0.03326970099382881,38.37396552313146,2308,14512,0.04288846766743687,"[0.10731517284874698, 0.157971845732697]","[29.151841359000553, 42.91257297305711]"
energy_level__top5_causal,answer_z,steps_11_plus,0.1798674821523013,0.04840894908469722,25.60312809676572,822,8382,0.011217228290714183,"[0.162960710963129, 0.27329567287976436]","[16.85050530607604, 28.25938938760548]"
energy_level__page_wmax_causal,raw,macro8_all,0.12053525049785987,0.03142390546458344,38.20600336388613,4442,28654,0.03576676215456519,"[0.10886576783147571, 0.14895981158736804]","[30.9155210181443, 42.3013613711603]"
energy_level__page_wmax_causal,raw,cell=pb_gsm8k_q4,0.2767879181083156,0.07603373309572758,16.63790174607964,207,1361,0.0993939521479249,,
energy_level__page_wmax_causal,raw,cell=pb_gsm8k_q8,0.209835308386846,0.05515126386405293,21.946593361199916,207,1361,0.13961130122029114,,
energy_level__page_wmax_causal,raw,cell=pb_math_q4,0.16296029842077966,0.04378329653614356,28.259460927698385,594,3772,0.06666076012060562,,
energy_level__page_wmax_causal,raw,cell=pb_math_q8,0.12673024631344298,0.03289970796413085,36.33836688518766,594,3772,0.03835362583685666,,
energy_level__page_wmax_causal,raw,cell=pb_olympiadbench_q4,0.22586931726543472,0.06065684968109862,20.388648806939266,661,5161,0.08194334339893086,,
energy_level__page_wmax_causal,raw,cell=pb_olympiadbench_q8,0.15466035599015188,0.039811866197352386,29.776022151929677,661,5161,0.0593168923189225,,
energy_level__page_wmax_causal,raw,cell=pb_omnimath_q4,0.1376365184709747,0.03694053325468817,33.458926723428036,759,4033,0.053238022690961714,,
energy_level__page_wmax_causal,raw,cell=pb_omnimath_q8,0.12214659862295148,0.03431464622058603,37.701992834066324,759,4033,0.02667355496232784,,
energy_level__page_wmax_causal,raw,steps_2_to_5,0.1671325524563846,0.044419300849876824,27.553999016378757,1312,5760,0.031174572537676734,"[0.15108023335036846, 0.23296071328207374]","[19.76801204421131, 30.48161949358586]"
energy_level__page_wmax_causal,raw,steps_6_to_10,0.12158549959963613,0.030643836653697538,37.87598193166345,2308,14512,0.03773072892744247,"[0.10645841823564922, 0.16509122790179864]","[27.894699461120908, 43.25792419528905]"
energy_level__page_wmax_causal,raw,steps_11_plus,0.17097480157113448,0.045279271296646335,26.934788890935483,822,8382,0.048464685184473257,"[0.15166094554063447, 0.26747460671125334]","[17.217223880095307, 30.36490488419268]"
energy_level__page_wmax_causal,answer_z,macro8_all,0.11459421300585736,0.02939313742071526,40.18676044097187,4442,28654,0.010848414090371461,"[0.10295893471416787, 0.14280951073390388]","[32.24694323453624, 44.728222944155895]"
energy_level__page_wmax_causal,answer_z,cell=pb_gsm8k_q4,0.26163138246918194,0.07571487520790192,17.60174999851382,207,1361,0.05766255271917392,,
energy_level__page_wmax_causal,answer_z,cell=pb_gsm8k_q8,0.20249976358562102,0.053577767659784045,22.741607715709417,207,1361,0.0582315687465956,,
energy_level__page_wmax_causal,answer_z,cell=pb_math_q4,0.11952617197497767,0.03036643220005613,38.52855077591012,594,3772,0.019064764631649092,,
energy_level__page_wmax_causal,answer_z,cell=pb_math_q8,0.11242765709139804,0.029360877529206117,40.96118610960931,594,3772,0.0275304162910237,,
energy_level__page_wmax_causal,answer_z,cell=pb_olympiadbench_q4,0.20631264435681246,0.05457591063907134,22.321318212680982,661,5161,0.026163432769214186,,
energy_level__page_wmax_causal,answer_z,cell=pb_olympiadbench_q8,0.15227380972556956,0.03945216219822578,30.242693699511477,661,5161,0.022057434229100694,,
energy_level__page_wmax_causal,answer_z,cell=pb_omnimath_q4,0.13101397976366985,0.03377781167141965,35.150219803223656,759,4033,0.029585653812746568,,
energy_level__page_wmax_causal,answer_z,cell=pb_omnimath_q8,0.12023211878140194,0.030935721989870813,38.30232913353965,759,4033,0.028925585437286686,,
energy_level__page_wmax_causal,answer_z,steps_2_to_5,0.1325716876751829,0.03405768418319217,34.737207217813584,1312,5760,0.032262560010292894,"[0.11950980799418803, 0.19750677887909554]","[23.316517094368507, 38.533826330070326]"
energy_level__page_wmax_causal,answer_z,steps_6_to_10,0.10844403440094057,0.028136401670364023,42.46586925161602,2308,14512,0.012972482416350357,"[0.09605203333532854, 0.14849218930122537]","[31.012878237293855, 47.944536165214956]"
energy_level__page_wmax_causal,answer_z,steps_11_plus,0.16536360744979642,0.04195344063680539,27.848752558123763,822,8382,0.01925207545930275,"[0.14920549534809743, 0.2657369611489551]","[17.329806761080285, 30.86461510847304]"
energy_innovation__top5_causal,raw,macro8_all,0.010052440209016526,0.002528964239428992,458.11465576860525,4442,28654,0.06575906173277914,"[0.011476753082766385, 0.022437030487695717]","[205.24864859070942, 401.2607183213922]"
energy_innovation__top5_causal,raw,cell=pb_gsm8k_q4,0.09905394606578785,0.02594998266830066,46.49153687354882,207,1361,0.1475751823959187,,
energy_innovation__top5_causal,raw,cell=pb_gsm8k_q8,0.1218928461069068,0.035299457088480125,37.780479602134335,207,1361,0.12340220168521937,,
energy_innovation__top5_causal,raw,cell=pb_math_q4,0.06269376922215898,0.016177352739155566,73.45498991565503,594,3772,0.1100885848661317,,
energy_innovation__top5_causal,raw,cell=pb_math_q8,0.040227951360854615,0.010330846233350477,114.47687565987596,594,3772,0.09218363519707196,,
energy_innovation__top5_causal,raw,cell=pb_olympiadbench_q4,0.037350728557810964,0.009500758412707156,123.2953241825061,661,5161,0.07303334029001626,,
energy_innovation__top5_causal,raw,cell=pb_olympiadbench_q8,0.043507482505094716,0.01117262076252797,105.84777424087517,661,5161,0.05112067893620316,,
energy_innovation__top5_causal,raw,cell=pb_omnimath_q4,0.03907515245293155,0.010136636803099761,117.8541834618638,759,4033,0.08308255583214971,,
energy_innovation__top5_causal,raw,cell=pb_omnimath_q8,0.041154619594022564,0.010433452344326879,111.89922860219956,759,4033,0.0821683686143056,,
energy_innovation__top5_causal,raw,steps_2_to_5,0.030167559659604902,0.007669509941303446,152.6530563940353,1312,5760,0.07413446715664357,"[0.03501025013777213, 0.07236193495451257]","[63.64078280774205, 131.53776873532334]"
energy_innovation__top5_causal,raw,steps_6_to_10,0.016431573172172684,0.004116440282685365,280.2634986762602,2308,14512,0.06069905619143975,"[0.020226919562098537, 0.03885893559548473]","[118.50994154670558, 227.67531021467644]"
energy_innovation__top5_causal,raw,steps_11_plus,0.04330798746230624,0.010896630544880706,106.33535418833006,822,8382,0.06867108378190845,"[0.05102699569000201, 0.10533035188115149]","[43.7212076456774, 90.24968301025034]"
energy_innovation__top5_causal,answer_z,macro8_all,0.016132515988378667,0.004181219203310695,285.4588948993142,4442,28654,0.04289283804011604,"[0.015861283350806412, 0.029533196941432627]","[155.93199053663642, 290.3403264499375]"
energy_innovation__top5_causal,answer_z,cell=pb_gsm8k_q4,0.1502242168312636,0.04274294142140347,30.6553116609738,207,1361,0.0905609090620371,,
energy_innovation__top5_causal,answer_z,cell=pb_gsm8k_q8,0.1363638642432075,0.037334873133136076,33.771191594971846,207,1361,0.0873893346820554,,
energy_innovation__top5_causal,answer_z,cell=pb_math_q4,0.0600872768310209,0.016270238940065622,76.64135285975563,594,3772,0.07421515091611242,,
energy_innovation__top5_causal,answer_z,cell=pb_math_q8,0.051296740214988264,0.013508461717621982,89.77510396737684,594,3772,0.05680495373918061,,
energy_innovation__top5_causal,answer_z,cell=pb_olympiadbench_q4,0.061294130822159176,0.015403411028761783,75.13231893849161,661,5161,0.06017743578810816,,
energy_innovation__top5_causal,answer_z,cell=pb_olympiadbench_q8,0.04489582927679202,0.011380541230902244,102.57456561490982,661,5161,0.03890431495107552,,
energy_innovation__top5_causal,answer_z,cell=pb_omnimath_q4,0.045325316580084346,0.011615209425642585,101.60260387484142,759,4033,0.07301113525612603,,
energy_innovation__top5_causal,answer_z,cell=pb_omnimath_q8,0.06370897935674491,0.01634778095513669,72.2844759480602,759,4033,0.054125475060935326,,
energy_innovation__top5_causal,answer_z,steps_2_to_5,0.027639676721249715,0.007306600429119391,166.61447354945298,1312,5760,0.08007599639379731,"[0.03494645149485798, 0.06830467145016132]","[67.42101364689626, 131.77790559552795]"
energy_innovation__top5_causal,answer_z,steps_6_to_10,0.021389149394322623,0.0055400079140562036,215.3040357561135,2308,14512,0.04117375742644363,"[0.024551124935471142, 0.0444994058427628]","[103.48835223239408, 187.57471187540585]"
energy_innovation__top5_causal,answer_z,steps_11_plus,0.07221677585987202,0.018806730589473634,63.768703755535576,822,8382,0.047511751430139484,"[0.07521697264809177, 0.14274757471320493]","[32.26093469707187, 61.225146717001294]"
energy_innovation__page_wmax_causal,raw,macro8_all,0.009844641749751932,0.002466620067833285,467.7844357418221,4442,28654,0.026447368004376994,"[0.011022772453211338, 0.02214905684251894]","[207.9172137545682, 417.78692298473754]"
energy_innovation__page_wmax_causal,raw,cell=pb_gsm8k_q4,0.15100670781320935,0.041145041077073584,30.49646106903109,207,1361,0.10549288341402277,,
energy_innovation__page_wmax_causal,raw,cell=pb_gsm8k_q8,0.15292673074045382,0.044193543490230934,30.11357245192114,207,1361,0.07188803203786533,,
energy_innovation__page_wmax_causal,raw,cell=pb_math_q4,0.03772365293830969,0.009537528904100019,122.07646469229867,594,3772,0.05439969931567014,,
energy_innovation__page_wmax_causal,raw,cell=pb_math_q8,0.03265179790583175,0.008289076341962843,141.03879361465692,594,3772,0.05150031947507122,,
energy_innovation__page_wmax_causal,raw,cell=pb_olympiadbench_q4,0.04192030850936097,0.010614692733820383,109.85535053874278,661,5161,0.042733586057731865,,
energy_innovation__page_wmax_causal,raw,cell=pb_olympiadbench_q8,0.03872280938773716,0.010173444125865662,118.92655152873462,661,5161,0.027918680208859844,,
energy_innovation__page_wmax_causal,raw,cell=pb_omnimath_q4,0.042268808751567216,0.010916712064389725,108.94960899075123,759,4033,0.03464119847341382,,
energy_innovation__page_wmax_causal,raw,cell=pb_omnimath_q8,0.03369365332864366,0.008460058050739164,136.67767460743545,759,4033,0.025285518055074542,,
energy_innovation__page_wmax_causal,raw,steps_2_to_5,0.03449728271598375,0.00902983403267544,133.49370800890244,1312,5760,0.02581318434005531,"[0.038410974698702825, 0.07747335537954086]","[59.44198703447693, 119.89204184770695]"
energy_innovation__page_wmax_causal,raw,steps_6_to_10,0.01270528356762125,0.0031333550989578927,362.46103138729836,2308,14512,0.029581760767489234,"[0.016771010303336945, 0.03535640825668284]","[130.24994373170392, 274.59110111403345]"
energy_innovation__page_wmax_causal,raw,steps_11_plus,0.038780184754234184,0.009906740577244645,118.75059944074351,822,8382,0.034294602968170454,"[0.04946422314832409, 0.09785853760305831]","[47.059462554692516, 93.1010312681747]"
energy_innovation__page_wmax_causal,answer_z,macro8_all,0.009383806165660325,0.0023645364808718644,490.7571730158423,4442,28654,0.01583762030355997,"[0.011000516583589139, 0.021606353789850978]","[213.13962692544868, 418.632175225135]"
energy_innovation__page_wmax_causal,answer_z,cell=pb_gsm8k_q4,0.08281657428535773,0.021931100030559085,55.6068664482576,207,1361,0.05483201072794794,,
energy_innovation__page_wmax_causal,answer_z,cell=pb_gsm8k_q8,0.10389729305250656,0.027066194235306568,44.324255721087724,207,1361,0.08314305959305732,,
energy_innovation__page_wmax_causal,answer_z,cell=pb_math_q4,0.047614781768457466,0.012393949006848771,96.71723811278284,594,3772,0.04152499129904466,,
energy_innovation__page_wmax_causal,answer_z,cell=pb_math_q8,0.039717718775808084,0.00991795155078034,115.94749970366082,594,3772,0.02902000229768282,,
energy_innovation__page_wmax_causal,answer_z,cell=pb_olympiadbench_q4,0.04340924512754156,0.011367906134962379,106.08731325452793,661,5161,0.0309083209432736,,
energy_innovation__page_wmax_causal,answer_z,cell=pb_olympiadbench_q8,0.05094571256698168,0.012968120215194655,90.39367503071767,661,5161,0.020155995259047724,,
energy_innovation__page_wmax_causal,answer_z,cell=pb_omnimath_q4,0.03140736094279234,0.007850748707801896,146.62709784423737,759,4033,0.036121854672671844,,
energy_innovation__page_wmax_causal,answer_z,cell=pb_omnimath_q8,0.042819414984796404,0.010791306630216456,107.54864791177596,759,4033,0.021880415160181126,,
energy_innovation__page_wmax_causal,answer_z,steps_2_to_5,0.023236475243249247,0.0059070276549314646,198.1871233816327,1312,5760,0.02405548322642948,"[0.03173166569985692, 0.06390298924981673]","[72.06501980658595, 145.1285359409562]"
energy_innovation__page_wmax_causal,answer_z,steps_6_to_10,0.01146748394555768,0.002925488863600807,401.5850563080196,2308,14512,0.014329233845139743,"[0.015445471456368688, 0.03351551004220436]","[137.4041505019329, 298.1566602869364]"
energy_innovation__page_wmax_causal,answer_z,steps_11_plus,0.053942761227617105,0.013437995096003795,85.37142113574973,822,8382,0.03148034467277022,"[0.058813897193078, 0.1173891706024677]","[39.22994056737363, 78.30071472512604]"
top15_turnover__top5_causal,raw,macro8_all,0.01151401279320604,0.00299033417271095,399.9622259153142,4442,28654,0.011136640911103144,"[0.012681342603357175, 0.024985803728818357]","[184.31146886327846, 363.1453174972932]"
top15_turnover__top5_causal,raw,cell=pb_gsm8k_q4,0.15503669877567872,0.0387870639048891,29.703742548409608,207,1361,0.220359295158899,,
top15_turnover__top5_causal,raw,cell=pb_gsm8k_q8,0.13139048325280447,0.03548562584114678,35.049495762394166,207,1361,0.10502999598374381,,
top15_turnover__top5_causal,raw,cell=pb_math_q4,0.04263762363946632,0.010743060700365408,108.00719629518576,594,3772,0.02666736918534254,,
top15_turnover__top5_causal,raw,cell=pb_math_q8,0.05319180896106684,0.013462850417351574,86.57667930336409,594,3772,0.019228855380972434,,
top15_turnover__top5_causal,raw,cell=pb_olympiadbench_q4,0.04952744186724757,0.012326764222448036,92.98219355507405,661,5161,0.021063737053200582,,
top15_turnover__top5_causal,raw,cell=pb_olympiadbench_q8,0.03878277040320728,0.009935270692202014,118.74268233316438,661,5161,0.03084711413207546,,
top15_turnover__top5_causal,raw,cell=pb_omnimath_q4,0.0351429744676794,0.009115583607970077,131.0409905747567,759,4033,0.041702964563570456,,
top15_turnover__top5_causal,raw,cell=pb_omnimath_q8,0.03991219085620702,0.009941044499428345,115.38254571339598,759,4033,0.04798891857006674,,
top15_turnover__top5_causal,raw,steps_2_to_5,0.022356214183527595,0.005590622624556685,205.99060950942456,1312,5760,0.01736029768321929,"[0.03012184712343057, 0.062054948770007785]","[74.21116731650335, 152.88472075160078]"
top15_turnover__top5_causal,raw,steps_6_to_10,0.013150577843219068,0.003348555480596523,350.1876678645487,2308,14512,0.015826318652526997,"[0.0169175867879495, 0.034764355257527184]","[132.46816032899042, 272.2120030303839]"
top15_turnover__top5_causal,raw,steps_11_plus,0.0409493913350819,0.0106119880572186,112.46003996261551,822,8382,0.017898371159661197,"[0.05223268004953491, 0.10190912208213333]","[45.1889888942088, 88.16645405942744]"
top15_turnover__top5_causal,answer_z,macro8_all,0.03525643109890096,0.009813631039645684,130.61929532997024,4442,28654,0.10214368603955276,"[0.03299179920790091, 0.05200719058116138]","[88.54872056204142, 139.58529987916637]"
top15_turnover__top5_causal,answer_z,cell=pb_gsm8k_q4,0.14680954827616416,0.042225567603282825,31.368328831890985,207,1361,0.11623276564731538,,
top15_turnover__top5_causal,answer_z,cell=pb_gsm8k_q8,0.10734835863257147,0.03005696017451961,42.89930693538148,207,1361,0.11159527384061091,,
top15_turnover__top5_causal,answer_z,cell=pb_math_q4,0.06828158644147315,0.018406770301008284,67.44380770847152,594,3772,0.08682564534230511,,
top15_turnover__top5_causal,answer_z,cell=pb_math_q8,0.06676618903507617,0.01766039209605684,68.97458507881478,594,3772,0.08444532291366615,,
top15_turnover__top5_causal,answer_z,cell=pb_olympiadbench_q4,0.05854867654963734,0.01568259250507007,78.65541046147894,661,5161,0.09551244751409965,,
top15_turnover__top5_causal,answer_z,cell=pb_olympiadbench_q8,0.06507243037499814,0.017727301394598632,70.76991222626089,661,5161,0.12375824422584543,,
top15_turnover__top5_causal,answer_z,cell=pb_omnimath_q4,0.06530606560847783,0.017521844306139,70.51672984860173,759,4033,0.1443374684981675,,
top15_turnover__top5_causal,answer_z,cell=pb_omnimath_q8,0.054107582128852416,0.014293125208403437,85.11136526155035,759,4033,0.18791039021799533,,
top15_turnover__top5_causal,answer_z,steps_2_to_5,0.0523831709154721,0.014028992123257414,87.91316190879714,1312,5760,0.09617027130451669,"[0.055628209613475366, 0.09939079789542077]","[46.3339693764574, 82.78479961851112]"
top15_turnover__top5_causal,answer_z,steps_6_to_10,0.043319952670391,0.011740099959408107,106.30598378136516,2308,14512,0.1284677307701172,"[0.04228276929882514, 0.07205619027093105]","[63.91081971823193, 108.91363698157892]"
top15_turnover__top5_causal,answer_z,steps_11_plus,0.05918690813848987,0.015977941388658726,77.8072437102573,822,8382,0.08061283344898756,"[0.06671753129888766, 0.1226038020559723]","[37.561397842178614, 69.0248889059969]"
top15_turnover__page_wmax_causal,raw,macro8_all,0.08456179203362016,0.02333124400608427,54.459231234801216,4442,28654,0.011665185820142582,"[0.07543719063381285, 0.10624267160457844]","[43.34576791449619, 61.046416857468955]"
top15_turnover__page_wmax_causal,raw,cell=pb_gsm8k_q4,0.190559958389528,0.05180544764475258,24.16651548891797,207,1361,0.18746234277211313,,
top15_turnover__page_wmax_causal,raw,cell=pb_gsm8k_q8,0.19842548341997443,0.05429072570528001,23.208562260327668,207,1361,0.1239841533762297,,
top15_turnover__page_wmax_causal,raw,cell=pb_math_q4,0.07943509597670861,0.02095327034842099,57.97399914187032,594,3772,0.04908820093141962,,
top15_turnover__page_wmax_causal,raw,cell=pb_math_q8,0.09731816235159187,0.02593571834126392,47.320768032492175,594,3772,0.0397651733981584,,
top15_turnover__page_wmax_causal,raw,cell=pb_olympiadbench_q4,0.10674268973129059,0.029386473913558753,43.14272197544344,661,5161,0.02200120374173843,,
top15_turnover__page_wmax_causal,raw,cell=pb_olympiadbench_q8,0.09314949274316688,0.026210457908850345,49.4384891465328,661,5161,0.012759060214168845,,
top15_turnover__page_wmax_causal,raw,cell=pb_omnimath_q4,0.11984755200113487,0.03328499142954009,38.425233633011416,759,4033,0.017968195559417456,,
top15_turnover__page_wmax_causal,raw,cell=pb_omnimath_q8,0.1270472346190844,0.03540440317828033,36.247701099480096,759,4033,0.010382213064329838,,
top15_turnover__page_wmax_causal,raw,steps_2_to_5,0.08950562602094764,0.024120235117306963,51.45118123535956,1312,5760,0.03192930747207859,"[0.08545189507908135, 0.14351760097515778]","[32.08784256911614, 53.891960871391355]"
top15_turnover__page_wmax_causal,raw,steps_6_to_10,0.10241236059528756,0.02853943952427835,44.96693718629112,2308,14512,0.018086186307264253,"[0.09209223768404184, 0.13621568677625887]","[33.80792840366702, 50.00606241959192]"
top15_turnover__page_wmax_causal,raw,steps_11_plus,0.09310443519926272,0.025778893435508467,49.462414718827056,822,8382,0.010846143862321996,"[0.09092445854133763, 0.16523904400540645]","[27.86974600166178, 50.648310255203896]"
top15_turnover__page_wmax_causal,answer_z,macro8_all,0.05230796959940702,0.013694421341940238,88.03955154933594,4442,28654,0.006105514562755461,"[0.04641542046798844, 0.07035976513793017]","[65.45175608474986, 99.2163841145027]"
top15_turnover__page_wmax_causal,answer_z,cell=pb_gsm8k_q4,0.14760400429658516,0.041107829333007856,31.199493590531496,207,1361,0.11440845192078508,,
top15_turnover__page_wmax_causal,answer_z,cell=pb_gsm8k_q8,0.14027030818004632,0.03919807287126891,32.83068416786429,207,1361,0.08678698615278399,,
top15_turnover__page_wmax_causal,answer_z,cell=pb_math_q4,0.05749577965580819,0.014726631012094498,80.09579509237736,594,3772,0.032966158909421416,,
top15_turnover__page_wmax_causal,answer_z,cell=pb_math_q8,0.06135331908150913,0.015981942245325266,75.05983791797848,594,3772,0.02759109476495264,,
top15_turnover__page_wmax_causal,answer_z,cell=pb_olympiadbench_q4,0.10699376774994007,0.028793225402858003,43.041480665967775,661,5161,0.015263523541071862,,
top15_turnover__page_wmax_causal,answer_z,cell=pb_olympiadbench_q8,0.07383274952408664,0.019449414527220158,62.37300135335927,661,5161,0.014957243833029306,,
top15_turnover__page_wmax_causal,answer_z,cell=pb_omnimath_q4,0.11007029348349832,0.02908598624156088,41.838447416136816,759,4033,0.012656382963161756,,
top15_turnover__page_wmax_causal,answer_z,cell=pb_omnimath_q8,0.09627612302519643,0.025431836053402473,47.832941764624984,759,4033,0.017323415091755695,,
top15_turnover__page_wmax_causal,answer_z,steps_2_to_5,0.06823618203925741,0.017805808772923416,67.48868486426542,1312,5760,0.01883047027215142,"[0.06688774861811879, 0.11598243288807535]","[39.705756046970876, 68.8492329481789]"
top15_turnover__page_wmax_causal,answer_z,steps_6_to_10,0.06746838301712912,0.018045343068981014,68.25671492406916,2308,14512,0.005294572407701694,"[0.061443386814205844, 0.09733504908690883]","[47.312558314695174, 74.9498103012018]"
top15_turnover__page_wmax_causal,answer_z,steps_11_plus,0.07877164329071211,0.020389485019899574,58.46228406067902,822,8382,0.014145078421487186,"[0.07860495520964124, 0.1476799552123927]","[31.18344787798016, 58.58625799996955]"
top50_js__top5_causal,raw,macro8_all,0.11930345830132288,0.030538937183064056,38.60047522140461,4442,28654,0.28223953558436987,"[0.10531817002696249, 0.1497441687586395]","[30.75358609396532, 43.72626475383234]"
top50_js__top5_causal,raw,cell=pb_gsm8k_q4,0.1905945945308779,0.05550561298550893,24.162123785950374,207,1361,0.30531553053360994,,
top50_js__top5_causal,raw,cell=pb_gsm8k_q8,0.19983728961956587,0.05633124884142846,23.044598907216184,207,1361,0.3232385589618041,,
top50_js__top5_causal,raw,cell=pb_math_q4,0.0995722840360963,0.0273723144247838,46.24951843344937,594,3772,0.2990458603461442,,
top50_js__top5_causal,raw,cell=pb_math_q8,0.1024279241189608,0.026802185122610366,44.96010463552499,594,3772,0.3039011901229346,,
top50_js__top5_causal,raw,cell=pb_olympiadbench_q4,0.1645144906082424,0.0431312244203091,27.992489712984387,661,5161,0.23028144706160883,,
top50_js__top5_causal,raw,cell=pb_olympiadbench_q8,0.18130003955340876,0.04838966479423695,25.400822842244693,661,5161,0.2471726582283656,,
top50_js__top5_causal,raw,cell=pb_omnimath_q4,0.18364129629263753,0.04811844661020338,25.076985835743745,759,4033,0.3362875828580257,,
top50_js__top5_causal,raw,cell=pb_omnimath_q8,0.2040939787420843,0.05312160989042986,22.563968885175655,759,4033,0.365115011553775,,
top50_js__top5_causal,raw,steps_2_to_5,0.08687332470874531,0.02231237802782012,53.010175464419646,1312,5760,0.4442048700945851,"[0.08355411574150623, 0.15271595328953166]","[30.15513498617414, 55.116018464431356]"
top50_js__top5_causal,raw,steps_6_to_10,0.14979835940454864,0.03952215480221633,30.742460760543253,2308,14512,0.29565648961991287,"[0.13587788300670217, 0.19701383571395387]","[23.37485674191116, 33.891977738282414]"
top50_js__top5_causal,raw,steps_11_plus,0.11808319037409253,0.03020387024862428,38.99937130254288,822,8382,0.20916218311096207,"[0.11472457127310429, 0.2078165912738774]","[22.15978116934383, 40.14109736810771]"
top50_js__top5_causal,answer_z,macro8_all,0.05967099023683833,0.016775980119981004,77.17603089390423,4442,28654,0.25201995513434716,"[0.05595114063323975, 0.08290944604296388]","[55.54457791940476, 82.30699381403188]"
top50_js__top5_causal,answer_z,cell=pb_gsm8k_q4,0.18372066003495002,0.04694139053108446,25.066153066900746,207,1361,0.34908979759654846,,
top50_js__top5_causal,answer_z,cell=pb_gsm8k_q8,0.08874964501381627,0.024526521471962274,51.88944908197856,207,1361,0.3401689106654748,,
top50_js__top5_causal,answer_z,cell=pb_math_q4,0.08025777251505596,0.020220834176921575,57.37974082353438,594,3772,0.2823162269415497,,
top50_js__top5_causal,answer_z,cell=pb_math_q8,0.08194046164594146,0.020385011027228287,56.201418609119926,594,3772,0.26952622983623076,,
top50_js__top5_causal,answer_z,cell=pb_olympiadbench_q4,0.11264695945667905,0.033552216460334,40.881442412647765,661,5161,0.2212432290405698,,
top50_js__top5_causal,answer_z,cell=pb_olympiadbench_q8,0.11729574617969137,0.03341020403840038,39.26118666684805,661,5161,0.21053754609306385,,
top50_js__top5_causal,answer_z,cell=pb_omnimath_q4,0.11525071657507766,0.03162009428522391,39.95784427932949,759,4033,0.27363228255829597,,
top50_js__top5_causal,answer_z,cell=pb_omnimath_q8,0.10312083846625397,0.02870622703792315,44.65799788366851,759,4033,0.26708288599842644,,
top50_js__top5_causal,answer_z,steps_2_to_5,0.09282602978250847,0.024589476040211843,49.610763239341516,1312,5760,0.45455464421515485,"[0.09157170334002798, 0.16095151805984692]","[28.61215750867129, 50.290319149005846]"
top50_js__top5_causal,answer_z,steps_6_to_10,0.07849362709997916,0.022279598885517195,58.66935133628593,2308,14512,0.26554091598231266,"[0.07359163022289043, 0.1163020670131071]","[39.59663232356046, 62.5773633773324]"
top50_js__top5_causal,answer_z,steps_11_plus,0.0538527333767326,0.014297945089230782,85.51414008592891,822,8382,0.15159010319278424,"[0.06710623359119824, 0.12863296688964443]","[35.8008549234421, 68.62507310486448]"
top50_js__page_wmax_causal,raw,macro8_all,0.027970165163402633,0.007600441834992373,164.64579880327966,4442,28654,0.21920220493677978,"[0.02009625602683978, 0.03984656966120251]","[115.57256308745737, 229.15562878167978]"
top50_js__page_wmax_causal,raw,cell=pb_gsm8k_q4,0.028165413622907226,0.007946009380981323,163.50444014934183,207,1361,0.2554293475411367,,
top50_js__page_wmax_causal,raw,cell=pb_gsm8k_q8,0.019938689643236474,0.005422247843491437,230.96654135194086,207,1361,0.25637679504781485,,
top50_js__page_wmax_causal,raw,cell=pb_math_q4,0.014229359787672875,0.00394208195267687,323.63860740787686,594,3772,0.2501095234344727,,
top50_js__page_wmax_causal,raw,cell=pb_math_q8,0.01691460025843545,0.0045872929201512015,272.26006619290075,594,3772,0.24818954440324018,,
top50_js__page_wmax_causal,raw,cell=pb_olympiadbench_q4,0.04897174746560504,0.014560067253572884,94.03728525763759,661,5161,0.1898978311630042,,
top50_js__page_wmax_causal,raw,cell=pb_olympiadbench_q8,0.05381176513560468,0.016785814205105297,85.57924413709802,661,5161,0.18989806435948334,,
top50_js__page_wmax_causal,raw,cell=pb_omnimath_q4,0.0637012528143134,0.018636068031980292,72.29324357892895,759,4033,0.25198819700136993,,
top50_js__page_wmax_causal,raw,cell=pb_omnimath_q8,0.06339890746925485,0.01854007279394656,72.63800544546227,759,4033,0.2516749938814745,,
top50_js__page_wmax_causal,raw,steps_2_to_5,0.04056105072624784,0.0110470339311392,113.53675764143844,1312,5760,0.3902887885019365,"[0.029709775622344572, 0.07474350227087818]","[61.6129836851701, 155.0052159439591]"
top50_js__page_wmax_causal,raw,steps_6_to_10,0.0656673227076308,0.019325956883760365,70.12879459836654,2308,14512,0.22376618014343358,"[0.05192014273683877, 0.08860941822486758]","[51.97156553157105, 88.69717884501493]"
top50_js__page_wmax_causal,raw,steps_11_plus,0.022773169937380818,0.007102719390411919,202.21911128977158,822,8382,0.11309123145997542,"[0.013978410269588426, 0.046170809896860676]","[99.7420274037951, 329.4487783068685]"
top50_js__page_wmax_causal,answer_z,macro8_all,0.10361972350649498,0.027796145471041308,44.442988556125954,4442,28654,0.2585649786100413,"[0.09245965934239012, 0.13465304494338726]","[34.20026771711151, 49.807345373559606]"
top50_js__page_wmax_causal,answer_z,cell=pb_gsm8k_q4,0.1078333960796688,0.02911728794737602,42.70634472631956,207,1361,0.3366584555942837,,
top50_js__page_wmax_causal,answer_z,cell=pb_gsm8k_q8,0.15681785283788957,0.042741461077327444,29.366364241376814,207,1361,0.35689583186868035,,
top50_js__page_wmax_causal,answer_z,cell=pb_math_q4,0.09937119108512515,0.02459018928257592,46.34311147627412,594,3772,0.3455854513956206,,
top50_js__page_wmax_causal,answer_z,cell=pb_math_q8,0.09825211460763458,0.02415528252247736,46.87095238996771,594,3772,0.33189588792488683,,
top50_js__page_wmax_causal,answer_z,cell=pb_olympiadbench_q4,0.18288942606413325,0.049661088113154096,25.18007894219763,661,5161,0.22354395654969852,,
top50_js__page_wmax_causal,answer_z,cell=pb_olympiadbench_q8,0.19189760511525347,0.050896088297896096,23.99805971117895,661,5161,0.23457106788056928,,
top50_js__page_wmax_causal,answer_z,cell=pb_omnimath_q4,0.15311730470406026,0.04154945019236952,30.07609228028669,759,4033,0.29532789321780517,,
top50_js__page_wmax_causal,answer_z,cell=pb_omnimath_q8,0.15459771788999926,0.04209830454346647,29.78808645328648,759,4033,0.31354322837210685,,
top50_js__page_wmax_causal,answer_z,steps_2_to_5,0.05904529523423324,0.015617470555611763,77.99385484854193,1312,5760,0.4051531822448183,"[0.046884255618674035, 0.10042386074113076]","[45.85733063837432, 98.22423594486693]"
top50_js__page_wmax_causal,answer_z,steps_6_to_10,0.07067086309141928,0.020184261791247493,65.16363299583422,2308,14512,0.26634051403212955,"[0.0605501357354405, 0.09979964483308726]","[46.14415405676181, 76.05548905966609]"
top50_js__page_wmax_causal,answer_z,steps_11_plus,0.08327115693482175,0.021910263919005975,55.30330495579237,822,8382,0.16579176210620716,"[0.08100783923671619, 0.16031396696603392]","[28.725944926331962, 56.848451080532385]"
dominant_freq16__top5_causal,raw,macro8_all,0.058679996566885106,0.016331257510418334,78.47938744745818,4442,28654,0.22418676998314221,"[0.053414327512891865, 0.0785311903163029]","[58.641288479643336, 86.21600983138104]"
dominant_freq16__top5_causal,raw,cell=pb_gsm8k_q4,0.14803657349115149,0.041728627211905255,31.108327336847974,207,1361,0.30868424017035206,,
dominant_freq16__top5_causal,raw,cell=pb_gsm8k_q8,0.15617590620155056,0.043406223011556014,29.48707196899473,207,1361,0.2770505458171452,,
dominant_freq16__top5_causal,raw,cell=pb_math_q4,0.07015327277727178,0.019104458949485807,65.64440978554136,594,3772,0.22265258243538852,,
dominant_freq16__top5_causal,raw,cell=pb_math_q8,0.05687474739889503,0.01444864098675758,80.97038486499831,594,3772,0.2584472293988839,,
dominant_freq16__top5_causal,raw,cell=pb_olympiadbench_q4,0.10708749132857345,0.031137897759605272,43.00381051843097,661,5161,0.17132433979465114,,
dominant_freq16__top5_causal,raw,cell=pb_olympiadbench_q8,0.09604314934437662,0.027140370902386933,47.94897103462932,661,5161,0.19474635543488936,,
dominant_freq16__top5_causal,raw,cell=pb_omnimath_q4,0.1074369031703363,0.031245288259301292,42.863951306254656,759,4033,0.23379817728487756,,
dominant_freq16__top5_causal,raw,cell=pb_omnimath_q8,0.10329979691706088,0.029555016439307153,44.58063155424758,759,4033,0.26407471667754284,,
dominant_freq16__top5_causal,raw,steps_2_to_5,0.07731556932606398,0.02108892462957822,59.563296579588595,1312,5760,0.3040805934608742,"[0.07389569206540593, 0.13084473659287696]","[35.19568540473329, 62.31987355787943]"
dominant_freq16__top5_causal,raw,steps_6_to_10,0.0830141213980556,0.023896710279985103,55.47453985456451,2308,14512,0.23045794460152116,"[0.07746620740286339, 0.11596075535617484]","[39.71317858221307, 59.44747187685182]"
dominant_freq16__top5_causal,raw,steps_11_plus,0.08883161161778053,0.02455713031824598,51.8415697083483,822,8382,0.14372334995578645,"[0.09099243297965037, 0.15859417365524905]","[29.03744872745943, 50.61047424699586]"
dominant_freq16__top5_causal,answer_z,macro8_all,0.06109203182406688,0.016815944311192807,75.38086471325889,4442,28654,0.18576391094621464,"[0.05676700277193461, 0.08153049622305418]","[56.48402008236397, 81.12406787601036]"
dominant_freq16__top5_causal,answer_z,cell=pb_gsm8k_q4,0.175106113094164,0.04798362514058138,26.299311341070336,207,1361,0.2758051927782562,,
dominant_freq16__top5_causal,answer_z,cell=pb_gsm8k_q8,0.1683779937437267,0.04493940338516389,27.350190387689352,207,1361,0.2632646598491355,,
dominant_freq16__top5_causal,answer_z,cell=pb_math_q4,0.0832939965964882,0.021669909125107443,55.28814049225551,594,3772,0.17795205875800815,,
dominant_freq16__top5_causal,answer_z,cell=pb_math_q8,0.07568772641614585,0.01928906809508877,60.844345629672766,594,3772,0.1889244451972862,,
dominant_freq16__top5_causal,answer_z,cell=pb_olympiadbench_q4,0.092535239179655,0.025549473003021263,49.76666431960327,661,5161,0.1630686432601652,,
dominant_freq16__top5_causal,answer_z,cell=pb_olympiadbench_q8,0.08927993927544121,0.024618776103612777,51.581242363757575,661,5161,0.18499681748297728,,
dominant_freq16__top5_causal,answer_z,cell=pb_omnimath_q4,0.08651026545065746,0.02332889803207061,53.23264426479798,759,4033,0.20585365145381074,,
dominant_freq16__top5_causal,answer_z,cell=pb_omnimath_q8,0.08199373594420888,0.021824983330977894,56.164902513060206,759,4033,0.24047252938657698,,
dominant_freq16__top5_causal,answer_z,steps_2_to_5,0.08471293738322534,0.0224182342706785,54.36206473581681,1312,5760,0.326502612630509,"[0.08140985417497666, 0.14082406447373022]","[32.701585508115734, 56.567724296496834]"
dominant_freq16__top5_causal,answer_z,steps_6_to_10,0.06989939186484494,0.019530976135435068,65.88283621826768,2308,14512,0.21344488290556735,"[0.06547405366253854, 0.10257398539207527]","[44.896083235778036, 70.33580370208502]"
dominant_freq16__top5_causal,answer_z,steps_11_plus,0.07266681861954973,0.01914701137649408,63.3737691214839,822,8382,0.11548826586537904,"[0.07531972696145982, 0.1381460572492408]","[33.33551660963816, 61.14162081793659]"
dominant_freq16__page_wmax_causal,raw,macro8_all,0.03692167191888862,0.009867508746325348,124.72810538225248,4442,28654,0.06127703337945684,"[0.033375608960018954, 0.05465878994754763]","[84.25305774985806, 137.98010971139675]"
dominant_freq16__page_wmax_causal,raw,cell=pb_gsm8k_q4,0.124834275107158,0.03328855563548652,36.89027057701104,207,1361,0.14560743755679442,,
dominant_freq16__page_wmax_causal,raw,cell=pb_gsm8k_q8,0.153128657482203,0.041827433528875704,30.07386247426166,207,1361,0.12141229840662932,,
dominant_freq16__page_wmax_causal,raw,cell=pb_math_q4,0.07465615044915172,0.01946598787633008,61.685074280982,594,3772,0.08043253385941466,,
dominant_freq16__page_wmax_causal,raw,cell=pb_math_q8,0.04927173211043376,0.012586218764340596,93.46475126278143,594,3772,0.09065754711356301,,
dominant_freq16__page_wmax_causal,raw,cell=pb_olympiadbench_q4,0.08245679233018297,0.021810006225059537,55.849494697144415,661,5161,0.06078370117065842,,
dominant_freq16__page_wmax_causal,raw,cell=pb_olympiadbench_q8,0.05799223172164012,0.015523317066013856,79.41012182619016,661,5161,0.08596645953574258,,
dominant_freq16__page_wmax_causal,raw,cell=pb_omnimath_q4,0.05933501207505957,0.015289723503902033,77.61303191718392,759,4033,0.07343563624697734,,
dominant_freq16__page_wmax_causal,raw,cell=pb_omnimath_q8,0.06483584880432558,0.016926299883130554,71.02814678784392,759,4033,0.0965989430253499,,
dominant_freq16__page_wmax_causal,raw,steps_2_to_5,0.04656498444043055,0.012471797519450179,98.89770696432582,1312,5760,0.1169050173630895,"[0.047777711547362614, 0.09320412938962125]","[49.40950809955101, 96.38741657651249]"
dominant_freq16__page_wmax_causal,raw,steps_6_to_10,0.04302291079065576,0.011530358742318867,107.03994921209048,2308,14512,0.06465250690263918,"[0.040052069474833564, 0.07124105319385463]","[64.6420845780722, 114.97958148908431]"
dominant_freq16__page_wmax_causal,raw,steps_11_plus,0.057254326121988,0.014885074267003747,80.43357590439823,822,8382,0.05130166006872673,"[0.06180670585559273, 0.11573060519846706]","[39.792155049138984, 74.5092320038503]"
dominant_freq16__page_wmax_causal,answer_z,macro8_all,0.030290007106777244,0.008089935928294094,152.03595594263518,4442,28654,0.07410586285834869,"[0.028398667832038284, 0.0464754400651401]","[99.08825348471092, 162.16148634946586]"
dominant_freq16__page_wmax_causal,answer_z,cell=pb_gsm8k_q4,0.14882916556978257,0.037883202404363873,30.942659446873225,207,1361,0.1766938596934754,,
dominant_freq16__page_wmax_causal,answer_z,cell=pb_gsm8k_q8,0.17030688481568576,0.04623972882946637,27.040422887025542,207,1361,0.1370611510530247,,
dominant_freq16__page_wmax_causal,answer_z,cell=pb_math_q4,0.05354607480967863,0.013376643644313358,86.00387988020537,594,3772,0.0704531350314491,,
dominant_freq16__page_wmax_causal,answer_z,cell=pb_math_q8,0.05048561514520833,0.012995876229730365,91.21747200153064,594,3772,0.08085384324553843,,
dominant_freq16__page_wmax_causal,answer_z,cell=pb_olympiadbench_q4,0.06494269065427902,0.017459101636411768,70.91129332019231,661,5161,0.07237486132830467,,
dominant_freq16__page_wmax_causal,answer_z,cell=pb_olympiadbench_q8,0.05564620685227896,0.014575243698670108,82.75802514649729,661,5161,0.10003355912794079,,
dominant_freq16__page_wmax_causal,answer_z,cell=pb_omnimath_q4,0.06342886987967478,0.01744350997368402,72.60369284088061,759,4033,0.08470666465974253,,
dominant_freq16__page_wmax_causal,answer_z,cell=pb_omnimath_q8,0.08519563825947565,0.02297991973593582,54.054060513783334,759,4033,0.11170913629169019,,
dominant_freq16__page_wmax_causal,answer_z,steps_2_to_5,0.04341014425622085,0.01129510591728514,106.08511593066527,1312,5760,0.14383673138816166,"[0.04806726679011501, 0.08937172987123156]","[51.528265063497216, 95.80678273421489]"
dominant_freq16__page_wmax_causal,answer_z,steps_6_to_10,0.04580058552710092,0.012866188174678132,100.54828192672647,2308,14512,0.08405061229701896,"[0.04490760702813197, 0.07292746468348041]","[63.14726839847565, 102.54766376447589]"
dominant_freq16__page_wmax_causal,answer_z,steps_11_plus,0.04893057606825749,0.01253399102809001,94.11641055613042,822,8382,0.0479257561639617,"[0.05593689827829764, 0.10840402116139755]","[42.481543919221174, 82.32795038216845]"
bocpd_p0__top5_causal,raw,macro8_all,0.1377282096181279,0.03619509462712172,33.43665178511081,4442,28654,0.025608695184655403,"[0.12366476648885338, 0.16850687641371967]","[27.32927156445197, 37.239145123871495]"
bocpd_p0__top5_causal,raw,cell=pb_gsm8k_q4,0.28377429546035404,0.07707131631760494,16.228285153584242,207,1361,0.0817557368814023,,
bocpd_p0__top5_causal,raw,cell=pb_gsm8k_q8,0.2692402525273453,0.07018680043631563,17.10431535685909,207,1361,0.07758367926480855,,
bocpd_p0__top5_causal,raw,cell=pb_math_q4,0.1717984186186802,0.04517778808284937,26.80566109406176,594,3772,0.03164924921812679,,
bocpd_p0__top5_causal,raw,cell=pb_math_q8,0.16576547673469275,0.04245606757301357,27.781238148632454,594,3772,0.030727360553819635,,
bocpd_p0__top5_causal,raw,cell=pb_olympiadbench_q4,0.14089182228928776,0.03757658853487654,32.68585863367196,661,5161,0.02960405513874948,,
bocpd_p0__top5_causal,raw,cell=pb_olympiadbench_q8,0.1233793502600774,0.03237954920642378,37.32529127670576,661,5161,0.03419612027190819,,
bocpd_p0__top5_causal,raw,cell=pb_omnimath_q4,0.1622386072431849,0.043477433105012314,28.3851683901924,759,4033,0.054537363491769866,,
bocpd_p0__top5_causal,raw,cell=pb_omnimath_q8,0.16532630236278303,0.04552612221253721,27.855036495540542,759,4033,0.04275667085922453,,
bocpd_p0__top5_causal,raw,steps_2_to_5,0.12434929862054525,0.03338417540543702,37.03414685145008,1312,5760,0.0321417700485347,"[0.11270990987855523, 0.18873774458234577]","[24.399836906914338, 40.85860942440781]"
bocpd_p0__top5_causal,raw,steps_6_to_10,0.1258043786386492,0.03127315967415212,36.60580208591648,2308,14512,0.03591222340274853,"[0.11046788469305618, 0.17084904571167142]","[26.954614623718047, 41.68786429453161]"
bocpd_p0__top5_causal,raw,steps_11_plus,0.17453091020257555,0.047783671261675015,26.385986188022144,822,8382,0.027316626316812895,"[0.15698206318463853, 0.2613808003454739]","[17.61862455046934, 29.335645694575955]"
bocpd_p0__top5_causal,answer_z,macro8_all,0.07097484888323495,0.017933146880776876,64.88453668375311,4442,28654,0.012619585949329482,"[0.06212692178896544, 0.09420071261782477]","[48.886787137921246, 74.12519489748856]"
bocpd_p0__top5_causal,answer_z,cell=pb_gsm8k_q4,0.21976415760714185,0.06076684870019779,20.955055802231666,207,1361,0.0761853141347755,,
bocpd_p0__top5_causal,answer_z,cell=pb_gsm8k_q8,0.2184594420454482,0.06073714488484784,21.08020666385312,207,1361,0.03711157375741823,,
bocpd_p0__top5_causal,answer_z,cell=pb_math_q4,0.10607118861072332,0.0279099201877871,43.415844078912585,594,3772,0.02694170948459381,,
bocpd_p0__top5_causal,answer_z,cell=pb_math_q8,0.11850474072933732,0.03144224711393485,38.860640997529515,594,3772,0.025642689079834628,,
bocpd_p0__top5_causal,answer_z,cell=pb_olympiadbench_q4,0.0865827134192188,0.022305447147524072,53.18810192157688,661,5161,0.025267514550183126,,
bocpd_p0__top5_causal,answer_z,cell=pb_olympiadbench_q8,0.07809522525541175,0.01993801801153738,58.96865232063554,661,5161,0.021300262681378537,,
bocpd_p0__top5_causal,answer_z,cell=pb_omnimath_q4,0.09215212172940114,0.02402527085474635,49.973566528515555,759,4033,0.03236958217378208,,
bocpd_p0__top5_causal,answer_z,cell=pb_omnimath_q8,0.09782926756862434,0.02497678174834919,47.07354251382595,759,4033,0.02838187127952728,,
bocpd_p0__top5_causal,answer_z,steps_2_to_5,0.0653149233397306,0.01675359253038646,70.5071666705425,1312,5760,0.03401612799162932,"[0.06369442436046396, 0.11804847752751574]","[39.010839296209305, 72.3009938817594]"
bocpd_p0__top5_causal,answer_z,steps_6_to_10,0.08192531796058913,0.020097562949153866,56.21180729751269,2308,14512,0.01380886241652047,"[0.07061782792342759, 0.1183527802822325]","[38.910536575535225, 65.21257197235768]"
bocpd_p0__top5_causal,answer_z,steps_11_plus,0.1353110203250717,0.03632367271694787,34.033962458671986,822,8382,0.018447507479819297,"[0.129391529029443, 0.212465429753133]","[21.674915261927143, 35.590971221463704]"
bocpd_p0__page_wmax_causal,raw,macro8_all,0.062348123526324566,0.01651251547874799,73.86220988741869,4442,28654,0.056856566885704174,"[0.055910268611503826, 0.08336739511311485]","[55.23946357853317, 82.36716260455516]"
bocpd_p0__page_wmax_causal,raw,cell=pb_gsm8k_q4,0.17401739867744903,0.04766662545871059,26.463849138005056,207,1361,0.10573079066929178,,
bocpd_p0__page_wmax_causal,raw,cell=pb_gsm8k_q8,0.210445278165674,0.0590469543625306,21.882981771454386,207,1361,0.09278370955302925,,
bocpd_p0__page_wmax_causal,raw,cell=pb_math_q4,0.11333949921195868,0.031168086792884662,40.63164402531779,594,3772,0.04173683564984719,,
bocpd_p0__page_wmax_causal,raw,cell=pb_math_q8,0.10793984465955703,0.02884491440914592,42.66422839974273,594,3772,0.05350766021885653,,
bocpd_p0__page_wmax_causal,raw,cell=pb_olympiadbench_q4,0.08356978554019331,0.022314856789513993,55.10568390501866,661,5161,0.07656434033044843,,
bocpd_p0__page_wmax_causal,raw,cell=pb_olympiadbench_q8,0.06016851124178836,0.015292097551775428,76.53787821809523,661,5161,0.07594632656842801,,
bocpd_p0__page_wmax_causal,raw,cell=pb_omnimath_q4,0.08189309424393433,0.021352961528000883,56.23392580906403,759,4033,0.07355190981859985,,
bocpd_p0__page_wmax_causal,raw,cell=pb_omnimath_q8,0.10131675361136817,0.026198269330931948,45.45319526968511,759,4033,0.08662965856755037,,
bocpd_p0__page_wmax_causal,raw,steps_2_to_5,0.0778759683375693,0.020666588822750534,59.134676387278304,1312,5760,0.06352084858893117,"[0.07446682810496351, 0.13413389830023673]","[34.332635108242165, 61.84190065806145]"
bocpd_p0__page_wmax_causal,raw,steps_6_to_10,0.0597772012805884,0.014984556193567441,77.03890592622207,2308,14512,0.07946729127947341,"[0.05437517627184594, 0.09313004676506446]","[49.4488121283282, 84.69251047508843]"
bocpd_p0__page_wmax_causal,raw,steps_11_plus,0.09491424996752207,0.02703810845411971,48.51927068447464,822,8382,0.03416444049042831,"[0.09347985706639096, 0.16356260775555498]","[28.155397185098312, 49.26377008383125]"
bocpd_p0__page_wmax_causal,answer_z,macro8_all,0.0330468241788011,0.008560419809998285,139.35288187063432,4442,28654,0.020606109137553445,"[0.030175833502684542, 0.05003113679470273]","[92.04608331977147, 152.61120080008396]"
bocpd_p0__page_wmax_causal,answer_z,cell=pb_gsm8k_q4,0.15536458015237176,0.04238293238749155,29.641055776494436,207,1361,0.09958247387495316,,
bocpd_p0__page_wmax_causal,answer_z,cell=pb_gsm8k_q8,0.16075977398121433,0.042906108478684216,28.64628427834336,207,1361,0.09460893920042203,,
bocpd_p0__page_wmax_causal,answer_z,cell=pb_math_q4,0.07266846198549387,0.01902121315563983,63.37233595101241,594,3772,0.025924738840333077,,
bocpd_p0__page_wmax_causal,answer_z,cell=pb_math_q8,0.0812687729292597,0.02127908602311779,56.6659249303131,594,3772,0.02180459335514338,,
bocpd_p0__page_wmax_causal,answer_z,cell=pb_olympiadbench_q4,0.0552558526931088,0.014658125425653139,83.34266799872266,661,5161,0.036102729186312195,,
bocpd_p0__page_wmax_causal,answer_z,cell=pb_olympiadbench_q8,0.04659424030543742,0.012024180822407048,98.83561049176889,661,5161,0.03764206772230305,,
bocpd_p0__page_wmax_causal,answer_z,cell=pb_omnimath_q4,0.05290535611135741,0.013340491544832645,87.04544349526608,759,4033,0.03844051328747086,,
bocpd_p0__page_wmax_causal,answer_z,cell=pb_omnimath_q8,0.06356778967732671,0.01627319675801542,72.44502615812453,759,4033,0.03676061783945623,,
bocpd_p0__page_wmax_causal,answer_z,steps_2_to_5,0.03259931123630093,0.008321959882848801,141.26587376668283,1312,5760,0.03489086151538591,"[0.03686657425572527, 0.07755805953763767]","[59.37706814020118, 124.91451345721177]"
bocpd_p0__page_wmax_causal,answer_z,steps_6_to_10,0.03392563188013499,0.008751613421034416,135.74309248708877,2308,14512,0.0307953676527277,"[0.0333184474521677, 0.06217422537077925]","[74.06879874296654, 138.21682995881847]"
bocpd_p0__page_wmax_causal,answer_z,steps_11_plus,0.07590645079891195,0.02132134504684692,60.669022691996325,822,8382,0.017984643839629492,"[0.0806294057039105, 0.14123946101144758]","[32.605407532777534, 57.11526887472448]"
