cell,domain,family,n,n_positive,positive_rate,method_key,auroc,auprc,score_variance
epr_triviaqa_mistral24b,QA,triviaqa,621,469,0.7552334943639292,atomic__adapted_specrage_y_liu__lambda_0,0.7444310402872854,0.8943604354531876,0.2749247792001411
epr_triviaqa_mistral24b,QA,triviaqa,621,469,0.7552334943639292,atomic__adapted_specrage_y_liu__lambda_0p1,0.7449781169341263,0.892922246025354,0.23625673059253333
epr_triviaqa_mistral24b,QA,triviaqa,621,469,0.7552334943639292,atomic__adapted_specrage_y_liu__lambda_0p3,0.7461424082594547,0.891793201379032,0.18173071679475328
epr_triviaqa_mistral24b,QA,triviaqa,621,469,0.7552334943639292,atomic__adapted_specrage_y_liu__lambda_1,0.7472926719784536,0.8884301454709891,0.09099066785714179
epr_triviaqa_mistral24b,QA,triviaqa,621,469,0.7552334943639292,atomic__adapted_specrage_y_liu__lambda_10,0.7457776904948941,0.8844920542645734,0.004166079547213239
epr_triviaqa_mistral24b,QA,triviaqa,621,469,0.7552334943639292,atomic__adapted_specrage_y_liu__lambda_100,0.7457356076759063,0.8840805535038001,5.32227338325504e-05
epr_triviaqa_mistral24b,QA,triviaqa,621,469,0.7552334943639292,atomic__adapted_specrage_y_liu__lambda_3,0.7465211536303445,0.8858167999455548,0.02749546574587653
epr_triviaqa_mistral24b,QA,triviaqa,621,469,0.7552334943639292,atomic__adapted_specrage_y_liu__lambda_30,0.7458618561328696,0.8841556551384288,0.000553317318695905
epr_triviaqa_mistral24b,QA,triviaqa,621,469,0.7552334943639292,atomic__ca_global_alpha_control__lambda_0,0.7444310402872854,0.8943604354531876,0.2749247792001411
epr_triviaqa_mistral24b,QA,triviaqa,621,469,0.7552334943639292,atomic__ca_global_alpha_control__lambda_0p1,0.7443749298619683,0.8945193539462987,0.23375111204459953
epr_triviaqa_mistral24b,QA,triviaqa,621,469,0.7552334943639292,atomic__ca_global_alpha_control__lambda_0p3,0.744304791830322,0.8945173588533104,0.17498188236378545
epr_triviaqa_mistral24b,QA,triviaqa,621,469,0.7552334943639292,atomic__ca_global_alpha_control__lambda_1,0.744136460554371,0.8948689198332678,0.080795463885915
epr_triviaqa_mistral24b,QA,triviaqa,621,469,0.7552334943639292,atomic__ca_global_alpha_control__lambda_10,0.7436735495455055,0.8947567388916294,0.0030823392209959432
epr_triviaqa_mistral24b,QA,triviaqa,621,469,0.7552334943639292,atomic__ca_global_alpha_control__lambda_100,0.743701604758164,0.8948395762602617,3.7661910029185266e-05
epr_triviaqa_mistral24b,QA,triviaqa,621,469,0.7552334943639292,atomic__ca_global_alpha_control__lambda_3,0.7437296599708226,0.8947681151196989,0.022019342799942214
epr_triviaqa_mistral24b,QA,triviaqa,621,469,0.7552334943639292,atomic__ca_global_alpha_control__lambda_30,0.7437156323644933,0.894812882294594,0.0003965041920829275
epr_triviaqa_mistral24b,QA,triviaqa,621,469,0.7552334943639292,atomic__ca_permuted_alpha_control__lambda_0,0.7444310402872854,0.8943604354531876,0.2749247792001411
epr_triviaqa_mistral24b,QA,triviaqa,621,469,0.7552334943639292,atomic__ca_permuted_alpha_control__lambda_0p1,0.7444029850746269,0.8945345657085925,0.23365386400262042
epr_triviaqa_mistral24b,QA,triviaqa,621,469,0.7552334943639292,atomic__ca_permuted_alpha_control__lambda_0p3,0.7444590954999438,0.8945944691099007,0.17478733964999796
epr_triviaqa_mistral24b,QA,triviaqa,621,469,0.7552334943639292,atomic__ca_permuted_alpha_control__lambda_1,0.744304791830322,0.8947698915300102,0.0805834912701857
epr_triviaqa_mistral24b,QA,triviaqa,621,469,0.7552334943639292,atomic__ca_permuted_alpha_control__lambda_10,0.7440382673100663,0.8950359845854114,0.0030659109465301917
epr_triviaqa_mistral24b,QA,triviaqa,621,469,0.7552334943639292,atomic__ca_permuted_alpha_control__lambda_100,0.7439120188531029,0.8949762248188801,3.7438764289645864e-05
epr_triviaqa_mistral24b,QA,triviaqa,621,469,0.7552334943639292,atomic__ca_permuted_alpha_control__lambda_3,0.744136460554371,0.8948689198332678,0.02192644706989891
epr_triviaqa_mistral24b,QA,triviaqa,621,469,0.7552334943639292,atomic__ca_permuted_alpha_control__lambda_30,0.7439400740657615,0.8949864205473671,0.0003942208468908959
epr_triviaqa_mistral24b,QA,triviaqa,621,469,0.7552334943639292,atomic__ca_specrage_alpha_liu__lambda_0,0.7444310402872854,0.8943604354531876,0.2749247792001411
epr_triviaqa_mistral24b,QA,triviaqa,621,469,0.7552334943639292,atomic__ca_specrage_alpha_liu__lambda_0p1,0.7444170126809561,0.894342872594287,0.23400818100452447
epr_triviaqa_mistral24b,QA,triviaqa,621,469,0.7552334943639292,atomic__ca_specrage_alpha_liu__lambda_0p3,0.7444170126809562,0.8943445656395285,0.17546966258491317
epr_triviaqa_mistral24b,QA,triviaqa,621,469,0.7552334943639292,atomic__ca_specrage_alpha_liu__lambda_1,0.7443749298619683,0.8943285577147142,0.08128774974972391
epr_triviaqa_mistral24b,QA,triviaqa,621,469,0.7552334943639292,atomic__ca_specrage_alpha_liu__lambda_10,0.744360902255639,0.8943295820002016,0.0031176969811758247
epr_triviaqa_mistral24b,QA,triviaqa,621,469,0.7552334943639292,atomic__ca_specrage_alpha_liu__lambda_100,0.7443468746493098,0.8943256492168248,3.813683670383879e-05
epr_triviaqa_mistral24b,QA,triviaqa,621,469,0.7552334943639292,atomic__ca_specrage_alpha_liu__lambda_3,0.744360902255639,0.8943268664135755,0.022224389882524793
epr_triviaqa_mistral24b,QA,triviaqa,621,469,0.7552334943639292,atomic__ca_specrage_alpha_liu__lambda_30,0.7443468746493098,0.8943256492168248,0.0004013784094500124
epr_triviaqa_mistral24b,QA,triviaqa,621,469,0.7552334943639292,atomic__ca_specrage_y_liu__lambda_0,0.7444310402872854,0.8943604354531876,0.2749247792001411
epr_triviaqa_mistral24b,QA,triviaqa,621,469,0.7552334943639292,atomic__ca_specrage_y_liu__lambda_0p1,0.7446975648075411,0.8938243980196046,0.24316092487029256
epr_triviaqa_mistral24b,QA,triviaqa,621,469,0.7552334943639292,atomic__ca_specrage_y_liu__lambda_0p3,0.7448658960834923,0.8924249672359661,0.19465973220350144
epr_triviaqa_mistral24b,QA,triviaqa,621,469,0.7552334943639292,atomic__ca_specrage_y_liu__lambda_1,0.7460301874088204,0.892146182116114,0.10445409038826849
epr_triviaqa_mistral24b,QA,triviaqa,621,469,0.7552334943639292,atomic__ca_specrage_y_liu__lambda_10,0.7463528223543934,0.8912427531289602,0.005331813074349423
epr_triviaqa_mistral24b,QA,triviaqa,621,469,0.7552334943639292,atomic__ca_specrage_y_liu__lambda_100,0.7463949051733811,0.8908847509093464,6.981319756219846e-05
epr_triviaqa_mistral24b,QA,triviaqa,621,469,0.7552334943639292,atomic__ca_specrage_y_liu__lambda_3,0.7461283806531254,0.8914746147334957,0.03365565810937741
epr_triviaqa_mistral24b,QA,triviaqa,621,469,0.7552334943639292,atomic__ca_specrage_y_liu__lambda_30,0.7464229603860397,0.8910242797545811,0.0007207674713405802
epr_triviaqa_mistral24b,QA,triviaqa,621,469,0.7552334943639292,atomic__ca_uniform_alpha_control__lambda_0,0.7444310402872854,0.8943604354531876,0.2749247792001411
epr_triviaqa_mistral24b,QA,triviaqa,621,469,0.7552334943639292,atomic__ca_uniform_alpha_control__lambda_0p1,0.744304791830322,0.8947698915300102,0.23215730003887436
epr_triviaqa_mistral24b,QA,triviaqa,621,469,0.7552334943639292,atomic__ca_uniform_alpha_control__lambda_0p3,0.7436595219391764,0.8948341389351595,0.17203808138580812
epr_triviaqa_mistral24b,QA,triviaqa,621,469,0.7552334943639292,atomic__ca_uniform_alpha_control__lambda_1,0.7430002244417013,0.8951119977147431,0.0779699609728962
epr_triviaqa_mistral24b,QA,triviaqa,621,469,0.7552334943639292,atomic__ca_uniform_alpha_control__lambda_10,0.7421445404556166,0.8955706659912078,0.002893318597780075
epr_triviaqa_mistral24b,QA,triviaqa,621,469,0.7552334943639292,atomic__ca_uniform_alpha_control__lambda_100,0.7420182919986533,0.8955807702228599,3.5156619873251815e-05
epr_triviaqa_mistral24b,QA,triviaqa,621,469,0.7552334943639292,atomic__ca_uniform_alpha_control__lambda_3,0.7422427336999213,0.8951066095811588,0.020893317274751036
epr_triviaqa_mistral24b,QA,triviaqa,621,469,0.7552334943639292,atomic__ca_uniform_alpha_control__lambda_30,0.7420042643923241,0.8955451240368618,0.00037069790406399404
epr_triviaqa_mistral24b,QA,triviaqa,621,469,0.7552334943639292,atomic__uniform_y_liu__lambda_0,0.7444310402872854,0.8943604354531876,0.2749247792001411
epr_triviaqa_mistral24b,QA,triviaqa,621,469,0.7552334943639292,atomic__uniform_y_liu__lambda_0p1,0.7448097856581753,0.8935572865433965,0.23466503213499745
epr_triviaqa_mistral24b,QA,triviaqa,621,469,0.7552334943639292,atomic__uniform_y_liu__lambda_0p3,0.7456374144316014,0.8922670537855757,0.17780836982178758
epr_triviaqa_mistral24b,QA,triviaqa,621,469,0.7552334943639292,atomic__uniform_y_liu__lambda_1,0.7465071260240151,0.8895185134589647,0.08543420217894945
epr_triviaqa_mistral24b,QA,triviaqa,621,469,0.7552334943639292,atomic__uniform_y_liu__lambda_10,0.7466193468746495,0.8867634015495105,0.0035775391504368225
epr_triviaqa_mistral24b,QA,triviaqa,621,469,0.7552334943639292,atomic__uniform_y_liu__lambda_100,0.7464089327797105,0.8863148552485891,4.471670797954095e-05
epr_triviaqa_mistral24b,QA,triviaqa,621,469,0.7552334943639292,atomic__uniform_y_liu__lambda_3,0.7471804511278195,0.887965529888627,0.024541822701268853
epr_triviaqa_mistral24b,QA,triviaqa,621,469,0.7552334943639292,atomic__uniform_y_liu__lambda_30,0.7464650432050275,0.8863565915914718,0.0004677693652535066
epr_triviaqa_mistral24b,QA,triviaqa,621,469,0.7552334943639292,deployed_upcr,0.7461424082594547,0.8894187359774111,0.29315315644346157
epr_triviaqa_mistral24b,QA,triviaqa,621,469,0.7552334943639292,dufs_liu__lambda_0,0.7444310402872854,0.8943604354531876,0.2749247792001411
epr_triviaqa_mistral24b,QA,triviaqa,621,469,0.7552334943639292,dufs_liu__lambda_0p1,0.7447957580518461,0.8935545176212141,0.24895828354576816
epr_triviaqa_mistral24b,QA,triviaqa,621,469,0.7552334943639292,dufs_liu__lambda_0p3,0.7453708899113454,0.8922819834072061,0.20801143836396965
epr_triviaqa_mistral24b,QA,triviaqa,621,469,0.7552334943639292,dufs_liu__lambda_1,0.7464229603860397,0.8914559774238651,0.12399552308126185
epr_triviaqa_mistral24b,QA,triviaqa,621,469,0.7552334943639292,dufs_liu__lambda_10,0.7465632364493323,0.8894317250402264,0.008100827794989026
epr_triviaqa_mistral24b,QA,triviaqa,621,469,0.7552334943639292,dufs_liu__lambda_100,0.7466193468746495,0.8892482135130997,0.00011366869268565774
epr_triviaqa_mistral24b,QA,triviaqa,621,469,0.7552334943639292,dufs_liu__lambda_3,0.7464089327797104,0.8901657489358866,0.04567751567539179
epr_triviaqa_mistral24b,QA,triviaqa,621,469,0.7552334943639292,dufs_liu__lambda_30,0.7467175401189542,0.8894256602779723,0.0011502663125353436
epr_triviaqa_mistral24b,QA,triviaqa,621,469,0.7552334943639292,iu_pcr,0.7444310402872854,0.8943604354531876,0.2749247792001411
epr_triviaqa_mistral24b,QA,triviaqa,621,469,0.7552334943639292,manual__adapted_specrage_y_liu__lambda_0,0.7444310402872854,0.8943604354531876,0.2749247792001411
epr_triviaqa_mistral24b,QA,triviaqa,621,469,0.7552334943639292,manual__adapted_specrage_y_liu__lambda_0p1,0.7445572887442488,0.8939850319000813,0.2320990891264973
epr_triviaqa_mistral24b,QA,triviaqa,621,469,0.7552334943639292,manual__adapted_specrage_y_liu__lambda_0p3,0.7446835372012119,0.8938690719369815,0.17184934330952703
epr_triviaqa_mistral24b,QA,triviaqa,621,469,0.7552334943639292,manual__adapted_specrage_y_liu__lambda_1,0.7447957580518461,0.8932146697497433,0.07765510537238872
epr_triviaqa_mistral24b,QA,triviaqa,621,469,0.7552334943639292,manual__adapted_specrage_y_liu__lambda_10,0.7454550555493211,0.8925083077832066,0.0028611634127877713
epr_triviaqa_mistral24b,QA,triviaqa,621,469,0.7552334943639292,manual__adapted_specrage_y_liu__lambda_100,0.745342834698687,0.8923345926405948,3.4705607996132594e-05
epr_triviaqa_mistral24b,QA,triviaqa,621,469,0.7552334943639292,manual__adapted_specrage_y_liu__lambda_3,0.7449921445404555,0.8923670090084231,0.02072546742103274
epr_triviaqa_mistral24b,QA,triviaqa,621,469,0.7552334943639292,manual__adapted_specrage_y_liu__lambda_30,0.7453708899113455,0.8924069978471463,0.0003661213648288475
epr_triviaqa_mistral24b,QA,triviaqa,621,469,0.7552334943639292,manual__ca_global_alpha_control__lambda_0,0.7444310402872854,0.8943604354531876,0.2749247792001411
epr_triviaqa_mistral24b,QA,triviaqa,621,469,0.7552334943639292,manual__ca_global_alpha_control__lambda_0p1,0.7444310402872854,0.8945820032631142,0.2364443614897153
epr_triviaqa_mistral24b,QA,triviaqa,621,469,0.7552334943639292,manual__ca_global_alpha_control__lambda_0p3,0.7442767366176636,0.8947683249862829,0.18030655464955728
epr_triviaqa_mistral24b,QA,triviaqa,621,469,0.7552334943639292,manual__ca_global_alpha_control__lambda_1,0.7436314667265178,0.8947239742451785,0.08655474190578373
epr_triviaqa_mistral24b,QA,triviaqa,621,469,0.7552334943639292,manual__ca_global_alpha_control__lambda_10,0.7434491078442376,0.8948384587651143,0.003535927965992386
epr_triviaqa_mistral24b,QA,triviaqa,621,469,0.7552334943639292,manual__ca_global_alpha_control__lambda_100,0.7433509145999327,0.8948114079167426,4.3861787241211e-05
epr_triviaqa_mistral24b,QA,triviaqa,621,469,0.7552334943639292,manual__ca_global_alpha_control__lambda_3,0.743645494332847,0.8949030567991745,0.02455993475099317
epr_triviaqa_mistral24b,QA,triviaqa,621,469,0.7552334943639292,manual__ca_global_alpha_control__lambda_30,0.7433789698125912,0.8948192407958879,0.0004598289868387994
epr_triviaqa_mistral24b,QA,triviaqa,621,469,0.7552334943639292,manual__ca_permuted_alpha_control__lambda_0,0.7444310402872854,0.8943604354531876,0.2749247792001411
epr_triviaqa_mistral24b,QA,triviaqa,621,469,0.7552334943639292,manual__ca_permuted_alpha_control__lambda_0p1,0.7443609022556392,0.8945076988634229,0.23655436164289764
epr_triviaqa_mistral24b,QA,triviaqa,621,469,0.7552334943639292,manual__ca_permuted_alpha_control__lambda_0p3,0.7442767366176636,0.8947295497957836,0.18051686540163678
epr_triviaqa_mistral24b,QA,triviaqa,621,469,0.7552334943639292,manual__ca_permuted_alpha_control__lambda_1,0.7438559084277858,0.8949602567590748,0.08677365100360537
epr_triviaqa_mistral24b,QA,triviaqa,621,469,0.7552334943639292,manual__ca_permuted_alpha_control__lambda_10,0.7436595219391763,0.8948443995814807,0.0035529181188311194
epr_triviaqa_mistral24b,QA,triviaqa,621,469,0.7552334943639292,manual__ca_permuted_alpha_control__lambda_100,0.743645494332847,0.8948767988787425,4.4094401332922836e-05
epr_triviaqa_mistral24b,QA,triviaqa,621,469,0.7552334943639292,manual__ca_permuted_alpha_control__lambda_3,0.7437016047581642,0.8948509851018845,0.024655170009583553
epr_triviaqa_mistral24b,QA,triviaqa,621,469,0.7552334943639292,manual__ca_permuted_alpha_control__lambda_30,0.7436314667265179,0.8948562520049226,0.0004622034889716119
epr_triviaqa_mistral24b,QA,triviaqa,621,469,0.7552334943639292,manual__ca_specrage_alpha_liu__lambda_0,0.7444310402872854,0.8943604354531876,0.2749247792001411
epr_triviaqa_mistral24b,QA,triviaqa,621,469,0.7552334943639292,manual__ca_specrage_alpha_liu__lambda_0p1,0.7442627090113343,0.8947260270899828,0.23701401416337803
epr_triviaqa_mistral24b,QA,triviaqa,621,469,0.7552334943639292,manual__ca_specrage_alpha_liu__lambda_0p3,0.7436875771518349,0.894761129216648,0.18153148748880604
epr_triviaqa_mistral24b,QA,triviaqa,621,469,0.7552334943639292,manual__ca_specrage_alpha_liu__lambda_1,0.7431825833239816,0.8948506853429543,0.08804649641354516
epr_triviaqa_mistral24b,QA,triviaqa,621,469,0.7552334943639292,manual__ca_specrage_alpha_liu__lambda_10,0.742551341039165,0.8950815850424656,0.0036702437570675745
epr_triviaqa_mistral24b,QA,triviaqa,621,469,0.7552334943639292,manual__ca_specrage_alpha_liu__lambda_100,0.7424110649758725,0.8950760472800201,4.57419602752939e-05
epr_triviaqa_mistral24b,QA,triviaqa,621,469,0.7552334943639292,manual__ca_specrage_alpha_liu__lambda_3,0.742761755134104,0.8950469595270857,0.025276601643726963
epr_triviaqa_mistral24b,QA,triviaqa,621,469,0.7552334943639292,manual__ca_specrage_alpha_liu__lambda_30,0.7423970373695433,0.8950843639515833,0.00047890773533840734
epr_triviaqa_mistral24b,QA,triviaqa,621,469,0.7552334943639292,manual__ca_specrage_y_liu__lambda_0,0.7444310402872854,0.8943604354531876,0.2749247792001411
epr_triviaqa_mistral24b,QA,triviaqa,621,469,0.7552334943639292,manual__ca_specrage_y_liu__lambda_0p1,0.7448097856581752,0.894054076061735,0.23239533455221037
epr_triviaqa_mistral24b,QA,triviaqa,621,469,0.7552334943639292,manual__ca_specrage_y_liu__lambda_0p3,0.7448238132645045,0.8933001241883092,0.1725719460574015
epr_triviaqa_mistral24b,QA,triviaqa,621,469,0.7552334943639292,manual__ca_specrage_y_liu__lambda_1,0.7454410279429917,0.8923157715249278,0.07863452062021684
epr_triviaqa_mistral24b,QA,triviaqa,621,469,0.7552334943639292,manual__ca_specrage_y_liu__lambda_10,0.7464790708113569,0.8915047502033528,0.0029502505522172487
epr_triviaqa_mistral24b,QA,triviaqa,621,469,0.7552334943639292,manual__ca_specrage_y_liu__lambda_100,0.7464229603860397,0.8913184508502641,3.593923166362537e-05
epr_triviaqa_mistral24b,QA,triviaqa,621,469,0.7552334943639292,manual__ca_specrage_y_liu__lambda_3,0.7461985186847717,0.8919499380410376,0.021205810112907633
epr_triviaqa_mistral24b,QA,triviaqa,621,469,0.7552334943639292,manual__ca_specrage_y_liu__lambda_30,0.7463668499607227,0.8912705184024079,0.00037868111010894975
epr_triviaqa_mistral24b,QA,triviaqa,621,469,0.7552334943639292,manual__ca_uniform_alpha_control__lambda_0,0.7444310402872854,0.8943604354531876,0.2749247792001411
epr_triviaqa_mistral24b,QA,triviaqa,621,469,0.7552334943639292,manual__ca_uniform_alpha_control__lambda_0p1,0.7436735495455056,0.8947321474126567,0.23388769930005904
epr_triviaqa_mistral24b,QA,triviaqa,621,469,0.7552334943639292,manual__ca_uniform_alpha_control__lambda_0p3,0.743042307260689,0.8950277489729704,0.17573520490692757
epr_triviaqa_mistral24b,QA,triviaqa,621,469,0.7552334943639292,manual__ca_uniform_alpha_control__lambda_1,0.741611491415105,0.8955659569429107,0.08235412452687979
epr_triviaqa_mistral24b,QA,triviaqa,621,469,0.7552334943639292,manual__ca_uniform_alpha_control__lambda_10,0.7377959824935473,0.8948827822563215,0.0032616693664755574
epr_triviaqa_mistral24b,QA,triviaqa,621,469,0.7552334943639292,manual__ca_uniform_alpha_control__lambda_100,0.73717876781506,0.8946803938809246,4.0224153778094404e-05
epr_triviaqa_mistral24b,QA,triviaqa,621,469,0.7552334943639292,manual__ca_uniform_alpha_control__lambda_3,0.7398580406239479,0.8956029396277055,0.022919872755421723
epr_triviaqa_mistral24b,QA,triviaqa,621,469,0.7552334943639292,manual__ca_uniform_alpha_control__lambda_30,0.7372769610593648,0.8947527050135883,0.00042237278163687877
epr_triviaqa_mistral24b,QA,triviaqa,621,469,0.7552334943639292,manual__uniform_y_liu__lambda_0,0.7444310402872854,0.8943604354531876,0.2749247792001411
epr_triviaqa_mistral24b,QA,triviaqa,621,469,0.7552334943639292,manual__uniform_y_liu__lambda_0p1,0.7447536752328581,0.8937677555824609,0.23436818378530877
epr_triviaqa_mistral24b,QA,triviaqa,621,469,0.7552334943639292,manual__uniform_y_liu__lambda_0p3,0.7454550555493209,0.8924783227639852,0.17684065918865643
epr_triviaqa_mistral24b,QA,triviaqa,621,469,0.7552334943639292,manual__uniform_y_liu__lambda_1,0.7463528223543934,0.8912427531289602,0.08378095565605224
epr_triviaqa_mistral24b,QA,triviaqa,621,469,0.7552334943639292,manual__uniform_y_liu__lambda_10,0.7472786443721244,0.8887270107091872,0.003392553367734215
epr_triviaqa_mistral24b,QA,triviaqa,621,469,0.7552334943639292,manual__uniform_y_liu__lambda_100,0.7471804511278196,0.8881853755023537,4.205441384404696e-05
epr_triviaqa_mistral24b,QA,triviaqa,621,469,0.7552334943639292,manual__uniform_y_liu__lambda_3,0.7466333744809786,0.8891614093828514,0.023617093664365558
epr_triviaqa_mistral24b,QA,triviaqa,621,469,0.7552334943639292,manual__uniform_y_liu__lambda_30,0.7472926719784537,0.8883992040819986,0.00044095230037223695
epr_triviaqa_mistral24b,QA,triviaqa,621,469,0.7552334943639292,micro__adapted_specrage_y_liu__lambda_0,0.7444310402872854,0.8943604354531876,0.2749247792001411
epr_triviaqa_mistral24b,QA,triviaqa,621,469,0.7552334943639292,micro__adapted_specrage_y_liu__lambda_0p1,0.7446274267758949,0.8939877840182959,0.23806479180397672
epr_triviaqa_mistral24b,QA,triviaqa,621,469,0.7552334943639292,micro__adapted_specrage_y_liu__lambda_0p3,0.7446835372012119,0.893820750161479,0.18363217391004655
epr_triviaqa_mistral24b,QA,triviaqa,621,469,0.7552334943639292,micro__adapted_specrage_y_liu__lambda_1,0.7448939512961508,0.8929495715093234,0.09039777829892903
epr_triviaqa_mistral24b,QA,triviaqa,621,469,0.7552334943639292,micro__adapted_specrage_y_liu__lambda_10,0.7453708899113455,0.892478870674498,0.0038708420234451002
epr_triviaqa_mistral24b,QA,triviaqa,621,469,0.7552334943639292,micro__adapted_specrage_y_liu__lambda_100,0.7454410279429917,0.8924532313609086,4.853831053372082e-05
epr_triviaqa_mistral24b,QA,triviaqa,621,469,0.7552334943639292,micro__adapted_specrage_y_liu__lambda_3,0.7449921445404556,0.8923481538914652,0.02636160560026723
epr_triviaqa_mistral24b,QA,triviaqa,621,469,0.7552334943639292,micro__adapted_specrage_y_liu__lambda_30,0.7454410279429917,0.8924736646216276,0.0005073109972282034
epr_triviaqa_mistral24b,QA,triviaqa,621,469,0.7552334943639292,micro__ca_global_alpha_control__lambda_0,0.7444310402872854,0.8943604354531876,0.2749247792001411
epr_triviaqa_mistral24b,QA,triviaqa,621,469,0.7552334943639292,micro__ca_global_alpha_control__lambda_0p1,0.7441645157670295,0.8948229613750437,0.24030927863119061
epr_triviaqa_mistral24b,QA,triviaqa,621,469,0.7552334943639292,micro__ca_global_alpha_control__lambda_0p3,0.7436034115138594,0.8949260413214724,0.18838614149937483
epr_triviaqa_mistral24b,QA,triviaqa,621,469,0.7552334943639292,micro__ca_global_alpha_control__lambda_1,0.7427477275277747,0.8950448383740244,0.09621384384717716
epr_triviaqa_mistral24b,QA,triviaqa,621,469,0.7552334943639292,micro__ca_global_alpha_control__lambda_10,0.7422848165189092,0.8956123729579316,0.004428783114867137
epr_triviaqa_mistral24b,QA,triviaqa,621,469,0.7552334943639292,micro__ca_global_alpha_control__lambda_100,0.7421024576366291,0.8955660398133518,5.650070901695346e-05
epr_triviaqa_mistral24b,QA,triviaqa,621,469,0.7552334943639292,micro__ca_global_alpha_control__lambda_3,0.7422567613062506,0.8951339322933488,0.029246136888327754
epr_triviaqa_mistral24b,QA,triviaqa,621,469,0.7552334943639292,micro__ca_global_alpha_control__lambda_30,0.7421445404556166,0.895573413383062,0.0005876611015570858
epr_triviaqa_mistral24b,QA,triviaqa,621,469,0.7552334943639292,micro__ca_permuted_alpha_control__lambda_0,0.7444310402872854,0.8943604354531876,0.2749247792001411
epr_triviaqa_mistral24b,QA,triviaqa,621,469,0.7552334943639292,micro__ca_permuted_alpha_control__lambda_0p1,0.7441224329480418,0.8948594612336079,0.24043805977957095
epr_triviaqa_mistral24b,QA,triviaqa,621,469,0.7552334943639292,micro__ca_permuted_alpha_control__lambda_0p3,0.7434491078442376,0.8948384587651143,0.1886710731190306
epr_triviaqa_mistral24b,QA,triviaqa,621,469,0.7552334943639292,micro__ca_permuted_alpha_control__lambda_1,0.7427757827404332,0.8950393271828764,0.09658453483463128
epr_triviaqa_mistral24b,QA,triviaqa,621,469,0.7552334943639292,micro__ca_permuted_alpha_control__lambda_10,0.7421445404556166,0.8955706659912078,0.0044673009534549135
epr_triviaqa_mistral24b,QA,triviaqa,621,469,0.7552334943639292,micro__ca_permuted_alpha_control__lambda_100,0.7420463472113119,0.8955681890598657,5.7059493268314985e-05
epr_triviaqa_mistral24b,QA,triviaqa,621,469,0.7552334943639292,micro__ca_permuted_alpha_control__lambda_3,0.7422146784872629,0.8951473916679864,0.029439173769930434
epr_triviaqa_mistral24b,QA,triviaqa,621,469,0.7552334943639292,micro__ca_permuted_alpha_control__lambda_30,0.7420884300302996,0.8955650708573123,0.0005932741269634008
epr_triviaqa_mistral24b,QA,triviaqa,621,469,0.7552334943639292,micro__ca_specrage_alpha_liu__lambda_0,0.7444310402872854,0.8943604354531876,0.2749247792001411
epr_triviaqa_mistral24b,QA,triviaqa,621,469,0.7552334943639292,micro__ca_specrage_alpha_liu__lambda_0p1,0.7438559084277858,0.8949627082120237,0.24090169188247235
epr_triviaqa_mistral24b,QA,triviaqa,621,469,0.7552334943639292,micro__ca_specrage_alpha_liu__lambda_0p3,0.743098417686006,0.8948167850596933,0.18978113130882454
epr_triviaqa_mistral24b,QA,triviaqa,621,469,0.7552334943639292,micro__ca_specrage_alpha_liu__lambda_1,0.7422707889125799,0.8951484658330966,0.0981537846919613
epr_triviaqa_mistral24b,QA,triviaqa,621,469,0.7552334943639292,micro__ca_specrage_alpha_liu__lambda_10,0.7413028840758613,0.895586317951091,0.004642100448211254
epr_triviaqa_mistral24b,QA,triviaqa,621,469,0.7552334943639292,micro__ca_specrage_alpha_liu__lambda_100,0.7409942767366176,0.8955209095393984,5.962336734530719e-05
epr_triviaqa_mistral24b,QA,triviaqa,621,469,0.7552334943639292,micro__ca_specrage_alpha_liu__lambda_3,0.7416956570530805,0.8954832347348075,0.030295018607966902
epr_triviaqa_mistral24b,QA,triviaqa,621,469,0.7552334943639292,micro__ca_specrage_alpha_liu__lambda_30,0.7409942767366177,0.8955315410959235,0.0006189513980027987
epr_triviaqa_mistral24b,QA,triviaqa,621,469,0.7552334943639292,micro__ca_specrage_y_liu__lambda_0,0.7444310402872854,0.8943604354531876,0.2749247792001411
epr_triviaqa_mistral24b,QA,triviaqa,621,469,0.7552334943639292,micro__ca_specrage_y_liu__lambda_0p1,0.7447677028391875,0.8939704187078674,0.23354304477611917
epr_triviaqa_mistral24b,QA,triviaqa,621,469,0.7552334943639292,micro__ca_specrage_y_liu__lambda_0p3,0.7449079789024802,0.8929084637481125,0.17486157625098248
epr_triviaqa_mistral24b,QA,triviaqa,621,469,0.7552334943639292,micro__ca_specrage_y_liu__lambda_1,0.7456514420379307,0.8921548777709581,0.08111155799991157
epr_triviaqa_mistral24b,QA,triviaqa,621,469,0.7552334943639292,micro__ca_specrage_y_liu__lambda_10,0.7464089327797103,0.890725340965703,0.003140552653155836
epr_triviaqa_mistral24b,QA,triviaqa,621,469,0.7552334943639292,micro__ca_specrage_y_liu__lambda_100,0.7464089327797105,0.8902753852132397,3.8521312176603055e-05
epr_triviaqa_mistral24b,QA,triviaqa,621,469,0.7552334943639292,micro__ca_specrage_y_liu__lambda_3,0.7462686567164181,0.8914598668745556,0.02228492700676645
epr_triviaqa_mistral24b,QA,triviaqa,621,469,0.7552334943639292,micro__ca_specrage_y_liu__lambda_30,0.7463949051733813,0.8905880526426572,0.00040510957488584944
epr_triviaqa_mistral24b,QA,triviaqa,621,469,0.7552334943639292,micro__ca_uniform_alpha_control__lambda_0,0.7444310402872854,0.8943604354531876,0.2749247792001411
epr_triviaqa_mistral24b,QA,triviaqa,621,469,0.7552334943639292,micro__ca_uniform_alpha_control__lambda_0p1,0.7436454943328472,0.8948986159240142,0.23792483155337021
epr_triviaqa_mistral24b,QA,triviaqa,621,469,0.7552334943639292,micro__ca_uniform_alpha_control__lambda_0p3,0.7423549545505556,0.8950228612428806,0.1842739216969232
epr_triviaqa_mistral24b,QA,triviaqa,621,469,0.7552334943639292,micro__ca_uniform_alpha_control__lambda_1,0.7399562338682526,0.8956105380837021,0.09256767037766936
epr_triviaqa_mistral24b,QA,triviaqa,621,469,0.7552334943639292,micro__ca_uniform_alpha_control__lambda_10,0.7354954550555494,0.894018762417726,0.004186300329708477
epr_triviaqa_mistral24b,QA,triviaqa,621,469,0.7552334943639292,micro__ca_uniform_alpha_control__lambda_100,0.7347379643137695,0.8939639755698074,5.323997448125736e-05
epr_triviaqa_mistral24b,QA,triviaqa,621,469,0.7552334943639292,micro__ca_uniform_alpha_control__lambda_3,0.7368000224441702,0.8945425261526634,0.027820778178724425
epr_triviaqa_mistral24b,QA,triviaqa,621,469,0.7552334943639292,micro__ca_uniform_alpha_control__lambda_30,0.7349062955897205,0.8939804442759691,0.0005542246428182243
epr_triviaqa_mistral24b,QA,triviaqa,621,469,0.7552334943639292,micro__uniform_y_liu__lambda_0,0.7444310402872854,0.8943604354531876,0.2749247792001411
epr_triviaqa_mistral24b,QA,triviaqa,621,469,0.7552334943639292,micro__uniform_y_liu__lambda_0p1,0.7443328470429805,0.894528849093265,0.2315613122536754
epr_triviaqa_mistral24b,QA,triviaqa,621,469,0.7552334943639292,micro__uniform_y_liu__lambda_0p3,0.7438839636404444,0.8949706097556311,0.1708293829767219
epr_triviaqa_mistral24b,QA,triviaqa,621,469,0.7552334943639292,micro__uniform_y_liu__lambda_1,0.7433368869936033,0.8948406065685737,0.07663850368111515
epr_triviaqa_mistral24b,QA,triviaqa,621,469,0.7552334943639292,micro__uniform_y_liu__lambda_10,0.7426775894961284,0.8950050565086055,0.0027909933612495813
epr_triviaqa_mistral24b,QA,triviaqa,621,469,0.7552334943639292,micro__uniform_y_liu__lambda_100,0.7425373134328358,0.8951057187670179,3.377261905997462e-05
epr_triviaqa_mistral24b,QA,triviaqa,621,469,0.7552334943639292,micro__uniform_y_liu__lambda_3,0.7430282796543598,0.8949835375233308,0.020311180731160172
epr_triviaqa_mistral24b,QA,triviaqa,621,469,0.7552334943639292,micro__uniform_y_liu__lambda_30,0.74264953428347,0.8951026036515289,0.00035651844837310574
epr_triviaqa_mistral24b,QA,triviaqa,621,469,0.7552334943639292,raw_uniform_liu__lambda_0,0.7444310402872854,0.8943604354531876,0.2749247792001411
epr_triviaqa_mistral24b,QA,triviaqa,621,469,0.7552334943639292,raw_uniform_liu__lambda_0p1,0.7440102120974077,0.8950267911951891,0.24061527662188292
epr_triviaqa_mistral24b,QA,triviaqa,621,469,0.7552334943639292,raw_uniform_liu__lambda_0p3,0.7432667489619572,0.8947858326936154,0.18913723366334595
epr_triviaqa_mistral24b,QA,triviaqa,621,469,0.7552334943639292,raw_uniform_liu__lambda_1,0.7422707889125799,0.8950190514693801,0.09729689517988294
epr_triviaqa_mistral24b,QA,triviaqa,621,469,0.7552334943639292,raw_uniform_liu__lambda_10,0.7414151049264953,0.895498991340172,0.0045500147141497435
epr_triviaqa_mistral24b,QA,triviaqa,621,469,0.7552334943639292,raw_uniform_liu__lambda_100,0.7413028840758613,0.8955845237130933,5.827720541228325e-05
epr_triviaqa_mistral24b,QA,triviaqa,621,469,0.7552334943639292,raw_uniform_liu__lambda_3,0.7420182919986533,0.8955695769449391,0.029839854667409255
epr_triviaqa_mistral24b,QA,triviaqa,621,469,0.7552334943639292,raw_uniform_liu__lambda_30,0.741288856469532,0.8955663541675292,0.0006054582880530931
losnet_hotpotqa_mistral7b,QA,hotpotqa,500,169,0.338,atomic__adapted_specrage_y_liu__lambda_0,0.5711578683923559,0.40937580725009665,0.25688629198381174
losnet_hotpotqa_mistral7b,QA,hotpotqa,500,169,0.338,atomic__adapted_specrage_y_liu__lambda_0p1,0.5712114982391534,0.41011880473030354,0.2134899792785244
losnet_hotpotqa_mistral7b,QA,hotpotqa,500,169,0.338,atomic__adapted_specrage_y_liu__lambda_0p3,0.5714975240887394,0.4109735681943565,0.15431840566945004
losnet_hotpotqa_mistral7b,QA,hotpotqa,500,169,0.338,atomic__adapted_specrage_y_liu__lambda_1,0.5724092314842955,0.41408355891701276,0.06661421206070191
losnet_hotpotqa_mistral7b,QA,hotpotqa,500,169,0.338,atomic__adapted_specrage_y_liu__lambda_10,0.5729455299522694,0.41643669785518606,0.0022917303153618613
losnet_hotpotqa_mistral7b,QA,hotpotqa,500,169,0.338,atomic__adapted_specrage_y_liu__lambda_100,0.5731958025706574,0.4167355217909938,2.7425827513718576e-05
losnet_hotpotqa_mistral7b,QA,hotpotqa,500,169,0.338,atomic__adapted_specrage_y_liu__lambda_3,0.5728740234898729,0.41576929755944325,0.017047478035983787
losnet_hotpotqa_mistral7b,QA,hotpotqa,500,169,0.338,atomic__adapted_specrage_y_liu__lambda_30,0.5731064194926616,0.4165509034152286,0.00029040365459207586
losnet_hotpotqa_mistral7b,QA,hotpotqa,500,169,0.338,atomic__ca_global_alpha_control__lambda_0,0.5711578683923559,0.40937580725009665,0.25688629198381174
losnet_hotpotqa_mistral7b,QA,hotpotqa,500,169,0.338,atomic__ca_global_alpha_control__lambda_0p1,0.5713545111639464,0.4103510256968671,0.21724461482985402
losnet_hotpotqa_mistral7b,QA,hotpotqa,500,169,0.338,atomic__ca_global_alpha_control__lambda_0p3,0.5714438942419421,0.41079808208857327,0.16131985787433523
losnet_hotpotqa_mistral7b,QA,hotpotqa,500,169,0.338,atomic__ca_global_alpha_control__lambda_1,0.5715690305511361,0.4123773041183237,0.07336924758209114
losnet_hotpotqa_mistral7b,QA,hotpotqa,500,169,0.338,atomic__ca_global_alpha_control__lambda_10,0.5729455299522694,0.41503147368728466,0.0027355577808498323
losnet_hotpotqa_mistral7b,QA,hotpotqa,500,169,0.338,atomic__ca_global_alpha_control__lambda_100,0.5726773807182823,0.4147995458880656,3.326993816947837e-05
losnet_hotpotqa_mistral7b,QA,hotpotqa,500,169,0.338,atomic__ca_global_alpha_control__lambda_3,0.5724092314842955,0.4140632655025643,0.019718496534983213
losnet_hotpotqa_mistral7b,QA,hotpotqa,500,169,0.338,atomic__ca_global_alpha_control__lambda_30,0.5727846404118773,0.414907061764898,0.00035071636091988517
losnet_hotpotqa_mistral7b,QA,hotpotqa,500,169,0.338,atomic__ca_permuted_alpha_control__lambda_0,0.5711578683923559,0.40937580725009665,0.25688629198381174
losnet_hotpotqa_mistral7b,QA,hotpotqa,500,169,0.338,atomic__ca_permuted_alpha_control__lambda_0p1,0.5713723877795456,0.4103586857210394,0.21722936964770276
losnet_hotpotqa_mistral7b,QA,hotpotqa,500,169,0.338,atomic__ca_permuted_alpha_control__lambda_0p3,0.5713902643951446,0.41075202640586617,0.16129288880748618
losnet_hotpotqa_mistral7b,QA,hotpotqa,500,169,0.338,atomic__ca_permuted_alpha_control__lambda_1,0.5715869071667352,0.41241491056776614,0.07334549751520664
losnet_hotpotqa_mistral7b,QA,hotpotqa,500,169,0.338,atomic__ca_permuted_alpha_control__lambda_10,0.5729812831834677,0.41504103463677977,0.0027341701948099093
losnet_hotpotqa_mistral7b,QA,hotpotqa,500,169,0.338,atomic__ca_permuted_alpha_control__lambda_100,0.5726952573338816,0.41486267687958844,3.32520404447255e-05
losnet_hotpotqa_mistral7b,QA,hotpotqa,500,169,0.338,atomic__ca_permuted_alpha_control__lambda_3,0.5725343677934893,0.4144580563797514,0.019709779513568514
losnet_hotpotqa_mistral7b,QA,hotpotqa,500,169,0.338,atomic__ca_permuted_alpha_control__lambda_30,0.5727310105650798,0.4148375142707557,0.00035053061103509534
losnet_hotpotqa_mistral7b,QA,hotpotqa,500,169,0.338,atomic__ca_specrage_alpha_liu__lambda_0,0.5711578683923559,0.40937580725009665,0.25688629198381174
losnet_hotpotqa_mistral7b,QA,hotpotqa,500,169,0.338,atomic__ca_specrage_alpha_liu__lambda_0p1,0.5712651280859508,0.41016305864902913,0.21774025493975135
losnet_hotpotqa_mistral7b,QA,hotpotqa,500,169,0.338,atomic__ca_specrage_alpha_liu__lambda_0p3,0.5714975240887396,0.4111623016577487,0.16234242615269223
losnet_hotpotqa_mistral7b,QA,hotpotqa,500,169,0.338,atomic__ca_specrage_alpha_liu__lambda_1,0.5723198484062997,0.4139604926768867,0.07453015174920159
losnet_hotpotqa_mistral7b,QA,hotpotqa,500,169,0.338,atomic__ca_specrage_alpha_liu__lambda_10,0.5729634065678686,0.4159724038250798,0.0028287711578033887
losnet_hotpotqa_mistral7b,QA,hotpotqa,500,169,0.338,atomic__ca_specrage_alpha_liu__lambda_100,0.5729991597990669,0.41608550989305476,3.45418110936779e-05
losnet_hotpotqa_mistral7b,QA,hotpotqa,500,169,0.338,atomic__ca_specrage_alpha_liu__lambda_3,0.5725701210246876,0.41514942754123263,0.020239831138922734
losnet_hotpotqa_mistral7b,QA,hotpotqa,500,169,0.338,atomic__ca_specrage_alpha_liu__lambda_30,0.5729455299522695,0.41610055506756727,0.0003637153957993954
losnet_hotpotqa_mistral7b,QA,hotpotqa,500,169,0.338,atomic__ca_specrage_y_liu__lambda_0,0.5711578683923559,0.40937580725009665,0.25688629198381174
losnet_hotpotqa_mistral7b,QA,hotpotqa,500,169,0.338,atomic__ca_specrage_y_liu__lambda_0p1,0.5713545111639464,0.41072975298321596,0.21757112182135918
losnet_hotpotqa_mistral7b,QA,hotpotqa,500,169,0.338,atomic__ca_specrage_y_liu__lambda_0p3,0.571819303169524,0.41280268198097814,0.1623252990731613
losnet_hotpotqa_mistral7b,QA,hotpotqa,500,169,0.338,atomic__ca_specrage_y_liu__lambda_1,0.5729455299522694,0.4160649396509304,0.07501964236317173
losnet_hotpotqa_mistral7b,QA,hotpotqa,500,169,0.338,atomic__ca_specrage_y_liu__lambda_10,0.5727667637962781,0.4175107048891889,0.00290782440157005
losnet_hotpotqa_mistral7b,QA,hotpotqa,500,169,0.338,atomic__ca_specrage_y_liu__lambda_100,0.5725701210246876,0.4177292541167422,3.5703921842410905e-05
losnet_hotpotqa_mistral7b,QA,hotpotqa,500,169,0.338,atomic__ca_specrage_y_liu__lambda_3,0.5728561468742737,0.41681250755304,0.020607071174892397
losnet_hotpotqa_mistral7b,QA,hotpotqa,500,169,0.338,atomic__ca_specrage_y_liu__lambda_30,0.5726058742558859,0.4177294269842925,0.00037536288501605454
losnet_hotpotqa_mistral7b,QA,hotpotqa,500,169,0.338,atomic__ca_uniform_alpha_control__lambda_0,0.5711578683923559,0.40937580725009665,0.25688629198381174
losnet_hotpotqa_mistral7b,QA,hotpotqa,500,169,0.338,atomic__ca_uniform_alpha_control__lambda_0p1,0.5710863619299594,0.4094880971834761,0.21590901188998465
losnet_hotpotqa_mistral7b,QA,hotpotqa,500,169,0.338,atomic__ca_uniform_alpha_control__lambda_0p3,0.5710148554675629,0.4095043566176249,0.15869085295513902
losnet_hotpotqa_mistral7b,QA,hotpotqa,500,169,0.338,atomic__ca_uniform_alpha_control__lambda_1,0.5709791022363646,0.4087805683125051,0.07058924413620639
losnet_hotpotqa_mistral7b,QA,hotpotqa,500,169,0.338,atomic__ca_uniform_alpha_control__lambda_10,0.5708718425427698,0.4084601214819559,0.002530289172832925
losnet_hotpotqa_mistral7b,QA,hotpotqa,500,169,0.338,atomic__ca_uniform_alpha_control__lambda_100,0.5709075957739681,0.40843187828977584,3.051062921601783e-05
losnet_hotpotqa_mistral7b,QA,hotpotqa,500,169,0.338,atomic__ca_uniform_alpha_control__lambda_3,0.5708539659271706,0.40832052544089004,0.01853484650431308
losnet_hotpotqa_mistral7b,QA,hotpotqa,500,169,0.338,atomic__ca_uniform_alpha_control__lambda_30,0.570889719158369,0.40844580215801485,0.0003223995545744549
losnet_hotpotqa_mistral7b,QA,hotpotqa,500,169,0.338,atomic__uniform_y_liu__lambda_0,0.5711578683923559,0.40937580725009665,0.25688629198381174
losnet_hotpotqa_mistral7b,QA,hotpotqa,500,169,0.338,atomic__uniform_y_liu__lambda_0p1,0.5713545111639464,0.4107497486621127,0.21677680768617297
losnet_hotpotqa_mistral7b,QA,hotpotqa,500,169,0.338,atomic__uniform_y_liu__lambda_0p3,0.5719444394787179,0.4129500414480181,0.16081327142744095
losnet_hotpotqa_mistral7b,QA,hotpotqa,500,169,0.338,atomic__uniform_y_liu__lambda_1,0.5729634065678686,0.4162263373958894,0.07349682098589781
losnet_hotpotqa_mistral7b,QA,hotpotqa,500,169,0.338,atomic__uniform_y_liu__lambda_10,0.5726595041026833,0.4177365580888204,0.0027994501083142584
losnet_hotpotqa_mistral7b,QA,hotpotqa,500,169,0.338,atomic__uniform_y_liu__lambda_100,0.5724092314842953,0.4180053205649622,3.425038645664981e-05
losnet_hotpotqa_mistral7b,QA,hotpotqa,500,169,0.338,atomic__uniform_y_liu__lambda_3,0.5726773807182823,0.4167918914184947,0.019976371500414654
losnet_hotpotqa_mistral7b,QA,hotpotqa,500,169,0.338,atomic__uniform_y_liu__lambda_30,0.5725343677934893,0.41796527444253023,0.00036043943661319243
losnet_hotpotqa_mistral7b,QA,hotpotqa,500,169,0.338,deployed_upcr,0.5691914406764511,0.4103534682015586,0.26399618866291524
losnet_hotpotqa_mistral7b,QA,hotpotqa,500,169,0.338,dufs_liu__lambda_0,0.5711578683923559,0.40937580725009665,0.25688629198381174
losnet_hotpotqa_mistral7b,QA,hotpotqa,500,169,0.338,dufs_liu__lambda_0p1,0.571962316094317,0.4132614877304057,0.22515395460834453
losnet_hotpotqa_mistral7b,QA,hotpotqa,500,169,0.338,dufs_liu__lambda_0p3,0.5731242961082608,0.416796938951562,0.18008337458638027
losnet_hotpotqa_mistral7b,QA,hotpotqa,500,169,0.338,dufs_liu__lambda_1,0.573285185648653,0.4208503462722196,0.09967568319977983
losnet_hotpotqa_mistral7b,QA,hotpotqa,500,169,0.338,dufs_liu__lambda_10,0.5731958025706574,0.42336469286860995,0.005719994602381144
losnet_hotpotqa_mistral7b,QA,hotpotqa,500,169,0.338,dufs_liu__lambda_100,0.5733030622642521,0.4244214596497427,7.755985010965136e-05
losnet_hotpotqa_mistral7b,QA,hotpotqa,500,169,0.338,dufs_liu__lambda_3,0.5733745687266487,0.4229559365121853,0.03413352714143759
losnet_hotpotqa_mistral7b,QA,hotpotqa,500,169,0.338,dufs_liu__lambda_30,0.5734818284202435,0.42411620630627067,0.0007926774986670879
losnet_hotpotqa_mistral7b,QA,hotpotqa,500,169,0.338,iu_pcr,0.5711578683923559,0.40937580725009665,0.25688629198381174
losnet_hotpotqa_mistral7b,QA,hotpotqa,500,169,0.338,manual__adapted_specrage_y_liu__lambda_0,0.5711578683923559,0.40937580725009665,0.25688629198381174
losnet_hotpotqa_mistral7b,QA,hotpotqa,500,169,0.338,manual__adapted_specrage_y_liu__lambda_0p1,0.5713366345483473,0.41109845741053086,0.2178055478172354
losnet_hotpotqa_mistral7b,QA,hotpotqa,500,169,0.338,manual__adapted_specrage_y_liu__lambda_0p3,0.5727131339494808,0.4148294496932029,0.1633808695593711
losnet_hotpotqa_mistral7b,QA,hotpotqa,500,169,0.338,manual__adapted_specrage_y_liu__lambda_1,0.5728561468742738,0.4169154093924139,0.07712163054133808
losnet_hotpotqa_mistral7b,QA,hotpotqa,500,169,0.338,manual__adapted_specrage_y_liu__lambda_10,0.5731600493394591,0.4218568812612322,0.003157386420137467
losnet_hotpotqa_mistral7b,QA,hotpotqa,500,169,0.338,manual__adapted_specrage_y_liu__lambda_100,0.5734281985734461,0.4222742369013429,3.9308392119975416e-05
losnet_hotpotqa_mistral7b,QA,hotpotqa,500,169,0.338,manual__adapted_specrage_y_liu__lambda_3,0.5732494324174547,0.4207618168522578,0.021838514562075133
losnet_hotpotqa_mistral7b,QA,hotpotqa,500,169,0.338,manual__adapted_specrage_y_liu__lambda_30,0.5733566921110496,0.4221142875069002,0.0004116411296491676
losnet_hotpotqa_mistral7b,QA,hotpotqa,500,169,0.338,manual__ca_global_alpha_control__lambda_0,0.5711578683923559,0.40937580725009665,0.25688629198381174
losnet_hotpotqa_mistral7b,QA,hotpotqa,500,169,0.338,manual__ca_global_alpha_control__lambda_0p1,0.5714438942419422,0.4109896128860503,0.22092033501324623
losnet_hotpotqa_mistral7b,QA,hotpotqa,500,169,0.338,manual__ca_global_alpha_control__lambda_0p3,0.5725522444090885,0.41449016472376987,0.16927267703251897
losnet_hotpotqa_mistral7b,QA,hotpotqa,500,169,0.338,manual__ca_global_alpha_control__lambda_1,0.5730706662614633,0.4164848431594879,0.08308564606191553
losnet_hotpotqa_mistral7b,QA,hotpotqa,500,169,0.338,manual__ca_global_alpha_control__lambda_10,0.5731600493394591,0.4203214341667443,0.0036050332748864262
losnet_hotpotqa_mistral7b,QA,hotpotqa,500,169,0.338,manual__ca_global_alpha_control__lambda_100,0.5731779259550582,0.42034621942303196,4.541760973489302e-05
losnet_hotpotqa_mistral7b,QA,hotpotqa,500,169,0.338,manual__ca_global_alpha_control__lambda_3,0.5726237508714851,0.4177519943365553,0.024373197234622907
losnet_hotpotqa_mistral7b,QA,hotpotqa,500,169,0.338,manual__ca_global_alpha_control__lambda_30,0.5732315558018557,0.4203640918930058,0.0004740494656911703
losnet_hotpotqa_mistral7b,QA,hotpotqa,500,169,0.338,manual__ca_permuted_alpha_control__lambda_0,0.5711578683923559,0.40937580725009665,0.25688629198381174
losnet_hotpotqa_mistral7b,QA,hotpotqa,500,169,0.338,manual__ca_permuted_alpha_control__lambda_0p1,0.5714438942419421,0.41100928874265713,0.22113891996460255
losnet_hotpotqa_mistral7b,QA,hotpotqa,500,169,0.338,manual__ca_permuted_alpha_control__lambda_0p3,0.5725164911778903,0.41445873117276966,0.16969906606335558
losnet_hotpotqa_mistral7b,QA,hotpotqa,500,169,0.338,manual__ca_permuted_alpha_control__lambda_1,0.5730885428770626,0.41659579252703466,0.08354493837652188
losnet_hotpotqa_mistral7b,QA,hotpotqa,500,169,0.338,manual__ca_permuted_alpha_control__lambda_10,0.5731779259550582,0.4198973063882839,0.00364316090974939
losnet_hotpotqa_mistral7b,QA,hotpotqa,500,169,0.338,manual__ca_permuted_alpha_control__lambda_100,0.5732315558018556,0.42035945952303383,4.594885987911655e-05
losnet_hotpotqa_mistral7b,QA,hotpotqa,500,169,0.338,manual__ca_permuted_alpha_control__lambda_3,0.5728025170274764,0.4178486409021066,0.024580622904455757
losnet_hotpotqa_mistral7b,QA,hotpotqa,500,169,0.338,manual__ca_permuted_alpha_control__lambda_30,0.5731600493394591,0.4202699563115134,0.0004794452946826818
losnet_hotpotqa_mistral7b,QA,hotpotqa,500,169,0.338,manual__ca_specrage_alpha_liu__lambda_0,0.5711578683923559,0.40937580725009665,0.25688629198381174
losnet_hotpotqa_mistral7b,QA,hotpotqa,500,169,0.338,manual__ca_specrage_alpha_liu__lambda_0p1,0.5714081410107439,0.4111296389194661,0.22170845585336016
losnet_hotpotqa_mistral7b,QA,hotpotqa,500,169,0.338,manual__ca_specrage_alpha_liu__lambda_0p3,0.5730349130302652,0.4151399061102369,0.17102357950032826
losnet_hotpotqa_mistral7b,QA,hotpotqa,500,169,0.338,manual__ca_specrage_alpha_liu__lambda_1,0.5729276533366703,0.4168185711345386,0.08533971596202704
losnet_hotpotqa_mistral7b,QA,hotpotqa,500,169,0.338,manual__ca_specrage_alpha_liu__lambda_10,0.5732851856486529,0.4205069712900054,0.003829666945019011
losnet_hotpotqa_mistral7b,QA,hotpotqa,500,169,0.338,manual__ca_specrage_alpha_liu__lambda_100,0.5732673090330539,0.4207381263674862,4.864059959553771e-05
losnet_hotpotqa_mistral7b,QA,hotpotqa,500,169,0.338,manual__ca_specrage_alpha_liu__lambda_3,0.5724092314842955,0.4181170065142887,0.02552069945415701
losnet_hotpotqa_mistral7b,QA,hotpotqa,500,169,0.338,manual__ca_specrage_alpha_liu__lambda_30,0.5732136791862564,0.4205826099141746,0.0005065264011964335
losnet_hotpotqa_mistral7b,QA,hotpotqa,500,169,0.338,manual__ca_specrage_y_liu__lambda_0,0.5711578683923559,0.40937580725009665,0.25688629198381174
losnet_hotpotqa_mistral7b,QA,hotpotqa,500,169,0.338,manual__ca_specrage_y_liu__lambda_0p1,0.5712472514703516,0.4115365734531745,0.21789556927729647
losnet_hotpotqa_mistral7b,QA,hotpotqa,500,169,0.338,manual__ca_specrage_y_liu__lambda_0p3,0.5726058742558859,0.4152380293911695,0.16371174502873775
losnet_hotpotqa_mistral7b,QA,hotpotqa,500,169,0.338,manual__ca_specrage_y_liu__lambda_1,0.5728025170274764,0.4175284672657014,0.07773331692249369
losnet_hotpotqa_mistral7b,QA,hotpotqa,500,169,0.338,manual__ca_specrage_y_liu__lambda_10,0.5733924453422478,0.4221740939697209,0.0032301237746470697
losnet_hotpotqa_mistral7b,QA,hotpotqa,500,169,0.338,manual__ca_specrage_y_liu__lambda_100,0.5733388154954504,0.42256479883945103,4.036600264896004e-05
losnet_hotpotqa_mistral7b,QA,hotpotqa,500,169,0.338,manual__ca_specrage_y_liu__lambda_3,0.5731600493394591,0.4206484064433944,0.022194565958686664
losnet_hotpotqa_mistral7b,QA,hotpotqa,500,169,0.338,manual__ca_specrage_y_liu__lambda_30,0.5733566921110496,0.4225321963813143,0.00042226441415034254
losnet_hotpotqa_mistral7b,QA,hotpotqa,500,169,0.338,manual__ca_uniform_alpha_control__lambda_0,0.5711578683923559,0.40937580725009665,0.25688629198381174
losnet_hotpotqa_mistral7b,QA,hotpotqa,500,169,0.338,manual__ca_uniform_alpha_control__lambda_0p1,0.5711936216235542,0.4096765914816439,0.21821723442252586
losnet_hotpotqa_mistral7b,QA,hotpotqa,500,169,0.338,manual__ca_uniform_alpha_control__lambda_0p3,0.5713187579327482,0.41029422857233067,0.16312064076672161
losnet_hotpotqa_mistral7b,QA,hotpotqa,500,169,0.338,manual__ca_uniform_alpha_control__lambda_1,0.5714081410107439,0.4107799923239238,0.07510160063396641
losnet_hotpotqa_mistral7b,QA,hotpotqa,500,169,0.338,manual__ca_uniform_alpha_control__lambda_10,0.571426017626343,0.4110200569914102,0.0028513913115853625
losnet_hotpotqa_mistral7b,QA,hotpotqa,500,169,0.338,manual__ca_uniform_alpha_control__lambda_100,0.5714081410107438,0.4109375743196772,3.48044737468384e-05
losnet_hotpotqa_mistral7b,QA,hotpotqa,500,169,0.338,manual__ca_uniform_alpha_control__lambda_3,0.5713902643951447,0.4107841983573647,0.020408961897801826
losnet_hotpotqa_mistral7b,QA,hotpotqa,500,169,0.338,manual__ca_uniform_alpha_control__lambda_30,0.5714438942419421,0.4109647638061365,0.00036652540219826875
losnet_hotpotqa_mistral7b,QA,hotpotqa,500,169,0.338,manual__uniform_y_liu__lambda_0,0.5711578683923559,0.40937580725009665,0.25688629198381174
losnet_hotpotqa_mistral7b,QA,hotpotqa,500,169,0.338,manual__uniform_y_liu__lambda_0p1,0.5713545111639464,0.4107312157046265,0.22046425999833966
losnet_hotpotqa_mistral7b,QA,hotpotqa,500,169,0.338,manual__uniform_y_liu__lambda_0p3,0.571819303169524,0.41280268198097814,0.168002681933413
losnet_hotpotqa_mistral7b,QA,hotpotqa,500,169,0.338,manual__uniform_y_liu__lambda_1,0.5728382702586746,0.4159345399611609,0.08108835251231034
losnet_hotpotqa_mistral7b,QA,hotpotqa,500,169,0.338,manual__uniform_y_liu__lambda_10,0.5726952573338815,0.41671594996408684,0.0033837504552370586
losnet_hotpotqa_mistral7b,QA,hotpotqa,500,169,0.338,manual__uniform_y_liu__lambda_100,0.5730706662614633,0.41788957142895844,4.2219413993886464e-05
losnet_hotpotqa_mistral7b,QA,hotpotqa,500,169,0.338,manual__uniform_y_liu__lambda_3,0.5731958025706574,0.41695790320838727,0.023270985650987657
losnet_hotpotqa_mistral7b,QA,hotpotqa,500,169,0.338,manual__uniform_y_liu__lambda_30,0.5729097767210711,0.41711609957422235,0.00044187656727054993
losnet_hotpotqa_mistral7b,QA,hotpotqa,500,169,0.338,micro__adapted_specrage_y_liu__lambda_0,0.5711578683923559,0.40937580725009665,0.25688629198381174
losnet_hotpotqa_mistral7b,QA,hotpotqa,500,169,0.338,micro__adapted_specrage_y_liu__lambda_0p1,0.5711042385455586,0.40949893628136247,0.21660854479263822
losnet_hotpotqa_mistral7b,QA,hotpotqa,500,169,0.338,micro__adapted_specrage_y_liu__lambda_0p3,0.5711221151611577,0.40949746122713193,0.1600166170909907
losnet_hotpotqa_mistral7b,QA,hotpotqa,500,169,0.338,micro__adapted_specrage_y_liu__lambda_1,0.5712114982391534,0.4097667909078643,0.0719075553431904
losnet_hotpotqa_mistral7b,QA,hotpotqa,500,169,0.338,micro__adapted_specrage_y_liu__lambda_10,0.5713545111639465,0.41031722429211137,0.0026206346728741155
losnet_hotpotqa_mistral7b,QA,hotpotqa,500,169,0.338,micro__adapted_specrage_y_liu__lambda_100,0.5713187579327482,0.41030074518713444,3.170944915640064e-05
losnet_hotpotqa_mistral7b,QA,hotpotqa,500,169,0.338,micro__adapted_specrage_y_liu__lambda_3,0.5712651280859508,0.40993979870951136,0.019070052011869506
losnet_hotpotqa_mistral7b,QA,hotpotqa,500,169,0.338,micro__adapted_specrage_y_liu__lambda_30,0.5713187579327482,0.41029266191970165,0.00033474570936245344
losnet_hotpotqa_mistral7b,QA,hotpotqa,500,169,0.338,micro__ca_global_alpha_control__lambda_0,0.5711578683923559,0.40937580725009665,0.25688629198381174
losnet_hotpotqa_mistral7b,QA,hotpotqa,500,169,0.338,micro__ca_global_alpha_control__lambda_0p1,0.5710327320831621,0.4089179235846514,0.21940898346457108
losnet_hotpotqa_mistral7b,QA,hotpotqa,500,169,0.338,micro__ca_global_alpha_control__lambda_0p3,0.5702997908435974,0.40625071476098296,0.16644496311172766
losnet_hotpotqa_mistral7b,QA,hotpotqa,500,169,0.338,micro__ca_global_alpha_control__lambda_1,0.568905414826865,0.3994194258642628,0.08034158129304898
losnet_hotpotqa_mistral7b,QA,hotpotqa,500,169,0.338,micro__ca_global_alpha_control__lambda_10,0.5673501492697404,0.396732269616051,0.003418212522258598
losnet_hotpotqa_mistral7b,QA,hotpotqa,500,169,0.338,micro__ca_global_alpha_control__lambda_100,0.5666172080301757,0.3961774059254559,4.292497808680246e-05
losnet_hotpotqa_mistral7b,QA,hotpotqa,500,169,0.338,micro__ca_global_alpha_control__lambda_3,0.5675110388101324,0.3974337748929001,0.02327046208470827
losnet_hotpotqa_mistral7b,QA,hotpotqa,500,169,0.338,micro__ca_global_alpha_control__lambda_30,0.5667244677237706,0.39624987230592146,0.00044842453485244966
losnet_hotpotqa_mistral7b,QA,hotpotqa,500,169,0.338,micro__ca_permuted_alpha_control__lambda_0,0.5711578683923559,0.40937580725009665,0.25688629198381174
losnet_hotpotqa_mistral7b,QA,hotpotqa,500,169,0.338,micro__ca_permuted_alpha_control__lambda_0p1,0.5710327320831621,0.4089009891979868,0.21949778144282658
losnet_hotpotqa_mistral7b,QA,hotpotqa,500,169,0.338,micro__ca_permuted_alpha_control__lambda_0p3,0.5702819142279982,0.4063543119721296,0.16660620482349794
losnet_hotpotqa_mistral7b,QA,hotpotqa,500,169,0.338,micro__ca_permuted_alpha_control__lambda_1,0.5689411680580632,0.39937712363138755,0.08049131242198608
losnet_hotpotqa_mistral7b,QA,hotpotqa,500,169,0.338,micro__ca_permuted_alpha_control__lambda_10,0.567189259729348,0.39665458232644524,0.0034278542546544726
losnet_hotpotqa_mistral7b,QA,hotpotqa,500,169,0.338,micro__ca_permuted_alpha_control__lambda_100,0.5666350846457748,0.39613496846764057,4.3052201190104805e-05
losnet_hotpotqa_mistral7b,QA,hotpotqa,500,169,0.338,micro__ca_permuted_alpha_control__lambda_3,0.5675110388101324,0.3973855623532032,0.02332860120487266
losnet_hotpotqa_mistral7b,QA,hotpotqa,500,169,0.338,micro__ca_permuted_alpha_control__lambda_30,0.5667423443393697,0.39618796222723557,0.00044973647097748813
losnet_hotpotqa_mistral7b,QA,hotpotqa,500,169,0.338,micro__ca_specrage_alpha_liu__lambda_0,0.5711578683923559,0.40937580725009665,0.25688629198381174
losnet_hotpotqa_mistral7b,QA,hotpotqa,500,169,0.338,micro__ca_specrage_alpha_liu__lambda_0p1,0.5710148554675629,0.4087835768042116,0.21955301559755924
losnet_hotpotqa_mistral7b,QA,hotpotqa,500,169,0.338,micro__ca_specrage_alpha_liu__lambda_0p3,0.5698171222224209,0.40471338577452715,0.1669515149582628
losnet_hotpotqa_mistral7b,QA,hotpotqa,500,169,0.338,micro__ca_specrage_alpha_liu__lambda_1,0.5684406228212875,0.39890364431367464,0.0812929139618259
losnet_hotpotqa_mistral7b,QA,hotpotqa,500,169,0.338,micro__ca_specrage_alpha_liu__lambda_10,0.5665635781833783,0.3960609622724109,0.0035389982994255545
losnet_hotpotqa_mistral7b,QA,hotpotqa,500,169,0.338,micro__ca_specrage_alpha_liu__lambda_100,0.5665993314145765,0.39601633499583716,4.47091178827288e-05
losnet_hotpotqa_mistral7b,QA,hotpotqa,500,169,0.338,micro__ca_specrage_alpha_liu__lambda_3,0.5673680258853394,0.3969257171949432,0.023845129730917156
losnet_hotpotqa_mistral7b,QA,hotpotqa,500,169,0.338,micro__ca_specrage_alpha_liu__lambda_30,0.5667423443393697,0.39620462907420545,0.0004662661785421147
losnet_hotpotqa_mistral7b,QA,hotpotqa,500,169,0.338,micro__ca_specrage_y_liu__lambda_0,0.5711578683923559,0.40937580725009665,0.25688629198381174
losnet_hotpotqa_mistral7b,QA,hotpotqa,500,169,0.338,micro__ca_specrage_y_liu__lambda_0p1,0.5713545111639464,0.41077571965431525,0.22131429969986074
losnet_hotpotqa_mistral7b,QA,hotpotqa,500,169,0.338,micro__ca_specrage_y_liu__lambda_0p3,0.5718014265539249,0.41274652384896093,0.1696744006737893
losnet_hotpotqa_mistral7b,QA,hotpotqa,500,169,0.338,micro__ca_specrage_y_liu__lambda_1,0.5729276533366703,0.4157711618333159,0.08290465508798911
losnet_hotpotqa_mistral7b,QA,hotpotqa,500,169,0.338,micro__ca_specrage_y_liu__lambda_10,0.5728740234898728,0.4168721654059273,0.0035332925351581343
losnet_hotpotqa_mistral7b,QA,hotpotqa,500,169,0.338,micro__ca_specrage_y_liu__lambda_100,0.5726952573338815,0.41671936339293586,4.4292664074773106e-05
losnet_hotpotqa_mistral7b,QA,hotpotqa,500,169,0.338,micro__ca_specrage_y_liu__lambda_3,0.5730170364146661,0.41654731257820315,0.02408982249261097
losnet_hotpotqa_mistral7b,QA,hotpotqa,500,169,0.338,micro__ca_specrage_y_liu__lambda_30,0.5726773807182823,0.416810250656472,0.0004629658299254742
losnet_hotpotqa_mistral7b,QA,hotpotqa,500,169,0.338,micro__ca_uniform_alpha_control__lambda_0,0.5711578683923559,0.40937580725009665,0.25688629198381174
losnet_hotpotqa_mistral7b,QA,hotpotqa,500,169,0.338,micro__ca_uniform_alpha_control__lambda_0p1,0.5711221151611576,0.4092332639119731,0.21907737334311006
losnet_hotpotqa_mistral7b,QA,hotpotqa,500,169,0.338,micro__ca_uniform_alpha_control__lambda_0p3,0.5708360893115715,0.4078926721694094,0.1653672611784848
losnet_hotpotqa_mistral7b,QA,hotpotqa,500,169,0.338,micro__ca_uniform_alpha_control__lambda_1,0.5696919859132269,0.40194086849576827,0.0784330460294089
losnet_hotpotqa_mistral7b,QA,hotpotqa,500,169,0.338,micro__ca_uniform_alpha_control__lambda_10,0.5678864477377144,0.3979837650405608,0.0031910885090362085
losnet_hotpotqa_mistral7b,QA,hotpotqa,500,169,0.338,micro__ca_uniform_alpha_control__lambda_100,0.5676540517349256,0.3967732704267841,3.9616504212013336e-05
losnet_hotpotqa_mistral7b,QA,hotpotqa,500,169,0.338,micro__ca_uniform_alpha_control__lambda_3,0.5686908954396753,0.3993234201240404,0.022161781212021715
losnet_hotpotqa_mistral7b,QA,hotpotqa,500,169,0.338,micro__ca_uniform_alpha_control__lambda_30,0.5676898049661239,0.3969837540618172,0.0004152095575647754
losnet_hotpotqa_mistral7b,QA,hotpotqa,500,169,0.338,micro__uniform_y_liu__lambda_0,0.5711578683923559,0.40937580725009665,0.25688629198381174
losnet_hotpotqa_mistral7b,QA,hotpotqa,500,169,0.338,micro__uniform_y_liu__lambda_0p1,0.5710863619299595,0.40936085513150705,0.21554983312160964
losnet_hotpotqa_mistral7b,QA,hotpotqa,500,169,0.338,micro__uniform_y_liu__lambda_0p3,0.5711221151611577,0.40948630758684246,0.15801142337447982
losnet_hotpotqa_mistral7b,QA,hotpotqa,500,169,0.338,micro__uniform_y_liu__lambda_1,0.571157868392356,0.40964152062956416,0.06991702990763622
losnet_hotpotqa_mistral7b,QA,hotpotqa,500,169,0.338,micro__uniform_y_liu__lambda_10,0.5713187579327481,0.4101467085258178,0.0024847155887880276
losnet_hotpotqa_mistral7b,QA,hotpotqa,500,169,0.338,micro__uniform_y_liu__lambda_100,0.5713366345483474,0.4101652024009591,2.9907439683234567e-05
losnet_hotpotqa_mistral7b,QA,hotpotqa,500,169,0.338,micro__uniform_y_liu__lambda_3,0.5712830047015499,0.40992932365609236,0.01826362011747613
losnet_hotpotqa_mistral7b,QA,hotpotqa,500,169,0.338,micro__uniform_y_liu__lambda_30,0.5713366345483474,0.41016365251798126,0.00031618310042782707
losnet_hotpotqa_mistral7b,QA,hotpotqa,500,169,0.338,raw_uniform_liu__lambda_0,0.5711578683923559,0.40937580725009665,0.25688629198381174
losnet_hotpotqa_mistral7b,QA,hotpotqa,500,169,0.338,raw_uniform_liu__lambda_0p1,0.5711042385455586,0.40947589659819267,0.22029714398624137
losnet_hotpotqa_mistral7b,QA,hotpotqa,500,169,0.338,raw_uniform_liu__lambda_0p3,0.5712293748547526,0.40976398106654954,0.1671893894015584
losnet_hotpotqa_mistral7b,QA,hotpotqa,500,169,0.338,raw_uniform_liu__lambda_1,0.5713008813171491,0.41027004668505773,0.07942232712679008
losnet_hotpotqa_mistral7b,QA,hotpotqa,500,169,0.338,raw_uniform_liu__lambda_10,0.5713723877795456,0.41032623911458116,0.0031828450440856563
losnet_hotpotqa_mistral7b,QA,hotpotqa,500,169,0.338,raw_uniform_liu__lambda_100,0.5713545111639464,0.4104540393599238,3.931107894998792e-05
losnet_hotpotqa_mistral7b,QA,hotpotqa,500,169,0.338,raw_uniform_liu__lambda_3,0.5712114982391534,0.41011880473030354,0.022284548557118224
losnet_hotpotqa_mistral7b,QA,hotpotqa,500,169,0.338,raw_uniform_liu__lambda_30,0.5713723877795456,0.4104671032191415,0.000412622808854561
sciq_llama8b,QA,sciq,198,131,0.6616161616161617,atomic__adapted_specrage_y_liu__lambda_0,0.7415973567278114,0.8443328162218233,0.28700209452849024
sciq_llama8b,QA,sciq,198,131,0.6616161616161617,atomic__adapted_specrage_y_liu__lambda_0p1,0.7415973567278114,0.8443328162218233,0.23872029306113754
sciq_llama8b,QA,sciq,198,131,0.6616161616161617,atomic__adapted_specrage_y_liu__lambda_0p3,0.7415973567278114,0.8443328162218233,0.17262247420991986
sciq_llama8b,QA,sciq,198,131,0.6616161616161617,atomic__adapted_specrage_y_liu__lambda_1,0.7415973567278114,0.8443328162218233,0.07434986778826717
sciq_llama8b,QA,sciq,198,131,0.6616161616161617,atomic__adapted_specrage_y_liu__lambda_10,0.7415973567278114,0.8443328162218233,0.0025316737753992877
sciq_llama8b,QA,sciq,198,131,0.6616161616161617,atomic__adapted_specrage_y_liu__lambda_100,0.7415973567278114,0.8443328162218233,3.020773873072498e-05
sciq_llama8b,QA,sciq,198,131,0.6616161616161617,atomic__adapted_specrage_y_liu__lambda_3,0.7415973567278114,0.8443328162218233,0.01892570847233263
sciq_llama8b,QA,sciq,198,131,0.6616161616161617,atomic__adapted_specrage_y_liu__lambda_30,0.7415973567278114,0.8443328162218233,0.0003201312920680583
sciq_llama8b,QA,sciq,198,131,0.6616161616161617,atomic__ca_global_alpha_control__lambda_0,0.7415973567278114,0.8443328162218233,0.28700209452849024
sciq_llama8b,QA,sciq,198,131,0.6616161616161617,atomic__ca_global_alpha_control__lambda_0p1,0.7409137518514299,0.8439306959398286,0.24998941583792153
sciq_llama8b,QA,sciq,198,131,0.6616161616161617,atomic__ca_global_alpha_control__lambda_0p3,0.7405719494132391,0.8423690377537127,0.19509758026028454
sciq_llama8b,QA,sciq,198,131,0.6616161616161617,atomic__ca_global_alpha_control__lambda_1,0.7422809616041928,0.8442558852746351,0.09884451778649643
sciq_llama8b,QA,sciq,198,131,0.6616161616161617,atomic__ca_global_alpha_control__lambda_10,0.7418252250199385,0.8430196490995988,0.00448516621726801
sciq_llama8b,QA,sciq,198,131,0.6616161616161617,atomic__ca_global_alpha_control__lambda_100,0.7421670274581292,0.8433207954167681,5.702548846764858e-05
sciq_llama8b,QA,sciq,198,131,0.6616161616161617,atomic__ca_global_alpha_control__lambda_3,0.7423948957502563,0.8438831601297905,0.02979866708400522
sciq_llama8b,QA,sciq,198,131,0.6616161616161617,atomic__ca_global_alpha_control__lambda_30,0.7421670274581292,0.8433207954167681,0.0005936911498177788
sciq_llama8b,QA,sciq,198,131,0.6616161616161617,atomic__ca_permuted_alpha_control__lambda_0,0.7415973567278114,0.8443328162218233,0.28700209452849024
sciq_llama8b,QA,sciq,198,131,0.6616161616161617,atomic__ca_permuted_alpha_control__lambda_0p1,0.7409137518514299,0.8439306959398286,0.2495741876133536
sciq_llama8b,QA,sciq,198,131,0.6616161616161617,atomic__ca_permuted_alpha_control__lambda_0p3,0.7405719494132391,0.8423690377537127,0.19423178765813803
sciq_llama8b,QA,sciq,198,131,0.6616161616161617,atomic__ca_permuted_alpha_control__lambda_1,0.7421670274581292,0.8441610580971661,0.09780539509458006
sciq_llama8b,QA,sciq,198,131,0.6616161616161617,atomic__ca_permuted_alpha_control__lambda_10,0.7418252250199385,0.8430196490995988,0.004385977898921892
sciq_llama8b,QA,sciq,198,131,0.6616161616161617,atomic__ca_permuted_alpha_control__lambda_100,0.7422809616041928,0.8433640357833134,5.560769051967009e-05
sciq_llama8b,QA,sciq,198,131,0.6616161616161617,atomic__ca_permuted_alpha_control__lambda_3,0.7423948957502563,0.8438831601297905,0.029286313756881933
sciq_llama8b,QA,sciq,198,131,0.6616161616161617,atomic__ca_permuted_alpha_control__lambda_30,0.7421670274581292,0.8433207954167681,0.0005793912846167697
sciq_llama8b,QA,sciq,198,131,0.6616161616161617,atomic__ca_specrage_alpha_liu__lambda_0,0.7415973567278114,0.8443328162218233,0.28700209452849024
sciq_llama8b,QA,sciq,198,131,0.6616161616161617,atomic__ca_specrage_alpha_liu__lambda_0p1,0.7398883445368577,0.843032781277146,0.2525151615702399
sciq_llama8b,QA,sciq,198,131,0.6616161616161617,atomic__ca_specrage_alpha_liu__lambda_0p3,0.7414834225817478,0.8429427182222586,0.20055913860136199
sciq_llama8b,QA,sciq,198,131,0.6616161616161617,atomic__ca_specrage_alpha_liu__lambda_1,0.7422809616041928,0.8437043640700024,0.10577575911501759
sciq_llama8b,QA,sciq,198,131,0.6616161616161617,atomic__ca_specrage_alpha_liu__lambda_10,0.7412555542896206,0.8427325237613191,0.005205579877498294
sciq_llama8b,QA,sciq,198,131,0.6616161616161617,atomic__ca_specrage_alpha_liu__lambda_100,0.7417112908738749,0.8435172710701859,6.75225734134027e-05
sciq_llama8b,QA,sciq,198,131,0.6616161616161617,atomic__ca_specrage_alpha_liu__lambda_3,0.7419391591660021,0.8431666306963882,0.03339248825470897
sciq_llama8b,QA,sciq,198,131,0.6616161616161617,atomic__ca_specrage_alpha_liu__lambda_30,0.7413694884356842,0.8427580505489438,0.0006989931128533294
sciq_llama8b,QA,sciq,198,131,0.6616161616161617,atomic__ca_specrage_y_liu__lambda_0,0.7415973567278114,0.8443328162218233,0.28700209452849024
sciq_llama8b,QA,sciq,198,131,0.6616161616161617,atomic__ca_specrage_y_liu__lambda_0p1,0.7400022786829212,0.8429273122999075,0.24712945500815758
sciq_llama8b,QA,sciq,198,131,0.6616161616161617,atomic__ca_specrage_y_liu__lambda_0p3,0.7418252250199384,0.8429674657635327,0.18979663477495093
sciq_llama8b,QA,sciq,198,131,0.6616161616161617,atomic__ca_specrage_y_liu__lambda_1,0.7415973567278112,0.8429389689651663,0.09345716223869213
sciq_llama8b,QA,sciq,198,131,0.6616161616161617,atomic__ca_specrage_y_liu__lambda_10,0.7422809616041928,0.8438957724490588,0.004051298245979722
sciq_llama8b,QA,sciq,198,131,0.6616161616161617,atomic__ca_specrage_y_liu__lambda_100,0.7419391591660022,0.8436455126761644,5.098715635385935e-05
sciq_llama8b,QA,sciq,198,131,0.6616161616161617,atomic__ca_specrage_y_liu__lambda_3,0.7422809616041928,0.8436517962065729,0.02742369724383892
sciq_llama8b,QA,sciq,198,131,0.6616161616161617,atomic__ca_specrage_y_liu__lambda_30,0.7420530933120657,0.8436417709955146,0.0005323484411529692
sciq_llama8b,QA,sciq,198,131,0.6616161616161617,atomic__ca_uniform_alpha_control__lambda_0,0.7415973567278114,0.8443328162218233,0.28700209452849024
sciq_llama8b,QA,sciq,198,131,0.6616161616161617,atomic__ca_uniform_alpha_control__lambda_0p1,0.7409137518514299,0.8438955636574884,0.24398104725507616
sciq_llama8b,QA,sciq,198,131,0.6616161616161617,atomic__ca_uniform_alpha_control__lambda_0p3,0.7401162128289849,0.8429773258361799,0.1828035331130789
sciq_llama8b,QA,sciq,198,131,0.6616161616161617,atomic__ca_uniform_alpha_control__lambda_1,0.7414834225817477,0.8428822942681731,0.08478114138440312
sciq_llama8b,QA,sciq,198,131,0.6616161616161617,atomic__ca_uniform_alpha_control__lambda_10,0.7422809616041928,0.8436708153507086,0.003270692668751468
sciq_llama8b,QA,sciq,198,131,0.6616161616161617,atomic__ca_uniform_alpha_control__lambda_100,0.7422809616041928,0.8437846422292461,4.0071464327985346e-05
sciq_llama8b,QA,sciq,198,131,0.6616161616161617,atomic__ca_uniform_alpha_control__lambda_3,0.7422809616041928,0.8438241063844266,0.023251627280953622
sciq_llama8b,QA,sciq,198,131,0.6616161616161617,atomic__ca_uniform_alpha_control__lambda_30,0.7421670274581291,0.8437357494149126,0.0004215511533992269
sciq_llama8b,QA,sciq,198,131,0.6616161616161617,atomic__uniform_y_liu__lambda_0,0.7415973567278114,0.8443328162218233,0.28700209452849024
sciq_llama8b,QA,sciq,198,131,0.6616161616161617,atomic__uniform_y_liu__lambda_0p1,0.7415973567278114,0.8443328162218233,0.24059901838277495
sciq_llama8b,QA,sciq,198,131,0.6616161616161617,atomic__uniform_y_liu__lambda_0p3,0.7417112908738749,0.8443904282051159,0.17612019053392855
sciq_llama8b,QA,sciq,198,131,0.6616161616161617,atomic__uniform_y_liu__lambda_1,0.7418252250199385,0.844449148111164,0.07770576860214062
sciq_llama8b,QA,sciq,198,131,0.6616161616161617,atomic__uniform_y_liu__lambda_10,0.7418252250199385,0.844449148111164,0.0027486832522910913
sciq_llama8b,QA,sciq,198,131,0.6616161616161617,atomic__uniform_y_liu__lambda_100,0.7418252250199385,0.844449148111164,3.305281086099893e-05
sciq_llama8b,QA,sciq,198,131,0.6616161616161617,atomic__uniform_y_liu__lambda_3,0.7418252250199385,0.844449148111164,0.020241348547727717
sciq_llama8b,QA,sciq,198,131,0.6616161616161617,atomic__uniform_y_liu__lambda_30,0.7418252250199385,0.844449148111164,0.0003495296650141372
sciq_llama8b,QA,sciq,198,131,0.6616161616161617,deployed_upcr,0.7401162128289849,0.8441127188113602,0.2941060627815783
sciq_llama8b,QA,sciq,198,131,0.6616161616161617,dufs_liu__lambda_0,0.7415973567278114,0.8443328162218233,0.28700209452849024
sciq_llama8b,QA,sciq,198,131,0.6616161616161617,dufs_liu__lambda_0p1,0.7406858835593028,0.8438336951620652,0.27011518149652236
sciq_llama8b,QA,sciq,198,131,0.6616161616161617,dufs_liu__lambda_0p3,0.7405719494132392,0.8427516023092883,0.24106442824169472
sciq_llama8b,QA,sciq,198,131,0.6616161616161617,dufs_liu__lambda_1,0.7412555542896206,0.8427697177799989,0.1696028939127476
sciq_llama8b,QA,sciq,198,131,0.6616161616161617,dufs_liu__lambda_10,0.741939159166002,0.8430256461044466,0.017994650775385864
sciq_llama8b,QA,sciq,198,131,0.6616161616161617,dufs_liu__lambda_100,0.7418252250199384,0.8429616473381578,0.0003001804317706616
sciq_llama8b,QA,sciq,198,131,0.6616161616161617,dufs_liu__lambda_3,0.7417112908738748,0.8429091679232961,0.0795604712004217
sciq_llama8b,QA,sciq,198,131,0.6616161616161617,dufs_liu__lambda_30,0.741939159166002,0.8430256461044466,0.002882991172035153
sciq_llama8b,QA,sciq,198,131,0.6616161616161617,iu_pcr,0.7415973567278114,0.8443328162218233,0.28700209452849024
sciq_llama8b,QA,sciq,198,131,0.6616161616161617,manual__adapted_specrage_y_liu__lambda_0,0.7415973567278114,0.8443328162218233,0.28700209452849024
sciq_llama8b,QA,sciq,198,131,0.6616161616161617,manual__adapted_specrage_y_liu__lambda_0p1,0.7397744103907941,0.8428290988166134,0.24742463566052145
sciq_llama8b,QA,sciq,198,131,0.6616161616161617,manual__adapted_specrage_y_liu__lambda_0p3,0.7419391591660021,0.8440081924803663,0.1906256306184698
sciq_llama8b,QA,sciq,198,131,0.6616161616161617,manual__adapted_specrage_y_liu__lambda_1,0.7425088298963198,0.8441702186777129,0.09473510951293533
sciq_llama8b,QA,sciq,198,131,0.6616161616161617,manual__adapted_specrage_y_liu__lambda_10,0.7419391591660021,0.8437679253638714,0.004190948062938671
sciq_llama8b,QA,sciq,198,131,0.6616161616161617,manual__adapted_specrage_y_liu__lambda_100,0.7417112908738749,0.8436877178313194,5.300718184157721e-05
sciq_llama8b,QA,sciq,198,131,0.6616161616161617,manual__adapted_specrage_y_liu__lambda_3,0.7422809616041928,0.8438957724490588,0.02812050649065265
sciq_llama8b,QA,sciq,198,131,0.6616161616161617,manual__adapted_specrage_y_liu__lambda_30,0.7417112908738749,0.8436733664896475,0.0005526623664241828
sciq_llama8b,QA,sciq,198,131,0.6616161616161617,manual__ca_global_alpha_control__lambda_0,0.7415973567278114,0.8443328162218233,0.28700209452849024
sciq_llama8b,QA,sciq,198,131,0.6616161616161617,manual__ca_global_alpha_control__lambda_0p1,0.7401162128289849,0.8432027488983243,0.2544863732384466
sciq_llama8b,QA,sciq,198,131,0.6616161616161617,manual__ca_global_alpha_control__lambda_0p3,0.7413694884356842,0.8428722351185753,0.20475335137255737
sciq_llama8b,QA,sciq,198,131,0.6616161616161617,manual__ca_global_alpha_control__lambda_1,0.7422809616041928,0.8437893814388893,0.1111599011420086
sciq_llama8b,QA,sciq,198,131,0.6616161616161617,manual__ca_global_alpha_control__lambda_10,0.7421670274581292,0.8433207954167681,0.005810879908431123
sciq_llama8b,QA,sciq,198,131,0.6616161616161617,manual__ca_global_alpha_control__lambda_100,0.7417112908738749,0.8429441897115607,7.654975970913881e-05
sciq_llama8b,QA,sciq,198,131,0.6616161616161617,manual__ca_global_alpha_control__lambda_3,0.7418252250199384,0.843530716398743,0.03629932672270609
sciq_llama8b,QA,sciq,198,131,0.6616161616161617,manual__ca_global_alpha_control__lambda_30,0.7421670274581292,0.8431754104360014,0.0007889457622953007
sciq_llama8b,QA,sciq,198,131,0.6616161616161617,manual__ca_permuted_alpha_control__lambda_0,0.7415973567278114,0.8443328162218233,0.28700209452849024
sciq_llama8b,QA,sciq,198,131,0.6616161616161617,manual__ca_permuted_alpha_control__lambda_0p1,0.7398883445368577,0.843032781277146,0.2535193339033452
sciq_llama8b,QA,sciq,198,131,0.6616161616161617,manual__ca_permuted_alpha_control__lambda_0p3,0.7413694884356842,0.8428722351185753,0.202686020517149
sciq_llama8b,QA,sciq,198,131,0.6616161616161617,manual__ca_permuted_alpha_control__lambda_1,0.7423948957502564,0.8437434887860813,0.10847606709484707
sciq_llama8b,QA,sciq,198,131,0.6616161616161617,manual__ca_permuted_alpha_control__lambda_10,0.7417112908738749,0.8429441897115607,0.00550209788530148
sciq_llama8b,QA,sciq,198,131,0.6616161616161617,manual__ca_permuted_alpha_control__lambda_100,0.7412555542896206,0.8427325237613191,7.191798799457614e-05
sciq_llama8b,QA,sciq,198,131,0.6616161616161617,manual__ca_permuted_alpha_control__lambda_3,0.7418252250199384,0.8435661949136904,0.034831291868252734
sciq_llama8b,QA,sciq,198,131,0.6616161616161617,manual__ca_permuted_alpha_control__lambda_30,0.7412555542896206,0.8427325237613191,0.0007428678342765902
sciq_llama8b,QA,sciq,198,131,0.6616161616161617,manual__ca_specrage_alpha_liu__lambda_0,0.7415973567278114,0.8443328162218233,0.28700209452849024
sciq_llama8b,QA,sciq,198,131,0.6616161616161617,manual__ca_specrage_alpha_liu__lambda_0p1,0.7401162128289849,0.8429773258361799,0.2563555765965389
sciq_llama8b,QA,sciq,198,131,0.6616161616161617,manual__ca_specrage_alpha_liu__lambda_0p3,0.7414834225817477,0.8428629410990531,0.20913182894079882
sciq_llama8b,QA,sciq,198,131,0.6616161616161617,manual__ca_specrage_alpha_liu__lambda_1,0.7421670274581292,0.8436770136109808,0.11747964013122963
sciq_llama8b,QA,sciq,198,131,0.6616161616161617,manual__ca_specrage_alpha_liu__lambda_10,0.7421670274581291,0.8438263599392907,0.006634900610262911
sciq_llama8b,QA,sciq,198,131,0.6616161616161617,manual__ca_specrage_alpha_liu__lambda_100,0.7421670274581292,0.8439751421746002,8.92465456908874e-05
sciq_llama8b,QA,sciq,198,131,0.6616161616161617,manual__ca_specrage_alpha_liu__lambda_3,0.7412555542896206,0.8427073479561897,0.04002933684492557
sciq_llama8b,QA,sciq,198,131,0.6616161616161617,manual__ca_specrage_alpha_liu__lambda_30,0.7426227640423835,0.8441517107380558,0.0009143019628695375
sciq_llama8b,QA,sciq,198,131,0.6616161616161617,manual__ca_specrage_y_liu__lambda_0,0.7415973567278114,0.8443328162218233,0.28700209452849024
sciq_llama8b,QA,sciq,198,131,0.6616161616161617,manual__ca_specrage_y_liu__lambda_0p1,0.7415973567278114,0.8442484783861218,0.24035594626706855
sciq_llama8b,QA,sciq,198,131,0.6616161616161617,manual__ca_specrage_y_liu__lambda_0p3,0.7409137518514299,0.8438866240675382,0.17572240477504392
sciq_llama8b,QA,sciq,198,131,0.6616161616161617,manual__ca_specrage_y_liu__lambda_1,0.7397744103907941,0.8428290988166134,0.07740868974139133
sciq_llama8b,QA,sciq,198,131,0.6616161616161617,manual__ca_specrage_y_liu__lambda_10,0.7412555542896205,0.8428324973491368,0.002735848045829878
sciq_llama8b,QA,sciq,198,131,0.6616161616161617,manual__ca_specrage_y_liu__lambda_100,0.7412555542896206,0.8427697177799989,3.289840185272702e-05
sciq_llama8b,QA,sciq,198,131,0.6616161616161617,manual__ca_specrage_y_liu__lambda_3,0.7406858835593028,0.842407461853308,0.020149860277946074
sciq_llama8b,QA,sciq,198,131,0.6616161616161617,manual__ca_specrage_y_liu__lambda_30,0.7412555542896206,0.8427697177799989,0.0003478953689954146
sciq_llama8b,QA,sciq,198,131,0.6616161616161617,manual__ca_uniform_alpha_control__lambda_0,0.7415973567278114,0.8443328162218233,0.28700209452849024
sciq_llama8b,QA,sciq,198,131,0.6616161616161617,manual__ca_uniform_alpha_control__lambda_0p1,0.7400022786829213,0.8429923021474293,0.24895658141520505
sciq_llama8b,QA,sciq,198,131,0.6616161616161617,manual__ca_uniform_alpha_control__lambda_0p3,0.7415973567278114,0.842967136460472,0.19333595771065884
sciq_llama8b,QA,sciq,198,131,0.6616161616161617,manual__ca_uniform_alpha_control__lambda_1,0.7419391591660021,0.8435928682718239,0.09726345071241484
sciq_llama8b,QA,sciq,198,131,0.6616161616161617,manual__ca_uniform_alpha_control__lambda_10,0.7420530933120657,0.8440732529338293,0.0043733169763459315
sciq_llama8b,QA,sciq,198,131,0.6616161616161617,manual__ca_uniform_alpha_control__lambda_100,0.7423948957502564,0.8437211690226444,5.549852294747988e-05
sciq_llama8b,QA,sciq,198,131,0.6616161616161617,manual__ca_uniform_alpha_control__lambda_3,0.7426227640423835,0.844198229055015,0.029159160388400437
sciq_llama8b,QA,sciq,198,131,0.6616161616161617,manual__ca_uniform_alpha_control__lambda_30,0.7420530933120655,0.843540234107317,0.0005780991384415236
sciq_llama8b,QA,sciq,198,131,0.6616161616161617,manual__uniform_y_liu__lambda_0,0.7415973567278114,0.8443328162218233,0.28700209452849024
sciq_llama8b,QA,sciq,198,131,0.6616161616161617,manual__uniform_y_liu__lambda_0p1,0.7418252250199385,0.8444001552691092,0.23826167303308105
sciq_llama8b,QA,sciq,198,131,0.6616161616161617,manual__uniform_y_liu__lambda_0p3,0.741939159166002,0.8444287444289151,0.17178253471288454
sciq_llama8b,QA,sciq,198,131,0.6616161616161617,manual__uniform_y_liu__lambda_1,0.7414834225817477,0.8442648595704684,0.0735689293949391
sciq_llama8b,QA,sciq,198,131,0.6616161616161617,manual__uniform_y_liu__lambda_10,0.7409137518514299,0.8438866240675382,0.0024835243536617275
sciq_llama8b,QA,sciq,198,131,0.6616161616161617,manual__uniform_y_liu__lambda_100,0.7407998177053664,0.8438539739914636,2.958241835083994e-05
sciq_llama8b,QA,sciq,198,131,0.6616161616161617,manual__uniform_y_liu__lambda_3,0.7409137518514299,0.8438955636574884,0.01862833738910851
sciq_llama8b,QA,sciq,198,131,0.6616161616161617,manual__uniform_y_liu__lambda_30,0.7409137518514299,0.8438866240675382,0.00031365292727805874
sciq_llama8b,QA,sciq,198,131,0.6616161616161617,micro__adapted_specrage_y_liu__lambda_0,0.7415973567278114,0.8443328162218233,0.28700209452849024
sciq_llama8b,QA,sciq,198,131,0.6616161616161617,micro__adapted_specrage_y_liu__lambda_0p1,0.7420530933120656,0.8446079083503161,0.2480978011170375
sciq_llama8b,QA,sciq,198,131,0.6616161616161617,micro__adapted_specrage_y_liu__lambda_0p3,0.7415973567278114,0.8443579798085499,0.1907445461028068
sciq_llama8b,QA,sciq,198,131,0.6616161616161617,micro__adapted_specrage_y_liu__lambda_1,0.7412555542896206,0.8440925193909268,0.09313897959838176
sciq_llama8b,QA,sciq,198,131,0.6616161616161617,micro__adapted_specrage_y_liu__lambda_10,0.7412555542896206,0.8449191221575565,0.003922724739398242
sciq_llama8b,QA,sciq,198,131,0.6616161616161617,micro__adapted_specrage_y_liu__lambda_100,0.7412555542896206,0.8449191221575565,4.8995990949305476e-05
sciq_llama8b,QA,sciq,198,131,0.6616161616161617,micro__adapted_specrage_y_liu__lambda_3,0.7414834225817478,0.8450438512896525,0.026904280975322742
sciq_llama8b,QA,sciq,198,131,0.6616161616161617,micro__adapted_specrage_y_liu__lambda_30,0.7412555542896206,0.8449191221575565,0.0005126623257285282
sciq_llama8b,QA,sciq,198,131,0.6616161616161617,micro__ca_global_alpha_control__lambda_0,0.7415973567278114,0.8443328162218233,0.28700209452849024
sciq_llama8b,QA,sciq,198,131,0.6616161616161617,micro__ca_global_alpha_control__lambda_0p1,0.7407998177053664,0.8438539739914636,0.24909037987616486
sciq_llama8b,QA,sciq,198,131,0.6616161616161617,micro__ca_global_alpha_control__lambda_0p3,0.7405719494132392,0.8427366306767777,0.19313932962072028
sciq_llama8b,QA,sciq,198,131,0.6616161616161617,micro__ca_global_alpha_control__lambda_1,0.741939159166002,0.8430256461044466,0.0963907193344062
sciq_llama8b,QA,sciq,198,131,0.6616161616161617,micro__ca_global_alpha_control__lambda_10,0.7423948957502564,0.8438134757851028,0.0042455170296985855
sciq_llama8b,QA,sciq,198,131,0.6616161616161617,micro__ca_global_alpha_control__lambda_100,0.7421670274581293,0.8436808240392597,5.359529153786103e-05
sciq_llama8b,QA,sciq,198,131,0.6616161616161617,micro__ca_global_alpha_control__lambda_3,0.7422809616041928,0.8437043640700024,0.028567215630652763
sciq_llama8b,QA,sciq,198,131,0.6616161616161617,micro__ca_global_alpha_control__lambda_30,0.7421670274581292,0.8436770136109808,0.0005591045304678531
sciq_llama8b,QA,sciq,198,131,0.6616161616161617,micro__ca_permuted_alpha_control__lambda_0,0.7415973567278114,0.8443328162218233,0.28700209452849024
sciq_llama8b,QA,sciq,198,131,0.6616161616161617,micro__ca_permuted_alpha_control__lambda_0p1,0.7409137518514299,0.8438866240675382,0.2489608671229451
sciq_llama8b,QA,sciq,198,131,0.6616161616161617,micro__ca_permuted_alpha_control__lambda_0p3,0.7404580152671756,0.8426771290683139,0.19284303485337417
sciq_llama8b,QA,sciq,198,131,0.6616161616161617,micro__ca_permuted_alpha_control__lambda_1,0.7417112908738748,0.8429091679232961,0.0960038251005902
sciq_llama8b,QA,sciq,198,131,0.6616161616161617,micro__ca_permuted_alpha_control__lambda_10,0.7422809616041928,0.8437313428397564,0.004207308317095219
sciq_llama8b,QA,sciq,198,131,0.6616161616161617,micro__ca_permuted_alpha_control__lambda_100,0.7422809616041928,0.8437823899103738,5.304932539089369e-05
sciq_llama8b,QA,sciq,198,131,0.6616161616161617,micro__ca_permuted_alpha_control__lambda_3,0.7422809616041928,0.8437893814388893,0.028370854816243424
sciq_llama8b,QA,sciq,198,131,0.6616161616161617,micro__ca_permuted_alpha_control__lambda_30,0.7422809616041928,0.8437846422292461,0.000553596412007017
sciq_llama8b,QA,sciq,198,131,0.6616161616161617,micro__ca_specrage_alpha_liu__lambda_0,0.7415973567278114,0.8443328162218233,0.28700209452849024
sciq_llama8b,QA,sciq,198,131,0.6616161616161617,micro__ca_specrage_alpha_liu__lambda_0p1,0.7412555542896206,0.8441571820143304,0.24991450286765693
sciq_llama8b,QA,sciq,198,131,0.6616161616161617,micro__ca_specrage_alpha_liu__lambda_0p3,0.7401162128289849,0.8431930715913268,0.19459999314465964
sciq_llama8b,QA,sciq,198,131,0.6616161616161617,micro__ca_specrage_alpha_liu__lambda_1,0.740344081121112,0.8426770204876652,0.09780289439631296
sciq_llama8b,QA,sciq,198,131,0.6616161616161617,micro__ca_specrage_alpha_liu__lambda_10,0.7412555542896206,0.8427697177799989,0.004354962517439895
sciq_llama8b,QA,sciq,198,131,0.6616161616161617,micro__ca_specrage_alpha_liu__lambda_100,0.7414834225817477,0.8428822942681731,5.5110322687783686e-05
sciq_llama8b,QA,sciq,198,131,0.6616161616161617,micro__ca_specrage_alpha_liu__lambda_3,0.7414834225817478,0.8429427182222586,0.02917360172251643
sciq_llama8b,QA,sciq,198,131,0.6616161616161617,micro__ca_specrage_alpha_liu__lambda_30,0.7414834225817477,0.8428822942681731,0.0005745178064056142
sciq_llama8b,QA,sciq,198,131,0.6616161616161617,micro__ca_specrage_y_liu__lambda_0,0.7415973567278114,0.8443328162218233,0.28700209452849024
sciq_llama8b,QA,sciq,198,131,0.6616161616161617,micro__ca_specrage_y_liu__lambda_0p1,0.7409137518514299,0.8438866240675382,0.23994441805916686
sciq_llama8b,QA,sciq,198,131,0.6616161616161617,micro__ca_specrage_y_liu__lambda_0p3,0.7404580152671756,0.842251855485064,0.17528326067520872
sciq_llama8b,QA,sciq,198,131,0.6616161616161617,micro__ca_specrage_y_liu__lambda_1,0.7421670274581292,0.8436208018144362,0.07752414128471462
sciq_llama8b,QA,sciq,198,131,0.6616161616161617,micro__ca_specrage_y_liu__lambda_10,0.7423948957502564,0.8437211690226444,0.0027883329291325146
sciq_llama8b,QA,sciq,198,131,0.6616161616161617,micro__ca_specrage_y_liu__lambda_100,0.7420530933120657,0.8436350390557837,3.3693160717894536e-05
sciq_llama8b,QA,sciq,198,131,0.6616161616161617,micro__ca_specrage_y_liu__lambda_3,0.7425088298963199,0.8440616646112012,0.02036718172919596
sciq_llama8b,QA,sciq,198,131,0.6616161616161617,micro__ca_specrage_y_liu__lambda_30,0.7421670274581292,0.8436771566852334,0.00035580625576336883
sciq_llama8b,QA,sciq,198,131,0.6616161616161617,micro__ca_uniform_alpha_control__lambda_0,0.7415973567278114,0.8443328162218233,0.28700209452849024
sciq_llama8b,QA,sciq,198,131,0.6616161616161617,micro__ca_uniform_alpha_control__lambda_0p1,0.7406858835593026,0.8437567948668799,0.2491995072659554
sciq_llama8b,QA,sciq,198,131,0.6616161616161617,micro__ca_uniform_alpha_control__lambda_0p3,0.7406858835593029,0.8428077510598795,0.19336886922159102
sciq_llama8b,QA,sciq,198,131,0.6616161616161617,micro__ca_uniform_alpha_control__lambda_1,0.741939159166002,0.8430256461044466,0.09666681946747949
sciq_llama8b,QA,sciq,198,131,0.6616161616161617,micro__ca_uniform_alpha_control__lambda_10,0.7425088298963199,0.8439224693706284,0.004271390896651761
sciq_llama8b,QA,sciq,198,131,0.6616161616161617,micro__ca_uniform_alpha_control__lambda_100,0.7418252250199384,0.843532765992958,5.3962897303378474e-05
sciq_llama8b,QA,sciq,198,131,0.6616161616161617,micro__ca_uniform_alpha_control__lambda_3,0.7422809616041928,0.8437043640700024,0.028702163524789895
sciq_llama8b,QA,sciq,198,131,0.6616161616161617,micro__ca_uniform_alpha_control__lambda_30,0.7421670274581293,0.8436808240392597,0.0005628186858989245
sciq_llama8b,QA,sciq,198,131,0.6616161616161617,micro__uniform_y_liu__lambda_0,0.7415973567278114,0.8443328162218233,0.28700209452849024
sciq_llama8b,QA,sciq,198,131,0.6616161616161617,micro__uniform_y_liu__lambda_0p1,0.7418252250199385,0.84450640546222,0.23831726161315953
sciq_llama8b,QA,sciq,198,131,0.6616161616161617,micro__uniform_y_liu__lambda_0p3,0.7413694884356842,0.844124555775857,0.17189455000381376
sciq_llama8b,QA,sciq,198,131,0.6616161616161617,micro__uniform_y_liu__lambda_1,0.7409137518514299,0.8447605654438264,0.07368998472695552
sciq_llama8b,QA,sciq,198,131,0.6616161616161617,micro__uniform_y_liu__lambda_10,0.740344081121112,0.8442275607066502,0.0024923867695879373
sciq_llama8b,QA,sciq,198,131,0.6616161616161617,micro__uniform_y_liu__lambda_100,0.7406858835593028,0.8443984274629064,2.9700806613189267e-05
sciq_llama8b,QA,sciq,198,131,0.6616161616161617,micro__uniform_y_liu__lambda_3,0.7402301469750484,0.8442737369498124,0.01867986345215222
sciq_llama8b,QA,sciq,198,131,0.6616161616161617,micro__uniform_y_liu__lambda_30,0.740344081121112,0.8442275607066502,0.0003148701247619891
sciq_llama8b,QA,sciq,198,131,0.6616161616161617,raw_uniform_liu__lambda_0,0.7415973567278114,0.8443328162218233,0.28700209452849024
sciq_llama8b,QA,sciq,198,131,0.6616161616161617,raw_uniform_liu__lambda_0p1,0.7407998177053663,0.8437995743822563,0.25076211287824346
sciq_llama8b,QA,sciq,198,131,0.6616161616161617,raw_uniform_liu__lambda_0p3,0.7397744103907941,0.8428290988166134,0.19647341085854428
sciq_llama8b,QA,sciq,198,131,0.6616161616161617,raw_uniform_liu__lambda_1,0.7414834225817477,0.8428619869684686,0.10019762626213831
sciq_llama8b,QA,sciq,198,131,0.6616161616161617,raw_uniform_liu__lambda_10,0.7419391591660021,0.8440081924803663,0.004594507368451219
sciq_llama8b,QA,sciq,198,131,0.6616161616161617,raw_uniform_liu__lambda_100,0.7421670274581291,0.8437402208043577,5.85550440583791e-05
sciq_llama8b,QA,sciq,198,131,0.6616161616161617,raw_uniform_liu__lambda_3,0.741939159166002,0.8430256461044466,0.030393431510070016
sciq_llama8b,QA,sciq,198,131,0.6616161616161617,raw_uniform_liu__lambda_30,0.7422809616041928,0.8442558852746351,0.0006092059416054959
se_nq_open_llama8b,QA,nq_open,8460,4105,0.4852245862884161,atomic__adapted_specrage_y_liu__lambda_0,0.7434733201788304,0.7287365752387622,0.25784921878980094
se_nq_open_llama8b,QA,nq_open,8460,4105,0.4852245862884161,atomic__adapted_specrage_y_liu__lambda_0p1,0.744728153479767,0.7297656580052153,0.21495842564118617
se_nq_open_llama8b,QA,nq_open,8460,4105,0.4852245862884161,atomic__adapted_specrage_y_liu__lambda_0p3,0.7464609119678475,0.730794423445234,0.15660645164327403
se_nq_open_llama8b,QA,nq_open,8460,4105,0.4852245862884161,atomic__adapted_specrage_y_liu__lambda_1,0.7492158061002026,0.7324810911137204,0.06929365548135116
se_nq_open_llama8b,QA,nq_open,8460,4105,0.4852245862884161,atomic__adapted_specrage_y_liu__lambda_10,0.7517864439630761,0.7335424596181834,0.0025284545854220744
se_nq_open_llama8b,QA,nq_open,8460,4105,0.4852245862884161,atomic__adapted_specrage_y_liu__lambda_100,0.7521847708892994,0.7338806292626356,3.069875327311922e-05
se_nq_open_llama8b,QA,nq_open,8460,4105,0.4852245862884161,atomic__adapted_specrage_y_liu__lambda_3,0.7509515851828649,0.733545606456199,0.01833038020640712
se_nq_open_llama8b,QA,nq_open,8460,4105,0.4852245862884161,atomic__adapted_specrage_y_liu__lambda_30,0.7520472778988967,0.7337782036381603,0.00032373871855829913
se_nq_open_llama8b,QA,nq_open,8460,4105,0.4852245862884161,atomic__ca_global_alpha_control__lambda_0,0.7434733201788304,0.7287365752387622,0.25784921878980094
se_nq_open_llama8b,QA,nq_open,8460,4105,0.4852245862884161,atomic__ca_global_alpha_control__lambda_0p1,0.7433330303415929,0.728621917077432,0.21831441914511213
se_nq_open_llama8b,QA,nq_open,8460,4105,0.4852245862884161,atomic__ca_global_alpha_control__lambda_0p3,0.7431629820540322,0.728512306620737,0.16233264208568882
se_nq_open_llama8b,QA,nq_open,8460,4105,0.4852245862884161,atomic__ca_global_alpha_control__lambda_1,0.7428193055149624,0.7282301429642906,0.07392578051503194
se_nq_open_llama8b,QA,nq_open,8460,4105,0.4852245862884161,atomic__ca_global_alpha_control__lambda_10,0.742420642967119,0.7278723034197145,0.002754807814440778
se_nq_open_llama8b,QA,nq_open,8460,4105,0.4852245862884161,atomic__ca_global_alpha_control__lambda_100,0.7423523439674111,0.7277921089464641,3.34906311698528e-05
se_nq_open_llama8b,QA,nq_open,8460,4105,0.4852245862884161,atomic__ca_global_alpha_control__lambda_3,0.7425659111917224,0.7280256820101915,0.019867622325147802
se_nq_open_llama8b,QA,nq_open,8460,4105,0.4852245862884161,atomic__ca_global_alpha_control__lambda_30,0.7423682859943701,0.7278028750553922,0.00035308493370060683
se_nq_open_llama8b,QA,nq_open,8460,4105,0.4852245862884161,atomic__ca_permuted_alpha_control__lambda_0,0.7434733201788304,0.7287365752387622,0.25784921878980094
se_nq_open_llama8b,QA,nq_open,8460,4105,0.4852245862884161,atomic__ca_permuted_alpha_control__lambda_0p1,0.7433402462064269,0.7286293122194905,0.21835533119526135
se_nq_open_llama8b,QA,nq_open,8460,4105,0.4852245862884161,atomic__ca_permuted_alpha_control__lambda_0p3,0.7431744491260552,0.7285215310880442,0.1624108849107027
se_nq_open_llama8b,QA,nq_open,8460,4105,0.4852245862884161,atomic__ca_permuted_alpha_control__lambda_1,0.7428429109022487,0.7282456578909944,0.07400519237395652
se_nq_open_llama8b,QA,nq_open,8460,4105,0.4852245862884161,atomic__ca_permuted_alpha_control__lambda_10,0.7424660637597171,0.7279127053504726,0.002760460507963741
se_nq_open_llama8b,QA,nq_open,8460,4105,0.4852245862884161,atomic__ca_permuted_alpha_control__lambda_100,0.7424060993635776,0.7278705979005167,3.356627401665707e-05
se_nq_open_llama8b,QA,nq_open,8460,4105,0.4852245862884161,atomic__ca_permuted_alpha_control__lambda_3,0.742605962038398,0.7280873182644989,0.019900587349289362
se_nq_open_llama8b,QA,nq_open,8460,4105,0.4852245862884161,atomic__ca_permuted_alpha_control__lambda_30,0.7424172308139804,0.7278701692382894,0.00035386211279080467
se_nq_open_llama8b,QA,nq_open,8460,4105,0.4852245862884161,atomic__ca_specrage_alpha_liu__lambda_0,0.7434733201788304,0.7287365752387622,0.25784921878980094
se_nq_open_llama8b,QA,nq_open,8460,4105,0.4852245862884161,atomic__ca_specrage_alpha_liu__lambda_0p1,0.7433937778548464,0.728678535780355,0.21847115304547066
se_nq_open_llama8b,QA,nq_open,8460,4105,0.4852245862884161,atomic__ca_specrage_alpha_liu__lambda_0p3,0.7432920845039301,0.7286289991525936,0.16263030676607207
se_nq_open_llama8b,QA,nq_open,8460,4105,0.4852245862884161,atomic__ca_specrage_alpha_liu__lambda_1,0.743130482693811,0.7285376761729279,0.07422459797361082
se_nq_open_llama8b,QA,nq_open,8460,4105,0.4852245862884161,atomic__ca_specrage_alpha_liu__lambda_10,0.7428807242714563,0.7282885684750366,0.0027758238313454297
se_nq_open_llama8b,QA,nq_open,8460,4105,0.4852245862884161,atomic__ca_specrage_alpha_liu__lambda_100,0.7428551610913856,0.7282785868587383,3.377133592042618e-05
se_nq_open_llama8b,QA,nq_open,8460,4105,0.4852245862884161,atomic__ca_specrage_alpha_liu__lambda_3,0.7429713980458431,0.7283776425919017,0.019990689200888347
se_nq_open_llama8b,QA,nq_open,8460,4105,0.4852245862884161,atomic__ca_specrage_alpha_liu__lambda_30,0.7428631600733334,0.7282853386207364,0.00035597043392275504
se_nq_open_llama8b,QA,nq_open,8460,4105,0.4852245862884161,atomic__ca_specrage_y_liu__lambda_0,0.7434733201788304,0.7287365752387622,0.25784921878980094
se_nq_open_llama8b,QA,nq_open,8460,4105,0.4852245862884161,atomic__ca_specrage_y_liu__lambda_0p1,0.7444434344719764,0.7296499766543814,0.2223441490221329
se_nq_open_llama8b,QA,nq_open,8460,4105,0.4852245862884161,atomic__ca_specrage_y_liu__lambda_0p3,0.7456387508722666,0.7304549880314878,0.17059915404389808
se_nq_open_llama8b,QA,nq_open,8460,4105,0.4852245862884161,atomic__ca_specrage_y_liu__lambda_1,0.7473952825584436,0.7316089287669424,0.08334373242249678
se_nq_open_llama8b,QA,nq_open,8460,4105,0.4852245862884161,atomic__ca_specrage_y_liu__lambda_10,0.7490003929569803,0.7324828845234511,0.0035392917133864545
se_nq_open_llama8b,QA,nq_open,8460,4105,0.4852245862884161,atomic__ca_specrage_y_liu__lambda_100,0.7492368383884009,0.7325037023530935,4.431755441437411e-05
se_nq_open_llama8b,QA,nq_open,8460,4105,0.4852245862884161,atomic__ca_specrage_y_liu__lambda_3,0.7484693836169103,0.7323708323059068,0.024174862595606486
se_nq_open_llama8b,QA,nq_open,8460,4105,0.4852245862884161,atomic__ca_specrage_y_liu__lambda_30,0.7491633372535802,0.7324676423162128,0.0004633774571230612
se_nq_open_llama8b,QA,nq_open,8460,4105,0.4852245862884161,atomic__ca_uniform_alpha_control__lambda_0,0.7434733201788304,0.7287365752387622,0.25784921878980094
se_nq_open_llama8b,QA,nq_open,8460,4105,0.4852245862884161,atomic__ca_uniform_alpha_control__lambda_0p1,0.7429292775325098,0.7283510168256591,0.21753773848890146
se_nq_open_llama8b,QA,nq_open,8460,4105,0.4852245862884161,atomic__ca_uniform_alpha_control__lambda_0p3,0.7421398954818337,0.7276455088618219,0.16093416062229596
se_nq_open_llama8b,QA,nq_open,8460,4105,0.4852245862884161,atomic__ca_uniform_alpha_control__lambda_1,0.7407334171455102,0.7262097327901919,0.07265170327428322
se_nq_open_llama8b,QA,nq_open,8460,4105,0.4852245862884161,atomic__ca_uniform_alpha_control__lambda_10,0.7388396721536139,0.7242843258560545,0.002676453882697082
se_nq_open_llama8b,QA,nq_open,8460,4105,0.4852245862884161,atomic__ca_uniform_alpha_control__lambda_100,0.7385070151910735,0.7238734915816959,3.246972969603304e-05
se_nq_open_llama8b,QA,nq_open,8460,4105,0.4852245862884161,atomic__ca_uniform_alpha_control__lambda_3,0.7395546580784824,0.7251633043857613,0.019385085541784072
se_nq_open_llama8b,QA,nq_open,8460,4105,0.4852245862884161,atomic__ca_uniform_alpha_control__lambda_30,0.738592542767284,0.7241310390799529,0.00034251906179294837
se_nq_open_llama8b,QA,nq_open,8460,4105,0.4852245862884161,atomic__uniform_y_liu__lambda_0,0.7434733201788304,0.7287365752387622,0.25784921878980094
se_nq_open_llama8b,QA,nq_open,8460,4105,0.4852245862884161,atomic__uniform_y_liu__lambda_0p1,0.743824268519671,0.729028629577437,0.21541504169833625
se_nq_open_llama8b,QA,nq_open,8460,4105,0.4852245862884161,atomic__uniform_y_liu__lambda_0p3,0.7443151710761289,0.7293946161866758,0.15687927438472563
se_nq_open_llama8b,QA,nq_open,8460,4105,0.4852245862884161,atomic__uniform_y_liu__lambda_1,0.7451346471987481,0.7300854759580825,0.0685737294378457
se_nq_open_llama8b,QA,nq_open,8460,4105,0.4852245862884161,atomic__uniform_y_liu__lambda_10,0.7462416391759931,0.7307271711732586,0.002393989286093588
se_nq_open_llama8b,QA,nq_open,8460,4105,0.4852245862884161,atomic__uniform_y_liu__lambda_100,0.7464323841301317,0.7307787082363988,2.8716063210729793e-05
se_nq_open_llama8b,QA,nq_open,8460,4105,0.4852245862884161,atomic__uniform_y_liu__lambda_3,0.7458529893398183,0.7304360408522601,0.01771751361624775
se_nq_open_llama8b,QA,nq_open,8460,4105,0.4852245862884161,atomic__uniform_y_liu__lambda_30,0.7463662107340184,0.7306996138402035,0.0003038767927270103
se_nq_open_llama8b,QA,nq_open,8460,4105,0.4852245862884161,deployed_upcr,0.7468965488308481,0.7320822580268198,0.26481959569293917
se_nq_open_llama8b,QA,nq_open,8460,4105,0.4852245862884161,dufs_liu__lambda_0,0.7434733201788304,0.7287365752387622,0.25784921878980094
se_nq_open_llama8b,QA,nq_open,8460,4105,0.4852245862884161,dufs_liu__lambda_0p1,0.7461348555638374,0.7305906864865256,0.23018633635507157
se_nq_open_llama8b,QA,nq_open,8460,4105,0.4852245862884161,dufs_liu__lambda_0p3,0.7489061392186448,0.732406098178028,0.18976488924669369
se_nq_open_llama8b,QA,nq_open,8460,4105,0.4852245862884161,dufs_liu__lambda_1,0.7514741480454936,0.7335608155867616,0.11208161084459764
se_nq_open_llama8b,QA,nq_open,8460,4105,0.4852245862884161,dufs_liu__lambda_10,0.7531222739483506,0.7337519586141682,0.007386438159820803
se_nq_open_llama8b,QA,nq_open,8460,4105,0.4852245862884161,dufs_liu__lambda_100,0.7532670387405239,0.7334701892054375,0.00010412178637911241
se_nq_open_llama8b,QA,nq_open,8460,4105,0.4852245862884161,dufs_liu__lambda_3,0.7526786381034022,0.7339630056852482,0.04139662057814883
se_nq_open_llama8b,QA,nq_open,8460,4105,0.4852245862884161,dufs_liu__lambda_30,0.7532252538488109,0.733629865054511,0.001052201448596952
se_nq_open_llama8b,QA,nq_open,8460,4105,0.4852245862884161,iu_pcr,0.7434733201788304,0.7287365752387622,0.25784921878980094
se_nq_open_llama8b,QA,nq_open,8460,4105,0.4852245862884161,manual__adapted_specrage_y_liu__lambda_0,0.7434733201788304,0.7287365752387622,0.25784921878980094
se_nq_open_llama8b,QA,nq_open,8460,4105,0.4852245862884161,manual__adapted_specrage_y_liu__lambda_0p1,0.7450423512531971,0.7300338062855256,0.21834513375097495
se_nq_open_llama8b,QA,nq_open,8460,4105,0.4852245862884161,manual__adapted_specrage_y_liu__lambda_0p3,0.7471085498209319,0.7312526224898949,0.163375842739604
se_nq_open_llama8b,QA,nq_open,8460,4105,0.4852245862884161,manual__adapted_specrage_y_liu__lambda_1,0.7499064594576075,0.7327416966379936,0.0766080654288672
se_nq_open_llama8b,QA,nq_open,8460,4105,0.4852245862884161,manual__adapted_specrage_y_liu__lambda_10,0.7522244301774179,0.7339037793283499,0.0030905511838687032
se_nq_open_llama8b,QA,nq_open,8460,4105,0.4852245862884161,manual__adapted_specrage_y_liu__lambda_100,0.7525509340769216,0.7340108942874025,3.833743729271049e-05
se_nq_open_llama8b,QA,nq_open,8460,4105,0.4852245862884161,manual__adapted_specrage_y_liu__lambda_3,0.7514434386672466,0.7335626563025757,0.021513561959333318
se_nq_open_llama8b,QA,nq_open,8460,4105,0.4852245862884161,manual__adapted_specrage_y_liu__lambda_30,0.7524551141043587,0.7339918052025423,0.0004018840488020843
se_nq_open_llama8b,QA,nq_open,8460,4105,0.4852245862884161,manual__ca_global_alpha_control__lambda_0,0.7434733201788304,0.7287365752387622,0.25784921878980094
se_nq_open_llama8b,QA,nq_open,8460,4105,0.4852245862884161,manual__ca_global_alpha_control__lambda_0p1,0.74335171327845,0.7286376884915059,0.21881972432184402
se_nq_open_llama8b,QA,nq_open,8460,4105,0.4852245862884161,manual__ca_global_alpha_control__lambda_0p3,0.7432038719547582,0.728569288527779,0.16330593113473235
se_nq_open_llama8b,QA,nq_open,8460,4105,0.4852245862884161,manual__ca_global_alpha_control__lambda_1,0.742898176595706,0.7283057914746067,0.07492604653958707
se_nq_open_llama8b,QA,nq_open,8460,4105,0.4852245862884161,manual__ca_global_alpha_control__lambda_10,0.7425671977412664,0.7280249379291504,0.0028272358122490545
se_nq_open_llama8b,QA,nq_open,8460,4105,0.4852245862884161,manual__ca_global_alpha_control__lambda_100,0.7425085198946708,0.7279699525562582,3.4462971370420667e-05
se_nq_open_llama8b,QA,nq_open,8460,4105,0.4852245862884161,manual__ca_global_alpha_control__lambda_3,0.742683994065091,0.7281863835533257,0.02028728680233637
se_nq_open_llama8b,QA,nq_open,8460,4105,0.4852245862884161,manual__ca_global_alpha_control__lambda_30,0.7425214413270479,0.7279786148880725,0.00036306622631105203
se_nq_open_llama8b,QA,nq_open,8460,4105,0.4852245862884161,manual__ca_permuted_alpha_control__lambda_0,0.7434733201788304,0.7287365752387622,0.25784921878980094
se_nq_open_llama8b,QA,nq_open,8460,4105,0.4852245862884161,manual__ca_permuted_alpha_control__lambda_0p1,0.743361670053182,0.7286456095212894,0.21879866134477247
se_nq_open_llama8b,QA,nq_open,8460,4105,0.4852245862884161,manual__ca_permuted_alpha_control__lambda_0p3,0.7432209886573877,0.7285514545833711,0.1632645203507272
se_nq_open_llama8b,QA,nq_open,8460,4105,0.4852245862884161,manual__ca_permuted_alpha_control__lambda_1,0.7429496385774678,0.7283664965985597,0.0748820774473344
se_nq_open_llama8b,QA,nq_open,8460,4105,0.4852245862884161,manual__ca_permuted_alpha_control__lambda_10,0.7426412023085174,0.7281513709999704,0.002823927908274576
se_nq_open_llama8b,QA,nq_open,8460,4105,0.4852245862884161,manual__ca_permuted_alpha_control__lambda_100,0.7425898522006291,0.7280747365245845,3.441827371886437e-05
se_nq_open_llama8b,QA,nq_open,8460,4105,0.4852245862884161,manual__ca_permuted_alpha_control__lambda_3,0.7427439025242941,0.7282058379044981,0.02026838008307672
se_nq_open_llama8b,QA,nq_open,8460,4105,0.4852245862884161,manual__ca_permuted_alpha_control__lambda_30,0.7426026617591327,0.7280932132036929,0.00036260820355711
se_nq_open_llama8b,QA,nq_open,8460,4105,0.4852245862884161,manual__ca_specrage_alpha_liu__lambda_0,0.7434733201788304,0.7287365752387622,0.25784921878980094
se_nq_open_llama8b,QA,nq_open,8460,4105,0.4852245862884161,manual__ca_specrage_alpha_liu__lambda_0p1,0.7432369306843465,0.7285423366698899,0.21891952193918052
se_nq_open_llama8b,QA,nq_open,8460,4105,0.4852245862884161,manual__ca_specrage_alpha_liu__lambda_0p3,0.7428775358660646,0.7282870961290314,0.1635134631427743
se_nq_open_llama8b,QA,nq_open,8460,4105,0.4852245862884161,manual__ca_specrage_alpha_liu__lambda_1,0.7423173833819752,0.7277848690707812,0.07516441837703601
se_nq_open_llama8b,QA,nq_open,8460,4105,0.4852245862884161,manual__ca_specrage_alpha_liu__lambda_10,0.7416235416191785,0.7271877064600264,0.0028466087271662183
se_nq_open_llama8b,QA,nq_open,8460,4105,0.4852245862884161,manual__ca_specrage_alpha_liu__lambda_100,0.7414892370341677,0.727022616801813,3.472779615805385e-05
se_nq_open_llama8b,QA,nq_open,8460,4105,0.4852245862884161,manual__ca_specrage_alpha_liu__lambda_3,0.7418728525460396,0.727396468612988,0.02039519529306444
se_nq_open_llama8b,QA,nq_open,8460,4105,0.4852245862884161,manual__ca_specrage_alpha_liu__lambda_30,0.7415270504033753,0.7270527193343389,0.00036577150742583646
se_nq_open_llama8b,QA,nq_open,8460,4105,0.4852245862884161,manual__ca_specrage_y_liu__lambda_0,0.7434733201788304,0.7287365752387622,0.25784921878980094
se_nq_open_llama8b,QA,nq_open,8460,4105,0.4852245862884161,manual__ca_specrage_y_liu__lambda_0p1,0.743887701005886,0.7290944054177693,0.21997354496842417
se_nq_open_llama8b,QA,nq_open,8460,4105,0.4852245862884161,manual__ca_specrage_y_liu__lambda_0p3,0.7444036633099844,0.7296195819939953,0.16560412765780913
se_nq_open_llama8b,QA,nq_open,8460,4105,0.4852245862884161,manual__ca_specrage_y_liu__lambda_1,0.7452251531623248,0.7302426173731285,0.07742116218131401
se_nq_open_llama8b,QA,nq_open,8460,4105,0.4852245862884161,manual__ca_specrage_y_liu__lambda_10,0.7461176829242712,0.7305717436501642,0.003021021711182696
se_nq_open_llama8b,QA,nq_open,8460,4105,0.4852245862884161,manual__ca_specrage_y_liu__lambda_100,0.746265132689406,0.730786755896235,3.7098334547946186e-05
se_nq_open_llama8b,QA,nq_open,8460,4105,0.4852245862884161,manual__ca_specrage_y_liu__lambda_3,0.7458086313490171,0.7303830513706318,0.021381245978697325
se_nq_open_llama8b,QA,nq_open,8460,4105,0.4852245862884161,manual__ca_specrage_y_liu__lambda_30,0.7462244105994902,0.7306915820354204,0.0003900231141222954
se_nq_open_llama8b,QA,nq_open,8460,4105,0.4852245862884161,manual__ca_uniform_alpha_control__lambda_0,0.7434733201788304,0.7287365752387622,0.25784921878980094
se_nq_open_llama8b,QA,nq_open,8460,4105,0.4852245862884161,manual__ca_uniform_alpha_control__lambda_0p1,0.7426349373716072,0.728150475016363,0.2171482340641457
se_nq_open_llama8b,QA,nq_open,8460,4105,0.4852245862884161,manual__ca_uniform_alpha_control__lambda_0p3,0.7413773072238359,0.726987645293841,0.1603273961105049
se_nq_open_llama8b,QA,nq_open,8460,4105,0.4852245862884161,manual__ca_uniform_alpha_control__lambda_1,0.7390605671166326,0.7247855599654579,0.07226895785031229
se_nq_open_llama8b,QA,nq_open,8460,4105,0.4852245862884161,manual__ca_uniform_alpha_control__lambda_10,0.7357934584549378,0.7211011165326207,0.0026692349851874324
se_nq_open_llama8b,QA,nq_open,8460,4105,0.4852245862884161,manual__ca_uniform_alpha_control__lambda_100,0.7351774249710875,0.7204835558575385,3.2418260923235357e-05
se_nq_open_llama8b,QA,nq_open,8460,4105,0.4852245862884161,manual__ca_uniform_alpha_control__lambda_3,0.7369856983237099,0.7225464894488839,0.019301272986174595
se_nq_open_llama8b,QA,nq_open,8460,4105,0.4852245862884161,manual__ca_uniform_alpha_control__lambda_30,0.7353575978441904,0.7206602126873912,0.00034186462716229827
se_nq_open_llama8b,QA,nq_open,8460,4105,0.4852245862884161,manual__uniform_y_liu__lambda_0,0.7434733201788304,0.7287365752387622,0.25784921878980094
se_nq_open_llama8b,QA,nq_open,8460,4105,0.4852245862884161,manual__uniform_y_liu__lambda_0p1,0.7450719418927102,0.7300755243482593,0.21869906640795214
se_nq_open_llama8b,QA,nq_open,8460,4105,0.4852245862884161,manual__uniform_y_liu__lambda_0p3,0.7471508381450752,0.7313694457128297,0.16408457394575002
se_nq_open_llama8b,QA,nq_open,8460,4105,0.4852245862884161,manual__uniform_y_liu__lambda_1,0.7499336448088425,0.7327560770216026,0.07738332024467401
se_nq_open_llama8b,QA,nq_open,8460,4105,0.4852245862884161,manual__uniform_y_liu__lambda_10,0.7522240945557979,0.7339270991595956,0.0031526797107971675
se_nq_open_llama8b,QA,nq_open,8460,4105,0.4852245862884161,manual__uniform_y_liu__lambda_100,0.752537005779684,0.7339994186682972,3.9191530904570216e-05
se_nq_open_llama8b,QA,nq_open,8460,4105,0.4852245862884161,manual__uniform_y_liu__lambda_3,0.7514505426582071,0.7335684959293189,0.021858576535554907
se_nq_open_llama8b,QA,nq_open,8460,4105,0.4852245862884161,manual__uniform_y_liu__lambda_30,0.7524327952666163,0.7339464725064726,0.00041059294126059544
se_nq_open_llama8b,QA,nq_open,8460,4105,0.4852245862884161,micro__adapted_specrage_y_liu__lambda_0,0.7434733201788304,0.7287365752387622,0.25784921878980094
se_nq_open_llama8b,QA,nq_open,8460,4105,0.4852245862884161,micro__adapted_specrage_y_liu__lambda_0p1,0.7435136507101893,0.7287848932436498,0.2151277041603597
se_nq_open_llama8b,QA,nq_open,8460,4105,0.4852245862884161,micro__adapted_specrage_y_liu__lambda_0p3,0.7435561068451427,0.7288090467302271,0.1563026174306854
se_nq_open_llama8b,QA,nq_open,8460,4105,0.4852245862884161,micro__adapted_specrage_y_liu__lambda_1,0.7436304470340138,0.7288679746750222,0.06795057794681209
se_nq_open_llama8b,QA,nq_open,8460,4105,0.4852245862884161,micro__adapted_specrage_y_liu__lambda_10,0.743732699754297,0.7289456443743771,0.0023477960430666415
se_nq_open_llama8b,QA,nq_open,8460,4105,0.4852245862884161,micro__adapted_specrage_y_liu__lambda_100,0.7437498164569264,0.7289445968701636,2.809667785504385e-05
se_nq_open_llama8b,QA,nq_open,8460,4105,0.4852245862884161,micro__adapted_specrage_y_liu__lambda_3,0.7436960051238235,0.728915523163769,0.017450618601523155
se_nq_open_llama8b,QA,nq_open,8460,4105,0.4852245862884161,micro__adapted_specrage_y_liu__lambda_30,0.7437463483668513,0.7289431843251272,0.0002975154425227977
se_nq_open_llama8b,QA,nq_open,8460,4105,0.4852245862884161,micro__ca_global_alpha_control__lambda_0,0.7434733201788304,0.7287365752387622,0.25784921878980094
se_nq_open_llama8b,QA,nq_open,8460,4105,0.4852245862884161,micro__ca_global_alpha_control__lambda_0p1,0.7429628956314651,0.7283739260706712,0.22190510261629984
se_nq_open_llama8b,QA,nq_open,8460,4105,0.4852245862884161,micro__ca_global_alpha_control__lambda_0p3,0.7422733610127943,0.7277462862179542,0.1694538921387413
se_nq_open_llama8b,QA,nq_open,8460,4105,0.4852245862884161,micro__ca_global_alpha_control__lambda_1,0.7411796820264833,0.7268761881455428,0.08164993288503007
se_nq_open_llama8b,QA,nq_open,8460,4105,0.4852245862884161,micro__ca_global_alpha_control__lambda_10,0.7398978311851219,0.7254231932595904,0.003362575963431947
se_nq_open_llama8b,QA,nq_open,8460,4105,0.4852245862884161,micro__ca_global_alpha_control__lambda_100,0.7396713425284335,0.7252752923958783,4.179228461596832e-05
se_nq_open_llama8b,QA,nq_open,8460,4105,0.4852245862884161,micro__ca_global_alpha_control__lambda_3,0.7403274268589592,0.7258444737165282,0.023274920260292126
se_nq_open_llama8b,QA,nq_open,8460,4105,0.4852245862884161,micro__ca_global_alpha_control__lambda_30,0.7397346631407751,0.7253324335135686,0.00043789392871952865
se_nq_open_llama8b,QA,nq_open,8460,4105,0.4852245862884161,micro__ca_permuted_alpha_control__lambda_0,0.7434733201788304,0.7287365752387622,0.25784921878980094
se_nq_open_llama8b,QA,nq_open,8460,4105,0.4852245862884161,micro__ca_permuted_alpha_control__lambda_0p1,0.7429715658566532,0.7283777196547072,0.22187758975469146
se_nq_open_llama8b,QA,nq_open,8460,4105,0.4852245862884161,micro__ca_permuted_alpha_control__lambda_0p3,0.7422940017424356,0.7277793971963371,0.16939628877272045
se_nq_open_llama8b,QA,nq_open,8460,4105,0.4852245862884161,micro__ca_permuted_alpha_control__lambda_1,0.7412153697920963,0.7269078265189953,0.08158183324732803
se_nq_open_llama8b,QA,nq_open,8460,4105,0.4852245862884161,micro__ca_permuted_alpha_control__lambda_10,0.7399489575452634,0.7254627891519071,0.0033565821850719316
se_nq_open_llama8b,QA,nq_open,8460,4105,0.4852245862884161,micro__ca_permuted_alpha_control__lambda_100,0.7397366209335595,0.7253334816020895,4.1708639745745705e-05
se_nq_open_llama8b,QA,nq_open,8460,4105,0.4852245862884161,micro__ca_permuted_alpha_control__lambda_3,0.7403809025704421,0.7259086604408701,0.023242712286288394
se_nq_open_llama8b,QA,nq_open,8460,4105,0.4852245862884161,micro__ca_permuted_alpha_control__lambda_30,0.7398043605639002,0.7254292590848903,0.0004370444621800386
se_nq_open_llama8b,QA,nq_open,8460,4105,0.4852245862884161,micro__ca_specrage_alpha_liu__lambda_0,0.7434733201788304,0.7287365752387622,0.25784921878980094
se_nq_open_llama8b,QA,nq_open,8460,4105,0.4852245862884161,micro__ca_specrage_alpha_liu__lambda_0p1,0.7427772409385658,0.728201592500797,0.22147554082108092
se_nq_open_llama8b,QA,nq_open,8460,4105,0.4852245862884161,micro__ca_specrage_alpha_liu__lambda_0p3,0.7418410803659954,0.7273831484315935,0.16866589875261964
se_nq_open_llama8b,QA,nq_open,8460,4105,0.4852245862884161,micro__ca_specrage_alpha_liu__lambda_1,0.7402772514267415,0.7258135418586692,0.08088838294341594
se_nq_open_llama8b,QA,nq_open,8460,4105,0.4852245862884161,micro__ca_specrage_alpha_liu__lambda_10,0.7384236691553943,0.7238450709574248,0.003308801808923909
se_nq_open_llama8b,QA,nq_open,8460,4105,0.4852245862884161,micro__ca_specrage_alpha_liu__lambda_100,0.738095766832473,0.7233736829567514,4.1067757844890146e-05
se_nq_open_llama8b,QA,nq_open,8460,4105,0.4852245862884161,micro__ca_specrage_alpha_liu__lambda_3,0.739088983080475,0.7248226898208513,0.022963062418333867
se_nq_open_llama8b,QA,nq_open,8460,4105,0.4852245862884161,micro__ca_specrage_alpha_liu__lambda_30,0.7381868321654168,0.7234976993621303,0.0004304659015219407
se_nq_open_llama8b,QA,nq_open,8460,4105,0.4852245862884161,micro__ca_specrage_y_liu__lambda_0,0.7434733201788304,0.7287365752387622,0.25784921878980094
se_nq_open_llama8b,QA,nq_open,8460,4105,0.4852245862884161,micro__ca_specrage_y_liu__lambda_0p1,0.7432972307021065,0.7286336098941432,0.21521816719544853
se_nq_open_llama8b,QA,nq_open,8460,4105,0.4852245862884161,micro__ca_specrage_y_liu__lambda_0p3,0.7430418785860821,0.7284583409643883,0.15648065256603827
se_nq_open_llama8b,QA,nq_open,8460,4105,0.4852245862884161,micro__ca_specrage_y_liu__lambda_1,0.742547284191802,0.7280073717768256,0.06813757849566038
se_nq_open_llama8b,QA,nq_open,8460,4105,0.4852245862884161,micro__ca_specrage_y_liu__lambda_10,0.7418749781496341,0.7273985649615669,0.002361256409584123
se_nq_open_llama8b,QA,nq_open,8460,4105,0.4852245862884161,micro__ca_specrage_y_liu__lambda_100,0.7417612583573279,0.7273438068121488,2.8276333654432813e-05
se_nq_open_llama8b,QA,nq_open,8460,4105,0.4852245862884161,micro__ca_specrage_y_liu__lambda_3,0.7421268062386466,0.7276376604518148,0.01752917435433737
se_nq_open_llama8b,QA,nq_open,8460,4105,0.4852245862884161,micro__ca_specrage_y_liu__lambda_30,0.7417924711680053,0.7273502565401632,0.0002993628721624186
se_nq_open_llama8b,QA,nq_open,8460,4105,0.4852245862884161,micro__ca_uniform_alpha_control__lambda_0,0.7434733201788304,0.7287365752387622,0.25784921878980094
se_nq_open_llama8b,QA,nq_open,8460,4105,0.4852245862884161,micro__ca_uniform_alpha_control__lambda_0p1,0.7417436382222682,0.7273382207485539,0.21997459071588066
se_nq_open_llama8b,QA,nq_open,8460,4105,0.4852245862884161,micro__ca_uniform_alpha_control__lambda_0p3,0.7391076660173321,0.7248314453023027,0.16652351161293422
se_nq_open_llama8b,QA,nq_open,8460,4105,0.4852245862884161,micro__ca_uniform_alpha_control__lambda_1,0.7342839442812175,0.7191541341891041,0.07994316568473285
se_nq_open_llama8b,QA,nq_open,8460,4105,0.4852245862884161,micro__ca_uniform_alpha_control__lambda_10,0.7276628568951364,0.7113775253985558,0.0033582068857875473
se_nq_open_llama8b,QA,nq_open,8460,4105,0.4852245862884161,micro__ca_uniform_alpha_control__lambda_100,0.7264440469814331,0.7095811971639164,4.203324906317275e-05
se_nq_open_llama8b,QA,nq_open,8460,4105,0.4852245862884161,micro__ca_uniform_alpha_control__lambda_3,0.7301555746051902,0.714222766394045,0.022992027484259443
se_nq_open_llama8b,QA,nq_open,8460,4105,0.4852245862884161,micro__ca_uniform_alpha_control__lambda_30,0.7267758089529864,0.7100631351889108,0.00043951917517126614
se_nq_open_llama8b,QA,nq_open,8460,4105,0.4852245862884161,micro__uniform_y_liu__lambda_0,0.7434733201788304,0.7287365752387622,0.25784921878980094
se_nq_open_llama8b,QA,nq_open,8460,4105,0.4852245862884161,micro__uniform_y_liu__lambda_0p1,0.7436042126107028,0.7288538659815428,0.21512781792651806
se_nq_open_llama8b,QA,nq_open,8460,4105,0.4852245862884161,micro__uniform_y_liu__lambda_0p3,0.743766541600999,0.7289582637621,0.15630717652814136
se_nq_open_llama8b,QA,nq_open,8460,4105,0.4852245862884161,micro__uniform_y_liu__lambda_1,0.7440753694285064,0.7292673050953641,0.06796227138243255
se_nq_open_llama8b,QA,nq_open,8460,4105,0.4852245862884161,micro__uniform_y_liu__lambda_10,0.7444681026610599,0.7296481645646314,0.002349171524151499
se_nq_open_llama8b,QA,nq_open,8460,4105,0.4852245862884161,micro__uniform_y_liu__lambda_100,0.7445301367238576,0.7295562955050326,2.8116154935510923e-05
se_nq_open_llama8b,QA,nq_open,8460,4105,0.4852245862884161,micro__uniform_y_liu__lambda_3,0.7443162898148628,0.7293952420717021,0.017457576426797097
se_nq_open_llama8b,QA,nq_open,8460,4105,0.4852245862884161,micro__uniform_y_liu__lambda_30,0.7445111181653803,0.7295963778914857,0.0002977126343774122
se_nq_open_llama8b,QA,nq_open,8460,4105,0.4852245862884161,raw_uniform_liu__lambda_0,0.7434733201788304,0.7287365752387622,0.25784921878980094
se_nq_open_llama8b,QA,nq_open,8460,4105,0.4852245862884161,raw_uniform_liu__lambda_0p1,0.7431566052432488,0.7285502361554962,0.22196040055139846
se_nq_open_llama8b,QA,nq_open,8460,4105,0.4852245862884161,raw_uniform_liu__lambda_0p3,0.742676778200257,0.7281809132755287,0.16951735685850375
se_nq_open_llama8b,QA,nq_open,8460,4105,0.4852245862884161,raw_uniform_liu__lambda_1,0.7419568698249593,0.7274029002924084,0.08164600005440018
se_nq_open_llama8b,QA,nq_open,8460,4105,0.4852245862884161,raw_uniform_liu__lambda_10,0.7411783395400026,0.7268748553658693,0.0033561832536784316
se_nq_open_llama8b,QA,nq_open,8460,4105,0.4852245862884161,raw_uniform_liu__lambda_100,0.7410408465496,0.7266808990900946,4.1691422206302835e-05
se_nq_open_llama8b,QA,nq_open,8460,4105,0.4852245862884161,raw_uniform_liu__lambda_3,0.7414454943496702,0.72703934739646,0.023250936301351416
se_nq_open_llama8b,QA,nq_open,8460,4105,0.4852245862884161,raw_uniform_liu__lambda_30,0.7410744646485552,0.726710581570454,0.00043690103243820084
se_squad_v2_llama8b,QA,squad_v2,2933,820,0.27957722468462326,atomic__adapted_specrage_y_liu__lambda_0,0.81073840222548,0.6883534077083218,0.2569194263016638
se_squad_v2_llama8b,QA,squad_v2,2933,820,0.27957722468462326,atomic__adapted_specrage_y_liu__lambda_0p1,0.8102939988226195,0.687051071283036,0.21776516985225475
se_squad_v2_llama8b,QA,squad_v2,2933,820,0.27957722468462326,atomic__adapted_specrage_y_liu__lambda_0p3,0.8090023432179425,0.6823599643100486,0.16302874226964154
se_squad_v2_llama8b,QA,squad_v2,2933,820,0.27957722468462326,atomic__adapted_specrage_y_liu__lambda_1,0.8062649336857779,0.6750432378625024,0.076317020558754
se_squad_v2_llama8b,QA,squad_v2,2933,820,0.27957722468462326,atomic__adapted_specrage_y_liu__lambda_10,0.8012922327519537,0.6649042768929216,0.003053738836138684
se_squad_v2_llama8b,QA,squad_v2,2933,820,0.27957722468462326,atomic__adapted_specrage_y_liu__lambda_100,0.8005280897579444,0.6633410867193631,3.779197700053691e-05
se_squad_v2_llama8b,QA,squad_v2,2933,820,0.27957722468462326,atomic__adapted_specrage_y_liu__lambda_3,0.8033855459236089,0.6697426937567086,0.0213408094650887
se_squad_v2_llama8b,QA,squad_v2,2933,820,0.27957722468462326,atomic__adapted_specrage_y_liu__lambda_30,0.8006654508097376,0.6636447053484996,0.0003964321933966482
se_squad_v2_llama8b,QA,squad_v2,2933,820,0.27957722468462326,atomic__ca_global_alpha_control__lambda_0,0.81073840222548,0.6883534077083218,0.2569194263016638
se_squad_v2_llama8b,QA,squad_v2,2933,820,0.27957722468462326,atomic__ca_global_alpha_control__lambda_0p1,0.8107349393418212,0.6883421352046,0.21714462146261598
se_squad_v2_llama8b,QA,squad_v2,2933,820,0.27957722468462326,atomic__ca_global_alpha_control__lambda_0p3,0.8107493680237322,0.6884047803634954,0.16100775172414622
se_squad_v2_llama8b,QA,squad_v2,2933,820,0.27957722468462326,atomic__ca_global_alpha_control__lambda_1,0.8108838433391432,0.6891821494930892,0.07289660916961076
se_squad_v2_llama8b,QA,squad_v2,2933,820,0.27957722468462326,atomic__ca_global_alpha_control__lambda_10,0.8107811111239366,0.6891055982400505,0.002689753792143886
se_squad_v2_llama8b,QA,squad_v2,2933,820,0.27957722468462326,atomic__ca_global_alpha_control__lambda_100,0.8107014647997876,0.6883710368646015,3.2630744933982214e-05
se_squad_v2_llama8b,QA,squad_v2,2933,820,0.27957722468462326,atomic__ca_global_alpha_control__lambda_3,0.8108676832154029,0.6891791336936428,0.019476103900822633
se_squad_v2_llama8b,QA,squad_v2,2933,820,0.27957722468462326,atomic__ca_global_alpha_control__lambda_30,0.8107008876525111,0.6883716898471839,0.00034422184912476006
se_squad_v2_llama8b,QA,squad_v2,2933,820,0.27957722468462326,atomic__ca_permuted_alpha_control__lambda_0,0.81073840222548,0.6883534077083218,0.2569194263016638
se_squad_v2_llama8b,QA,squad_v2,2933,820,0.27957722468462326,atomic__ca_permuted_alpha_control__lambda_0p1,0.8107355164890977,0.6883407368447026,0.21712373539961022
se_squad_v2_llama8b,QA,squad_v2,2933,820,0.27957722468462326,atomic__ca_permuted_alpha_control__lambda_0p3,0.8107303221636097,0.6883427085644006,0.16096754716858175
se_squad_v2_llama8b,QA,squad_v2,2933,820,0.27957722468462326,atomic__ca_permuted_alpha_control__lambda_1,0.8108180485496288,0.6889242226141395,0.07285546372273814
se_squad_v2_llama8b,QA,squad_v2,2933,820,0.27957722468462326,atomic__ca_permuted_alpha_control__lambda_10,0.8108723003936145,0.6891820518272329,0.0026868122149285092
se_squad_v2_llama8b,QA,squad_v2,2933,820,0.27957722468462326,atomic__ca_permuted_alpha_control__lambda_100,0.8108584488589798,0.6891752788422698,3.259138558224842e-05
se_squad_v2_llama8b,QA,squad_v2,2933,820,0.27957722468462326,atomic__ca_permuted_alpha_control__lambda_3,0.8108971177265015,0.6892061591843393,0.019458960881839692
se_squad_v2_llama8b,QA,squad_v2,2933,820,0.27957722468462326,atomic__ca_permuted_alpha_control__lambda_30,0.8108792261609318,0.6891958066933386,0.0003438174353499375
se_squad_v2_llama8b,QA,squad_v2,2933,820,0.27957722468462326,atomic__ca_specrage_alpha_liu__lambda_0,0.81073840222548,0.6883534077083218,0.2569194263016638
se_squad_v2_llama8b,QA,squad_v2,2933,820,0.27957722468462326,atomic__ca_specrage_alpha_liu__lambda_0p1,0.8107932312167418,0.6888620403866733,0.21737106636963366
se_squad_v2_llama8b,QA,squad_v2,2933,820,0.27957722468462326,atomic__ca_specrage_alpha_liu__lambda_0p3,0.8106991562106818,0.6883702967998548,0.16144913588231805
se_squad_v2_llama8b,QA,squad_v2,2933,820,0.27957722468462326,atomic__ca_specrage_alpha_liu__lambda_1,0.8106437500721433,0.6876248674604322,0.0733574206833235
se_squad_v2_llama8b,QA,squad_v2,2933,820,0.27957722468462326,atomic__ca_specrage_alpha_liu__lambda_10,0.8106016183209632,0.6874021273785466,0.002723478515226339
se_squad_v2_llama8b,QA,squad_v2,2933,820,0.27957722468462326,atomic__ca_specrage_alpha_liu__lambda_100,0.8105029261366916,0.687304156761605,3.3083787801362626e-05
se_squad_v2_llama8b,QA,squad_v2,2933,820,0.27957722468462326,atomic__ca_specrage_alpha_liu__lambda_3,0.8105011946948621,0.6872270164764468,0.01967101066741992
se_squad_v2_llama8b,QA,squad_v2,2933,820,0.27957722468462326,atomic__ca_specrage_alpha_liu__lambda_30,0.810523126291367,0.6873287987461237,0.00034887180940737056
se_squad_v2_llama8b,QA,squad_v2,2933,820,0.27957722468462326,atomic__ca_specrage_y_liu__lambda_0,0.81073840222548,0.6883534077083218,0.2569194263016638
se_squad_v2_llama8b,QA,squad_v2,2933,820,0.27957722468462326,atomic__ca_specrage_y_liu__lambda_0p1,0.8109086606720303,0.6891024354867552,0.21468239079772228
se_squad_v2_llama8b,QA,squad_v2,2933,820,0.27957722468462326,atomic__ca_specrage_y_liu__lambda_0p3,0.8113253610056215,0.6903274767541758,0.1563724003604643
se_squad_v2_llama8b,QA,squad_v2,2933,820,0.27957722468462326,atomic__ca_specrage_y_liu__lambda_1,0.8116081631710781,0.6912852629510453,0.06834399498763792
se_squad_v2_llama8b,QA,squad_v2,2933,820,0.27957722468462326,atomic__ca_specrage_y_liu__lambda_10,0.8117893874158807,0.6922714765019189,0.0023832254147746817
se_squad_v2_llama8b,QA,squad_v2,2933,820,0.27957722468462326,atomic__ca_specrage_y_liu__lambda_100,0.8117795759121813,0.6924232848656863,2.857696320455382e-05
se_squad_v2_llama8b,QA,squad_v2,2933,820,0.27957722468462326,atomic__ca_specrage_y_liu__lambda_3,0.8115464084124986,0.691513610757649,0.017647977967652936
se_squad_v2_llama8b,QA,squad_v2,2933,820,0.27957722468462326,atomic__ca_specrage_y_liu__lambda_30,0.811836713492549,0.6925409685534301,0.0003024351099104532
se_squad_v2_llama8b,QA,squad_v2,2933,820,0.27957722468462326,atomic__ca_uniform_alpha_control__lambda_0,0.81073840222548,0.6883534077083218,0.2569194263016638
se_squad_v2_llama8b,QA,squad_v2,2933,820,0.27957722468462326,atomic__ca_uniform_alpha_control__lambda_0p1,0.8111325938152899,0.6899265240740657,0.2164842047295928
se_squad_v2_llama8b,QA,squad_v2,2933,820,0.27957722468462326,atomic__ca_uniform_alpha_control__lambda_0p3,0.8115348654669698,0.6909641603274089,0.15982164890900818
se_squad_v2_llama8b,QA,squad_v2,2933,820,0.27957722468462326,atomic__ca_uniform_alpha_control__lambda_1,0.8117899645631572,0.6923369165228355,0.07182296991532536
se_squad_v2_llama8b,QA,squad_v2,2933,820,0.27957722468462326,atomic__ca_uniform_alpha_control__lambda_10,0.8119596458624312,0.6932603182137378,0.0026245952702505827
se_squad_v2_llama8b,QA,squad_v2,2933,820,0.27957722468462326,atomic__ca_uniform_alpha_control__lambda_100,0.8121224013943878,0.6934982573175861,3.17843766687707e-05
se_squad_v2_llama8b,QA,squad_v2,2933,820,0.27957722468462326,atomic__ca_uniform_alpha_control__lambda_3,0.811912319785763,0.6928522716579418,0.019072571399017572
se_squad_v2_llama8b,QA,squad_v2,2933,820,0.27957722468462326,atomic__ca_uniform_alpha_control__lambda_30,0.8120929668832892,0.6936248257499228,0.00033545475846687693
se_squad_v2_llama8b,QA,squad_v2,2933,820,0.27957722468462326,atomic__uniform_y_liu__lambda_0,0.81073840222548,0.6883534077083218,0.2569194263016638
se_squad_v2_llama8b,QA,squad_v2,2933,820,0.27957722468462326,atomic__uniform_y_liu__lambda_0p1,0.8105600637170594,0.6873433718364528,0.21938839938793928
se_squad_v2_llama8b,QA,squad_v2,2933,820,0.27957722468462326,atomic__uniform_y_liu__lambda_0p3,0.8098322810014659,0.6855609419961991,0.16579750046971634
se_squad_v2_llama8b,QA,squad_v2,2933,820,0.27957722468462326,atomic__uniform_y_liu__lambda_1,0.8080916048157167,0.6807915049675299,0.07859289062468768
se_squad_v2_llama8b,QA,squad_v2,2933,820,0.27957722468462326,atomic__uniform_y_liu__lambda_10,0.805518105110062,0.6727620628592912,0.0031726194801482777
se_squad_v2_llama8b,QA,squad_v2,2933,820,0.27957722468462326,atomic__uniform_y_liu__lambda_100,0.804896517493334,0.6716727973748008,3.928759962087158e-05
se_squad_v2_llama8b,QA,squad_v2,2933,820,0.27957722468462326,atomic__uniform_y_liu__lambda_3,0.8064548151397274,0.6763213959311307,0.022122534319270117
se_squad_v2_llama8b,QA,squad_v2,2933,820,0.27957722468462326,atomic__uniform_y_liu__lambda_30,0.8050436900488267,0.6720159011690323,0.0004120636626507677
se_squad_v2_llama8b,QA,squad_v2,2933,820,0.27957722468462326,deployed_upcr,0.8102507127768864,0.6869915730847795,0.2593029900422045
se_squad_v2_llama8b,QA,squad_v2,2933,820,0.27957722468462326,dufs_liu__lambda_0,0.81073840222548,0.6883534077083218,0.2569194263016638
se_squad_v2_llama8b,QA,squad_v2,2933,820,0.27957722468462326,dufs_liu__lambda_0p1,0.8100821857721653,0.6866339894433331,0.2267326902804898
se_squad_v2_llama8b,QA,squad_v2,2933,820,0.27957722468462326,dufs_liu__lambda_0p3,0.8077551279535512,0.6801369229382269,0.18240900238946328
se_squad_v2_llama8b,QA,squad_v2,2933,820,0.27957722468462326,dufs_liu__lambda_1,0.8040596539424931,0.670903013592204,0.10084452416716014
se_squad_v2_llama8b,QA,squad_v2,2933,820,0.27957722468462326,dufs_liu__lambda_10,0.7989230431821592,0.6586576233019988,0.005632092337939174
se_squad_v2_llama8b,QA,squad_v2,2933,820,0.27957722468462326,dufs_liu__lambda_100,0.7978922581464338,0.6572900124634256,7.565602331748925e-05
se_squad_v2_llama8b,QA,squad_v2,2933,820,0.27957722468462326,dufs_liu__lambda_3,0.8006579478951439,0.6637667991241586,0.03409037300952071
se_squad_v2_llama8b,QA,squad_v2,2933,820,0.27957722468462326,dufs_liu__lambda_30,0.7982229635358351,0.6577479014612914,0.0007753456616475738
se_squad_v2_llama8b,QA,squad_v2,2933,820,0.27957722468462326,iu_pcr,0.81073840222548,0.6883534077083218,0.2569194263016638
se_squad_v2_llama8b,QA,squad_v2,2933,820,0.27957722468462326,manual__adapted_specrage_y_liu__lambda_0,0.81073840222548,0.6883534077083218,0.2569194263016638
se_squad_v2_llama8b,QA,squad_v2,2933,820,0.27957722468462326,manual__adapted_specrage_y_liu__lambda_0p1,0.8103020788844897,0.6870848399094802,0.2195769708776566
se_squad_v2_llama8b,QA,squad_v2,2933,820,0.27957722468462326,manual__adapted_specrage_y_liu__lambda_0p3,0.8083974928722312,0.6812958904079423,0.16711519154803336
se_squad_v2_llama8b,QA,squad_v2,2933,820,0.27957722468462326,manual__adapted_specrage_y_liu__lambda_1,0.8043793935336419,0.671456384311869,0.08156288992971729
se_squad_v2_llama8b,QA,squad_v2,2933,820,0.27957722468462326,manual__adapted_specrage_y_liu__lambda_10,0.7981814089319311,0.6577047307960914,0.003553285808501664
se_squad_v2_llama8b,QA,squad_v2,2933,820,0.27957722468462326,manual__adapted_specrage_y_liu__lambda_100,0.7972897163898284,0.6543650221210952,4.4865827179067536e-05
se_squad_v2_llama8b,QA,squad_v2,2933,820,0.27957722468462326,manual__adapted_specrage_y_liu__lambda_3,0.8006492906859972,0.6638375215705768,0.02394959323678912
se_squad_v2_llama8b,QA,squad_v2,2933,820,0.27957722468462326,manual__adapted_specrage_y_liu__lambda_30,0.7973514711484078,0.6545750968664343,0.0004679807485942172
se_squad_v2_llama8b,QA,squad_v2,2933,820,0.27957722468462326,manual__ca_global_alpha_control__lambda_0,0.81073840222548,0.6883534077083218,0.2569194263016638
se_squad_v2_llama8b,QA,squad_v2,2933,820,0.27957722468462326,manual__ca_global_alpha_control__lambda_0p1,0.8106604873431602,0.687861925296477,0.21781537195616898
se_squad_v2_llama8b,QA,squad_v2,2933,820,0.27957722468462326,manual__ca_global_alpha_control__lambda_0p3,0.810503503283968,0.6873044121195153,0.16238644110392256
se_squad_v2_llama8b,QA,squad_v2,2933,820,0.27957722468462326,manual__ca_global_alpha_control__lambda_1,0.8100862258031004,0.6866387797741677,0.07445067145710915
se_squad_v2_llama8b,QA,squad_v2,2933,820,0.27957722468462326,manual__ca_global_alpha_control__lambda_10,0.8089463599321276,0.6825748240222221,0.0028129978356712933
se_squad_v2_llama8b,QA,squad_v2,2933,820,0.27957722468462326,manual__ca_global_alpha_control__lambda_100,0.8087928387565939,0.6825454863274851,3.430769934105661e-05
se_squad_v2_llama8b,QA,squad_v2,2933,820,0.27957722468462326,manual__ca_global_alpha_control__lambda_3,0.80939364907137,0.6846856163882414,0.020168942153341182
se_squad_v2_llama8b,QA,squad_v2,2933,820,0.27957722468462326,manual__ca_global_alpha_control__lambda_30,0.8088938395299712,0.6826276690420817,0.0003613743715122354
se_squad_v2_llama8b,QA,squad_v2,2933,820,0.27957722468462326,manual__ca_permuted_alpha_control__lambda_0,0.81073840222548,0.6883534077083218,0.2569194263016638
se_squad_v2_llama8b,QA,squad_v2,2933,820,0.27957722468462326,manual__ca_permuted_alpha_control__lambda_0p1,0.8106258585065738,0.6876631047243529,0.21784768706163846
se_squad_v2_llama8b,QA,squad_v2,2933,820,0.27957722468462326,manual__ca_permuted_alpha_control__lambda_0p3,0.8105450578878718,0.687321233499086,0.16243587947031998
se_squad_v2_llama8b,QA,squad_v2,2933,820,0.27957722468462326,manual__ca_permuted_alpha_control__lambda_1,0.8102916902335138,0.6870130259575157,0.07448095687736106
se_squad_v2_llama8b,QA,squad_v2,2933,820,0.27957722468462326,manual__ca_permuted_alpha_control__lambda_10,0.8092054990592499,0.6834200446625872,0.0028135364400043014
se_squad_v2_llama8b,QA,squad_v2,2933,820,0.27957722468462326,manual__ca_permuted_alpha_control__lambda_100,0.8089348169865987,0.6825278591141529,3.4311357626509255e-05
se_squad_v2_llama8b,QA,squad_v2,2933,820,0.27957722468462326,manual__ca_permuted_alpha_control__lambda_3,0.809598536354507,0.6849218232561906,0.020175397219056847
se_squad_v2_llama8b,QA,squad_v2,2933,820,0.27957722468462326,manual__ca_permuted_alpha_control__lambda_30,0.8090017660706659,0.6823597316576323,0.0003614218171985647
se_squad_v2_llama8b,QA,squad_v2,2933,820,0.27957722468462326,manual__ca_specrage_alpha_liu__lambda_0,0.81073840222548,0.6883534077083218,0.2569194263016638
se_squad_v2_llama8b,QA,squad_v2,2933,820,0.27957722468462326,manual__ca_specrage_alpha_liu__lambda_0p1,0.8108140085186939,0.6889202492064331,0.21778649625798824
se_squad_v2_llama8b,QA,squad_v2,2933,820,0.27957722468462326,manual__ca_specrage_alpha_liu__lambda_0p3,0.8106552930176723,0.6881505511734392,0.16225343732401135
se_squad_v2_llama8b,QA,squad_v2,2933,820,0.27957722468462326,manual__ca_specrage_alpha_liu__lambda_1,0.8105277434695787,0.6873774189693055,0.07418978884402185
se_squad_v2_llama8b,QA,squad_v2,2933,820,0.27957722468462326,manual__ca_specrage_alpha_liu__lambda_10,0.8102991931481076,0.6869771100849551,0.002784066853333674
se_squad_v2_llama8b,QA,squad_v2,2933,820,0.27957722468462326,manual__ca_specrage_alpha_liu__lambda_100,0.8103113132409128,0.6870842671498457,3.389755695961424e-05
se_squad_v2_llama8b,QA,squad_v2,2933,820,0.27957722468462326,manual__ca_specrage_alpha_liu__lambda_3,0.8104752230674224,0.6872479209752023,0.020021575640274715
se_squad_v2_llama8b,QA,squad_v2,2933,820,0.27957722468462326,manual__ca_specrage_alpha_liu__lambda_30,0.8102893816444081,0.6870614816823316,0.00035722440843146845
se_squad_v2_llama8b,QA,squad_v2,2933,820,0.27957722468462326,manual__ca_specrage_y_liu__lambda_0,0.81073840222548,0.6883534077083218,0.2569194263016638
se_squad_v2_llama8b,QA,squad_v2,2933,820,0.27957722468462326,manual__ca_specrage_y_liu__lambda_0p1,0.8103130446827421,0.68708459246228,0.21610997046739008
se_squad_v2_llama8b,QA,squad_v2,2933,820,0.27957722468462326,manual__ca_specrage_y_liu__lambda_0p3,0.8089053824755001,0.6820642559171745,0.15985944949049863
se_squad_v2_llama8b,QA,squad_v2,2933,820,0.27957722468462326,manual__ca_specrage_y_liu__lambda_1,0.8058972908706843,0.6734231825755417,0.07310075084993328
se_squad_v2_llama8b,QA,squad_v2,2933,820,0.27957722468462326,manual__ca_specrage_y_liu__lambda_10,0.8004444034028603,0.6632721458767366,0.0028217773979060078
se_squad_v2_llama8b,QA,squad_v2,2933,820,0.27957722468462326,manual__ca_specrage_y_liu__lambda_100,0.7991660221855412,0.6589310897211885,3.466914515378758e-05
se_squad_v2_llama8b,QA,squad_v2,2933,820,0.27957722468462326,manual__ca_specrage_y_liu__lambda_3,0.8028274445072894,0.668610517064666,0.019999078039270243
se_squad_v2_llama8b,QA,squad_v2,2933,820,0.27957722468462326,manual__ca_specrage_y_liu__lambda_30,0.7996179285029954,0.6600971508027627,0.0003644049375671411
se_squad_v2_llama8b,QA,squad_v2,2933,820,0.27957722468462326,manual__ca_uniform_alpha_control__lambda_0,0.81073840222548,0.6883534077083218,0.2569194263016638
se_squad_v2_llama8b,QA,squad_v2,2933,820,0.27957722468462326,manual__ca_uniform_alpha_control__lambda_0p1,0.8115383283506286,0.691173216215167,0.21618939764933523
se_squad_v2_llama8b,QA,squad_v2,2933,820,0.27957722468462326,manual__ca_uniform_alpha_control__lambda_0p3,0.8116566435422992,0.6921023631594969,0.15954244271339718
se_squad_v2_llama8b,QA,squad_v2,2933,820,0.27957722468462326,manual__ca_uniform_alpha_control__lambda_1,0.8125096672168804,0.6943184734519573,0.07201932016994254
se_squad_v2_llama8b,QA,squad_v2,2933,820,0.27957722468462326,manual__ca_uniform_alpha_control__lambda_10,0.812608359401152,0.6968615097867545,0.0026799046323202373
se_squad_v2_llama8b,QA,squad_v2,2933,820,0.27957722468462326,manual__ca_uniform_alpha_control__lambda_100,0.8123347915921184,0.696226645886935,3.261818590247315e-05
se_squad_v2_llama8b,QA,squad_v2,2933,820,0.27957722468462326,manual__ca_uniform_alpha_control__lambda_3,0.81245945540383,0.6955922728149824,0.019308823330427237
se_squad_v2_llama8b,QA,squad_v2,2933,820,0.27957722468462326,manual__ca_uniform_alpha_control__lambda_30,0.8124230951254141,0.6962733451377572,0.00034376059900350855
se_squad_v2_llama8b,QA,squad_v2,2933,820,0.27957722468462326,manual__uniform_y_liu__lambda_0,0.81073840222548,0.6883534077083218,0.2569194263016638
se_squad_v2_llama8b,QA,squad_v2,2933,820,0.27957722468462326,manual__uniform_y_liu__lambda_0p1,0.8106016183209632,0.6874153727367183,0.2158138223441794
se_squad_v2_llama8b,QA,squad_v2,2933,820,0.27957722468462326,manual__uniform_y_liu__lambda_0p3,0.8096637539967448,0.6850247519863787,0.15897229800277873
se_squad_v2_llama8b,QA,squad_v2,2933,820,0.27957722468462326,manual__uniform_y_liu__lambda_1,0.807394410905775,0.6790346650134531,0.07167194008193477
se_squad_v2_llama8b,QA,squad_v2,2933,820,0.27957722468462326,manual__uniform_y_liu__lambda_10,0.8037791603661422,0.6703300425388555,0.0026731246351468204
se_squad_v2_llama8b,QA,squad_v2,2933,820,0.27957722468462326,manual__uniform_y_liu__lambda_100,0.8030467604723373,0.6689127485639198,3.256563784768447e-05
se_squad_v2_llama8b,QA,squad_v2,2933,820,0.27957722468462326,manual__uniform_y_liu__lambda_3,0.8049525007791489,0.6718167281324965,0.019233138584701402
se_squad_v2_llama8b,QA,squad_v2,2933,820,0.27957722468462326,manual__uniform_y_liu__lambda_30,0.8033001281266954,0.6696970487114513,0.0003431149751453077
se_squad_v2_llama8b,QA,squad_v2,2933,820,0.27957722468462326,micro__adapted_specrage_y_liu__lambda_0,0.81073840222548,0.6883534077083218,0.2569194263016638
se_squad_v2_llama8b,QA,squad_v2,2933,820,0.27957722468462326,micro__adapted_specrage_y_liu__lambda_0p1,0.8108688375099559,0.6891581553459649,0.21406338185837637
se_squad_v2_llama8b,QA,squad_v2,2933,820,0.27957722468462326,micro__adapted_specrage_y_liu__lambda_0p3,0.810673184583242,0.687972270863313,0.1552216541394015
se_squad_v2_llama8b,QA,squad_v2,2933,820,0.27957722468462326,micro__adapted_specrage_y_liu__lambda_1,0.8105998868791338,0.6874143463868068,0.06724318412616671
se_squad_v2_llama8b,QA,squad_v2,2933,820,0.27957722468462326,micro__adapted_specrage_y_liu__lambda_10,0.8103240104809946,0.6871218690495354,0.002312376568006313
se_squad_v2_llama8b,QA,squad_v2,2933,820,0.27957722468462326,micro__adapted_specrage_y_liu__lambda_100,0.8102916902335138,0.6870130259575156,2.7648990204169152e-05
se_squad_v2_llama8b,QA,squad_v2,2933,820,0.27957722468462326,micro__adapted_specrage_y_liu__lambda_3,0.8102282040331052,0.6869434512404842,0.017217653579998257
se_squad_v2_llama8b,QA,squad_v2,2933,820,0.27957722468462326,micro__adapted_specrage_y_liu__lambda_30,0.8102939988226195,0.6870259006730043,0.0002928437722226919
se_squad_v2_llama8b,QA,squad_v2,2933,820,0.27957722468462326,micro__ca_global_alpha_control__lambda_0,0.81073840222548,0.6883534077083218,0.2569194263016638
se_squad_v2_llama8b,QA,squad_v2,2933,820,0.27957722468462326,micro__ca_global_alpha_control__lambda_0p1,0.8110333244837418,0.6891710281433013,0.21891722346267917
se_squad_v2_llama8b,QA,squad_v2,2933,820,0.27957722468462326,micro__ca_global_alpha_control__lambda_0p3,0.8114073159188762,0.6907974960029639,0.1644669291144721
se_squad_v2_llama8b,QA,squad_v2,2933,820,0.27957722468462326,micro__ca_global_alpha_control__lambda_1,0.811553334179816,0.6915671366568945,0.07652966690318823
se_squad_v2_llama8b,QA,squad_v2,2933,820,0.27957722468462326,micro__ca_global_alpha_control__lambda_10,0.8117893874158809,0.6924470526192305,0.0029602516721436234
se_squad_v2_llama8b,QA,squad_v2,2933,820,0.27957722468462326,micro__ca_global_alpha_control__lambda_100,0.8117899645631572,0.6923432884778731,3.6280768373512947e-05
se_squad_v2_llama8b,QA,squad_v2,2933,820,0.27957722468462326,micro__ca_global_alpha_control__lambda_3,0.8115660314198978,0.6916664496863321,0.021027300662850197
se_squad_v2_llama8b,QA,squad_v2,2933,820,0.27957722468462326,micro__ca_global_alpha_control__lambda_30,0.8117928502995395,0.6923414421229764,0.00038163765654493056
se_squad_v2_llama8b,QA,squad_v2,2933,820,0.27957722468462326,micro__ca_permuted_alpha_control__lambda_0,0.81073840222548,0.6883534077083218,0.2569194263016638
se_squad_v2_llama8b,QA,squad_v2,2933,820,0.27957722468462326,micro__ca_permuted_alpha_control__lambda_0p1,0.8110339016310182,0.6891712848733914,0.21893789749831907
se_squad_v2_llama8b,QA,squad_v2,2933,820,0.27957722468462326,micro__ca_permuted_alpha_control__lambda_0p3,0.8114096245079819,0.6907974114834277,0.1645081288894466
se_squad_v2_llama8b,QA,squad_v2,2933,820,0.27957722468462326,micro__ca_permuted_alpha_control__lambda_1,0.8115683400090035,0.6915778618918971,0.0765745281548584
se_squad_v2_llama8b,QA,squad_v2,2933,820,0.27957722468462326,micro__ca_permuted_alpha_control__lambda_10,0.811753027137465,0.6923110703290083,0.0029637639368489967
se_squad_v2_llama8b,QA,squad_v2,2933,820,0.27957722468462326,micro__ca_permuted_alpha_control__lambda_100,0.8118188219269793,0.6923632876239245,3.632862879766912e-05
se_squad_v2_llama8b,QA,squad_v2,2933,820,0.27957722468462326,micro__ca_permuted_alpha_control__lambda_3,0.8115446769706693,0.6916523642267506,0.021047057683420287
se_squad_v2_llama8b,QA,squad_v2,2933,820,0.27957722468462326,micro__ca_permuted_alpha_control__lambda_30,0.8117720729975876,0.6923288957624896,0.00038212693930191543
se_squad_v2_llama8b,QA,squad_v2,2933,820,0.27957722468462326,micro__ca_specrage_alpha_liu__lambda_0,0.81073840222548,0.6883534077083218,0.2569194263016638
se_squad_v2_llama8b,QA,squad_v2,2933,820,0.27957722468462326,micro__ca_specrage_alpha_liu__lambda_0p1,0.8110160100654484,0.689143267573706,0.21897178395254627
se_squad_v2_llama8b,QA,squad_v2,2933,820,0.27957722468462326,micro__ca_specrage_alpha_liu__lambda_0p3,0.811424053189893,0.6908576208549135,0.16456857611118583
se_squad_v2_llama8b,QA,squad_v2,2933,820,0.27957722468462326,micro__ca_specrage_alpha_liu__lambda_1,0.8115845001327437,0.6914498302360431,0.07662924318995476
se_squad_v2_llama8b,QA,squad_v2,2933,820,0.27957722468462326,micro__ca_specrage_alpha_liu__lambda_10,0.8116601064259579,0.6918043229346409,0.0029671776159532707
se_squad_v2_llama8b,QA,squad_v2,2933,820,0.27957722468462326,micro__ca_specrage_alpha_liu__lambda_100,0.8118211305160852,0.6925157069173518,3.637336886406634e-05
se_squad_v2_llama8b,QA,squad_v2,2933,820,0.27957722468462326,micro__ca_specrage_alpha_liu__lambda_3,0.8115360197615227,0.6914993669627271,0.021067897732273074
se_squad_v2_llama8b,QA,squad_v2,2933,820,0.27957722468462326,micro__ca_specrage_alpha_liu__lambda_30,0.8117865016794985,0.6922942679869402,0.00038258918564751203
se_squad_v2_llama8b,QA,squad_v2,2933,820,0.27957722468462326,micro__ca_specrage_y_liu__lambda_0,0.81073840222548,0.6883534077083218,0.2569194263016638
se_squad_v2_llama8b,QA,squad_v2,2933,820,0.27957722468462326,micro__ca_specrage_y_liu__lambda_0p1,0.8107932312167418,0.6888706901967202,0.2126974541931447
se_squad_v2_llama8b,QA,squad_v2,2933,820,0.27957722468462326,micro__ca_specrage_y_liu__lambda_0p3,0.8107118534507636,0.6883578184375481,0.15270125135646298
se_squad_v2_llama8b,QA,squad_v2,2933,820,0.27957722468462326,micro__ca_specrage_y_liu__lambda_1,0.8105306292059609,0.6873508141859695,0.06486845040555998
se_squad_v2_llama8b,QA,squad_v2,2933,820,0.27957722468462326,micro__ca_specrage_y_liu__lambda_10,0.8103061189154248,0.6870657216289914,0.0021633171835327885
se_squad_v2_llama8b,QA,squad_v2,2933,820,0.27957722468462326,micro__ca_specrage_y_liu__lambda_100,0.8103159304191243,0.6871196335493092,2.5706819915861636e-05
se_squad_v2_llama8b,QA,squad_v2,2933,820,0.27957722468462326,micro__ca_specrage_y_liu__lambda_3,0.8104255884016484,0.6871839470015445,0.016303173937466768
se_squad_v2_llama8b,QA,squad_v2,2933,820,0.27957722468462326,micro__ca_specrage_y_liu__lambda_30,0.8103061189154248,0.6871229421660187,0.0002727406815131197
se_squad_v2_llama8b,QA,squad_v2,2933,820,0.27957722468462326,micro__ca_uniform_alpha_control__lambda_0,0.81073840222548,0.6883534077083218,0.2569194263016638
se_squad_v2_llama8b,QA,squad_v2,2933,820,0.27957722468462326,micro__ca_uniform_alpha_control__lambda_0p1,0.8115625685362391,0.6911822992843225,0.2177261121865492
se_squad_v2_llama8b,QA,squad_v2,2933,820,0.27957722468462326,micro__ca_uniform_alpha_control__lambda_0p3,0.811657797836852,0.692102439506582,0.16250255918084533
se_squad_v2_llama8b,QA,squad_v2,2933,820,0.27957722468462326,micro__ca_uniform_alpha_control__lambda_1,0.812558724735378,0.69458040827839,0.0750515713540858
se_squad_v2_llama8b,QA,squad_v2,2933,820,0.27957722468462326,micro__ca_uniform_alpha_control__lambda_10,0.8126331767340389,0.6970046863177629,0.0028986007462954784
se_squad_v2_llama8b,QA,squad_v2,2933,820,0.27957722468462326,micro__ca_uniform_alpha_control__lambda_100,0.812419055094479,0.6963381876015046,3.555458947772337e-05
se_squad_v2_llama8b,QA,squad_v2,2933,820,0.27957722468462326,micro__ca_uniform_alpha_control__lambda_3,0.8125367931388731,0.6950217038492259,0.02057700680194258
se_squad_v2_llama8b,QA,squad_v2,2933,820,0.27957722468462326,micro__ca_uniform_alpha_control__lambda_30,0.8125639190608659,0.6968225951287659,0.0003739009879036103
se_squad_v2_llama8b,QA,squad_v2,2933,820,0.27957722468462326,micro__uniform_y_liu__lambda_0,0.81073840222548,0.6883534077083218,0.2569194263016638
se_squad_v2_llama8b,QA,squad_v2,2933,820,0.27957722468462326,micro__uniform_y_liu__lambda_0p1,0.810698001916129,0.6883087345390227,0.21407303761024302
se_squad_v2_llama8b,QA,squad_v2,2933,820,0.27957722468462326,micro__uniform_y_liu__lambda_0p3,0.8107718767675135,0.6890583424916129,0.15522723094268864
se_squad_v2_llama8b,QA,squad_v2,2933,820,0.27957722468462326,micro__uniform_y_liu__lambda_1,0.8106610644904367,0.6876392257418774,0.06722763052558899
se_squad_v2_llama8b,QA,squad_v2,2933,820,0.27957722468462326,micro__uniform_y_liu__lambda_10,0.8106385557466554,0.687476684668496,0.0023096003754653283
se_squad_v2_llama8b,QA,squad_v2,2933,820,0.27957722468462326,micro__uniform_y_liu__lambda_100,0.8104457885563239,0.687219553643826,2.7608466453540345e-05
se_squad_v2_llama8b,QA,squad_v2,2933,820,0.27957722468462326,micro__uniform_y_liu__lambda_3,0.8105410178569367,0.6874292703320873,0.017204770920673195
se_squad_v2_llama8b,QA,squad_v2,2933,820,0.27957722468462326,micro__uniform_y_liu__lambda_30,0.8104867660129512,0.6872707284431234,0.0002924366572360813
se_squad_v2_llama8b,QA,squad_v2,2933,820,0.27957722468462326,raw_uniform_liu__lambda_0,0.81073840222548,0.6883534077083218,0.2569194263016638
se_squad_v2_llama8b,QA,squad_v2,2933,820,0.27957722468462326,raw_uniform_liu__lambda_0p1,0.8110287073055302,0.6891649332287291,0.22111943819770774
se_squad_v2_llama8b,QA,squad_v2,2933,820,0.27957722468462326,raw_uniform_liu__lambda_0p3,0.8114506019646093,0.6908461409839489,0.16882374755673799
se_squad_v2_llama8b,QA,squad_v2,2933,820,0.27957722468462326,raw_uniform_liu__lambda_1,0.8115689171562799,0.6915779478055231,0.0812582632425255
se_squad_v2_llama8b,QA,squad_v2,2933,820,0.27957722468462326,raw_uniform_liu__lambda_10,0.8118205533688088,0.692515268230012,0.003336188028891383
se_squad_v2_llama8b,QA,squad_v2,2933,820,0.27957722468462326,raw_uniform_liu__lambda_100,0.8117634157884409,0.6923196884992844,4.1431591274609796e-05
se_squad_v2_llama8b,QA,squad_v2,2933,820,0.27957722468462326,raw_uniform_liu__lambda_3,0.8114990823358303,0.6915264142938159,0.023124115633358526
se_squad_v2_llama8b,QA,squad_v2,2933,820,0.27957722468462326,raw_uniform_liu__lambda_30,0.8117524499901885,0.692310911524258,0.0004342118284717635
seiclr_triviaqa_opt30b,QA,triviaqa,5000,2324,0.4648,atomic__adapted_specrage_y_liu__lambda_0,0.8217253221727396,0.803245937990686,0.10212763128642936
seiclr_triviaqa_opt30b,QA,triviaqa,5000,2324,0.4648,atomic__adapted_specrage_y_liu__lambda_0p1,0.8202990533562823,0.8017703418313671,0.08837671284146423
seiclr_triviaqa_opt30b,QA,triviaqa,5000,2324,0.4648,atomic__adapted_specrage_y_liu__lambda_0p3,0.818171388307876,0.8000377194774514,0.0683213412288119
seiclr_triviaqa_opt30b,QA,triviaqa,5000,2324,0.4648,atomic__adapted_specrage_y_liu__lambda_1,0.8137430407086386,0.7945407354304367,0.03409746085767248
seiclr_triviaqa_opt30b,QA,triviaqa,5000,2324,0.4648,atomic__adapted_specrage_y_liu__lambda_10,0.808186863404933,0.7874379923211277,0.0015222188744274392
seiclr_triviaqa_opt30b,QA,triviaqa,5000,2324,0.4648,atomic__adapted_specrage_y_liu__lambda_100,0.8073227406744209,0.7866893240445051,1.9303617825381636e-05
seiclr_triviaqa_opt30b,QA,triviaqa,5000,2324,0.4648,atomic__adapted_specrage_y_liu__lambda_3,0.8104335181854901,0.790391372771685,0.010170236379121978
seiclr_triviaqa_opt30b,QA,triviaqa,5000,2324,0.4648,atomic__adapted_specrage_y_liu__lambda_30,0.8075555746367918,0.7868388911766582,0.00020111083685718625
seiclr_triviaqa_opt30b,QA,triviaqa,5000,2324,0.4648,atomic__ca_global_alpha_control__lambda_0,0.8217253221727396,0.803245937990686,0.10212763128642936
seiclr_triviaqa_opt30b,QA,triviaqa,5000,2324,0.4648,atomic__ca_global_alpha_control__lambda_0p1,0.8217769379889834,0.8032326871567291,0.08533254055897523
seiclr_triviaqa_opt30b,QA,triviaqa,5000,2324,0.4648,atomic__ca_global_alpha_control__lambda_0p3,0.821970215905261,0.8035560770470779,0.06214419962490694
seiclr_triviaqa_opt30b,QA,triviaqa,5000,2324,0.4648,atomic__ca_global_alpha_control__lambda_1,0.8223982573471335,0.8039138004953966,0.027144690920093417
seiclr_triviaqa_opt30b,QA,triviaqa,5000,2324,0.4648,atomic__ca_global_alpha_control__lambda_10,0.8228607093331687,0.8046035299760276,0.0009452180640673091
seiclr_triviaqa_opt30b,QA,triviaqa,5000,2324,0.4648,atomic__ca_global_alpha_control__lambda_100,0.8229650665442036,0.804680669428253,1.1330057183655572e-05
seiclr_triviaqa_opt30b,QA,triviaqa,5000,2324,0.4648,atomic__ca_global_alpha_control__lambda_3,0.8226643762751197,0.804354072752782,0.0070037688811674615
seiclr_triviaqa_opt30b,QA,triviaqa,5000,2324,0.4648,atomic__ca_global_alpha_control__lambda_30,0.8229520419924412,0.8046693079558233,0.0001199197578506926
seiclr_triviaqa_opt30b,QA,triviaqa,5000,2324,0.4648,atomic__ca_permuted_alpha_control__lambda_0,0.8217253221727396,0.803245937990686,0.10212763128642936
seiclr_triviaqa_opt30b,QA,triviaqa,5000,2324,0.4648,atomic__ca_permuted_alpha_control__lambda_0p1,0.8217933392763881,0.803285795589589,0.0853711775177633
seiclr_triviaqa_opt30b,QA,triviaqa,5000,2324,0.4648,atomic__ca_permuted_alpha_control__lambda_0p3,0.821882903169372,0.8034122738680243,0.06221503833959059
seiclr_triviaqa_opt30b,QA,triviaqa,5000,2324,0.4648,atomic__ca_permuted_alpha_control__lambda_1,0.8221512732544528,0.8035441676025289,0.02721075448949546
seiclr_triviaqa_opt30b,QA,triviaqa,5000,2324,0.4648,atomic__ca_permuted_alpha_control__lambda_10,0.8225367035084605,0.8041610081480386,0.0009493203779252397
seiclr_triviaqa_opt30b,QA,triviaqa,5000,2324,0.4648,atomic__ca_permuted_alpha_control__lambda_100,0.822560662251826,0.8041747215219736,1.1383429113839042e-05
seiclr_triviaqa_opt30b,QA,triviaqa,5000,2324,0.4648,atomic__ca_permuted_alpha_control__lambda_3,0.8224093523356719,0.8038855534822172,0.007029025489171284
seiclr_triviaqa_opt30b,QA,triviaqa,5000,2324,0.4648,atomic__ca_permuted_alpha_control__lambda_30,0.8225773851331012,0.8042055798778497,0.00012047241670804571
seiclr_triviaqa_opt30b,QA,triviaqa,5000,2324,0.4648,atomic__ca_specrage_alpha_liu__lambda_0,0.8217253221727396,0.803245937990686,0.10212763128642936
seiclr_triviaqa_opt30b,QA,triviaqa,5000,2324,0.4648,atomic__ca_specrage_alpha_liu__lambda_0p1,0.8223324914005798,0.8039179912570806,0.08520480427503929
seiclr_triviaqa_opt30b,QA,triviaqa,5000,2324,0.4648,atomic__ca_specrage_alpha_liu__lambda_0p3,0.8232482299473358,0.8049291971988729,0.061964286481260726
seiclr_triviaqa_opt30b,QA,triviaqa,5000,2324,0.4648,atomic__ca_specrage_alpha_liu__lambda_1,0.8249431904427447,0.8068010833374717,0.02707544829988272
seiclr_triviaqa_opt30b,QA,triviaqa,5000,2324,0.4648,atomic__ca_specrage_alpha_liu__lambda_10,0.8267669492833603,0.8082984669432695,0.0009504343339627244
seiclr_triviaqa_opt30b,QA,triviaqa,5000,2324,0.4648,atomic__ca_specrage_alpha_liu__lambda_100,0.8271313151388384,0.8085493640420686,1.1422933072617753e-05
seiclr_triviaqa_opt30b,QA,triviaqa,5000,2324,0.4648,atomic__ca_specrage_alpha_liu__lambda_3,0.8260348408367615,0.8078182132953912,0.007012879283687559
seiclr_triviaqa_opt30b,QA,triviaqa,5000,2324,0.4648,atomic__ca_specrage_alpha_liu__lambda_30,0.8270901511233917,0.8085268433825902,0.00012080980819633851
seiclr_triviaqa_opt30b,QA,triviaqa,5000,2324,0.4648,atomic__ca_specrage_y_liu__lambda_0,0.8217253221727396,0.803245937990686,0.10212763128642936
seiclr_triviaqa_opt30b,QA,triviaqa,5000,2324,0.4648,atomic__ca_specrage_y_liu__lambda_0p1,0.8212458257115586,0.8028217904089245,0.08837442199304607
seiclr_triviaqa_opt30b,QA,triviaqa,5000,2324,0.4648,atomic__ca_specrage_y_liu__lambda_0p3,0.8204497200846951,0.8019772326883158,0.06809440167121111
seiclr_triviaqa_opt30b,QA,triviaqa,5000,2324,0.4648,atomic__ca_specrage_y_liu__lambda_1,0.819165434962142,0.8006912535176889,0.03345560696870032
seiclr_triviaqa_opt30b,QA,triviaqa,5000,2324,0.4648,atomic__ca_specrage_y_liu__lambda_10,0.8174304360298337,0.7992044189101108,0.001428928867753308
seiclr_triviaqa_opt30b,QA,triviaqa,5000,2324,0.4648,atomic__ca_specrage_y_liu__lambda_100,0.8170922800748156,0.798813201393788,1.7909844012521715e-05
seiclr_triviaqa_opt30b,QA,triviaqa,5000,2324,0.4648,atomic__ca_specrage_y_liu__lambda_3,0.8180605992194274,0.7999037348088833,0.009740543225713574
seiclr_triviaqa_opt30b,QA,triviaqa,5000,2324,0.4648,atomic__ca_specrage_y_liu__lambda_30,0.8171564380520159,0.79884702219873,0.00018721281701014763
seiclr_triviaqa_opt30b,QA,triviaqa,5000,2324,0.4648,atomic__ca_uniform_alpha_control__lambda_0,0.8217253221727396,0.803245937990686,0.10212763128642936
seiclr_triviaqa_opt30b,QA,triviaqa,5000,2324,0.4648,atomic__ca_uniform_alpha_control__lambda_0p1,0.8215548774212803,0.8031532432746984,0.08483988375820178
seiclr_triviaqa_opt30b,QA,triviaqa,5000,2324,0.4648,atomic__ca_uniform_alpha_control__lambda_0p3,0.821163980071471,0.8027170170752082,0.061236432848166725
seiclr_triviaqa_opt30b,QA,triviaqa,5000,2324,0.4648,atomic__ca_uniform_alpha_control__lambda_1,0.8204508456632424,0.8019778880307559,0.02629064665983675
seiclr_triviaqa_opt30b,QA,triviaqa,5000,2324,0.4648,atomic__ca_uniform_alpha_control__lambda_10,0.8194992493999058,0.8010289496059242,0.0008915777427605372
seiclr_triviaqa_opt30b,QA,triviaqa,5000,2324,0.4648,atomic__ca_uniform_alpha_control__lambda_100,0.8192648074681815,0.8008052270466937,1.0630802810798386e-05
seiclr_triviaqa_opt30b,QA,triviaqa,5000,2324,0.4648,atomic__ca_uniform_alpha_control__lambda_3,0.8199047792708309,0.8015226830073626,0.006674890714903485
seiclr_triviaqa_opt30b,QA,triviaqa,5000,2324,0.4648,atomic__ca_uniform_alpha_control__lambda_30,0.8193511554224585,0.8009090597854646,0.00011268296712614725
seiclr_triviaqa_opt30b,QA,triviaqa,5000,2324,0.4648,atomic__uniform_y_liu__lambda_0,0.8217253221727396,0.803245937990686,0.10212763128642936
seiclr_triviaqa_opt30b,QA,triviaqa,5000,2324,0.4648,atomic__uniform_y_liu__lambda_0p1,0.8199034928953483,0.8015211262513554,0.09004635371292725
seiclr_triviaqa_opt30b,QA,triviaqa,5000,2324,0.4648,atomic__uniform_y_liu__lambda_0p3,0.8167914290087963,0.7984626129136753,0.07200436115542873
seiclr_triviaqa_opt30b,QA,triviaqa,5000,2324,0.4648,atomic__uniform_y_liu__lambda_1,0.8113654972227153,0.7917383820285624,0.03897870169251486
seiclr_triviaqa_opt30b,QA,triviaqa,5000,2324,0.4648,atomic__uniform_y_liu__lambda_10,0.8043890005891601,0.7833243923800786,0.0020685714826148126
seiclr_triviaqa_opt30b,QA,triviaqa,5000,2324,0.4648,atomic__uniform_y_liu__lambda_100,0.8033785526474894,0.7820667214593929,2.7407994006217516e-05
seiclr_triviaqa_opt30b,QA,triviaqa,5000,2324,0.4648,atomic__uniform_y_liu__lambda_3,0.807071415064486,0.7865157626179977,0.01281199774846641
seiclr_triviaqa_opt30b,QA,triviaqa,5000,2324,0.4648,atomic__uniform_y_liu__lambda_30,0.8037377730010369,0.7823917078909804,0.000281997250071425
seiclr_triviaqa_opt30b,QA,triviaqa,5000,2324,0.4648,deployed_upcr,0.8118718467720979,0.794442977916806,0.2590452047444212
seiclr_triviaqa_opt30b,QA,triviaqa,5000,2324,0.4648,dufs_liu__lambda_0,0.8217253221727396,0.803245937990686,0.10212763128642936
seiclr_triviaqa_opt30b,QA,triviaqa,5000,2324,0.4648,dufs_liu__lambda_0p1,0.8206626152270837,0.8021624954904805,0.08757589187045299
seiclr_triviaqa_opt30b,QA,triviaqa,5000,2324,0.4648,dufs_liu__lambda_0p3,0.8192426174911047,0.8007616924884412,0.06659083143211292
seiclr_triviaqa_opt30b,QA,triviaqa,5000,2324,0.4648,dufs_liu__lambda_1,0.8162453626163848,0.7979254394993811,0.0319378750512162
seiclr_triviaqa_opt30b,QA,triviaqa,5000,2324,0.4648,dufs_liu__lambda_10,0.8121720546503759,0.7928371541195778,0.0013153231564140076
seiclr_triviaqa_opt30b,QA,triviaqa,5000,2324,0.4648,dufs_liu__lambda_100,0.8112860635366579,0.7914124600691308,1.636164626846704e-05
seiclr_triviaqa_opt30b,QA,triviaqa,5000,2324,0.4648,dufs_liu__lambda_3,0.8134619676656658,0.7942843795558471,0.009096197041625561
seiclr_triviaqa_opt30b,QA,triviaqa,5000,2324,0.4648,dufs_liu__lambda_30,0.8114455740965142,0.7918221455348609,0.00017139029399851135
seiclr_triviaqa_opt30b,QA,triviaqa,5000,2324,0.4648,iu_pcr,0.8217253221727396,0.803245937990686,0.10212763128642936
seiclr_triviaqa_opt30b,QA,triviaqa,5000,2324,0.4648,manual__adapted_specrage_y_liu__lambda_0,0.8217253221727396,0.803245937990686,0.10212763128642936
seiclr_triviaqa_opt30b,QA,triviaqa,5000,2324,0.4648,manual__adapted_specrage_y_liu__lambda_0p1,0.8223747809945741,0.8038829767311108,0.08616376664457308
seiclr_triviaqa_opt30b,QA,triviaqa,5000,2324,0.4648,manual__adapted_specrage_y_liu__lambda_0p3,0.8233960023309125,0.8052356622058253,0.06377951091593254
seiclr_triviaqa_opt30b,QA,triviaqa,5000,2324,0.4648,manual__adapted_specrage_y_liu__lambda_1,0.8250083132015571,0.8068249696559022,0.02887640593767747
seiclr_triviaqa_opt30b,QA,triviaqa,5000,2324,0.4648,manual__adapted_specrage_y_liu__lambda_10,0.8267396138043526,0.808267835646114,0.0010736767184379129
seiclr_triviaqa_opt30b,QA,triviaqa,5000,2324,0.4648,manual__adapted_specrage_y_liu__lambda_100,0.8270970653916112,0.808502269253573,1.305858708453125e-05
seiclr_triviaqa_opt30b,QA,triviaqa,5000,2324,0.4648,manual__adapted_specrage_y_liu__lambda_3,0.8260806679633331,0.8078901310031118,0.00774306959466141
seiclr_triviaqa_opt30b,QA,triviaqa,5000,2324,0.4648,manual__adapted_specrage_y_liu__lambda_30,0.8270501126864923,0.8084765741196513,0.000137653509511766
seiclr_triviaqa_opt30b,QA,triviaqa,5000,2324,0.4648,manual__ca_global_alpha_control__lambda_0,0.8217253221727396,0.803245937990686,0.10212763128642936
seiclr_triviaqa_opt30b,QA,triviaqa,5000,2324,0.4648,manual__ca_global_alpha_control__lambda_0p1,0.8213624034896795,0.8029344906412734,0.08583008422530627
seiclr_triviaqa_opt30b,QA,triviaqa,5000,2324,0.4648,manual__ca_global_alpha_control__lambda_0p3,0.8207047440241427,0.8022183965342751,0.06309638465199131
seiclr_triviaqa_opt30b,QA,triviaqa,5000,2324,0.4648,manual__ca_global_alpha_control__lambda_1,0.8196822363123217,0.8011870170433645,0.028104782568292772
seiclr_triviaqa_opt30b,QA,triviaqa,5000,2324,0.4648,manual__ca_global_alpha_control__lambda_10,0.8179264945753546,0.799745399833652,0.0010117518632505422
seiclr_triviaqa_opt30b,QA,triviaqa,5000,2324,0.4648,manual__ca_global_alpha_control__lambda_100,0.817649763049636,0.799487410452217,1.2213801879046367e-05
seiclr_triviaqa_opt30b,QA,triviaqa,5000,2324,0.4648,manual__ca_global_alpha_control__lambda_3,0.8185288398951347,0.8000972300370315,0.007396705878547155
seiclr_triviaqa_opt30b,QA,triviaqa,5000,2324,0.4648,manual__ca_global_alpha_control__lambda_30,0.8177676272032396,0.7996507919270301,0.00012901888155660804
seiclr_triviaqa_opt30b,QA,triviaqa,5000,2324,0.4648,manual__ca_permuted_alpha_control__lambda_0,0.8217253221727396,0.803245937990686,0.10212763128642936
seiclr_triviaqa_opt30b,QA,triviaqa,5000,2324,0.4648,manual__ca_permuted_alpha_control__lambda_0p1,0.8213511477042056,0.8029177338391296,0.08583033582660503
seiclr_triviaqa_opt30b,QA,triviaqa,5000,2324,0.4648,manual__ca_permuted_alpha_control__lambda_0p3,0.8206171096943831,0.8021257712996146,0.06310004933149685
seiclr_triviaqa_opt30b,QA,triviaqa,5000,2324,0.4648,manual__ca_permuted_alpha_control__lambda_1,0.8195611562200114,0.80117308100543,0.028113863414648985
seiclr_triviaqa_opt30b,QA,triviaqa,5000,2324,0.4648,manual__ca_permuted_alpha_control__lambda_10,0.8176870679386348,0.7995630940134301,0.0010128468347997514
seiclr_triviaqa_opt30b,QA,triviaqa,5000,2324,0.4648,manual__ca_permuted_alpha_control__lambda_100,0.8171654426803948,0.7988483101660564,1.222942653236622e-05
seiclr_triviaqa_opt30b,QA,triviaqa,5000,2324,0.4648,manual__ca_permuted_alpha_control__lambda_3,0.81830372418566,0.8000411554811913,0.007402173089344332
seiclr_triviaqa_opt30b,QA,triviaqa,5000,2324,0.4648,manual__ca_permuted_alpha_control__lambda_30,0.8173374954012076,0.7990360855477165,0.00012917672516477854
seiclr_triviaqa_opt30b,QA,triviaqa,5000,2324,0.4648,manual__ca_specrage_alpha_liu__lambda_0,0.8217253221727396,0.803245937990686,0.10212763128642936
seiclr_triviaqa_opt30b,QA,triviaqa,5000,2324,0.4648,manual__ca_specrage_alpha_liu__lambda_0p1,0.8204502024755009,0.801976359282623,0.0872066975516897
seiclr_triviaqa_opt30b,QA,triviaqa,5000,2324,0.4648,manual__ca_specrage_alpha_liu__lambda_0p3,0.8184413663623102,0.8001492230060685,0.06593729340700673
seiclr_triviaqa_opt30b,QA,triviaqa,5000,2324,0.4648,manual__ca_specrage_alpha_liu__lambda_1,0.8143273767716607,0.7951724506203823,0.031355882472134874
seiclr_triviaqa_opt30b,QA,triviaqa,5000,2324,0.4648,manual__ca_specrage_alpha_liu__lambda_10,0.8085401342718728,0.7877551256920209,0.0012798911618675315
seiclr_triviaqa_opt30b,QA,triviaqa,5000,2324,0.4648,manual__ca_specrage_alpha_liu__lambda_100,0.8076224661618928,0.786880963201147,1.5899247118265437e-05
seiclr_triviaqa_opt30b,QA,triviaqa,5000,2324,0.4648,manual__ca_specrage_alpha_liu__lambda_3,0.810989232394022,0.7911053667359264,0.008877908847944644
seiclr_triviaqa_opt30b,QA,triviaqa,5000,2324,0.4648,manual__ca_specrage_alpha_liu__lambda_30,0.8078660735189316,0.7871526767994187,0.00016660738869345485
seiclr_triviaqa_opt30b,QA,triviaqa,5000,2324,0.4648,manual__ca_specrage_y_liu__lambda_0,0.8217253221727396,0.803245937990686,0.10212763128642936
seiclr_triviaqa_opt30b,QA,triviaqa,5000,2324,0.4648,manual__ca_specrage_y_liu__lambda_0p1,0.8198317774621869,0.8013283135214422,0.08782235234443447
seiclr_triviaqa_opt30b,QA,triviaqa,5000,2324,0.4648,manual__ca_specrage_y_liu__lambda_0p3,0.8165378522417664,0.7982191248227083,0.06742772552250688
seiclr_triviaqa_opt30b,QA,triviaqa,5000,2324,0.4648,manual__ca_specrage_y_liu__lambda_1,0.8101942523457057,0.7900913331298721,0.033461551898730554
seiclr_triviaqa_opt30b,QA,triviaqa,5000,2324,0.4648,manual__ca_specrage_y_liu__lambda_10,0.8009754424488472,0.7781857370234182,0.0015024273388708838
seiclr_triviaqa_opt30b,QA,triviaqa,5000,2324,0.4648,manual__ca_specrage_y_liu__lambda_100,0.7992295093249359,0.7756377260366467,1.9107961439281523e-05
seiclr_triviaqa_opt30b,QA,triviaqa,5000,2324,0.4648,manual__ca_specrage_y_liu__lambda_3,0.8044037939072112,0.7833344243127882,0.009997561525608057
seiclr_triviaqa_opt30b,QA,triviaqa,5000,2324,0.4648,manual__ca_specrage_y_liu__lambda_30,0.7998365177558407,0.7765021698874748,0.00019890185586432155
seiclr_triviaqa_opt30b,QA,triviaqa,5000,2324,0.4648,manual__ca_uniform_alpha_control__lambda_0,0.8217253221727396,0.803245937990686,0.10212763128642936
seiclr_triviaqa_opt30b,QA,triviaqa,5000,2324,0.4648,manual__ca_uniform_alpha_control__lambda_0p1,0.8211588345695401,0.8027945272499709,0.08445671453761722
seiclr_triviaqa_opt30b,QA,triviaqa,5000,2324,0.4648,manual__ca_uniform_alpha_control__lambda_0p3,0.8202016104134667,0.8017567664040494,0.0605782597608586
seiclr_triviaqa_opt30b,QA,triviaqa,5000,2324,0.4648,manual__ca_uniform_alpha_control__lambda_1,0.8180605992194273,0.7999037230718007,0.02575420581210118
seiclr_triviaqa_opt30b,QA,triviaqa,5000,2324,0.4648,manual__ca_uniform_alpha_control__lambda_10,0.8143352558214922,0.7951798457618877,0.0008652335891095988
seiclr_triviaqa_opt30b,QA,triviaqa,5000,2324,0.4648,manual__ca_uniform_alpha_control__lambda_100,0.8135772590683039,0.7944744304130836,1.0305418249918386e-05
seiclr_triviaqa_opt30b,QA,triviaqa,5000,2324,0.4648,manual__ca_uniform_alpha_control__lambda_3,0.8159461195197188,0.7975458535434548,0.006496301775808812
seiclr_triviaqa_opt30b,QA,triviaqa,5000,2324,0.4648,manual__ca_uniform_alpha_control__lambda_30,0.8137354832526776,0.7945393645668044,0.00010926424581169831
seiclr_triviaqa_opt30b,QA,triviaqa,5000,2324,0.4648,manual__uniform_y_liu__lambda_0,0.8217253221727396,0.803245937990686,0.10212763128642936
seiclr_triviaqa_opt30b,QA,triviaqa,5000,2324,0.4648,manual__uniform_y_liu__lambda_0p1,0.8215222356434064,0.8031325535769938,0.08638781765076162
seiclr_triviaqa_opt30b,QA,triviaqa,5000,2324,0.4648,manual__uniform_y_liu__lambda_0p3,0.8211429156729415,0.8027097187500085,0.06414724955442393
seiclr_triviaqa_opt30b,QA,triviaqa,5000,2324,0.4648,manual__uniform_y_liu__lambda_1,0.8203567794560691,0.8018753967815909,0.029140684203967954
seiclr_triviaqa_opt30b,QA,triviaqa,5000,2324,0.4648,manual__uniform_y_liu__lambda_10,0.8194621053078425,0.800982525411829,0.0010822400074813462
seiclr_triviaqa_opt30b,QA,triviaqa,5000,2324,0.4648,manual__uniform_y_liu__lambda_100,0.8192638426865695,0.8008036628889517,1.3148597402410622e-05
seiclr_triviaqa_opt30b,QA,triviaqa,5000,2324,0.4648,manual__uniform_y_liu__lambda_3,0.8198210040675193,0.8013197210467811,0.00781507770668538
seiclr_triviaqa_opt30b,QA,triviaqa,5000,2324,0.4648,manual__uniform_y_liu__lambda_30,0.8193239807403863,0.8008840390075456,0.00013864720545522498
seiclr_triviaqa_opt30b,QA,triviaqa,5000,2324,0.4648,micro__adapted_specrage_y_liu__lambda_0,0.8217253221727396,0.803245937990686,0.10212763128642936
seiclr_triviaqa_opt30b,QA,triviaqa,5000,2324,0.4648,micro__adapted_specrage_y_liu__lambda_0p1,0.8216835149695515,0.8031711619285081,0.08617145763946805
seiclr_triviaqa_opt30b,QA,triviaqa,5000,2324,0.4648,micro__adapted_specrage_y_liu__lambda_0p3,0.8216735455595604,0.8031681490701247,0.06372381989428295
seiclr_triviaqa_opt30b,QA,triviaqa,5000,2324,0.4648,micro__adapted_specrage_y_liu__lambda_1,0.8216637369465047,0.8031603443249923,0.028695331387192026
seiclr_triviaqa_opt30b,QA,triviaqa,5000,2324,0.4648,micro__adapted_specrage_y_liu__lambda_10,0.8215953982489858,0.8030601780451301,0.0010493360534763279
seiclr_triviaqa_opt30b,QA,triviaqa,5000,2324,0.4648,micro__adapted_specrage_y_liu__lambda_100,0.8215809265248052,0.8030448933556514,1.270588315304261e-05
seiclr_triviaqa_opt30b,QA,triviaqa,5000,2324,0.4648,micro__adapted_specrage_y_liu__lambda_3,0.8216124427241316,0.8030792288182743,0.007625558611117434
seiclr_triviaqa_opt30b,QA,triviaqa,5000,2324,0.4648,micro__adapted_specrage_y_liu__lambda_30,0.8215815697125466,0.8030453109158903,0.00013410518577318512
seiclr_triviaqa_opt30b,QA,triviaqa,5000,2324,0.4648,micro__ca_global_alpha_control__lambda_0,0.8217253221727396,0.803245937990686,0.10212763128642936
seiclr_triviaqa_opt30b,QA,triviaqa,5000,2324,0.4648,micro__ca_global_alpha_control__lambda_0p1,0.8217097248700118,0.8032289022271035,0.08499713527714585
seiclr_triviaqa_opt30b,QA,triviaqa,5000,2324,0.4648,micro__ca_global_alpha_control__lambda_0p3,0.8217010418355034,0.8031989124771772,0.06151920201430462
seiclr_triviaqa_opt30b,QA,triviaqa,5000,2324,0.4648,micro__ca_global_alpha_control__lambda_1,0.8216849621419695,0.803176755374528,0.02654436238661478
seiclr_triviaqa_opt30b,QA,triviaqa,5000,2324,0.4648,micro__ca_global_alpha_control__lambda_10,0.8216786910614913,0.8031719753631605,0.0009063872759436179
seiclr_triviaqa_opt30b,QA,triviaqa,5000,2324,0.4648,micro__ca_global_alpha_control__lambda_100,0.8216706512147244,0.803167167329235,1.0821044388842542e-05
seiclr_triviaqa_opt30b,QA,triviaqa,5000,2324,0.4648,micro__ca_global_alpha_control__lambda_3,0.8216724199810131,0.8031675387906271,0.006768331539806019
seiclr_triviaqa_opt30b,QA,triviaqa,5000,2324,0.4648,micro__ca_global_alpha_control__lambda_30,0.8216725807779484,0.8031666394001943,0.00011465984425780131
seiclr_triviaqa_opt30b,QA,triviaqa,5000,2324,0.4648,micro__ca_permuted_alpha_control__lambda_0,0.8217253221727396,0.803245937990686,0.10212763128642936
seiclr_triviaqa_opt30b,QA,triviaqa,5000,2324,0.4648,micro__ca_permuted_alpha_control__lambda_0p1,0.8216841581572927,0.8031750002521875,0.08504711819819924
seiclr_triviaqa_opt30b,QA,triviaqa,5000,2324,0.4648,micro__ca_permuted_alpha_control__lambda_0p3,0.8216687216515003,0.8031667171427379,0.061611633812132936
seiclr_triviaqa_opt30b,QA,triviaqa,5000,2324,0.4648,micro__ca_permuted_alpha_control__lambda_1,0.8215748162412623,0.8030412672290207,0.02663186905891136
seiclr_triviaqa_opt30b,QA,triviaqa,5000,2324,0.4648,micro__ca_permuted_alpha_control__lambda_10,0.8215820521033526,0.803106427390241,0.000911926030866038
seiclr_triviaqa_opt30b,QA,triviaqa,5000,2324,0.4648,micro__ca_permuted_alpha_control__lambda_100,0.8215638820496592,0.8030843197357772,1.089334030186534e-05
seiclr_triviaqa_opt30b,QA,triviaqa,5000,2324,0.4648,micro__ca_permuted_alpha_control__lambda_3,0.8215920215133437,0.8031088788194398,0.006802197033039195
seiclr_triviaqa_opt30b,QA,triviaqa,5000,2324,0.4648,micro__ca_permuted_alpha_control__lambda_30,0.8215656508159479,0.8030867034391509,0.00011540779699060455
seiclr_triviaqa_opt30b,QA,triviaqa,5000,2324,0.4648,micro__ca_specrage_alpha_liu__lambda_0,0.8217253221727396,0.803245937990686,0.10212763128642936
seiclr_triviaqa_opt30b,QA,triviaqa,5000,2324,0.4648,micro__ca_specrage_alpha_liu__lambda_0p1,0.821362242692744,0.8029330538634629,0.08637555070820817
seiclr_triviaqa_opt30b,QA,triviaqa,5000,2324,0.4648,micro__ca_specrage_alpha_liu__lambda_0p3,0.8207063519934961,0.8022208221459014,0.06413525686072988
seiclr_triviaqa_opt30b,QA,triviaqa,5000,2324,0.4648,micro__ca_specrage_alpha_liu__lambda_1,0.8197147172932602,0.8012214511426304,0.029148206161407553
seiclr_triviaqa_opt30b,QA,triviaqa,5000,2324,0.4648,micro__ca_specrage_alpha_liu__lambda_10,0.8180763573190906,0.7999251554105034,0.00108450974891061
seiclr_triviaqa_opt30b,QA,triviaqa,5000,2324,0.4648,micro__ca_specrage_alpha_liu__lambda_100,0.817843201762849,0.7997498073271307,1.3182941372917428e-05
seiclr_triviaqa_opt30b,QA,triviaqa,5000,2324,0.4648,micro__ca_specrage_alpha_liu__lambda_3,0.8186862600948317,0.8003047293545258,0.007824670125803974
seiclr_triviaqa_opt30b,QA,triviaqa,5000,2324,0.4648,micro__ca_specrage_alpha_liu__lambda_30,0.8178919232342566,0.7997793275065652,0.00013898899513241228
seiclr_triviaqa_opt30b,QA,triviaqa,5000,2324,0.4648,micro__ca_specrage_y_liu__lambda_0,0.8217253221727396,0.803245937990686,0.10212763128642936
seiclr_triviaqa_opt30b,QA,triviaqa,5000,2324,0.4648,micro__ca_specrage_y_liu__lambda_0p1,0.8205439470888037,0.8020939818375974,0.08506779590455497
seiclr_triviaqa_opt30b,QA,triviaqa,5000,2324,0.4648,micro__ca_specrage_y_liu__lambda_0p3,0.8185277143165872,0.8000967979843912,0.061829813795087944
seiclr_triviaqa_opt30b,QA,triviaqa,5000,2324,0.4648,micro__ca_specrage_y_liu__lambda_1,0.8141652934608389,0.7950312840175777,0.02714740082575089
seiclr_triviaqa_opt30b,QA,triviaqa,5000,2324,0.4648,micro__ca_specrage_y_liu__lambda_10,0.8072336591722431,0.7867482762262801,0.0009723794322821927
seiclr_triviaqa_opt30b,QA,triviaqa,5000,2324,0.4648,micro__ca_specrage_y_liu__lambda_100,0.8056784312136438,0.7848962401454392,1.1752509003398756e-05
seiclr_triviaqa_opt30b,QA,triviaqa,5000,2324,0.4648,micro__ca_specrage_y_liu__lambda_3,0.8100194660769922,0.7899464973495482,0.007106764872005249
seiclr_triviaqa_opt30b,QA,triviaqa,5000,2324,0.4648,micro__ca_specrage_y_liu__lambda_30,0.80607736841022,0.7853578519947902,0.00012409668770719439
seiclr_triviaqa_opt30b,QA,triviaqa,5000,2324,0.4648,micro__ca_uniform_alpha_control__lambda_0,0.8217253221727396,0.803245937990686,0.10212763128642936
seiclr_triviaqa_opt30b,QA,triviaqa,5000,2324,0.4648,micro__ca_uniform_alpha_control__lambda_0p1,0.8214778556892528,0.8030700483408205,0.08450887698989402
seiclr_triviaqa_opt30b,QA,triviaqa,5000,2324,0.4648,micro__ca_uniform_alpha_control__lambda_0p3,0.8209731141092236,0.8025384263251621,0.06063673182329285
seiclr_triviaqa_opt30b,QA,triviaqa,5000,2324,0.4648,micro__ca_uniform_alpha_control__lambda_1,0.8199904840373666,0.801515229587569,0.02574471732582074
seiclr_triviaqa_opt30b,QA,triviaqa,5000,2324,0.4648,micro__ca_uniform_alpha_control__lambda_10,0.8183071009213021,0.8000414487620244,0.0008589991458795403
seiclr_triviaqa_opt30b,QA,triviaqa,5000,2324,0.4648,micro__ca_uniform_alpha_control__lambda_100,0.8180311733802604,0.7998571730187146,1.0210455325208505e-05
seiclr_triviaqa_opt30b,QA,triviaqa,5000,2324,0.4648,micro__ca_uniform_alpha_control__lambda_3,0.8189974021647127,0.8006210037139705,0.0064711001742495935
seiclr_triviaqa_opt30b,QA,triviaqa,5000,2324,0.4648,micro__ca_uniform_alpha_control__lambda_30,0.8180779652884439,0.7999260906722625,0.00010832027482253342
seiclr_triviaqa_opt30b,QA,triviaqa,5000,2324,0.4648,micro__uniform_y_liu__lambda_0,0.8217253221727396,0.803245937990686,0.10212763128642936
seiclr_triviaqa_opt30b,QA,triviaqa,5000,2324,0.4648,micro__uniform_y_liu__lambda_0p1,0.8217705061115699,0.8032715971968267,0.08675914540409828
seiclr_triviaqa_opt30b,QA,triviaqa,5000,2324,0.4648,micro__uniform_y_liu__lambda_0p3,0.8218401311845718,0.8033731083084933,0.06485517977209909
seiclr_triviaqa_opt30b,QA,triviaqa,5000,2324,0.4648,micro__uniform_y_liu__lambda_1,0.8220644429093698,0.8035613784897048,0.02985574154320634
seiclr_triviaqa_opt30b,QA,triviaqa,5000,2324,0.4648,micro__uniform_y_liu__lambda_10,0.8223948806114915,0.8039026778414587,0.0011329327465602022
seiclr_triviaqa_opt30b,QA,triviaqa,5000,2324,0.4648,micro__uniform_y_liu__lambda_100,0.8224178745732451,0.8039064140054382,1.3826731879374894e-05
seiclr_triviaqa_opt30b,QA,triviaqa,5000,2324,0.4648,micro__uniform_y_liu__lambda_3,0.8222455002585615,0.8037232530963321,0.008111031376917233
seiclr_triviaqa_opt30b,QA,triviaqa,5000,2324,0.4648,micro__uniform_y_liu__lambda_30,0.822411281898896,0.8038866226170321,0.00014561509806288353
seiclr_triviaqa_opt30b,QA,triviaqa,5000,2324,0.4648,raw_uniform_liu__lambda_0,0.8217253221727396,0.803245937990686,0.10212763128642936
seiclr_triviaqa_opt30b,QA,triviaqa,5000,2324,0.4648,raw_uniform_liu__lambda_0p1,0.8201083481909701,0.8016857132034169,0.0886797599330437
seiclr_triviaqa_opt30b,QA,triviaqa,5000,2324,0.4648,raw_uniform_liu__lambda_0p3,0.8172458411480644,0.7989322449709805,0.06906184461010871
seiclr_triviaqa_opt30b,QA,triviaqa,5000,2324,0.4648,raw_uniform_liu__lambda_1,0.8121911894856813,0.7928512445396927,0.03517558518487996
seiclr_triviaqa_opt30b,QA,triviaqa,5000,2324,0.4648,raw_uniform_liu__lambda_10,0.8050079079932799,0.784065321365231,0.0016447262412822808
seiclr_triviaqa_opt30b,QA,triviaqa,5000,2324,0.4648,raw_uniform_liu__lambda_100,0.8038704304726916,0.782592487887442,2.1102798323499205e-05
seiclr_triviaqa_opt30b,QA,triviaqa,5000,2324,0.4648,raw_uniform_liu__lambda_3,0.8077051157866573,0.7869677137075073,0.010767161076036712
seiclr_triviaqa_opt30b,QA,triviaqa,5000,2324,0.4648,raw_uniform_liu__lambda_30,0.8041291527416521,0.7830393957909811,0.0002191246488510325
semenergy_triviaqa_qwen3_8b,QA,triviaqa,4392,2094,0.476775956284153,atomic__adapted_specrage_y_liu__lambda_0,0.805718481167545,0.7711870634968545,0.23177162067016607
semenergy_triviaqa_qwen3_8b,QA,triviaqa,4392,2094,0.476775956284153,atomic__adapted_specrage_y_liu__lambda_0p1,0.8063124115234959,0.771955169691315,0.19146817511530853
semenergy_triviaqa_qwen3_8b,QA,triviaqa,4392,2094,0.476775956284153,atomic__adapted_specrage_y_liu__lambda_0p3,0.8079483176683683,0.7738474386468502,0.13719621162919915
semenergy_triviaqa_qwen3_8b,QA,triviaqa,4392,2094,0.476775956284153,atomic__adapted_specrage_y_liu__lambda_1,0.8105867150788485,0.7777487780487805,0.058334494137642
semenergy_triviaqa_qwen3_8b,QA,triviaqa,4392,2094,0.476775956284153,atomic__adapted_specrage_y_liu__lambda_10,0.8139300151371194,0.7805477894106227,0.0019703267506601804
semenergy_triviaqa_qwen3_8b,QA,triviaqa,4392,2094,0.476775956284153,atomic__adapted_specrage_y_liu__lambda_100,0.8147330056533525,0.7820529563162842,2.3510050217924996e-05
semenergy_triviaqa_qwen3_8b,QA,triviaqa,4392,2094,0.476775956284153,atomic__adapted_specrage_y_liu__lambda_3,0.8128028359031524,0.7792513783618672,0.014751746783342106
semenergy_triviaqa_qwen3_8b,QA,triviaqa,4392,2094,0.476775956284153,atomic__adapted_specrage_y_liu__lambda_30,0.8145351674102226,0.7813815138552315,0.0002491375761354461
semenergy_triviaqa_qwen3_8b,QA,triviaqa,4392,2094,0.476775956284153,atomic__ca_global_alpha_control__lambda_0,0.805718481167545,0.7711870634968545,0.23177162067016607
semenergy_triviaqa_qwen3_8b,QA,triviaqa,4392,2094,0.476775956284153,atomic__ca_global_alpha_control__lambda_0p1,0.8057560953713332,0.7711291171165162,0.19195534602314399
semenergy_triviaqa_qwen3_8b,QA,triviaqa,4392,2094,0.476775956284153,atomic__ca_global_alpha_control__lambda_0p3,0.8058543910530565,0.7712485772925637,0.1378890090730251
semenergy_triviaqa_qwen3_8b,QA,triviaqa,4392,2094,0.476775956284153,atomic__ca_global_alpha_control__lambda_1,0.8060657371594251,0.7714682014101428,0.0586320446064155
semenergy_triviaqa_qwen3_8b,QA,triviaqa,4392,2094,0.476775956284153,atomic__ca_global_alpha_control__lambda_10,0.8063751711342366,0.7719805587270455,0.001957459967075158
semenergy_triviaqa_qwen3_8b,QA,triviaqa,4392,2094,0.476775956284153,atomic__ca_global_alpha_control__lambda_100,0.8063026442993076,0.771948692933245,2.3264426641143048e-05
semenergy_triviaqa_qwen3_8b,QA,triviaqa,4392,2094,0.476775956284153,atomic__ca_global_alpha_control__lambda_3,0.8063494022874422,0.7717260363458968,0.014746327126795633
semenergy_triviaqa_qwen3_8b,QA,triviaqa,4392,2094,0.476775956284153,atomic__ca_global_alpha_control__lambda_30,0.8063271662664183,0.7719831004733719,0.0002468169333875094
semenergy_triviaqa_qwen3_8b,QA,triviaqa,4392,2094,0.476775956284153,atomic__ca_permuted_alpha_control__lambda_0,0.805718481167545,0.7711870634968545,0.23177162067016607
semenergy_triviaqa_qwen3_8b,QA,triviaqa,4392,2094,0.476775956284153,atomic__ca_permuted_alpha_control__lambda_0p1,0.805766486035363,0.7713138318268304,0.19186589385722225
semenergy_triviaqa_qwen3_8b,QA,triviaqa,4392,2094,0.476775956284153,atomic__ca_permuted_alpha_control__lambda_0p3,0.8057648235291184,0.7711344549956181,0.13772435139913208
semenergy_triviaqa_qwen3_8b,QA,triviaqa,4392,2094,0.476775956284153,atomic__ca_permuted_alpha_control__lambda_1,0.8058521051069698,0.7712300062750297,0.05847763026232739
semenergy_triviaqa_qwen3_8b,QA,triviaqa,4392,2094,0.476775956284153,atomic__ca_permuted_alpha_control__lambda_10,0.8059088381325732,0.7712089546662771,0.0019478395445256663
semenergy_triviaqa_qwen3_8b,QA,triviaqa,4392,2094,0.476775956284153,atomic__ca_permuted_alpha_control__lambda_100,0.8060266682626727,0.7714428760163334,2.3139271142714146e-05
semenergy_triviaqa_qwen3_8b,QA,triviaqa,4392,2094,0.476775956284153,atomic__ca_permuted_alpha_control__lambda_3,0.8059275413278271,0.771266255340684,0.014687130638281014
semenergy_triviaqa_qwen3_8b,QA,triviaqa,4392,2094,0.476775956284153,atomic__ca_permuted_alpha_control__lambda_30,0.8059886384323232,0.7714100898493526,0.00024552091191036037
semenergy_triviaqa_qwen3_8b,QA,triviaqa,4392,2094,0.476775956284153,atomic__ca_specrage_alpha_liu__lambda_0,0.805718481167545,0.7711870634968545,0.23177162067016607
semenergy_triviaqa_qwen3_8b,QA,triviaqa,4392,2094,0.476775956284153,atomic__ca_specrage_alpha_liu__lambda_0p1,0.8054510254754144,0.7707086932985289,0.19128858025441636
semenergy_triviaqa_qwen3_8b,QA,triviaqa,4392,2094,0.476775956284153,atomic__ca_specrage_alpha_liu__lambda_0p3,0.8050908850601369,0.77024874646967,0.1366899144835184
semenergy_triviaqa_qwen3_8b,QA,triviaqa,4392,2094,0.476775956284153,atomic__ca_specrage_alpha_liu__lambda_1,0.8044674452183411,0.769869322495984,0.0575568468820167
semenergy_triviaqa_qwen3_8b,QA,triviaqa,4392,2094,0.476775956284153,atomic__ca_specrage_alpha_liu__lambda_10,0.8029393941660994,0.7679817737774433,0.0018948947463267563
semenergy_triviaqa_qwen3_8b,QA,triviaqa,4392,2094,0.476775956284153,atomic__ca_specrage_alpha_liu__lambda_100,0.8025865272156428,0.7673873063472433,2.246146240158424e-05
semenergy_triviaqa_qwen3_8b,QA,triviaqa,4392,2094,0.476775956284153,atomic__ca_specrage_alpha_liu__lambda_3,0.8035302073228413,0.7685351901733034,0.014350972955489387
semenergy_triviaqa_qwen3_8b,QA,triviaqa,4392,2094,0.476775956284153,atomic__ca_specrage_alpha_liu__lambda_30,0.8026991620137272,0.7677307295896155,0.00023847079609939044
semenergy_triviaqa_qwen3_8b,QA,triviaqa,4392,2094,0.476775956284153,atomic__ca_specrage_y_liu__lambda_0,0.805718481167545,0.7711870634968545,0.23177162067016607
semenergy_triviaqa_qwen3_8b,QA,triviaqa,4392,2094,0.476775956284153,atomic__ca_specrage_y_liu__lambda_0p1,0.8054225550559724,0.7706825339790105,0.1921285843365934
semenergy_triviaqa_qwen3_8b,QA,triviaqa,4392,2094,0.476775956284153,atomic__ca_specrage_y_liu__lambda_0p3,0.8050418411259157,0.7701704774788918,0.1382212850753605
semenergy_triviaqa_qwen3_8b,QA,triviaqa,4392,2094,0.476775956284153,atomic__ca_specrage_y_liu__lambda_1,0.8044371044793737,0.7699735230066767,0.0589672784396783
semenergy_triviaqa_qwen3_8b,QA,triviaqa,4392,2094,0.476775956284153,atomic__ca_specrage_y_liu__lambda_10,0.8028184468367909,0.7678879271543366,0.001980506719940139
semenergy_triviaqa_qwen3_8b,QA,triviaqa,4392,2094,0.476775956284153,atomic__ca_specrage_y_liu__lambda_100,0.8025861115890818,0.7673838501934265,2.3569690004890113e-05
semenergy_triviaqa_qwen3_8b,QA,triviaqa,4392,2094,0.476775956284153,atomic__ca_specrage_y_liu__lambda_3,0.8034402241723421,0.7684591747093167,0.014883030167327158
semenergy_triviaqa_qwen3_8b,QA,triviaqa,4392,2094,0.476775956284153,atomic__ca_specrage_y_liu__lambda_30,0.8026048147843354,0.7674004935565236,0.00024996251735459265
semenergy_triviaqa_qwen3_8b,QA,triviaqa,4392,2094,0.476775956284153,atomic__ca_uniform_alpha_control__lambda_0,0.805718481167545,0.7711870634968545,0.23177162067016607
semenergy_triviaqa_qwen3_8b,QA,triviaqa,4392,2094,0.476775956284153,atomic__ca_uniform_alpha_control__lambda_0p1,0.804941259498106,0.7703034263151152,0.1890527435040098
semenergy_triviaqa_qwen3_8b,QA,triviaqa,4392,2094,0.476775956284153,atomic__ca_uniform_alpha_control__lambda_0p3,0.8033747629889535,0.7683611981798083,0.1328581442577419
semenergy_triviaqa_qwen3_8b,QA,triviaqa,4392,2094,0.476775956284153,atomic__ca_uniform_alpha_control__lambda_1,0.7995291782314757,0.7620247907591976,0.05445395801950519
semenergy_triviaqa_qwen3_8b,QA,triviaqa,4392,2094,0.476775956284153,atomic__ca_uniform_alpha_control__lambda_10,0.793286882908854,0.7531418009945832,0.0017456552893659765
semenergy_triviaqa_qwen3_8b,QA,triviaqa,4392,2094,0.476775956284153,atomic__ca_uniform_alpha_control__lambda_100,0.7919599951122316,0.7510640420685216,2.063097924474561e-05
semenergy_triviaqa_qwen3_8b,QA,triviaqa,4392,2094,0.476775956284153,atomic__ca_uniform_alpha_control__lambda_3,0.7956362120460214,0.7567369807865043,0.013328674110825348
semenergy_triviaqa_qwen3_8b,QA,triviaqa,4392,2094,0.476775956284153,atomic__ca_uniform_alpha_control__lambda_30,0.7921759131107736,0.7512462751372704,0.00021919877058222516
semenergy_triviaqa_qwen3_8b,QA,triviaqa,4392,2094,0.476775956284153,atomic__uniform_y_liu__lambda_0,0.805718481167545,0.7711870634968545,0.23177162067016607
semenergy_triviaqa_qwen3_8b,QA,triviaqa,4392,2094,0.476775956284153,atomic__uniform_y_liu__lambda_0p1,0.8078670626756541,0.7738534153940775,0.19531351775748765
semenergy_triviaqa_qwen3_8b,QA,triviaqa,4392,2094,0.476775956284153,atomic__uniform_y_liu__lambda_0p3,0.8106715028973328,0.7779524140398331,0.14514648756362805
semenergy_triviaqa_qwen3_8b,QA,triviaqa,4392,2094,0.476775956284153,atomic__uniform_y_liu__lambda_1,0.8149221157386972,0.7819583895284058,0.0674246446013811
semenergy_triviaqa_qwen3_8b,QA,triviaqa,4392,2094,0.476775956284153,atomic__uniform_y_liu__lambda_10,0.8156182902287027,0.77961638948414,0.0027171047504332326
semenergy_triviaqa_qwen3_8b,QA,triviaqa,4392,2094,0.476775956284153,atomic__uniform_y_liu__lambda_100,0.815491731940818,0.7793749197428298,3.377034608332143e-05
semenergy_triviaqa_qwen3_8b,QA,triviaqa,4392,2094,0.476775956284153,atomic__uniform_y_liu__lambda_3,0.8154505849112597,0.7792441673199347,0.0188824499601156
semenergy_triviaqa_qwen3_8b,QA,triviaqa,4392,2094,0.476775956284153,atomic__uniform_y_liu__lambda_30,0.815615588656055,0.7795458129813455,0.0003537920869161148
semenergy_triviaqa_qwen3_8b,QA,triviaqa,4392,2094,0.476775956284153,deployed_upcr,0.8130966838819187,0.7789160085372531,0.18495248324899594
semenergy_triviaqa_qwen3_8b,QA,triviaqa,4392,2094,0.476775956284153,dufs_liu__lambda_0,0.805718481167545,0.7711870634968545,0.23177162067016607
semenergy_triviaqa_qwen3_8b,QA,triviaqa,4392,2094,0.476775956284153,dufs_liu__lambda_0p1,0.8059055131200836,0.7712052832136318,0.18301168638427012
semenergy_triviaqa_qwen3_8b,QA,triviaqa,4392,2094,0.476775956284153,dufs_liu__lambda_0p3,0.8063969915286995,0.7721603701364664,0.12242637009114865
semenergy_triviaqa_qwen3_8b,QA,triviaqa,4392,2094,0.476775956284153,dufs_liu__lambda_1,0.8079663974237803,0.7738520787313513,0.04570932494953928
semenergy_triviaqa_qwen3_8b,QA,triviaqa,4392,2094,0.476775956284153,dufs_liu__lambda_10,0.8105127335509553,0.7776329063509687,0.0012740249095303175
semenergy_triviaqa_qwen3_8b,QA,triviaqa,4392,2094,0.476775956284153,dufs_liu__lambda_100,0.8110993904420853,0.7785664498630889,1.4646536381292589e-05
semenergy_triviaqa_qwen3_8b,QA,triviaqa,4392,2094,0.476775956284153,dufs_liu__lambda_3,0.8093759949060809,0.7762437443576721,0.010270434154679401
semenergy_triviaqa_qwen3_8b,QA,triviaqa,4392,2094,0.476775956284153,dufs_liu__lambda_30,0.8108261159780982,0.7782342237998863,0.00015680725850759824
semenergy_triviaqa_qwen3_8b,QA,triviaqa,4392,2094,0.476775956284153,iu_pcr,0.805718481167545,0.7711870634968545,0.23177162067016607
semenergy_triviaqa_qwen3_8b,QA,triviaqa,4392,2094,0.476775956284153,manual__adapted_specrage_y_liu__lambda_0,0.805718481167545,0.7711870634968545,0.23177162067016607
semenergy_triviaqa_qwen3_8b,QA,triviaqa,4392,2094,0.476775956284153,manual__adapted_specrage_y_liu__lambda_0p1,0.8058521051069698,0.7712300062750297,0.19224082018298197
semenergy_triviaqa_qwen3_8b,QA,triviaqa,4392,2094,0.476775956284153,manual__adapted_specrage_y_liu__lambda_0p3,0.8061444983927721,0.7715247954205136,0.13841885818020544
semenergy_triviaqa_qwen3_8b,QA,triviaqa,4392,2094,0.476775956284153,manual__adapted_specrage_y_liu__lambda_1,0.8067654444752008,0.7726871788308092,0.05913661874121098
semenergy_triviaqa_qwen3_8b,QA,triviaqa,4392,2094,0.476775956284153,manual__adapted_specrage_y_liu__lambda_10,0.8077496481721159,0.773741931639232,0.0019895968578444736
semenergy_triviaqa_qwen3_8b,QA,triviaqa,4392,2094,0.476775956284153,manual__adapted_specrage_y_liu__lambda_100,0.807882648671699,0.773850376419966,2.3684267223031977e-05
semenergy_triviaqa_qwen3_8b,QA,triviaqa,4392,2094,0.476775956284153,manual__adapted_specrage_y_liu__lambda_3,0.8074888425049647,0.7734684755782087,0.014942417671121073
semenergy_triviaqa_qwen3_8b,QA,triviaqa,4392,2094,0.476775956284153,manual__adapted_specrage_y_liu__lambda_30,0.8078799470990513,0.7738597953831418,0.0002511594874655234
semenergy_triviaqa_qwen3_8b,QA,triviaqa,4392,2094,0.476775956284153,manual__ca_global_alpha_control__lambda_0,0.805718481167545,0.7711870634968545,0.23177162067016607
semenergy_triviaqa_qwen3_8b,QA,triviaqa,4392,2094,0.476775956284153,manual__ca_global_alpha_control__lambda_0p1,0.8059871837393588,0.7714091007498023,0.18665262448047
semenergy_triviaqa_qwen3_8b,QA,triviaqa,4392,2094,0.476775956284153,manual__ca_global_alpha_control__lambda_0p3,0.8065227185634616,0.7723162292080418,0.12853711810365231
semenergy_triviaqa_qwen3_8b,QA,triviaqa,4392,2094,0.476775956284153,manual__ca_global_alpha_control__lambda_1,0.8079855162455953,0.7739036386565062,0.05053995354431827
semenergy_triviaqa_qwen3_8b,QA,triviaqa,4392,2094,0.476775956284153,manual__ca_global_alpha_control__lambda_10,0.8099318954316823,0.7768032743085561,0.001509482066157065
semenergy_triviaqa_qwen3_8b,QA,triviaqa,4392,2094,0.476775956284153,manual__ca_global_alpha_control__lambda_100,0.8106106136061173,0.7777666770379391,1.7568556945862183e-05
semenergy_triviaqa_qwen3_8b,QA,triviaqa,4392,2094,0.476775956284153,manual__ca_global_alpha_control__lambda_3,0.8093610323498779,0.7761719956885068,0.0118617096258042
semenergy_triviaqa_qwen3_8b,QA,triviaqa,4392,2094,0.476775956284153,manual__ca_global_alpha_control__lambda_30,0.8103749533459186,0.7773405040632532,0.00018746113215764728
semenergy_triviaqa_qwen3_8b,QA,triviaqa,4392,2094,0.476775956284153,manual__ca_permuted_alpha_control__lambda_0,0.805718481167545,0.7711870634968545,0.23177162067016607
semenergy_triviaqa_qwen3_8b,QA,triviaqa,4392,2094,0.476775956284153,manual__ca_permuted_alpha_control__lambda_0p1,0.8059117475185016,0.7712100968137312,0.18677083857089896
semenergy_triviaqa_qwen3_8b,QA,triviaqa,4392,2094,0.476775956284153,manual__ca_permuted_alpha_control__lambda_0p3,0.8063969915286995,0.7721603701364664,0.12873697136410267
semenergy_triviaqa_qwen3_8b,QA,triviaqa,4392,2094,0.476775956284153,manual__ca_permuted_alpha_control__lambda_1,0.8078996893607082,0.7738094979138989,0.050698923925042806
semenergy_triviaqa_qwen3_8b,QA,triviaqa,4392,2094,0.476775956284153,manual__ca_permuted_alpha_control__lambda_10,0.8097486041181943,0.7766130261880992,0.0015171348962513607
semenergy_triviaqa_qwen3_8b,QA,triviaqa,4392,2094,0.476775956284153,manual__ca_permuted_alpha_control__lambda_100,0.8102047542691082,0.7771199782251392,1.766295769954296e-05
semenergy_triviaqa_qwen3_8b,QA,triviaqa,4392,2094,0.476775956284153,manual__ca_permuted_alpha_control__lambda_3,0.8091688050653241,0.7758645082347502,0.011913857376725073
semenergy_triviaqa_qwen3_8b,QA,triviaqa,4392,2094,0.476775956284153,manual__ca_permuted_alpha_control__lambda_30,0.8099298172988763,0.7767900933485382,0.0001884532337685287
semenergy_triviaqa_qwen3_8b,QA,triviaqa,4392,2094,0.476775956284153,manual__ca_specrage_alpha_liu__lambda_0,0.805718481167545,0.7711870634968545,0.23177162067016607
semenergy_triviaqa_qwen3_8b,QA,triviaqa,4392,2094,0.476775956284153,manual__ca_specrage_alpha_liu__lambda_0p1,0.8054115409521008,0.7706770081477589,0.18584313124618598
semenergy_triviaqa_qwen3_8b,QA,triviaqa,4392,2094,0.476775956284153,manual__ca_specrage_alpha_liu__lambda_0p3,0.8050250082501872,0.7701923197439641,0.1271411937955591
semenergy_triviaqa_qwen3_8b,QA,triviaqa,4392,2094,0.476775956284153,manual__ca_specrage_alpha_liu__lambda_1,0.8042226411737958,0.7695160457393273,0.04937784855858928
semenergy_triviaqa_qwen3_8b,QA,triviaqa,4392,2094,0.476775956284153,manual__ca_specrage_alpha_liu__lambda_10,0.8017951742431233,0.7660505502274414,0.0014480842851250586
semenergy_triviaqa_qwen3_8b,QA,triviaqa,4392,2094,0.476775956284153,manual__ca_specrage_alpha_liu__lambda_100,0.8011819172520767,0.7642066436439823,1.67937283125388e-05
semenergy_triviaqa_qwen3_8b,QA,triviaqa,4392,2094,0.476775956284153,manual__ca_specrage_alpha_liu__lambda_3,0.8027756373009876,0.7678462759154702,0.011459815137951416
semenergy_triviaqa_qwen3_8b,QA,triviaqa,4392,2094,0.476775956284153,manual__ca_specrage_alpha_liu__lambda_30,0.8012689910166475,0.7644721705467905,0.00017937054218815924
semenergy_triviaqa_qwen3_8b,QA,triviaqa,4392,2094,0.476775956284153,manual__ca_specrage_y_liu__lambda_0,0.805718481167545,0.7711870634968545,0.23177162067016607
semenergy_triviaqa_qwen3_8b,QA,triviaqa,4392,2094,0.476775956284153,manual__ca_specrage_y_liu__lambda_0p1,0.8045802878297061,0.7699921945133205,0.19092162227451748
semenergy_triviaqa_qwen3_8b,QA,triviaqa,4392,2094,0.476775956284153,manual__ca_specrage_y_liu__lambda_0p3,0.8016677847021163,0.7656487252478985,0.13645833747869837
semenergy_triviaqa_qwen3_8b,QA,triviaqa,4392,2094,0.476775956284153,manual__ca_specrage_y_liu__lambda_1,0.7958616894554711,0.7569044119914805,0.05813964369287857
semenergy_triviaqa_qwen3_8b,QA,triviaqa,4392,2094,0.476775956284153,manual__ca_specrage_y_liu__lambda_10,0.7867403489434357,0.7442582573865918,0.0020097295563290866
semenergy_triviaqa_qwen3_8b,QA,triviaqa,4392,2094,0.476775956284153,manual__ca_specrage_y_liu__lambda_100,0.7846221081742939,0.7421649918889294,2.4168734898125586e-05
semenergy_triviaqa_qwen3_8b,QA,triviaqa,4392,2094,0.476775956284153,manual__ca_specrage_y_liu__lambda_3,0.7906358088882572,0.7499048673388314,0.014865386612124267
semenergy_triviaqa_qwen3_8b,QA,triviaqa,4392,2094,0.476775956284153,manual__ca_specrage_y_liu__lambda_30,0.7851441351351577,0.7424807412555852,0.00025553519270109806
semenergy_triviaqa_qwen3_8b,QA,triviaqa,4392,2094,0.476775956284153,manual__ca_uniform_alpha_control__lambda_0,0.805718481167545,0.7711870634968545,0.23177162067016607
semenergy_triviaqa_qwen3_8b,QA,triviaqa,4392,2094,0.476775956284153,manual__ca_uniform_alpha_control__lambda_0p1,0.8045890159874913,0.7700360240896743,0.18441094066336194
semenergy_triviaqa_qwen3_8b,QA,triviaqa,4392,2094,0.476775956284153,manual__ca_uniform_alpha_control__lambda_0p3,0.8015497467587362,0.765354925214204,0.12512573539715763
semenergy_triviaqa_qwen3_8b,QA,triviaqa,4392,2094,0.476775956284153,manual__ca_uniform_alpha_control__lambda_1,0.7949477266473982,0.7562403289403126,0.04853420019660659
semenergy_triviaqa_qwen3_8b,QA,triviaqa,4392,2094,0.476775956284153,manual__ca_uniform_alpha_control__lambda_10,0.7802175056920058,0.7359678742557496,0.001496138006369483
semenergy_triviaqa_qwen3_8b,QA,triviaqa,4392,2094,0.476775956284153,manual__ca_uniform_alpha_control__lambda_100,0.7763124863362767,0.7323979651982893,1.7710160538395723e-05
semenergy_triviaqa_qwen3_8b,QA,triviaqa,4392,2094,0.476775956284153,manual__ca_uniform_alpha_control__lambda_3,0.787190680322493,0.7445763040964826,0.011504817503729189
semenergy_triviaqa_qwen3_8b,QA,triviaqa,4392,2094,0.476775956284153,manual__ca_uniform_alpha_control__lambda_30,0.7774658500435992,0.7330398832080806,0.0001880086912732933
semenergy_triviaqa_qwen3_8b,QA,triviaqa,4392,2094,0.476775956284153,manual__uniform_y_liu__lambda_0,0.805718481167545,0.7711870634968545,0.23177162067016607
semenergy_triviaqa_qwen3_8b,QA,triviaqa,4392,2094,0.476775956284153,manual__uniform_y_liu__lambda_0p1,0.8069661921042591,0.7730618702454645,0.1891721905369214
semenergy_triviaqa_qwen3_8b,QA,triviaqa,4392,2094,0.476775956284153,manual__uniform_y_liu__lambda_0p3,0.8086698453786068,0.7749569704353201,0.13321388760040484
semenergy_triviaqa_qwen3_8b,QA,triviaqa,4392,2094,0.476775956284153,manual__uniform_y_liu__lambda_1,0.8122363369002406,0.7792272523502267,0.055008207108860056
semenergy_triviaqa_qwen3_8b,QA,triviaqa,4392,2094,0.476775956284153,manual__uniform_y_liu__lambda_10,0.815755862620459,0.7818771055294426,0.001798211260835561
semenergy_triviaqa_qwen3_8b,QA,triviaqa,4392,2094,0.476775956284153,manual__uniform_y_liu__lambda_100,0.8156588138184193,0.7801208758389022,2.1357259785201616e-05
semenergy_triviaqa_qwen3_8b,QA,triviaqa,4392,2094,0.476775956284153,manual__uniform_y_liu__lambda_3,0.8148418998123861,0.7821322161103286,0.013610962367925637
semenergy_triviaqa_qwen3_8b,QA,triviaqa,4392,2094,0.476775956284153,manual__uniform_y_liu__lambda_30,0.8156708669886941,0.7808862898621814,0.00022659903757012772
semenergy_triviaqa_qwen3_8b,QA,triviaqa,4392,2094,0.476775956284153,micro__adapted_specrage_y_liu__lambda_0,0.805718481167545,0.7711870634968545,0.23177162067016607
semenergy_triviaqa_qwen3_8b,QA,triviaqa,4392,2094,0.476775956284153,micro__adapted_specrage_y_liu__lambda_0p1,0.8059159037841136,0.7712154842181207,0.19338739852894796
semenergy_triviaqa_qwen3_8b,QA,triviaqa,4392,2094,0.476775956284153,micro__adapted_specrage_y_liu__lambda_0p3,0.8063811977193738,0.7719898964421396,0.140551207063192
semenergy_triviaqa_qwen3_8b,QA,triviaqa,4392,2094,0.476775956284153,micro__adapted_specrage_y_liu__lambda_1,0.8075478614766547,0.773449949071143,0.06117655113676571
semenergy_triviaqa_qwen3_8b,QA,triviaqa,4392,2094,0.476775956284153,micro__adapted_specrage_y_liu__lambda_10,0.8087371768815207,0.7750026519622356,0.0021206695150357154
semenergy_triviaqa_qwen3_8b,QA,triviaqa,4392,2094,0.476775956284153,micro__adapted_specrage_y_liu__lambda_100,0.8090669765578308,0.7756905580378144,2.5400061606597046e-05
semenergy_triviaqa_qwen3_8b,QA,triviaqa,4392,2094,0.476775956284153,micro__adapted_specrage_y_liu__lambda_3,0.8081983170449284,0.7743347734985081,0.01573924470673373
semenergy_triviaqa_qwen3_8b,QA,triviaqa,4392,2094,0.476775956284153,micro__adapted_specrage_y_liu__lambda_30,0.8090004763080392,0.7754713731355944,0.0002688965359517489
semenergy_triviaqa_qwen3_8b,QA,triviaqa,4392,2094,0.476775956284153,micro__ca_global_alpha_control__lambda_0,0.805718481167545,0.7711870634968545,0.23177162067016607
semenergy_triviaqa_qwen3_8b,QA,triviaqa,4392,2094,0.476775956284153,micro__ca_global_alpha_control__lambda_0p1,0.804014412266636,0.7692934650766567,0.18826504341307565
semenergy_triviaqa_qwen3_8b,QA,triviaqa,4392,2094,0.476775956284153,micro__ca_global_alpha_control__lambda_0p3,0.8002455106096993,0.7627282742095247,0.13203799464283766
semenergy_triviaqa_qwen3_8b,QA,triviaqa,4392,2094,0.476775956284153,micro__ca_global_alpha_control__lambda_1,0.7921281160562359,0.7511956394492971,0.0548263960892184
semenergy_triviaqa_qwen3_8b,QA,triviaqa,4392,2094,0.476775956284153,micro__ca_global_alpha_control__lambda_10,0.7761805249030967,0.7323859726489578,0.001889757344185404
semenergy_triviaqa_qwen3_8b,QA,triviaqa,4392,2094,0.476775956284153,micro__ca_global_alpha_control__lambda_100,0.7732106653100617,0.729948836309141,2.2868511288209865e-05
semenergy_triviaqa_qwen3_8b,QA,triviaqa,4392,2094,0.476775956284153,micro__ca_global_alpha_control__lambda_3,0.7831778058741334,0.739835855833116,0.013906650039701415
semenergy_triviaqa_qwen3_8b,QA,triviaqa,4392,2094,0.476775956284153,micro__ca_global_alpha_control__lambda_30,0.7740722591714235,0.7307688724231302,0.00024130680042604014
semenergy_triviaqa_qwen3_8b,QA,triviaqa,4392,2094,0.476775956284153,micro__ca_permuted_alpha_control__lambda_0,0.805718481167545,0.7711870634968545,0.23177162067016607
semenergy_triviaqa_qwen3_8b,QA,triviaqa,4392,2094,0.476775956284153,micro__ca_permuted_alpha_control__lambda_0p1,0.8040204388517733,0.7692966257405341,0.18833665694874896
semenergy_triviaqa_qwen3_8b,QA,triviaqa,4392,2094,0.476775956284153,micro__ca_permuted_alpha_control__lambda_0p3,0.800207272966069,0.7627012046274454,0.13216767735138021
semenergy_triviaqa_qwen3_8b,QA,triviaqa,4392,2094,0.476775956284153,micro__ca_permuted_alpha_control__lambda_1,0.7921225050976597,0.7511925587888737,0.05494592650225811
semenergy_triviaqa_qwen3_8b,QA,triviaqa,4392,2094,0.476775956284153,micro__ca_permuted_alpha_control__lambda_10,0.7761796936499743,0.7323854450839717,0.0018972487192231353
semenergy_triviaqa_qwen3_8b,QA,triviaqa,4392,2094,0.476775956284153,micro__ca_permuted_alpha_control__lambda_100,0.7732189778412855,0.7299558131271767,2.29664527202463e-05
semenergy_triviaqa_qwen3_8b,QA,triviaqa,4392,2094,0.476775956284153,micro__ca_permuted_alpha_control__lambda_3,0.7831705324093124,0.7398304309832929,0.013952449473042115
semenergy_triviaqa_qwen3_8b,QA,triviaqa,4392,2094,0.476775956284153,micro__ca_permuted_alpha_control__lambda_30,0.774073506051107,0.7307694143331281,0.00024231953046799102
semenergy_triviaqa_qwen3_8b,QA,triviaqa,4392,2094,0.476775956284153,micro__ca_specrage_alpha_liu__lambda_0,0.805718481167545,0.7711870634968545,0.23177162067016607
semenergy_triviaqa_qwen3_8b,QA,triviaqa,4392,2094,0.476775956284153,micro__ca_specrage_alpha_liu__lambda_0p1,0.804117487653813,0.7692906501844614,0.1879186531947167
semenergy_triviaqa_qwen3_8b,QA,triviaqa,4392,2094,0.476775956284153,micro__ca_specrage_alpha_liu__lambda_0p3,0.8004587270355934,0.7629661500121638,0.1313801468906031
semenergy_triviaqa_qwen3_8b,QA,triviaqa,4392,2094,0.476775956284153,micro__ca_specrage_alpha_liu__lambda_1,0.7926058787883322,0.7516626253413917,0.05416146632061121
semenergy_triviaqa_qwen3_8b,QA,triviaqa,4392,2094,0.476775956284153,micro__ca_specrage_alpha_liu__lambda_10,0.7771663911062565,0.7329561296104021,0.0018411323899334088
semenergy_triviaqa_qwen3_8b,QA,triviaqa,4392,2094,0.476775956284153,micro__ca_specrage_alpha_liu__lambda_100,0.7738613286916161,0.7303111420940663,2.2210211030827205e-05
semenergy_triviaqa_qwen3_8b,QA,triviaqa,4392,2094,0.476775956284153,micro__ca_specrage_alpha_liu__lambda_3,0.7840061496105994,0.7412077367751799,0.013627651191630919
semenergy_triviaqa_qwen3_8b,QA,triviaqa,4392,2094,0.476775956284153,micro__ca_specrage_alpha_liu__lambda_30,0.7746385503610548,0.7312326876038036,0.00023456654543806422
semenergy_triviaqa_qwen3_8b,QA,triviaqa,4392,2094,0.476775956284153,micro__ca_specrage_y_liu__lambda_0,0.805718481167545,0.7711870634968545,0.23177162067016607
semenergy_triviaqa_qwen3_8b,QA,triviaqa,4392,2094,0.476775956284153,micro__ca_specrage_y_liu__lambda_0p1,0.8049346094731269,0.7702389997520749,0.1844892835355068
semenergy_triviaqa_qwen3_8b,QA,triviaqa,4392,2094,0.476775956284153,micro__ca_specrage_y_liu__lambda_0p3,0.8030487039516943,0.7680574422256449,0.12503730977083366
semenergy_triviaqa_qwen3_8b,QA,triviaqa,4392,2094,0.476775956284153,micro__ca_specrage_y_liu__lambda_1,0.7986393217639524,0.7610329942347234,0.04803680987212237
semenergy_triviaqa_qwen3_8b,QA,triviaqa,4392,2094,0.476775956284153,micro__ca_specrage_y_liu__lambda_10,0.7900190190714405,0.7491397302601428,0.0014193530562906704
semenergy_triviaqa_qwen3_8b,QA,triviaqa,4392,2094,0.476775956284153,micro__ca_specrage_y_liu__lambda_100,0.7875395988206181,0.7449160640071368,1.6562651788654958e-05
semenergy_triviaqa_qwen3_8b,QA,triviaqa,4392,2094,0.476775956284153,micro__ca_specrage_y_liu__lambda_3,0.793502800907396,0.7534292233146608,0.011152923641602107
semenergy_triviaqa_qwen3_8b,QA,triviaqa,4392,2094,0.476775956284153,micro__ca_specrage_y_liu__lambda_30,0.7884724726372254,0.74686954969706,0.000176566683932136
semenergy_triviaqa_qwen3_8b,QA,triviaqa,4392,2094,0.476775956284153,micro__ca_uniform_alpha_control__lambda_0,0.805718481167545,0.7711870634968545,0.23177162067016607
semenergy_triviaqa_qwen3_8b,QA,triviaqa,4392,2094,0.476775956284153,micro__ca_uniform_alpha_control__lambda_0p1,0.8036627921958632,0.7687485345549028,0.18800758427705538
semenergy_triviaqa_qwen3_8b,QA,triviaqa,4392,2094,0.476775956284153,micro__ca_uniform_alpha_control__lambda_0p3,0.7992565272073304,0.7617384066601488,0.13179451410415127
semenergy_triviaqa_qwen3_8b,QA,triviaqa,4392,2094,0.476775956284153,micro__ca_uniform_alpha_control__lambda_1,0.7902995670002485,0.7491302526356267,0.05503245037512417
semenergy_triviaqa_qwen3_8b,QA,triviaqa,4392,2094,0.476775956284153,micro__ca_uniform_alpha_control__lambda_10,0.7718941681774693,0.7287317622567567,0.001955705196559573
semenergy_triviaqa_qwen3_8b,QA,triviaqa,4392,2094,0.476775956284153,micro__ca_uniform_alpha_control__lambda_100,0.7674852016162885,0.7239934025370568,2.390990100699421e-05
semenergy_triviaqa_qwen3_8b,QA,triviaqa,4392,2094,0.476775956284153,micro__ca_uniform_alpha_control__lambda_3,0.778980393232602,0.734491023032257,0.014168007601124369
semenergy_triviaqa_qwen3_8b,QA,triviaqa,4392,2094,0.476775956284153,micro__ca_uniform_alpha_control__lambda_30,0.7685851573104971,0.7250710545695329,0.0002515427459079515
semenergy_triviaqa_qwen3_8b,QA,triviaqa,4392,2094,0.476775956284153,micro__uniform_y_liu__lambda_0,0.805718481167545,0.7711870634968545,0.23177162067016607
semenergy_triviaqa_qwen3_8b,QA,triviaqa,4392,2094,0.476775956284153,micro__uniform_y_liu__lambda_0p1,0.8051372274217106,0.77023865048239,0.19324888733147394
semenergy_triviaqa_qwen3_8b,QA,triviaqa,4392,2094,0.476775956284153,micro__uniform_y_liu__lambda_0p3,0.8045765471906554,0.7699856498473162,0.14033790496266688
semenergy_triviaqa_qwen3_8b,QA,triviaqa,4392,2094,0.476775956284153,micro__uniform_y_liu__lambda_1,0.8025792537508218,0.7673712828423841,0.06105157505809945
semenergy_triviaqa_qwen3_8b,QA,triviaqa,4392,2094,0.476775956284153,micro__uniform_y_liu__lambda_10,0.7993731104577462,0.7618388444986205,0.0021200376090964824
semenergy_triviaqa_qwen3_8b,QA,triviaqa,4392,2094,0.476775956284153,micro__uniform_y_liu__lambda_100,0.7989188306263575,0.7612247752546734,2.5410489769028016e-05
semenergy_triviaqa_qwen3_8b,QA,triviaqa,4392,2094,0.476775956284153,micro__uniform_y_liu__lambda_3,0.8006418105358007,0.7638484994082976,0.015718152341452407
semenergy_triviaqa_qwen3_8b,QA,triviaqa,4392,2094,0.476775956284153,micro__uniform_y_liu__lambda_30,0.7989431447801876,0.7609651226833545,0.000268951123935057
semenergy_triviaqa_qwen3_8b,QA,triviaqa,4392,2094,0.476775956284153,raw_uniform_liu__lambda_0,0.805718481167545,0.7711870634968545,0.23177162067016607
semenergy_triviaqa_qwen3_8b,QA,triviaqa,4392,2094,0.476775956284153,raw_uniform_liu__lambda_0p1,0.8047311602714209,0.7702330661999814,0.18728512169403017
semenergy_triviaqa_qwen3_8b,QA,triviaqa,4392,2094,0.476775956284153,raw_uniform_liu__lambda_0p3,0.8025821631367502,0.7673811928740877,0.12987480346884037
semenergy_triviaqa_qwen3_8b,QA,triviaqa,4392,2094,0.476775956284153,raw_uniform_liu__lambda_1,0.7974383688153729,0.7589123906582822,0.052110887298321126
semenergy_triviaqa_qwen3_8b,QA,triviaqa,4392,2094,0.476775956284153,raw_uniform_liu__lambda_10,0.7888644084844344,0.7472676878042279,0.00164025278922255
semenergy_triviaqa_qwen3_8b,QA,triviaqa,4392,2094,0.476775956284153,raw_uniform_liu__lambda_100,0.7863600506399403,0.7437940407831416,1.9364943002236535e-05
semenergy_triviaqa_qwen3_8b,QA,triviaqa,4392,2094,0.476775956284153,raw_uniform_liu__lambda_3,0.7921700943389169,0.7512400979804251,0.012583554555889073
semenergy_triviaqa_qwen3_8b,QA,triviaqa,4392,2094,0.476775956284153,raw_uniform_liu__lambda_30,0.7869782951497211,0.74442601054584,0.00020578651708325543
spilled_triviaqa_llama8b,QA,triviaqa,256,6,0.0234375,atomic__adapted_specrage_y_liu__lambda_0,0.932,0.512390873015873,0.2905209287797187
spilled_triviaqa_llama8b,QA,triviaqa,256,6,0.0234375,atomic__adapted_specrage_y_liu__lambda_0p1,0.9326666666666668,0.5125710531960532,0.24525765670155297
spilled_triviaqa_llama8b,QA,triviaqa,256,6,0.0234375,atomic__adapted_specrage_y_liu__lambda_0p3,0.9326666666666666,0.5132309267793138,0.1816560427816503
spilled_triviaqa_llama8b,QA,triviaqa,256,6,0.0234375,atomic__adapted_specrage_y_liu__lambda_1,0.932,0.5130554881828226,0.08222781217617894
spilled_triviaqa_llama8b,QA,triviaqa,256,6,0.0234375,atomic__adapted_specrage_y_liu__lambda_10,0.9326666666666666,0.5030046380318612,0.0030431325191442532
spilled_triviaqa_llama8b,QA,triviaqa,256,6,0.0234375,atomic__adapted_specrage_y_liu__lambda_100,0.9319999999999999,0.5028337562820322,3.6952827600838034e-05
spilled_triviaqa_llama8b,QA,triviaqa,256,6,0.0234375,atomic__adapted_specrage_y_liu__lambda_3,0.9326666666666666,0.5030046380318612,0.022000807621638
spilled_triviaqa_llama8b,QA,triviaqa,256,6,0.0234375,atomic__adapted_specrage_y_liu__lambda_30,0.9319999999999999,0.5028337562820322,0.00038970936844378917
spilled_triviaqa_llama8b,QA,triviaqa,256,6,0.0234375,atomic__ca_global_alpha_control__lambda_0,0.932,0.512390873015873,0.2905209287797187
spilled_triviaqa_llama8b,QA,triviaqa,256,6,0.0234375,atomic__ca_global_alpha_control__lambda_0p1,0.932,0.512390873015873,0.2532047491027998
spilled_triviaqa_llama8b,QA,triviaqa,256,6,0.0234375,atomic__ca_global_alpha_control__lambda_0p3,0.9333333333333333,0.5141269841269841,0.19765443408759004
spilled_triviaqa_llama8b,QA,triviaqa,256,6,0.0234375,atomic__ca_global_alpha_control__lambda_1,0.9319999999999999,0.502046783625731,0.10009140009309116
spilled_triviaqa_llama8b,QA,triviaqa,256,6,0.0234375,atomic__ca_global_alpha_control__lambda_10,0.9319999999999999,0.5028337562820322,0.004534185231625297
spilled_triviaqa_llama8b,QA,triviaqa,256,6,0.0234375,atomic__ca_global_alpha_control__lambda_100,0.9319999999999999,0.5028337562820322,5.762428734714034e-05
spilled_triviaqa_llama8b,QA,triviaqa,256,6,0.0234375,atomic__ca_global_alpha_control__lambda_3,0.9319999999999999,0.5028337562820322,0.030146724475550876
spilled_triviaqa_llama8b,QA,triviaqa,256,6,0.0234375,atomic__ca_global_alpha_control__lambda_30,0.9319999999999999,0.5028337562820322,0.0005999973813454471
spilled_triviaqa_llama8b,QA,triviaqa,256,6,0.0234375,atomic__ca_permuted_alpha_control__lambda_0,0.932,0.512390873015873,0.2905209287797187
spilled_triviaqa_llama8b,QA,triviaqa,256,6,0.0234375,atomic__ca_permuted_alpha_control__lambda_0p1,0.932,0.512390873015873,0.25332916919042364
spilled_triviaqa_llama8b,QA,triviaqa,256,6,0.0234375,atomic__ca_permuted_alpha_control__lambda_0p3,0.9333333333333333,0.5141269841269841,0.19788400222131994
spilled_triviaqa_llama8b,QA,triviaqa,256,6,0.0234375,atomic__ca_permuted_alpha_control__lambda_1,0.9319999999999999,0.502046783625731,0.10032669014968607
spilled_triviaqa_llama8b,QA,triviaqa,256,6,0.0234375,atomic__ca_permuted_alpha_control__lambda_10,0.9319999999999999,0.5028337562820322,0.00455374369247237
spilled_triviaqa_llama8b,QA,triviaqa,256,6,0.0234375,atomic__ca_permuted_alpha_control__lambda_100,0.9319999999999999,0.5028337562820322,5.789865486491761e-05
spilled_triviaqa_llama8b,QA,triviaqa,256,6,0.0234375,atomic__ca_permuted_alpha_control__lambda_3,0.9319999999999999,0.5028337562820322,0.030252288992173283
spilled_triviaqa_llama8b,QA,triviaqa,256,6,0.0234375,atomic__ca_permuted_alpha_control__lambda_30,0.9319999999999999,0.5028337562820322,0.000602778426504594
spilled_triviaqa_llama8b,QA,triviaqa,256,6,0.0234375,atomic__ca_specrage_alpha_liu__lambda_0,0.932,0.512390873015873,0.2905209287797187
spilled_triviaqa_llama8b,QA,triviaqa,256,6,0.0234375,atomic__ca_specrage_alpha_liu__lambda_0p1,0.932,0.512390873015873,0.2533600200987671
spilled_triviaqa_llama8b,QA,triviaqa,256,6,0.0234375,atomic__ca_specrage_alpha_liu__lambda_0p3,0.9333333333333333,0.5141269841269841,0.1979763710024335
spilled_triviaqa_llama8b,QA,triviaqa,256,6,0.0234375,atomic__ca_specrage_alpha_liu__lambda_1,0.9319999999999999,0.502046783625731,0.10047715427630297
spilled_triviaqa_llama8b,QA,triviaqa,256,6,0.0234375,atomic__ca_specrage_alpha_liu__lambda_10,0.9319999999999999,0.5028337562820322,0.004571208504541079
spilled_triviaqa_llama8b,QA,triviaqa,256,6,0.0234375,atomic__ca_specrage_alpha_liu__lambda_100,0.9319999999999999,0.5028337562820322,5.815443323996785e-05
spilled_triviaqa_llama8b,QA,triviaqa,256,6,0.0234375,atomic__ca_specrage_alpha_liu__lambda_3,0.9319999999999999,0.5028337562820322,0.030337422563228647
spilled_triviaqa_llama8b,QA,triviaqa,256,6,0.0234375,atomic__ca_specrage_alpha_liu__lambda_30,0.9319999999999999,0.5028337562820322,0.0006053416981128882
spilled_triviaqa_llama8b,QA,triviaqa,256,6,0.0234375,atomic__ca_specrage_y_liu__lambda_0,0.932,0.512390873015873,0.2905209287797187
spilled_triviaqa_llama8b,QA,triviaqa,256,6,0.0234375,atomic__ca_specrage_y_liu__lambda_0p1,0.9326666666666666,0.5132309267793138,0.24955391285969536
spilled_triviaqa_llama8b,QA,triviaqa,256,6,0.0234375,atomic__ca_specrage_y_liu__lambda_0p3,0.9326666666666666,0.5030046380318612,0.1909420565169905
spilled_triviaqa_llama8b,QA,triviaqa,256,6,0.0234375,atomic__ca_specrage_y_liu__lambda_1,0.9293333333333333,0.4731379731379732,0.09341894047099136
spilled_triviaqa_llama8b,QA,triviaqa,256,6,0.0234375,atomic__ca_specrage_y_liu__lambda_10,0.9193333333333333,0.4234063609063609,0.004017372124698944
spilled_triviaqa_llama8b,QA,triviaqa,256,6,0.0234375,atomic__ca_specrage_y_liu__lambda_100,0.9186666666666666,0.42331871345029237,5.048640662673522e-05
spilled_triviaqa_llama8b,QA,triviaqa,256,6,0.0234375,atomic__ca_specrage_y_liu__lambda_3,0.9213333333333333,0.43024891774891777,0.027274232853239735
spilled_triviaqa_llama8b,QA,triviaqa,256,6,0.0234375,atomic__ca_specrage_y_liu__lambda_30,0.9186666666666666,0.42331871345029237,0.000527331928846631
spilled_triviaqa_llama8b,QA,triviaqa,256,6,0.0234375,atomic__ca_uniform_alpha_control__lambda_0,0.932,0.512390873015873,0.2905209287797187
spilled_triviaqa_llama8b,QA,triviaqa,256,6,0.0234375,atomic__ca_uniform_alpha_control__lambda_0p1,0.9313333333333333,0.4846130952380952,0.2471291796743042
spilled_triviaqa_llama8b,QA,triviaqa,256,6,0.0234375,atomic__ca_uniform_alpha_control__lambda_0p3,0.9313333333333333,0.4846130952380952,0.1851540115564388
spilled_triviaqa_llama8b,QA,triviaqa,256,6,0.0234375,atomic__ca_uniform_alpha_control__lambda_1,0.9313333333333333,0.4846130952380952,0.08565905842766008
spilled_triviaqa_llama8b,QA,triviaqa,256,6,0.0234375,atomic__ca_uniform_alpha_control__lambda_10,0.9313333333333333,0.4846130952380952,0.003279607716963324
spilled_triviaqa_llama8b,QA,triviaqa,256,6,0.0234375,atomic__ca_uniform_alpha_control__lambda_100,0.932,0.4847932754182754,4.010400819369494e-05
spilled_triviaqa_llama8b,QA,triviaqa,256,6,0.0234375,atomic__ca_uniform_alpha_control__lambda_3,0.9313333333333333,0.4846130952380952,0.02339402544924994
spilled_triviaqa_llama8b,QA,triviaqa,256,6,0.0234375,atomic__ca_uniform_alpha_control__lambda_30,0.932,0.4847932754182754,0.00042212112467976415
spilled_triviaqa_llama8b,QA,triviaqa,256,6,0.0234375,atomic__uniform_y_liu__lambda_0,0.932,0.512390873015873,0.2905209287797187
spilled_triviaqa_llama8b,QA,triviaqa,256,6,0.0234375,atomic__uniform_y_liu__lambda_0p1,0.9326666666666668,0.5125710531960532,0.2503640620096409
spilled_triviaqa_llama8b,QA,triviaqa,256,6,0.0234375,atomic__uniform_y_liu__lambda_0p3,0.9326666666666666,0.5132309267793138,0.19163696796588192
spilled_triviaqa_llama8b,QA,triviaqa,256,6,0.0234375,atomic__uniform_y_liu__lambda_1,0.9326666666666666,0.5132309267793138,0.09281171772449329
spilled_triviaqa_llama8b,QA,triviaqa,256,6,0.0234375,atomic__uniform_y_liu__lambda_10,0.9319999999999999,0.502046783625731,0.0038570062733239187
spilled_triviaqa_llama8b,QA,triviaqa,256,6,0.0234375,atomic__uniform_y_liu__lambda_100,0.9319999999999999,0.502046783625731,4.803383252237598e-05
spilled_triviaqa_llama8b,QA,triviaqa,256,6,0.0234375,atomic__uniform_y_liu__lambda_3,0.932,0.5130554881828226,0.026598064193857268
spilled_triviaqa_llama8b,QA,triviaqa,256,6,0.0234375,atomic__uniform_y_liu__lambda_30,0.9319999999999999,0.502046783625731,0.0005030087429777781
spilled_triviaqa_llama8b,QA,triviaqa,256,6,0.0234375,deployed_upcr,0.9299999999999999,0.4658628408628408,0.30461042961940643
spilled_triviaqa_llama8b,QA,triviaqa,256,6,0.0234375,dufs_liu__lambda_0,0.932,0.512390873015873,0.2905209287797187
spilled_triviaqa_llama8b,QA,triviaqa,256,6,0.0234375,dufs_liu__lambda_0p1,0.9326666666666666,0.5132309267793138,0.26153109923168427
spilled_triviaqa_llama8b,QA,triviaqa,256,6,0.0234375,dufs_liu__lambda_0p3,0.9326666666666666,0.5132309267793138,0.21578119449511976
spilled_triviaqa_llama8b,QA,triviaqa,256,6,0.0234375,dufs_liu__lambda_1,0.9326666666666666,0.5030046380318612,0.1241890002327134
spilled_triviaqa_llama8b,QA,triviaqa,256,6,0.0234375,dufs_liu__lambda_10,0.9319999999999999,0.5028337562820322,0.007404813406553562
spilled_triviaqa_llama8b,QA,triviaqa,256,6,0.0234375,dufs_liu__lambda_100,0.9319999999999999,0.5028337562820322,0.00010111924978777002
spilled_triviaqa_llama8b,QA,triviaqa,256,6,0.0234375,dufs_liu__lambda_3,0.9319999999999999,0.5028337562820322,0.043584420781038954
spilled_triviaqa_llama8b,QA,triviaqa,256,6,0.0234375,dufs_liu__lambda_30,0.9319999999999999,0.5028337562820322,0.0010314136526325163
spilled_triviaqa_llama8b,QA,triviaqa,256,6,0.0234375,iu_pcr,0.932,0.512390873015873,0.2905209287797187
spilled_triviaqa_llama8b,QA,triviaqa,256,6,0.0234375,manual__adapted_specrage_y_liu__lambda_0,0.932,0.512390873015873,0.2905209287797187
spilled_triviaqa_llama8b,QA,triviaqa,256,6,0.0234375,manual__adapted_specrage_y_liu__lambda_0p1,0.9313333333333333,0.4846130952380952,0.24454235604060193
spilled_triviaqa_llama8b,QA,triviaqa,256,6,0.0234375,manual__adapted_specrage_y_liu__lambda_0p3,0.932,0.4847932754182754,0.18049069264585416
spilled_triviaqa_llama8b,QA,triviaqa,256,6,0.0234375,manual__adapted_specrage_y_liu__lambda_1,0.9319999999999999,0.4488838153221715,0.08135324358210916
spilled_triviaqa_llama8b,QA,triviaqa,256,6,0.0234375,manual__adapted_specrage_y_liu__lambda_10,0.9313333333333333,0.43627325482164186,0.0030039135836961604
spilled_triviaqa_llama8b,QA,triviaqa,256,6,0.0234375,manual__adapted_specrage_y_liu__lambda_100,0.932,0.43646887297500647,3.647553904428377e-05
spilled_triviaqa_llama8b,QA,triviaqa,256,6,0.0234375,manual__adapted_specrage_y_liu__lambda_3,0.9319999999999999,0.4488838153221715,0.021726411167662472
spilled_triviaqa_llama8b,QA,triviaqa,256,6,0.0234375,manual__adapted_specrage_y_liu__lambda_30,0.932,0.43646887297500647,0.0003846744531494885
spilled_triviaqa_llama8b,QA,triviaqa,256,6,0.0234375,manual__ca_global_alpha_control__lambda_0,0.932,0.512390873015873,0.2905209287797187
spilled_triviaqa_llama8b,QA,triviaqa,256,6,0.0234375,manual__ca_global_alpha_control__lambda_0p1,0.9326666666666666,0.5132309267793138,0.2599144815419526
spilled_triviaqa_llama8b,QA,triviaqa,256,6,0.0234375,manual__ca_global_alpha_control__lambda_0p3,0.9319999999999999,0.502046783625731,0.21250686022101622
spilled_triviaqa_llama8b,QA,triviaqa,256,6,0.0234375,manual__ca_global_alpha_control__lambda_1,0.9319999999999999,0.5028337562820322,0.1199959964848078
spilled_triviaqa_llama8b,QA,triviaqa,256,6,0.0234375,manual__ca_global_alpha_control__lambda_10,0.9293333333333333,0.4731379731379732,0.00686212434322704
spilled_triviaqa_llama8b,QA,triviaqa,256,6,0.0234375,manual__ca_global_alpha_control__lambda_100,0.9293333333333333,0.4731379731379732,9.262713081382233e-05
spilled_triviaqa_llama8b,QA,triviaqa,256,6,0.0234375,manual__ca_global_alpha_control__lambda_3,0.9299999999999999,0.48504273504273504,0.041163692705512366
spilled_triviaqa_llama8b,QA,triviaqa,256,6,0.0234375,manual__ca_global_alpha_control__lambda_30,0.9293333333333333,0.4731379731379732,0.0009479732699635962
spilled_triviaqa_llama8b,QA,triviaqa,256,6,0.0234375,manual__ca_permuted_alpha_control__lambda_0,0.932,0.512390873015873,0.2905209287797187
spilled_triviaqa_llama8b,QA,triviaqa,256,6,0.0234375,manual__ca_permuted_alpha_control__lambda_0p1,0.9326666666666666,0.5132309267793138,0.26005078714811297
spilled_triviaqa_llama8b,QA,triviaqa,256,6,0.0234375,manual__ca_permuted_alpha_control__lambda_0p3,0.9319999999999999,0.502046783625731,0.21283788808001508
spilled_triviaqa_llama8b,QA,triviaqa,256,6,0.0234375,manual__ca_permuted_alpha_control__lambda_1,0.9319999999999999,0.5028337562820322,0.12050153369938915
spilled_triviaqa_llama8b,QA,triviaqa,256,6,0.0234375,manual__ca_permuted_alpha_control__lambda_10,0.9293333333333333,0.4731379731379732,0.006934567083279358
spilled_triviaqa_llama8b,QA,triviaqa,256,6,0.0234375,manual__ca_permuted_alpha_control__lambda_100,0.9279999999999999,0.4714018620268621,9.37699809381479e-05
spilled_triviaqa_llama8b,QA,triviaqa,256,6,0.0234375,manual__ca_permuted_alpha_control__lambda_3,0.9299999999999999,0.48504273504273504,0.04147861367788444
spilled_triviaqa_llama8b,QA,triviaqa,256,6,0.0234375,manual__ca_permuted_alpha_control__lambda_30,0.9286666666666666,0.47224191579030295,0.0009591808096345003
spilled_triviaqa_llama8b,QA,triviaqa,256,6,0.0234375,manual__ca_specrage_alpha_liu__lambda_0,0.932,0.512390873015873,0.2905209287797187
spilled_triviaqa_llama8b,QA,triviaqa,256,6,0.0234375,manual__ca_specrage_alpha_liu__lambda_0p1,0.9326666666666666,0.5132309267793138,0.25949359083873647
spilled_triviaqa_llama8b,QA,triviaqa,256,6,0.0234375,manual__ca_specrage_alpha_liu__lambda_0p3,0.932,0.5130554881828226,0.21146450975385153
spilled_triviaqa_llama8b,QA,triviaqa,256,6,0.0234375,manual__ca_specrage_alpha_liu__lambda_1,0.9319999999999999,0.5028337562820322,0.11838576588690045
spilled_triviaqa_llama8b,QA,triviaqa,256,6,0.0234375,manual__ca_specrage_alpha_liu__lambda_10,0.9299999999999999,0.48504273504273504,0.006633186879706099
spilled_triviaqa_llama8b,QA,triviaqa,256,6,0.0234375,manual__ca_specrage_alpha_liu__lambda_100,0.9299999999999999,0.48504273504273504,8.903043201441414e-05
spilled_triviaqa_llama8b,QA,triviaqa,256,6,0.0234375,manual__ca_specrage_alpha_liu__lambda_3,0.9306666666666666,0.4852092352092352,0.040162816049377936
spilled_triviaqa_llama8b,QA,triviaqa,256,6,0.0234375,manual__ca_specrage_alpha_liu__lambda_30,0.9299999999999999,0.48504273504273504,0.0009126578861063757
spilled_triviaqa_llama8b,QA,triviaqa,256,6,0.0234375,manual__ca_specrage_y_liu__lambda_0,0.932,0.512390873015873,0.2905209287797187
spilled_triviaqa_llama8b,QA,triviaqa,256,6,0.0234375,manual__ca_specrage_y_liu__lambda_0p1,0.9326666666666668,0.5125710531960532,0.24741373461068178
spilled_triviaqa_llama8b,QA,triviaqa,256,6,0.0234375,manual__ca_specrage_y_liu__lambda_0p3,0.9326666666666666,0.5132309267793138,0.1858592240901237
spilled_triviaqa_llama8b,QA,triviaqa,256,6,0.0234375,manual__ca_specrage_y_liu__lambda_1,0.932,0.5130554881828226,0.0866232779546385
spilled_triviaqa_llama8b,QA,triviaqa,256,6,0.0234375,manual__ca_specrage_y_liu__lambda_10,0.9319999999999999,0.5028337562820322,0.0033685688417654175
spilled_triviaqa_llama8b,QA,triviaqa,256,6,0.0234375,manual__ca_specrage_y_liu__lambda_100,0.9319999999999999,0.5028337562820322,4.1341424552679324e-05
spilled_triviaqa_llama8b,QA,triviaqa,256,6,0.0234375,manual__ca_specrage_y_liu__lambda_3,0.9326666666666666,0.5030046380318612,0.02387031986894341
spilled_triviaqa_llama8b,QA,triviaqa,256,6,0.0234375,manual__ca_specrage_y_liu__lambda_30,0.9319999999999999,0.5028337562820322,0.0004347031156748827
spilled_triviaqa_llama8b,QA,triviaqa,256,6,0.0234375,manual__ca_uniform_alpha_control__lambda_0,0.932,0.512390873015873,0.2905209287797187
spilled_triviaqa_llama8b,QA,triviaqa,256,6,0.0234375,manual__ca_uniform_alpha_control__lambda_0p1,0.9313333333333333,0.4846130952380952,0.25315259856216593
spilled_triviaqa_llama8b,QA,triviaqa,256,6,0.0234375,manual__ca_uniform_alpha_control__lambda_0p3,0.9313333333333333,0.4846130952380952,0.1972069932129463
spilled_triviaqa_llama8b,QA,triviaqa,256,6,0.0234375,manual__ca_uniform_alpha_control__lambda_1,0.9313333333333333,0.4846130952380952,0.09908953388268302
spilled_triviaqa_llama8b,QA,triviaqa,256,6,0.0234375,manual__ca_uniform_alpha_control__lambda_10,0.9313333333333333,0.4846130952380952,0.004404842440933738
spilled_triviaqa_llama8b,QA,triviaqa,256,6,0.0234375,manual__ca_uniform_alpha_control__lambda_100,0.9313333333333333,0.4846130952380952,5.5715337798238245e-05
spilled_triviaqa_llama8b,QA,triviaqa,256,6,0.0234375,manual__ca_uniform_alpha_control__lambda_3,0.9313333333333333,0.4846130952380952,0.02953123400625341
spilled_triviaqa_llama8b,QA,triviaqa,256,6,0.0234375,manual__ca_uniform_alpha_control__lambda_30,0.9313333333333333,0.4846130952380952,0.0005809029270164565
spilled_triviaqa_llama8b,QA,triviaqa,256,6,0.0234375,manual__uniform_y_liu__lambda_0,0.932,0.512390873015873,0.2905209287797187
spilled_triviaqa_llama8b,QA,triviaqa,256,6,0.0234375,manual__uniform_y_liu__lambda_0p1,0.9313333333333333,0.4846130952380952,0.24690720324820223
spilled_triviaqa_llama8b,QA,triviaqa,256,6,0.0234375,manual__uniform_y_liu__lambda_0p3,0.9313333333333333,0.4846130952380952,0.1847034771658314
spilled_triviaqa_llama8b,QA,triviaqa,256,6,0.0234375,manual__uniform_y_liu__lambda_1,0.9313333333333333,0.4846130952380952,0.08516026596029819
spilled_triviaqa_llama8b,QA,triviaqa,256,6,0.0234375,manual__uniform_y_liu__lambda_10,0.9313333333333333,0.4846130952380952,0.0032405015963218532
spilled_triviaqa_llama8b,QA,triviaqa,256,6,0.0234375,manual__uniform_y_liu__lambda_100,0.9313333333333333,0.4846130952380952,3.9572038758670786e-05
spilled_triviaqa_llama8b,QA,triviaqa,256,6,0.0234375,manual__uniform_y_liu__lambda_3,0.9313333333333333,0.4846130952380952,0.023173665940897016
spilled_triviaqa_llama8b,QA,triviaqa,256,6,0.0234375,manual__uniform_y_liu__lambda_30,0.9313333333333333,0.4846130952380952,0.00041667987825136615
spilled_triviaqa_llama8b,QA,triviaqa,256,6,0.0234375,micro__adapted_specrage_y_liu__lambda_0,0.932,0.512390873015873,0.2905209287797187
spilled_triviaqa_llama8b,QA,triviaqa,256,6,0.0234375,micro__adapted_specrage_y_liu__lambda_0p1,0.9313333333333333,0.4846130952380952,0.24858640634585122
spilled_triviaqa_llama8b,QA,triviaqa,256,6,0.0234375,micro__adapted_specrage_y_liu__lambda_0p3,0.9313333333333333,0.4846130952380952,0.18806818757857852
spilled_triviaqa_llama8b,QA,triviaqa,256,6,0.0234375,micro__adapted_specrage_y_liu__lambda_1,0.932,0.4847932754182754,0.0888424651850455
spilled_triviaqa_llama8b,QA,triviaqa,256,6,0.0234375,micro__adapted_specrage_y_liu__lambda_10,0.9306666666666668,0.45622184684684686,0.003529949462292376
spilled_triviaqa_llama8b,QA,triviaqa,256,6,0.0234375,micro__adapted_specrage_y_liu__lambda_100,0.9313333333333333,0.4564069634703196,4.351950584383432e-05
spilled_triviaqa_llama8b,QA,triviaqa,256,6,0.0234375,micro__adapted_specrage_y_liu__lambda_3,0.9313333333333333,0.47288851351351346,0.024799420059096883
spilled_triviaqa_llama8b,QA,triviaqa,256,6,0.0234375,micro__adapted_specrage_y_liu__lambda_30,0.9313333333333333,0.4564069634703196,0.0004570258431307209
spilled_triviaqa_llama8b,QA,triviaqa,256,6,0.0234375,micro__ca_global_alpha_control__lambda_0,0.932,0.512390873015873,0.2905209287797187
spilled_triviaqa_llama8b,QA,triviaqa,256,6,0.0234375,micro__ca_global_alpha_control__lambda_0p1,0.932,0.512390873015873,0.2565831598145494
spilled_triviaqa_llama8b,QA,triviaqa,256,6,0.0234375,micro__ca_global_alpha_control__lambda_0p3,0.932,0.512390873015873,0.2043935096690157
spilled_triviaqa_llama8b,QA,triviaqa,256,6,0.0234375,micro__ca_global_alpha_control__lambda_1,0.9326666666666668,0.5125710531960532,0.1079332227789778
spilled_triviaqa_llama8b,QA,triviaqa,256,6,0.0234375,micro__ca_global_alpha_control__lambda_10,0.9326666666666668,0.5125710531960532,0.005297192536158082
spilled_triviaqa_llama8b,QA,triviaqa,256,6,0.0234375,micro__ca_global_alpha_control__lambda_100,0.9326666666666668,0.5125710531960532,6.864361129112898e-05
spilled_triviaqa_llama8b,QA,triviaqa,256,6,0.0234375,micro__ca_global_alpha_control__lambda_3,0.9326666666666668,0.5125710531960532,0.0340319788300171
spilled_triviaqa_llama8b,QA,triviaqa,256,6,0.0234375,micro__ca_global_alpha_control__lambda_30,0.9326666666666668,0.5125710531960532,0.0007108001830513296
spilled_triviaqa_llama8b,QA,triviaqa,256,6,0.0234375,micro__ca_permuted_alpha_control__lambda_0,0.932,0.512390873015873,0.2905209287797187
spilled_triviaqa_llama8b,QA,triviaqa,256,6,0.0234375,micro__ca_permuted_alpha_control__lambda_0p1,0.932,0.512390873015873,0.2565929302631854
spilled_triviaqa_llama8b,QA,triviaqa,256,6,0.0234375,micro__ca_permuted_alpha_control__lambda_0p3,0.932,0.512390873015873,0.20442513677774557
spilled_triviaqa_llama8b,QA,triviaqa,256,6,0.0234375,micro__ca_permuted_alpha_control__lambda_1,0.932,0.512390873015873,0.10798804082739331
spilled_triviaqa_llama8b,QA,triviaqa,256,6,0.0234375,micro__ca_permuted_alpha_control__lambda_10,0.9326666666666666,0.5132309267793138,0.0053042378491073
spilled_triviaqa_llama8b,QA,triviaqa,256,6,0.0234375,micro__ca_permuted_alpha_control__lambda_100,0.9326666666666666,0.5132309267793138,6.874949717196213e-05
spilled_triviaqa_llama8b,QA,triviaqa,256,6,0.0234375,micro__ca_permuted_alpha_control__lambda_3,0.932,0.512390873015873,0.03406482515658263
spilled_triviaqa_llama8b,QA,triviaqa,256,6,0.0234375,micro__ca_permuted_alpha_control__lambda_30,0.9326666666666666,0.5132309267793138,0.0007118535121842271
spilled_triviaqa_llama8b,QA,triviaqa,256,6,0.0234375,micro__ca_specrage_alpha_liu__lambda_0,0.932,0.512390873015873,0.2905209287797187
spilled_triviaqa_llama8b,QA,triviaqa,256,6,0.0234375,micro__ca_specrage_alpha_liu__lambda_0p1,0.9313333333333333,0.4846130952380952,0.25626629970781406
spilled_triviaqa_llama8b,QA,triviaqa,256,6,0.0234375,micro__ca_specrage_alpha_liu__lambda_0p3,0.9313333333333333,0.4846130952380952,0.20380547050576656
spilled_triviaqa_llama8b,QA,triviaqa,256,6,0.0234375,micro__ca_specrage_alpha_liu__lambda_1,0.9313333333333333,0.4846130952380952,0.1072979797641771
spilled_triviaqa_llama8b,QA,triviaqa,256,6,0.0234375,micro__ca_specrage_alpha_liu__lambda_10,0.9313333333333333,0.47288851351351346,0.005237037380335369
spilled_triviaqa_llama8b,QA,triviaqa,256,6,0.0234375,micro__ca_specrage_alpha_liu__lambda_100,0.9319999999999999,0.47307363013698633,6.777260063768858e-05
spilled_triviaqa_llama8b,QA,triviaqa,256,6,0.0234375,micro__ca_specrage_alpha_liu__lambda_3,0.932,0.4847932754182754,0.03372510445311655
spilled_triviaqa_llama8b,QA,triviaqa,256,6,0.0234375,micro__ca_specrage_alpha_liu__lambda_30,0.9313333333333333,0.47288851351351346,0.0007020501277608715
spilled_triviaqa_llama8b,QA,triviaqa,256,6,0.0234375,micro__ca_specrage_y_liu__lambda_0,0.932,0.512390873015873,0.2905209287797187
spilled_triviaqa_llama8b,QA,triviaqa,256,6,0.0234375,micro__ca_specrage_y_liu__lambda_0p1,0.9313333333333333,0.4846130952380952,0.2530029794877634
spilled_triviaqa_llama8b,QA,triviaqa,256,6,0.0234375,micro__ca_specrage_y_liu__lambda_0p3,0.9313333333333333,0.4846130952380952,0.19711201890457514
spilled_triviaqa_llama8b,QA,triviaqa,256,6,0.0234375,micro__ca_specrage_y_liu__lambda_1,0.9306666666666668,0.45622184684684686,0.09926308435806747
spilled_triviaqa_llama8b,QA,triviaqa,256,6,0.0234375,micro__ca_specrage_y_liu__lambda_10,0.9319999999999999,0.4488838153221715,0.004441458413452267
spilled_triviaqa_llama8b,QA,triviaqa,256,6,0.0234375,micro__ca_specrage_y_liu__lambda_100,0.9319999999999999,0.4488838153221715,5.627351512435228e-05
spilled_triviaqa_llama8b,QA,triviaqa,256,6,0.0234375,micro__ca_specrage_y_liu__lambda_3,0.9326666666666666,0.4581430745814308,0.02968953782401589
spilled_triviaqa_llama8b,QA,triviaqa,256,6,0.0234375,micro__ca_specrage_y_liu__lambda_30,0.9319999999999999,0.4488838153221715,0.0005864408966566471
spilled_triviaqa_llama8b,QA,triviaqa,256,6,0.0234375,micro__ca_uniform_alpha_control__lambda_0,0.932,0.512390873015873,0.2905209287797187
spilled_triviaqa_llama8b,QA,triviaqa,256,6,0.0234375,micro__ca_uniform_alpha_control__lambda_0p1,0.932,0.512390873015873,0.2559649627098479
spilled_triviaqa_llama8b,QA,triviaqa,256,6,0.0234375,micro__ca_uniform_alpha_control__lambda_0p3,0.932,0.512390873015873,0.203070397798172
spilled_triviaqa_llama8b,QA,triviaqa,256,6,0.0234375,micro__ca_uniform_alpha_control__lambda_1,0.932,0.512390873015873,0.10624127818305135
spilled_triviaqa_llama8b,QA,triviaqa,256,6,0.0234375,micro__ca_uniform_alpha_control__lambda_10,0.932,0.512390873015873,0.005115020648877304
spilled_triviaqa_llama8b,QA,triviaqa,256,6,0.0234375,micro__ca_uniform_alpha_control__lambda_100,0.932,0.512390873015873,6.596449530105635e-05
spilled_triviaqa_llama8b,QA,triviaqa,256,6,0.0234375,micro__ca_uniform_alpha_control__lambda_3,0.932,0.512390873015873,0.03313765927858083
spilled_triviaqa_llama8b,QA,triviaqa,256,6,0.0234375,micro__ca_uniform_alpha_control__lambda_30,0.932,0.512390873015873,0.0006839952118078386
spilled_triviaqa_llama8b,QA,triviaqa,256,6,0.0234375,micro__uniform_y_liu__lambda_0,0.932,0.512390873015873,0.2905209287797187
spilled_triviaqa_llama8b,QA,triviaqa,256,6,0.0234375,micro__uniform_y_liu__lambda_0p1,0.932,0.512390873015873,0.24842155644219163
spilled_triviaqa_llama8b,QA,triviaqa,256,6,0.0234375,micro__uniform_y_liu__lambda_0p3,0.9326666666666668,0.5125710531960532,0.18767135535749904
spilled_triviaqa_llama8b,QA,triviaqa,256,6,0.0234375,micro__uniform_y_liu__lambda_1,0.932,0.512390873015873,0.08831399722703615
spilled_triviaqa_llama8b,QA,triviaqa,256,6,0.0234375,micro__uniform_y_liu__lambda_10,0.9326666666666666,0.5132309267793138,0.0034814361474227945
spilled_triviaqa_llama8b,QA,triviaqa,256,6,0.0234375,micro__uniform_y_liu__lambda_100,0.9326666666666666,0.5132309267793138,4.2843274172172734e-05
spilled_triviaqa_llama8b,QA,triviaqa,256,6,0.0234375,micro__uniform_y_liu__lambda_3,0.9326666666666666,0.5132309267793138,0.02454007330434471
spilled_triviaqa_llama8b,QA,triviaqa,256,6,0.0234375,micro__uniform_y_liu__lambda_30,0.9326666666666666,0.5132309267793138,0.00045015454232083833
spilled_triviaqa_llama8b,QA,triviaqa,256,6,0.0234375,raw_uniform_liu__lambda_0,0.932,0.512390873015873,0.2905209287797187
spilled_triviaqa_llama8b,QA,triviaqa,256,6,0.0234375,raw_uniform_liu__lambda_0p1,0.932,0.512390873015873,0.2560062472594495
spilled_triviaqa_llama8b,QA,triviaqa,256,6,0.0234375,raw_uniform_liu__lambda_0p3,0.932,0.512390873015873,0.20315789250247712
spilled_triviaqa_llama8b,QA,triviaqa,256,6,0.0234375,raw_uniform_liu__lambda_1,0.932,0.512390873015873,0.10635163531985531
spilled_triviaqa_llama8b,QA,triviaqa,256,6,0.0234375,raw_uniform_liu__lambda_10,0.932,0.512390873015873,0.005126685354447755
spilled_triviaqa_llama8b,QA,triviaqa,256,6,0.0234375,raw_uniform_liu__lambda_100,0.932,0.512390873015873,6.613535861402253e-05
spilled_triviaqa_llama8b,QA,triviaqa,256,6,0.0234375,raw_uniform_liu__lambda_3,0.932,0.512390873015873,0.03319534647082008
spilled_triviaqa_llama8b,QA,triviaqa,256,6,0.0234375,raw_uniform_liu__lambda_30,0.932,0.512390873015873,0.0006857066487561232
truthfulqa_llama8b,QA,truthfulqa,7633,809,0.10598716101139788,atomic__adapted_specrage_y_liu__lambda_0,0.6615596882666718,0.1905679328489564,0.2051586934229949
truthfulqa_llama8b,QA,truthfulqa,7633,809,0.10598716101139788,atomic__adapted_specrage_y_liu__lambda_0p1,0.6606652228664338,0.1898864028762685,0.17250358792031203
truthfulqa_llama8b,QA,truthfulqa,7633,809,0.10598716101139788,atomic__adapted_specrage_y_liu__lambda_0p3,0.6593188151467155,0.1889636075781592,0.12731498338626857
truthfulqa_llama8b,QA,truthfulqa,7633,809,0.10598716101139788,atomic__adapted_specrage_y_liu__lambda_1,0.6567055198188029,0.1872962936247895,0.05770601926391514
truthfulqa_llama8b,QA,truthfulqa,7633,809,0.10598716101139788,atomic__adapted_specrage_y_liu__lambda_10,0.6530613612683801,0.18495924003354028,0.002179486982008205
truthfulqa_llama8b,QA,truthfulqa,7633,809,0.10598716101139788,atomic__adapted_specrage_y_liu__lambda_100,0.6522911573635987,0.18427948148972867,2.6636332770841126e-05
truthfulqa_llama8b,QA,truthfulqa,7633,809,0.10598716101139788,atomic__adapted_specrage_y_liu__lambda_3,0.6544293245536368,0.185498150971223,0.01559437864070908
truthfulqa_llama8b,QA,truthfulqa,7633,809,0.10598716101139788,atomic__adapted_specrage_y_liu__lambda_30,0.6525259137748396,0.1845140799920846,0.0002803906254018922
truthfulqa_llama8b,QA,truthfulqa,7633,809,0.10598716101139788,atomic__ca_global_alpha_control__lambda_0,0.6615596882666718,0.1905679328489564,0.2051586934229949
truthfulqa_llama8b,QA,truthfulqa,7633,809,0.10598716101139788,atomic__ca_global_alpha_control__lambda_0p1,0.6618850142810151,0.19053968044262057,0.1741382807568781
truthfulqa_llama8b,QA,truthfulqa,7633,809,0.10598716101139788,atomic__ca_global_alpha_control__lambda_0p3,0.6623438398903311,0.19079363966280397,0.1300767384247169
truthfulqa_llama8b,QA,truthfulqa,7633,809,0.10598716101139788,atomic__ca_global_alpha_control__lambda_1,0.6632272557989904,0.19148989748690315,0.05989437339835956
truthfulqa_llama8b,QA,truthfulqa,7633,809,0.10598716101139788,atomic__ca_global_alpha_control__lambda_10,0.6642365634559622,0.19310707557735562,0.0022817675833288922
truthfulqa_llama8b,QA,truthfulqa,7633,809,0.10598716101139788,atomic__ca_global_alpha_control__lambda_100,0.6643925243125044,0.1932836584696302,2.7881938909863404e-05
truthfulqa_llama8b,QA,truthfulqa,7633,809,0.10598716101139788,atomic__ca_global_alpha_control__lambda_3,0.6638900441544929,0.19253594380038064,0.016303276511850606
truthfulqa_llama8b,QA,truthfulqa,7633,809,0.10598716101139788,atomic__ca_global_alpha_control__lambda_30,0.6643599192553875,0.1933024723168111,0.0002935321387673606
truthfulqa_llama8b,QA,truthfulqa,7633,809,0.10598716101139788,atomic__ca_permuted_alpha_control__lambda_0,0.6615596882666718,0.1905679328489564,0.2051586934229949
truthfulqa_llama8b,QA,truthfulqa,7633,809,0.10598716101139788,atomic__ca_permuted_alpha_control__lambda_0p1,0.6618853765594274,0.19053876259204067,0.1741347596106
truthfulqa_llama8b,QA,truthfulqa,7633,809,0.10598716101139788,atomic__ca_permuted_alpha_control__lambda_0p3,0.6623324281203402,0.19079820538808126,0.13006807108182217
truthfulqa_llama8b,QA,truthfulqa,7633,809,0.10598716101139788,atomic__ca_permuted_alpha_control__lambda_1,0.6632201913699486,0.19159562413107845,0.05988217584163915
truthfulqa_llama8b,QA,truthfulqa,7633,809,0.10598716101139788,atomic__ca_permuted_alpha_control__lambda_10,0.6641863878958436,0.19293302651735927,0.002280580248375987
truthfulqa_llama8b,QA,truthfulqa,7633,809,0.10598716101139788,atomic__ca_permuted_alpha_control__lambda_100,0.6643733235566466,0.19330766233119662,2.786527050986312e-05
truthfulqa_llama8b,QA,truthfulqa,7633,809,0.10598716101139788,atomic__ca_permuted_alpha_control__lambda_3,0.6638558088445202,0.19232037442578764,0.01629704382056671
truthfulqa_llama8b,QA,truthfulqa,7633,809,0.10598716101139788,atomic__ca_permuted_alpha_control__lambda_30,0.6643341974881063,0.1931850255955453,0.0002933630760934098
truthfulqa_llama8b,QA,truthfulqa,7633,809,0.10598716101139788,atomic__ca_specrage_alpha_liu__lambda_0,0.6615596882666718,0.1905679328489564,0.2051586934229949
truthfulqa_llama8b,QA,truthfulqa,7633,809,0.10598716101139788,atomic__ca_specrage_alpha_liu__lambda_0p1,0.6618225212548745,0.19051418532640688,0.1743540605862048
truthfulqa_llama8b,QA,truthfulqa,7633,809,0.10598716101139788,atomic__ca_specrage_alpha_liu__lambda_0p3,0.6622367866194643,0.19082637010409303,0.13046937667580596
truthfulqa_llama8b,QA,truthfulqa,7633,809,0.10598716101139788,atomic__ca_specrage_alpha_liu__lambda_1,0.6629396067395379,0.19129414772080008,0.060258971783435186
truthfulqa_llama8b,QA,truthfulqa,7633,809,0.10598716101139788,atomic__ca_specrage_alpha_liu__lambda_10,0.6637887873382246,0.19228264707227338,0.002304834402199458
truthfulqa_llama8b,QA,truthfulqa,7633,809,0.10598716101139788,atomic__ca_specrage_alpha_liu__lambda_100,0.6639262719957337,0.1925716149391064,2.818423194749386e-05
truthfulqa_llama8b,QA,truthfulqa,7633,809,0.10598716101139788,atomic__ca_specrage_alpha_liu__lambda_3,0.6635123689095564,0.19215062718565618,0.016443760474523023
truthfulqa_llama8b,QA,truthfulqa,7633,809,0.10598716101139788,atomic__ca_specrage_alpha_liu__lambda_30,0.6638945726346479,0.19253847482105724,0.0002966556994712327
truthfulqa_llama8b,QA,truthfulqa,7633,809,0.10598716101139788,atomic__ca_specrage_y_liu__lambda_0,0.6615596882666718,0.1905679328489564,0.2051586934229949
truthfulqa_llama8b,QA,truthfulqa,7633,809,0.10598716101139788,atomic__ca_specrage_y_liu__lambda_0p1,0.6601641918220722,0.1893103547864924,0.17306633769541216
truthfulqa_llama8b,QA,truthfulqa,7633,809,0.10598716101139788,atomic__ca_specrage_y_liu__lambda_0p3,0.6579850871714316,0.18825714547109812,0.12902889599526127
truthfulqa_llama8b,QA,truthfulqa,7633,809,0.10598716101139788,atomic__ca_specrage_y_liu__lambda_1,0.6538114587212731,0.18519116632598204,0.060551405584196895
truthfulqa_llama8b,QA,truthfulqa,7633,809,0.10598716101139788,atomic__ca_specrage_y_liu__lambda_10,0.6477101468386861,0.18086327813496006,0.00249376415951522
truthfulqa_llama8b,QA,truthfulqa,7633,809,0.10598716101139788,atomic__ca_specrage_y_liu__lambda_100,0.6465937859108476,0.1798536837267548,3.114861358420315e-05
truthfulqa_llama8b,QA,truthfulqa,7633,809,0.10598716101139788,atomic__ca_specrage_y_liu__lambda_3,0.6500435820930128,0.18248372558773404,0.017172506093391635
truthfulqa_llama8b,QA,truthfulqa,7633,809,0.10598716101139788,atomic__ca_specrage_y_liu__lambda_30,0.6468859634504555,0.17998202078847175,0.00032587278682771496
truthfulqa_llama8b,QA,truthfulqa,7633,809,0.10598716101139788,atomic__ca_uniform_alpha_control__lambda_0,0.6615596882666718,0.1905679328489564,0.2051586934229949
truthfulqa_llama8b,QA,truthfulqa,7633,809,0.10598716101139788,atomic__ca_uniform_alpha_control__lambda_0p1,0.6620114494469457,0.19070061083240297,0.1738731461549968
truthfulqa_llama8b,QA,truthfulqa,7633,809,0.10598716101139788,atomic__ca_uniform_alpha_control__lambda_0p3,0.66268655526847,0.19106923186074237,0.12964432271627255
truthfulqa_llama8b,QA,truthfulqa,7633,809,0.10598716101139788,atomic__ca_uniform_alpha_control__lambda_1,0.6638949349130603,0.19253854906616957,0.059585954857162664
truthfulqa_llama8b,QA,truthfulqa,7633,809,0.10598716101139788,atomic__ca_uniform_alpha_control__lambda_10,0.6652802875621127,0.19492112894526858,0.0022717766193292546
truthfulqa_llama8b,QA,truthfulqa,7633,809,0.10598716101139788,atomic__ca_uniform_alpha_control__lambda_100,0.6654952997998773,0.1986543764986745,2.7776748953895026e-05
truthfulqa_llama8b,QA,truthfulqa,7633,809,0.10598716101139788,atomic__ca_uniform_alpha_control__lambda_3,0.6647600557618932,0.1935934354745678,0.016219390535815743
truthfulqa_llama8b,QA,truthfulqa,7633,809,0.10598716101139788,atomic__ca_uniform_alpha_control__lambda_30,0.6654261046231073,0.19481002439070486,0.00029237146650344713
truthfulqa_llama8b,QA,truthfulqa,7633,809,0.10598716101139788,atomic__uniform_y_liu__lambda_0,0.6615596882666718,0.1905679328489564,0.2051586934229949
truthfulqa_llama8b,QA,truthfulqa,7633,809,0.10598716101139788,atomic__uniform_y_liu__lambda_0p1,0.6604387988586781,0.18944579685421362,0.1729762721539621
truthfulqa_llama8b,QA,truthfulqa,7633,809,0.10598716101139788,atomic__uniform_y_liu__lambda_0p3,0.6586933414676913,0.188556594454568,0.12847841866109466
truthfulqa_llama8b,QA,truthfulqa,7633,809,0.10598716101139788,atomic__uniform_y_liu__lambda_1,0.6554110990512653,0.18627539782162933,0.05933064958720418
truthfulqa_llama8b,QA,truthfulqa,7633,809,0.10598716101139788,atomic__uniform_y_liu__lambda_10,0.6506527532434786,0.18313576793079733,0.0023379279354084227
truthfulqa_llama8b,QA,truthfulqa,7633,809,0.10598716101139788,atomic__uniform_y_liu__lambda_100,0.6497695184740253,0.18224682195648018,2.886846246951499e-05
truthfulqa_llama8b,QA,truthfulqa,7633,809,0.10598716101139788,atomic__uniform_y_liu__lambda_3,0.6525317102294381,0.1845179328663052,0.01642300697650021
truthfulqa_llama8b,QA,truthfulqa,7633,809,0.10598716101139788,atomic__uniform_y_liu__lambda_30,0.650026917286042,0.18247326877348924,0.00030300585905625914
truthfulqa_llama8b,QA,truthfulqa,7633,809,0.10598716101139788,deployed_upcr,0.6607353237392349,0.1885029130163223,0.2552894738222997
truthfulqa_llama8b,QA,truthfulqa,7633,809,0.10598716101139788,dufs_liu__lambda_0,0.6615596882666718,0.1905679328489564,0.2051586934229949
truthfulqa_llama8b,QA,truthfulqa,7633,809,0.10598716101139788,dufs_liu__lambda_0p1,0.6601734299215886,0.18931278176648092,0.17813629548818577
truthfulqa_llama8b,QA,truthfulqa,7633,809,0.10598716101139788,dufs_liu__lambda_0p3,0.6581678566304919,0.18841718727235562,0.13904413936086535
truthfulqa_llama8b,QA,truthfulqa,7633,809,0.10598716101139788,dufs_liu__lambda_1,0.6547283853830804,0.18570489733439516,0.07156708074666276
truthfulqa_llama8b,QA,truthfulqa,7633,809,0.10598716101139788,dufs_liu__lambda_10,0.6504641873298198,0.18269219493123862,0.0034447597732939956
truthfulqa_llama8b,QA,truthfulqa,7633,809,0.10598716101139788,dufs_liu__lambda_100,0.6497486874653119,0.18221865397898632,4.4542784314321004e-05
truthfulqa_llama8b,QA,truthfulqa,7633,809,0.10598716101139788,dufs_liu__lambda_3,0.6520333962731696,0.18418383147588874,0.02225577119535428
truthfulqa_llama8b,QA,truthfulqa,7633,809,0.10598716101139788,dufs_liu__lambda_30,0.6499582655268905,0.18238253840025478,0.000461492465265567
truthfulqa_llama8b,QA,truthfulqa,7633,809,0.10598716101139788,iu_pcr,0.6615596882666718,0.1905679328489564,0.2051586934229949
truthfulqa_llama8b,QA,truthfulqa,7633,809,0.10598716101139788,manual__adapted_specrage_y_liu__lambda_0,0.6615596882666718,0.1905679328489564,0.2051586934229949
truthfulqa_llama8b,QA,truthfulqa,7633,809,0.10598716101139788,manual__adapted_specrage_y_liu__lambda_0p1,0.661118976577976,0.19012233278462798,0.17620563712982185
truthfulqa_llama8b,QA,truthfulqa,7633,809,0.10598716101139788,manual__adapted_specrage_y_liu__lambda_0p3,0.6605326289674921,0.18961914644603653,0.13415940320700454
truthfulqa_llama8b,QA,truthfulqa,7633,809,0.10598716101139788,manual__adapted_specrage_y_liu__lambda_1,0.6595100981484675,0.18913450334801238,0.06429879463932693
truthfulqa_llama8b,QA,truthfulqa,7633,809,0.10598716101139788,manual__adapted_specrage_y_liu__lambda_10,0.6582395877561489,0.1884795382286415,0.0026274383400150684
truthfulqa_llama8b,QA,truthfulqa,7633,809,0.10598716101139788,manual__adapted_specrage_y_liu__lambda_100,0.6580204093166415,0.18827910062326608,3.260444296473023e-05
truthfulqa_llama8b,QA,truthfulqa,7633,809,0.10598716101139788,manual__adapted_specrage_y_liu__lambda_3,0.6586882695699177,0.18856220251771338,0.018241714102247637
truthfulqa_llama8b,QA,truthfulqa,7633,809,0.10598716101139788,manual__adapted_specrage_y_liu__lambda_30,0.6580716717119974,0.18835826742065453,0.0003417732642692558
truthfulqa_llama8b,QA,truthfulqa,7633,809,0.10598716101139788,manual__ca_global_alpha_control__lambda_0,0.6615596882666718,0.1905679328489564,0.2051586934229949
truthfulqa_llama8b,QA,truthfulqa,7633,809,0.10598716101139788,manual__ca_global_alpha_control__lambda_0p1,0.6620487641234238,0.19075177080031458,0.17354713653467785
truthfulqa_llama8b,QA,truthfulqa,7633,809,0.10598716101139788,manual__ca_global_alpha_control__lambda_0p3,0.6627809287949026,0.19113723804565894,0.12903782477254952
truthfulqa_llama8b,QA,truthfulqa,7633,809,0.10598716101139788,manual__ca_global_alpha_control__lambda_1,0.6640297024824766,0.19252738962486604,0.058999946084224646
truthfulqa_llama8b,QA,truthfulqa,7633,809,0.10598716101139788,manual__ca_global_alpha_control__lambda_10,0.6655152251125599,0.19866262140708835,0.0022326025331569554
truthfulqa_llama8b,QA,truthfulqa,7633,809,0.10598716101139788,manual__ca_global_alpha_control__lambda_100,0.6657796883536184,0.19877804845961367,2.725801956372883e-05
truthfulqa_llama8b,QA,truthfulqa,7633,809,0.10598716101139788,manual__ca_global_alpha_control__lambda_3,0.6649721697723587,0.19365836995003388,0.01598572394592566
truthfulqa_llama8b,QA,truthfulqa,7633,809,0.10598716101139788,manual__ca_global_alpha_control__lambda_30,0.6656851336879798,0.19869126174782825,0.0002870267275555736
truthfulqa_llama8b,QA,truthfulqa,7633,809,0.10598716101139788,manual__ca_permuted_alpha_control__lambda_0,0.6615596882666718,0.1905679328489564,0.2051586934229949
truthfulqa_llama8b,QA,truthfulqa,7633,809,0.10598716101139788,manual__ca_permuted_alpha_control__lambda_0p1,0.6620511189331045,0.19075294522696334,0.1735538553744632
truthfulqa_llama8b,QA,truthfulqa,7633,809,0.10598716101139788,manual__ca_permuted_alpha_control__lambda_0p3,0.6627847327182328,0.19113575243398434,0.12905151946215646
truthfulqa_llama8b,QA,truthfulqa,7633,809,0.10598716101139788,manual__ca_permuted_alpha_control__lambda_1,0.6640344121018379,0.19253005889381555,0.05901534155064214
truthfulqa_llama8b,QA,truthfulqa,7633,809,0.10598716101139788,manual__ca_permuted_alpha_control__lambda_10,0.6655230140984267,0.19866662814157904,0.002233843557332205
truthfulqa_llama8b,QA,truthfulqa,7633,809,0.10598716101139788,manual__ca_permuted_alpha_control__lambda_100,0.6657773335439379,0.19877244498943542,2.727499543545711e-05
truthfulqa_llama8b,QA,truthfulqa,7633,809,0.10598716101139788,manual__ca_permuted_alpha_control__lambda_3,0.6649786907837821,0.1936662040906592,0.015992641001609274
truthfulqa_llama8b,QA,truthfulqa,7633,809,0.10598716101139788,manual__ca_permuted_alpha_control__lambda_30,0.6656798806509998,0.19862832194237234,0.0002872000997815334
truthfulqa_llama8b,QA,truthfulqa,7633,809,0.10598716101139788,manual__ca_specrage_alpha_liu__lambda_0,0.6615596882666718,0.1905679328489564,0.2051586934229949
truthfulqa_llama8b,QA,truthfulqa,7633,809,0.10598716101139788,manual__ca_specrage_alpha_liu__lambda_0p1,0.6620362655181957,0.19071603782679725,0.17356609520239652
truthfulqa_llama8b,QA,truthfulqa,7633,809,0.10598716101139788,manual__ca_specrage_alpha_liu__lambda_0p3,0.6627655319623753,0.19112526794996643,0.12906831682064954
truthfulqa_llama8b,QA,truthfulqa,7633,809,0.10598716101139788,manual__ca_specrage_alpha_liu__lambda_1,0.6640001767918653,0.19261590326288563,0.05902070474312096
truthfulqa_llama8b,QA,truthfulqa,7633,809,0.10598716101139788,manual__ca_specrage_alpha_liu__lambda_10,0.6654559925921311,0.19864083134488308,0.0022331299850136053
truthfulqa_llama8b,QA,truthfulqa,7633,809,0.10598716101139788,manual__ca_specrage_alpha_liu__lambda_100,0.665678250398144,0.19862676979297078,2.726278683115025e-05
truthfulqa_llama8b,QA,truthfulqa,7633,809,0.10598716101139788,manual__ca_specrage_alpha_liu__lambda_3,0.6649143863655795,0.19369699654356892,0.015990847624275276
truthfulqa_llama8b,QA,truthfulqa,7633,809,0.10598716101139788,manual__ca_specrage_alpha_liu__lambda_30,0.6656277125596128,0.19873109995085608,0.000287082139153608
truthfulqa_llama8b,QA,truthfulqa,7633,809,0.10598716101139788,manual__ca_specrage_y_liu__lambda_0,0.6615596882666718,0.1905679328489564,0.2051586934229949
truthfulqa_llama8b,QA,truthfulqa,7633,809,0.10598716101139788,manual__ca_specrage_y_liu__lambda_0p1,0.6616542429323105,0.19063543230596242,0.17170686900581666
truthfulqa_llama8b,QA,truthfulqa,7633,809,0.10598716101139788,manual__ca_specrage_y_liu__lambda_0p3,0.6617466239274747,0.19042908264659666,0.12537388615357486
truthfulqa_llama8b,QA,truthfulqa,7633,809,0.10598716101139788,manual__ca_specrage_y_liu__lambda_1,0.6619688817334877,0.19059428503231257,0.055046420433619014
truthfulqa_llama8b,QA,truthfulqa,7633,809,0.10598716101139788,manual__ca_specrage_y_liu__lambda_10,0.6623054383786158,0.19084668240657143,0.0019325105524089072
truthfulqa_llama8b,QA,truthfulqa,7633,809,0.10598716101139788,manual__ca_specrage_y_liu__lambda_100,0.6623326092595464,0.19079781741528326,2.3203087121822883e-05
truthfulqa_llama8b,QA,truthfulqa,7633,809,0.10598716101139788,manual__ca_specrage_y_liu__lambda_3,0.6621936754883875,0.1908498637728273,0.01427320051677681
truthfulqa_llama8b,QA,truthfulqa,7633,809,0.10598716101139788,manual__ca_specrage_y_liu__lambda_30,0.6623250014128859,0.1908039006825626,0.0002454731040128075
truthfulqa_llama8b,QA,truthfulqa,7633,809,0.10598716101139788,manual__ca_uniform_alpha_control__lambda_0,0.6615596882666718,0.1905679328489564,0.2051586934229949
truthfulqa_llama8b,QA,truthfulqa,7633,809,0.10598716101139788,manual__ca_uniform_alpha_control__lambda_0p1,0.6623105102763893,0.19084873694241955,0.1732121729872104
truthfulqa_llama8b,QA,truthfulqa,7633,809,0.10598716101139788,manual__ca_uniform_alpha_control__lambda_0p3,0.6634766844859341,0.19212488387415494,0.12863398068353443
truthfulqa_llama8b,QA,truthfulqa,7633,809,0.10598716101139788,manual__ca_uniform_alpha_control__lambda_1,0.665238082127067,0.19490619742351406,0.059015035996055246
truthfulqa_llama8b,QA,truthfulqa,7633,809,0.10598716101139788,manual__ca_uniform_alpha_control__lambda_10,0.6671574331560102,0.19953189043987501,0.002275115141110136
truthfulqa_llama8b,QA,truthfulqa,7633,809,0.10598716101139788,manual__ca_uniform_alpha_control__lambda_100,0.6674182736129446,0.1999671477276493,2.793160823917467e-05
truthfulqa_llama8b,QA,truthfulqa,7633,809,0.10598716101139788,manual__ca_uniform_alpha_control__lambda_3,0.666447910885307,0.19918022648390848,0.01614236817275141
truthfulqa_llama8b,QA,truthfulqa,7633,809,0.10598716101139788,manual__ca_uniform_alpha_control__lambda_30,0.6673666489391764,0.20000280784959729,0.00029365155246267665
truthfulqa_llama8b,QA,truthfulqa,7633,809,0.10598716101139788,manual__uniform_y_liu__lambda_0,0.6615596882666718,0.1905679328489564,0.2051586934229949
truthfulqa_llama8b,QA,truthfulqa,7633,809,0.10598716101139788,manual__uniform_y_liu__lambda_0p1,0.6613088104660785,0.1904475522551035,0.17155020156870232
truthfulqa_llama8b,QA,truthfulqa,7633,809,0.10598716101139788,manual__uniform_y_liu__lambda_0p3,0.6609119344652844,0.19007341848086515,0.12511452864671022
truthfulqa_llama8b,QA,truthfulqa,7633,809,0.10598716101139788,manual__uniform_y_liu__lambda_1,0.6601857473876104,0.1893163911891126,0.05485285871894204
truthfulqa_llama8b,QA,truthfulqa,7633,809,0.10598716101139788,manual__uniform_y_liu__lambda_10,0.6591666582135038,0.18885989241341775,0.0019248193526764446
truthfulqa_llama8b,QA,truthfulqa,7633,809,0.10598716101139788,manual__uniform_y_liu__lambda_100,0.6589306338278192,0.18879115720569917,2.311380992665557e-05
truthfulqa_llama8b,QA,truthfulqa,7633,809,0.10598716101139788,manual__uniform_y_liu__lambda_3,0.6595427032055842,0.18913748561383445,0.014215666763759162
truthfulqa_llama8b,QA,truthfulqa,7633,809,0.10598716101139788,manual__uniform_y_liu__lambda_30,0.659022471405365,0.1888870065442766,0.0002445179368189639
truthfulqa_llama8b,QA,truthfulqa,7633,809,0.10598716101139788,micro__adapted_specrage_y_liu__lambda_0,0.6615596882666718,0.1905679328489564,0.2051586934229949
truthfulqa_llama8b,QA,truthfulqa,7633,809,0.10598716101139788,micro__adapted_specrage_y_liu__lambda_0p1,0.6618598359313526,0.19052939792318185,0.16929498643412044
truthfulqa_llama8b,QA,truthfulqa,7633,809,0.10598716101139788,micro__adapted_specrage_y_liu__lambda_0p3,0.6623144953389258,0.1908128892185119,0.12099388525680083
truthfulqa_llama8b,QA,truthfulqa,7633,809,0.10598716101139788,micro__adapted_specrage_y_liu__lambda_1,0.6632678309811804,0.19151830120274674,0.05104060727040063
truthfulqa_llama8b,QA,truthfulqa,7633,809,0.10598716101139788,micro__adapted_specrage_y_liu__lambda_10,0.6645647876976047,0.19364256963046056,0.0016917092574393754
truthfulqa_llama8b,QA,truthfulqa,7633,809,0.10598716101139788,micro__adapted_specrage_y_liu__lambda_100,0.664814759802167,0.19361562027318785,2.0091542633774287e-05
truthfulqa_llama8b,QA,truthfulqa,7633,809,0.10598716101139788,micro__adapted_specrage_y_liu__lambda_3,0.6640489032383343,0.1924214288600348,0.012771225009885456
truthfulqa_llama8b,QA,truthfulqa,7633,809,0.10598716101139788,micro__adapted_specrage_y_liu__lambda_30,0.6647520856368202,0.1935828436749997,0.00021319226278508605
truthfulqa_llama8b,QA,truthfulqa,7633,809,0.10598716101139788,micro__ca_global_alpha_control__lambda_0,0.6615596882666718,0.1905679328489564,0.2051586934229949
truthfulqa_llama8b,QA,truthfulqa,7633,809,0.10598716101139788,micro__ca_global_alpha_control__lambda_0p1,0.6626753246376853,0.19106477345653727,0.17727388802368146
truthfulqa_llama8b,QA,truthfulqa,7633,809,0.10598716101139788,micro__ca_global_alpha_control__lambda_0p3,0.6642608361095935,0.19312352904768634,0.1371856734645384
truthfulqa_llama8b,QA,truthfulqa,7633,809,0.10598716101139788,micro__ca_global_alpha_control__lambda_1,0.6663747306460004,0.19918436013415428,0.0693151422923969
truthfulqa_llama8b,QA,truthfulqa,7633,809,0.10598716101139788,micro__ca_global_alpha_control__lambda_10,0.6681718127107554,0.19996586308050068,0.0032335422091235274
truthfulqa_llama8b,QA,truthfulqa,7633,809,0.10598716101139788,micro__ca_global_alpha_control__lambda_100,0.6684312040540403,0.20024158886125817,4.1525674285229675e-05
truthfulqa_llama8b,QA,truthfulqa,7633,809,0.10598716101139788,micro__ca_global_alpha_control__lambda_3,0.6676802009051165,0.20001800764700997,0.02115844536350998
truthfulqa_llama8b,QA,truthfulqa,7633,809,0.10598716101139788,micro__ca_global_alpha_control__lambda_30,0.6683652693829819,0.2001735269812246,0.00043106230652519137
truthfulqa_llama8b,QA,truthfulqa,7633,809,0.10598716101139788,micro__ca_permuted_alpha_control__lambda_0,0.6615596882666718,0.1905679328489564,0.2051586934229949
truthfulqa_llama8b,QA,truthfulqa,7633,809,0.10598716101139788,micro__ca_permuted_alpha_control__lambda_0p1,0.6626771360297474,0.19107062321876886,0.1772686507283578
truthfulqa_llama8b,QA,truthfulqa,7633,809,0.10598716101139788,micro__ca_permuted_alpha_control__lambda_0p3,0.6642526848453143,0.19311569577669327,0.13716884263731519
truthfulqa_llama8b,QA,truthfulqa,7633,809,0.10598716101139788,micro__ca_permuted_alpha_control__lambda_1,0.6663589715350606,0.19915070564565093,0.06928389609872317
truthfulqa_llama8b,QA,truthfulqa,7633,809,0.10598716101139788,micro__ca_permuted_alpha_control__lambda_10,0.6681636614464763,0.1999740674110009,0.003229250107456051
truthfulqa_llama8b,QA,truthfulqa,7633,809,0.10598716101139788,micro__ca_permuted_alpha_control__lambda_100,0.6684212413976991,0.20017068368248025,4.146074870692731e-05
truthfulqa_llama8b,QA,truthfulqa,7633,809,0.10598716101139788,micro__ca_permuted_alpha_control__lambda_3,0.6676566528083098,0.19999068538097686,0.021138808571314154
truthfulqa_llama8b,QA,truthfulqa,7633,809,0.10598716101139788,micro__ca_permuted_alpha_control__lambda_30,0.6683491479936297,0.2001534613535675,0.0004304174621604349
truthfulqa_llama8b,QA,truthfulqa,7633,809,0.10598716101139788,micro__ca_specrage_alpha_liu__lambda_0,0.6615596882666718,0.1905679328489564,0.2051586934229949
truthfulqa_llama8b,QA,truthfulqa,7633,809,0.10598716101139788,micro__ca_specrage_alpha_liu__lambda_0p1,0.6627242322233606,0.19109578202826877,0.17738222137793688
truthfulqa_llama8b,QA,truthfulqa,7633,809,0.10598716101139788,micro__ca_specrage_alpha_liu__lambda_0p3,0.6643215177436721,0.19316713136407235,0.13745889946256576
truthfulqa_llama8b,QA,truthfulqa,7633,809,0.10598716101139788,micro__ca_specrage_alpha_liu__lambda_1,0.6664470051892759,0.1991798381264392,0.06973352012066063
truthfulqa_llama8b,QA,truthfulqa,7633,809,0.10598716101139788,micro__ca_specrage_alpha_liu__lambda_10,0.6682415513051442,0.1999118780944102,0.0032848528847136066
truthfulqa_llama8b,QA,truthfulqa,7633,809,0.10598716101139788,micro__ca_specrage_alpha_liu__lambda_100,0.6685692321291682,0.2015261642652951,4.229214230444282e-05
truthfulqa_llama8b,QA,truthfulqa,7633,809,0.10598716101139788,micro__ca_specrage_alpha_liu__lambda_3,0.667744686462525,0.19998868985230153,0.0214008214523192
truthfulqa_llama8b,QA,truthfulqa,7633,809,0.10598716101139788,micro__ca_specrage_alpha_liu__lambda_30,0.668479568222097,0.20129042346391302,0.00043869975798947855
truthfulqa_llama8b,QA,truthfulqa,7633,809,0.10598716101139788,micro__ca_specrage_y_liu__lambda_0,0.6615596882666718,0.1905679328489564,0.2051586934229949
truthfulqa_llama8b,QA,truthfulqa,7633,809,0.10598716101139788,micro__ca_specrage_y_liu__lambda_0p1,0.6617382915239893,0.19037645160561312,0.17229505511166324
truthfulqa_llama8b,QA,truthfulqa,7633,809,0.10598716101139788,micro__ca_specrage_y_liu__lambda_0p3,0.6620531114643728,0.1907529495782721,0.12650362399751736
truthfulqa_llama8b,QA,truthfulqa,7633,809,0.10598716101139788,micro__ca_specrage_y_liu__lambda_1,0.6625778717447472,0.19099020748667705,0.056192846847357626
truthfulqa_llama8b,QA,truthfulqa,7633,809,0.10598716101139788,micro__ca_specrage_y_liu__lambda_10,0.6633618422292005,0.19161129908070743,0.0020126316926600556
truthfulqa_llama8b,QA,truthfulqa,7633,809,0.10598716101139788,micro__ca_specrage_y_liu__lambda_100,0.6635116443527317,0.19214611536873238,2.4268919014165826e-05
truthfulqa_llama8b,QA,truthfulqa,7633,809,0.10598716101139788,micro__ca_specrage_y_liu__lambda_3,0.6630944807608427,0.19147835749146103,0.014744907559129248
truthfulqa_llama8b,QA,truthfulqa,7633,809,0.10598716101139788,micro__ca_specrage_y_liu__lambda_30,0.6634868282814816,0.1921324274393411,0.00025644248899992455
truthfulqa_llama8b,QA,truthfulqa,7633,809,0.10598716101139788,micro__ca_uniform_alpha_control__lambda_0,0.6615596882666718,0.1905679328489564,0.2051586934229949
truthfulqa_llama8b,QA,truthfulqa,7633,809,0.10598716101139788,micro__ca_uniform_alpha_control__lambda_0p1,0.6630068093850396,0.19137991383343841,0.17640311253619126
truthfulqa_llama8b,QA,truthfulqa,7633,809,0.10598716101139788,micro__ca_uniform_alpha_control__lambda_0p3,0.6648426552399225,0.1936123362549873,0.13597546818471243
truthfulqa_llama8b,QA,truthfulqa,7633,809,0.10598716101139788,micro__ca_uniform_alpha_control__lambda_1,0.6673519766634739,0.20000865957998482,0.06898948578165758
truthfulqa_llama8b,QA,truthfulqa,7633,809,0.10598716101139788,micro__ca_uniform_alpha_control__lambda_10,0.6692532137717965,0.2017857831715096,0.003334834578771969
truthfulqa_llama8b,QA,truthfulqa,7633,809,0.10598716101139788,micro__ca_uniform_alpha_control__lambda_100,0.669376026153603,0.20152721184379385,4.3328571460497916e-05
truthfulqa_llama8b,QA,truthfulqa,7633,809,0.10598716101139788,micro__ca_uniform_alpha_control__lambda_3,0.6686980221047796,0.2015801221319819,0.021427533366020216
truthfulqa_llama8b,QA,truthfulqa,7633,809,0.10598716101139788,micro__ca_uniform_alpha_control__lambda_30,0.6693550140056834,0.20174768848051722,0.00044825601973612345
truthfulqa_llama8b,QA,truthfulqa,7633,809,0.10598716101139788,micro__uniform_y_liu__lambda_0,0.6615596882666718,0.1905679328489564,0.2051586934229949
truthfulqa_llama8b,QA,truthfulqa,7633,809,0.10598716101139788,micro__uniform_y_liu__lambda_0p1,0.6617002522906864,0.19062699668806665,0.17220692689555855
truthfulqa_llama8b,QA,truthfulqa,7633,809,0.10598716101139788,micro__uniform_y_liu__lambda_0p3,0.661886825673077,0.19053912960312228,0.12632126749565067
truthfulqa_llama8b,QA,truthfulqa,7633,809,0.10598716101139788,micro__uniform_y_liu__lambda_1,0.6622605158554771,0.19082885761440083,0.05598542385196878
truthfulqa_llama8b,QA,truthfulqa,7633,809,0.10598716101139788,micro__uniform_y_liu__lambda_10,0.6627555693060339,0.19112013535821032,0.0019961793488985375
truthfulqa_llama8b,QA,truthfulqa,7633,809,0.10598716101139788,micro__uniform_y_liu__lambda_100,0.6628724040940359,0.19139502132773828,2.4045516456475446e-05
truthfulqa_llama8b,QA,truthfulqa,7633,809,0.10598716101139788,micro__uniform_y_liu__lambda_3,0.6625392890938258,0.19081157155096085,0.014652230789610643
truthfulqa_llama8b,QA,truthfulqa,7633,809,0.10598716101139788,micro__uniform_y_liu__lambda_30,0.6628361762527949,0.19138717626646912,0.000254155984402688
truthfulqa_llama8b,QA,truthfulqa,7633,809,0.10598716101139788,raw_uniform_liu__lambda_0,0.6615596882666718,0.1905679328489564,0.2051586934229949
truthfulqa_llama8b,QA,truthfulqa,7633,809,0.10598716101139788,raw_uniform_liu__lambda_0p1,0.6617770553141171,0.19049214856095617,0.17515394977347387
truthfulqa_llama8b,QA,truthfulqa,7633,809,0.10598716101139788,raw_uniform_liu__lambda_0p3,0.6621127062632142,0.19081230583031417,0.1320142468234198
truthfulqa_llama8b,QA,truthfulqa,7633,809,0.10598716101139788,raw_uniform_liu__lambda_1,0.6626588409699208,0.19105039072321833,0.061862094752296024
truthfulqa_llama8b,QA,truthfulqa,7633,809,0.10598716101139788,raw_uniform_liu__lambda_10,0.6634025985505966,0.1916910732196233,0.0024239608196570048
truthfulqa_llama8b,QA,truthfulqa,7633,809,0.10598716101139788,raw_uniform_liu__lambda_100,0.6635241429579597,0.19212422702643286,2.9794324900837543e-05
truthfulqa_llama8b,QA,truthfulqa,7633,809,0.10598716101139788,raw_uniform_liu__lambda_3,0.6631502716363536,0.1915005665188023,0.017125987016682116
truthfulqa_llama8b,QA,truthfulqa,7633,809,0.10598716101139788,raw_uniform_liu__lambda_30,0.6635071158725765,0.1921460718613302,0.00031315201533955685
ars_gsm8k_r1distill8b,math,gsm8k,500,364,0.728,atomic__adapted_specrage_y_liu__lambda_0,0.7575953458306399,0.8836754709022755,0.1393514636085804
ars_gsm8k_r1distill8b,math,gsm8k,500,364,0.728,atomic__adapted_specrage_y_liu__lambda_0p1,0.7575751454427926,0.8836328931692041,0.11078801662694908
ars_gsm8k_r1distill8b,math,gsm8k,500,364,0.728,atomic__adapted_specrage_y_liu__lambda_0p3,0.7574135423400129,0.8835571000666429,0.07483708334230617
ars_gsm8k_r1distill8b,math,gsm8k,500,364,0.728,atomic__adapted_specrage_y_liu__lambda_1,0.7573327407886232,0.8835854290757745,0.02839729341148745
ars_gsm8k_r1distill8b,math,gsm8k,500,364,0.728,atomic__adapted_specrage_y_liu__lambda_10,0.7573731415643181,0.8836641720795575,0.0008056619984262326
ars_gsm8k_r1distill8b,math,gsm8k,500,364,0.728,atomic__adapted_specrage_y_liu__lambda_100,0.7572923400129283,0.883624244934589,9.284008088810144e-06
ars_gsm8k_r1distill8b,math,gsm8k,500,364,0.728,atomic__adapted_specrage_y_liu__lambda_3,0.7573327407886231,0.8836119049642537,0.006457049203156511
ars_gsm8k_r1distill8b,math,gsm8k,500,364,0.728,atomic__adapted_specrage_y_liu__lambda_30,0.7573125404007758,0.8836325362384269,9.933512559877176e-05
ars_gsm8k_r1distill8b,math,gsm8k,500,364,0.728,atomic__ca_global_alpha_control__lambda_0,0.7575953458306399,0.8836754709022755,0.1393514636085804
ars_gsm8k_r1distill8b,math,gsm8k,500,364,0.728,atomic__ca_global_alpha_control__lambda_0p1,0.7572115384615385,0.8836278418138861,0.11626398947316827
ars_gsm8k_r1distill8b,math,gsm8k,500,364,0.728,atomic__ca_global_alpha_control__lambda_0p3,0.7564439237233355,0.8835904527686245,0.08465112775164675
ars_gsm8k_r1distill8b,math,gsm8k,500,364,0.728,atomic__ca_global_alpha_control__lambda_1,0.7551308985132514,0.8832335486904941,0.03720138105118369
ars_gsm8k_r1distill8b,math,gsm8k,500,364,0.728,atomic__ca_global_alpha_control__lambda_10,0.7525654492566258,0.8816722136563557,0.0013272307762461021
ars_gsm8k_r1distill8b,math,gsm8k,500,364,0.728,atomic__ca_global_alpha_control__lambda_100,0.7518786360698126,0.8810282427926406,1.601781440324274e-05
ars_gsm8k_r1distill8b,math,gsm8k,500,364,0.728,atomic__ca_global_alpha_control__lambda_3,0.7539794764059469,0.88275031979662,0.009722069356551849
ars_gsm8k_r1distill8b,math,gsm8k,500,364,0.728,atomic__ca_global_alpha_control__lambda_30,0.7519594376212023,0.8811545416439793,0.00016920695595894374
ars_gsm8k_r1distill8b,math,gsm8k,500,364,0.728,atomic__ca_permuted_alpha_control__lambda_0,0.7575953458306399,0.8836754709022755,0.1393514636085804
ars_gsm8k_r1distill8b,math,gsm8k,500,364,0.728,atomic__ca_permuted_alpha_control__lambda_0p1,0.7572115384615385,0.8836278418138861,0.11629385438781503
ars_gsm8k_r1distill8b,math,gsm8k,500,364,0.728,atomic__ca_permuted_alpha_control__lambda_0p3,0.7563429217840982,0.883537248035227,0.08470536769622217
ars_gsm8k_r1distill8b,math,gsm8k,500,364,0.728,atomic__ca_permuted_alpha_control__lambda_1,0.7550702973497091,0.8831998764938467,0.037251267080145756
ars_gsm8k_r1distill8b,math,gsm8k,500,364,0.728,atomic__ca_permuted_alpha_control__lambda_10,0.7525654492566257,0.8816754682943548,0.0013302976069131972
ars_gsm8k_r1distill8b,math,gsm8k,500,364,0.728,atomic__ca_permuted_alpha_control__lambda_100,0.7519392372333549,0.8810725983039276,1.6057699872605483e-05
ars_gsm8k_r1distill8b,math,gsm8k,500,364,0.728,atomic__ca_permuted_alpha_control__lambda_3,0.7539794764059471,0.8827108398580635,0.009740994152781337
ars_gsm8k_r1distill8b,math,gsm8k,500,364,0.728,atomic__ca_permuted_alpha_control__lambda_30,0.75189883645766,0.8811608663044617,0.00016961998367540063
ars_gsm8k_r1distill8b,math,gsm8k,500,364,0.728,atomic__ca_specrage_alpha_liu__lambda_0,0.7575953458306399,0.8836754709022755,0.1393514636085804
ars_gsm8k_r1distill8b,math,gsm8k,500,364,0.728,atomic__ca_specrage_alpha_liu__lambda_0p1,0.757191338073691,0.8837081844338989,0.11636205526771622
ars_gsm8k_r1distill8b,math,gsm8k,500,364,0.728,atomic__ca_specrage_alpha_liu__lambda_0p3,0.7559389140271493,0.8832841134900136,0.08490779326651589
ars_gsm8k_r1distill8b,math,gsm8k,500,364,0.728,atomic__ca_specrage_alpha_liu__lambda_1,0.7547470911441498,0.8830182330392182,0.037575929151589506
ars_gsm8k_r1distill8b,math,gsm8k,500,364,0.728,atomic__ca_specrage_alpha_liu__lambda_10,0.7510100193923723,0.8799886976218756,0.0013634455880094003
ars_gsm8k_r1distill8b,math,gsm8k,500,364,0.728,atomic__ca_specrage_alpha_liu__lambda_100,0.7506060116354234,0.879917141776578,1.652378597480774e-05
ars_gsm8k_r1distill8b,math,gsm8k,500,364,0.728,atomic__ca_specrage_alpha_liu__lambda_3,0.7525452488687784,0.881670917549269,0.00991348980357027
ars_gsm8k_r1distill8b,math,gsm8k,500,364,0.728,atomic__ca_specrage_alpha_liu__lambda_30,0.7506868131868132,0.879920496639587,0.00017434603080925088
ars_gsm8k_r1distill8b,math,gsm8k,500,364,0.728,atomic__ca_specrage_y_liu__lambda_0,0.7575953458306399,0.8836754709022755,0.1393514636085804
ars_gsm8k_r1distill8b,math,gsm8k,500,364,0.728,atomic__ca_specrage_y_liu__lambda_0p1,0.7563227213962509,0.8835039985058097,0.1189744334796902
ars_gsm8k_r1distill8b,math,gsm8k,500,364,0.728,atomic__ca_specrage_y_liu__lambda_0p3,0.7546864899806076,0.8829784352862335,0.09089991045503146
ars_gsm8k_r1distill8b,math,gsm8k,500,364,0.728,atomic__ca_specrage_y_liu__lambda_1,0.7496767937944409,0.8792458966949748,0.04552450665001676
ars_gsm8k_r1distill8b,math,gsm8k,500,364,0.728,atomic__ca_specrage_y_liu__lambda_10,0.7412734324499031,0.8736370471267401,0.0021627634247891043
ars_gsm8k_r1distill8b,math,gsm8k,500,364,0.728,atomic__ca_specrage_y_liu__lambda_100,0.7393543956043958,0.8723694866133821,2.7992433383058284e-05
ars_gsm8k_r1distill8b,math,gsm8k,500,364,0.728,atomic__ca_specrage_y_liu__lambda_3,0.7447478991596639,0.8760712171201301,0.01399329297398724
ars_gsm8k_r1distill8b,math,gsm8k,500,364,0.728,atomic__ca_specrage_y_liu__lambda_30,0.7397382029734971,0.8725564738792474,0.0002899110045116418
ars_gsm8k_r1distill8b,math,gsm8k,500,364,0.728,atomic__ca_uniform_alpha_control__lambda_0,0.7575953458306399,0.8836754709022755,0.1393514636085804
ars_gsm8k_r1distill8b,math,gsm8k,500,364,0.728,atomic__ca_uniform_alpha_control__lambda_0p1,0.757554945054945,0.8836244982540169,0.11573698776748251
ars_gsm8k_r1distill8b,math,gsm8k,500,364,0.728,atomic__ca_uniform_alpha_control__lambda_0p3,0.7573327407886231,0.8835638942904216,0.08350104012060547
ars_gsm8k_r1distill8b,math,gsm8k,500,364,0.728,atomic__ca_uniform_alpha_control__lambda_1,0.7573731415643179,0.8836347826603257,0.035807818419229503
ars_gsm8k_r1distill8b,math,gsm8k,500,364,0.728,atomic__ca_uniform_alpha_control__lambda_10,0.757191338073691,0.883613170729284,0.0012112485288422379
ars_gsm8k_r1distill8b,math,gsm8k,500,364,0.728,atomic__ca_uniform_alpha_control__lambda_100,0.7571509372979962,0.8836201158898311,1.4433642421834785e-05
ars_gsm8k_r1distill8b,math,gsm8k,500,364,0.728,atomic__ca_uniform_alpha_control__lambda_3,0.7572721396250808,0.8836669554346813,0.009078069512799537
ars_gsm8k_r1distill8b,math,gsm8k,500,364,0.728,atomic__ca_uniform_alpha_control__lambda_30,0.7572317388493859,0.8836476898079473,0.00015301800476278182
ars_gsm8k_r1distill8b,math,gsm8k,500,364,0.728,atomic__uniform_y_liu__lambda_0,0.7575953458306399,0.8836754709022755,0.1393514636085804
ars_gsm8k_r1distill8b,math,gsm8k,500,364,0.728,atomic__uniform_y_liu__lambda_0p1,0.7568883322559793,0.8836683848930991,0.11331121023838188
ars_gsm8k_r1distill8b,math,gsm8k,500,364,0.728,atomic__uniform_y_liu__lambda_0p3,0.7553733031674208,0.8833814234203841,0.07974394268484074
ars_gsm8k_r1distill8b,math,gsm8k,500,364,0.728,atomic__uniform_y_liu__lambda_1,0.7510504201680672,0.8804251831862764,0.03346572564875743
ars_gsm8k_r1distill8b,math,gsm8k,500,364,0.728,atomic__uniform_y_liu__lambda_10,0.7426874595992243,0.8746174506110853,0.0011704591695863643
ars_gsm8k_r1distill8b,math,gsm8k,500,364,0.728,atomic__uniform_y_liu__lambda_100,0.7401220103425986,0.8727334659662611,1.4175279929517206e-05
ars_gsm8k_r1distill8b,math,gsm8k,500,364,0.728,atomic__uniform_y_liu__lambda_3,0.746606334841629,0.8771890922405282,0.008576925599307353
ars_gsm8k_r1distill8b,math,gsm8k,500,364,0.728,atomic__uniform_y_liu__lambda_30,0.7407886231415644,0.8732663131199692,0.00014956092409007437
ars_gsm8k_r1distill8b,math,gsm8k,500,364,0.728,deployed_upcr,0.7391725921137686,0.8731907738764855,0.20611014344200726
ars_gsm8k_r1distill8b,math,gsm8k,500,364,0.728,dufs_liu__lambda_0,0.7575953458306399,0.8836754709022755,0.1393514636085804
ars_gsm8k_r1distill8b,math,gsm8k,500,364,0.728,dufs_liu__lambda_0p1,0.7555551066580477,0.8833680416719021,0.11934299171507098
ars_gsm8k_r1distill8b,math,gsm8k,500,364,0.728,dufs_liu__lambda_0p3,0.7523634453781514,0.8814545766135699,0.09310675278192974
ars_gsm8k_r1distill8b,math,gsm8k,500,364,0.728,dufs_liu__lambda_1,0.743717679379444,0.875360787422521,0.05088633014910475
ars_gsm8k_r1distill8b,math,gsm8k,500,364,0.728,dufs_liu__lambda_10,0.7309510342598579,0.8663936461563738,0.0031234010067346914
ars_gsm8k_r1distill8b,math,gsm8k,500,364,0.728,dufs_liu__lambda_100,0.7287491919844862,0.8643641073271987,4.3556108156074565e-05
ars_gsm8k_r1distill8b,math,gsm8k,500,364,0.728,dufs_liu__lambda_3,0.7355163219133807,0.8697693905795798,0.017917832059504857
ars_gsm8k_r1distill8b,math,gsm8k,500,364,0.728,dufs_liu__lambda_30,0.7294158047834518,0.865378950658213,0.00044144977858474985
ars_gsm8k_r1distill8b,math,gsm8k,500,364,0.728,iu_pcr,0.7575953458306399,0.8836754709022755,0.1393514636085804
ars_gsm8k_r1distill8b,math,gsm8k,500,364,0.728,manual__adapted_specrage_y_liu__lambda_0,0.7575953458306399,0.8836754709022755,0.1393514636085804
ars_gsm8k_r1distill8b,math,gsm8k,500,364,0.728,manual__adapted_specrage_y_liu__lambda_0p1,0.7567469295410472,0.883597907311213,0.11693747905130454
ars_gsm8k_r1distill8b,math,gsm8k,500,364,0.728,manual__adapted_specrage_y_liu__lambda_0p3,0.7554137039431157,0.883396308137942,0.08626428118765991
ars_gsm8k_r1distill8b,math,gsm8k,500,364,0.728,manual__adapted_specrage_y_liu__lambda_1,0.7526866515837105,0.8816400929360981,0.03938584807580947
ars_gsm8k_r1distill8b,math,gsm8k,500,364,0.728,manual__adapted_specrage_y_liu__lambda_10,0.7473941499676795,0.8780093933765796,0.0015327759062160116
ars_gsm8k_r1distill8b,math,gsm8k,500,364,0.728,manual__adapted_specrage_y_liu__lambda_100,0.7464851325145442,0.8771839994857126,1.8892833220871342e-05
ars_gsm8k_r1distill8b,math,gsm8k,500,364,0.728,manual__adapted_specrage_y_liu__lambda_3,0.7495959922430511,0.8792162441127678,0.010811956150782173
ars_gsm8k_r1distill8b,math,gsm8k,500,364,0.728,manual__adapted_specrage_y_liu__lambda_30,0.7467073367808663,0.8772687114800239,0.00019839397321819047
ars_gsm8k_r1distill8b,math,gsm8k,500,364,0.728,manual__ca_global_alpha_control__lambda_0,0.7575953458306399,0.8836754709022755,0.1393514636085804
ars_gsm8k_r1distill8b,math,gsm8k,500,364,0.728,manual__ca_global_alpha_control__lambda_0p1,0.7567671299288947,0.8836328438143114,0.11659634694762969
ars_gsm8k_r1distill8b,math,gsm8k,500,364,0.728,manual__ca_global_alpha_control__lambda_0p3,0.7551308985132514,0.883178066830486,0.08579455729715219
ars_gsm8k_r1distill8b,math,gsm8k,500,364,0.728,manual__ca_global_alpha_control__lambda_1,0.751353425985779,0.8806002705220108,0.03921827216312201
ars_gsm8k_r1distill8b,math,gsm8k,500,364,0.728,manual__ca_global_alpha_control__lambda_10,0.7450509049773755,0.8766105106318518,0.0015501821597022898
ars_gsm8k_r1distill8b,math,gsm8k,500,364,0.728,manual__ca_global_alpha_control__lambda_100,0.7434550743374273,0.8749429740180314,1.920217970984235e-05
ars_gsm8k_r1distill8b,math,gsm8k,500,364,0.728,manual__ca_global_alpha_control__lambda_3,0.7477173561732386,0.878226962612877,0.010848358209625875
ars_gsm8k_r1distill8b,math,gsm8k,500,364,0.728,manual__ca_global_alpha_control__lambda_30,0.7436570782159018,0.8753116180450748,0.00020135476470168665
ars_gsm8k_r1distill8b,math,gsm8k,500,364,0.728,manual__ca_permuted_alpha_control__lambda_0,0.7575953458306399,0.8836754709022755,0.1393514636085804
ars_gsm8k_r1distill8b,math,gsm8k,500,364,0.728,manual__ca_permuted_alpha_control__lambda_0p1,0.7566863283775049,0.8836024643148108,0.11654362959181006
ars_gsm8k_r1distill8b,math,gsm8k,500,364,0.728,manual__ca_permuted_alpha_control__lambda_0p3,0.755151098901099,0.8831867533891065,0.08571598742344676
ars_gsm8k_r1distill8b,math,gsm8k,500,364,0.728,manual__ca_permuted_alpha_control__lambda_1,0.7511716224951519,0.8805214509763435,0.03917597164413742
ars_gsm8k_r1distill8b,math,gsm8k,500,364,0.728,manual__ca_permuted_alpha_control__lambda_10,0.7446670976082741,0.8760058391939782,0.0015507203426422082
ars_gsm8k_r1distill8b,math,gsm8k,500,364,0.728,manual__ca_permuted_alpha_control__lambda_100,0.7429904654169359,0.8746322863984727,1.9218692149964955e-05
ars_gsm8k_r1distill8b,math,gsm8k,500,364,0.728,manual__ca_permuted_alpha_control__lambda_3,0.7473941499676793,0.8780148901848933,0.010843602359878704
ars_gsm8k_r1distill8b,math,gsm8k,500,364,0.728,manual__ca_permuted_alpha_control__lambda_30,0.7433944731738849,0.875192351745655,0.00020149787637382906
ars_gsm8k_r1distill8b,math,gsm8k,500,364,0.728,manual__ca_specrage_alpha_liu__lambda_0,0.7575953458306399,0.8836754709022755,0.1393514636085804
ars_gsm8k_r1distill8b,math,gsm8k,500,364,0.728,manual__ca_specrage_alpha_liu__lambda_0p1,0.7564035229476406,0.8835554852020597,0.11677229643356528
ars_gsm8k_r1distill8b,math,gsm8k,500,364,0.728,manual__ca_specrage_alpha_liu__lambda_0p3,0.7549086942469296,0.8830997977768165,0.08643377576681838
ars_gsm8k_r1distill8b,math,gsm8k,500,364,0.728,manual__ca_specrage_alpha_liu__lambda_1,0.7504242081447964,0.8795695896964307,0.040398058811578236
ars_gsm8k_r1distill8b,math,gsm8k,500,364,0.728,manual__ca_specrage_alpha_liu__lambda_10,0.7412532320620555,0.8736467129981853,0.0016924354476242488
ars_gsm8k_r1distill8b,math,gsm8k,500,364,0.728,manual__ca_specrage_alpha_liu__lambda_100,0.7391119909502262,0.8723037090304082,2.128128016802667e-05
ars_gsm8k_r1distill8b,math,gsm8k,500,364,0.728,manual__ca_specrage_alpha_liu__lambda_3,0.7450509049773755,0.8766105106318518,0.011539384089950176
ars_gsm8k_r1distill8b,math,gsm8k,500,364,0.728,manual__ca_specrage_alpha_liu__lambda_30,0.7394553975436329,0.8724288690390168,0.0002222068196087475
ars_gsm8k_r1distill8b,math,gsm8k,500,364,0.728,manual__ca_specrage_y_liu__lambda_0,0.7575953458306399,0.8836754709022755,0.1393514636085804
ars_gsm8k_r1distill8b,math,gsm8k,500,364,0.728,manual__ca_specrage_y_liu__lambda_0p1,0.756827731092437,0.8836285590494815,0.11771892072276843
ars_gsm8k_r1distill8b,math,gsm8k,500,364,0.728,manual__ca_specrage_y_liu__lambda_0p3,0.7553733031674209,0.8833292861146254,0.08782733454925065
ars_gsm8k_r1distill8b,math,gsm8k,500,364,0.728,manual__ca_specrage_y_liu__lambda_1,0.7525048480930834,0.8815659804787328,0.04110565241175667
ars_gsm8k_r1distill8b,math,gsm8k,500,364,0.728,manual__ca_specrage_y_liu__lambda_10,0.7470305429864252,0.8777384299792655,0.0016726087802345884
ars_gsm8k_r1distill8b,math,gsm8k,500,364,0.728,manual__ca_specrage_y_liu__lambda_100,0.7458993212669685,0.8768899830812243,2.0821062813883156e-05
ars_gsm8k_r1distill8b,math,gsm8k,500,364,0.728,manual__ca_specrage_y_liu__lambda_3,0.7493535875888817,0.8790962480824911,0.011583919376305783
ars_gsm8k_r1distill8b,math,gsm8k,500,364,0.728,manual__ca_specrage_y_liu__lambda_30,0.746343729799612,0.8771037856865912,0.000218038678622734
ars_gsm8k_r1distill8b,math,gsm8k,500,364,0.728,manual__ca_uniform_alpha_control__lambda_0,0.7575953458306399,0.8836754709022755,0.1393514636085804
ars_gsm8k_r1distill8b,math,gsm8k,500,364,0.728,manual__ca_uniform_alpha_control__lambda_0p1,0.7573125404007757,0.8835714145364482,0.11503505638467366
ars_gsm8k_r1distill8b,math,gsm8k,500,364,0.728,manual__ca_uniform_alpha_control__lambda_0p3,0.7572115384615385,0.8836773124703237,0.08225092621629687
ars_gsm8k_r1distill8b,math,gsm8k,500,364,0.728,manual__ca_uniform_alpha_control__lambda_1,0.7564035229476407,0.8835593581972456,0.03470766647678748
ars_gsm8k_r1distill8b,math,gsm8k,500,364,0.728,manual__ca_uniform_alpha_control__lambda_10,0.7554339043309631,0.8833999555583898,0.0011490400441529023
ars_gsm8k_r1distill8b,math,gsm8k,500,364,0.728,manual__ca_uniform_alpha_control__lambda_100,0.755474305106658,0.8834309088421772,1.363982439570239e-05
ars_gsm8k_r1distill8b,math,gsm8k,500,364,0.728,manual__ca_uniform_alpha_control__lambda_3,0.7556157078215903,0.8833012927997453,0.008680542957506298
ars_gsm8k_r1distill8b,math,gsm8k,500,364,0.728,manual__ca_uniform_alpha_control__lambda_30,0.7553935035552682,0.883396379569855,0.00014475383558443662
ars_gsm8k_r1distill8b,math,gsm8k,500,364,0.728,manual__uniform_y_liu__lambda_0,0.7575953458306399,0.8836754709022755,0.1393514636085804
ars_gsm8k_r1distill8b,math,gsm8k,500,364,0.728,manual__uniform_y_liu__lambda_0p1,0.7573125404007758,0.8836325362384269,0.11571246574321768
ars_gsm8k_r1distill8b,math,gsm8k,500,364,0.728,manual__uniform_y_liu__lambda_0p3,0.7567671299288946,0.8836026986378701,0.08353531273755668
ars_gsm8k_r1distill8b,math,gsm8k,500,364,0.728,manual__uniform_y_liu__lambda_1,0.7557975113122173,0.8834384305597669,0.03597735230275465
ars_gsm8k_r1distill8b,math,gsm8k,500,364,0.728,manual__uniform_y_liu__lambda_10,0.7544440853264383,0.8828925403895189,0.001234090786911492
ars_gsm8k_r1distill8b,math,gsm8k,500,364,0.728,manual__uniform_y_liu__lambda_100,0.7542218810601163,0.8829297891263534,1.4761413097036484e-05
ars_gsm8k_r1distill8b,math,gsm8k,500,364,0.728,manual__uniform_y_liu__lambda_3,0.7551308985132514,0.8831500758470892,0.009189770787842267
ars_gsm8k_r1distill8b,math,gsm8k,500,364,0.728,manual__uniform_y_liu__lambda_30,0.7541208791208791,0.882813689083346,0.00015632497870650075
ars_gsm8k_r1distill8b,math,gsm8k,500,364,0.728,micro__adapted_specrage_y_liu__lambda_0,0.7575953458306399,0.8836754709022755,0.1393514636085804
ars_gsm8k_r1distill8b,math,gsm8k,500,364,0.728,micro__adapted_specrage_y_liu__lambda_0p1,0.757332740788623,0.8836868571372727,0.11616640126443749
ars_gsm8k_r1distill8b,math,gsm8k,500,364,0.728,micro__adapted_specrage_y_liu__lambda_0p3,0.7568479314802845,0.8836388659992442,0.08439760907158916
ars_gsm8k_r1distill8b,math,gsm8k,500,364,0.728,micro__adapted_specrage_y_liu__lambda_1,0.7555147058823529,0.8834696353631913,0.0368344116800787
ars_gsm8k_r1distill8b,math,gsm8k,500,364,0.728,micro__adapted_specrage_y_liu__lambda_10,0.7541208791208791,0.8828648096497352,0.0012922551472158322
ars_gsm8k_r1distill8b,math,gsm8k,500,364,0.728,micro__adapted_specrage_y_liu__lambda_100,0.7539996767937944,0.8827579339270306,1.553097432227065e-05
ars_gsm8k_r1distill8b,math,gsm8k,500,364,0.728,micro__adapted_specrage_y_liu__lambda_3,0.7548480930833872,0.8830787273894818,0.009536013884117707
ars_gsm8k_r1distill8b,math,gsm8k,500,364,0.728,micro__adapted_specrage_y_liu__lambda_30,0.7539390756302522,0.8826561471441914,0.00016425694035548553
ars_gsm8k_r1distill8b,math,gsm8k,500,364,0.728,micro__ca_global_alpha_control__lambda_0,0.7575953458306399,0.8836754709022755,0.1393514636085804
ars_gsm8k_r1distill8b,math,gsm8k,500,364,0.728,micro__ca_global_alpha_control__lambda_0p1,0.7580195539754364,0.883459534498968,0.11558923489461174
ars_gsm8k_r1distill8b,math,gsm8k,500,364,0.728,micro__ca_global_alpha_control__lambda_0p3,0.7585447640594699,0.8832876965584853,0.08369273218811303
ars_gsm8k_r1distill8b,math,gsm8k,500,364,0.728,micro__ca_global_alpha_control__lambda_1,0.7600395927601811,0.8844889427190588,0.03686707382071123
ars_gsm8k_r1distill8b,math,gsm8k,500,364,0.728,micro__ca_global_alpha_control__lambda_10,0.760261797026503,0.8834822172435239,0.0013734043696273979
ars_gsm8k_r1distill8b,math,gsm8k,500,364,0.728,micro__ca_global_alpha_control__lambda_100,0.7595143826761473,0.882961835028309,1.6829170886023483e-05
ars_gsm8k_r1distill8b,math,gsm8k,500,364,0.728,micro__ca_global_alpha_control__lambda_3,0.7605446024563671,0.8844401299837161,0.009830141815287774
ars_gsm8k_r1distill8b,math,gsm8k,500,364,0.728,micro__ca_global_alpha_control__lambda_30,0.7597971881060117,0.8832911558600591,0.0001769901146431875
ars_gsm8k_r1distill8b,math,gsm8k,500,364,0.728,micro__ca_permuted_alpha_control__lambda_0,0.7575953458306399,0.8836754709022755,0.1393514636085804
ars_gsm8k_r1distill8b,math,gsm8k,500,364,0.728,micro__ca_permuted_alpha_control__lambda_0p1,0.7579589528118941,0.8834288100846559,0.11552912797281167
ars_gsm8k_r1distill8b,math,gsm8k,500,364,0.728,micro__ca_permuted_alpha_control__lambda_0p3,0.7585649644473174,0.8832693607921005,0.08357186113404869
ars_gsm8k_r1distill8b,math,gsm8k,500,364,0.728,micro__ca_permuted_alpha_control__lambda_1,0.7599385908209437,0.884449246570643,0.0367324097237336
ars_gsm8k_r1distill8b,math,gsm8k,500,364,0.728,micro__ca_permuted_alpha_control__lambda_10,0.7602213962508081,0.8834571730636449,0.001362242959958744
ars_gsm8k_r1distill8b,math,gsm8k,500,364,0.728,micro__ca_permuted_alpha_control__lambda_100,0.7596153846153846,0.8830304091716881,1.6674656767019895e-05
ars_gsm8k_r1distill8b,math,gsm8k,500,364,0.728,micro__ca_permuted_alpha_control__lambda_3,0.7606052036199096,0.8845452400695722,0.009768981574862836
ars_gsm8k_r1distill8b,math,gsm8k,500,364,0.728,micro__ca_permuted_alpha_control__lambda_30,0.760079993535876,0.8834910582084469,0.00017541765340257348
ars_gsm8k_r1distill8b,math,gsm8k,500,364,0.728,micro__ca_specrage_alpha_liu__lambda_0,0.7575953458306399,0.8836754709022755,0.1393514636085804
ars_gsm8k_r1distill8b,math,gsm8k,500,364,0.728,micro__ca_specrage_alpha_liu__lambda_0p1,0.7579589528118941,0.8833490193445308,0.1155730589954051
ars_gsm8k_r1distill8b,math,gsm8k,500,364,0.728,micro__ca_specrage_alpha_liu__lambda_0p3,0.7584639625080802,0.8831770991062182,0.08368460268204053
ars_gsm8k_r1distill8b,math,gsm8k,500,364,0.728,micro__ca_specrage_alpha_liu__lambda_1,0.76044360051713,0.8846748677116043,0.03690260931150411
ars_gsm8k_r1distill8b,math,gsm8k,500,364,0.728,micro__ca_specrage_alpha_liu__lambda_10,0.760221396250808,0.8834044559536007,0.0013810285542426623
ars_gsm8k_r1distill8b,math,gsm8k,500,364,0.728,micro__ca_specrage_alpha_liu__lambda_100,0.7594335811247576,0.8828634874707968,1.6946498429688625e-05
ars_gsm8k_r1distill8b,math,gsm8k,500,364,0.728,micro__ca_specrage_alpha_liu__lambda_3,0.7607870071105365,0.8846380411052801,0.009862443219902641
ars_gsm8k_r1distill8b,math,gsm8k,500,364,0.728,micro__ca_specrage_alpha_liu__lambda_30,0.7594941822882999,0.8829542552209159,0.00017815127455383215
ars_gsm8k_r1distill8b,math,gsm8k,500,364,0.728,micro__ca_specrage_y_liu__lambda_0,0.7575953458306399,0.8836754709022755,0.1393514636085804
ars_gsm8k_r1distill8b,math,gsm8k,500,364,0.728,micro__ca_specrage_y_liu__lambda_0p1,0.7570701357466063,0.8836632759431289,0.11348867230138746
ars_gsm8k_r1distill8b,math,gsm8k,500,364,0.728,micro__ca_specrage_y_liu__lambda_0p3,0.7556965093729799,0.8833324844650758,0.07976696901559573
ars_gsm8k_r1distill8b,math,gsm8k,500,364,0.728,micro__ca_specrage_y_liu__lambda_1,0.7539592760180995,0.8826681466524728,0.03298228273339149
ars_gsm8k_r1distill8b,math,gsm8k,500,364,0.728,micro__ca_specrage_y_liu__lambda_10,0.7484243697478992,0.878587087719586,0.0010935306654070976
ars_gsm8k_r1distill8b,math,gsm8k,500,364,0.728,micro__ca_specrage_y_liu__lambda_100,0.7471719457013575,0.8778004479588749,1.3046130123307445e-05
ars_gsm8k_r1distill8b,math,gsm8k,500,364,0.728,micro__ca_specrage_y_liu__lambda_3,0.7506868131868132,0.8799243090627276,0.008217777446608352
ars_gsm8k_r1distill8b,math,gsm8k,500,364,0.728,micro__ca_specrage_y_liu__lambda_30,0.7473941499676795,0.8780093933765796,0.00013823990658707
ars_gsm8k_r1distill8b,math,gsm8k,500,364,0.728,micro__ca_uniform_alpha_control__lambda_0,0.7575953458306399,0.8836754709022755,0.1393514636085804
ars_gsm8k_r1distill8b,math,gsm8k,500,364,0.728,micro__ca_uniform_alpha_control__lambda_0p1,0.757777149321267,0.8834244227793526,0.11553240384411069
ars_gsm8k_r1distill8b,math,gsm8k,500,364,0.728,micro__ca_uniform_alpha_control__lambda_0p3,0.7582215578539109,0.8834579532303545,0.08335379311767717
ars_gsm8k_r1distill8b,math,gsm8k,500,364,0.728,micro__ca_uniform_alpha_control__lambda_1,0.7590093729799613,0.8834258947275603,0.03609150723027233
ars_gsm8k_r1distill8b,math,gsm8k,500,364,0.728,micro__ca_uniform_alpha_control__lambda_10,0.7608678086619263,0.8848098279232467,0.0012713966073201362
ars_gsm8k_r1distill8b,math,gsm8k,500,364,0.728,micro__ca_uniform_alpha_control__lambda_100,0.7605244020685197,0.8844319258295512,1.533293194643452e-05
ars_gsm8k_r1distill8b,math,gsm8k,500,364,0.728,micro__ca_uniform_alpha_control__lambda_3,0.7606860051712994,0.8849484822757392,0.009343473724828013
ars_gsm8k_r1distill8b,math,gsm8k,500,364,0.728,micro__ca_uniform_alpha_control__lambda_30,0.7605648028442146,0.8844879961822609,0.0001619934326959051
ars_gsm8k_r1distill8b,math,gsm8k,500,364,0.728,micro__uniform_y_liu__lambda_0,0.7575953458306399,0.8836754709022755,0.1393514636085804
ars_gsm8k_r1distill8b,math,gsm8k,500,364,0.728,micro__uniform_y_liu__lambda_0p1,0.7573327407886232,0.8835663742072297,0.1157996601172252
ars_gsm8k_r1distill8b,math,gsm8k,500,364,0.728,micro__uniform_y_liu__lambda_0p3,0.7572519392372334,0.8836619131489059,0.08363261628483355
ars_gsm8k_r1distill8b,math,gsm8k,500,364,0.728,micro__uniform_y_liu__lambda_1,0.7567671299288946,0.8836045123716665,0.035959535868105845
ars_gsm8k_r1distill8b,math,gsm8k,500,364,0.728,micro__uniform_y_liu__lambda_10,0.7560197155785391,0.8833723524169457,0.0012232559651811767
ars_gsm8k_r1distill8b,math,gsm8k,500,364,0.728,micro__uniform_y_liu__lambda_100,0.7557773109243697,0.8833324959988089,1.4596231662181543e-05
ars_gsm8k_r1distill8b,math,gsm8k,500,364,0.728,micro__uniform_y_liu__lambda_3,0.7564035229476406,0.8835676618454625,0.009145940265690036
ars_gsm8k_r1distill8b,math,gsm8k,500,364,0.728,micro__uniform_y_liu__lambda_30,0.7558177117000646,0.8833616257006847,0.00015468349173034592
ars_gsm8k_r1distill8b,math,gsm8k,500,364,0.728,raw_uniform_liu__lambda_0,0.7575953458306399,0.8836754709022755,0.1393514636085804
ars_gsm8k_r1distill8b,math,gsm8k,500,364,0.728,raw_uniform_liu__lambda_0p1,0.7572721396250808,0.8836668100401497,0.11679853241632361
ars_gsm8k_r1distill8b,math,gsm8k,500,364,0.728,raw_uniform_liu__lambda_0p3,0.7566661279896574,0.8836037184455772,0.08559650995811852
ars_gsm8k_r1distill8b,math,gsm8k,500,364,0.728,raw_uniform_liu__lambda_1,0.7553329023917259,0.8833328675894359,0.03802611002358325
ars_gsm8k_r1distill8b,math,gsm8k,500,364,0.728,raw_uniform_liu__lambda_10,0.7539794764059469,0.8827618828717477,0.0013737241788429166
ars_gsm8k_r1distill8b,math,gsm8k,500,364,0.728,raw_uniform_liu__lambda_100,0.753656270200388,0.882238462911378,1.661149100469391e-05
ars_gsm8k_r1distill8b,math,gsm8k,500,364,0.728,raw_uniform_liu__lambda_3,0.7546864899806076,0.8829525334919496,0.010019127861079785
ars_gsm8k_r1distill8b,math,gsm8k,500,364,0.728,raw_uniform_liu__lambda_30,0.753656270200388,0.8823594862641703,0.00017538616213288901
internalstates_gsm8k_qwen25_7b,math,gsm8k,500,147,0.294,atomic__adapted_specrage_y_liu__lambda_0,0.711510666589582,0.48980609165815925,0.26384510923376836
internalstates_gsm8k_qwen25_7b,math,gsm8k,500,147,0.294,atomic__adapted_specrage_y_liu__lambda_0p1,0.7115492089186951,0.4885785188176187,0.22011016094167998
internalstates_gsm8k_qwen25_7b,math,gsm8k,500,147,0.294,atomic__adapted_specrage_y_liu__lambda_0p3,0.7117226493997032,0.48867867641968,0.15990459651667346
internalstates_gsm8k_qwen25_7b,math,gsm8k,500,147,0.294,atomic__adapted_specrage_y_liu__lambda_1,0.7121080726908326,0.4887686214276552,0.06950717329010266
internalstates_gsm8k_qwen25_7b,math,gsm8k,500,147,0.294,atomic__adapted_specrage_y_liu__lambda_10,0.7125320383110751,0.4897071284195717,0.0024015246688322838
internalstates_gsm8k_qwen25_7b,math,gsm8k,500,147,0.294,atomic__adapted_specrage_y_liu__lambda_100,0.712686207627527,0.4898083163578778,2.874018796010432e-05
internalstates_gsm8k_qwen25_7b,math,gsm8k,500,147,0.294,atomic__adapted_specrage_y_liu__lambda_3,0.7122236996781715,0.48914532081987894,0.01784970438608307
internalstates_gsm8k_qwen25_7b,math,gsm8k,500,147,0.294,atomic__adapted_specrage_y_liu__lambda_30,0.7126476652984138,0.48979476316530146,0.00030432781583540646
internalstates_gsm8k_qwen25_7b,math,gsm8k,500,147,0.294,atomic__ca_global_alpha_control__lambda_0,0.711510666589582,0.48980609165815925,0.26384510923376836
internalstates_gsm8k_qwen25_7b,math,gsm8k,500,147,0.294,atomic__ca_global_alpha_control__lambda_0p1,0.7112601414503479,0.4893918856196548,0.22152033905865356
internalstates_gsm8k_qwen25_7b,math,gsm8k,500,147,0.294,atomic__ca_global_alpha_control__lambda_0p3,0.7106820065136537,0.488780731208014,0.16260104659011854
internalstates_gsm8k_qwen25_7b,math,gsm8k,500,147,0.294,atomic__ca_global_alpha_control__lambda_1,0.7098340752731688,0.4858485421104029,0.07221482525305038
internalstates_gsm8k_qwen25_7b,math,gsm8k,500,147,0.294,atomic__ca_global_alpha_control__lambda_10,0.708909059374458,0.48364394304321234,0.0025872464762853875
internalstates_gsm8k_qwen25_7b,math,gsm8k,500,147,0.294,atomic__ca_global_alpha_control__lambda_100,0.7084272802605461,0.48333517719401514,3.120110523293033e-05
internalstates_gsm8k_qwen25_7b,math,gsm8k,500,147,0.294,atomic__ca_global_alpha_control__lambda_3,0.7093330249947004,0.4853310077109414,0.018951407976486687
internalstates_gsm8k_qwen25_7b,math,gsm8k,500,147,0.294,atomic__ca_global_alpha_control__lambda_30,0.7085621784124414,0.48331913732161835,0.0003296828418275306
internalstates_gsm8k_qwen25_7b,math,gsm8k,500,147,0.294,atomic__ca_permuted_alpha_control__lambda_0,0.711510666589582,0.48980609165815925,0.26384510923376836
internalstates_gsm8k_qwen25_7b,math,gsm8k,500,147,0.294,atomic__ca_permuted_alpha_control__lambda_0p1,0.7112601414503479,0.4893918856196548,0.22155967899824264
internalstates_gsm8k_qwen25_7b,math,gsm8k,500,147,0.294,atomic__ca_permuted_alpha_control__lambda_0p3,0.7106820065136537,0.488780731208014,0.16267539282516105
internalstates_gsm8k_qwen25_7b,math,gsm8k,500,147,0.294,atomic__ca_permuted_alpha_control__lambda_1,0.7098340752731688,0.4858485421104029,0.07228822492674308
internalstates_gsm8k_qwen25_7b,math,gsm8k,500,147,0.294,atomic__ca_permuted_alpha_control__lambda_10,0.7089283305390145,0.48393043450995854,0.002592210418849674
internalstates_gsm8k_qwen25_7b,math,gsm8k,500,147,0.294,atomic__ca_permuted_alpha_control__lambda_100,0.7084465514251026,0.4833452785207722,3.126678888241698e-05
internalstates_gsm8k_qwen25_7b,math,gsm8k,500,147,0.294,atomic__ca_permuted_alpha_control__lambda_3,0.7093330249947004,0.4853319173416205,0.018980972598405765
internalstates_gsm8k_qwen25_7b,math,gsm8k,500,147,0.294,atomic__ca_permuted_alpha_control__lambda_30,0.708581449576998,0.4833429206837296,0.0003303598166655745
internalstates_gsm8k_qwen25_7b,math,gsm8k,500,147,0.294,atomic__ca_specrage_alpha_liu__lambda_0,0.711510666589582,0.48980609165815925,0.26384510923376836
internalstates_gsm8k_qwen25_7b,math,gsm8k,500,147,0.294,atomic__ca_specrage_alpha_liu__lambda_0p1,0.7111637856275655,0.4894866601649934,0.22218477832518413
internalstates_gsm8k_qwen25_7b,math,gsm8k,500,147,0.294,atomic__ca_specrage_alpha_liu__lambda_0p3,0.7106434641845406,0.4879783705291276,0.16389371581566836
internalstates_gsm8k_qwen25_7b,math,gsm8k,500,147,0.294,atomic__ca_specrage_alpha_liu__lambda_1,0.7098148041086123,0.4857543686158014,0.07355245454457872
internalstates_gsm8k_qwen25_7b,math,gsm8k,500,147,0.294,atomic__ca_specrage_alpha_liu__lambda_10,0.7082152974504248,0.482618896841841,0.002683001383393145
internalstates_gsm8k_qwen25_7b,math,gsm8k,500,147,0.294,atomic__ca_specrage_alpha_liu__lambda_100,0.7076178913491743,0.4809535185239922,3.248068450277057e-05
internalstates_gsm8k_qwen25_7b,math,gsm8k,500,147,0.294,atomic__ca_specrage_alpha_liu__lambda_3,0.7086199919061109,0.4833626623252837,0.019510123447979453
internalstates_gsm8k_qwen25_7b,math,gsm8k,500,147,0.294,atomic__ca_specrage_alpha_liu__lambda_30,0.707810602994739,0.4813045198487287,0.00034283565029849137
internalstates_gsm8k_qwen25_7b,math,gsm8k,500,147,0.294,atomic__ca_specrage_y_liu__lambda_0,0.711510666589582,0.48980609165815925,0.26384510923376836
internalstates_gsm8k_qwen25_7b,math,gsm8k,500,147,0.294,atomic__ca_specrage_y_liu__lambda_0p1,0.711510666589582,0.4897672063426052,0.22092002427654495
internalstates_gsm8k_qwen25_7b,math,gsm8k,500,147,0.294,atomic__ca_specrage_y_liu__lambda_0p3,0.7114721242604691,0.489854646529982,0.16141069366975694
internalstates_gsm8k_qwen25_7b,math,gsm8k,500,147,0.294,atomic__ca_specrage_y_liu__lambda_1,0.7114528530959126,0.489823965137552,0.07095000227875363
internalstates_gsm8k_qwen25_7b,math,gsm8k,500,147,0.294,atomic__ca_specrage_y_liu__lambda_10,0.7113757684376867,0.48975683417147303,0.002494730162985412
internalstates_gsm8k_qwen25_7b,math,gsm8k,500,147,0.294,atomic__ca_specrage_y_liu__lambda_100,0.7113372261085736,0.4896906549097375,2.9962095260862162e-05
internalstates_gsm8k_qwen25_7b,math,gsm8k,500,147,0.294,atomic__ca_specrage_y_liu__lambda_3,0.7113950396022432,0.4897545022999014,0.018414900306098114
internalstates_gsm8k_qwen25_7b,math,gsm8k,500,147,0.294,atomic__ca_specrage_y_liu__lambda_30,0.7113372261085736,0.4896906549097375,0.0003169539698555394
internalstates_gsm8k_qwen25_7b,math,gsm8k,500,147,0.294,atomic__ca_uniform_alpha_control__lambda_0,0.711510666589582,0.48980609165815925,0.26384510923376836
internalstates_gsm8k_qwen25_7b,math,gsm8k,500,147,0.294,atomic__ca_uniform_alpha_control__lambda_0p1,0.7115299377541385,0.4885685143858634,0.22086069905696154
internalstates_gsm8k_qwen25_7b,math,gsm8k,500,147,0.294,atomic__ca_uniform_alpha_control__lambda_0p3,0.711549208918695,0.48861796864383666,0.16130066363308865
internalstates_gsm8k_qwen25_7b,math,gsm8k,500,147,0.294,atomic__ca_uniform_alpha_control__lambda_1,0.7117611917288161,0.48871043382147933,0.07084496798677183
internalstates_gsm8k_qwen25_7b,math,gsm8k,500,147,0.294,atomic__ca_uniform_alpha_control__lambda_10,0.7119346322098244,0.4885882764576429,0.002487958237646321
internalstates_gsm8k_qwen25_7b,math,gsm8k,500,147,0.294,atomic__ca_uniform_alpha_control__lambda_100,0.7119924457034938,0.48867761125177045,2.9873313258642774e-05
internalstates_gsm8k_qwen25_7b,math,gsm8k,500,147,0.294,atomic__ca_uniform_alpha_control__lambda_3,0.7119539033743808,0.4886184200121997,0.01837382260192589
internalstates_gsm8k_qwen25_7b,math,gsm8k,500,147,0.294,atomic__ca_uniform_alpha_control__lambda_30,0.7119346322098243,0.4885110918843196,0.0003160365929631713
internalstates_gsm8k_qwen25_7b,math,gsm8k,500,147,0.294,atomic__uniform_y_liu__lambda_0,0.711510666589582,0.48980609165815925,0.26384510923376836
internalstates_gsm8k_qwen25_7b,math,gsm8k,500,147,0.294,atomic__uniform_y_liu__lambda_0p1,0.7103543967161936,0.48742923053897425,0.22217751229706914
internalstates_gsm8k_qwen25_7b,math,gsm8k,500,147,0.294,atomic__uniform_y_liu__lambda_0p3,0.7086007207415543,0.4833542943966389,0.1645448582954336
internalstates_gsm8k_qwen25_7b,math,gsm8k,500,147,0.294,atomic__uniform_y_liu__lambda_1,0.7046886743365901,0.4733981447829375,0.07529564801399564
internalstates_gsm8k_qwen25_7b,math,gsm8k,500,147,0.294,atomic__uniform_y_liu__lambda_10,0.6993891040835597,0.4606559006388018,0.0028983065247182183
internalstates_gsm8k_qwen25_7b,math,gsm8k,500,147,0.294,atomic__uniform_y_liu__lambda_100,0.6981557495519454,0.45926279089611405,3.557050927359767e-05
internalstates_gsm8k_qwen25_7b,math,gsm8k,500,147,0.294,atomic__uniform_y_liu__lambda_3,0.7013354917037636,0.46542546972727666,0.020575140683839706
internalstates_gsm8k_qwen25_7b,math,gsm8k,500,147,0.294,atomic__uniform_y_liu__lambda_30,0.6985411728430748,0.459810078954605,0.0003739983957692049
internalstates_gsm8k_qwen25_7b,math,gsm8k,500,147,0.294,deployed_upcr,0.708176755121312,0.47998083309827355,0.279023587697901
internalstates_gsm8k_qwen25_7b,math,gsm8k,500,147,0.294,dufs_liu__lambda_0,0.711510666589582,0.48980609165815925,0.26384510923376836
internalstates_gsm8k_qwen25_7b,math,gsm8k,500,147,0.294,dufs_liu__lambda_0p1,0.7098340752731688,0.4857876761250276,0.23638423282485999
internalstates_gsm8k_qwen25_7b,math,gsm8k,500,147,0.294,dufs_liu__lambda_0p3,0.7076178913491743,0.4809167542283662,0.1944098084379583
internalstates_gsm8k_qwen25_7b,math,gsm8k,500,147,0.294,dufs_liu__lambda_1,0.7042647087163478,0.47295051442953123,0.11213443243387995
internalstates_gsm8k_qwen25_7b,math,gsm8k,500,147,0.294,dufs_liu__lambda_10,0.7014511186911024,0.46558544441331773,0.006803678973628317
internalstates_gsm8k_qwen25_7b,math,gsm8k,500,147,0.294,dufs_liu__lambda_100,0.7011813223873118,0.4652123159114371,9.344314014222602e-05
internalstates_gsm8k_qwen25_7b,math,gsm8k,500,147,0.294,dufs_liu__lambda_3,0.7020099824632403,0.46954874806678254,0.039695190298642456
internalstates_gsm8k_qwen25_7b,math,gsm8k,500,147,0.294,dufs_liu__lambda_30,0.7012584070455377,0.4652739106414825,0.0009515227636221647
internalstates_gsm8k_qwen25_7b,math,gsm8k,500,147,0.294,iu_pcr,0.711510666589582,0.48980609165815925,0.26384510923376836
internalstates_gsm8k_qwen25_7b,math,gsm8k,500,147,0.294,manual__adapted_specrage_y_liu__lambda_0,0.711510666589582,0.48980609165815925,0.26384510923376836
internalstates_gsm8k_qwen25_7b,math,gsm8k,500,147,0.294,manual__adapted_specrage_y_liu__lambda_0p1,0.7111059721338959,0.4893141742048935,0.22196240415865856
internalstates_gsm8k_qwen25_7b,math,gsm8k,500,147,0.294,manual__adapted_specrage_y_liu__lambda_0p3,0.7104314813744195,0.48760268838947746,0.16350133286735807
internalstates_gsm8k_qwen25_7b,math,gsm8k,500,147,0.294,manual__adapted_specrage_y_liu__lambda_1,0.7093330249947004,0.4853310077109414,0.07320944938517258
internalstates_gsm8k_qwen25_7b,math,gsm8k,500,147,0.294,manual__adapted_specrage_y_liu__lambda_10,0.7076371625137308,0.47960003112922245,0.002663297370237826
internalstates_gsm8k_qwen25_7b,math,gsm8k,500,147,0.294,manual__adapted_specrage_y_liu__lambda_100,0.7072902815517141,0.47914116179769295,3.222757794611682e-05
internalstates_gsm8k_qwen25_7b,math,gsm8k,500,147,0.294,manual__adapted_specrage_y_liu__lambda_3,0.7083116532732073,0.4829035379719191,0.01938542617057888
internalstates_gsm8k_qwen25_7b,math,gsm8k,500,147,0.294,manual__adapted_specrage_y_liu__lambda_30,0.7073480950453835,0.47914824621582247,0.00034020575262214646
internalstates_gsm8k_qwen25_7b,math,gsm8k,500,147,0.294,manual__ca_global_alpha_control__lambda_0,0.711510666589582,0.48980609165815925,0.26384510923376836
internalstates_gsm8k_qwen25_7b,math,gsm8k,500,147,0.294,manual__ca_global_alpha_control__lambda_0p1,0.7107590911718794,0.48879788896380316,0.2242107501988164
internalstates_gsm8k_qwen25_7b,math,gsm8k,500,147,0.294,manual__ca_global_alpha_control__lambda_0p3,0.7097184482858299,0.4856810712594479,0.16815018088225991
internalstates_gsm8k_qwen25_7b,math,gsm8k,500,147,0.294,manual__ca_global_alpha_control__lambda_1,0.7072131968934883,0.47925239480166915,0.07848201831331858
internalstates_gsm8k_qwen25_7b,math,gsm8k,500,147,0.294,manual__ca_global_alpha_control__lambda_10,0.7031084388429593,0.4717313301961735,0.00308581597476492
internalstates_gsm8k_qwen25_7b,math,gsm8k,500,147,0.294,manual__ca_global_alpha_control__lambda_100,0.7025110327417086,0.4702637884276849,3.799398316915242e-05
internalstates_gsm8k_qwen25_7b,math,gsm8k,500,147,0.294,manual__ca_global_alpha_control__lambda_3,0.7045730473492513,0.4732737130874056,0.02174920494355723
internalstates_gsm8k_qwen25_7b,math,gsm8k,500,147,0.294,manual__ca_global_alpha_control__lambda_30,0.7027037443872732,0.4703984288360192,0.0003991355612901662
internalstates_gsm8k_qwen25_7b,math,gsm8k,500,147,0.294,manual__ca_permuted_alpha_control__lambda_0,0.711510666589582,0.48980609165815925,0.26384510923376836
internalstates_gsm8k_qwen25_7b,math,gsm8k,500,147,0.294,manual__ca_permuted_alpha_control__lambda_0p1,0.7107590911718795,0.48883285840278734,0.22427372745194135
internalstates_gsm8k_qwen25_7b,math,gsm8k,500,147,0.294,manual__ca_permuted_alpha_control__lambda_0p3,0.709641363627604,0.4856166758084416,0.16825017265514997
internalstates_gsm8k_qwen25_7b,math,gsm8k,500,147,0.294,manual__ca_permuted_alpha_control__lambda_1,0.7072517392226012,0.4792873803720662,0.07855092023036364
internalstates_gsm8k_qwen25_7b,math,gsm8k,500,147,0.294,manual__ca_permuted_alpha_control__lambda_10,0.7034167774758627,0.4721824529026759,0.00308803762944598
internalstates_gsm8k_qwen25_7b,math,gsm8k,500,147,0.294,manual__ca_permuted_alpha_control__lambda_100,0.702819371374612,0.47065032868986567,3.801762911642538e-05
internalstates_gsm8k_qwen25_7b,math,gsm8k,500,147,0.294,manual__ca_permuted_alpha_control__lambda_3,0.7047850301593724,0.47345318800773506,0.021767732469632584
internalstates_gsm8k_qwen25_7b,math,gsm8k,500,147,0.294,manual__ca_permuted_alpha_control__lambda_30,0.7030698965138463,0.4710267605291391,0.00039939550214820776
internalstates_gsm8k_qwen25_7b,math,gsm8k,500,147,0.294,manual__ca_specrage_alpha_liu__lambda_0,0.711510666589582,0.48980609165815925,0.26384510923376836
internalstates_gsm8k_qwen25_7b,math,gsm8k,500,147,0.294,manual__ca_specrage_alpha_liu__lambda_0p1,0.7107205488427665,0.48884499876651694,0.22549248404849875
internalstates_gsm8k_qwen25_7b,math,gsm8k,500,147,0.294,manual__ca_specrage_alpha_liu__lambda_0p3,0.7098533464377251,0.48574817568856304,0.1705797247421071
internalstates_gsm8k_qwen25_7b,math,gsm8k,500,147,0.294,manual__ca_specrage_alpha_liu__lambda_1,0.7075986201846178,0.4811233987430256,0.08093589537447547
internalstates_gsm8k_qwen25_7b,math,gsm8k,500,147,0.294,manual__ca_specrage_alpha_liu__lambda_10,0.7045537761846947,0.4731968854137417,0.003265118113292939
internalstates_gsm8k_qwen25_7b,math,gsm8k,500,147,0.294,manual__ca_specrage_alpha_liu__lambda_100,0.7040719970707828,0.47271869724697174,4.0417577994952535e-05
internalstates_gsm8k_qwen25_7b,math,gsm8k,500,147,0.294,manual__ca_specrage_alpha_liu__lambda_3,0.7060183846909868,0.47857847973288137,0.022779235348467018
internalstates_gsm8k_qwen25_7b,math,gsm8k,500,147,0.294,manual__ca_specrage_alpha_liu__lambda_30,0.7043032510454605,0.47301917158585477,0.00042396343257944597
internalstates_gsm8k_qwen25_7b,math,gsm8k,500,147,0.294,manual__ca_specrage_y_liu__lambda_0,0.711510666589582,0.48980609165815925,0.26384510923376836
internalstates_gsm8k_qwen25_7b,math,gsm8k,500,147,0.294,manual__ca_specrage_y_liu__lambda_0p1,0.7102194985642982,0.48732486357645055,0.22241183035661916
internalstates_gsm8k_qwen25_7b,math,gsm8k,500,147,0.294,manual__ca_specrage_y_liu__lambda_0p3,0.7083116532732074,0.48317680257852025,0.16507365541813354
internalstates_gsm8k_qwen25_7b,math,gsm8k,500,147,0.294,manual__ca_specrage_y_liu__lambda_1,0.7042839798809042,0.47301084145129313,0.07596350216501355
internalstates_gsm8k_qwen25_7b,math,gsm8k,500,147,0.294,manual__ca_specrage_y_liu__lambda_10,0.6987338844886396,0.45972020572373146,0.0029579356296212888
internalstates_gsm8k_qwen25_7b,math,gsm8k,500,147,0.294,manual__ca_specrage_y_liu__lambda_100,0.6974427164633559,0.45805742952116524,3.6399681231956386e-05
internalstates_gsm8k_qwen25_7b,math,gsm8k,500,147,0.294,manual__ca_specrage_y_liu__lambda_3,0.7012005935518683,0.46510384794322324,0.020896180518076228
internalstates_gsm8k_qwen25_7b,math,gsm8k,500,147,0.294,manual__ca_specrage_y_liu__lambda_30,0.6978859532481547,0.45874901773657006,0.0003824287670203413
internalstates_gsm8k_qwen25_7b,math,gsm8k,500,147,0.294,manual__ca_uniform_alpha_control__lambda_0,0.711510666589582,0.48980609165815925,0.26384510923376836
internalstates_gsm8k_qwen25_7b,math,gsm8k,500,147,0.294,manual__ca_uniform_alpha_control__lambda_0p1,0.711472124260469,0.48977241733602295,0.22264355206786332
internalstates_gsm8k_qwen25_7b,math,gsm8k,500,147,0.294,manual__ca_uniform_alpha_control__lambda_0p3,0.7114528530959126,0.4898628575374766,0.1646701398850612
internalstates_gsm8k_qwen25_7b,math,gsm8k,500,147,0.294,manual__ca_uniform_alpha_control__lambda_1,0.7112794126149042,0.4894513900513964,0.074175961387745
internalstates_gsm8k_qwen25_7b,math,gsm8k,500,147,0.294,manual__ca_uniform_alpha_control__lambda_10,0.7112794126149042,0.4893545776926843,0.0027139661623981734
internalstates_gsm8k_qwen25_7b,math,gsm8k,500,147,0.294,manual__ca_uniform_alpha_control__lambda_100,0.7112986837794608,0.48941694335557,3.286590844151958e-05
internalstates_gsm8k_qwen25_7b,math,gsm8k,500,147,0.294,manual__ca_uniform_alpha_control__lambda_3,0.7112986837794608,0.48938723925914696,0.019718104174075685
internalstates_gsm8k_qwen25_7b,math,gsm8k,500,147,0.294,manual__ca_uniform_alpha_control__lambda_30,0.7113179549440174,0.48942665494442544,0.0003468743332044002
internalstates_gsm8k_qwen25_7b,math,gsm8k,500,147,0.294,manual__uniform_y_liu__lambda_0,0.711510666589582,0.48980609165815925,0.26384510923376836
internalstates_gsm8k_qwen25_7b,math,gsm8k,500,147,0.294,manual__uniform_y_liu__lambda_0p1,0.7106434641845406,0.4879783705291276,0.22046891132193713
internalstates_gsm8k_qwen25_7b,math,gsm8k,500,147,0.294,manual__uniform_y_liu__lambda_0p3,0.7091403133491357,0.48512463357921143,0.16114595781665436
internalstates_gsm8k_qwen25_7b,math,gsm8k,500,147,0.294,manual__uniform_y_liu__lambda_1,0.7057485883871962,0.47718703156198417,0.07166608381697905
internalstates_gsm8k_qwen25_7b,math,gsm8k,500,147,0.294,manual__uniform_y_liu__lambda_10,0.7004682892987224,0.46325802641583225,0.0026267479427658537
internalstates_gsm8k_qwen25_7b,math,gsm8k,500,147,0.294,manual__uniform_y_liu__lambda_100,0.699119307779769,0.4603247928706706,3.190503916368345e-05
internalstates_gsm8k_qwen25_7b,math,gsm8k,500,147,0.294,manual__uniform_y_liu__lambda_3,0.7019136266404578,0.4693781670525483,0.01901900126982952
internalstates_gsm8k_qwen25_7b,math,gsm8k,500,147,0.294,manual__uniform_y_liu__lambda_30,0.6993698329190032,0.4606303293268055,0.00033642773252395695
internalstates_gsm8k_qwen25_7b,math,gsm8k,500,147,0.294,micro__adapted_specrage_y_liu__lambda_0,0.711510666589582,0.48980609165815925,0.26384510923376836
internalstates_gsm8k_qwen25_7b,math,gsm8k,500,147,0.294,micro__adapted_specrage_y_liu__lambda_0p1,0.7112408702857913,0.4893821519695631,0.21849667941248826
internalstates_gsm8k_qwen25_7b,math,gsm8k,500,147,0.294,micro__adapted_specrage_y_liu__lambda_0p3,0.7107205488427665,0.4888504390140564,0.1569949403941929
internalstates_gsm8k_qwen25_7b,math,gsm8k,500,147,0.294,micro__adapted_specrage_y_liu__lambda_1,0.709679905956717,0.48569814681557366,0.06688107225490302
internalstates_gsm8k_qwen25_7b,math,gsm8k,500,147,0.294,micro__adapted_specrage_y_liu__lambda_10,0.7082152974504249,0.48263489459573794,0.0022467085996810657
internalstates_gsm8k_qwen25_7b,math,gsm8k,500,147,0.294,micro__adapted_specrage_y_liu__lambda_100,0.7075793490200611,0.48158083995757206,2.6747238444187955e-05
internalstates_gsm8k_qwen25_7b,math,gsm8k,500,147,0.294,micro__adapted_specrage_y_liu__lambda_3,0.708831974716232,0.48362011764570073,0.016876794468881344
internalstates_gsm8k_qwen25_7b,math,gsm8k,500,147,0.294,micro__adapted_specrage_y_liu__lambda_30,0.7075600778555048,0.4808688157390151,0.0002836304255589186
internalstates_gsm8k_qwen25_7b,math,gsm8k,500,147,0.294,micro__ca_global_alpha_control__lambda_0,0.711510666589582,0.48980609165815925,0.26384510923376836
internalstates_gsm8k_qwen25_7b,math,gsm8k,500,147,0.294,micro__ca_global_alpha_control__lambda_0p1,0.7130909020832129,0.49021932215870967,0.22673566414523402
internalstates_gsm8k_qwen25_7b,math,gsm8k,500,147,0.294,micro__ca_global_alpha_control__lambda_0p3,0.7149794762097472,0.4949699132552033,0.17334007040952673
internalstates_gsm8k_qwen25_7b,math,gsm8k,500,147,0.294,micro__ca_global_alpha_control__lambda_1,0.7157503227920062,0.495399328134333,0.08442881236175839
internalstates_gsm8k_qwen25_7b,math,gsm8k,500,147,0.294,micro__ca_global_alpha_control__lambda_10,0.7160779325894664,0.4966787635409833,0.0035917540726712084
internalstates_gsm8k_qwen25_7b,math,gsm8k,500,147,0.294,micro__ca_global_alpha_control__lambda_100,0.7161742884122487,0.49657737424268694,4.502037928673258e-05
internalstates_gsm8k_qwen25_7b,math,gsm8k,500,147,0.294,micro__ca_global_alpha_control__lambda_3,0.715943034437571,0.4970947034112757,0.02449872748122554
internalstates_gsm8k_qwen25_7b,math,gsm8k,500,147,0.294,micro__ca_global_alpha_control__lambda_30,0.7161164749185793,0.4967167877188863,0.0004705842566907904
internalstates_gsm8k_qwen25_7b,math,gsm8k,500,147,0.294,micro__ca_permuted_alpha_control__lambda_0,0.711510666589582,0.48980609165815925,0.26384510923376836
internalstates_gsm8k_qwen25_7b,math,gsm8k,500,147,0.294,micro__ca_permuted_alpha_control__lambda_0p1,0.7131487155768823,0.4903460203183556,0.22663330575713705
internalstates_gsm8k_qwen25_7b,math,gsm8k,500,147,0.294,micro__ca_permuted_alpha_control__lambda_0p3,0.7149409338806343,0.4951612742390351,0.1731591372917742
internalstates_gsm8k_qwen25_7b,math,gsm8k,500,147,0.294,micro__ca_permuted_alpha_control__lambda_1,0.7158274074502322,0.4954180333867104,0.08426585436154505
internalstates_gsm8k_qwen25_7b,math,gsm8k,500,147,0.294,micro__ca_permuted_alpha_control__lambda_10,0.7160972037540227,0.4966285669158338,0.0035813061854643004
internalstates_gsm8k_qwen25_7b,math,gsm8k,500,147,0.294,micro__ca_permuted_alpha_control__lambda_100,0.7162706442350312,0.4961028938120846,4.488194812843676e-05
internalstates_gsm8k_qwen25_7b,math,gsm8k,500,147,0.294,micro__ca_permuted_alpha_control__lambda_3,0.7157503227920065,0.49676010375414414,0.024435951390267628
internalstates_gsm8k_qwen25_7b,math,gsm8k,500,147,0.294,micro__ca_permuted_alpha_control__lambda_30,0.7163091865641441,0.4965255311745367,0.0004691585832606101
internalstates_gsm8k_qwen25_7b,math,gsm8k,500,147,0.294,micro__ca_specrage_alpha_liu__lambda_0,0.711510666589582,0.48980609165815925,0.26384510923376836
internalstates_gsm8k_qwen25_7b,math,gsm8k,500,147,0.294,micro__ca_specrage_alpha_liu__lambda_0p1,0.7132258002351082,0.49106715102823306,0.22700827492233258
internalstates_gsm8k_qwen25_7b,math,gsm8k,500,147,0.294,micro__ca_specrage_alpha_liu__lambda_0p3,0.7149794762097474,0.4952314397416012,0.17394245572611416
internalstates_gsm8k_qwen25_7b,math,gsm8k,500,147,0.294,micro__ca_specrage_alpha_liu__lambda_1,0.7158081362856756,0.4954193096311839,0.08519112965663524
internalstates_gsm8k_qwen25_7b,math,gsm8k,500,147,0.294,micro__ca_specrage_alpha_liu__lambda_10,0.7160779325894664,0.49668507482336477,0.003664607997947803
internalstates_gsm8k_qwen25_7b,math,gsm8k,500,147,0.294,micro__ca_specrage_alpha_liu__lambda_100,0.7162706442350312,0.496083682911035,4.6054410979093534e-05
internalstates_gsm8k_qwen25_7b,math,gsm8k,500,147,0.294,micro__ca_specrage_alpha_liu__lambda_3,0.7157503227920063,0.49669186588083114,0.02487791100776976
internalstates_gsm8k_qwen25_7b,math,gsm8k,500,147,0.294,micro__ca_specrage_alpha_liu__lambda_30,0.7162513730704746,0.49611741650954744,0.0004810359991745095
internalstates_gsm8k_qwen25_7b,math,gsm8k,500,147,0.294,micro__ca_specrage_y_liu__lambda_0,0.711510666589582,0.48980609165815925,0.26384510923376836
internalstates_gsm8k_qwen25_7b,math,gsm8k,500,147,0.294,micro__ca_specrage_y_liu__lambda_0p1,0.7112601414503478,0.48946635961939644,0.2189391020580714
internalstates_gsm8k_qwen25_7b,math,gsm8k,500,147,0.294,micro__ca_specrage_y_liu__lambda_0p3,0.7107205488427667,0.48824181587476945,0.15781614316021997
internalstates_gsm8k_qwen25_7b,math,gsm8k,500,147,0.294,micro__ca_specrage_y_liu__lambda_1,0.7098148041086123,0.4856861516198093,0.06766206362342513
internalstates_gsm8k_qwen25_7b,math,gsm8k,500,147,0.294,micro__ca_specrage_y_liu__lambda_10,0.7076371625137307,0.4810434064876343,0.002296229488006916
internalstates_gsm8k_qwen25_7b,math,gsm8k,500,147,0.294,micro__ca_specrage_y_liu__lambda_100,0.7076178913491742,0.47958596865668823,2.739347373912263e-05
internalstates_gsm8k_qwen25_7b,math,gsm8k,500,147,0.294,micro__ca_specrage_y_liu__lambda_3,0.7084272802605461,0.48333517719401514,0.0171795592123019
internalstates_gsm8k_qwen25_7b,math,gsm8k,500,147,0.294,micro__ca_specrage_y_liu__lambda_30,0.7076371625137307,0.4812862099736833,0.00029031672242627336
internalstates_gsm8k_qwen25_7b,math,gsm8k,500,147,0.294,micro__ca_uniform_alpha_control__lambda_0,0.711510666589582,0.48980609165815925,0.26384510923376836
internalstates_gsm8k_qwen25_7b,math,gsm8k,500,147,0.294,micro__ca_uniform_alpha_control__lambda_0p1,0.7129174616022047,0.4898120343883278,0.2263574557169045
internalstates_gsm8k_qwen25_7b,math,gsm8k,500,147,0.294,micro__ca_uniform_alpha_control__lambda_0p3,0.7146133240831742,0.4938997517134155,0.1724063773836289
internalstates_gsm8k_qwen25_7b,math,gsm8k,500,147,0.294,micro__ca_uniform_alpha_control__lambda_1,0.715615424640111,0.49513965908791685,0.08311087761207436
internalstates_gsm8k_qwen25_7b,math,gsm8k,500,147,0.294,micro__ca_uniform_alpha_control__lambda_10,0.715981576766684,0.49700342549392645,0.0034571913942050662
internalstates_gsm8k_qwen25_7b,math,gsm8k,500,147,0.294,micro__ca_uniform_alpha_control__lambda_100,0.7157888651211192,0.49673669505665496,4.3099166460794356e-05
internalstates_gsm8k_qwen25_7b,math,gsm8k,500,147,0.294,micro__ca_uniform_alpha_control__lambda_3,0.7158852209439016,0.4957036583155169,0.023810404505047168
internalstates_gsm8k_qwen25_7b,math,gsm8k,500,147,0.294,micro__ca_uniform_alpha_control__lambda_30,0.7157117804628934,0.496721640504703,0.00045119342344319323
internalstates_gsm8k_qwen25_7b,math,gsm8k,500,147,0.294,micro__uniform_y_liu__lambda_0,0.711510666589582,0.48980609165815925,0.26384510923376836
internalstates_gsm8k_qwen25_7b,math,gsm8k,500,147,0.294,micro__uniform_y_liu__lambda_0p1,0.7114528530959126,0.4898030348414838,0.21984069745352766
internalstates_gsm8k_qwen25_7b,math,gsm8k,500,147,0.294,micro__uniform_y_liu__lambda_0p3,0.7112794126149042,0.4894590652987207,0.15940193772540523
internalstates_gsm8k_qwen25_7b,math,gsm8k,500,147,0.294,micro__uniform_y_liu__lambda_1,0.7112408702857914,0.4893377561161359,0.06902369011060401
internalstates_gsm8k_qwen25_7b,math,gsm8k,500,147,0.294,micro__uniform_y_liu__lambda_10,0.7109132604883313,0.48909959741445885,0.0023702297026230897
internalstates_gsm8k_qwen25_7b,math,gsm8k,500,147,0.294,micro__uniform_y_liu__lambda_100,0.7108554469946617,0.48901942481936833,2.8329967912687892e-05
internalstates_gsm8k_qwen25_7b,math,gsm8k,500,147,0.294,micro__uniform_y_liu__lambda_3,0.7111637856275655,0.4894082751805845,0.01765997713699388
internalstates_gsm8k_qwen25_7b,math,gsm8k,500,147,0.294,micro__uniform_y_liu__lambda_30,0.7108747181592182,0.48907904675363034,0.00030008873542000967
internalstates_gsm8k_qwen25_7b,math,gsm8k,500,147,0.294,raw_uniform_liu__lambda_0,0.711510666589582,0.48980609165815925,0.26384510923376836
internalstates_gsm8k_qwen25_7b,math,gsm8k,500,147,0.294,raw_uniform_liu__lambda_0p1,0.7112986837794608,0.48938723925914696,0.23265482609750285
internalstates_gsm8k_qwen25_7b,math,gsm8k,500,147,0.294,raw_uniform_liu__lambda_0p3,0.7109903451465572,0.4891655187795856,0.18486347987132679
internalstates_gsm8k_qwen25_7b,math,gsm8k,500,147,0.294,raw_uniform_liu__lambda_1,0.71070127767821,0.4887142935667068,0.09708595170804193
internalstates_gsm8k_qwen25_7b,math,gsm8k,500,147,0.294,raw_uniform_liu__lambda_10,0.7101809562351853,0.48732100041053283,0.00471275536706154
internalstates_gsm8k_qwen25_7b,math,gsm8k,500,147,0.294,raw_uniform_liu__lambda_100,0.7100846004124028,0.4871951236909815,6.090306981225387e-05
internalstates_gsm8k_qwen25_7b,math,gsm8k,500,147,0.294,raw_uniform_liu__lambda_3,0.7104892948680889,0.4876659943661285,0.030421958188644252
internalstates_gsm8k_qwen25_7b,math,gsm8k,500,147,0.294,raw_uniform_liu__lambda_30,0.7100846004124028,0.4872174120220031,0.0006311394151016816
lapeigvals_gsm8k_llama3b,math,gsm8k,1319,587,0.4450341167551175,atomic__adapted_specrage_y_liu__lambda_0,0.6964885823069977,0.5934863245132465,0.2875825832489957
lapeigvals_gsm8k_llama3b,math,gsm8k,1319,587,0.4450341167551175,atomic__adapted_specrage_y_liu__lambda_0p1,0.6981758687779858,0.5968831949159072,0.24599592621471755
lapeigvals_gsm8k_llama3b,math,gsm8k,1319,587,0.4450341167551175,atomic__adapted_specrage_y_liu__lambda_0p3,0.6997584271231881,0.6006112748072617,0.18694753997390237
lapeigvals_gsm8k_llama3b,math,gsm8k,1319,587,0.4450341167551175,atomic__adapted_specrage_y_liu__lambda_1,0.7017342977630071,0.6037900840675253,0.09016358895405781
lapeigvals_gsm8k_llama3b,math,gsm8k,1319,587,0.4450341167551175,atomic__adapted_specrage_y_liu__lambda_10,0.702823470271176,0.6050416803801707,0.0037775182390769302
lapeigvals_gsm8k_llama3b,math,gsm8k,1319,587,0.4450341167551175,atomic__adapted_specrage_y_liu__lambda_100,0.7028909617300155,0.6050228833235424,4.718895480916489e-05
lapeigvals_gsm8k_llama3b,math,gsm8k,1319,587,0.4450341167551175,atomic__adapted_specrage_y_liu__lambda_3,0.7026582325616033,0.6044866555718698,0.02592673439568075
lapeigvals_gsm8k_llama3b,math,gsm8k,1319,587,0.4450341167551175,atomic__adapted_specrage_y_liu__lambda_30,0.7028537250630696,0.6051068261689179,0.0004937203277460989
lapeigvals_gsm8k_llama3b,math,gsm8k,1319,587,0.4450341167551175,atomic__ca_global_alpha_control__lambda_0,0.6964885823069977,0.5934863245132465,0.2875825832489957
lapeigvals_gsm8k_llama3b,math,gsm8k,1319,587,0.4450341167551175,atomic__ca_global_alpha_control__lambda_0p1,0.6965025460571024,0.5935096750707056,0.2413248980204984
lapeigvals_gsm8k_llama3b,math,gsm8k,1319,587,0.4450341167551175,atomic__ca_global_alpha_control__lambda_0p3,0.6965234916822596,0.5935434346047381,0.1769264327356035
lapeigvals_gsm8k_llama3b,math,gsm8k,1319,587,0.4450341167551175,atomic__ca_global_alpha_control__lambda_1,0.6965281462656279,0.5935943752628574,0.07830356403167364
lapeigvals_gsm8k_llama3b,math,gsm8k,1319,587,0.4450341167551175,atomic__ca_global_alpha_control__lambda_10,0.6965397827240484,0.5936002470834008,0.0027836656892257982
lapeigvals_gsm8k_llama3b,math,gsm8k,1319,587,0.4450341167551175,atomic__ca_global_alpha_control__lambda_100,0.6965374554323642,0.5935980741377551,3.3507943131164376e-05
lapeigvals_gsm8k_llama3b,math,gsm8k,1319,587,0.4450341167551175,atomic__ca_global_alpha_control__lambda_3,0.6965328008489959,0.5936020176429779,0.020458421466535662
lapeigvals_gsm8k_llama3b,math,gsm8k,1319,587,0.4450341167551175,atomic__ca_global_alpha_control__lambda_30,0.6965374554323642,0.5935991295681382,0.00035424148049412234
lapeigvals_gsm8k_llama3b,math,gsm8k,1319,587,0.4450341167551175,atomic__ca_permuted_alpha_control__lambda_0,0.6964885823069977,0.5934863245132465,0.2875825832489957
lapeigvals_gsm8k_llama3b,math,gsm8k,1319,587,0.4450341167551175,atomic__ca_permuted_alpha_control__lambda_0p1,0.6965118552238388,0.5935139711600659,0.24135913670024636
lapeigvals_gsm8k_llama3b,math,gsm8k,1319,587,0.4450341167551175,atomic__ca_permuted_alpha_control__lambda_0p3,0.6965281462656278,0.5935967984677297,0.17699097375032052
lapeigvals_gsm8k_llama3b,math,gsm8k,1319,587,0.4450341167551175,atomic__ca_permuted_alpha_control__lambda_1,0.6965537464741531,0.5936233034735998,0.07836700560649819
lapeigvals_gsm8k_llama3b,math,gsm8k,1319,587,0.4450341167551175,atomic__ca_permuted_alpha_control__lambda_10,0.6966119287662561,0.593723834693465,0.002787926122870678
lapeigvals_gsm8k_llama3b,math,gsm8k,1319,587,0.4450341167551175,atomic__ca_permuted_alpha_control__lambda_100,0.6966189106413085,0.5937203419210446,3.3564228207417325e-05
lapeigvals_gsm8k_llama3b,math,gsm8k,1319,587,0.4450341167551175,atomic__ca_permuted_alpha_control__lambda_3,0.6965933104327833,0.5937085360831114,0.020483869760229697
lapeigvals_gsm8k_llama3b,math,gsm8k,1319,587,0.4450341167551175,atomic__ca_permuted_alpha_control__lambda_30,0.6966235652246766,0.5937337860478484,0.00035482184780107556
lapeigvals_gsm8k_llama3b,math,gsm8k,1319,587,0.4450341167551175,atomic__ca_specrage_alpha_liu__lambda_0,0.6964885823069977,0.5934863245132465,0.2875825832489957
lapeigvals_gsm8k_llama3b,math,gsm8k,1319,587,0.4450341167551175,atomic__ca_specrage_alpha_liu__lambda_0p1,0.6966491654332021,0.5940566123679127,0.24208302316205843
lapeigvals_gsm8k_llama3b,math,gsm8k,1319,587,0.4450341167551175,atomic__ca_specrage_alpha_liu__lambda_0p3,0.6968656035598255,0.59464792829945,0.17836870536634258
lapeigvals_gsm8k_llama3b,math,gsm8k,1319,587,0.4450341167551175,atomic__ca_specrage_alpha_liu__lambda_1,0.697298479813072,0.5954360996133568,0.0797436450310597
lapeigvals_gsm8k_llama3b,math,gsm8k,1319,587,0.4450341167551175,atomic__ca_specrage_alpha_liu__lambda_10,0.6976475735656902,0.5964042743641761,0.0028824064363700366
lapeigvals_gsm8k_llama3b,math,gsm8k,1319,587,0.4450341167551175,atomic__ca_specrage_alpha_liu__lambda_100,0.6977685927332645,0.596586112395165,3.481747388456501e-05
lapeigvals_gsm8k_llama3b,math,gsm8k,1319,587,0.4450341167551175,atomic__ca_specrage_alpha_liu__lambda_3,0.6975451727315888,0.5962449183436586,0.021043639439889628
lapeigvals_gsm8k_llama3b,math,gsm8k,1319,587,0.4450341167551175,atomic__ca_specrage_alpha_liu__lambda_30,0.6977523016914757,0.5965756488260116,0.00036772999719049306
lapeigvals_gsm8k_llama3b,math,gsm8k,1319,587,0.4450341167551175,atomic__ca_specrage_y_liu__lambda_0,0.6964885823069977,0.5934863245132465,0.2875825832489957
lapeigvals_gsm8k_llama3b,math,gsm8k,1319,587,0.4450341167551175,atomic__ca_specrage_y_liu__lambda_0p1,0.6976196460654807,0.5963748555504575,0.24641373522524723
lapeigvals_gsm8k_llama3b,math,gsm8k,1319,587,0.4450341167551175,atomic__ca_specrage_y_liu__lambda_0p3,0.6987530371156478,0.5982898694142185,0.1872184823550285
lapeigvals_gsm8k_llama3b,math,gsm8k,1319,587,0.4450341167551175,atomic__ca_specrage_y_liu__lambda_1,0.7004100687947422,0.6015964327884873,0.08962371799134541
lapeigvals_gsm8k_llama3b,math,gsm8k,1319,587,0.4450341167551175,atomic__ca_specrage_y_liu__lambda_10,0.7016109513037487,0.6034432493097442,0.0036674426181301104
lapeigvals_gsm8k_llama3b,math,gsm8k,1319,587,0.4450341167551175,atomic__ca_specrage_y_liu__lambda_100,0.7017692071382691,0.6038490145335971,4.553295274940117e-05
lapeigvals_gsm8k_llama3b,math,gsm8k,1319,587,0.4450341167551175,atomic__ca_specrage_y_liu__lambda_3,0.7012478938010258,0.6030751376541307,0.02544155654805705
lapeigvals_gsm8k_llama3b,math,gsm8k,1319,587,0.4450341167551175,atomic__ca_specrage_y_liu__lambda_30,0.7017412796380595,0.6038211082112759,0.00047722655969075796
lapeigvals_gsm8k_llama3b,math,gsm8k,1319,587,0.4450341167551175,atomic__ca_uniform_alpha_control__lambda_0,0.6964885823069977,0.5934863245132465,0.2875825832489957
lapeigvals_gsm8k_llama3b,math,gsm8k,1319,587,0.4450341167551175,atomic__ca_uniform_alpha_control__lambda_0p1,0.6963186900140569,0.5932916786539537,0.24064388003900578
lapeigvals_gsm8k_llama3b,math,gsm8k,1319,587,0.4450341167551175,atomic__ca_uniform_alpha_control__lambda_0p3,0.6962302529300602,0.5930206791933053,0.1756558543367395
lapeigvals_gsm8k_llama3b,math,gsm8k,1319,587,0.4450341167551175,atomic__ca_uniform_alpha_control__lambda_1,0.6959463233445974,0.5927242639659757,0.07707681363152959
lapeigvals_gsm8k_llama3b,math,gsm8k,1319,587,0.4450341167551175,atomic__ca_uniform_alpha_control__lambda_10,0.6956344662589252,0.5921464852919195,0.0027032192854007813
lapeigvals_gsm8k_llama3b,math,gsm8k,1319,587,0.4450341167551175,atomic__ca_uniform_alpha_control__lambda_100,0.6955460291749286,0.5920942461807597,3.244977339976026e-05
lapeigvals_gsm8k_llama3b,math,gsm8k,1319,587,0.4450341167551175,atomic__ca_uniform_alpha_control__lambda_3,0.6956903212593442,0.5922251455501055,0.019973627031558576
lapeigvals_gsm8k_llama3b,math,gsm8k,1319,587,0.4450341167551175,atomic__ca_uniform_alpha_control__lambda_30,0.6955716293834538,0.5920657841857437,0.0003433174554344199
lapeigvals_gsm8k_llama3b,math,gsm8k,1319,587,0.4450341167551175,atomic__uniform_y_liu__lambda_0,0.6964885823069977,0.5934863245132465,0.2875825832489957
lapeigvals_gsm8k_llama3b,math,gsm8k,1319,587,0.4450341167551175,atomic__uniform_y_liu__lambda_0p1,0.6988182012828031,0.5984585916933389,0.25522388307224103
lapeigvals_gsm8k_llama3b,math,gsm8k,1319,587,0.4450341167551175,atomic__uniform_y_liu__lambda_0p3,0.7009709460906153,0.6024102020550831,0.20756522338418873
lapeigvals_gsm8k_llama3b,math,gsm8k,1319,587,0.4450341167551175,atomic__uniform_y_liu__lambda_1,0.7026815054784445,0.6045010853749162,0.11741298301526558
lapeigvals_gsm8k_llama3b,math,gsm8k,1319,587,0.4450341167551175,atomic__uniform_y_liu__lambda_10,0.7029840533973803,0.6052004619177663,0.006846838162456246
lapeigvals_gsm8k_llama3b,math,gsm8k,1319,587,0.4450341167551175,atomic__uniform_y_liu__lambda_100,0.7029654350639073,0.6051458164991989,9.300392366281021e-05
lapeigvals_gsm8k_llama3b,math,gsm8k,1319,587,0.4450341167551175,atomic__uniform_y_liu__lambda_3,0.7030119808975898,0.6048933658760145,0.040670934791296236
lapeigvals_gsm8k_llama3b,math,gsm8k,1319,587,0.4450341167551175,atomic__uniform_y_liu__lambda_30,0.7029863806890645,0.6052620621873378,0.0009500848913549366
lapeigvals_gsm8k_llama3b,math,gsm8k,1319,587,0.4450341167551175,deployed_upcr,0.6990742033680565,0.5994235619960228,0.3093384053464909
lapeigvals_gsm8k_llama3b,math,gsm8k,1319,587,0.4450341167551175,dufs_liu__lambda_0,0.6964885823069977,0.5934863245132465,0.2875825832489957
lapeigvals_gsm8k_llama3b,math,gsm8k,1319,587,0.4450341167551175,dufs_liu__lambda_0p1,0.6964047998063694,0.5933907099882807,0.2499914004987751
lapeigvals_gsm8k_llama3b,math,gsm8k,1319,587,0.4450341167551175,dufs_liu__lambda_0p3,0.6963303264724774,0.5932977068722627,0.1939607131932155
lapeigvals_gsm8k_llama3b,math,gsm8k,1319,587,0.4450341167551175,dufs_liu__lambda_1,0.6962954170972158,0.5932945776577797,0.09658957498556826
lapeigvals_gsm8k_llama3b,math,gsm8k,1319,587,0.4450341167551175,dufs_liu__lambda_10,0.6962442166801651,0.5930364932353203,0.0042202085965614864
lapeigvals_gsm8k_llama3b,math,gsm8k,1319,587,0.4450341167551175,dufs_liu__lambda_100,0.696244216680165,0.5929819688181603,5.3162437990556126e-05
lapeigvals_gsm8k_llama3b,math,gsm8k,1319,587,0.4450341167551175,dufs_liu__lambda_3,0.6962581804302698,0.5931710938064279,0.028501430385839036
lapeigvals_gsm8k_llama3b,math,gsm8k,1319,587,0.4450341167551175,dufs_liu__lambda_30,0.6962511985552173,0.5930615491279758,0.0005549250317268257
lapeigvals_gsm8k_llama3b,math,gsm8k,1319,587,0.4450341167551175,iu_pcr,0.6964885823069977,0.5934863245132465,0.2875825832489957
lapeigvals_gsm8k_llama3b,math,gsm8k,1319,587,0.4450341167551175,manual__adapted_specrage_y_liu__lambda_0,0.6964885823069977,0.5934863245132465,0.2875825832489957
lapeigvals_gsm8k_llama3b,math,gsm8k,1319,587,0.4450341167551175,manual__adapted_specrage_y_liu__lambda_0p1,0.6981851779447221,0.5969194754490382,0.24469219082297358
lapeigvals_gsm8k_llama3b,math,gsm8k,1319,587,0.4450341167551175,manual__adapted_specrage_y_liu__lambda_0p3,0.6998747917073942,0.6007939111217152,0.1844418910083669
lapeigvals_gsm8k_llama3b,math,gsm8k,1319,587,0.4450341167551175,manual__adapted_specrage_y_liu__lambda_1,0.7019321175561575,0.6040053776678485,0.08758561374244077
lapeigvals_gsm8k_llama3b,math,gsm8k,1319,587,0.4450341167551175,manual__adapted_specrage_y_liu__lambda_10,0.7029212165219092,0.6048638302297098,0.0035825145542109126
lapeigvals_gsm8k_llama3b,math,gsm8k,1319,587,0.4450341167551175,manual__adapted_specrage_y_liu__lambda_100,0.7030515448562199,0.6050434388544476,4.452881382855399e-05
lapeigvals_gsm8k_llama3b,math,gsm8k,1319,587,0.4450341167551175,manual__adapted_specrage_y_liu__lambda_3,0.7027676152707572,0.6045518614186713,0.02482376756698885
lapeigvals_gsm8k_llama3b,math,gsm8k,1319,587,0.4450341167551175,manual__adapted_specrage_y_liu__lambda_30,0.7030282719393787,0.6050347757042801,0.0004665406760548657
lapeigvals_gsm8k_llama3b,math,gsm8k,1319,587,0.4450341167551175,manual__ca_global_alpha_control__lambda_0,0.6964885823069977,0.5934863245132465,0.2875825832489957
lapeigvals_gsm8k_llama3b,math,gsm8k,1319,587,0.4450341167551175,manual__ca_global_alpha_control__lambda_0p1,0.6971099691866581,0.5950854220759756,0.2467118042904172
lapeigvals_gsm8k_llama3b,math,gsm8k,1319,587,0.4450341167551175,manual__ca_global_alpha_control__lambda_0p3,0.6978896119008389,0.5964993796372697,0.18748513771680017
lapeigvals_gsm8k_llama3b,math,gsm8k,1319,587,0.4450341167551175,manual__ca_global_alpha_control__lambda_1,0.6987367460738589,0.5982776749603225,0.08945079916158521
lapeigvals_gsm8k_llama3b,math,gsm8k,1319,587,0.4450341167551175,manual__ca_global_alpha_control__lambda_10,0.6996327533722455,0.6001911404028334,0.0036196631247550322
lapeigvals_gsm8k_llama3b,math,gsm8k,1319,587,0.4450341167551175,manual__ca_global_alpha_control__lambda_100,0.6997956637901341,0.6007452617667455,4.4809443549006305e-05
lapeigvals_gsm8k_llama3b,math,gsm8k,1319,587,0.4450341167551175,manual__ca_global_alpha_control__lambda_3,0.699407006078886,0.5994974438545888,0.025237634234840104
lapeigvals_gsm8k_llama3b,math,gsm8k,1319,587,0.4450341167551175,manual__ca_global_alpha_control__lambda_30,0.6997281723312946,0.6005459430428663,0.00047003020129380283
lapeigvals_gsm8k_llama3b,math,gsm8k,1319,587,0.4450341167551175,manual__ca_permuted_alpha_control__lambda_0,0.6964885823069977,0.5934863245132465,0.2875825832489957
lapeigvals_gsm8k_llama3b,math,gsm8k,1319,587,0.4450341167551175,manual__ca_permuted_alpha_control__lambda_0p1,0.6971332421034994,0.5951166996169965,0.24669527397813865
lapeigvals_gsm8k_llama3b,math,gsm8k,1319,587,0.4450341167551175,manual__ca_permuted_alpha_control__lambda_0p3,0.697915212109364,0.5965292730608761,0.18745458143203628
lapeigvals_gsm8k_llama3b,math,gsm8k,1319,587,0.4450341167551175,manual__ca_permuted_alpha_control__lambda_1,0.6987530371156477,0.5983045362346371,0.08942056021666081
lapeigvals_gsm8k_llama3b,math,gsm8k,1319,587,0.4450341167551175,manual__ca_permuted_alpha_control__lambda_10,0.6996420625389821,0.6003210975306238,0.003617443179901817
lapeigvals_gsm8k_llama3b,math,gsm8k,1319,587,0.4450341167551175,manual__ca_permuted_alpha_control__lambda_100,0.6998096275402389,0.6007632304122044,4.4779330432510814e-05
lapeigvals_gsm8k_llama3b,math,gsm8k,1319,587,0.4450341167551175,manual__ca_permuted_alpha_control__lambda_3,0.6994023514955177,0.5996429457700029,0.025224944762355945
lapeigvals_gsm8k_llama3b,math,gsm8k,1319,587,0.4450341167551175,manual__ca_permuted_alpha_control__lambda_30,0.6997607544148724,0.6006152578926752,0.0004697220344256364
lapeigvals_gsm8k_llama3b,math,gsm8k,1319,587,0.4450341167551175,manual__ca_specrage_alpha_liu__lambda_0,0.6964885823069977,0.5934863245132465,0.2875825832489957
lapeigvals_gsm8k_llama3b,math,gsm8k,1319,587,0.4450341167551175,manual__ca_specrage_alpha_liu__lambda_0p1,0.697109969186658,0.595041040847713,0.24728639195698185
lapeigvals_gsm8k_llama3b,math,gsm8k,1319,587,0.4450341167551175,manual__ca_specrage_alpha_liu__lambda_0p3,0.6978174658586311,0.5965268931591116,0.1886122391552362
lapeigvals_gsm8k_llama3b,math,gsm8k,1319,587,0.4450341167551175,manual__ca_specrage_alpha_liu__lambda_1,0.6986133996146006,0.597367224246727,0.09066717832048457
lapeigvals_gsm8k_llama3b,math,gsm8k,1319,587,0.4450341167551175,manual__ca_specrage_alpha_liu__lambda_10,0.6994954431628826,0.5997399985421721,0.0037173636904588663
lapeigvals_gsm8k_llama3b,math,gsm8k,1319,587,0.4450341167551175,manual__ca_specrage_alpha_liu__lambda_100,0.6994977704545665,0.5998208319692029,4.615350647311915e-05
lapeigvals_gsm8k_llama3b,math,gsm8k,1319,587,0.4450341167551175,manual__ca_specrage_alpha_liu__lambda_3,0.6991463494102643,0.5990265338793889,0.02577922182814905
lapeigvals_gsm8k_llama3b,math,gsm8k,1319,587,0.4450341167551175,manual__ca_specrage_alpha_liu__lambda_30,0.6995000977462508,0.5998275201748043,0.0004837328361900111
lapeigvals_gsm8k_llama3b,math,gsm8k,1319,587,0.4450341167551175,manual__ca_specrage_y_liu__lambda_0,0.6964885823069977,0.5934863245132465,0.2875825832489957
lapeigvals_gsm8k_llama3b,math,gsm8k,1319,587,0.4450341167551175,manual__ca_specrage_y_liu__lambda_0p1,0.6976405916906377,0.5963955759819217,0.23953539854780606
lapeigvals_gsm8k_llama3b,math,gsm8k,1319,587,0.4450341167551175,manual__ca_specrage_y_liu__lambda_0p3,0.6990486031595313,0.5989695784360207,0.17408729809658396
lapeigvals_gsm8k_llama3b,math,gsm8k,1319,587,0.4450341167551175,manual__ca_specrage_y_liu__lambda_1,0.7011594567170293,0.6030416743724489,0.0764107718594096
lapeigvals_gsm8k_llama3b,math,gsm8k,1319,587,0.4450341167551175,manual__ca_specrage_y_liu__lambda_10,0.7028420886046489,0.604762121268489,0.0027337454718731544
lapeigvals_gsm8k_llama3b,math,gsm8k,1319,587,0.4450341167551175,manual__ca_specrage_y_liu__lambda_100,0.7028839798549631,0.6050466943323473,3.3029498740076465e-05
lapeigvals_gsm8k_llama3b,math,gsm8k,1319,587,0.4450341167551175,manual__ca_specrage_y_liu__lambda_3,0.7025581590191861,0.6049241702308765,0.01999119375682634
lapeigvals_gsm8k_llama3b,math,gsm8k,1319,587,0.4450341167551175,manual__ca_specrage_y_liu__lambda_30,0.7028630342298061,0.6051657121900373,0.0003487988854470289
lapeigvals_gsm8k_llama3b,math,gsm8k,1319,587,0.4450341167551175,manual__ca_uniform_alpha_control__lambda_0,0.6964885823069977,0.5934863245132465,0.2875825832489957
lapeigvals_gsm8k_llama3b,math,gsm8k,1319,587,0.4450341167551175,manual__ca_uniform_alpha_control__lambda_0p1,0.6963652358477394,0.5933175589405284,0.24464463281353563
lapeigvals_gsm8k_llama3b,math,gsm8k,1319,587,0.4450341167551175,manual__ca_uniform_alpha_control__lambda_0p3,0.6962814533471109,0.5931865332360696,0.18328442566207476
lapeigvals_gsm8k_llama3b,math,gsm8k,1319,587,0.4450341167551175,manual__ca_uniform_alpha_control__lambda_1,0.6961999981381666,0.5929466128163359,0.08475838114701217
lapeigvals_gsm8k_llama3b,math,gsm8k,1319,587,0.4450341167551175,manual__ca_uniform_alpha_control__lambda_10,0.6960510514703829,0.5928236282784572,0.003241218204865134
lapeigvals_gsm8k_llama3b,math,gsm8k,1319,587,0.4450341167551175,manual__ca_uniform_alpha_control__lambda_100,0.696013814803437,0.5928194551354256,3.9622658189063e-05
lapeigvals_gsm8k_llama3b,math,gsm8k,1319,587,0.4450341167551175,manual__ca_uniform_alpha_control__lambda_3,0.6961162156375383,0.5929055429667238,0.023132538788775345
lapeigvals_gsm8k_llama3b,math,gsm8k,1319,587,0.4450341167551175,manual__ca_uniform_alpha_control__lambda_30,0.6960277785535416,0.592861758051959,0.00041708997405883445
lapeigvals_gsm8k_llama3b,math,gsm8k,1319,587,0.4450341167551175,manual__uniform_y_liu__lambda_0,0.6964885823069977,0.5934863245132465,0.2875825832489957
lapeigvals_gsm8k_llama3b,math,gsm8k,1319,587,0.4450341167551175,manual__uniform_y_liu__lambda_0p1,0.6980129583600972,0.5965406501090733,0.24234681203140074
lapeigvals_gsm8k_llama3b,math,gsm8k,1319,587,0.4450341167551175,manual__uniform_y_liu__lambda_0p3,0.6996699900391916,0.6003672083985999,0.17977233290451214
lapeigvals_gsm8k_llama3b,math,gsm8k,1319,587,0.4450341167551175,manual__uniform_y_liu__lambda_1,0.7019088446393164,0.6040144715653877,0.08258446214052667
lapeigvals_gsm8k_llama3b,math,gsm8k,1319,587,0.4450341167551175,manual__uniform_y_liu__lambda_10,0.7030515448562199,0.6051069954942528,0.0031986803417976637
lapeigvals_gsm8k_llama3b,math,gsm8k,1319,587,0.4450341167551175,manual__uniform_y_liu__lambda_100,0.7029607804805391,0.6051426025045684,3.930312339010419e-05
lapeigvals_gsm8k_llama3b,math,gsm8k,1319,587,0.4450341167551175,manual__uniform_y_liu__lambda_3,0.7028374340212807,0.6047038384981824,0.022653583382970893
lapeigvals_gsm8k_llama3b,math,gsm8k,1319,587,0.4450341167551175,manual__uniform_y_liu__lambda_30,0.70305154485622,0.605181285096552,0.00041311120521045537
lapeigvals_gsm8k_llama3b,math,gsm8k,1319,587,0.4450341167551175,micro__adapted_specrage_y_liu__lambda_0,0.6964885823069977,0.5934863245132465,0.2875825832489957
lapeigvals_gsm8k_llama3b,math,gsm8k,1319,587,0.4450341167551175,micro__adapted_specrage_y_liu__lambda_0p1,0.6966654564749909,0.5943295580443971,0.24066923086466088
lapeigvals_gsm8k_llama3b,math,gsm8k,1319,587,0.4450341167551175,micro__adapted_specrage_y_liu__lambda_0p3,0.697033168561082,0.5948950286984647,0.1757115990935472
lapeigvals_gsm8k_llama3b,math,gsm8k,1319,587,0.4450341167551175,micro__adapted_specrage_y_liu__lambda_1,0.6975521546066412,0.59623981623744,0.07714401409711685
lapeigvals_gsm8k_llama3b,math,gsm8k,1319,587,0.4450341167551175,micro__adapted_specrage_y_liu__lambda_10,0.6981339775276716,0.5968661971865838,0.0027086604497858274
lapeigvals_gsm8k_llama3b,math,gsm8k,1319,587,0.4450341167551175,micro__adapted_specrage_y_liu__lambda_100,0.6982805969037712,0.5970740138039655,3.25235916066934e-05
lapeigvals_gsm8k_llama3b,math,gsm8k,1319,587,0.4450341167551175,micro__adapted_specrage_y_liu__lambda_3,0.6978826300257864,0.5965080373190896,0.020004212715241075
lapeigvals_gsm8k_llama3b,math,gsm8k,1319,587,0.4450341167551175,micro__adapted_specrage_y_liu__lambda_30,0.6982270691950363,0.5970013598689108,0.0003440732505397757
lapeigvals_gsm8k_llama3b,math,gsm8k,1319,587,0.4450341167551175,micro__ca_global_alpha_control__lambda_0,0.6964885823069977,0.5934863245132465,0.2875825832489957
lapeigvals_gsm8k_llama3b,math,gsm8k,1319,587,0.4450341167551175,micro__ca_global_alpha_control__lambda_0p1,0.695322609173253,0.5918459578584364,0.24708062580185597
lapeigvals_gsm8k_llama3b,math,gsm8k,1319,587,0.4450341167551175,micro__ca_global_alpha_control__lambda_0p3,0.6933351020750133,0.5887585803257678,0.18895390970096515
lapeigvals_gsm8k_llama3b,math,gsm8k,1319,587,0.4450341167551175,micro__ca_global_alpha_control__lambda_1,0.6903212593440761,0.5849540182574513,0.0920859202972996
lapeigvals_gsm8k_llama3b,math,gsm8k,1319,587,0.4450341167551175,micro__ca_global_alpha_control__lambda_10,0.6867395574422134,0.5808077555097997,0.003910418853157226
lapeigvals_gsm8k_llama3b,math,gsm8k,1319,587,0.4450341167551175,micro__ca_global_alpha_control__lambda_100,0.6861554072294989,0.5803486609601802,4.897500057878118e-05
lapeigvals_gsm8k_llama3b,math,gsm8k,1319,587,0.4450341167551175,micro__ca_global_alpha_control__lambda_3,0.68794043995122,0.5821543661453439,0.026702971447675566
lapeigvals_gsm8k_llama3b,math,gsm8k,1319,587,0.4450341167551175,micro__ca_global_alpha_control__lambda_30,0.6863159903557032,0.5805682175211411,0.0005120428019783019
lapeigvals_gsm8k_llama3b,math,gsm8k,1319,587,0.4450341167551175,micro__ca_permuted_alpha_control__lambda_0,0.6964885823069977,0.5934863245132465,0.2875825832489957
lapeigvals_gsm8k_llama3b,math,gsm8k,1319,587,0.4450341167551175,micro__ca_permuted_alpha_control__lambda_0p1,0.6953202818815688,0.5918541964290277,0.24712547942994628
lapeigvals_gsm8k_llama3b,math,gsm8k,1319,587,0.4450341167551175,micro__ca_permuted_alpha_control__lambda_0p3,0.6933118291581721,0.5887290717540306,0.18904757742610495
lapeigvals_gsm8k_llama3b,math,gsm8k,1319,587,0.4450341167551175,micro__ca_permuted_alpha_control__lambda_1,0.6903142774690239,0.5849584279424391,0.09219537432316731
lapeigvals_gsm8k_llama3b,math,gsm8k,1319,587,0.4450341167551175,micro__ca_permuted_alpha_control__lambda_10,0.686732575567161,0.5808072612551347,0.003920081131489362
lapeigvals_gsm8k_llama3b,math,gsm8k,1319,587,0.4450341167551175,micro__ca_permuted_alpha_control__lambda_100,0.6861484253544465,0.5803290042349786,4.911043943761605e-05
lapeigvals_gsm8k_llama3b,math,gsm8k,1319,587,0.4450341167551175,micro__ca_permuted_alpha_control__lambda_3,0.6879311307844835,0.5821488682856101,0.026754635592566193
lapeigvals_gsm8k_llama3b,math,gsm8k,1319,587,0.4450341167551175,micro__ca_permuted_alpha_control__lambda_30,0.6863090084806509,0.5805671237439136,0.0005134164103708872
lapeigvals_gsm8k_llama3b,math,gsm8k,1319,587,0.4450341167551175,micro__ca_specrage_alpha_liu__lambda_0,0.6964885823069977,0.5934863245132465,0.2875825832489957
lapeigvals_gsm8k_llama3b,math,gsm8k,1319,587,0.4450341167551175,micro__ca_specrage_alpha_liu__lambda_0p1,0.6952853725063071,0.5917113195232795,0.24688262704245081
lapeigvals_gsm8k_llama3b,math,gsm8k,1319,587,0.4450341167551175,micro__ca_specrage_alpha_liu__lambda_0p3,0.6932676106161738,0.5886884426181005,0.18858557381931093
lapeigvals_gsm8k_llama3b,math,gsm8k,1319,587,0.4450341167551175,micro__ca_specrage_alpha_liu__lambda_1,0.6901536943428194,0.584746170499072,0.09171713923190099
lapeigvals_gsm8k_llama3b,math,gsm8k,1319,587,0.4450341167551175,micro__ca_specrage_alpha_liu__lambda_10,0.6864858826486442,0.5807102754129182,0.003882351816082952
lapeigvals_gsm8k_llama3b,math,gsm8k,1319,587,0.4450341167551175,micro__ca_specrage_alpha_liu__lambda_100,0.6858621684772996,0.5802175033464231,4.859016920103213e-05
lapeigvals_gsm8k_llama3b,math,gsm8k,1319,587,0.4450341167551175,micro__ca_specrage_alpha_liu__lambda_3,0.6876239282821794,0.5818443039881886,0.026545309103720594
lapeigvals_gsm8k_llama3b,math,gsm8k,1319,587,0.4450341167551175,micro__ca_specrage_alpha_liu__lambda_30,0.6860320607702404,0.5802588732161283,0.0005081167309421089
lapeigvals_gsm8k_llama3b,math,gsm8k,1319,587,0.4450341167551175,micro__ca_specrage_y_liu__lambda_0,0.6964885823069977,0.5934863245132465,0.2875825832489957
lapeigvals_gsm8k_llama3b,math,gsm8k,1319,587,0.4450341167551175,micro__ca_specrage_y_liu__lambda_0p1,0.6963047262639521,0.5933222905062735,0.23807617337059447
lapeigvals_gsm8k_llama3b,math,gsm8k,1319,587,0.4450341167551175,micro__ca_specrage_y_liu__lambda_0p3,0.6962162891799555,0.5930018515131442,0.17091360279592085
lapeigvals_gsm8k_llama3b,math,gsm8k,1319,587,0.4450341167551175,micro__ca_specrage_y_liu__lambda_1,0.6957531581348153,0.5921791986833459,0.07259805784448974
lapeigvals_gsm8k_llama3b,math,gsm8k,1319,587,0.4450341167551175,micro__ca_specrage_y_liu__lambda_10,0.6953761368819878,0.5918783727290636,0.002420647969243214
lapeigvals_gsm8k_llama3b,math,gsm8k,1319,587,0.4450341167551175,micro__ca_specrage_y_liu__lambda_100,0.6952737360478864,0.5918022639464374,2.8763474279293155e-05
lapeigvals_gsm8k_llama3b,math,gsm8k,1319,587,0.4450341167551175,micro__ca_specrage_y_liu__lambda_3,0.6955087925079827,0.5920079423444364,0.01824388007726279
lapeigvals_gsm8k_llama3b,math,gsm8k,1319,587,0.4450341167551175,micro__ca_specrage_y_liu__lambda_30,0.6952923543813594,0.5917456150388025,0.00030517439571367826
lapeigvals_gsm8k_llama3b,math,gsm8k,1319,587,0.4450341167551175,micro__ca_uniform_alpha_control__lambda_0,0.6964885823069977,0.5934863245132465,0.2875825832489957
lapeigvals_gsm8k_llama3b,math,gsm8k,1319,587,0.4450341167551175,micro__ca_uniform_alpha_control__lambda_0p1,0.6953156272982005,0.591847264785661,0.2468517928236405
lapeigvals_gsm8k_llama3b,math,gsm8k,1319,587,0.4450341167551175,micro__ca_uniform_alpha_control__lambda_0p3,0.6933141564498562,0.5887563004852883,0.1885085029073707
lapeigvals_gsm8k_llama3b,math,gsm8k,1319,587,0.4450341167551175,micro__ca_uniform_alpha_control__lambda_1,0.6902258403850272,0.5848395824035244,0.0916100521618181
lapeigvals_gsm8k_llama3b,math,gsm8k,1319,587,0.4450341167551175,micro__ca_uniform_alpha_control__lambda_10,0.6865277738989584,0.5807327713418633,0.003871717657103937
lapeigvals_gsm8k_llama3b,math,gsm8k,1319,587,0.4450341167551175,micro__ca_uniform_alpha_control__lambda_100,0.6859762057698215,0.5802532928354359,4.843898216805526e-05
lapeigvals_gsm8k_llama3b,math,gsm8k,1319,587,0.4450341167551175,micro__ca_uniform_alpha_control__lambda_3,0.6877519293248061,0.5820113689222753,0.026490387538865116
lapeigvals_gsm8k_llama3b,math,gsm8k,1319,587,0.4450341167551175,micro__ca_uniform_alpha_control__lambda_30,0.6861251524376054,0.5802909307842695,0.0005065890786670145
lapeigvals_gsm8k_llama3b,math,gsm8k,1319,587,0.4450341167551175,micro__uniform_y_liu__lambda_0,0.6964885823069977,0.5934863245132465,0.2875825832489957
lapeigvals_gsm8k_llama3b,math,gsm8k,1319,587,0.4450341167551175,micro__uniform_y_liu__lambda_0p1,0.6973101162714926,0.5954524971353514,0.24577967574155804
lapeigvals_gsm8k_llama3b,math,gsm8k,1319,587,0.4450341167551175,micro__uniform_y_liu__lambda_0p3,0.6981758687779858,0.5968831949159072,0.18569329522209532
lapeigvals_gsm8k_llama3b,math,gsm8k,1319,587,0.4450341167551175,micro__uniform_y_liu__lambda_1,0.6991440221185802,0.599024842522395,0.0875816576811782
lapeigvals_gsm8k_llama3b,math,gsm8k,1319,587,0.4450341167551175,micro__uniform_y_liu__lambda_10,0.7002285400433808,0.6013899259824474,0.0034761298577936544
lapeigvals_gsm8k_llama3b,math,gsm8k,1319,587,0.4450341167551175,micro__uniform_y_liu__lambda_100,0.7004007596280056,0.6015791446393413,4.2851557911510976e-05
lapeigvals_gsm8k_llama3b,math,gsm8k,1319,587,0.4450341167551175,micro__uniform_y_liu__lambda_3,0.6998771189990783,0.600711315988509,0.024428403423422184
lapeigvals_gsm8k_llama3b,math,gsm8k,1319,587,0.4450341167551175,micro__uniform_y_liu__lambda_30,0.7003681775444279,0.6016380964112512,0.00045002293891602355
lapeigvals_gsm8k_llama3b,math,gsm8k,1319,587,0.4450341167551175,raw_uniform_liu__lambda_0,0.6964885823069977,0.5934863245132465,0.2875825832489957
lapeigvals_gsm8k_llama3b,math,gsm8k,1319,587,0.4450341167551175,raw_uniform_liu__lambda_0p1,0.6958066858435501,0.5922814251685533,0.24806177076646732
lapeigvals_gsm8k_llama3b,math,gsm8k,1319,587,0.4450341167551175,raw_uniform_liu__lambda_0p3,0.6951736625054692,0.5917416578668996,0.1902648113999243
lapeigvals_gsm8k_llama3b,math,gsm8k,1319,587,0.4450341167551175,raw_uniform_liu__lambda_1,0.6938191787453105,0.5896048735543107,0.09264278545993733
lapeigvals_gsm8k_llama3b,math,gsm8k,1319,587,0.4450341167551175,raw_uniform_liu__lambda_10,0.6925368410273597,0.5880880449877972,0.0038920720074751506
lapeigvals_gsm8k_llama3b,math,gsm8k,1319,587,0.4450341167551175,raw_uniform_liu__lambda_100,0.6922692024836857,0.5878017513091418,4.8594051462905365e-05
lapeigvals_gsm8k_llama3b,math,gsm8k,1319,587,0.4450341167551175,raw_uniform_liu__lambda_3,0.6929883356140792,0.5882798023799348,0.026716484773577867
lapeigvals_gsm8k_llama3b,math,gsm8k,1319,587,0.4450341167551175,raw_uniform_liu__lambda_30,0.6923390212342093,0.5879176515038993,0.0005085108887059414
lapeigvals_gsm8k_llama8b,math,gsm8k,500,362,0.724,atomic__adapted_specrage_y_liu__lambda_0,0.8141764752982624,0.906542755608593,0.297304811768057
lapeigvals_gsm8k_llama8b,math,gsm8k,500,362,0.724,atomic__adapted_specrage_y_liu__lambda_0p1,0.8139162462967411,0.9064820632255448,0.25329220558726845
lapeigvals_gsm8k_llama8b,math,gsm8k,500,362,0.724,atomic__adapted_specrage_y_liu__lambda_0p3,0.8134158059092002,0.9061085927972089,0.1903069759324875
lapeigvals_gsm8k_llama8b,math,gsm8k,500,362,0.724,atomic__adapted_specrage_y_liu__lambda_1,0.8128953479061574,0.9059579400196074,0.08862079756911828
lapeigvals_gsm8k_llama8b,math,gsm8k,500,362,0.724,atomic__adapted_specrage_y_liu__lambda_10,0.8129353831371607,0.9064350377486395,0.0034345838112238326
lapeigvals_gsm8k_llama8b,math,gsm8k,500,362,0.724,atomic__adapted_specrage_y_liu__lambda_100,0.8127752422131475,0.9064118914996436,4.2113286465186514e-05
lapeigvals_gsm8k_llama8b,math,gsm8k,500,362,0.724,atomic__adapted_specrage_y_liu__lambda_3,0.8128753302906557,0.9064876223218261,0.024376347104621967
lapeigvals_gsm8k_llama8b,math,gsm8k,500,362,0.724,atomic__adapted_specrage_y_liu__lambda_30,0.8128753302906557,0.9064954384477715,0.0004429335582926239
lapeigvals_gsm8k_llama8b,math,gsm8k,500,362,0.724,atomic__ca_global_alpha_control__lambda_0,0.8141764752982624,0.906542755608593,0.297304811768057
lapeigvals_gsm8k_llama8b,math,gsm8k,500,362,0.724,atomic__ca_global_alpha_control__lambda_0p1,0.8142165105292657,0.9064659254592632,0.2501541460968025
lapeigvals_gsm8k_llama8b,math,gsm8k,500,362,0.724,atomic__ca_global_alpha_control__lambda_0p3,0.8145768276082954,0.9068239570658252,0.18421484322632636
lapeigvals_gsm8k_llama8b,math,gsm8k,500,362,0.724,atomic__ca_global_alpha_control__lambda_1,0.8153575146128593,0.9069657151550965,0.08230036077503403
lapeigvals_gsm8k_llama8b,math,gsm8k,500,362,0.724,atomic__ca_global_alpha_control__lambda_10,0.8149771799183281,0.9062469451318291,0.0029733658383051037
lapeigvals_gsm8k_llama8b,math,gsm8k,500,362,0.724,atomic__ca_global_alpha_control__lambda_100,0.8149571623028264,0.9060607156786907,3.591461090435768e-05
lapeigvals_gsm8k_llama8b,math,gsm8k,500,362,0.724,atomic__ca_global_alpha_control__lambda_3,0.8152374089198494,0.9065655542675213,0.021710555326306696
lapeigvals_gsm8k_llama8b,math,gsm8k,500,362,0.724,atomic__ca_global_alpha_control__lambda_30,0.8149771799183281,0.9060384843518094,0.0003793216894816019
lapeigvals_gsm8k_llama8b,math,gsm8k,500,362,0.724,atomic__ca_permuted_alpha_control__lambda_0,0.8141764752982624,0.906542755608593,0.297304811768057
lapeigvals_gsm8k_llama8b,math,gsm8k,500,362,0.724,atomic__ca_permuted_alpha_control__lambda_0p1,0.8142365281447674,0.9065173080567233,0.2500768663946557
lapeigvals_gsm8k_llama8b,math,gsm8k,500,362,0.724,atomic__ca_permuted_alpha_control__lambda_0p3,0.8145568099927936,0.9068062268181902,0.1840639230602008
lapeigvals_gsm8k_llama8b,math,gsm8k,500,362,0.724,atomic__ca_permuted_alpha_control__lambda_1,0.8152173913043477,0.9068297253110776,0.082143920418538
lapeigvals_gsm8k_llama8b,math,gsm8k,500,362,0.724,atomic__ca_permuted_alpha_control__lambda_10,0.8150172151493315,0.9062819022768995,0.0029622109512532583
lapeigvals_gsm8k_llama8b,math,gsm8k,500,362,0.724,atomic__ca_permuted_alpha_control__lambda_100,0.8149771799183281,0.9062469451318291,3.576573624180216e-05
lapeigvals_gsm8k_llama8b,math,gsm8k,500,362,0.724,atomic__ca_permuted_alpha_control__lambda_3,0.8153575146128593,0.9066849201063837,0.02164533105736067
lapeigvals_gsm8k_llama8b,math,gsm8k,500,362,0.724,atomic__ca_permuted_alpha_control__lambda_30,0.8149571623028266,0.9062412790722942,0.0003777908522239588
lapeigvals_gsm8k_llama8b,math,gsm8k,500,362,0.724,atomic__ca_specrage_alpha_liu__lambda_0,0.8141764752982624,0.906542755608593,0.297304811768057
lapeigvals_gsm8k_llama8b,math,gsm8k,500,362,0.724,atomic__ca_specrage_alpha_liu__lambda_0p1,0.8140964048362559,0.9064539867148594,0.2514609668339999
lapeigvals_gsm8k_llama8b,math,gsm8k,500,362,0.724,atomic__ca_specrage_alpha_liu__lambda_0p3,0.8141364400672593,0.9064393085231115,0.1866717689316651
lapeigvals_gsm8k_llama8b,math,gsm8k,500,362,0.724,atomic__ca_specrage_alpha_liu__lambda_1,0.8142965809912722,0.9066175050635752,0.08472184117754922
lapeigvals_gsm8k_llama8b,math,gsm8k,500,362,0.724,atomic__ca_specrage_alpha_liu__lambda_10,0.8145568099927936,0.9068062268181902,0.003138966490897258
lapeigvals_gsm8k_llama8b,math,gsm8k,500,362,0.724,atomic__ca_specrage_alpha_liu__lambda_100,0.8145768276082954,0.9068239570658252,3.811375165616416e-05
lapeigvals_gsm8k_llama8b,math,gsm8k,500,362,0.724,atomic__ca_specrage_alpha_liu__lambda_3,0.814476739530787,0.9067972115803137,0.0226910828775042
lapeigvals_gsm8k_llama8b,math,gsm8k,500,362,0.724,atomic__ca_specrage_alpha_liu__lambda_30,0.8145968452237969,0.9068423878007917,0.00040196402933838815
lapeigvals_gsm8k_llama8b,math,gsm8k,500,362,0.724,atomic__ca_specrage_y_liu__lambda_0,0.8141764752982624,0.906542755608593,0.297304811768057
lapeigvals_gsm8k_llama8b,math,gsm8k,500,362,0.724,atomic__ca_specrage_y_liu__lambda_0p1,0.8152574265353512,0.9065696659079787,0.2512071640795202
lapeigvals_gsm8k_llama8b,math,gsm8k,500,362,0.724,atomic__ca_specrage_y_liu__lambda_0p3,0.8156377612298823,0.9043317064954002,0.1876097670893828
lapeigvals_gsm8k_llama8b,math,gsm8k,500,362,0.724,atomic__ca_specrage_y_liu__lambda_1,0.8158579550004004,0.902152957005638,0.08772997647428926
lapeigvals_gsm8k_llama8b,math,gsm8k,500,362,0.724,atomic__ca_specrage_y_liu__lambda_10,0.8154175674593642,0.9009723921759506,0.0035080001713723038
lapeigvals_gsm8k_llama8b,math,gsm8k,500,362,0.724,atomic__ca_specrage_y_liu__lambda_100,0.8152574265353512,0.9009990064533246,4.339457770497747e-05
lapeigvals_gsm8k_llama8b,math,gsm8k,500,362,0.724,atomic__ca_specrage_y_liu__lambda_3,0.8159180078469053,0.901727843988171,0.024527581236661967
lapeigvals_gsm8k_llama8b,math,gsm8k,500,362,0.724,atomic__ca_specrage_y_liu__lambda_30,0.8152974617663544,0.9009709384011703,0.0004552645682298171
lapeigvals_gsm8k_llama8b,math,gsm8k,500,362,0.724,atomic__ca_uniform_alpha_control__lambda_0,0.8141764752982624,0.906542755608593,0.297304811768057
lapeigvals_gsm8k_llama8b,math,gsm8k,500,362,0.724,atomic__ca_uniform_alpha_control__lambda_0p1,0.8144367042997838,0.906765947146755,0.24879009627971532
lapeigvals_gsm8k_llama8b,math,gsm8k,500,362,0.724,atomic__ca_uniform_alpha_control__lambda_0p3,0.8154375850748659,0.9068850377195332,0.181760190915032
lapeigvals_gsm8k_llama8b,math,gsm8k,500,362,0.724,atomic__ca_uniform_alpha_control__lambda_1,0.8152374089198494,0.9054421031657686,0.08006558064593036
lapeigvals_gsm8k_llama8b,math,gsm8k,500,362,0.724,atomic__ca_uniform_alpha_control__lambda_10,0.815597725998879,0.9039553641417022,0.0028362840317657997
lapeigvals_gsm8k_llama8b,math,gsm8k,500,362,0.724,atomic__ca_uniform_alpha_control__lambda_100,0.8157578669228921,0.9039692229878941,3.413035297135124e-05
lapeigvals_gsm8k_llama8b,math,gsm8k,500,362,0.724,atomic__ca_uniform_alpha_control__lambda_3,0.8156978140763872,0.9049882913894682,0.020865134135703924
lapeigvals_gsm8k_llama8b,math,gsm8k,500,362,0.724,atomic__ca_uniform_alpha_control__lambda_30,0.8157378493073905,0.9039789933256772,0.00036084978858989445
lapeigvals_gsm8k_llama8b,math,gsm8k,500,362,0.724,atomic__uniform_y_liu__lambda_0,0.8141764752982624,0.906542755608593,0.297304811768057
lapeigvals_gsm8k_llama8b,math,gsm8k,500,362,0.724,atomic__uniform_y_liu__lambda_0p1,0.8141564576827609,0.9064445069823029,0.2529058047891289
lapeigvals_gsm8k_llama8b,math,gsm8k,500,362,0.724,atomic__uniform_y_liu__lambda_0p3,0.814476739530787,0.9067972115803137,0.1894884500485177
lapeigvals_gsm8k_llama8b,math,gsm8k,500,362,0.724,atomic__uniform_y_liu__lambda_1,0.8149371446873248,0.9067122258837053,0.0876676298778447
lapeigvals_gsm8k_llama8b,math,gsm8k,500,362,0.724,atomic__uniform_y_liu__lambda_10,0.8152374089198495,0.906688627854077,0.0033564271642132822
lapeigvals_gsm8k_llama8b,math,gsm8k,500,362,0.724,atomic__uniform_y_liu__lambda_100,0.8153575146128593,0.9067147489067304,4.104274943153683e-05
lapeigvals_gsm8k_llama8b,math,gsm8k,500,362,0.724,atomic__uniform_y_liu__lambda_3,0.8154175674593642,0.9068521813443151,0.02394248364293911
lapeigvals_gsm8k_llama8b,math,gsm8k,500,362,0.724,atomic__uniform_y_liu__lambda_30,0.815317479381856,0.9066883217626581,0.0004320039604217676
lapeigvals_gsm8k_llama8b,math,gsm8k,500,362,0.724,deployed_upcr,0.8081111378012651,0.902964507918759,0.3154965668104264
lapeigvals_gsm8k_llama8b,math,gsm8k,500,362,0.724,dufs_liu__lambda_0,0.8141764752982624,0.906542755608593,0.297304811768057
lapeigvals_gsm8k_llama8b,math,gsm8k,500,362,0.724,dufs_liu__lambda_0p1,0.8153174793818561,0.9066651244338702,0.2497094472039837
lapeigvals_gsm8k_llama8b,math,gsm8k,500,362,0.724,dufs_liu__lambda_0p3,0.8156777964608856,0.9046374301357437,0.18464117232633565
lapeigvals_gsm8k_llama8b,math,gsm8k,500,362,0.724,dufs_liu__lambda_1,0.8158179197693971,0.9021245193986146,0.08462218289557856
lapeigvals_gsm8k_llama8b,math,gsm8k,500,362,0.724,dufs_liu__lambda_10,0.8152774441508528,0.9009329329451861,0.0032792539754215627
lapeigvals_gsm8k_llama8b,math,gsm8k,500,362,0.724,dufs_liu__lambda_100,0.8152574265353512,0.9009964768709078,4.030609016968419e-05
lapeigvals_gsm8k_llama8b,math,gsm8k,500,362,0.724,dufs_liu__lambda_3,0.8157778845383937,0.901628556350721,0.0232128744943362
lapeigvals_gsm8k_llama8b,math,gsm8k,500,362,0.724,dufs_liu__lambda_30,0.8152974617663543,0.9010018186386323,0.0004236143076489504
lapeigvals_gsm8k_llama8b,math,gsm8k,500,362,0.724,iu_pcr,0.8141764752982624,0.906542755608593,0.297304811768057
lapeigvals_gsm8k_llama8b,math,gsm8k,500,362,0.724,manual__adapted_specrage_y_liu__lambda_0,0.8141764752982624,0.906542755608593,0.297304811768057
lapeigvals_gsm8k_llama8b,math,gsm8k,500,362,0.724,manual__adapted_specrage_y_liu__lambda_0p1,0.8136359996797181,0.9062168699723417,0.2519934151081746
lapeigvals_gsm8k_llama8b,math,gsm8k,500,362,0.724,manual__adapted_specrage_y_liu__lambda_0p3,0.8128953479061574,0.9059579400196074,0.18800193802297724
lapeigvals_gsm8k_llama8b,math,gsm8k,500,362,0.724,manual__adapted_specrage_y_liu__lambda_1,0.8120746256705902,0.9059494360215291,0.08653289386204913
lapeigvals_gsm8k_llama8b,math,gsm8k,500,362,0.724,manual__adapted_specrage_y_liu__lambda_10,0.8104131635839539,0.9043590809088683,0.003302042051967912
lapeigvals_gsm8k_llama8b,math,gsm8k,500,362,0.724,manual__adapted_specrage_y_liu__lambda_100,0.8102530226599407,0.9042999300287269,4.0367841611190496e-05
lapeigvals_gsm8k_llama8b,math,gsm8k,500,362,0.724,manual__adapted_specrage_y_liu__lambda_3,0.810793498278485,0.9047750462496642,0.02357392422753816
lapeigvals_gsm8k_llama8b,math,gsm8k,500,362,0.724,manual__adapted_specrage_y_liu__lambda_30,0.8102129874289374,0.9042606750952239,0.00042492429063086234
lapeigvals_gsm8k_llama8b,math,gsm8k,500,362,0.724,manual__ca_global_alpha_control__lambda_0,0.8141764752982624,0.906542755608593,0.297304811768057
lapeigvals_gsm8k_llama8b,math,gsm8k,500,362,0.724,manual__ca_global_alpha_control__lambda_0p1,0.8135559292177115,0.9061962787129998,0.25703696481637645
lapeigvals_gsm8k_llama8b,math,gsm8k,500,362,0.724,manual__ca_global_alpha_control__lambda_0p3,0.8129554007526623,0.9058007833761474,0.19791551141255576
lapeigvals_gsm8k_llama8b,math,gsm8k,500,362,0.724,manual__ca_global_alpha_control__lambda_1,0.8128753302906557,0.9064954384477715,0.09719065414674874
lapeigvals_gsm8k_llama8b,math,gsm8k,500,362,0.724,manual__ca_global_alpha_control__lambda_10,0.8117943790535671,0.9056841742828098,0.004148139157989792
lapeigvals_gsm8k_llama8b,math,gsm8k,500,362,0.724,manual__ca_global_alpha_control__lambda_100,0.8116342381295539,0.9056345400174721,5.1979641802658685e-05
lapeigvals_gsm8k_llama8b,math,gsm8k,500,362,0.724,manual__ca_global_alpha_control__lambda_3,0.8120746256705902,0.9059774919458333,0.02828657602280414
lapeigvals_gsm8k_llama8b,math,gsm8k,500,362,0.724,manual__ca_global_alpha_control__lambda_30,0.8116742733605573,0.9056249181231496,0.0005433837456309478
lapeigvals_gsm8k_llama8b,math,gsm8k,500,362,0.724,manual__ca_permuted_alpha_control__lambda_0,0.8141764752982624,0.906542755608593,0.297304811768057
lapeigvals_gsm8k_llama8b,math,gsm8k,500,362,0.724,manual__ca_permuted_alpha_control__lambda_0p1,0.8136359996797181,0.9062544337199372,0.25688586584266093
lapeigvals_gsm8k_llama8b,math,gsm8k,500,362,0.724,manual__ca_permuted_alpha_control__lambda_0p3,0.8129954359836655,0.9058391713912546,0.19759679492354926
lapeigvals_gsm8k_llama8b,math,gsm8k,500,362,0.724,manual__ca_permuted_alpha_control__lambda_1,0.8128953479061574,0.9064796068957703,0.09681042996224226
lapeigvals_gsm8k_llama8b,math,gsm8k,500,362,0.724,manual__ca_permuted_alpha_control__lambda_10,0.811914484746577,0.9057860823587326,0.0041137985436476305
lapeigvals_gsm8k_llama8b,math,gsm8k,500,362,0.724,manual__ca_permuted_alpha_control__lambda_100,0.8115942028985508,0.9055222780982023,5.149674689136632e-05
lapeigvals_gsm8k_llama8b,math,gsm8k,500,362,0.724,manual__ca_permuted_alpha_control__lambda_3,0.8120946432860918,0.9059620421002652,0.028104326333219083
lapeigvals_gsm8k_llama8b,math,gsm8k,500,362,0.724,manual__ca_permuted_alpha_control__lambda_30,0.8117943790535671,0.905689364537862,0.0005384903668605782
lapeigvals_gsm8k_llama8b,math,gsm8k,500,362,0.724,manual__ca_specrage_alpha_liu__lambda_0,0.8141764752982624,0.906542755608593,0.297304811768057
lapeigvals_gsm8k_llama8b,math,gsm8k,500,362,0.724,manual__ca_specrage_alpha_liu__lambda_0p1,0.8136359996797181,0.9062589206101827,0.25754087662118674
lapeigvals_gsm8k_llama8b,math,gsm8k,500,362,0.724,manual__ca_specrage_alpha_liu__lambda_0p3,0.8129954359836655,0.9057752301685922,0.19891084806883055
lapeigvals_gsm8k_llama8b,math,gsm8k,500,362,0.724,manual__ca_specrage_alpha_liu__lambda_1,0.8129954359836656,0.9065082150395333,0.09829449251773519
lapeigvals_gsm8k_llama8b,math,gsm8k,500,362,0.724,manual__ca_specrage_alpha_liu__lambda_10,0.8119545199775803,0.9059388519410072,0.004242950848614483
lapeigvals_gsm8k_llama8b,math,gsm8k,500,362,0.724,manual__ca_specrage_alpha_liu__lambda_100,0.8118744495155736,0.9057944307245405,5.330575921224525e-05
lapeigvals_gsm8k_llama8b,math,gsm8k,500,362,0.724,manual__ca_specrage_alpha_liu__lambda_3,0.8124949955961246,0.9062095030224101,0.028796929626999465
lapeigvals_gsm8k_llama8b,math,gsm8k,500,362,0.724,manual__ca_specrage_alpha_liu__lambda_30,0.8118544319000721,0.9057971191524312,0.0005568402418485446
lapeigvals_gsm8k_llama8b,math,gsm8k,500,362,0.724,manual__ca_specrage_y_liu__lambda_0,0.8141764752982624,0.906542755608593,0.297304811768057
lapeigvals_gsm8k_llama8b,math,gsm8k,500,362,0.724,manual__ca_specrage_y_liu__lambda_0p1,0.8141764752982624,0.9065681376862786,0.2506840189358784
lapeigvals_gsm8k_llama8b,math,gsm8k,500,362,0.724,manual__ca_specrage_y_liu__lambda_0p3,0.814036351989751,0.9065274967328358,0.18518269943174046
lapeigvals_gsm8k_llama8b,math,gsm8k,500,362,0.724,manual__ca_specrage_y_liu__lambda_1,0.8140964048362558,0.906505330117463,0.08321030205950856
lapeigvals_gsm8k_llama8b,math,gsm8k,500,362,0.724,manual__ca_specrage_y_liu__lambda_10,0.8139562815277442,0.9064334997693813,0.003032153562685809
lapeigvals_gsm8k_llama8b,math,gsm8k,500,362,0.724,manual__ca_specrage_y_liu__lambda_100,0.8139762991432461,0.9065258111036126,3.668771503188394e-05
lapeigvals_gsm8k_llama8b,math,gsm8k,500,362,0.724,manual__ca_specrage_y_liu__lambda_3,0.8140563696052526,0.906482119251641,0.022065834179587695
lapeigvals_gsm8k_llama8b,math,gsm8k,500,362,0.724,manual__ca_specrage_y_liu__lambda_30,0.8139762991432461,0.9065258111036126,0.00038730271943115155
lapeigvals_gsm8k_llama8b,math,gsm8k,500,362,0.724,manual__ca_uniform_alpha_control__lambda_0,0.8141764752982624,0.906542755608593,0.297304811768057
lapeigvals_gsm8k_llama8b,math,gsm8k,500,362,0.724,manual__ca_uniform_alpha_control__lambda_0p1,0.814096404836256,0.9065706087099423,0.25431498035764305
lapeigvals_gsm8k_llama8b,math,gsm8k,500,362,0.724,manual__ca_uniform_alpha_control__lambda_0p3,0.8140763872207541,0.906487166432175,0.19222143426870308
lapeigvals_gsm8k_llama8b,math,gsm8k,500,362,0.724,manual__ca_uniform_alpha_control__lambda_1,0.8139562815277444,0.906517426160395,0.09053572295708154
lapeigvals_gsm8k_llama8b,math,gsm8k,500,362,0.724,manual__ca_uniform_alpha_control__lambda_10,0.8138962286812395,0.9064231281667099,0.003573718067171163
lapeigvals_gsm8k_llama8b,math,gsm8k,500,362,0.724,manual__ca_uniform_alpha_control__lambda_100,0.8139963167587476,0.9065340360635267,4.399081458601084e-05
lapeigvals_gsm8k_llama8b,math,gsm8k,500,362,0.724,manual__ca_uniform_alpha_control__lambda_3,0.8139162462967411,0.9064820632255448,0.025177510094927847
lapeigvals_gsm8k_llama8b,math,gsm8k,500,362,0.724,manual__ca_uniform_alpha_control__lambda_30,0.8139562815277444,0.9064809789400751,0.0004621769879009453
lapeigvals_gsm8k_llama8b,math,gsm8k,500,362,0.724,manual__uniform_y_liu__lambda_0,0.8141764752982624,0.906542755608593,0.297304811768057
lapeigvals_gsm8k_llama8b,math,gsm8k,500,362,0.724,manual__uniform_y_liu__lambda_0p1,0.8141364400672592,0.9065259866559158,0.25092469963961567
lapeigvals_gsm8k_llama8b,math,gsm8k,500,362,0.724,manual__uniform_y_liu__lambda_0p3,0.8141564576827608,0.9065329121753366,0.18564081405329028
lapeigvals_gsm8k_llama8b,math,gsm8k,500,362,0.724,manual__uniform_y_liu__lambda_1,0.8141764752982624,0.9065681376862786,0.08367008720213366
lapeigvals_gsm8k_llama8b,math,gsm8k,500,362,0.724,manual__uniform_y_liu__lambda_10,0.8141364400672592,0.9065522281782756,0.0030641701512688644
lapeigvals_gsm8k_llama8b,math,gsm8k,500,362,0.724,manual__uniform_y_liu__lambda_100,0.8141164224517575,0.9065439381546266,3.711399488696882e-05
lapeigvals_gsm8k_llama8b,math,gsm8k,500,362,0.724,manual__uniform_y_liu__lambda_3,0.8141764752982625,0.9065863589535983,0.02225428179861571
lapeigvals_gsm8k_llama8b,math,gsm8k,500,362,0.724,manual__uniform_y_liu__lambda_30,0.8141164224517575,0.9065439381546266,0.00039168866344160537
lapeigvals_gsm8k_llama8b,math,gsm8k,500,362,0.724,micro__adapted_specrage_y_liu__lambda_0,0.8141764752982624,0.906542755608593,0.297304811768057
lapeigvals_gsm8k_llama8b,math,gsm8k,500,362,0.724,micro__adapted_specrage_y_liu__lambda_0p1,0.8140964048362559,0.9064539867148594,0.2503169476539594
lapeigvals_gsm8k_llama8b,math,gsm8k,500,362,0.724,micro__adapted_specrage_y_liu__lambda_0p3,0.8141364400672593,0.9064393085231115,0.18448858944265434
lapeigvals_gsm8k_llama8b,math,gsm8k,500,362,0.724,micro__adapted_specrage_y_liu__lambda_1,0.8143366162222756,0.9066384651369903,0.08252148015473136
lapeigvals_gsm8k_llama8b,math,gsm8k,500,362,0.724,micro__adapted_specrage_y_liu__lambda_10,0.8145968452237968,0.9068417783232388,0.0029849102216574714
lapeigvals_gsm8k_llama8b,math,gsm8k,500,362,0.724,micro__adapted_specrage_y_liu__lambda_100,0.8146969333013052,0.9068650080746454,3.606049023914513e-05
lapeigvals_gsm8k_llama8b,math,gsm8k,500,362,0.724,micro__adapted_specrage_y_liu__lambda_3,0.8144767395307869,0.9068001976628168,0.021786170390354034
lapeigvals_gsm8k_llama8b,math,gsm8k,500,362,0.724,micro__adapted_specrage_y_liu__lambda_30,0.8146568980703017,0.9068479864582387,0.0003808442211980033
lapeigvals_gsm8k_llama8b,math,gsm8k,500,362,0.724,micro__ca_global_alpha_control__lambda_0,0.8141764752982624,0.906542755608593,0.297304811768057
lapeigvals_gsm8k_llama8b,math,gsm8k,500,362,0.724,micro__ca_global_alpha_control__lambda_0p1,0.8152173913043477,0.9069247191524584,0.25186767907896923
lapeigvals_gsm8k_llama8b,math,gsm8k,500,362,0.724,micro__ca_global_alpha_control__lambda_0p3,0.8151773560733445,0.9054306540329002,0.18808622356328092
lapeigvals_gsm8k_llama8b,math,gsm8k,500,362,0.724,micro__ca_global_alpha_control__lambda_1,0.8157578669228922,0.9038015092133422,0.08705721699615461
lapeigvals_gsm8k_llama8b,math,gsm8k,500,362,0.724,micro__ca_global_alpha_control__lambda_10,0.8157979021538955,0.9021984140762691,0.003369437524752956
lapeigvals_gsm8k_llama8b,math,gsm8k,500,362,0.724,micro__ca_global_alpha_control__lambda_100,0.8157979021538954,0.9020689241704946,4.133210795479171e-05
lapeigvals_gsm8k_llama8b,math,gsm8k,500,362,0.724,micro__ca_global_alpha_control__lambda_3,0.8156777964608857,0.9026578528636877,0.023907784481955126
lapeigvals_gsm8k_llama8b,math,gsm8k,500,362,0.724,micro__ca_global_alpha_control__lambda_30,0.8158579550004004,0.9021742782726472,0.0004346584358765393
lapeigvals_gsm8k_llama8b,math,gsm8k,500,362,0.724,micro__ca_permuted_alpha_control__lambda_0,0.8141764752982624,0.906542755608593,0.297304811768057
lapeigvals_gsm8k_llama8b,math,gsm8k,500,362,0.724,micro__ca_permuted_alpha_control__lambda_0p1,0.8152173913043477,0.9069247191524584,0.2518845605232072
lapeigvals_gsm8k_llama8b,math,gsm8k,500,362,0.724,micro__ca_permuted_alpha_control__lambda_0p3,0.8151973736888463,0.90544750399506,0.1881195644516398
lapeigvals_gsm8k_llama8b,math,gsm8k,500,362,0.724,micro__ca_permuted_alpha_control__lambda_1,0.8157578669228922,0.9038015092133422,0.08709248308690312
lapeigvals_gsm8k_llama8b,math,gsm8k,500,362,0.724,micro__ca_permuted_alpha_control__lambda_10,0.8157979021538955,0.9021984140762691,0.0033720877665027417
lapeigvals_gsm8k_llama8b,math,gsm8k,500,362,0.724,micro__ca_permuted_alpha_control__lambda_100,0.8157979021538954,0.9020689241704946,4.136798802181327e-05
lapeigvals_gsm8k_llama8b,math,gsm8k,500,362,0.724,micro__ca_permuted_alpha_control__lambda_3,0.8156777964608857,0.9026578528636877,0.0239229091448695
lapeigvals_gsm8k_llama8b,math,gsm8k,500,362,0.724,micro__ca_permuted_alpha_control__lambda_30,0.8158579550004004,0.9021742782726472,0.00043502587902072244
lapeigvals_gsm8k_llama8b,math,gsm8k,500,362,0.724,micro__ca_specrage_alpha_liu__lambda_0,0.8141764752982624,0.906542755608593,0.297304811768057
lapeigvals_gsm8k_llama8b,math,gsm8k,500,362,0.724,micro__ca_specrage_alpha_liu__lambda_0p1,0.8152173913043477,0.9069240486425354,0.2522098324801959
lapeigvals_gsm8k_llama8b,math,gsm8k,500,362,0.724,micro__ca_specrage_alpha_liu__lambda_0p3,0.8152173913043478,0.9054267275426332,0.18873558783311833
lapeigvals_gsm8k_llama8b,math,gsm8k,500,362,0.724,micro__ca_specrage_alpha_liu__lambda_1,0.8157178316918888,0.9037555163286335,0.08770855052512601
lapeigvals_gsm8k_llama8b,math,gsm8k,500,362,0.724,micro__ca_specrage_alpha_liu__lambda_10,0.8155176555368725,0.9020166798834635,0.003416020550914926
lapeigvals_gsm8k_llama8b,math,gsm8k,500,362,0.724,micro__ca_specrage_alpha_liu__lambda_100,0.8157979021538954,0.9021008887293814,4.1958304858583426e-05
lapeigvals_gsm8k_llama8b,math,gsm8k,500,362,0.724,micro__ca_specrage_alpha_liu__lambda_3,0.8156377612298822,0.9027872735414718,0.024177966110645186
lapeigvals_gsm8k_llama8b,math,gsm8k,500,362,0.724,micro__ca_specrage_alpha_liu__lambda_30,0.8158979902314037,0.9022751401234199,0.0004410833793566462
lapeigvals_gsm8k_llama8b,math,gsm8k,500,362,0.724,micro__ca_specrage_y_liu__lambda_0,0.8141764752982624,0.906542755608593,0.297304811768057
lapeigvals_gsm8k_llama8b,math,gsm8k,500,362,0.724,micro__ca_specrage_y_liu__lambda_0p1,0.8141564576827609,0.9064280580341784,0.2527214245834992
lapeigvals_gsm8k_llama8b,math,gsm8k,500,362,0.724,micro__ca_specrage_y_liu__lambda_0p3,0.8144367042997837,0.906761568355473,0.18912322120558744
lapeigvals_gsm8k_llama8b,math,gsm8k,500,362,0.724,micro__ca_specrage_y_liu__lambda_1,0.8147369685323084,0.9066993168874321,0.08727618511259397
lapeigvals_gsm8k_llama8b,math,gsm8k,500,362,0.724,micro__ca_specrage_y_liu__lambda_10,0.8154375850748659,0.9068850377195332,0.0033266216780746807
lapeigvals_gsm8k_llama8b,math,gsm8k,500,362,0.724,micro__ca_specrage_y_liu__lambda_100,0.8154576026903674,0.9068505013438128,4.063894735307681e-05
lapeigvals_gsm8k_llama8b,math,gsm8k,500,362,0.724,micro__ca_specrage_y_liu__lambda_3,0.8152574265353509,0.9068190018999208,0.0237729460369712
lapeigvals_gsm8k_llama8b,math,gsm8k,500,362,0.724,micro__ca_specrage_y_liu__lambda_30,0.8153975498438626,0.9067963008409068,0.0004278692009431447
lapeigvals_gsm8k_llama8b,math,gsm8k,500,362,0.724,micro__ca_uniform_alpha_control__lambda_0,0.8141764752982624,0.906542755608593,0.297304811768057
lapeigvals_gsm8k_llama8b,math,gsm8k,500,362,0.724,micro__ca_uniform_alpha_control__lambda_0p1,0.8153374969973577,0.906937086049667,0.25130922897421376
lapeigvals_gsm8k_llama8b,math,gsm8k,500,362,0.724,micro__ca_uniform_alpha_control__lambda_0p3,0.8151973736888463,0.9050712384759787,0.18716211677251438
lapeigvals_gsm8k_llama8b,math,gsm8k,500,362,0.724,micro__ca_uniform_alpha_control__lambda_1,0.8155576907678757,0.9033075201089267,0.08633129142855973
lapeigvals_gsm8k_llama8b,math,gsm8k,500,362,0.724,micro__ca_uniform_alpha_control__lambda_10,0.8159780606934103,0.9021218633424696,0.003332929088788788
lapeigvals_gsm8k_llama8b,math,gsm8k,500,362,0.724,micro__ca_uniform_alpha_control__lambda_100,0.8158379373848987,0.9019894821437826,4.087409634965739e-05
lapeigvals_gsm8k_llama8b,math,gsm8k,500,362,0.724,micro__ca_uniform_alpha_control__lambda_3,0.8158579550004003,0.902238190603213,0.023665241495554924
lapeigvals_gsm8k_llama8b,math,gsm8k,500,362,0.724,micro__ca_uniform_alpha_control__lambda_30,0.8157979021538954,0.9019942487143041,0.0004298686234957697
lapeigvals_gsm8k_llama8b,math,gsm8k,500,362,0.724,micro__uniform_y_liu__lambda_0,0.8141764752982624,0.906542755608593,0.297304811768057
lapeigvals_gsm8k_llama8b,math,gsm8k,500,362,0.724,micro__uniform_y_liu__lambda_0p1,0.8144367042997838,0.906732830159064,0.25240413014215934
lapeigvals_gsm8k_llama8b,math,gsm8k,500,362,0.724,micro__uniform_y_liu__lambda_0p3,0.815157338457843,0.9068762629297598,0.1885974971715441
lapeigvals_gsm8k_llama8b,math,gsm8k,500,362,0.724,micro__uniform_y_liu__lambda_1,0.8149571623028264,0.9062291640589879,0.08685214367444972
lapeigvals_gsm8k_llama8b,math,gsm8k,500,362,0.724,micro__uniform_y_liu__lambda_10,0.8152173913043479,0.905104438034966,0.003303471125626684
lapeigvals_gsm8k_llama8b,math,gsm8k,500,362,0.724,micro__uniform_y_liu__lambda_100,0.8152574265353512,0.9050774693967971,4.0342321889139096e-05
lapeigvals_gsm8k_llama8b,math,gsm8k,500,362,0.724,micro__uniform_y_liu__lambda_3,0.8151973736888463,0.90544750399506,0.023624730150595758
lapeigvals_gsm8k_llama8b,math,gsm8k,500,362,0.724,micro__uniform_y_liu__lambda_30,0.8153575146128593,0.9051432056083847,0.00042478561314370335
lapeigvals_gsm8k_llama8b,math,gsm8k,500,362,0.724,raw_uniform_liu__lambda_0,0.8141764752982624,0.906542755608593,0.297304811768057
lapeigvals_gsm8k_llama8b,math,gsm8k,500,362,0.724,raw_uniform_liu__lambda_0p1,0.8153374969973577,0.906675248030175,0.25008000892377247
lapeigvals_gsm8k_llama8b,math,gsm8k,500,362,0.724,raw_uniform_liu__lambda_0p3,0.8157578669228921,0.9046624223300339,0.18539214795374948
lapeigvals_gsm8k_llama8b,math,gsm8k,500,362,0.724,raw_uniform_liu__lambda_1,0.8158579550004004,0.9021742782726472,0.08542977031587058
lapeigvals_gsm8k_llama8b,math,gsm8k,500,362,0.724,raw_uniform_liu__lambda_10,0.8152974617663544,0.9009459680614641,0.003339828957840016
lapeigvals_gsm8k_llama8b,math,gsm8k,500,362,0.724,raw_uniform_liu__lambda_100,0.8151373208423413,0.9009420759373677,4.112537458529376e-05
lapeigvals_gsm8k_llama8b,math,gsm8k,500,362,0.724,raw_uniform_liu__lambda_3,0.8157578669228921,0.9016156510417409,0.023559255987077546
lapeigvals_gsm8k_llama8b,math,gsm8k,500,362,0.724,raw_uniform_liu__lambda_30,0.8152173913043478,0.9009544115765307,0.0004320066392147397
lapeigvals_gsm8k_mistral24b,math,gsm8k,1319,1210,0.9173616376042456,atomic__adapted_specrage_y_liu__lambda_0,0.8470316172568049,0.9823452648660977,0.293184591355469
lapeigvals_gsm8k_mistral24b,math,gsm8k,1319,1210,0.9173616376042456,atomic__adapted_specrage_y_liu__lambda_0p1,0.8470391993327773,0.9823511496712704,0.2433589563966016
lapeigvals_gsm8k_mistral24b,math,gsm8k,1319,1210,0.9173616376042456,atomic__adapted_specrage_y_liu__lambda_0p3,0.8470012889529153,0.9823507237516499,0.17541510724283418
lapeigvals_gsm8k_mistral24b,math,gsm8k,1319,1210,0.9173616376042456,atomic__adapted_specrage_y_liu__lambda_1,0.8470846917886117,0.9823586109334015,0.07508502296474878
lapeigvals_gsm8k_mistral24b,math,gsm8k,1319,1210,0.9173616376042456,atomic__adapted_specrage_y_liu__lambda_10,0.8472363333080597,0.9823781220923188,0.002532319403828411
lapeigvals_gsm8k_mistral24b,math,gsm8k,1319,1210,0.9173616376042456,atomic__adapted_specrage_y_liu__lambda_100,0.847296989915839,0.9823874056334918,3.0157465732412593e-05
lapeigvals_gsm8k_mistral24b,math,gsm8k,1319,1210,0.9173616376042456,atomic__adapted_specrage_y_liu__lambda_3,0.8472060050041701,0.9823757763039813,0.019001649799645068
lapeigvals_gsm8k_mistral24b,math,gsm8k,1319,1210,0.9173616376042456,atomic__adapted_specrage_y_liu__lambda_30,0.847296989915839,0.9823877874670693,0.0003197682166423143
lapeigvals_gsm8k_mistral24b,math,gsm8k,1319,1210,0.9173616376042456,atomic__ca_global_alpha_control__lambda_0,0.8470316172568049,0.9823452648660977,0.293184591355469
lapeigvals_gsm8k_mistral24b,math,gsm8k,1319,1210,0.9173616376042456,atomic__ca_global_alpha_control__lambda_0p1,0.8472439153840321,0.9823792192079321,0.24413688487221763
lapeigvals_gsm8k_mistral24b,math,gsm8k,1319,1210,0.9173616376042456,atomic__ca_global_alpha_control__lambda_0p3,0.8472969899158389,0.9823850902804567,0.17694011765637765
lapeigvals_gsm8k_mistral24b,math,gsm8k,1319,1210,0.9173616376042456,atomic__ca_global_alpha_control__lambda_1,0.8471301842444461,0.9823632678177803,0.07666525578904697
lapeigvals_gsm8k_mistral24b,math,gsm8k,1319,1210,0.9173616376042456,atomic__ca_global_alpha_control__lambda_10,0.8466449313822124,0.9822589958174952,0.0026428897727207813
lapeigvals_gsm8k_mistral24b,math,gsm8k,1319,1210,0.9173616376042456,atomic__ca_global_alpha_control__lambda_100,0.8465463643945712,0.9822392211030907,3.1624190746490754e-05
lapeigvals_gsm8k_mistral24b,math,gsm8k,1319,1210,0.9173616376042456,atomic__ca_global_alpha_control__lambda_3,0.8466904238380468,0.9822726248508071,0.019654531729157147
lapeigvals_gsm8k_mistral24b,math,gsm8k,1319,1210,0.9173616376042456,atomic__ca_global_alpha_control__lambda_30,0.846599438926378,0.9822501696582991,0.00033487661324611216
lapeigvals_gsm8k_mistral24b,math,gsm8k,1319,1210,0.9173616376042456,atomic__ca_permuted_alpha_control__lambda_0,0.8470316172568049,0.9823452648660977,0.293184591355469
lapeigvals_gsm8k_mistral24b,math,gsm8k,1319,1210,0.9173616376042456,atomic__ca_permuted_alpha_control__lambda_0p1,0.8472439153840321,0.9823792192079321,0.24414483289278333
lapeigvals_gsm8k_mistral24b,math,gsm8k,1319,1210,0.9173616376042456,atomic__ca_permuted_alpha_control__lambda_0p3,0.8472969899158389,0.9823855354647356,0.17695409667213455
lapeigvals_gsm8k_mistral24b,math,gsm8k,1319,1210,0.9173616376042456,atomic__ca_permuted_alpha_control__lambda_1,0.8471605125483357,0.9823682889602073,0.07667732006780877
lapeigvals_gsm8k_mistral24b,math,gsm8k,1319,1210,0.9173616376042456,atomic__ca_permuted_alpha_control__lambda_10,0.8466904238380468,0.9822648502978363,0.0026435594681604485
lapeigvals_gsm8k_mistral24b,math,gsm8k,1319,1210,0.9173616376042456,atomic__ca_permuted_alpha_control__lambda_100,0.8465312002426264,0.9822386624160595,3.163271854273493e-05
lapeigvals_gsm8k_mistral24b,math,gsm8k,1319,1210,0.9173616376042456,atomic__ca_permuted_alpha_control__lambda_3,0.8466904238380468,0.9822729635309531,0.019658835308312153
lapeigvals_gsm8k_mistral24b,math,gsm8k,1319,1210,0.9173616376042456,atomic__ca_permuted_alpha_control__lambda_30,0.846599438926378,0.9822510123185938,0.0003349654401910352
lapeigvals_gsm8k_mistral24b,math,gsm8k,1319,1210,0.9173616376042456,atomic__ca_specrage_alpha_liu__lambda_0,0.8470316172568049,0.9823452648660977,0.293184591355469
lapeigvals_gsm8k_mistral24b,math,gsm8k,1319,1210,0.9173616376042456,atomic__ca_specrage_alpha_liu__lambda_0p1,0.8471984229281977,0.9823737113485037,0.24497276221691253
lapeigvals_gsm8k_mistral24b,math,gsm8k,1319,1210,0.9173616376042456,atomic__ca_specrage_alpha_liu__lambda_0p3,0.8473349002957009,0.9823960917759454,0.17847153586274067
lapeigvals_gsm8k_mistral24b,math,gsm8k,1319,1210,0.9173616376042456,atomic__ca_specrage_alpha_liu__lambda_1,0.8473121540677837,0.9823861887391583,0.07809178521505439
lapeigvals_gsm8k_mistral24b,math,gsm8k,1319,1210,0.9173616376042456,atomic__ca_specrage_alpha_liu__lambda_10,0.8467434983698536,0.9822905652318723,0.0027314795701654615
lapeigvals_gsm8k_mistral24b,math,gsm8k,1319,1210,0.9173616376042456,atomic__ca_specrage_alpha_liu__lambda_100,0.8466525134581848,0.9822656198554041,3.277717195009785e-05
lapeigvals_gsm8k_mistral24b,math,gsm8k,1319,1210,0.9173616376042456,atomic__ca_specrage_alpha_liu__lambda_3,0.8471529304723633,0.9823549497629892,0.020199753914518073
lapeigvals_gsm8k_mistral24b,math,gsm8k,1319,1210,0.9173616376042456,atomic__ca_specrage_alpha_liu__lambda_30,0.846675259686102,0.9822701622304094,0.00034681425926124233
lapeigvals_gsm8k_mistral24b,math,gsm8k,1319,1210,0.9173616376042456,atomic__ca_specrage_y_liu__lambda_0,0.8470316172568049,0.9823452648660977,0.293184591355469
lapeigvals_gsm8k_mistral24b,math,gsm8k,1319,1210,0.9173616376042456,atomic__ca_specrage_y_liu__lambda_0p1,0.8469937068769429,0.9823425060665243,0.24403102397122217
lapeigvals_gsm8k_mistral24b,math,gsm8k,1319,1210,0.9173616376042456,atomic__ca_specrage_y_liu__lambda_0p3,0.8470088710288877,0.98234777093987,0.1766545135380182
lapeigvals_gsm8k_mistral24b,math,gsm8k,1319,1210,0.9173616376042456,atomic__ca_specrage_y_liu__lambda_1,0.8472135870801425,0.9823779306150249,0.07625176290378759
lapeigvals_gsm8k_mistral24b,math,gsm8k,1319,1210,0.9173616376042456,atomic__ca_specrage_y_liu__lambda_10,0.8473803927515353,0.9823978050697206,0.0026054822031528393
lapeigvals_gsm8k_mistral24b,math,gsm8k,1319,1210,0.9173616376042456,atomic__ca_specrage_y_liu__lambda_100,0.8474031389794526,0.9824012037517373,3.1110591185479455e-05
lapeigvals_gsm8k_mistral24b,math,gsm8k,1319,1210,0.9173616376042456,atomic__ca_specrage_y_liu__lambda_3,0.8473121540677838,0.9823921788506416,0.01945065687107708
lapeigvals_gsm8k_mistral24b,math,gsm8k,1319,1210,0.9173616376042456,atomic__ca_specrage_y_liu__lambda_30,0.8473652285995905,0.982395851508221,0.00032963428202588445
lapeigvals_gsm8k_mistral24b,math,gsm8k,1319,1210,0.9173616376042456,atomic__ca_uniform_alpha_control__lambda_0,0.8470316172568049,0.9823452648660977,0.293184591355469
lapeigvals_gsm8k_mistral24b,math,gsm8k,1319,1210,0.9173616376042456,atomic__ca_uniform_alpha_control__lambda_0p1,0.8472666616119493,0.9823824566388831,0.24382730090783472
lapeigvals_gsm8k_mistral24b,math,gsm8k,1319,1210,0.9173616376042456,atomic__ca_uniform_alpha_control__lambda_0p3,0.8472894078398665,0.982384550787434,0.17637118086175166
lapeigvals_gsm8k_mistral24b,math,gsm8k,1319,1210,0.9173616376042456,atomic__ca_uniform_alpha_control__lambda_1,0.8470922738645841,0.9823544380513709,0.0761338368627127
lapeigvals_gsm8k_mistral24b,math,gsm8k,1319,1210,0.9173616376042456,atomic__ca_uniform_alpha_control__lambda_10,0.8466600955341572,0.9822621792356763,0.002609958893400328
lapeigvals_gsm8k_mistral24b,math,gsm8k,1319,1210,0.9173616376042456,atomic__ca_uniform_alpha_control__lambda_100,0.8463795587231785,0.9822210597965396,3.119609205254843e-05
lapeigvals_gsm8k_mistral24b,math,gsm8k,1319,1210,0.9173616376042456,atomic__ca_uniform_alpha_control__lambda_3,0.8466676776101296,0.9822690643432637,0.019451533421004655
lapeigvals_gsm8k_mistral24b,math,gsm8k,1319,1210,0.9173616376042456,atomic__ca_uniform_alpha_control__lambda_30,0.8465160360906817,0.9822396734431305,0.0003304427042224533
lapeigvals_gsm8k_mistral24b,math,gsm8k,1319,1210,0.9173616376042456,atomic__uniform_y_liu__lambda_0,0.8470316172568049,0.9823452648660977,0.293184591355469
lapeigvals_gsm8k_mistral24b,math,gsm8k,1319,1210,0.9173616376042456,atomic__uniform_y_liu__lambda_0p1,0.8463871407991508,0.9822042928971795,0.25145127146097473
lapeigvals_gsm8k_mistral24b,math,gsm8k,1319,1210,0.9173616376042456,atomic__uniform_y_liu__lambda_0p3,0.8450147850481462,0.9819170058445419,0.19157234425745287
lapeigvals_gsm8k_mistral24b,math,gsm8k,1319,1210,0.9173616376042456,atomic__uniform_y_liu__lambda_1,0.8412995678216697,0.9811553646365403,0.09248298449979334
lapeigvals_gsm8k_mistral24b,math,gsm8k,1319,1210,0.9173616376042456,atomic__uniform_y_liu__lambda_10,0.8367503222382289,0.9800409125691482,0.0038555467658494377
lapeigvals_gsm8k_mistral24b,math,gsm8k,1319,1210,0.9173616376042456,atomic__uniform_y_liu__lambda_100,0.8359162938812648,0.9798354907820775,4.808258790262849e-05
lapeigvals_gsm8k_mistral24b,math,gsm8k,1319,1210,0.9173616376042456,atomic__uniform_y_liu__lambda_3,0.8386155129274395,0.9805030653315938,0.026533033051258634
lapeigvals_gsm8k_mistral24b,math,gsm8k,1319,1210,0.9173616376042456,atomic__uniform_y_liu__lambda_30,0.8360982637046023,0.979869630227891,0.0005033148821401375
lapeigvals_gsm8k_mistral24b,math,gsm8k,1319,1210,0.9173616376042456,deployed_upcr,0.8486086890590644,0.9825998866012549,0.31330782671569873
lapeigvals_gsm8k_mistral24b,math,gsm8k,1319,1210,0.9173616376042456,dufs_liu__lambda_0,0.8470316172568049,0.9823452648660977,0.293184591355469
lapeigvals_gsm8k_mistral24b,math,gsm8k,1319,1210,0.9173616376042456,dufs_liu__lambda_0p1,0.8474410493593145,0.9824075140803323,0.2542023466293708
lapeigvals_gsm8k_mistral24b,math,gsm8k,1319,1210,0.9173616376042456,dufs_liu__lambda_0p3,0.8473803927515353,0.9823931650303059,0.19662583056943897
lapeigvals_gsm8k_mistral24b,math,gsm8k,1319,1210,0.9173616376042456,dufs_liu__lambda_1,0.8471301842444461,0.9823505837227017,0.09746867225007334
lapeigvals_gsm8k_mistral24b,math,gsm8k,1319,1210,0.9173616376042456,dufs_liu__lambda_10,0.8466297672302676,0.9822535558921512,0.004230877857966401
lapeigvals_gsm8k_mistral24b,math,gsm8k,1319,1210,0.9173616376042456,dufs_liu__lambda_100,0.84663734930624,0.9822589668195043,5.322210666767512e-05
lapeigvals_gsm8k_mistral24b,math,gsm8k,1319,1210,0.9173616376042456,dufs_liu__lambda_3,0.8466600955341572,0.9822660024220355,0.028648226591483878
lapeigvals_gsm8k_mistral24b,math,gsm8k,1319,1210,0.9173616376042456,dufs_liu__lambda_30,0.8466828417620744,0.9822647402645903,0.0005557663460266226
lapeigvals_gsm8k_mistral24b,math,gsm8k,1319,1210,0.9173616376042456,iu_pcr,0.8470316172568049,0.9823452648660977,0.293184591355469
lapeigvals_gsm8k_mistral24b,math,gsm8k,1319,1210,0.9173616376042456,manual__adapted_specrage_y_liu__lambda_0,0.8470316172568049,0.9823452648660977,0.293184591355469
lapeigvals_gsm8k_mistral24b,math,gsm8k,1319,1210,0.9173616376042456,manual__adapted_specrage_y_liu__lambda_0p1,0.8470088710288877,0.9823481542326216,0.2443942836165989
lapeigvals_gsm8k_mistral24b,math,gsm8k,1319,1210,0.9173616376042456,manual__adapted_specrage_y_liu__lambda_0p3,0.847296989915839,0.9823870954489765,0.17734207527071544
lapeigvals_gsm8k_mistral24b,math,gsm8k,1319,1210,0.9173616376042456,manual__adapted_specrage_y_liu__lambda_1,0.8473576465236181,0.9823997225490798,0.07692802454256774
lapeigvals_gsm8k_mistral24b,math,gsm8k,1319,1210,0.9173616376042456,manual__adapted_specrage_y_liu__lambda_10,0.8473728106755629,0.9823931597131199,0.0026503011821380753
lapeigvals_gsm8k_mistral24b,math,gsm8k,1319,1210,0.9173616376042456,manual__adapted_specrage_y_liu__lambda_100,0.8472742436879217,0.9823807513893312,3.170019283432272e-05
lapeigvals_gsm8k_mistral24b,math,gsm8k,1319,1210,0.9173616376042456,manual__adapted_specrage_y_liu__lambda_3,0.8473652285995906,0.9823799854807845,0.019720212811428783
lapeigvals_gsm8k_mistral24b,math,gsm8k,1319,1210,0.9173616376042456,manual__adapted_specrage_y_liu__lambda_30,0.8473045719918113,0.9823824355268702,0.0003357212033909126
lapeigvals_gsm8k_mistral24b,math,gsm8k,1319,1210,0.9173616376042456,manual__ca_global_alpha_control__lambda_0,0.8470316172568049,0.9823452648660977,0.293184591355469
lapeigvals_gsm8k_mistral24b,math,gsm8k,1319,1210,0.9173616376042456,manual__ca_global_alpha_control__lambda_0p1,0.8472666616119493,0.9823824566388831,0.24476200274137708
lapeigvals_gsm8k_mistral24b,math,gsm8k,1319,1210,0.9173616376042456,manual__ca_global_alpha_control__lambda_0p3,0.8472969899158389,0.9823850902804567,0.17810127357401317
lapeigvals_gsm8k_mistral24b,math,gsm8k,1319,1210,0.9173616376042456,manual__ca_global_alpha_control__lambda_1,0.8471680946243081,0.9823664259042273,0.07777129955864275
lapeigvals_gsm8k_mistral24b,math,gsm8k,1319,1210,0.9173616376042456,manual__ca_global_alpha_control__lambda_10,0.8466297672302676,0.9822557401166534,0.002713414258467274
lapeigvals_gsm8k_mistral24b,math,gsm8k,1319,1210,0.9173616376042456,manual__ca_global_alpha_control__lambda_100,0.8466449313822124,0.9822589658457628,3.254612261949027e-05
lapeigvals_gsm8k_mistral24b,math,gsm8k,1319,1210,0.9173616376042456,manual__ca_global_alpha_control__lambda_3,0.8467738266737432,0.9822940183352347,0.0200845149873573
lapeigvals_gsm8k_mistral24b,math,gsm8k,1319,1210,0.9173616376042456,manual__ca_global_alpha_control__lambda_30,0.8466676776101296,0.9822625770906748,0.00034441061190890665
lapeigvals_gsm8k_mistral24b,math,gsm8k,1319,1210,0.9173616376042456,manual__ca_permuted_alpha_control__lambda_0,0.8470316172568049,0.9823452648660977,0.293184591355469
lapeigvals_gsm8k_mistral24b,math,gsm8k,1319,1210,0.9173616376042456,manual__ca_permuted_alpha_control__lambda_0p1,0.8472439153840321,0.9823788118212489,0.24475914918442326
lapeigvals_gsm8k_mistral24b,math,gsm8k,1319,1210,0.9173616376042456,manual__ca_permuted_alpha_control__lambda_0p3,0.8472894078398665,0.9823858438578321,0.1780908084432299
lapeigvals_gsm8k_mistral24b,math,gsm8k,1319,1210,0.9173616376042456,manual__ca_permuted_alpha_control__lambda_1,0.8471832587762529,0.9823694576409285,0.07775331016380124
lapeigvals_gsm8k_mistral24b,math,gsm8k,1319,1210,0.9173616376042456,manual__ca_permuted_alpha_control__lambda_10,0.8466297672302676,0.9822585731627032,0.0027116512731200026
lapeigvals_gsm8k_mistral24b,math,gsm8k,1319,1210,0.9173616376042456,manual__ca_permuted_alpha_control__lambda_100,0.84663734930624,0.9822568052735465,3.252170145403848e-05
lapeigvals_gsm8k_mistral24b,math,gsm8k,1319,1210,0.9173616376042456,manual__ca_permuted_alpha_control__lambda_3,0.84682690120555,0.9823015743015263,0.020075114389245592
lapeigvals_gsm8k_mistral24b,math,gsm8k,1319,1210,0.9173616376042456,manual__ca_permuted_alpha_control__lambda_30,0.8466297672302676,0.9822535558921512,0.0003441619248816163
lapeigvals_gsm8k_mistral24b,math,gsm8k,1319,1210,0.9173616376042456,manual__ca_specrage_alpha_liu__lambda_0,0.8470316172568049,0.9823452648660977,0.293184591355469
lapeigvals_gsm8k_mistral24b,math,gsm8k,1319,1210,0.9173616376042456,manual__ca_specrage_alpha_liu__lambda_0p1,0.8471605125483357,0.9823689744502065,0.24554650252163238
lapeigvals_gsm8k_mistral24b,math,gsm8k,1319,1210,0.9173616376042456,manual__ca_specrage_alpha_liu__lambda_0p3,0.8474637955872317,0.9824104852878199,0.17951850869684038
lapeigvals_gsm8k_mistral24b,math,gsm8k,1319,1210,0.9173616376042456,manual__ca_specrage_alpha_liu__lambda_1,0.8474334672833421,0.9823943496595786,0.07906421692118247
lapeigvals_gsm8k_mistral24b,math,gsm8k,1319,1210,0.9173616376042456,manual__ca_specrage_alpha_liu__lambda_10,0.8471301842444461,0.9823569833129029,0.00279212420886764
lapeigvals_gsm8k_mistral24b,math,gsm8k,1319,1210,0.9173616376042456,manual__ca_specrage_alpha_liu__lambda_100,0.8471301842444461,0.9823537691836819,3.356782988774674e-05
lapeigvals_gsm8k_mistral24b,math,gsm8k,1319,1210,0.9173616376042456,manual__ca_specrage_alpha_liu__lambda_3,0.8471605125483357,0.9823661615016306,0.020572006366490755
lapeigvals_gsm8k_mistral24b,math,gsm8k,1319,1210,0.9173616376042456,manual__ca_specrage_alpha_liu__lambda_30,0.8471680946243081,0.9823593490071394,0.0003549963659225614
lapeigvals_gsm8k_mistral24b,math,gsm8k,1319,1210,0.9173616376042456,manual__ca_specrage_y_liu__lambda_0,0.8470316172568049,0.9823452648660977,0.293184591355469
lapeigvals_gsm8k_mistral24b,math,gsm8k,1319,1210,0.9173616376042456,manual__ca_specrage_y_liu__lambda_0p1,0.8469861248009705,0.9823486180097489,0.24399760125236988
lapeigvals_gsm8k_mistral24b,math,gsm8k,1319,1210,0.9173616376042456,manual__ca_specrage_y_liu__lambda_0p3,0.8470846917886117,0.9823574779789175,0.17659531374073795
lapeigvals_gsm8k_mistral24b,math,gsm8k,1319,1210,0.9173616376042456,manual__ca_specrage_y_liu__lambda_1,0.8473273182197286,0.9823932232709294,0.07619995476278087
lapeigvals_gsm8k_mistral24b,math,gsm8k,1319,1210,0.9173616376042456,manual__ca_specrage_y_liu__lambda_10,0.8472969899158389,0.982386988910265,0.0026025434358260373
lapeigvals_gsm8k_mistral24b,math,gsm8k,1319,1210,0.9173616376042456,manual__ca_specrage_y_liu__lambda_100,0.8473500644476457,0.982397666789847,3.107300804866789e-05
lapeigvals_gsm8k_mistral24b,math,gsm8k,1319,1210,0.9173616376042456,manual__ca_specrage_y_liu__lambda_3,0.8474562135112593,0.9824094170348612,0.019431930567897448
lapeigvals_gsm8k_mistral24b,math,gsm8k,1319,1210,0.9173616376042456,manual__ca_specrage_y_liu__lambda_30,0.8473197361437561,0.9823928962509967,0.00032924327434423836
lapeigvals_gsm8k_mistral24b,math,gsm8k,1319,1210,0.9173616376042456,manual__ca_uniform_alpha_control__lambda_0,0.8470316172568049,0.9823452648660977,0.293184591355469
lapeigvals_gsm8k_mistral24b,math,gsm8k,1319,1210,0.9173616376042456,manual__ca_uniform_alpha_control__lambda_0p1,0.8473045719918114,0.9823848244275624,0.2435884617491445
lapeigvals_gsm8k_mistral24b,math,gsm8k,1319,1210,0.9173616376042456,manual__ca_uniform_alpha_control__lambda_0p3,0.8472818257638941,0.9823696665065295,0.17596203410464803
lapeigvals_gsm8k_mistral24b,math,gsm8k,1319,1210,0.9173616376042456,manual__ca_uniform_alpha_control__lambda_1,0.8471226021684737,0.982351778665516,0.07580026774202327
lapeigvals_gsm8k_mistral24b,math,gsm8k,1319,1210,0.9173616376042456,manual__ca_uniform_alpha_control__lambda_10,0.8461369322920617,0.9821849897040561,0.0025932861311721046
lapeigvals_gsm8k_mistral24b,math,gsm8k,1319,1210,0.9173616376042456,manual__ca_uniform_alpha_control__lambda_100,0.8458488134051103,0.9821369109780735,3.098879262980944e-05
lapeigvals_gsm8k_mistral24b,math,gsm8k,1319,1210,0.9173616376042456,manual__ca_uniform_alpha_control__lambda_3,0.8466449313822124,0.9822594273292778,0.01933960199292417
lapeigvals_gsm8k_mistral24b,math,gsm8k,1319,1210,0.9173616376042456,manual__ca_uniform_alpha_control__lambda_30,0.8459777086966412,0.9821537759047834,0.0003282689156563824
lapeigvals_gsm8k_mistral24b,math,gsm8k,1319,1210,0.9173616376042456,manual__uniform_y_liu__lambda_0,0.8470316172568049,0.9823452648660977,0.293184591355469
lapeigvals_gsm8k_mistral24b,math,gsm8k,1319,1210,0.9173616376042456,manual__uniform_y_liu__lambda_0p1,0.8468951398893017,0.9823167737867917,0.2444864448659454
lapeigvals_gsm8k_mistral24b,math,gsm8k,1319,1210,0.9173616376042456,manual__uniform_y_liu__lambda_0p3,0.8468496474334674,0.9823030720737413,0.17750488378190662
lapeigvals_gsm8k_mistral24b,math,gsm8k,1319,1210,0.9173616376042456,manual__uniform_y_liu__lambda_1,0.8466221851542952,0.9822626712754547,0.07707035087677394
lapeigvals_gsm8k_mistral24b,math,gsm8k,1319,1210,0.9173616376042456,manual__uniform_y_liu__lambda_10,0.8464098870270681,0.9822091157284841,0.0026584283391463573
lapeigvals_gsm8k_mistral24b,math,gsm8k,1319,1210,0.9173616376042456,manual__uniform_y_liu__lambda_100,0.8463568124952612,0.9821973064715303,3.1804368397533056e-05
lapeigvals_gsm8k_mistral24b,math,gsm8k,1319,1210,0.9173616376042456,manual__uniform_y_liu__lambda_3,0.8465160360906816,0.98222698770706,0.019771812818877185
lapeigvals_gsm8k_mistral24b,math,gsm8k,1319,1210,0.9173616376042456,manual__uniform_y_liu__lambda_30,0.8463871407991508,0.9822028858932079,0.00033680430622657465
lapeigvals_gsm8k_mistral24b,math,gsm8k,1319,1210,0.9173616376042456,micro__adapted_specrage_y_liu__lambda_0,0.8470316172568049,0.9823452648660977,0.293184591355469
lapeigvals_gsm8k_mistral24b,math,gsm8k,1319,1210,0.9173616376042456,micro__adapted_specrage_y_liu__lambda_0p1,0.8470846917886117,0.9823592209283157,0.24242246432561854
lapeigvals_gsm8k_mistral24b,math,gsm8k,1319,1210,0.9173616376042456,micro__adapted_specrage_y_liu__lambda_0p3,0.8473424823716733,0.9823928710009846,0.17373058000645356
lapeigvals_gsm8k_mistral24b,math,gsm8k,1319,1210,0.9173616376042456,micro__adapted_specrage_y_liu__lambda_1,0.8473500644476457,0.9823767592568977,0.07357288595728716
lapeigvals_gsm8k_mistral24b,math,gsm8k,1319,1210,0.9173616376042456,micro__adapted_specrage_y_liu__lambda_10,0.8471680946243081,0.9823647968990482,0.002444024225721372
lapeigvals_gsm8k_mistral24b,math,gsm8k,1319,1210,0.9173616376042456,micro__adapted_specrage_y_liu__lambda_100,0.8471150200925013,0.9823494412466015,2.902320746569837e-05
lapeigvals_gsm8k_mistral24b,math,gsm8k,1319,1210,0.9173616376042456,micro__adapted_specrage_y_liu__lambda_3,0.8472742436879217,0.9823893017221297,0.018444601200766474
lapeigvals_gsm8k_mistral24b,math,gsm8k,1319,1210,0.9173616376042456,micro__adapted_specrage_y_liu__lambda_30,0.8471756767002805,0.9823601714066924,0.0003079817460864752
lapeigvals_gsm8k_mistral24b,math,gsm8k,1319,1210,0.9173616376042456,micro__ca_global_alpha_control__lambda_0,0.8470316172568049,0.9823452648660977,0.293184591355469
lapeigvals_gsm8k_mistral24b,math,gsm8k,1319,1210,0.9173616376042456,micro__ca_global_alpha_control__lambda_0p1,0.8473045719918113,0.9823862011073405,0.24781700005219584
lapeigvals_gsm8k_mistral24b,math,gsm8k,1319,1210,0.9173616376042456,micro__ca_global_alpha_control__lambda_0p3,0.8462203351277581,0.9821936489236303,0.1853605070348226
lapeigvals_gsm8k_mistral24b,math,gsm8k,1319,1210,0.9173616376042456,micro__ca_global_alpha_control__lambda_1,0.8435211160815832,0.9816791884321525,0.08709174221900182
lapeigvals_gsm8k_mistral24b,math,gsm8k,1319,1210,0.9173616376042456,micro__ca_global_alpha_control__lambda_10,0.8402835696413677,0.9810094267586451,0.0035164319476759394
lapeigvals_gsm8k_mistral24b,math,gsm8k,1319,1210,0.9173616376042456,micro__ca_global_alpha_control__lambda_100,0.8396921677155206,0.9808790889279693,4.359486739454409e-05
lapeigvals_gsm8k_mistral24b,math,gsm8k,1319,1210,0.9173616376042456,micro__ca_global_alpha_control__lambda_3,0.8414815376450071,0.9812546749522926,0.0244869588859169
lapeigvals_gsm8k_mistral24b,math,gsm8k,1319,1210,0.9173616376042456,micro__ca_global_alpha_control__lambda_30,0.8398210630070513,0.9809133571386252,0.00045708335234824346
lapeigvals_gsm8k_mistral24b,math,gsm8k,1319,1210,0.9173616376042456,micro__ca_permuted_alpha_control__lambda_0,0.8470316172568049,0.9823452648660977,0.293184591355469
lapeigvals_gsm8k_mistral24b,math,gsm8k,1319,1210,0.9173616376042456,micro__ca_permuted_alpha_control__lambda_0p1,0.8473121540677837,0.9823872428140992,0.24781490296751654
lapeigvals_gsm8k_mistral24b,math,gsm8k,1319,1210,0.9173616376042456,micro__ca_permuted_alpha_control__lambda_0p3,0.8462051709758133,0.9821926232391899,0.18534904109778766
lapeigvals_gsm8k_mistral24b,math,gsm8k,1319,1210,0.9173616376042456,micro__ca_permuted_alpha_control__lambda_1,0.8435438623095004,0.9816827829941869,0.08706925543841947
lapeigvals_gsm8k_mistral24b,math,gsm8k,1319,1210,0.9173616376042456,micro__ca_permuted_alpha_control__lambda_10,0.8403214800212299,0.9810127699188994,0.0035139091518341793
lapeigvals_gsm8k_mistral24b,math,gsm8k,1319,1210,0.9173616376042456,micro__ca_permuted_alpha_control__lambda_100,0.8397149139434378,0.9808816293228196,4.3558754527862626e-05
lapeigvals_gsm8k_mistral24b,math,gsm8k,1319,1210,0.9173616376042456,micro__ca_permuted_alpha_control__lambda_3,0.8415497763287589,0.9812644059891404,0.024474259165653975
lapeigvals_gsm8k_mistral24b,math,gsm8k,1319,1210,0.9173616376042456,micro__ca_permuted_alpha_control__lambda_30,0.8398362271589962,0.9809184151549577,0.0004567190152512837
lapeigvals_gsm8k_mistral24b,math,gsm8k,1319,1210,0.9173616376042456,micro__ca_specrage_alpha_liu__lambda_0,0.8470316172568049,0.9823452648660977,0.293184591355469
lapeigvals_gsm8k_mistral24b,math,gsm8k,1319,1210,0.9173616376042456,micro__ca_specrage_alpha_liu__lambda_0p1,0.8472969899158389,0.9823887774172679,0.24760134991075478
lapeigvals_gsm8k_mistral24b,math,gsm8k,1319,1210,0.9173616376042456,micro__ca_specrage_alpha_liu__lambda_0p3,0.8461293502160893,0.9821824765788016,0.1850164420967656
lapeigvals_gsm8k_mistral24b,math,gsm8k,1319,1210,0.9173616376042456,micro__ca_specrage_alpha_liu__lambda_1,0.843217833042687,0.9816154592422324,0.08684919414111829
lapeigvals_gsm8k_mistral24b,math,gsm8k,1319,1210,0.9173616376042456,micro__ca_specrage_alpha_liu__lambda_10,0.839889301690803,0.9809312537751569,0.003507654500108063
lapeigvals_gsm8k_mistral24b,math,gsm8k,1319,1210,0.9173616376042456,micro__ca_specrage_alpha_liu__lambda_100,0.8392978997649557,0.9807917756364253,4.3496462597638443e-05
lapeigvals_gsm8k_mistral24b,math,gsm8k,1319,1210,0.9173616376042456,micro__ca_specrage_alpha_liu__lambda_3,0.8411403442262491,0.9811878151953701,0.024418298443599586
lapeigvals_gsm8k_mistral24b,math,gsm8k,1319,1210,0.9173616376042456,micro__ca_specrage_alpha_liu__lambda_30,0.8394647054363484,0.9808233166076219,0.0004560190605336503
lapeigvals_gsm8k_mistral24b,math,gsm8k,1319,1210,0.9173616376042456,micro__ca_specrage_y_liu__lambda_0,0.8470316172568049,0.9823452648660977,0.293184591355469
lapeigvals_gsm8k_mistral24b,math,gsm8k,1319,1210,0.9173616376042456,micro__ca_specrage_y_liu__lambda_0p1,0.8469785427249981,0.9823352183405416,0.24377761920092353
lapeigvals_gsm8k_mistral24b,math,gsm8k,1319,1210,0.9173616376042456,micro__ca_specrage_y_liu__lambda_0p3,0.8468875578133293,0.9823159547525538,0.17618577078005765
lapeigvals_gsm8k_mistral24b,math,gsm8k,1319,1210,0.9173616376042456,micro__ca_specrage_y_liu__lambda_1,0.8468951398893017,0.9823104671126349,0.07580802232872193
lapeigvals_gsm8k_mistral24b,math,gsm8k,1319,1210,0.9173616376042456,micro__ca_specrage_y_liu__lambda_10,0.846788990825688,0.982294181932706,0.002577430930163912
lapeigvals_gsm8k_mistral24b,math,gsm8k,1319,1210,0.9173616376042456,micro__ca_specrage_y_liu__lambda_100,0.8467586625217984,0.9822876035938268,3.074458629185457e-05
lapeigvals_gsm8k_mistral24b,math,gsm8k,1319,1210,0.9173616376042456,micro__ca_specrage_y_liu__lambda_3,0.8468496474334672,0.9823097328533797,0.019279034643015756
lapeigvals_gsm8k_mistral24b,math,gsm8k,1319,1210,0.9173616376042456,micro__ca_specrage_y_liu__lambda_30,0.8467586625217984,0.9822892228716462,0.00032584728312830556
lapeigvals_gsm8k_mistral24b,math,gsm8k,1319,1210,0.9173616376042456,micro__ca_uniform_alpha_control__lambda_0,0.8470316172568049,0.9823452648660977,0.293184591355469
lapeigvals_gsm8k_mistral24b,math,gsm8k,1319,1210,0.9173616376042456,micro__ca_uniform_alpha_control__lambda_0p1,0.8472742436879217,0.9823893017221297,0.2475866728759661
lapeigvals_gsm8k_mistral24b,math,gsm8k,1319,1210,0.9173616376042456,micro__ca_uniform_alpha_control__lambda_0p3,0.8461369322920617,0.9821846124733649,0.18501601630398498
lapeigvals_gsm8k_mistral24b,math,gsm8k,1319,1210,0.9173616376042456,micro__ca_uniform_alpha_control__lambda_1,0.843179922662825,0.9816074130789385,0.08688993980621532
lapeigvals_gsm8k_mistral24b,math,gsm8k,1319,1210,0.9173616376042456,micro__ca_uniform_alpha_control__lambda_10,0.8397604063992721,0.9808971112879087,0.003514035614003988
lapeigvals_gsm8k_mistral24b,math,gsm8k,1319,1210,0.9173616376042456,micro__ca_uniform_alpha_control__lambda_100,0.8391690044734248,0.9807637326605819,4.359055258760044e-05
lapeigvals_gsm8k_mistral24b,math,gsm8k,1319,1210,0.9173616376042456,micro__ca_uniform_alpha_control__lambda_3,0.8411630904541663,0.9811900679233486,0.024447985970268118
lapeigvals_gsm8k_mistral24b,math,gsm8k,1319,1210,0.9173616376042456,micro__ca_uniform_alpha_control__lambda_30,0.8393737205246797,0.9808092974853404,0.0004569610835788509
lapeigvals_gsm8k_mistral24b,math,gsm8k,1319,1210,0.9173616376042456,micro__uniform_y_liu__lambda_0,0.8470316172568049,0.9823452648660977,0.293184591355469
lapeigvals_gsm8k_mistral24b,math,gsm8k,1319,1210,0.9173616376042456,micro__uniform_y_liu__lambda_0p1,0.8471605125483357,0.9823700187191864,0.2440647236309728
lapeigvals_gsm8k_mistral24b,math,gsm8k,1319,1210,0.9173616376042456,micro__uniform_y_liu__lambda_0p3,0.8474637955872317,0.9824139662333626,0.17676681105489864
lapeigvals_gsm8k_mistral24b,math,gsm8k,1319,1210,0.9173616376042456,micro__uniform_y_liu__lambda_1,0.8472969899158389,0.9823809089379006,0.07643812698739431
lapeigvals_gsm8k_mistral24b,math,gsm8k,1319,1210,0.9173616376042456,micro__uniform_y_liu__lambda_10,0.8469861248009705,0.9823269082895489,0.002623593243388505
lapeigvals_gsm8k_mistral24b,math,gsm8k,1319,1210,0.9173616376042456,micro__uniform_y_liu__lambda_100,0.8468344832815224,0.9823041850197197,3.136123643819499e-05
lapeigvals_gsm8k_mistral24b,math,gsm8k,1319,1210,0.9173616376042456,micro__uniform_y_liu__lambda_3,0.8471377663204185,0.9823593311334327,0.019547416420239903
lapeigvals_gsm8k_mistral24b,math,gsm8k,1319,1210,0.9173616376042456,micro__uniform_y_liu__lambda_30,0.8468572295094396,0.9823064437466165,0.0003321873296568833
lapeigvals_gsm8k_mistral24b,math,gsm8k,1319,1210,0.9173616376042456,raw_uniform_liu__lambda_0,0.8470316172568049,0.9823452648660977,0.293184591355469
lapeigvals_gsm8k_mistral24b,math,gsm8k,1319,1210,0.9173616376042456,raw_uniform_liu__lambda_0p1,0.8474637955872317,0.9824120034535858,0.2499409543842847
lapeigvals_gsm8k_mistral24b,math,gsm8k,1319,1210,0.9173616376042456,raw_uniform_liu__lambda_0p3,0.8473197361437561,0.9823886518918561,0.1881468241397416
lapeigvals_gsm8k_mistral24b,math,gsm8k,1319,1210,0.9173616376042456,raw_uniform_liu__lambda_1,0.8467055879899916,0.9822766819559632,0.08811723301479377
lapeigvals_gsm8k_mistral24b,math,gsm8k,1319,1210,0.9173616376042456,raw_uniform_liu__lambda_10,0.8461293502160893,0.9821819977231747,0.0034565048824980633
lapeigvals_gsm8k_mistral24b,math,gsm8k,1319,1210,0.9173616376042456,raw_uniform_liu__lambda_100,0.8460080370005308,0.9821585684585823,4.250042977649447e-05
lapeigvals_gsm8k_mistral24b,math,gsm8k,1319,1210,0.9173616376042456,raw_uniform_liu__lambda_3,0.8465312002426265,0.9822428491465423,0.024407106370199338
lapeigvals_gsm8k_mistral24b,math,gsm8k,1319,1210,0.9173616376042456,raw_uniform_liu__lambda_30,0.8460459473803928,0.9821654332017609,0.0004466557496644334
lapeigvals_gsm8k_nemo,math,gsm8k,1319,1094,0.8294162244124337,atomic__adapted_specrage_y_liu__lambda_0,0.7965021328458257,0.9379572302040322,0.2597562839793346
lapeigvals_gsm8k_nemo,math,gsm8k,1319,1094,0.8294162244124337,atomic__adapted_specrage_y_liu__lambda_0p1,0.7968474507414178,0.9384162834430412,0.21668532794951118
lapeigvals_gsm8k_nemo,math,gsm8k,1319,1094,0.8294162244124337,atomic__adapted_specrage_y_liu__lambda_0p3,0.7973552711761122,0.9392969931205398,0.1578286467450962
lapeigvals_gsm8k_nemo,math,gsm8k,1319,1094,0.8294162244124337,atomic__adapted_specrage_y_liu__lambda_1,0.7979321551899248,0.9406704776717092,0.06953551920967897
lapeigvals_gsm8k_nemo,math,gsm8k,1319,1094,0.8294162244124337,atomic__adapted_specrage_y_liu__lambda_10,0.7973877716839325,0.9420795398820075,0.002498364896405745
lapeigvals_gsm8k_nemo,math,gsm8k,1319,1094,0.8294162244124337,atomic__adapted_specrage_y_liu__lambda_100,0.7973593337395897,0.9423824493123901,3.0204145335941433e-05
lapeigvals_gsm8k_nemo,math,gsm8k,1319,1094,0.8294162244124337,atomic__adapted_specrage_y_liu__lambda_3,0.7975096485882593,0.9416059773546346,0.018243828973505856
lapeigvals_gsm8k_nemo,math,gsm8k,1319,1094,0.8294162244124337,atomic__adapted_specrage_y_liu__lambda_30,0.7974324598821857,0.9423369991238655,0.00031891091328214316
lapeigvals_gsm8k_nemo,math,gsm8k,1319,1094,0.8294162244124337,atomic__ca_global_alpha_control__lambda_0,0.7965021328458257,0.9379572302040322,0.2597562839793346
lapeigvals_gsm8k_nemo,math,gsm8k,1319,1094,0.8294162244124337,atomic__ca_global_alpha_control__lambda_0p1,0.7965427584806013,0.9380491318326951,0.21682921297379612
lapeigvals_gsm8k_nemo,math,gsm8k,1319,1094,0.8294162244124337,atomic__ca_global_alpha_control__lambda_0p3,0.7966199471866748,0.9381088431959506,0.15767076768003782
lapeigvals_gsm8k_nemo,math,gsm8k,1319,1094,0.8294162244124337,atomic__ca_global_alpha_control__lambda_1,0.796636197440585,0.9382913740949247,0.06866762961567568
lapeigvals_gsm8k_nemo,math,gsm8k,1319,1094,0.8294162244124337,atomic__ca_global_alpha_control__lambda_10,0.7968596384318505,0.938495859183893,0.0023799432426657315
lapeigvals_gsm8k_nemo,math,gsm8k,1319,1094,0.8294162244124337,atomic__ca_global_alpha_control__lambda_100,0.7968921389396709,0.9385837021919428,2.8500392124409306e-05
lapeigvals_gsm8k_nemo,math,gsm8k,1319,1094,0.8294162244124337,atomic__ca_global_alpha_control__lambda_3,0.7967580743449116,0.9383813633580489,0.017667282918256585
lapeigvals_gsm8k_nemo,math,gsm8k,1319,1094,0.8294162244124337,atomic__ca_global_alpha_control__lambda_30,0.7969165143205361,0.9385699968902701,0.00030173432391013944
lapeigvals_gsm8k_nemo,math,gsm8k,1319,1094,0.8294162244124337,atomic__ca_permuted_alpha_control__lambda_0,0.7965021328458257,0.9379572302040322,0.2597562839793346
lapeigvals_gsm8k_nemo,math,gsm8k,1319,1094,0.8294162244124337,atomic__ca_permuted_alpha_control__lambda_0p1,0.796554946171034,0.9380527180947602,0.21682377923517593
lapeigvals_gsm8k_nemo,math,gsm8k,1319,1094,0.8294162244124337,atomic__ca_permuted_alpha_control__lambda_0p3,0.7966077594962422,0.938106325975695,0.15766089585821413
lapeigvals_gsm8k_nemo,math,gsm8k,1319,1094,0.8294162244124337,atomic__ca_permuted_alpha_control__lambda_1,0.7966524476944952,0.9382943427558352,0.06865857202153057
lapeigvals_gsm8k_nemo,math,gsm8k,1319,1094,0.8294162244124337,atomic__ca_permuted_alpha_control__lambda_10,0.7968433881779403,0.9384892752820821,0.002379392998925529
lapeigvals_gsm8k_nemo,math,gsm8k,1319,1094,0.8294162244124337,atomic__ca_permuted_alpha_control__lambda_100,0.7968880763761934,0.9385891725094178,2.8493261868414563e-05
lapeigvals_gsm8k_nemo,math,gsm8k,1319,1094,0.8294162244124337,atomic__ca_permuted_alpha_control__lambda_3,0.7967865122892546,0.9383932212807803,0.017663867483996856
lapeigvals_gsm8k_nemo,math,gsm8k,1319,1094,0.8294162244124337,atomic__ca_permuted_alpha_control__lambda_30,0.7968921389396709,0.9385765955661188,0.00030166041048484456
lapeigvals_gsm8k_nemo,math,gsm8k,1319,1094,0.8294162244124337,atomic__ca_specrage_alpha_liu__lambda_0,0.7965021328458257,0.9379572302040322,0.2597562839793346
lapeigvals_gsm8k_nemo,math,gsm8k,1319,1094,0.8294162244124337,atomic__ca_specrage_alpha_liu__lambda_0p1,0.7965671338614666,0.9380733785861578,0.21704936536424574
lapeigvals_gsm8k_nemo,math,gsm8k,1319,1094,0.8294162244124337,atomic__ca_specrage_alpha_liu__lambda_0p3,0.7966077594962422,0.9381667208309488,0.1580884927473888
lapeigvals_gsm8k_nemo,math,gsm8k,1319,1094,0.8294162244124337,atomic__ca_specrage_alpha_liu__lambda_1,0.7967580743449116,0.9383811694466012,0.06908156732533122
lapeigvals_gsm8k_nemo,math,gsm8k,1319,1094,0.8294162244124337,atomic__ca_specrage_alpha_liu__lambda_10,0.797083079423116,0.938816728535474,0.002407819066506109
lapeigvals_gsm8k_nemo,math,gsm8k,1319,1094,0.8294162244124337,atomic__ca_specrage_alpha_liu__lambda_100,0.7970912045500711,0.9388539180254154,2.8868442137142164e-05
lapeigvals_gsm8k_nemo,math,gsm8k,1319,1094,0.8294162244124337,atomic__ca_specrage_alpha_liu__lambda_3,0.7970018281535648,0.9386891828793884,0.017833810492757625
lapeigvals_gsm8k_nemo,math,gsm8k,1319,1094,0.8294162244124337,atomic__ca_specrage_alpha_liu__lambda_30,0.7970993296770262,0.9388410217321395,0.0003055301250640884
lapeigvals_gsm8k_nemo,math,gsm8k,1319,1094,0.8294162244124337,atomic__ca_specrage_y_liu__lambda_0,0.7965021328458257,0.9379572302040322,0.2597562839793346
lapeigvals_gsm8k_nemo,math,gsm8k,1319,1094,0.8294162244124337,atomic__ca_specrage_y_liu__lambda_0p1,0.7966240097501525,0.9382292323030521,0.21436711877373354
lapeigvals_gsm8k_nemo,math,gsm8k,1319,1094,0.8294162244124337,atomic__ca_specrage_y_liu__lambda_0p3,0.7969977655900873,0.9386923412518206,0.1532777616355994
lapeigvals_gsm8k_nemo,math,gsm8k,1319,1094,0.8294162244124337,atomic__ca_specrage_y_liu__lambda_1,0.7976315254925859,0.9396129589487978,0.06478741761505681
lapeigvals_gsm8k_nemo,math,gsm8k,1319,1094,0.8294162244124337,atomic__ca_specrage_y_liu__lambda_10,0.7978102782855983,0.9407873454742829,0.002159320276579609
lapeigvals_gsm8k_nemo,math,gsm8k,1319,1094,0.8294162244124337,atomic__ca_specrage_y_liu__lambda_100,0.797639650619541,0.941018664951587,2.568218410505754e-05
lapeigvals_gsm8k_nemo,math,gsm8k,1319,1094,0.8294162244124337,atomic__ca_specrage_y_liu__lambda_3,0.7977777777777778,0.9403069726339555,0.016260422215513406
lapeigvals_gsm8k_nemo,math,gsm8k,1319,1094,0.8294162244124337,atomic__ca_specrage_y_liu__lambda_30,0.7976884013812715,0.9409347450092002,0.0002724032401603514
lapeigvals_gsm8k_nemo,math,gsm8k,1319,1094,0.8294162244124337,atomic__ca_uniform_alpha_control__lambda_0,0.7965021328458257,0.9379572302040322,0.2597562839793346
lapeigvals_gsm8k_nemo,math,gsm8k,1319,1094,0.8294162244124337,atomic__ca_uniform_alpha_control__lambda_0p1,0.7964777574649604,0.9379331921869345,0.21663107880520838
lapeigvals_gsm8k_nemo,math,gsm8k,1319,1094,0.8294162244124337,atomic__ca_uniform_alpha_control__lambda_0p3,0.7964127564493195,0.9378620407317068,0.1572961500417915
lapeigvals_gsm8k_nemo,math,gsm8k,1319,1094,0.8294162244124337,atomic__ca_uniform_alpha_control__lambda_1,0.7964168190127972,0.9378326839882019,0.06829873173966584
lapeigvals_gsm8k_nemo,math,gsm8k,1319,1094,0.8294162244124337,atomic__ca_uniform_alpha_control__lambda_10,0.7964086938858419,0.9378070011099535,0.002355317929872441
lapeigvals_gsm8k_nemo,math,gsm8k,1319,1094,0.8294162244124337,atomic__ca_uniform_alpha_control__lambda_100,0.7964411943936623,0.9378178366903476,2.8175808629814903e-05
lapeigvals_gsm8k_nemo,math,gsm8k,1319,1094,0.8294162244124337,atomic__ca_uniform_alpha_control__lambda_3,0.796408693885842,0.9378315891953385,0.017519679421079976
lapeigvals_gsm8k_nemo,math,gsm8k,1319,1094,0.8294162244124337,atomic__ca_uniform_alpha_control__lambda_30,0.7964371318301848,0.937817757067152,0.0002983852446325957
lapeigvals_gsm8k_nemo,math,gsm8k,1319,1094,0.8294162244124337,atomic__uniform_y_liu__lambda_0,0.7965021328458257,0.9379572302040322,0.2597562839793346
lapeigvals_gsm8k_nemo,math,gsm8k,1319,1094,0.8294162244124337,atomic__uniform_y_liu__lambda_0p1,0.7971033922405037,0.9388480905547905,0.2198055022210255
lapeigvals_gsm8k_nemo,math,gsm8k,1319,1094,0.8294162244124337,atomic__uniform_y_liu__lambda_0p3,0.7977412147064799,0.9400434777835733,0.16455253172303141
lapeigvals_gsm8k_nemo,math,gsm8k,1319,1094,0.8294162244124337,atomic__uniform_y_liu__lambda_1,0.7974974608978266,0.9419072610218264,0.07758005693486328
lapeigvals_gsm8k_nemo,math,gsm8k,1319,1094,0.8294162244124337,atomic__uniform_y_liu__lambda_10,0.7959577493398334,0.9434461599158057,0.0031843433301525503
lapeigvals_gsm8k_nemo,math,gsm8k,1319,1094,0.8294162244124337,atomic__uniform_y_liu__lambda_100,0.7953280520008126,0.9435750752486805,3.968329246921412e-05
lapeigvals_gsm8k_nemo,math,gsm8k,1319,1094,0.8294162244124337,atomic__uniform_y_liu__lambda_3,0.7966483851310178,0.9429524055449007,0.021991673227159357
lapeigvals_gsm8k_nemo,math,gsm8k,1319,1094,0.8294162244124337,atomic__uniform_y_liu__lambda_30,0.7955718058094657,0.9435909157464001,0.0004154475448785398
lapeigvals_gsm8k_nemo,math,gsm8k,1319,1094,0.8294162244124337,deployed_upcr,0.7972699573430835,0.9426483787441942,0.28064263399227474
lapeigvals_gsm8k_nemo,math,gsm8k,1319,1094,0.8294162244124337,dufs_liu__lambda_0,0.7965021328458257,0.9379572302040322,0.2597562839793346
lapeigvals_gsm8k_nemo,math,gsm8k,1319,1094,0.8294162244124337,dufs_liu__lambda_0p1,0.7977168393256144,0.9398062400397906,0.22909135725441973
lapeigvals_gsm8k_nemo,math,gsm8k,1319,1094,0.8294162244124337,dufs_liu__lambda_0p3,0.7974608978265285,0.941973365979146,0.18814603067384889
lapeigvals_gsm8k_nemo,math,gsm8k,1319,1094,0.8294162244124337,dufs_liu__lambda_1,0.7947471054235222,0.9436453351741871,0.11439100151240565
lapeigvals_gsm8k_nemo,math,gsm8k,1319,1094,0.8294162244124337,dufs_liu__lambda_10,0.7883120048750762,0.9431523427532287,0.008611565424729274
lapeigvals_gsm8k_nemo,math,gsm8k,1319,1094,0.8294162244124337,dufs_liu__lambda_100,0.7870526101970343,0.942884778053861,0.00012711786405187228
lapeigvals_gsm8k_nemo,math,gsm8k,1319,1094,0.8294162244124337,dufs_liu__lambda_3,0.7905870404225066,0.9434509714525986,0.04510786349326536
lapeigvals_gsm8k_nemo,math,gsm8k,1319,1094,0.8294162244124337,dufs_liu__lambda_30,0.7872679260613447,0.9429146371628354,0.0012671041007018173
lapeigvals_gsm8k_nemo,math,gsm8k,1319,1094,0.8294162244124337,iu_pcr,0.7965021328458257,0.9379572302040322,0.2597562839793346
lapeigvals_gsm8k_nemo,math,gsm8k,1319,1094,0.8294162244124337,manual__adapted_specrage_y_liu__lambda_0,0.7965021328458257,0.9379572302040322,0.2597562839793346
lapeigvals_gsm8k_nemo,math,gsm8k,1319,1094,0.8294162244124337,manual__adapted_specrage_y_liu__lambda_0p1,0.7972618322161283,0.9390785646039512,0.21878769078932347
lapeigvals_gsm8k_nemo,math,gsm8k,1319,1094,0.8294162244124337,manual__adapted_specrage_y_liu__lambda_0p3,0.7979565305707902,0.9406716927184106,0.16327132166104918
lapeigvals_gsm8k_nemo,math,gsm8k,1319,1094,0.8294162244124337,manual__adapted_specrage_y_liu__lambda_1,0.7971318301848467,0.9427148441827705,0.07744001642081864
lapeigvals_gsm8k_nemo,math,gsm8k,1319,1094,0.8294162244124337,manual__adapted_specrage_y_liu__lambda_10,0.7930164533820842,0.9437058947675627,0.003295996968375791
lapeigvals_gsm8k_nemo,math,gsm8k,1319,1094,0.8294162244124337,manual__adapted_specrage_y_liu__lambda_100,0.7918911232988015,0.9435476060955195,4.152702301015111e-05
lapeigvals_gsm8k_nemo,math,gsm8k,1319,1094,0.8294162244124337,manual__adapted_specrage_y_liu__lambda_3,0.7948242941295958,0.9435532273938759,0.022360004336414257
lapeigvals_gsm8k_nemo,math,gsm8k,1319,1094,0.8294162244124337,manual__adapted_specrage_y_liu__lambda_30,0.792187690432663,0.9435807243701337,0.00043338213700432293
lapeigvals_gsm8k_nemo,math,gsm8k,1319,1094,0.8294162244124337,manual__ca_global_alpha_control__lambda_0,0.7965021328458257,0.9379572302040322,0.2597562839793346
lapeigvals_gsm8k_nemo,math,gsm8k,1319,1094,0.8294162244124337,manual__ca_global_alpha_control__lambda_0p1,0.7966727605118831,0.9383163178171449,0.21817044027729593
lapeigvals_gsm8k_nemo,math,gsm8k,1319,1094,0.8294162244124337,manual__ca_global_alpha_control__lambda_0p3,0.7971765183830998,0.938927524140844,0.1604179910784159
lapeigvals_gsm8k_nemo,math,gsm8k,1319,1094,0.8294162244124337,manual__ca_global_alpha_control__lambda_1,0.7977168393256144,0.9398071532343005,0.07172485070867272
lapeigvals_gsm8k_nemo,math,gsm8k,1319,1094,0.8294162244124337,manual__ca_global_alpha_control__lambda_10,0.7976437131830185,0.9410575087511476,0.0026146508341269503
lapeigvals_gsm8k_nemo,math,gsm8k,1319,1094,0.8294162244124337,manual__ca_global_alpha_control__lambda_100,0.7975868372943327,0.941192831151217,3.166837021255956e-05
lapeigvals_gsm8k_nemo,math,gsm8k,1319,1094,0.8294162244124337,manual__ca_global_alpha_control__lambda_3,0.7978752793012391,0.9406613979474414,0.01900575597239538
lapeigvals_gsm8k_nemo,math,gsm8k,1319,1094,0.8294162244124337,manual__ca_global_alpha_control__lambda_30,0.7975949624212878,0.9411722569137504,0.00033421140065479916
lapeigvals_gsm8k_nemo,math,gsm8k,1319,1094,0.8294162244124337,manual__ca_permuted_alpha_control__lambda_0,0.7965021328458257,0.9379572302040322,0.2597562839793346
lapeigvals_gsm8k_nemo,math,gsm8k,1319,1094,0.8294162244124337,manual__ca_permuted_alpha_control__lambda_0p1,0.7966890107657932,0.9383205661931631,0.21817967392598225
lapeigvals_gsm8k_nemo,math,gsm8k,1319,1094,0.8294162244124337,manual__ca_permuted_alpha_control__lambda_0p3,0.7971724558196221,0.9389140402908449,0.16042937916572583
lapeigvals_gsm8k_nemo,math,gsm8k,1319,1094,0.8294162244124337,manual__ca_permuted_alpha_control__lambda_1,0.7977249644525695,0.9397846002270842,0.07172612561282922
lapeigvals_gsm8k_nemo,math,gsm8k,1319,1094,0.8294162244124337,manual__ca_permuted_alpha_control__lambda_10,0.7976599634369287,0.941027693674836,0.0026138959962941793
lapeigvals_gsm8k_nemo,math,gsm8k,1319,1094,0.8294162244124337,manual__ca_permuted_alpha_control__lambda_100,0.7976071501117206,0.9411757410622369,3.1656423917328205e-05
lapeigvals_gsm8k_nemo,math,gsm8k,1319,1094,0.8294162244124337,manual__ca_permuted_alpha_control__lambda_3,0.7978752793012392,0.9406607573974527,0.01900308564024633
lapeigvals_gsm8k_nemo,math,gsm8k,1319,1094,0.8294162244124337,manual__ca_permuted_alpha_control__lambda_30,0.7976680885638838,0.9411657907576411,0.0003340937777145948
lapeigvals_gsm8k_nemo,math,gsm8k,1319,1094,0.8294162244124337,manual__ca_specrage_alpha_liu__lambda_0,0.7965021328458257,0.9379572302040322,0.2597562839793346
lapeigvals_gsm8k_nemo,math,gsm8k,1319,1094,0.8294162244124337,manual__ca_specrage_alpha_liu__lambda_0p1,0.7966849482023157,0.9383120647040684,0.21850114897915432
lapeigvals_gsm8k_nemo,math,gsm8k,1319,1094,0.8294162244124337,manual__ca_specrage_alpha_liu__lambda_0p3,0.7972821450335162,0.9390279101374855,0.16110083544741333
lapeigvals_gsm8k_nemo,math,gsm8k,1319,1094,0.8294162244124337,manual__ca_specrage_alpha_liu__lambda_1,0.7977371521430021,0.9400326631093598,0.07249485249140285
lapeigvals_gsm8k_nemo,math,gsm8k,1319,1094,0.8294162244124337,manual__ca_specrage_alpha_liu__lambda_10,0.7975949624212878,0.9412786569390711,0.0026751847579853916
lapeigvals_gsm8k_nemo,math,gsm8k,1319,1094,0.8294162244124337,manual__ca_specrage_alpha_liu__lambda_100,0.7975624619134674,0.9415078613254229,3.249013364759912e-05
lapeigvals_gsm8k_nemo,math,gsm8k,1319,1094,0.8294162244124337,manual__ca_specrage_alpha_liu__lambda_3,0.7977777777777778,0.9408516323040259,0.019347468420969252
lapeigvals_gsm8k_nemo,math,gsm8k,1319,1094,0.8294162244124337,manual__ca_specrage_alpha_liu__lambda_30,0.7975665244769449,0.9414310677491531,0.00034262218434166834
lapeigvals_gsm8k_nemo,math,gsm8k,1319,1094,0.8294162244124337,manual__ca_specrage_y_liu__lambda_0,0.7965021328458257,0.9379572302040322,0.2597562839793346
lapeigvals_gsm8k_nemo,math,gsm8k,1319,1094,0.8294162244124337,manual__ca_specrage_y_liu__lambda_0p1,0.7966158846231972,0.9381190269814419,0.21530633766766477
lapeigvals_gsm8k_nemo,math,gsm8k,1319,1094,0.8294162244124337,manual__ca_specrage_y_liu__lambda_0p3,0.7966808856388381,0.938310707131872,0.15490296448705415
lapeigvals_gsm8k_nemo,math,gsm8k,1319,1094,0.8294162244124337,manual__ca_specrage_y_liu__lambda_1,0.7971724558196221,0.9389141597441355,0.0661307152422861
lapeigvals_gsm8k_nemo,math,gsm8k,1319,1094,0.8294162244124337,manual__ca_specrage_y_liu__lambda_10,0.7976477757464959,0.9396336798236788,0.002226681648185062
lapeigvals_gsm8k_nemo,math,gsm8k,1319,1094,0.8294162244124337,manual__ca_specrage_y_liu__lambda_100,0.7977290270160472,0.9397215388769531,2.6517576687397492e-05
lapeigvals_gsm8k_nemo,math,gsm8k,1319,1094,0.8294162244124337,manual__ca_specrage_y_liu__lambda_3,0.7974324598821857,0.93940494991422,0.01671340196159288
lapeigvals_gsm8k_nemo,math,gsm8k,1319,1094,0.8294162244124337,manual__ca_specrage_y_liu__lambda_30,0.7976640260004062,0.9396783145974558,0.0002811706426964544
lapeigvals_gsm8k_nemo,math,gsm8k,1319,1094,0.8294162244124337,manual__ca_uniform_alpha_control__lambda_0,0.7965021328458257,0.9379572302040322,0.2597562839793346
lapeigvals_gsm8k_nemo,math,gsm8k,1319,1094,0.8294162244124337,manual__ca_uniform_alpha_control__lambda_0p1,0.7965915092423319,0.938093236582897,0.21731468762754874
lapeigvals_gsm8k_nemo,math,gsm8k,1319,1094,0.8294162244124337,manual__ca_uniform_alpha_control__lambda_0p3,0.7966402600040625,0.9382758942725057,0.15859939314222182
lapeigvals_gsm8k_nemo,math,gsm8k,1319,1094,0.8294162244124337,manual__ca_uniform_alpha_control__lambda_1,0.7969774527726995,0.9386805687219715,0.069600347152807
lapeigvals_gsm8k_nemo,math,gsm8k,1319,1094,0.8294162244124337,manual__ca_uniform_alpha_control__lambda_10,0.7973024578509039,0.9392170348016624,0.002443831167115058
lapeigvals_gsm8k_nemo,math,gsm8k,1319,1094,0.8294162244124337,manual__ca_uniform_alpha_control__lambda_100,0.7973187081048141,0.9392793832996028,2.9346458145541324e-05
lapeigvals_gsm8k_nemo,math,gsm8k,1319,1094,0.8294162244124337,manual__ca_uniform_alpha_control__lambda_3,0.7972537070891732,0.938988978830898,0.018046580686964776
lapeigvals_gsm8k_nemo,math,gsm8k,1319,1094,0.8294162244124337,manual__ca_uniform_alpha_control__lambda_30,0.7972821450335161,0.9392539109809822,0.0003104528770297149
lapeigvals_gsm8k_nemo,math,gsm8k,1319,1094,0.8294162244124337,manual__uniform_y_liu__lambda_0,0.7965021328458257,0.9379572302040322,0.2597562839793346
lapeigvals_gsm8k_nemo,math,gsm8k,1319,1094,0.8294162244124337,manual__uniform_y_liu__lambda_0p1,0.797046516351818,0.93874569262277,0.21642701910598897
lapeigvals_gsm8k_nemo,math,gsm8k,1319,1094,0.8294162244124337,manual__uniform_y_liu__lambda_0p3,0.7977046516351818,0.9398088007011276,0.15788793104508028
lapeigvals_gsm8k_nemo,math,gsm8k,1319,1094,0.8294162244124337,manual__uniform_y_liu__lambda_1,0.7974893357708714,0.9417393181886089,0.07052337862774195
lapeigvals_gsm8k_nemo,math,gsm8k,1319,1094,0.8294162244124337,manual__uniform_y_liu__lambda_10,0.7957668088563884,0.9435057930410133,0.002651090114212176
lapeigvals_gsm8k_nemo,math,gsm8k,1319,1094,0.8294162244124337,manual__uniform_y_liu__lambda_100,0.794986796668698,0.9435744625293501,3.244494152315994e-05
lapeigvals_gsm8k_nemo,math,gsm8k,1319,1094,0.8294162244124337,manual__uniform_y_liu__lambda_3,0.7966483851310178,0.9429268401446335,0.018958451050002125
lapeigvals_gsm8k_nemo,math,gsm8k,1319,1094,0.8294162244124337,manual__uniform_y_liu__lambda_30,0.7952021125330084,0.9435855930907782,0.0003413797494403956
lapeigvals_gsm8k_nemo,math,gsm8k,1319,1094,0.8294162244124337,micro__adapted_specrage_y_liu__lambda_0,0.7965021328458257,0.9379572302040322,0.2597562839793346
lapeigvals_gsm8k_nemo,math,gsm8k,1319,1094,0.8294162244124337,micro__adapted_specrage_y_liu__lambda_0p1,0.7966118220597196,0.9381577974775144,0.21609703077314577
lapeigvals_gsm8k_nemo,math,gsm8k,1319,1094,0.8294162244124337,micro__adapted_specrage_y_liu__lambda_0p3,0.7968433881779403,0.9384131722557312,0.1563760721240326
lapeigvals_gsm8k_nemo,math,gsm8k,1319,1094,0.8294162244124337,micro__adapted_specrage_y_liu__lambda_1,0.797302457850904,0.9390909496779594,0.0675420974447355
lapeigvals_gsm8k_nemo,math,gsm8k,1319,1094,0.8294162244124337,micro__adapted_specrage_y_liu__lambda_10,0.7977209018890921,0.939786114872744,0.002317247865303326
lapeigvals_gsm8k_nemo,math,gsm8k,1319,1094,0.8294162244124337,micro__adapted_specrage_y_liu__lambda_100,0.7976762136908389,0.9399299197887244,2.7702355817103588e-05
lapeigvals_gsm8k_nemo,math,gsm8k,1319,1094,0.8294162244124337,micro__adapted_specrage_y_liu__lambda_3,0.7976234003656306,0.939610886582865,0.017264495825708544
lapeigvals_gsm8k_nemo,math,gsm8k,1319,1094,0.8294162244124337,micro__adapted_specrage_y_liu__lambda_30,0.7976802762543164,0.9398444491865171,0.00029342063855567765
lapeigvals_gsm8k_nemo,math,gsm8k,1319,1094,0.8294162244124337,micro__ca_global_alpha_control__lambda_0,0.7965021328458257,0.9379572302040322,0.2597562839793346
lapeigvals_gsm8k_nemo,math,gsm8k,1319,1094,0.8294162244124337,micro__ca_global_alpha_control__lambda_0p1,0.7961324395693683,0.9374691207076709,0.2184064068165076
lapeigvals_gsm8k_nemo,math,gsm8k,1319,1094,0.8294162244124337,micro__ca_global_alpha_control__lambda_0p3,0.7955230550477351,0.9369156199619912,0.16090610182931112
lapeigvals_gsm8k_nemo,math,gsm8k,1319,1094,0.8294162244124337,micro__ca_global_alpha_control__lambda_1,0.7943895998374975,0.9358892424311006,0.0722910697514595
lapeigvals_gsm8k_nemo,math,gsm8k,1319,1094,0.8294162244124337,micro__ca_global_alpha_control__lambda_10,0.7919561243144424,0.9342594847666349,0.002662112770264552
lapeigvals_gsm8k_nemo,math,gsm8k,1319,1094,0.8294162244124337,micro__ca_global_alpha_control__lambda_100,0.7914889295145238,0.9340023411928576,3.2321261107182104e-05
lapeigvals_gsm8k_nemo,math,gsm8k,1319,1094,0.8294162244124337,micro__ca_global_alpha_control__lambda_3,0.7931464554133658,0.9350080562513745,0.01926681617653899
lapeigvals_gsm8k_nemo,math,gsm8k,1319,1094,0.8294162244124337,micro__ca_global_alpha_control__lambda_30,0.791622994109283,0.9340657857380261,0.000340869455120541
lapeigvals_gsm8k_nemo,math,gsm8k,1319,1094,0.8294162244124337,micro__ca_permuted_alpha_control__lambda_0,0.7965021328458257,0.9379572302040322,0.2597562839793346
lapeigvals_gsm8k_nemo,math,gsm8k,1319,1094,0.8294162244124337,micro__ca_permuted_alpha_control__lambda_0p1,0.7961202518789355,0.9374547618985161,0.21841219356242478
lapeigvals_gsm8k_nemo,math,gsm8k,1319,1094,0.8294162244124337,micro__ca_permuted_alpha_control__lambda_0p3,0.7955393053016454,0.9369217649520545,0.16092091813316203
lapeigvals_gsm8k_nemo,math,gsm8k,1319,1094,0.8294162244124337,micro__ca_permuted_alpha_control__lambda_1,0.7944058500914076,0.93589107175665,0.07231240074877512
lapeigvals_gsm8k_nemo,math,gsm8k,1319,1094,0.8294162244124337,micro__ca_permuted_alpha_control__lambda_10,0.7919114361161894,0.934222716223797,0.0026641744003268143
lapeigvals_gsm8k_nemo,math,gsm8k,1319,1094,0.8294162244124337,micro__ca_permuted_alpha_control__lambda_100,0.7914808043875685,0.9339694931160586,3.2350090632209386e-05
lapeigvals_gsm8k_nemo,math,gsm8k,1319,1094,0.8294162244124337,micro__ca_permuted_alpha_control__lambda_3,0.7930855169612026,0.9350019454442067,0.019277701227618863
lapeigvals_gsm8k_nemo,math,gsm8k,1319,1094,0.8294162244124337,micro__ca_permuted_alpha_control__lambda_30,0.7915742433475523,0.9340553272150925,0.0003411621953909041
lapeigvals_gsm8k_nemo,math,gsm8k,1319,1094,0.8294162244124337,micro__ca_specrage_alpha_liu__lambda_0,0.7965021328458257,0.9379572302040322,0.2597562839793346
lapeigvals_gsm8k_nemo,math,gsm8k,1319,1094,0.8294162244124337,micro__ca_specrage_alpha_liu__lambda_0p1,0.7961771277676214,0.9374847324241447,0.21822362197288517
lapeigvals_gsm8k_nemo,math,gsm8k,1319,1094,0.8294162244124337,micro__ca_specrage_alpha_liu__lambda_0p3,0.7955839934998985,0.9369451340698733,0.16054033881145127
lapeigvals_gsm8k_nemo,math,gsm8k,1319,1094,0.8294162244124337,micro__ca_specrage_alpha_liu__lambda_1,0.7944424131627057,0.9359543091939806,0.07189477607003936
lapeigvals_gsm8k_nemo,math,gsm8k,1319,1094,0.8294162244124337,micro__ca_specrage_alpha_liu__lambda_10,0.7923176924639448,0.934472135271859,0.002631991134343047
lapeigvals_gsm8k_nemo,math,gsm8k,1319,1094,0.8294162244124337,micro__ca_specrage_alpha_liu__lambda_100,0.7916920576884013,0.93411877484565,3.19141551210583e-05
lapeigvals_gsm8k_nemo,math,gsm8k,1319,1094,0.8294162244124337,micro__ca_specrage_alpha_liu__lambda_3,0.79327239488117,0.9351199999865459,0.01909498233141045
lapeigvals_gsm8k_nemo,math,gsm8k,1319,1094,0.8294162244124337,micro__ca_specrage_alpha_liu__lambda_30,0.7918261222831606,0.9341868209378622,0.00033669785713279335
lapeigvals_gsm8k_nemo,math,gsm8k,1319,1094,0.8294162244124337,micro__ca_specrage_y_liu__lambda_0,0.7965021328458257,0.9379572302040322,0.2597562839793346
lapeigvals_gsm8k_nemo,math,gsm8k,1319,1094,0.8294162244124337,micro__ca_specrage_y_liu__lambda_0p1,0.7966280723136299,0.9381126829630377,0.21266869944918768
lapeigvals_gsm8k_nemo,math,gsm8k,1319,1094,0.8294162244124337,micro__ca_specrage_y_liu__lambda_0p3,0.7966808856388381,0.938310707131872,0.15014201204862512
lapeigvals_gsm8k_nemo,math,gsm8k,1319,1094,0.8294162244124337,micro__ca_specrage_y_liu__lambda_1,0.7972455819622182,0.9389854806792151,0.061831607004894575
lapeigvals_gsm8k_nemo,math,gsm8k,1319,1094,0.8294162244124337,micro__ca_specrage_y_liu__lambda_10,0.7977330895795247,0.9397916594499935,0.0019739724879664403
lapeigvals_gsm8k_nemo,math,gsm8k,1319,1094,0.8294162244124337,micro__ca_specrage_y_liu__lambda_100,0.7977371521430023,0.9400273847591246,2.326825032502678e-05
lapeigvals_gsm8k_nemo,math,gsm8k,1319,1094,0.8294162244124337,micro__ca_specrage_y_liu__lambda_3,0.7975868372943327,0.9395619800039694,0.015122601265127263
lapeigvals_gsm8k_nemo,math,gsm8k,1319,1094,0.8294162244124337,micro__ca_specrage_y_liu__lambda_30,0.7976599634369287,0.939939794297234,0.0002474137801901003
lapeigvals_gsm8k_nemo,math,gsm8k,1319,1094,0.8294162244124337,micro__ca_uniform_alpha_control__lambda_0,0.7965021328458257,0.9379572302040322,0.2597562839793346
lapeigvals_gsm8k_nemo,math,gsm8k,1319,1094,0.8294162244124337,micro__ca_uniform_alpha_control__lambda_0p1,0.796108064188503,0.93745185884112,0.21816025729175442
lapeigvals_gsm8k_nemo,math,gsm8k,1319,1094,0.8294162244124337,micro__ca_uniform_alpha_control__lambda_0p3,0.7955433678651229,0.9369326664654183,0.16044946417747138
lapeigvals_gsm8k_nemo,math,gsm8k,1319,1094,0.8294162244124337,micro__ca_uniform_alpha_control__lambda_1,0.7943205362583792,0.9358643377011991,0.07185487157885859
lapeigvals_gsm8k_nemo,math,gsm8k,1319,1094,0.8294162244124337,micro__ca_uniform_alpha_control__lambda_10,0.7917976843388178,0.934173973432757,0.0026338148714698663
lapeigvals_gsm8k_nemo,math,gsm8k,1319,1094,0.8294162244124337,micro__ca_uniform_alpha_control__lambda_100,0.7912614259597807,0.93383689312515,3.194936615061143e-05
lapeigvals_gsm8k_nemo,math,gsm8k,1319,1094,0.8294162244124337,micro__ca_uniform_alpha_control__lambda_3,0.7929514523664432,0.9349184918988829,0.01909576153156882
lapeigvals_gsm8k_nemo,math,gsm8k,1319,1094,0.8294162244124337,micro__ca_uniform_alpha_control__lambda_30,0.7914645541336585,0.933962874247845,0.00033702944881186254
lapeigvals_gsm8k_nemo,math,gsm8k,1319,1094,0.8294162244124337,micro__uniform_y_liu__lambda_0,0.7965021328458257,0.9379572302040322,0.2597562839793346
lapeigvals_gsm8k_nemo,math,gsm8k,1319,1094,0.8294162244124337,micro__uniform_y_liu__lambda_0p1,0.796554946171034,0.9380660394782742,0.2197253699079851
lapeigvals_gsm8k_nemo,math,gsm8k,1319,1094,0.8294162244124337,micro__uniform_y_liu__lambda_0p3,0.7966118220597197,0.9381580033591457,0.16314744444269572
lapeigvals_gsm8k_nemo,math,gsm8k,1319,1094,0.8294162244124337,micro__uniform_y_liu__lambda_1,0.7967011984562259,0.9383244686784591,0.07408725557776749
lapeigvals_gsm8k_nemo,math,gsm8k,1319,1094,0.8294162244124337,micro__uniform_y_liu__lambda_10,0.7969165143205363,0.9385988802036552,0.0027483003243435485
lapeigvals_gsm8k_nemo,math,gsm8k,1319,1094,0.8294162244124337,micro__uniform_y_liu__lambda_100,0.7969774527726995,0.9386805687219715,3.337984562580152e-05
lapeigvals_gsm8k_nemo,math,gsm8k,1319,1094,0.8294162244124337,micro__uniform_y_liu__lambda_3,0.7968312004875076,0.938462605030601,0.01985665515302653
lapeigvals_gsm8k_nemo,math,gsm8k,1319,1094,0.8294162244124337,micro__uniform_y_liu__lambda_30,0.7969855778996546,0.9386686444066039,0.00035200970717570083
lapeigvals_gsm8k_nemo,math,gsm8k,1319,1094,0.8294162244124337,raw_uniform_liu__lambda_0,0.7965021328458257,0.9379572302040322,0.2597562839793346
lapeigvals_gsm8k_nemo,math,gsm8k,1319,1094,0.8294162244124337,raw_uniform_liu__lambda_0p1,0.7970262035344302,0.9387484276269515,0.22299011204674649
lapeigvals_gsm8k_nemo,math,gsm8k,1319,1094,0.8294162244124337,raw_uniform_liu__lambda_0p3,0.7976924639447491,0.9397416099413551,0.17051187632224277
lapeigvals_gsm8k_nemo,math,gsm8k,1319,1094,0.8294162244124337,raw_uniform_liu__lambda_1,0.7976437131830185,0.9413183561940857,0.08348355885851765
lapeigvals_gsm8k_nemo,math,gsm8k,1319,1094,0.8294162244124337,raw_uniform_liu__lambda_10,0.7971318301848466,0.9427175041037688,0.00361351942463889
lapeigvals_gsm8k_nemo,math,gsm8k,1319,1094,0.8294162244124337,raw_uniform_liu__lambda_100,0.7969124517570587,0.9428486835827022,4.5505301477854697e-05
lapeigvals_gsm8k_nemo,math,gsm8k,1319,1094,0.8294162244124337,raw_uniform_liu__lambda_3,0.797420272191753,0.9422168367280167,0.024451473445026073
lapeigvals_gsm8k_nemo,math,gsm8k,1319,1094,0.8294162244124337,raw_uniform_liu__lambda_30,0.7969408897014016,0.9428015280029846,0.0004750200138185911
lapeigvals_gsm8k_phi35,math,gsm8k,1319,1118,0.8476118271417741,atomic__adapted_specrage_y_liu__lambda_0,0.8121067293229737,0.9556249159922026,0.2280175711416069
lapeigvals_gsm8k_phi35,math,gsm8k,1319,1118,0.8476118271417741,atomic__adapted_specrage_y_liu__lambda_0p1,0.812324780391424,0.9557870436887126,0.19351008503965167
lapeigvals_gsm8k_phi35,math,gsm8k,1319,1118,0.8476118271417741,atomic__adapted_specrage_y_liu__lambda_0p3,0.8118041278402265,0.9557849687354968,0.14541454068559123
lapeigvals_gsm8k_phi35,math,gsm8k,1319,1118,0.8476118271417741,atomic__adapted_specrage_y_liu__lambda_1,0.8103000204701003,0.9557129081857205,0.06888688075525938
lapeigvals_gsm8k_phi35,math,gsm8k,1319,1118,0.8476118271417741,atomic__adapted_specrage_y_liu__lambda_10,0.8062994508673093,0.9546515365618728,0.002831811217910663
lapeigvals_gsm8k_phi35,math,gsm8k,1319,1118,0.8476118271417741,atomic__adapted_specrage_y_liu__lambda_100,0.8056897978800096,0.9544796991977014,3.527396847272138e-05
lapeigvals_gsm8k_phi35,math,gsm8k,1319,1118,0.8476118271417741,atomic__adapted_specrage_y_liu__lambda_3,0.8078792086081222,0.9551376578094728,0.01956066884755945
lapeigvals_gsm8k_phi35,math,gsm8k,1319,1118,0.8476118271417741,atomic__adapted_specrage_y_liu__lambda_30,0.8058455486431884,0.9545172995147955,0.000369341231280109
lapeigvals_gsm8k_phi35,math,gsm8k,1319,1118,0.8476118271417741,atomic__ca_global_alpha_control__lambda_0,0.8121067293229737,0.9556249159922026,0.2280175711416069
lapeigvals_gsm8k_phi35,math,gsm8k,1319,1118,0.8476118271417741,atomic__ca_global_alpha_control__lambda_0p1,0.8121645796064401,0.955647971220825,0.1892412972988585
lapeigvals_gsm8k_phi35,math,gsm8k,1319,1118,0.8476118271417741,atomic__ca_global_alpha_control__lambda_0p3,0.8122936302387882,0.9556961489587155,0.13640418328601145
lapeigvals_gsm8k_phi35,math,gsm8k,1319,1118,0.8476118271417741,atomic__ca_global_alpha_control__lambda_1,0.8123425804786444,0.9557652684954834,0.05842080736443179
lapeigvals_gsm8k_phi35,math,gsm8k,1319,1118,0.8476118271417741,atomic__ca_global_alpha_control__lambda_10,0.812244679998932,0.9558600650051388,0.001974923212740122
lapeigvals_gsm8k_phi35,math,gsm8k,1319,1118,0.8476118271417741,atomic__ca_global_alpha_control__lambda_100,0.8121423294974146,0.9558344320104342,2.3534941392311247e-05
lapeigvals_gsm8k_phi35,math,gsm8k,1319,1118,0.8476118271417741,atomic__ca_global_alpha_control__lambda_3,0.8122580300643473,0.9558197535687637,0.014802685831580766
lapeigvals_gsm8k_phi35,math,gsm8k,1319,1118,0.8476118271417741,atomic__ca_global_alpha_control__lambda_30,0.8121467795192197,0.9558361417416852,0.00024950070783034305
lapeigvals_gsm8k_phi35,math,gsm8k,1319,1118,0.8476118271417741,atomic__ca_permuted_alpha_control__lambda_0,0.8121067293229737,0.9556249159922026,0.2280175711416069
lapeigvals_gsm8k_phi35,math,gsm8k,1319,1118,0.8476118271417741,atomic__ca_permuted_alpha_control__lambda_0p1,0.8121423294974145,0.9556427849955245,0.18924394221057592
lapeigvals_gsm8k_phi35,math,gsm8k,1319,1118,0.8476118271417741,atomic__ca_permuted_alpha_control__lambda_0p3,0.812284730195178,0.955691702161371,0.13640976261814625
lapeigvals_gsm8k_phi35,math,gsm8k,1319,1118,0.8476118271417741,atomic__ca_permuted_alpha_control__lambda_1,0.812369280609475,0.9557763977326,0.058427251030255395
lapeigvals_gsm8k_phi35,math,gsm8k,1319,1118,0.8476118271417741,atomic__ca_permuted_alpha_control__lambda_10,0.8121912797372708,0.9558411791228653,0.001975429808220924
lapeigvals_gsm8k_phi35,math,gsm8k,1319,1118,0.8476118271417741,atomic__ca_permuted_alpha_control__lambda_100,0.8121334294538043,0.9558524095974534,2.3541787548410465e-05
lapeigvals_gsm8k_phi35,math,gsm8k,1319,1118,0.8476118271417741,atomic__ca_permuted_alpha_control__lambda_3,0.812289180216983,0.9558401898340194,0.014805558983819234
lapeigvals_gsm8k_phi35,math,gsm8k,1319,1118,0.8476118271417741,atomic__ca_permuted_alpha_control__lambda_30,0.8121289794319992,0.9558306667415502,0.00024957087576030695
lapeigvals_gsm8k_phi35,math,gsm8k,1319,1118,0.8476118271417741,atomic__ca_specrage_alpha_liu__lambda_0,0.8121067293229737,0.9556249159922026,0.2280175711416069
lapeigvals_gsm8k_phi35,math,gsm8k,1319,1118,0.8476118271417741,atomic__ca_specrage_alpha_liu__lambda_0p1,0.8122001797808809,0.955695758156475,0.18974987537073698
lapeigvals_gsm8k_phi35,math,gsm8k,1319,1118,0.8476118271417741,atomic__ca_specrage_alpha_liu__lambda_0p3,0.812324780391424,0.9557263794958487,0.13736924627643377
lapeigvals_gsm8k_phi35,math,gsm8k,1319,1118,0.8476118271417741,atomic__ca_specrage_alpha_liu__lambda_1,0.8122802801733728,0.9558211644676416,0.05937518390175966
lapeigvals_gsm8k_phi35,math,gsm8k,1319,1118,0.8476118271417741,atomic__ca_specrage_alpha_liu__lambda_10,0.8119910287560408,0.9558130939913139,0.0020387241111504673
lapeigvals_gsm8k_phi35,math,gsm8k,1319,1118,0.8476118271417741,atomic__ca_specrage_alpha_liu__lambda_100,0.8119420785161848,0.9558307752302136,2.4375683085307105e-05
lapeigvals_gsm8k_phi35,math,gsm8k,1319,1118,0.8476118271417741,atomic__ca_specrage_alpha_liu__lambda_3,0.812200179780881,0.9558551941305719,0.015185114913650911
lapeigvals_gsm8k_phi35,math,gsm8k,1319,1118,0.8476118271417741,atomic__ca_specrage_alpha_liu__lambda_30,0.8119242784289643,0.9558043679835835,0.00025817628004592356
lapeigvals_gsm8k_phi35,math,gsm8k,1319,1118,0.8476118271417741,atomic__ca_specrage_y_liu__lambda_0,0.8121067293229737,0.9556249159922026,0.2280175711416069
lapeigvals_gsm8k_phi35,math,gsm8k,1319,1118,0.8476118271417741,atomic__ca_specrage_y_liu__lambda_0p1,0.8121289794319992,0.9558242152381947,0.19165252787878498
lapeigvals_gsm8k_phi35,math,gsm8k,1319,1118,0.8476118271417741,atomic__ca_specrage_y_liu__lambda_0p3,0.8110075739371123,0.9558218032517016,0.14332866004525194
lapeigvals_gsm8k_phi35,math,gsm8k,1319,1118,0.8476118271417741,atomic__ca_specrage_y_liu__lambda_1,0.8058766987958241,0.9545309286436665,0.06925925056873555
lapeigvals_gsm8k_phi35,math,gsm8k,1319,1118,0.8476118271417741,atomic__ca_specrage_y_liu__lambda_10,0.7953879974011873,0.9510668022319974,0.003122706008017685
lapeigvals_gsm8k_phi35,math,gsm8k,1319,1118,0.8476118271417741,atomic__ca_specrage_y_liu__lambda_100,0.7933053871963973,0.9504014853604039,3.9959499552707314e-05
lapeigvals_gsm8k_phi35,math,gsm8k,1319,1118,0.8476118271417741,atomic__ca_specrage_y_liu__lambda_3,0.7997356687047767,0.9525707055691399,0.02063198539748096
lapeigvals_gsm8k_phi35,math,gsm8k,1319,1118,0.8476118271417741,atomic__ca_specrage_y_liu__lambda_30,0.793959540401748,0.9505943303472016,0.00041517844380675804
lapeigvals_gsm8k_phi35,math,gsm8k,1319,1118,0.8476118271417741,atomic__ca_uniform_alpha_control__lambda_0,0.8121067293229737,0.9556249159922026,0.2280175711416069
lapeigvals_gsm8k_phi35,math,gsm8k,1319,1118,0.8476118271417741,atomic__ca_uniform_alpha_control__lambda_0p1,0.8121245294101942,0.9556327846114056,0.18920141011813313
lapeigvals_gsm8k_phi35,math,gsm8k,1319,1118,0.8476118271417741,atomic__ca_uniform_alpha_control__lambda_0p3,0.8122001797808809,0.9556710084930825,0.13631053653923164
lapeigvals_gsm8k_phi35,math,gsm8k,1319,1118,0.8476118271417741,atomic__ca_uniform_alpha_control__lambda_1,0.8122713801297626,0.9556889915076434,0.058298408764013994
lapeigvals_gsm8k_phi35,math,gsm8k,1319,1118,0.8476118271417741,atomic__ca_uniform_alpha_control__lambda_10,0.8123870806966955,0.955761272286139,0.0019642885520422667
lapeigvals_gsm8k_phi35,math,gsm8k,1319,1118,0.8476118271417741,atomic__ca_uniform_alpha_control__lambda_100,0.8123114303260086,0.955734704379432,2.338927221878247e-05
lapeigvals_gsm8k_phi35,math,gsm8k,1319,1118,0.8476118271417741,atomic__ca_uniform_alpha_control__lambda_3,0.8122669301079576,0.9557066096051596,0.01474423537731578
lapeigvals_gsm8k_phi35,math,gsm8k,1319,1118,0.8476118271417741,atomic__ca_uniform_alpha_control__lambda_30,0.8123381304568393,0.9557432182850981,0.00024801304232946404
lapeigvals_gsm8k_phi35,math,gsm8k,1319,1118,0.8476118271417741,atomic__uniform_y_liu__lambda_0,0.8121067293229737,0.9556249159922026,0.2280175711416069
lapeigvals_gsm8k_phi35,math,gsm8k,1319,1118,0.8476118271417741,atomic__uniform_y_liu__lambda_0p1,0.8123381304568392,0.9557441797083058,0.19237409313078835
lapeigvals_gsm8k_phi35,math,gsm8k,1319,1118,0.8476118271417741,atomic__uniform_y_liu__lambda_0p3,0.8121378794756094,0.9558263369390678,0.14286831244521891
lapeigvals_gsm8k_phi35,math,gsm8k,1319,1118,0.8476118271417741,atomic__uniform_y_liu__lambda_1,0.810994223871697,0.9558266226721247,0.06568403438478453
lapeigvals_gsm8k_phi35,math,gsm8k,1319,1118,0.8476118271417741,atomic__uniform_y_liu__lambda_10,0.8082307603307257,0.9552339190149168,0.0025421574261000794
lapeigvals_gsm8k_phi35,math,gsm8k,1319,1118,0.8476118271417741,atomic__uniform_y_liu__lambda_100,0.8075899571907902,0.955022262876154,3.1226388443135644e-05
lapeigvals_gsm8k_phi35,math,gsm8k,1319,1118,0.8476118271417741,atomic__uniform_y_liu__lambda_3,0.8093165656511717,0.9554862483152853,0.018012725318531177
lapeigvals_gsm8k_phi35,math,gsm8k,1319,1118,0.8476118271417741,atomic__uniform_y_liu__lambda_30,0.8077190078231384,0.9550827401683522,0.00032824733756750063
lapeigvals_gsm8k_phi35,math,gsm8k,1319,1118,0.8476118271417741,deployed_upcr,0.8088448633398303,0.955139569507924,0.286238111539694
lapeigvals_gsm8k_phi35,math,gsm8k,1319,1118,0.8476118271417741,dufs_liu__lambda_0,0.8121067293229737,0.9556249159922026,0.2280175711416069
lapeigvals_gsm8k_phi35,math,gsm8k,1319,1118,0.8476118271417741,dufs_liu__lambda_0p1,0.8122357799553218,0.9556887446291991,0.19771040901504294
lapeigvals_gsm8k_phi35,math,gsm8k,1319,1118,0.8476118271417741,dufs_liu__lambda_0p3,0.8122980802605934,0.9557848181504744,0.15296846606962047
lapeigvals_gsm8k_phi35,math,gsm8k,1319,1118,0.8476118271417741,dufs_liu__lambda_1,0.8121512295410247,0.955846910404826,0.07595450632595957
lapeigvals_gsm8k_phi35,math,gsm8k,1319,1118,0.8476118271417741,dufs_liu__lambda_10,0.8115460265755302,0.9558080507886614,0.0033158699004842297
lapeigvals_gsm8k_phi35,math,gsm8k,1319,1118,0.8476118271417741,dufs_liu__lambda_100,0.8114614761612331,0.9558087963348244,4.177779401162052e-05
lapeigvals_gsm8k_phi35,math,gsm8k,1319,1118,0.8476118271417741,dufs_liu__lambda_3,0.8118575281018877,0.9558358644685019,0.022392718612655634
lapeigvals_gsm8k_phi35,math,gsm8k,1319,1118,0.8476118271417741,dufs_liu__lambda_30,0.8115104264010895,0.9558073242281664,0.00043606331807764933
lapeigvals_gsm8k_phi35,math,gsm8k,1319,1118,0.8476118271417741,iu_pcr,0.8121067293229737,0.9556249159922026,0.2280175711416069
lapeigvals_gsm8k_phi35,math,gsm8k,1319,1118,0.8476118271417741,manual__adapted_specrage_y_liu__lambda_0,0.8121067293229737,0.9556249159922026,0.2280175711416069
lapeigvals_gsm8k_phi35,math,gsm8k,1319,1118,0.8476118271417741,manual__adapted_specrage_y_liu__lambda_0p1,0.812244679998932,0.955694760114919,0.18891894584861835
lapeigvals_gsm8k_phi35,math,gsm8k,1319,1118,0.8476118271417741,manual__adapted_specrage_y_liu__lambda_0p3,0.8122713801297626,0.9558186190790302,0.13602950134764133
lapeigvals_gsm8k_phi35,math,gsm8k,1319,1118,0.8476118271417741,manual__adapted_specrage_y_liu__lambda_1,0.8118041278402264,0.9558394560831263,0.05844005691207468
lapeigvals_gsm8k_phi35,math,gsm8k,1319,1118,0.8476118271417741,manual__adapted_specrage_y_liu__lambda_10,0.8103801208625921,0.9557433769262673,0.002008402647686258
lapeigvals_gsm8k_phi35,math,gsm8k,1319,1118,0.8476118271417741,manual__adapted_specrage_y_liu__lambda_100,0.8098550182895896,0.9556281554644266,2.4049893474833235e-05
lapeigvals_gsm8k_phi35,math,gsm8k,1319,1118,0.8476118271417741,manual__adapted_specrage_y_liu__lambda_3,0.8110031239153073,0.9558411298513481,0.014933429229292968
lapeigvals_gsm8k_phi35,math,gsm8k,1319,1118,0.8476118271417741,manual__adapted_specrage_y_liu__lambda_30,0.8100374691835991,0.9556572662861677,0.0002546072545828608
lapeigvals_gsm8k_phi35,math,gsm8k,1319,1118,0.8476118271417741,manual__ca_global_alpha_control__lambda_0,0.8121067293229737,0.9556249159922026,0.2280175711416069
lapeigvals_gsm8k_phi35,math,gsm8k,1319,1118,0.8476118271417741,manual__ca_global_alpha_control__lambda_0p1,0.8122624800861525,0.9557011276560067,0.18857399431948313
lapeigvals_gsm8k_phi35,math,gsm8k,1319,1118,0.8476118271417741,manual__ca_global_alpha_control__lambda_0p3,0.8122313299335167,0.9558352188598843,0.13544029059752083
lapeigvals_gsm8k_phi35,math,gsm8k,1319,1118,0.8476118271417741,manual__ca_global_alpha_control__lambda_1,0.8116928772950989,0.9558392369613562,0.05796632008930398
lapeigvals_gsm8k_phi35,math,gsm8k,1319,1118,0.8476118271417741,manual__ca_global_alpha_control__lambda_10,0.8097927179843182,0.955615758021432,0.001985977287016632
lapeigvals_gsm8k_phi35,math,gsm8k,1319,1118,0.8476118271417741,manual__ca_global_alpha_control__lambda_100,0.8091118646481368,0.9554544191713981,2.3776081828531504e-05
lapeigvals_gsm8k_phi35,math,gsm8k,1319,1118,0.8476118271417741,manual__ca_global_alpha_control__lambda_3,0.8107183225197803,0.9558283284192004,0.014778687297236491
lapeigvals_gsm8k_phi35,math,gsm8k,1319,1118,0.8476118271417741,manual__ca_global_alpha_control__lambda_30,0.8092364652586799,0.9554771622617962,0.00025172066179787755
lapeigvals_gsm8k_phi35,math,gsm8k,1319,1118,0.8476118271417741,manual__ca_permuted_alpha_control__lambda_0,0.8121067293229737,0.9556249159922026,0.2280175711416069
lapeigvals_gsm8k_phi35,math,gsm8k,1319,1118,0.8476118271417741,manual__ca_permuted_alpha_control__lambda_0p1,0.8122624800861526,0.9557011359228935,0.18857488080686063
lapeigvals_gsm8k_phi35,math,gsm8k,1319,1118,0.8476118271417741,manual__ca_permuted_alpha_control__lambda_0p3,0.8122268799117116,0.9558308633913952,0.13543929083761866
lapeigvals_gsm8k_phi35,math,gsm8k,1319,1118,0.8476118271417741,manual__ca_permuted_alpha_control__lambda_1,0.8116750772078782,0.9558206325640544,0.0579609247803396
lapeigvals_gsm8k_phi35,math,gsm8k,1319,1118,0.8476118271417741,manual__ca_permuted_alpha_control__lambda_10,0.8098194181151488,0.9556197997175924,0.0019852454230097627
lapeigvals_gsm8k_phi35,math,gsm8k,1319,1118,0.8476118271417741,manual__ca_permuted_alpha_control__lambda_100,0.8091563648661878,0.9554637379162628,2.376556039310772e-05
lapeigvals_gsm8k_phi35,math,gsm8k,1319,1118,0.8476118271417741,manual__ca_permuted_alpha_control__lambda_3,0.8107494726724161,0.9558292705941591,0.014775117677209584
lapeigvals_gsm8k_phi35,math,gsm8k,1319,1118,0.8476118271417741,manual__ca_permuted_alpha_control__lambda_30,0.8092631653895105,0.9554782789063574,0.0002516145674899884
lapeigvals_gsm8k_phi35,math,gsm8k,1319,1118,0.8476118271417741,manual__ca_specrage_alpha_liu__lambda_0,0.8121067293229737,0.9556249159922026,0.2280175711416069
lapeigvals_gsm8k_phi35,math,gsm8k,1319,1118,0.8476118271417741,manual__ca_specrage_alpha_liu__lambda_0p1,0.8123203303696188,0.955725233214417,0.18955119152831976
lapeigvals_gsm8k_phi35,math,gsm8k,1319,1118,0.8476118271417741,manual__ca_specrage_alpha_liu__lambda_0p3,0.8122179798681013,0.9558440555992915,0.13729459974226205
lapeigvals_gsm8k_phi35,math,gsm8k,1319,1118,0.8476118271417741,manual__ca_specrage_alpha_liu__lambda_1,0.811497076335674,0.9558296812779934,0.05979545615508308
lapeigvals_gsm8k_phi35,math,gsm8k,1319,1118,0.8476118271417741,manual__ca_specrage_alpha_liu__lambda_10,0.8093610658692227,0.9554949728602982,0.0021077900578191336
lapeigvals_gsm8k_phi35,math,gsm8k,1319,1118,0.8476118271417741,manual__ca_specrage_alpha_liu__lambda_100,0.8087736629909487,0.9553764665098974,2.5380982088503898e-05
lapeigvals_gsm8k_phi35,math,gsm8k,1319,1118,0.8476118271417741,manual__ca_specrage_alpha_liu__lambda_3,0.8104290711024486,0.9557692530495429,0.015509617370261368
lapeigvals_gsm8k_phi35,math,gsm8k,1319,1118,0.8476118271417741,manual__ca_specrage_alpha_liu__lambda_30,0.8089694639503735,0.9554113086181613,0.0002682819440901602
lapeigvals_gsm8k_phi35,math,gsm8k,1319,1118,0.8476118271417741,manual__ca_specrage_y_liu__lambda_0,0.8121067293229737,0.9556249159922026,0.2280175711416069
lapeigvals_gsm8k_phi35,math,gsm8k,1319,1118,0.8476118271417741,manual__ca_specrage_y_liu__lambda_0p1,0.8121245294101942,0.9556326942612674,0.1904330993443652
lapeigvals_gsm8k_phi35,math,gsm8k,1319,1118,0.8476118271417741,manual__ca_specrage_y_liu__lambda_0p3,0.8121957297590758,0.9556694072072531,0.13858730268765798
lapeigvals_gsm8k_phi35,math,gsm8k,1319,1118,0.8476118271417741,manual__ca_specrage_y_liu__lambda_1,0.8122891802169832,0.9556926392266262,0.06045224445807537
lapeigvals_gsm8k_phi35,math,gsm8k,1319,1118,0.8476118271417741,manual__ca_specrage_y_liu__lambda_10,0.8122758301515678,0.9557151481373587,0.002100494760721677
lapeigvals_gsm8k_phi35,math,gsm8k,1319,1118,0.8476118271417741,manual__ca_specrage_y_liu__lambda_100,0.8123959807403056,0.9557614431162335,2.5166905710419728e-05
lapeigvals_gsm8k_phi35,math,gsm8k,1319,1118,0.8476118271417741,manual__ca_specrage_y_liu__lambda_3,0.8123203303696189,0.9557247224482942,0.015577290185164941
lapeigvals_gsm8k_phi35,math,gsm8k,1319,1118,0.8476118271417741,manual__ca_specrage_y_liu__lambda_30,0.8123870806966955,0.955761272286139,0.00026640455318238036
lapeigvals_gsm8k_phi35,math,gsm8k,1319,1118,0.8476118271417741,manual__ca_uniform_alpha_control__lambda_0,0.8121067293229737,0.9556249159922026,0.2280175711416069
lapeigvals_gsm8k_phi35,math,gsm8k,1319,1118,0.8476118271417741,manual__ca_uniform_alpha_control__lambda_0p1,0.8121912797372708,0.955691157338904,0.1881675894803875
lapeigvals_gsm8k_phi35,math,gsm8k,1319,1118,0.8476118271417741,manual__ca_uniform_alpha_control__lambda_0p3,0.8122891802169832,0.9557185117579652,0.13448463165237304
lapeigvals_gsm8k_phi35,math,gsm8k,1319,1118,0.8476118271417741,manual__ca_uniform_alpha_control__lambda_1,0.8122802801733728,0.9558541634634143,0.05671912545635927
lapeigvals_gsm8k_phi35,math,gsm8k,1319,1118,0.8476118271417741,manual__ca_uniform_alpha_control__lambda_10,0.8118219279274468,0.9558173364829463,0.0018776350592145722
lapeigvals_gsm8k_phi35,math,gsm8k,1319,1118,0.8476118271417741,manual__ca_uniform_alpha_control__lambda_100,0.811706227360514,0.9558225442030969,2.2290790366596235e-05
lapeigvals_gsm8k_phi35,math,gsm8k,1319,1118,0.8476118271417741,manual__ca_uniform_alpha_control__lambda_3,0.8119821287124307,0.9558048407643545,0.014183641964045104
lapeigvals_gsm8k_phi35,math,gsm8k,1319,1118,0.8476118271417741,manual__ca_uniform_alpha_control__lambda_30,0.811786327753006,0.9558346575649896,0.000236556019180645
lapeigvals_gsm8k_phi35,math,gsm8k,1319,1118,0.8476118271417741,manual__uniform_y_liu__lambda_0,0.8121067293229737,0.9556249159922026,0.2280175711416069
lapeigvals_gsm8k_phi35,math,gsm8k,1319,1118,0.8476118271417741,manual__uniform_y_liu__lambda_0p1,0.8123737306312802,0.9557538616833771,0.18981867264134103
lapeigvals_gsm8k_phi35,math,gsm8k,1319,1118,0.8476118271417741,manual__uniform_y_liu__lambda_0p3,0.8121512295410247,0.955837359170122,0.1380147226217027
lapeigvals_gsm8k_phi35,math,gsm8k,1319,1118,0.8476118271417741,manual__uniform_y_liu__lambda_1,0.8109808738062816,0.9558564641146402,0.06085435947976455
lapeigvals_gsm8k_phi35,math,gsm8k,1319,1118,0.8476118271417741,manual__uniform_y_liu__lambda_10,0.8074119563185859,0.9549767136595946,0.002208773417995086
lapeigvals_gsm8k_phi35,math,gsm8k,1319,1118,0.8476118271417741,manual__uniform_y_liu__lambda_100,0.8065575521320054,0.9547253660312995,2.6786918211132048e-05
lapeigvals_gsm8k_phi35,math,gsm8k,1319,1118,0.8476118271417741,manual__uniform_y_liu__lambda_3,0.8088982636014916,0.9553894272818333,0.016046877906793957
lapeigvals_gsm8k_phi35,math,gsm8k,1319,1118,0.8476118271417741,manual__uniform_y_liu__lambda_30,0.8068690536583629,0.9548316566871586,0.0002825757467524276
lapeigvals_gsm8k_phi35,math,gsm8k,1319,1118,0.8476118271417741,micro__adapted_specrage_y_liu__lambda_0,0.8121067293229737,0.9556249159922026,0.2280175711416069
lapeigvals_gsm8k_phi35,math,gsm8k,1319,1118,0.8476118271417741,micro__adapted_specrage_y_liu__lambda_0p1,0.8121245294101942,0.9556290820225136,0.18938713161975704
lapeigvals_gsm8k_phi35,math,gsm8k,1319,1118,0.8476118271417741,micro__adapted_specrage_y_liu__lambda_0p3,0.8121067293229737,0.9556286343261304,0.13664574977175556
lapeigvals_gsm8k_phi35,math,gsm8k,1319,1118,0.8476118271417741,micro__adapted_specrage_y_liu__lambda_1,0.8121512295410247,0.9556520425313808,0.0586014074263809
lapeigvals_gsm8k_phi35,math,gsm8k,1319,1118,0.8476118271417741,micro__adapted_specrage_y_liu__lambda_10,0.8121645796064401,0.955679265339789,0.0019821830875038243
lapeigvals_gsm8k_phi35,math,gsm8k,1319,1118,0.8476118271417741,micro__adapted_specrage_y_liu__lambda_100,0.8122001797808809,0.9556967414850531,2.361969423476735e-05
lapeigvals_gsm8k_phi35,math,gsm8k,1319,1118,0.8476118271417741,micro__adapted_specrage_y_liu__lambda_3,0.8121912797372707,0.9556637820826428,0.014856619750121447
lapeigvals_gsm8k_phi35,math,gsm8k,1319,1118,0.8476118271417741,micro__adapted_specrage_y_liu__lambda_30,0.8122001797808809,0.9556952414039768,0.0002504058634387762
lapeigvals_gsm8k_phi35,math,gsm8k,1319,1118,0.8476118271417741,micro__ca_global_alpha_control__lambda_0,0.8121067293229737,0.9556249159922026,0.2280175711416069
lapeigvals_gsm8k_phi35,math,gsm8k,1319,1118,0.8476118271417741,micro__ca_global_alpha_control__lambda_0p1,0.81174627755676,0.95549355501996,0.1928058631950631
lapeigvals_gsm8k_phi35,math,gsm8k,1319,1118,0.8476118271417741,micro__ca_global_alpha_control__lambda_0p3,0.8115015263574791,0.9552728353613602,0.1432201882891292
lapeigvals_gsm8k_phi35,math,gsm8k,1319,1118,0.8476118271417741,micro__ca_global_alpha_control__lambda_1,0.8106827223453394,0.9549367946200586,0.06528779917447815
lapeigvals_gsm8k_phi35,math,gsm8k,1319,1118,0.8476118271417741,micro__ca_global_alpha_control__lambda_10,0.8086490623804056,0.9541530535400062,0.0024518911755222438
lapeigvals_gsm8k_phi35,math,gsm8k,1319,1118,0.8476118271417741,micro__ca_global_alpha_control__lambda_100,0.808333110832243,0.9540525185976613,2.9877320738453915e-05
lapeigvals_gsm8k_phi35,math,gsm8k,1319,1118,0.8476118271417741,micro__ca_global_alpha_control__lambda_3,0.8093521658256126,0.9544004219039737,0.017615352616447536
lapeigvals_gsm8k_phi35,math,gsm8k,1319,1118,0.8476118271417741,micro__ca_global_alpha_control__lambda_30,0.8083954111375145,0.9540734735802701,0.00031478106849879765
lapeigvals_gsm8k_phi35,math,gsm8k,1319,1118,0.8476118271417741,micro__ca_permuted_alpha_control__lambda_0,0.8121067293229737,0.9556249159922026,0.2280175711416069
lapeigvals_gsm8k_phi35,math,gsm8k,1319,1118,0.8476118271417741,micro__ca_permuted_alpha_control__lambda_0p1,0.81174627755676,0.9554937000243717,0.1928370351120622
lapeigvals_gsm8k_phi35,math,gsm8k,1319,1118,0.8476118271417741,micro__ca_permuted_alpha_control__lambda_0p3,0.811497076335674,0.955264402298462,0.1432814232143096
lapeigvals_gsm8k_phi35,math,gsm8k,1319,1118,0.8476118271417741,micro__ca_permuted_alpha_control__lambda_1,0.8106738223017292,0.9549361747406573,0.06535265377122322
lapeigvals_gsm8k_phi35,math,gsm8k,1319,1118,0.8476118271417741,micro__ca_permuted_alpha_control__lambda_10,0.8086579624240158,0.9541537201672301,0.002456752817245289
lapeigvals_gsm8k_phi35,math,gsm8k,1319,1118,0.8476118271417741,micro__ca_permuted_alpha_control__lambda_100,0.8082975106578022,0.9540380806422823,2.9942981904074188e-05
lapeigvals_gsm8k_phi35,math,gsm8k,1319,1118,0.8476118271417741,micro__ca_permuted_alpha_control__lambda_3,0.8093521658256125,0.9544009714938251,0.017643173541713134
lapeigvals_gsm8k_phi35,math,gsm8k,1319,1118,0.8476118271417741,micro__ca_permuted_alpha_control__lambda_30,0.8083998611593197,0.9540759958164895,0.00031545398814682455
lapeigvals_gsm8k_phi35,math,gsm8k,1319,1118,0.8476118271417741,micro__ca_specrage_alpha_liu__lambda_0,0.8121067293229737,0.9556249159922026,0.2280175711416069
lapeigvals_gsm8k_phi35,math,gsm8k,1319,1118,0.8476118271417741,micro__ca_specrage_alpha_liu__lambda_0p1,0.8117907777748111,0.9554814705627264,0.19308514670854882
lapeigvals_gsm8k_phi35,math,gsm8k,1319,1118,0.8476118271417741,micro__ca_specrage_alpha_liu__lambda_0p3,0.8114080758995719,0.9552387412428587,0.14381313591702444
lapeigvals_gsm8k_phi35,math,gsm8k,1319,1118,0.8476118271417741,micro__ca_specrage_alpha_liu__lambda_1,0.8102421701866338,0.9547140428887042,0.06599091312357927
lapeigvals_gsm8k_phi35,math,gsm8k,1319,1118,0.8476118271417741,micro__ca_specrage_alpha_liu__lambda_10,0.8077145578013332,0.953845557146515,0.0025112741478882927
lapeigvals_gsm8k_phi35,math,gsm8k,1319,1118,0.8476118271417741,micro__ca_specrage_alpha_liu__lambda_100,0.8070648546177877,0.9536517307211781,3.0694715503374635e-05
lapeigvals_gsm8k_phi35,math,gsm8k,1319,1118,0.8476118271417741,micro__ca_specrage_alpha_liu__lambda_3,0.8087247127510925,0.954182142501756,0.017941491236772727
lapeigvals_gsm8k_phi35,math,gsm8k,1319,1118,0.8476118271417741,micro__ca_specrage_alpha_liu__lambda_30,0.807202805293746,0.9536940510814592,0.00032311522535659315
lapeigvals_gsm8k_phi35,math,gsm8k,1319,1118,0.8476118271417741,micro__ca_specrage_y_liu__lambda_0,0.8121067293229737,0.9556249159922026,0.2280175711416069
lapeigvals_gsm8k_phi35,math,gsm8k,1319,1118,0.8476118271417741,micro__ca_specrage_y_liu__lambda_0p1,0.8122491300207371,0.9556953601320616,0.18799436907440326
lapeigvals_gsm8k_phi35,math,gsm8k,1319,1118,0.8476118271417741,micro__ca_specrage_y_liu__lambda_0p3,0.812289180216983,0.9558255647409583,0.13434586831146306
lapeigvals_gsm8k_phi35,math,gsm8k,1319,1118,0.8476118271417741,micro__ca_specrage_y_liu__lambda_1,0.8118308279710571,0.9558452410998035,0.05689649702065793
lapeigvals_gsm8k_phi35,math,gsm8k,1319,1118,0.8476118271417741,micro__ca_specrage_y_liu__lambda_10,0.8100686193362348,0.9556596408183122,0.001915814209087425
lapeigvals_gsm8k_phi35,math,gsm8k,1319,1118,0.8476118271417741,micro__ca_specrage_y_liu__lambda_100,0.8094233661744943,0.955524782180498,2.285489151478583e-05
lapeigvals_gsm8k_phi35,math,gsm8k,1319,1118,0.8476118271417741,micro__ca_specrage_y_liu__lambda_3,0.810869623261154,0.9558349567762202,0.0143549942935991
lapeigvals_gsm8k_phi35,math,gsm8k,1319,1118,0.8476118271417741,micro__ca_specrage_y_liu__lambda_30,0.8096814674391903,0.9556017287994512,0.00024220538965515122
lapeigvals_gsm8k_phi35,math,gsm8k,1319,1118,0.8476118271417741,micro__ca_uniform_alpha_control__lambda_0,0.8121067293229737,0.9556249159922026,0.2280175711416069
lapeigvals_gsm8k_phi35,math,gsm8k,1319,1118,0.8476118271417741,micro__ca_uniform_alpha_control__lambda_0p1,0.8118486280582775,0.9555338062212696,0.19256013870856153
lapeigvals_gsm8k_phi35,math,gsm8k,1319,1118,0.8476118271417741,micro__ca_uniform_alpha_control__lambda_0p3,0.8116884272732936,0.9553916036627383,0.1427004565645259
lapeigvals_gsm8k_phi35,math,gsm8k,1319,1118,0.8476118271417741,micro__ca_uniform_alpha_control__lambda_1,0.8111811247875115,0.9551429662781855,0.0646760788661966
lapeigvals_gsm8k_phi35,math,gsm8k,1319,1118,0.8476118271417741,micro__ca_uniform_alpha_control__lambda_10,0.8094634163707402,0.954478026410387,0.002400951048239803
lapeigvals_gsm8k_phi35,math,gsm8k,1319,1118,0.8476118271417741,micro__ca_uniform_alpha_control__lambda_100,0.8092631653895104,0.9543625660644681,2.9178476309505845e-05
lapeigvals_gsm8k_phi35,math,gsm8k,1319,1118,0.8476118271417741,micro__ca_uniform_alpha_control__lambda_3,0.810162069794142,0.9546848357938014,0.017333898976248215
lapeigvals_gsm8k_phi35,math,gsm8k,1319,1118,0.8476118271417741,micro__ca_uniform_alpha_control__lambda_30,0.8092720654331206,0.9543741439278569,0.00030764894422482717
lapeigvals_gsm8k_phi35,math,gsm8k,1319,1118,0.8476118271417741,micro__uniform_y_liu__lambda_0,0.8121067293229737,0.9556249159922026,0.2280175711416069
lapeigvals_gsm8k_phi35,math,gsm8k,1319,1118,0.8476118271417741,micro__uniform_y_liu__lambda_0p1,0.8121111793447788,0.9556298580434887,0.1892836032129423
lapeigvals_gsm8k_phi35,math,gsm8k,1319,1118,0.8476118271417741,micro__uniform_y_liu__lambda_0p3,0.8121289794319992,0.955633688442955,0.13645603868691628
lapeigvals_gsm8k_phi35,math,gsm8k,1319,1118,0.8476118271417741,micro__uniform_y_liu__lambda_1,0.812160129584635,0.9556483653718647,0.058424923668159164
lapeigvals_gsm8k_phi35,math,gsm8k,1319,1118,0.8476118271417741,micro__uniform_y_liu__lambda_10,0.8121779296718554,0.9556830356961699,0.001971304619032622
lapeigvals_gsm8k_phi35,math,gsm8k,1319,1118,0.8476118271417741,micro__uniform_y_liu__lambda_100,0.8121957297590758,0.9556847976304448,2.3478441917341843e-05
lapeigvals_gsm8k_phi35,math,gsm8k,1319,1118,0.8476118271417741,micro__uniform_y_liu__lambda_3,0.8121957297590758,0.9556917925931339,0.014789417695319917
lapeigvals_gsm8k_phi35,math,gsm8k,1319,1118,0.8476118271417741,micro__uniform_y_liu__lambda_30,0.8121868297154657,0.9556854318368272,0.0002489423948744553
lapeigvals_gsm8k_phi35,math,gsm8k,1319,1118,0.8476118271417741,raw_uniform_liu__lambda_0,0.8121067293229737,0.9556249159922026,0.2280175711416069
lapeigvals_gsm8k_phi35,math,gsm8k,1319,1118,0.8476118271417741,raw_uniform_liu__lambda_0p1,0.8121423294974145,0.9556427849955245,0.19413808902071775
lapeigvals_gsm8k_phi35,math,gsm8k,1319,1118,0.8476118271417741,raw_uniform_liu__lambda_0p3,0.8122802801733728,0.9556948377081769,0.14566815375790226
lapeigvals_gsm8k_phi35,math,gsm8k,1319,1118,0.8476118271417741,raw_uniform_liu__lambda_1,0.8123870806966954,0.9557616010593385,0.0676069836074755
lapeigvals_gsm8k_phi35,math,gsm8k,1319,1118,0.8476118271417741,raw_uniform_liu__lambda_10,0.8122758301515677,0.9558186794928398,0.0026035340650565923
lapeigvals_gsm8k_phi35,math,gsm8k,1319,1118,0.8476118271417741,raw_uniform_liu__lambda_100,0.8122936302387882,0.9558405583538758,3.187816745064188e-05
lapeigvals_gsm8k_phi35,math,gsm8k,1319,1118,0.8476118271417741,raw_uniform_liu__lambda_3,0.8123203303696188,0.9558050633731537,0.01852687086038574
lapeigvals_gsm8k_phi35,math,gsm8k,1319,1118,0.8476118271417741,raw_uniform_liu__lambda_30,0.8122580300643473,0.9558193910971503,0.0003354167118798844
noise_gsm8k_mistral7b,math,gsm8k,1319,658,0.4988627748294162,atomic__adapted_specrage_y_liu__lambda_0,0.783711701437906,0.759413683767168,0.26701427425821755
noise_gsm8k_mistral7b,math,gsm8k,1319,658,0.4988627748294162,atomic__adapted_specrage_y_liu__lambda_0p1,0.7833530296272111,0.7583051401952301,0.23577345063767616
noise_gsm8k_mistral7b,math,gsm8k,1319,658,0.4988627748294162,atomic__adapted_specrage_y_liu__lambda_0p3,0.7826632761451057,0.7560136246970439,0.19045390204958718
noise_gsm8k_mistral7b,math,gsm8k,1319,658,0.4988627748294162,atomic__adapted_specrage_y_liu__lambda_1,0.7804261756848103,0.7505365902042394,0.10706590768470663
noise_gsm8k_mistral7b,math,gsm8k,1319,658,0.4988627748294162,atomic__adapted_specrage_y_liu__lambda_10,0.7768624493605985,0.7445733832214516,0.006279661842401438
noise_gsm8k_mistral7b,math,gsm8k,1319,658,0.4988627748294162,atomic__adapted_specrage_y_liu__lambda_100,0.7763267408228298,0.7437754896883663,8.557691079311166e-05
noise_gsm8k_mistral7b,math,gsm8k,1319,658,0.4988627748294162,atomic__adapted_specrage_y_liu__lambda_3,0.7779361656144095,0.7460814493483363,0.03714277596558072
noise_gsm8k_mistral7b,math,gsm8k,1319,658,0.4988627748294162,atomic__adapted_specrage_y_liu__lambda_30,0.7764968800150825,0.7441002422848139,0.0008733632048604039
noise_gsm8k_mistral7b,math,gsm8k,1319,658,0.4988627748294162,atomic__ca_global_alpha_control__lambda_0,0.783711701437906,0.759413683767168,0.26701427425821755
noise_gsm8k_mistral7b,math,gsm8k,1319,658,0.4988627748294162,atomic__ca_global_alpha_control__lambda_0p1,0.7836657178724324,0.7596161807366295,0.22566482504633895
noise_gsm8k_mistral7b,math,gsm8k,1319,658,0.4988627748294162,atomic__ca_global_alpha_control__lambda_0p3,0.7835323655325587,0.759309712788887,0.16735772857464293
noise_gsm8k_mistral7b,math,gsm8k,1319,658,0.4988627748294162,atomic__ca_global_alpha_control__lambda_1,0.7835116729280955,0.7589910341717937,0.07586036647001816
noise_gsm8k_mistral7b,math,gsm8k,1319,658,0.4988627748294162,atomic__ca_global_alpha_control__lambda_10,0.7833438329141165,0.7582505198693467,0.0028086634633445943
noise_gsm8k_mistral7b,math,gsm8k,1319,658,0.4988627748294162,atomic__ca_global_alpha_control__lambda_100,0.7833737222316745,0.7582581659677737,3.410309910102668e-05
noise_gsm8k_mistral7b,math,gsm8k,1319,658,0.4988627748294162,atomic__ca_global_alpha_control__lambda_3,0.7833484312706639,0.7584020908937794,0.020305962353545915
noise_gsm8k_mistral7b,math,gsm8k,1319,658,0.4988627748294162,atomic__ca_global_alpha_control__lambda_30,0.7833599271620324,0.7581821594686391,0.00035966471924216733
noise_gsm8k_mistral7b,math,gsm8k,1319,658,0.4988627748294162,atomic__ca_permuted_alpha_control__lambda_0,0.783711701437906,0.759413683767168,0.26701427425821755
noise_gsm8k_mistral7b,math,gsm8k,1319,658,0.4988627748294162,atomic__ca_permuted_alpha_control__lambda_0p1,0.7836726154072535,0.7596371888511861,0.22565242974030908
noise_gsm8k_mistral7b,math,gsm8k,1319,658,0.4988627748294162,atomic__ca_permuted_alpha_control__lambda_0p3,0.783530066354285,0.7592949720048163,0.16733276890735746
noise_gsm8k_mistral7b,math,gsm8k,1319,658,0.4988627748294162,atomic__ca_permuted_alpha_control__lambda_1,0.7835208696411904,0.758994124701093,0.07583303803276058
noise_gsm8k_mistral7b,math,gsm8k,1319,658,0.4988627748294162,atomic__ca_permuted_alpha_control__lambda_10,0.7833576279837585,0.7583282606735875,0.0028065623657355186
noise_gsm8k_mistral7b,math,gsm8k,1319,658,0.4988627748294162,atomic__ca_permuted_alpha_control__lambda_100,0.7833530296272113,0.7582327474308928,3.4074657405028485e-05
noise_gsm8k_mistral7b,math,gsm8k,1319,658,0.4988627748294162,atomic__ca_permuted_alpha_control__lambda_3,0.7833438329141165,0.7583898444323554,0.020294021327611305
noise_gsm8k_mistral7b,math,gsm8k,1319,658,0.4988627748294162,atomic__ca_permuted_alpha_control__lambda_30,0.7833668246968535,0.7581601081533035,0.00035937339735963545
noise_gsm8k_mistral7b,math,gsm8k,1319,658,0.4988627748294162,atomic__ca_specrage_alpha_liu__lambda_0,0.783711701437906,0.759413683767168,0.26701427425821755
noise_gsm8k_mistral7b,math,gsm8k,1319,658,0.4988627748294162,atomic__ca_specrage_alpha_liu__lambda_0p1,0.7835760499197587,0.7594197691811937,0.22624165554423595
noise_gsm8k_mistral7b,math,gsm8k,1319,658,0.4988627748294162,atomic__ca_specrage_alpha_liu__lambda_0p3,0.783573750741485,0.7590078274884785,0.16855839078739088
noise_gsm8k_mistral7b,math,gsm8k,1319,658,0.4988627748294162,atomic__ca_specrage_alpha_liu__lambda_1,0.7833530296272112,0.7581699508791049,0.07723760078714326
noise_gsm8k_mistral7b,math,gsm8k,1319,658,0.4988627748294162,atomic__ca_specrage_alpha_liu__lambda_10,0.7828954931507479,0.7569127542607664,0.00291988598983944
noise_gsm8k_mistral7b,math,gsm8k,1319,658,0.4988627748294162,atomic__ca_specrage_alpha_liu__lambda_100,0.7827759358805163,0.7565178471182957,3.562099109573518e-05
noise_gsm8k_mistral7b,math,gsm8k,1319,658,0.4988627748294162,atomic__ca_specrage_alpha_liu__lambda_3,0.7830794274126427,0.7574155437398945,0.02092728087517205
noise_gsm8k_mistral7b,math,gsm8k,1319,658,0.4988627748294162,atomic__ca_specrage_alpha_liu__lambda_30,0.782771337523969,0.7566549428664615,0.0003751777511111233
noise_gsm8k_mistral7b,math,gsm8k,1319,658,0.4988627748294162,atomic__ca_specrage_y_liu__lambda_0,0.783711701437906,0.759413683767168,0.26701427425821755
noise_gsm8k_mistral7b,math,gsm8k,1319,658,0.4988627748294162,atomic__ca_specrage_y_liu__lambda_0p1,0.7836956071899902,0.7597612506532405,0.22486438513552026
noise_gsm8k_mistral7b,math,gsm8k,1319,658,0.4988627748294162,atomic__ca_specrage_y_liu__lambda_0p3,0.7835622548501165,0.760080668454517,0.16613796293464955
noise_gsm8k_mistral7b,math,gsm8k,1319,658,0.4988627748294162,atomic__ca_specrage_y_liu__lambda_1,0.7827184564236741,0.759163742507676,0.07515069428626912
noise_gsm8k_mistral7b,math,gsm8k,1319,658,0.4988627748294162,atomic__ca_specrage_y_liu__lambda_10,0.7814332157686842,0.7582653558658334,0.002804237072857408
noise_gsm8k_mistral7b,math,gsm8k,1319,658,0.4988627748294162,atomic__ca_specrage_y_liu__lambda_100,0.7810814414928104,0.757811599220511,3.4149326590476784e-05
noise_gsm8k_mistral7b,math,gsm8k,1319,658,0.4988627748294162,atomic__ca_specrage_y_liu__lambda_3,0.7820953791115056,0.7587185657670823,0.020183441284779113
noise_gsm8k_mistral7b,math,gsm8k,1319,658,0.4988627748294162,atomic__ca_specrage_y_liu__lambda_30,0.7811251258800104,0.7577846232017219,0.00035984551508171753
noise_gsm8k_mistral7b,math,gsm8k,1319,658,0.4988627748294162,atomic__ca_uniform_alpha_control__lambda_0,0.783711701437906,0.759413683767168,0.26701427425821755
noise_gsm8k_mistral7b,math,gsm8k,1319,658,0.4988627748294162,atomic__ca_uniform_alpha_control__lambda_0p1,0.7836703162289798,0.7593704357360282,0.22519081817395747
noise_gsm8k_mistral7b,math,gsm8k,1319,658,0.4988627748294162,atomic__ca_uniform_alpha_control__lambda_0p3,0.783727795685822,0.759529572426819,0.1664081792164882
noise_gsm8k_mistral7b,math,gsm8k,1319,658,0.4988627748294162,atomic__ca_uniform_alpha_control__lambda_1,0.7836818121203482,0.759570195810918,0.07482932166480213
noise_gsm8k_mistral7b,math,gsm8k,1319,658,0.4988627748294162,atomic__ca_uniform_alpha_control__lambda_10,0.7835691523849377,0.7593328931117332,0.002730290234154866
noise_gsm8k_mistral7b,math,gsm8k,1319,658,0.4988627748294162,atomic__ca_uniform_alpha_control__lambda_100,0.7835530581370218,0.7593066242443358,3.304460013974572e-05
noise_gsm8k_mistral7b,math,gsm8k,1319,658,0.4988627748294162,atomic__ca_uniform_alpha_control__lambda_3,0.7835714515632113,0.7594101652185595,0.01985858508040483
noise_gsm8k_mistral7b,math,gsm8k,1319,658,0.4988627748294162,atomic__ca_uniform_alpha_control__lambda_30,0.783566853206664,0.7593541764401011,0.0003488159199242936
noise_gsm8k_mistral7b,math,gsm8k,1319,658,0.4988627748294162,atomic__uniform_y_liu__lambda_0,0.783711701437906,0.759413683767168,0.26701427425821755
noise_gsm8k_mistral7b,math,gsm8k,1319,658,0.4988627748294162,atomic__uniform_y_liu__lambda_0p1,0.7833392345575692,0.75816923360989,0.23927312348919363
noise_gsm8k_mistral7b,math,gsm8k,1319,658,0.4988627748294162,atomic__uniform_y_liu__lambda_0p3,0.7825965999751687,0.7555084717915538,0.19842420887490902
noise_gsm8k_mistral7b,math,gsm8k,1319,658,0.4988627748294162,atomic__uniform_y_liu__lambda_1,0.7803319093755892,0.7503657040732234,0.11878450011751983
noise_gsm8k_mistral7b,math,gsm8k,1319,658,0.4988627748294162,atomic__uniform_y_liu__lambda_10,0.7770601786921354,0.7448739182621719,0.008095196419484156
noise_gsm8k_mistral7b,math,gsm8k,1319,658,0.4988627748294162,atomic__uniform_y_liu__lambda_100,0.7766762159204299,0.7442804153422881,0.00011529509641427141
noise_gsm8k_mistral7b,math,gsm8k,1319,658,0.4988627748294162,atomic__uniform_y_liu__lambda_3,0.778099407271841,0.7463760893406479,0.04465308227866046
noise_gsm8k_mistral7b,math,gsm8k,1319,658,0.4988627748294162,atomic__uniform_y_liu__lambda_30,0.7767750805861984,0.7444893151711918,0.0011615870239853013
noise_gsm8k_mistral7b,math,gsm8k,1319,658,0.4988627748294162,deployed_upcr,0.7811159291669157,0.7528175301805651,0.2805264754027884
noise_gsm8k_mistral7b,math,gsm8k,1319,658,0.4988627748294162,dufs_liu__lambda_0,0.783711701437906,0.759413683767168,0.26701427425821755
noise_gsm8k_mistral7b,math,gsm8k,1319,658,0.4988627748294162,dufs_liu__lambda_0p1,0.783516271284643,0.7589862420820647,0.23181480913290206
noise_gsm8k_mistral7b,math,gsm8k,1319,658,0.4988627748294162,dufs_liu__lambda_0p3,0.7830886241257374,0.7574269989266937,0.18062463551666927
noise_gsm8k_mistral7b,math,gsm8k,1319,658,0.4988627748294162,dufs_liu__lambda_1,0.7820608914374003,0.7537836797290565,0.09214190754857757
noise_gsm8k_mistral7b,math,gsm8k,1319,658,0.4988627748294162,dufs_liu__lambda_10,0.7800950940133996,0.7497038868490769,0.004311369064296746
noise_gsm8k_mistral7b,math,gsm8k,1319,658,0.4988627748294162,dufs_liu__lambda_100,0.7796375575369362,0.7488871630352547,5.5303990495680195e-05
noise_gsm8k_mistral7b,math,gsm8k,1319,658,0.4988627748294162,dufs_liu__lambda_3,0.7809067039440104,0.7513551462889427,0.02822664682944723
noise_gsm8k_mistral7b,math,gsm8k,1319,658,0.4988627748294162,dufs_liu__lambda_30,0.7797387213809784,0.7489834761740487,0.000574305228224553
noise_gsm8k_mistral7b,math,gsm8k,1319,658,0.4988627748294162,iu_pcr,0.783711701437906,0.759413683767168,0.26701427425821755
noise_gsm8k_mistral7b,math,gsm8k,1319,658,0.4988627748294162,manual__adapted_specrage_y_liu__lambda_0,0.783711701437906,0.759413683767168,0.26701427425821755
noise_gsm8k_mistral7b,math,gsm8k,1319,658,0.4988627748294162,manual__adapted_specrage_y_liu__lambda_0p1,0.7835921441676744,0.7590422586279694,0.2216364495875214
noise_gsm8k_mistral7b,math,gsm8k,1319,658,0.4988627748294162,manual__adapted_specrage_y_liu__lambda_0p3,0.7833852181230427,0.7582160734447543,0.16035690248732962
noise_gsm8k_mistral7b,math,gsm8k,1319,658,0.4988627748294162,manual__adapted_specrage_y_liu__lambda_1,0.7824471533873792,0.7549256475173032,0.06998594503073587
noise_gsm8k_mistral7b,math,gsm8k,1319,658,0.4988627748294162,manual__adapted_specrage_y_liu__lambda_10,0.7794766150577784,0.7486447966548269,0.0025023124421297877
noise_gsm8k_mistral7b,math,gsm8k,1319,658,0.4988627748294162,manual__adapted_specrage_y_liu__lambda_100,0.7787477755450201,0.7475292615302445,3.0265724888741185e-05
noise_gsm8k_mistral7b,math,gsm8k,1319,658,0.4988627748294162,manual__adapted_specrage_y_liu__lambda_3,0.7808377285957998,0.7512583469621066,0.018281603879390776
noise_gsm8k_mistral7b,math,gsm8k,1319,658,0.4988627748294162,manual__adapted_specrage_y_liu__lambda_30,0.7789983859768519,0.7477637004471621,0.0003195053201329164
noise_gsm8k_mistral7b,math,gsm8k,1319,658,0.4988627748294162,manual__ca_global_alpha_control__lambda_0,0.783711701437906,0.759413683767168,0.26701427425821755
noise_gsm8k_mistral7b,math,gsm8k,1319,658,0.4988627748294162,manual__ca_global_alpha_control__lambda_0p1,0.7834472959364323,0.7586950438856006,0.23213268425480388
noise_gsm8k_mistral7b,math,gsm8k,1319,658,0.4988627748294162,manual__ca_global_alpha_control__lambda_0p3,0.7827805342370636,0.7565614203279337,0.181906627878058
noise_gsm8k_mistral7b,math,gsm8k,1319,658,0.4988627748294162,manual__ca_global_alpha_control__lambda_1,0.7812722732895263,0.7520542347372493,0.09471495091605771
noise_gsm8k_mistral7b,math,gsm8k,1319,658,0.4988627748294162,manual__ca_global_alpha_control__lambda_10,0.7780258335670832,0.7462635875671488,0.004670899714994335
noise_gsm8k_mistral7b,math,gsm8k,1319,658,0.4988627748294162,manual__ca_global_alpha_control__lambda_100,0.7776303749040093,0.7456508532101296,6.075596440395046e-05
noise_gsm8k_mistral7b,math,gsm8k,1319,658,0.4988627748294162,manual__ca_global_alpha_control__lambda_3,0.7792719881914204,0.7483417217253322,0.029864408664834387
noise_gsm8k_mistral7b,math,gsm8k,1319,658,0.4988627748294162,manual__ca_global_alpha_control__lambda_30,0.7777223420349568,0.7458184357824598,0.0006284155102555908
noise_gsm8k_mistral7b,math,gsm8k,1319,658,0.4988627748294162,manual__ca_permuted_alpha_control__lambda_0,0.783711701437906,0.759413683767168,0.26701427425821755
noise_gsm8k_mistral7b,math,gsm8k,1319,658,0.4988627748294162,manual__ca_permuted_alpha_control__lambda_0p1,0.7834472959364323,0.7586973563733231,0.23213817814587426
noise_gsm8k_mistral7b,math,gsm8k,1319,658,0.4988627748294162,manual__ca_permuted_alpha_control__lambda_0p3,0.7827759358805162,0.7564966107906153,0.18190133699592437
noise_gsm8k_mistral7b,math,gsm8k,1319,658,0.4988627748294162,manual__ca_permuted_alpha_control__lambda_1,0.7812906667157158,0.7520949265066434,0.09468055566991364
noise_gsm8k_mistral7b,math,gsm8k,1319,658,0.4988627748294162,manual__ca_permuted_alpha_control__lambda_10,0.7780948089152937,0.7463094799251012,0.004664480264597544
noise_gsm8k_mistral7b,math,gsm8k,1319,658,0.4988627748294162,manual__ca_permuted_alpha_control__lambda_100,0.777706247787041,0.7457540185667553,6.0655415402869656e-05
noise_gsm8k_mistral7b,math,gsm8k,1319,658,0.4988627748294162,manual__ca_permuted_alpha_control__lambda_3,0.7793202709351678,0.7484185392614696,0.02983734111952612
noise_gsm8k_mistral7b,math,gsm8k,1319,658,0.4988627748294162,manual__ca_permuted_alpha_control__lambda_30,0.777763727243883,0.745818919738326,0.0006274261303698161
noise_gsm8k_mistral7b,math,gsm8k,1319,658,0.4988627748294162,manual__ca_specrage_alpha_liu__lambda_0,0.783711701437906,0.759413683767168,0.26701427425821755
noise_gsm8k_mistral7b,math,gsm8k,1319,658,0.4988627748294162,manual__ca_specrage_alpha_liu__lambda_0p1,0.7834472959364324,0.758697778413903,0.2328618122254243
noise_gsm8k_mistral7b,math,gsm8k,1319,658,0.4988627748294162,manual__ca_specrage_alpha_liu__lambda_0p3,0.7827713375239688,0.7564747699337774,0.18339022435900523
noise_gsm8k_mistral7b,math,gsm8k,1319,658,0.4988627748294162,manual__ca_specrage_alpha_liu__lambda_1,0.7813297527463684,0.7523093946451749,0.09647103728887511
noise_gsm8k_mistral7b,math,gsm8k,1319,658,0.4988627748294162,manual__ca_specrage_alpha_liu__lambda_10,0.7783592144167674,0.746681101350031,0.0048490283537299984
noise_gsm8k_mistral7b,math,gsm8k,1319,658,0.4988627748294162,manual__ca_specrage_alpha_liu__lambda_100,0.7778694894444725,0.745926675926478,6.336673805512918e-05
noise_gsm8k_mistral7b,math,gsm8k,1319,658,0.4988627748294162,manual__ca_specrage_alpha_liu__lambda_3,0.7794582216315888,0.7486162788359483,0.030751953922150348
noise_gsm8k_mistral7b,math,gsm8k,1319,658,0.4988627748294162,manual__ca_specrage_alpha_liu__lambda_30,0.7779499606840515,0.7460845689711504,0.000654553712397694
noise_gsm8k_mistral7b,math,gsm8k,1319,658,0.4988627748294162,manual__ca_specrage_y_liu__lambda_0,0.783711701437906,0.759413683767168,0.26701427425821755
noise_gsm8k_mistral7b,math,gsm8k,1319,658,0.4988627748294162,manual__ca_specrage_y_liu__lambda_0p1,0.7836841112986218,0.7595641149914205,0.22048259244893195
noise_gsm8k_mistral7b,math,gsm8k,1319,658,0.4988627748294162,manual__ca_specrage_y_liu__lambda_0p3,0.7835415622456534,0.7593271631119192,0.15769143164616825
noise_gsm8k_mistral7b,math,gsm8k,1319,658,0.4988627748294162,manual__ca_specrage_y_liu__lambda_1,0.7834771852539902,0.7588748221894792,0.06654600611945148
noise_gsm8k_mistral7b,math,gsm8k,1319,658,0.4988627748294162,manual__ca_specrage_y_liu__lambda_10,0.7834013123709587,0.7582519573178703,0.0022008147149882133
noise_gsm8k_mistral7b,math,gsm8k,1319,658,0.4988627748294162,manual__ca_specrage_y_liu__lambda_100,0.7833645255185796,0.7579162981653128,2.6115709430239492e-05
noise_gsm8k_mistral7b,math,gsm8k,1319,658,0.4988627748294162,manual__ca_specrage_y_liu__lambda_3,0.7833599271620322,0.7582031777902115,0.01663555897017754
noise_gsm8k_mistral7b,math,gsm8k,1319,658,0.4988627748294162,manual__ca_specrage_y_liu__lambda_30,0.7834151074406008,0.758027075332888,0.00027718396182132405
noise_gsm8k_mistral7b,math,gsm8k,1319,658,0.4988627748294162,manual__ca_uniform_alpha_control__lambda_0,0.783711701437906,0.759413683767168,0.26701427425821755
noise_gsm8k_mistral7b,math,gsm8k,1319,658,0.4988627748294162,manual__ca_uniform_alpha_control__lambda_0p1,0.7836013408807694,0.7591805980838686,0.23007595774292286
noise_gsm8k_mistral7b,math,gsm8k,1319,658,0.4988627748294162,manual__ca_uniform_alpha_control__lambda_0p3,0.7833783205882217,0.7583818756530156,0.17638626442363303
noise_gsm8k_mistral7b,math,gsm8k,1319,658,0.4988627748294162,manual__ca_uniform_alpha_control__lambda_1,0.7828816980811059,0.7568719356567426,0.08611041544138785
noise_gsm8k_mistral7b,math,gsm8k,1319,658,0.4988627748294162,manual__ca_uniform_alpha_control__lambda_10,0.7822287314513792,0.7543089810319628,0.0036589064827981235
noise_gsm8k_mistral7b,math,gsm8k,1319,658,0.4988627748294162,manual__ca_uniform_alpha_control__lambda_100,0.7819620267716317,0.7536268393956256,4.582942368888233e-05
noise_gsm8k_mistral7b,math,gsm8k,1319,658,0.4988627748294162,manual__ca_uniform_alpha_control__lambda_3,0.7825529155879689,0.755369950504414,0.02498120195521483
noise_gsm8k_mistral7b,math,gsm8k,1319,658,0.4988627748294162,manual__ca_uniform_alpha_control__lambda_30,0.782063190615674,0.753786207307332,0.0004791417830716701
noise_gsm8k_mistral7b,math,gsm8k,1319,658,0.4988627748294162,manual__uniform_y_liu__lambda_0,0.783711701437906,0.759413683767168,0.26701427425821755
noise_gsm8k_mistral7b,math,gsm8k,1319,658,0.4988627748294162,manual__uniform_y_liu__lambda_0p1,0.7833461320923901,0.7581509236842396,0.22850701587147193
noise_gsm8k_mistral7b,math,gsm8k,1319,658,0.4988627748294162,manual__uniform_y_liu__lambda_0p3,0.7822287314513794,0.7543216044560487,0.17629624330405824
noise_gsm8k_mistral7b,math,gsm8k,1319,658,0.4988627748294162,manual__uniform_y_liu__lambda_1,0.7779200713664937,0.7460397322358963,0.09129797265626369
noise_gsm8k_mistral7b,math,gsm8k,1319,658,0.4988627748294162,manual__uniform_y_liu__lambda_10,0.771114503676386,0.7356414139924277,0.004701290373842547
noise_gsm8k_mistral7b,math,gsm8k,1319,658,0.4988627748294162,manual__uniform_y_liu__lambda_100,0.7696752180770593,0.7336706109214255,6.213394031587927e-05
noise_gsm8k_mistral7b,math,gsm8k,1319,658,0.4988627748294162,manual__uniform_y_liu__lambda_3,0.773917201992008,0.7393454592237326,0.029348083881337333
noise_gsm8k_mistral7b,math,gsm8k,1319,658,0.4988627748294162,manual__uniform_y_liu__lambda_30,0.7700982668794173,0.7345249051236323,0.0006396739600787463
noise_gsm8k_mistral7b,math,gsm8k,1319,658,0.4988627748294162,micro__adapted_specrage_y_liu__lambda_0,0.783711701437906,0.759413683767168,0.26701427425821755
noise_gsm8k_mistral7b,math,gsm8k,1319,658,0.4988627748294162,micro__adapted_specrage_y_liu__lambda_0p1,0.7837094022596324,0.7594904111003619,0.22328490096857473
noise_gsm8k_mistral7b,math,gsm8k,1319,658,0.4988627748294162,micro__adapted_specrage_y_liu__lambda_0p3,0.7836841112986219,0.7595797992511428,0.1628150136973355
noise_gsm8k_mistral7b,math,gsm8k,1319,658,0.4988627748294162,micro__adapted_specrage_y_liu__lambda_1,0.7835737507414849,0.759364010711047,0.07129400958433893
noise_gsm8k_mistral7b,math,gsm8k,1319,658,0.4988627748294162,micro__adapted_specrage_y_liu__lambda_10,0.783580648276306,0.7590571260749329,0.002492143234088026
noise_gsm8k_mistral7b,math,gsm8k,1319,658,0.4988627748294162,micro__adapted_specrage_y_liu__lambda_100,0.7835783490980324,0.7590061020699398,2.9895790316895553e-05
noise_gsm8k_mistral7b,math,gsm8k,1319,658,0.4988627748294162,micro__adapted_specrage_y_liu__lambda_3,0.7835484597804745,0.7593590477918362,0.018438116150085854
noise_gsm8k_mistral7b,math,gsm8k,1319,658,0.4988627748294162,micro__adapted_specrage_y_liu__lambda_30,0.7835852466328534,0.7590757198669817,0.00031635557836910276
noise_gsm8k_mistral7b,math,gsm8k,1319,658,0.4988627748294162,micro__ca_global_alpha_control__lambda_0,0.783711701437906,0.759413683767168,0.26701427425821755
noise_gsm8k_mistral7b,math,gsm8k,1319,658,0.4988627748294162,micro__ca_global_alpha_control__lambda_0p1,0.7837208981510009,0.7596840253855925,0.2311785990830162
noise_gsm8k_mistral7b,math,gsm8k,1319,658,0.4988627748294162,micro__ca_global_alpha_control__lambda_0p3,0.783661119515885,0.7601228080936547,0.17836550186935124
noise_gsm8k_mistral7b,math,gsm8k,1319,658,0.4988627748294162,micro__ca_global_alpha_control__lambda_1,0.7833691238751271,0.7601139586932042,0.08797105050739841
noise_gsm8k_mistral7b,math,gsm8k,1319,658,0.4988627748294162,micro__ca_global_alpha_control__lambda_10,0.7827943293067058,0.7594940784968416,0.0037888393389860025
noise_gsm8k_mistral7b,math,gsm8k,1319,658,0.4988627748294162,micro__ca_global_alpha_control__lambda_100,0.7827230547802215,0.7591559460848549,4.758359511037944e-05
noise_gsm8k_mistral7b,math,gsm8k,1319,658,0.4988627748294162,micro__ca_global_alpha_control__lambda_3,0.783003554529611,0.7599489451521206,0.02573480373830687
noise_gsm8k_mistral7b,math,gsm8k,1319,658,0.4988627748294162,micro__ca_global_alpha_control__lambda_30,0.7827368498498637,0.7592693346545791,0.0004971135053893723
noise_gsm8k_mistral7b,math,gsm8k,1319,658,0.4988627748294162,micro__ca_permuted_alpha_control__lambda_0,0.783711701437906,0.759413683767168,0.26701427425821755
noise_gsm8k_mistral7b,math,gsm8k,1319,658,0.4988627748294162,micro__ca_permuted_alpha_control__lambda_0p1,0.7837254965075481,0.759742067148101,0.23116859897646705
noise_gsm8k_mistral7b,math,gsm8k,1319,658,0.4988627748294162,micro__ca_permuted_alpha_control__lambda_0p3,0.7836519228027903,0.7601129975391718,0.17835042944811175
noise_gsm8k_mistral7b,math,gsm8k,1319,658,0.4988627748294162,micro__ca_permuted_alpha_control__lambda_1,0.7833369353792955,0.7601201295132589,0.0879621575337917
noise_gsm8k_mistral7b,math,gsm8k,1319,658,0.4988627748294162,micro__ca_permuted_alpha_control__lambda_10,0.7827552432760532,0.7593319246610228,0.00378877152023932
noise_gsm8k_mistral7b,math,gsm8k,1319,658,0.4988627748294162,micro__ca_permuted_alpha_control__lambda_100,0.782741448206411,0.7591547446656961,4.758412235822645e-05
noise_gsm8k_mistral7b,math,gsm8k,1319,658,0.4988627748294162,micro__ca_permuted_alpha_control__lambda_3,0.7829529726075902,0.7598916343908095,0.02573317572641188
noise_gsm8k_mistral7b,math,gsm8k,1319,658,0.4988627748294162,micro__ca_permuted_alpha_control__lambda_30,0.7827138580671268,0.7591432863249697,0.00049711484299194
noise_gsm8k_mistral7b,math,gsm8k,1319,658,0.4988627748294162,micro__ca_specrage_alpha_liu__lambda_0,0.783711701437906,0.759413683767168,0.26701427425821755
noise_gsm8k_mistral7b,math,gsm8k,1319,658,0.4988627748294162,micro__ca_specrage_alpha_liu__lambda_0p1,0.7837277956858218,0.7597373556763098,0.2313312959508915
noise_gsm8k_mistral7b,math,gsm8k,1319,658,0.4988627748294162,micro__ca_specrage_alpha_liu__lambda_0p3,0.7836588203376114,0.7601353059672923,0.1786826028659403
noise_gsm8k_mistral7b,math,gsm8k,1319,658,0.4988627748294162,micro__ca_specrage_alpha_liu__lambda_1,0.7833438329141165,0.7601242262954357,0.08834692214691786
noise_gsm8k_mistral7b,math,gsm8k,1319,658,0.4988627748294162,micro__ca_specrage_alpha_liu__lambda_10,0.7827575424543268,0.7593337923989354,0.0038231997439096836
noise_gsm8k_mistral7b,math,gsm8k,1319,658,0.4988627748294162,micro__ca_specrage_alpha_liu__lambda_100,0.7827345506715898,0.7591443338830621,4.8068749160509874e-05
noise_gsm8k_mistral7b,math,gsm8k,1319,658,0.4988627748294162,micro__ca_specrage_alpha_liu__lambda_3,0.7829529726075902,0.7598916343908095,0.025915961566417265
noise_gsm8k_mistral7b,math,gsm8k,1319,658,0.4988627748294162,micro__ca_specrage_alpha_liu__lambda_30,0.7827253539584952,0.7591573534863811,0.0005020239955803017
noise_gsm8k_mistral7b,math,gsm8k,1319,658,0.4988627748294162,micro__ca_specrage_y_liu__lambda_0,0.783711701437906,0.759413683767168,0.26701427425821755
noise_gsm8k_mistral7b,math,gsm8k,1319,658,0.4988627748294162,micro__ca_specrage_y_liu__lambda_0p1,0.7837162997944535,0.7594773070557768,0.22674106326147292
noise_gsm8k_mistral7b,math,gsm8k,1319,658,0.4988627748294162,micro__ca_specrage_y_liu__lambda_0p3,0.7835714515632114,0.7594113782371086,0.16940871260219378
noise_gsm8k_mistral7b,math,gsm8k,1319,658,0.4988627748294162,micro__ca_specrage_y_liu__lambda_1,0.7836243326635061,0.7591473554242774,0.07793144007602802
noise_gsm8k_mistral7b,math,gsm8k,1319,658,0.4988627748294162,micro__ca_specrage_y_liu__lambda_10,0.7834380992233375,0.7587765066364625,0.00295554495044073
noise_gsm8k_mistral7b,math,gsm8k,1319,658,0.4988627748294162,micro__ca_specrage_y_liu__lambda_100,0.7834518942929798,0.7587396491492351,3.6068249497314594e-05
noise_gsm8k_mistral7b,math,gsm8k,1319,658,0.4988627748294162,micro__ca_specrage_y_liu__lambda_3,0.7835208696411904,0.758994124701093,0.021163292633710036
noise_gsm8k_mistral7b,math,gsm8k,1319,658,0.4988627748294162,micro__ca_specrage_y_liu__lambda_30,0.7834472959364324,0.7587701357364022,0.00037985604147601975
noise_gsm8k_mistral7b,math,gsm8k,1319,658,0.4988627748294162,micro__ca_uniform_alpha_control__lambda_0,0.783711701437906,0.759413683767168,0.26701427425821755
noise_gsm8k_mistral7b,math,gsm8k,1319,658,0.4988627748294162,micro__ca_uniform_alpha_control__lambda_0p1,0.7837048039030851,0.7597701848345066,0.23040020899460156
noise_gsm8k_mistral7b,math,gsm8k,1319,658,0.4988627748294162,micro__ca_uniform_alpha_control__lambda_0p3,0.7836749145855271,0.7600709208732552,0.17683336180642942
noise_gsm8k_mistral7b,math,gsm8k,1319,658,0.4988627748294162,micro__ca_uniform_alpha_control__lambda_1,0.7832564641397165,0.7600795874722471,0.08629386358240088
noise_gsm8k_mistral7b,math,gsm8k,1319,658,0.4988627748294162,micro__ca_uniform_alpha_control__lambda_10,0.7826747720364742,0.7591407528009577,0.003648271344608782
noise_gsm8k_mistral7b,math,gsm8k,1319,658,0.4988627748294162,micro__ca_uniform_alpha_control__lambda_100,0.7825965999751688,0.7590258688571194,4.562705625857216e-05
noise_gsm8k_mistral7b,math,gsm8k,1319,658,0.4988627748294162,micro__ca_uniform_alpha_control__lambda_3,0.7827920301284321,0.7594892331820109,0.024970803933444547
noise_gsm8k_mistral7b,math,gsm8k,1319,658,0.4988627748294162,micro__ca_uniform_alpha_control__lambda_30,0.7826218909361794,0.7591246171639208,0.00047723329058330165
noise_gsm8k_mistral7b,math,gsm8k,1319,658,0.4988627748294162,micro__uniform_y_liu__lambda_0,0.783711701437906,0.759413683767168,0.26701427425821755
noise_gsm8k_mistral7b,math,gsm8k,1319,658,0.4988627748294162,micro__uniform_y_liu__lambda_0p1,0.7837438899337377,0.7596808877611495,0.2268370153183149
noise_gsm8k_mistral7b,math,gsm8k,1319,658,0.4988627748294162,micro__uniform_y_liu__lambda_0p3,0.7836841112986219,0.7597530594108994,0.1696189516630615
noise_gsm8k_mistral7b,math,gsm8k,1319,658,0.4988627748294162,micro__uniform_y_liu__lambda_1,0.7836427260896954,0.7601230960527012,0.07818991435541406
noise_gsm8k_mistral7b,math,gsm8k,1319,658,0.4988627748294162,micro__uniform_y_liu__lambda_10,0.7835507589587482,0.7600945496095957,0.0029779398774333462
noise_gsm8k_mistral7b,math,gsm8k,1319,658,0.4988627748294162,micro__uniform_y_liu__lambda_100,0.7834312016885164,0.7600687600090915,3.637735903946333e-05
noise_gsm8k_mistral7b,math,gsm8k,1319,658,0.4988627748294162,micro__uniform_y_liu__lambda_3,0.7835599556718429,0.7600670305099352,0.021285399569261027
noise_gsm8k_mistral7b,math,gsm8k,1319,658,0.4988627748294162,micro__uniform_y_liu__lambda_30,0.7834656893626217,0.7600677970945672,0.00038300551105918104
noise_gsm8k_mistral7b,math,gsm8k,1319,658,0.4988627748294162,raw_uniform_liu__lambda_0,0.783711701437906,0.759413683767168,0.26701427425821755
noise_gsm8k_mistral7b,math,gsm8k,1319,658,0.4988627748294162,raw_uniform_liu__lambda_0p1,0.783573750741485,0.7593627358149322,0.23138692828949703
noise_gsm8k_mistral7b,math,gsm8k,1319,658,0.4988627748294162,raw_uniform_liu__lambda_0p3,0.7835001770367271,0.7589733308765474,0.17882165341438877
noise_gsm8k_mistral7b,math,gsm8k,1319,658,0.4988627748294162,raw_uniform_liu__lambda_1,0.7833967140144114,0.7581729009928282,0.0885438768292478
noise_gsm8k_mistral7b,math,gsm8k,1319,658,0.4988627748294162,raw_uniform_liu__lambda_10,0.782785132593611,0.7566566177847492,0.0038434364021002272
noise_gsm8k_mistral7b,math,gsm8k,1319,658,0.4988627748294162,raw_uniform_liu__lambda_100,0.7827966284849794,0.7565370877268439,4.83585403542519e-05
noise_gsm8k_mistral7b,math,gsm8k,1319,658,0.4988627748294162,raw_uniform_liu__lambda_3,0.7830104520644322,0.7571205207789546,0.026019065856687434
noise_gsm8k_mistral7b,math,gsm8k,1319,658,0.4988627748294162,raw_uniform_liu__lambda_30,0.7827828334153373,0.7565477360337461,0.000504946256318294
noise_gsm8k_phi3mini,math,gsm8k,1319,936,0.709628506444276,atomic__adapted_specrage_y_liu__lambda_0,0.6754479926803686,0.8211503628863206,0.1678537742860034
noise_gsm8k_phi3mini,math,gsm8k,1319,936,0.709628506444276,atomic__adapted_specrage_y_liu__lambda_0p1,0.67836022405213,0.8237449996730473,0.13947007226573854
noise_gsm8k_phi3mini,math,gsm8k,1319,936,0.709628506444276,atomic__adapted_specrage_y_liu__lambda_0p3,0.6811050858048247,0.8260051886068576,0.10597708442530461
noise_gsm8k_phi3mini,math,gsm8k,1319,936,0.709628506444276,atomic__adapted_specrage_y_liu__lambda_1,0.681135770234987,0.8251674875962479,0.05856144609787895
noise_gsm8k_phi3mini,math,gsm8k,1319,936,0.709628506444276,atomic__adapted_specrage_y_liu__lambda_10,0.6739109816786057,0.8185369127884107,0.00430643138759328
noise_gsm8k_phi3mini,math,gsm8k,1319,936,0.709628506444276,atomic__adapted_specrage_y_liu__lambda_100,0.6721396532101493,0.8169368946877633,6.441270313026433e-05
noise_gsm8k_phi3mini,math,gsm8k,1319,936,0.709628506444276,atomic__adapted_specrage_y_liu__lambda_3,0.6771997946932673,0.8212170488243116,0.022388522533818837
noise_gsm8k_phi3mini,math,gsm8k,1319,936,0.709628506444276,atomic__adapted_specrage_y_liu__lambda_30,0.6725915511816296,0.8172197177969636,0.0006392638123776692
noise_gsm8k_phi3mini,math,gsm8k,1319,936,0.709628506444276,atomic__ca_global_alpha_control__lambda_0,0.6754479926803686,0.8211503628863206,0.1678537742860034
noise_gsm8k_phi3mini,math,gsm8k,1319,936,0.709628506444276,atomic__ca_global_alpha_control__lambda_0p1,0.6756962576153176,0.8213726044799654,0.1392265243284896
noise_gsm8k_phi3mini,math,gsm8k,1319,936,0.709628506444276,atomic__ca_global_alpha_control__lambda_0p3,0.6759612595121733,0.8217249916493979,0.1002760945717843
noise_gsm8k_phi3mini,math,gsm8k,1319,936,0.709628506444276,atomic__ca_global_alpha_control__lambda_1,0.6766195800138359,0.8225074359942894,0.04290294883029037
noise_gsm8k_phi3mini,math,gsm8k,1319,936,0.709628506444276,atomic__ca_global_alpha_control__lambda_10,0.6776070607663297,0.8230447507940999,0.0014496786102154422
noise_gsm8k_phi3mini,math,gsm8k,1319,936,0.709628506444276,atomic__ca_global_alpha_control__lambda_100,0.6777353774742808,0.8231809987472227,1.727680617647121e-05
noise_gsm8k_phi3mini,math,gsm8k,1319,936,0.709628506444276,atomic__ca_global_alpha_control__lambda_3,0.6773197429202652,0.823013458407506,0.010866018491306952
noise_gsm8k_phi3mini,math,gsm8k,1319,936,0.709628506444276,atomic__ca_global_alpha_control__lambda_30,0.6776907455758632,0.8231320263746402,0.00018315211959029926
noise_gsm8k_phi3mini,math,gsm8k,1319,936,0.709628506444276,atomic__ca_permuted_alpha_control__lambda_0,0.6754479926803686,0.8211503628863206,0.1678537742860034
noise_gsm8k_phi3mini,math,gsm8k,1319,936,0.709628506444276,atomic__ca_permuted_alpha_control__lambda_0p1,0.6756934681216665,0.8213746848475278,0.1392173779204186
noise_gsm8k_phi3mini,math,gsm8k,1319,936,0.709628506444276,atomic__ca_permuted_alpha_control__lambda_0p3,0.6759668384994755,0.821729606765423,0.10026000887866265
noise_gsm8k_phi3mini,math,gsm8k,1319,936,0.709628506444276,atomic__ca_permuted_alpha_control__lambda_1,0.6766363169757427,0.8225306751469899,0.04288914600957104
noise_gsm8k_phi3mini,math,gsm8k,1319,936,0.709628506444276,atomic__ca_permuted_alpha_control__lambda_10,0.6776349557028409,0.8230341138464962,0.0014489301155513738
noise_gsm8k_phi3mini,math,gsm8k,1319,936,0.709628506444276,atomic__ca_permuted_alpha_control__lambda_100,0.6777772198790476,0.8232229841185488,1.726733965846152e-05
noise_gsm8k_phi3mini,math,gsm8k,1319,936,0.709628506444276,atomic__ca_permuted_alpha_control__lambda_3,0.6773560063377295,0.8230442183554054,0.010861154136870523
noise_gsm8k_phi3mini,math,gsm8k,1319,936,0.709628506444276,atomic__ca_permuted_alpha_control__lambda_30,0.6777242194996764,0.8231702000028419,0.00018305332190759693
noise_gsm8k_phi3mini,math,gsm8k,1319,936,0.709628506444276,atomic__ca_specrage_alpha_liu__lambda_0,0.6754479926803686,0.8211503628863206,0.1678537742860034
noise_gsm8k_phi3mini,math,gsm8k,1319,936,0.709628506444276,atomic__ca_specrage_alpha_liu__lambda_0p1,0.6757046260962711,0.8213371007319308,0.139298025596024
noise_gsm8k_phi3mini,math,gsm8k,1319,936,0.709628506444276,atomic__ca_specrage_alpha_liu__lambda_0p3,0.6761397871058447,0.8219751249470499,0.10043087192906346
noise_gsm8k_phi3mini,math,gsm8k,1319,936,0.709628506444276,atomic__ca_specrage_alpha_liu__lambda_1,0.6770380040615028,0.8228209542894541,0.04308788382182669
noise_gsm8k_phi3mini,math,gsm8k,1319,936,0.709628506444276,atomic__ca_specrage_alpha_liu__lambda_10,0.6782625917743411,0.823589160361678,0.001464714141344581
noise_gsm8k_phi3mini,math,gsm8k,1319,936,0.709628506444276,atomic__ca_specrage_alpha_liu__lambda_100,0.6785164356965923,0.8239050015598381,1.748108986452133e-05
noise_gsm8k_phi3mini,math,gsm8k,1319,936,0.709628506444276,atomic__ca_specrage_alpha_liu__lambda_3,0.6777297984869787,0.8231756672894828,0.01095031708165449
noise_gsm8k_phi3mini,math,gsm8k,1319,936,0.709628506444276,atomic__ca_specrage_alpha_liu__lambda_30,0.6784718037981745,0.8238621304148674,0.00018524283390437693
noise_gsm8k_phi3mini,math,gsm8k,1319,936,0.709628506444276,atomic__ca_specrage_y_liu__lambda_0,0.6754479926803686,0.8211503628863206,0.1678537742860034
noise_gsm8k_phi3mini,math,gsm8k,1319,936,0.709628506444276,atomic__ca_specrage_y_liu__lambda_0p1,0.6764047890027002,0.8223098176455033,0.1376282573285775
noise_gsm8k_phi3mini,math,gsm8k,1319,936,0.709628506444276,atomic__ca_specrage_y_liu__lambda_0p3,0.6781900649394123,0.8234535715234454,0.09808387149768202
noise_gsm8k_phi3mini,math,gsm8k,1319,936,0.709628506444276,atomic__ca_specrage_y_liu__lambda_1,0.680293343152351,0.8252442756808609,0.04210471536445645
noise_gsm8k_phi3mini,math,gsm8k,1319,936,0.709628506444276,atomic__ca_specrage_y_liu__lambda_10,0.6821539354176429,0.8265442951276116,0.0015131336565896792
noise_gsm8k_phi3mini,math,gsm8k,1319,936,0.709628506444276,atomic__ca_specrage_y_liu__lambda_100,0.6818694070652295,0.8260163337040194,1.8397670239300173e-05
noise_gsm8k_phi3mini,math,gsm8k,1319,936,0.709628506444276,atomic__ca_specrage_y_liu__lambda_3,0.6817606168128362,0.8264532546517731,0.010986018934284778
noise_gsm8k_phi3mini,math,gsm8k,1319,936,0.709628506444276,atomic__ca_specrage_y_liu__lambda_30,0.6820172502287385,0.8261038529777786,0.00019391049293505637
noise_gsm8k_phi3mini,math,gsm8k,1319,936,0.709628506444276,atomic__ca_uniform_alpha_control__lambda_0,0.6754479926803686,0.8211503628863206,0.1678537742860034
noise_gsm8k_phi3mini,math,gsm8k,1319,936,0.709628506444276,atomic__ca_uniform_alpha_control__lambda_0p1,0.6755735198946687,0.821249794614429,0.1393471069206752
noise_gsm8k_phi3mini,math,gsm8k,1319,936,0.709628506444276,atomic__ca_uniform_alpha_control__lambda_0p3,0.675682310147062,0.8213232425535619,0.10047200829029038
noise_gsm8k_phi3mini,math,gsm8k,1319,936,0.709628506444276,atomic__ca_uniform_alpha_control__lambda_1,0.6759919439423355,0.8217258795846083,0.04304184175888646
noise_gsm8k_phi3mini,math,gsm8k,1319,936,0.709628506444276,atomic__ca_uniform_alpha_control__lambda_10,0.6764494209011181,0.8223360159512876,0.0014543864378170248
noise_gsm8k_phi3mini,math,gsm8k,1319,936,0.709628506444276,atomic__ca_uniform_alpha_control__lambda_100,0.6765916850773248,0.8225269048797198,1.732837384650283e-05
noise_gsm8k_phi3mini,math,gsm8k,1319,936,0.709628506444276,atomic__ca_uniform_alpha_control__lambda_3,0.6762123139407734,0.8221931337279278,0.010904187976402245
noise_gsm8k_phi3mini,math,gsm8k,1319,936,0.709628506444276,atomic__ca_uniform_alpha_control__lambda_30,0.6765554216598603,0.8224078201269327,0.00018371362431822253
noise_gsm8k_phi3mini,math,gsm8k,1319,936,0.709628506444276,atomic__uniform_y_liu__lambda_0,0.6754479926803686,0.8211503628863206,0.1678537742860034
noise_gsm8k_phi3mini,math,gsm8k,1319,936,0.709628506444276,atomic__uniform_y_liu__lambda_0p1,0.6782932762045033,0.8236093844225403,0.14085344092870922
noise_gsm8k_phi3mini,math,gsm8k,1319,936,0.709628506444276,atomic__uniform_y_liu__lambda_0p3,0.6809990850460824,0.8259463589810697,0.10849995746766444
noise_gsm8k_phi3mini,math,gsm8k,1319,936,0.709628506444276,atomic__uniform_y_liu__lambda_1,0.6812501394746826,0.825371630495227,0.06105875429062606
noise_gsm8k_phi3mini,math,gsm8k,1319,936,0.709628506444276,atomic__uniform_y_liu__lambda_10,0.6752192542009775,0.8194355092725389,0.004509964497907947
noise_gsm8k_phi3mini,math,gsm8k,1319,936,0.709628506444276,atomic__uniform_y_liu__lambda_100,0.6739305081341636,0.8185232928651611,6.725238783906387e-05
noise_gsm8k_phi3mini,math,gsm8k,1319,936,0.709628506444276,atomic__uniform_y_liu__lambda_3,0.6780422217759032,0.821982571874236,0.023489261614420182
noise_gsm8k_phi3mini,math,gsm8k,1319,936,0.709628506444276,atomic__uniform_y_liu__lambda_30,0.6742457209167392,0.8186491344002225,0.0006681179124338522
noise_gsm8k_phi3mini,math,gsm8k,1319,936,0.709628506444276,deployed_upcr,0.682750887058981,0.8297520378444423,0.21568940159593947
noise_gsm8k_phi3mini,math,gsm8k,1319,936,0.709628506444276,dufs_liu__lambda_0,0.6754479926803686,0.8211503628863206,0.1678537742860034
noise_gsm8k_phi3mini,math,gsm8k,1319,936,0.709628506444276,dufs_liu__lambda_0p1,0.6782123808886211,0.8235616076585337,0.14235768746417918
noise_gsm8k_phi3mini,math,gsm8k,1319,936,0.709628506444276,dufs_liu__lambda_0p3,0.680837294414318,0.8257398142641711,0.11100698278958951
noise_gsm8k_phi3mini,math,gsm8k,1319,936,0.709628506444276,dufs_liu__lambda_1,0.6816155631429783,0.8256924549870673,0.06302464526092463
noise_gsm8k_phi3mini,math,gsm8k,1319,936,0.709628506444276,dufs_liu__lambda_10,0.6772639530472429,0.821252693313777,0.004532343142743411
noise_gsm8k_phi3mini,math,gsm8k,1319,936,0.709628506444276,dufs_liu__lambda_100,0.6759975229296378,0.8201317445701405,6.668316581110225e-05
noise_gsm8k_phi3mini,math,gsm8k,1319,936,0.709628506444276,dufs_liu__lambda_3,0.6793421258173216,0.8230292473236999,0.024013889984378266
noise_gsm8k_phi3mini,math,gsm8k,1319,936,0.709628506444276,dufs_liu__lambda_30,0.6765107897614424,0.8206106815555032,0.000665190886482346
noise_gsm8k_phi3mini,math,gsm8k,1319,936,0.709628506444276,iu_pcr,0.6754479926803686,0.8211503628863206,0.1678537742860034
noise_gsm8k_phi3mini,math,gsm8k,1319,936,0.709628506444276,manual__adapted_specrage_y_liu__lambda_0,0.6754479926803686,0.8211503628863206,0.1678537742860034
noise_gsm8k_phi3mini,math,gsm8k,1319,936,0.709628506444276,manual__adapted_specrage_y_liu__lambda_0p1,0.6770658989980138,0.8228357803256907,0.1386554763850666
noise_gsm8k_phi3mini,math,gsm8k,1319,936,0.709628506444276,manual__adapted_specrage_y_liu__lambda_0p3,0.6791691772109527,0.8244502848255084,0.10081603554727933
noise_gsm8k_phi3mini,math,gsm8k,1319,936,0.709628506444276,manual__adapted_specrage_y_liu__lambda_1,0.6817131954207672,0.8264194452688768,0.04614581795801754
noise_gsm8k_phi3mini,math,gsm8k,1319,936,0.709628506444276,manual__adapted_specrage_y_liu__lambda_10,0.6811274017540336,0.8251505051744615,0.0019321377090401118
noise_gsm8k_phi3mini,math,gsm8k,1319,936,0.709628506444276,manual__adapted_specrage_y_liu__lambda_100,0.6807759255539935,0.824470568309748,2.4397243783005573e-05
noise_gsm8k_phi3mini,math,gsm8k,1319,936,0.709628506444276,manual__adapted_specrage_y_liu__lambda_3,0.681782932762045,0.8258774479695348,0.01311999326672436
noise_gsm8k_phi3mini,math,gsm8k,1319,936,0.709628506444276,manual__adapted_specrage_y_liu__lambda_30,0.6807759255539934,0.8247543610780674,0.00025441144126127493
noise_gsm8k_phi3mini,math,gsm8k,1319,936,0.709628506444276,manual__ca_global_alpha_control__lambda_0,0.6754479926803686,0.8211503628863206,0.1678537742860034
noise_gsm8k_phi3mini,math,gsm8k,1319,936,0.709628506444276,manual__ca_global_alpha_control__lambda_0p1,0.6762318403963312,0.8221911149655547,0.13925275759363187
noise_gsm8k_phi3mini,math,gsm8k,1319,936,0.709628506444276,manual__ca_global_alpha_control__lambda_0p3,0.6775791658298186,0.8230210724784726,0.10074658075946694
noise_gsm8k_phi3mini,math,gsm8k,1319,936,0.709628506444276,manual__ca_global_alpha_control__lambda_1,0.6793588627792283,0.8246436512221536,0.04406182201403197
noise_gsm8k_phi3mini,math,gsm8k,1319,936,0.709628506444276,manual__ca_global_alpha_control__lambda_10,0.6813254558032626,0.8260609626333619,0.0015866155590114458
noise_gsm8k_phi3mini,math,gsm8k,1319,936,0.709628506444276,manual__ca_global_alpha_control__lambda_100,0.681707616433465,0.8263879147947251,1.9224880463728538e-05
noise_gsm8k_phi3mini,math,gsm8k,1319,936,0.709628506444276,manual__ca_global_alpha_control__lambda_3,0.6807619780857379,0.825640269332724,0.011554616241180595
noise_gsm8k_phi3mini,math,gsm8k,1319,936,0.709628506444276,manual__ca_global_alpha_control__lambda_30,0.6815876682064671,0.8262951452735944,0.0002028477231953368
noise_gsm8k_phi3mini,math,gsm8k,1319,936,0.709628506444276,manual__ca_permuted_alpha_control__lambda_0,0.6754479926803686,0.8211503628863206,0.1678537742860034
noise_gsm8k_phi3mini,math,gsm8k,1319,936,0.709628506444276,manual__ca_permuted_alpha_control__lambda_0p1,0.6762346298899824,0.8221927586866138,0.1392922559501203
noise_gsm8k_phi3mini,math,gsm8k,1319,936,0.709628506444276,manual__ca_permuted_alpha_control__lambda_0p3,0.6775819553234697,0.8230227985202478,0.10082121630854572
noise_gsm8k_phi3mini,math,gsm8k,1319,936,0.709628506444276,manual__ca_permuted_alpha_control__lambda_1,0.6793560732855772,0.824634180773293,0.044135487258426
noise_gsm8k_phi3mini,math,gsm8k,1319,936,0.709628506444276,manual__ca_permuted_alpha_control__lambda_10,0.6813087188413559,0.826045650612484,0.0015916290909479061
noise_gsm8k_phi3mini,math,gsm8k,1319,936,0.709628506444276,manual__ca_permuted_alpha_control__lambda_100,0.6817104059271162,0.8263893440233386,1.9291413309970916e-05
noise_gsm8k_phi3mini,math,gsm8k,1319,936,0.709628506444276,manual__ca_permuted_alpha_control__lambda_3,0.68076755707304,0.8256991431820917,0.011584359239484617
noise_gsm8k_phi3mini,math,gsm8k,1319,936,0.709628506444276,manual__ca_permuted_alpha_control__lambda_30,0.681582089219165,0.8262881576399712,0.00020353285524677482
noise_gsm8k_phi3mini,math,gsm8k,1319,936,0.709628506444276,manual__ca_specrage_alpha_liu__lambda_0,0.6754479926803686,0.8211503628863206,0.1678537742860034
noise_gsm8k_phi3mini,math,gsm8k,1319,936,0.709628506444276,manual__ca_specrage_alpha_liu__lambda_0p1,0.6762151034344246,0.8221982269616992,0.1393082106890468
noise_gsm8k_phi3mini,math,gsm8k,1319,936,0.709628506444276,manual__ca_specrage_alpha_liu__lambda_0p3,0.6776907455758631,0.8231179347604296,0.10092969141663316
noise_gsm8k_phi3mini,math,gsm8k,1319,936,0.709628506444276,manual__ca_specrage_alpha_liu__lambda_1,0.6797270759411751,0.8249045571849265,0.04437212703733153
noise_gsm8k_phi3mini,math,gsm8k,1319,936,0.709628506444276,manual__ca_specrage_alpha_liu__lambda_10,0.6816908794715584,0.8263812593607998,0.0016192207188541567
noise_gsm8k_phi3mini,math,gsm8k,1319,936,0.709628506444276,manual__ca_specrage_alpha_liu__lambda_100,0.6818694070652296,0.8265041207643511,1.9685704824348613e-05
noise_gsm8k_phi3mini,math,gsm8k,1319,936,0.709628506444276,manual__ca_specrage_alpha_liu__lambda_3,0.6810409274508491,0.8259624522367162,0.011722641271049614
noise_gsm8k_phi3mini,math,gsm8k,1319,936,0.709628506444276,manual__ca_specrage_alpha_liu__lambda_30,0.6817634063064872,0.8263919531046479,0.00020751363918327043
noise_gsm8k_phi3mini,math,gsm8k,1319,936,0.709628506444276,manual__ca_specrage_y_liu__lambda_0,0.6754479926803686,0.8211503628863206,0.1678537742860034
noise_gsm8k_phi3mini,math,gsm8k,1319,936,0.709628506444276,manual__ca_specrage_y_liu__lambda_0p1,0.6768287920376694,0.8227204434292683,0.1375392010385514
noise_gsm8k_phi3mini,math,gsm8k,1319,936,0.709628506444276,manual__ca_specrage_y_liu__lambda_0p3,0.6788874383521903,0.8243699885945405,0.09844627123480762
noise_gsm8k_phi3mini,math,gsm8k,1319,936,0.709628506444276,manual__ca_specrage_y_liu__lambda_1,0.681308718841356,0.8261141150030605,0.043342061810399395
noise_gsm8k_phi3mini,math,gsm8k,1319,936,0.709628506444276,manual__ca_specrage_y_liu__lambda_10,0.6813115083350071,0.825425086088481,0.0016836771150797502
noise_gsm8k_phi3mini,math,gsm8k,1319,936,0.709628506444276,manual__ca_specrage_y_liu__lambda_100,0.6809321371984558,0.8249537759687988,2.0904273660087343e-05
noise_gsm8k_phi3mini,math,gsm8k,1319,936,0.709628506444276,manual__ca_specrage_y_liu__lambda_3,0.6819698288366697,0.8260596087394191,0.011794681158244386
noise_gsm8k_phi3mini,math,gsm8k,1319,936,0.709628506444276,manual__ca_specrage_y_liu__lambda_30,0.6811190332730802,0.8251584560993453,0.00021902004444736712
noise_gsm8k_phi3mini,math,gsm8k,1319,936,0.709628506444276,manual__ca_uniform_alpha_control__lambda_0,0.6754479926803686,0.8211503628863206,0.1678537742860034
noise_gsm8k_phi3mini,math,gsm8k,1319,936,0.709628506444276,manual__ca_uniform_alpha_control__lambda_0p1,0.6757213630581778,0.8215167293592007,0.13932987162615149
noise_gsm8k_phi3mini,math,gsm8k,1319,936,0.709628506444276,manual__ca_uniform_alpha_control__lambda_0p3,0.67622905090268,0.8221882287042286,0.10050493842710974
noise_gsm8k_phi3mini,math,gsm8k,1319,936,0.709628506444276,manual__ca_uniform_alpha_control__lambda_1,0.6772834795028007,0.8229784490609298,0.043183819515521506
noise_gsm8k_phi3mini,math,gsm8k,1319,936,0.709628506444276,manual__ca_uniform_alpha_control__lambda_10,0.6785554886077079,0.823969266325106,0.0014730314613655702
noise_gsm8k_phi3mini,math,gsm8k,1319,936,0.709628506444276,manual__ca_uniform_alpha_control__lambda_100,0.6788121220236103,0.8242271854107039,1.7595095672901266e-05
noise_gsm8k_phi3mini,math,gsm8k,1319,936,0.709628506444276,manual__ca_uniform_alpha_control__lambda_3,0.67800874785209,0.823363134051101,0.010996013962938029
noise_gsm8k_phi3mini,math,gsm8k,1319,936,0.709628506444276,manual__ca_uniform_alpha_control__lambda_30,0.678681015822008,0.8241868234269325,0.00018640687442575247
noise_gsm8k_phi3mini,math,gsm8k,1319,936,0.709628506444276,manual__uniform_y_liu__lambda_0,0.6754479926803686,0.8211503628863206,0.1678537742860034
noise_gsm8k_phi3mini,math,gsm8k,1319,936,0.709628506444276,manual__uniform_y_liu__lambda_0p1,0.6759612595121735,0.8217060458183412,0.13692107616409666
noise_gsm8k_phi3mini,math,gsm8k,1319,936,0.709628506444276,manual__uniform_y_liu__lambda_0p3,0.6769766352011782,0.8227733707481801,0.09632256913873646
noise_gsm8k_phi3mini,math,gsm8k,1319,936,0.709628506444276,manual__uniform_y_liu__lambda_1,0.6786865948093102,0.8241873256547975,0.039683087308262546
noise_gsm8k_phi3mini,math,gsm8k,1319,936,0.709628506444276,manual__uniform_y_liu__lambda_10,0.6805667135301601,0.8255103427133186,0.0012909938248088185
noise_gsm8k_phi3mini,math,gsm8k,1319,936,0.709628506444276,manual__uniform_y_liu__lambda_100,0.6809739796032225,0.8258546992967966,1.531470895630774e-05
noise_gsm8k_phi3mini,math,gsm8k,1319,936,0.709628506444276,manual__uniform_y_liu__lambda_3,0.6798330766999174,0.8249964707153998,0.00979229968631385
noise_gsm8k_phi3mini,math,gsm8k,1319,936,0.709628506444276,manual__uniform_y_liu__lambda_30,0.6809181897302001,0.8257588868044394,0.00016254321703934648
noise_gsm8k_phi3mini,math,gsm8k,1319,936,0.709628506444276,micro__adapted_specrage_y_liu__lambda_0,0.6754479926803686,0.8211503628863206,0.1678537742860034
noise_gsm8k_phi3mini,math,gsm8k,1319,936,0.709628506444276,micro__adapted_specrage_y_liu__lambda_0p1,0.6758189953359666,0.821609137276585,0.1417749311741996
noise_gsm8k_phi3mini,math,gsm8k,1319,936,0.709628506444276,micro__adapted_specrage_y_liu__lambda_0p3,0.6762318403963312,0.8222395624698673,0.10511532531616775
noise_gsm8k_phi3mini,math,gsm8k,1319,936,0.709628506444276,micro__adapted_specrage_y_liu__lambda_1,0.6774787440583785,0.8229927027384415,0.04772111998722848
noise_gsm8k_phi3mini,math,gsm8k,1319,936,0.709628506444276,micro__adapted_specrage_y_liu__lambda_10,0.6786196469616834,0.8240857702329014,0.001779244369520488
noise_gsm8k_phi3mini,math,gsm8k,1319,936,0.709628506444276,micro__adapted_specrage_y_liu__lambda_100,0.6788930173394927,0.8243592592088473,2.1646947789247953e-05
noise_gsm8k_phi3mini,math,gsm8k,1319,936,0.709628506444276,micro__adapted_specrage_y_liu__lambda_3,0.6782737497489456,0.8236085842178815,0.012820532265703503
noise_gsm8k_phi3mini,math,gsm8k,1319,936,0.709628506444276,micro__adapted_specrage_y_liu__lambda_30,0.678879069871237,0.8243281276043419,0.00022816707791043755
noise_gsm8k_phi3mini,math,gsm8k,1319,936,0.709628506444276,micro__ca_global_alpha_control__lambda_0,0.6754479926803686,0.8211503628863206,0.1678537742860034
noise_gsm8k_phi3mini,math,gsm8k,1319,936,0.709628506444276,micro__ca_global_alpha_control__lambda_0p1,0.6749765682533306,0.8208500148616227,0.14070833936506613
noise_gsm8k_phi3mini,math,gsm8k,1319,936,0.709628506444276,micro__ca_global_alpha_control__lambda_0p3,0.6743210372453192,0.8203894360634224,0.10306170515288497
noise_gsm8k_phi3mini,math,gsm8k,1319,936,0.709628506444276,micro__ca_global_alpha_control__lambda_1,0.6731159759880387,0.8192662228872815,0.04562667808256787
noise_gsm8k_phi3mini,math,gsm8k,1319,936,0.709628506444276,micro__ca_global_alpha_control__lambda_10,0.6714673852402312,0.8178251313084396,0.0016311598637319985
noise_gsm8k_phi3mini,math,gsm8k,1319,936,0.709628506444276,micro__ca_global_alpha_control__lambda_100,0.6710991720782843,0.8175882762760325,1.9670768315288418e-05
noise_gsm8k_phi3mini,math,gsm8k,1319,936,0.709628506444276,micro__ca_global_alpha_control__lambda_3,0.6720699158688717,0.8183151585851498,0.01195330859491156
noise_gsm8k_phi3mini,math,gsm8k,1319,936,0.709628506444276,micro__ca_global_alpha_control__lambda_30,0.6711438039767021,0.8176325050180551,0.00020784697483885789
noise_gsm8k_phi3mini,math,gsm8k,1319,936,0.709628506444276,micro__ca_permuted_alpha_control__lambda_0,0.6754479926803686,0.8211503628863206,0.1678537742860034
noise_gsm8k_phi3mini,math,gsm8k,1319,936,0.709628506444276,micro__ca_permuted_alpha_control__lambda_0p1,0.6749681997723773,0.8208462856511245,0.14071881149743717
noise_gsm8k_phi3mini,math,gsm8k,1319,936,0.709628506444276,micro__ca_permuted_alpha_control__lambda_0p3,0.6743070897770637,0.8203776421626134,0.10308238861657462
noise_gsm8k_phi3mini,math,gsm8k,1319,936,0.709628506444276,micro__ca_permuted_alpha_control__lambda_1,0.673124344468992,0.8192810683884685,0.04564872309376739
noise_gsm8k_phi3mini,math,gsm8k,1319,936,0.709628506444276,micro__ca_permuted_alpha_control__lambda_10,0.6714283323291156,0.8178161041962263,0.0016328073102873616
noise_gsm8k_phi3mini,math,gsm8k,1319,936,0.709628506444276,micro__ca_permuted_alpha_control__lambda_100,0.671040592711611,0.8175401052612837,1.969296150710136e-05
noise_gsm8k_phi3mini,math,gsm8k,1319,936,0.709628506444276,micro__ca_permuted_alpha_control__lambda_3,0.6720727053625226,0.8182923350013216,0.011962765796620456
noise_gsm8k_phi3mini,math,gsm8k,1319,936,0.709628506444276,micro__ca_permuted_alpha_control__lambda_30,0.6711131195465398,0.8176142238433196,0.0002080745954093883
noise_gsm8k_phi3mini,math,gsm8k,1319,936,0.709628506444276,micro__ca_specrage_alpha_liu__lambda_0,0.6754479926803686,0.8211503628863206,0.1678537742860034
noise_gsm8k_phi3mini,math,gsm8k,1319,936,0.709628506444276,micro__ca_specrage_alpha_liu__lambda_0p1,0.6749598312914241,0.8208538215030244,0.14075091640549825
noise_gsm8k_phi3mini,math,gsm8k,1319,936,0.709628506444276,micro__ca_specrage_alpha_liu__lambda_0p3,0.6742959318024593,0.8203366328463206,0.10314456754371
noise_gsm8k_phi3mini,math,gsm8k,1319,936,0.709628506444276,micro__ca_specrage_alpha_liu__lambda_1,0.6730908705451787,0.819273042479786,0.04571288614633975
noise_gsm8k_phi3mini,math,gsm8k,1319,936,0.709628506444276,micro__ca_specrage_alpha_liu__lambda_10,0.6713920689116512,0.8178081443890932,0.0016374186786477583
noise_gsm8k_phi3mini,math,gsm8k,1319,936,0.709628506444276,micro__ca_specrage_alpha_liu__lambda_100,0.6709987503068443,0.8174738708242062,1.975467272562944e-05
noise_gsm8k_phi3mini,math,gsm8k,1319,936,0.709628506444276,micro__ca_specrage_alpha_liu__lambda_3,0.6720141259958492,0.8182395819229106,0.011989610189738226
noise_gsm8k_phi3mini,math,gsm8k,1319,936,0.709628506444276,micro__ca_specrage_alpha_liu__lambda_30,0.6710991720782843,0.8175891190482777,0.0002087086626713182
noise_gsm8k_phi3mini,math,gsm8k,1319,936,0.709628506444276,micro__ca_specrage_y_liu__lambda_0,0.6754479926803686,0.8211503628863206,0.1678537742860034
noise_gsm8k_phi3mini,math,gsm8k,1319,936,0.709628506444276,micro__ca_specrage_y_liu__lambda_0p1,0.6755316774899021,0.8212269120101336,0.1367444041075264
noise_gsm8k_phi3mini,math,gsm8k,1319,936,0.709628506444276,micro__ca_specrage_y_liu__lambda_0p3,0.67570183660262,0.8213806659846221,0.09579116467918558
noise_gsm8k_phi3mini,math,gsm8k,1319,936,0.709628506444276,micro__ca_specrage_y_liu__lambda_1,0.6758915221708955,0.8216589327611483,0.038839634073757394
noise_gsm8k_phi3mini,math,gsm8k,1319,936,0.709628506444276,micro__ca_specrage_y_liu__lambda_10,0.676301577737609,0.8222464265950143,0.0012087352516307814
noise_gsm8k_phi3mini,math,gsm8k,1319,936,0.709628506444276,micro__ca_specrage_y_liu__lambda_100,0.6764940527995358,0.8223742692929887,1.4171549681611687e-05
noise_gsm8k_phi3mini,math,gsm8k,1319,936,0.709628506444276,micro__ca_specrage_y_liu__lambda_3,0.6762039454598201,0.8221523854855946,0.009355290946494814
noise_gsm8k_phi3mini,math,gsm8k,1319,936,0.709628506444276,micro__ca_specrage_y_liu__lambda_30,0.6764605788757225,0.8223489986868823,0.00015091337445593747
noise_gsm8k_phi3mini,math,gsm8k,1319,936,0.709628506444276,micro__ca_uniform_alpha_control__lambda_0,0.6754479926803686,0.8211503628863206,0.1678537742860034
noise_gsm8k_phi3mini,math,gsm8k,1319,936,0.709628506444276,micro__ca_uniform_alpha_control__lambda_0p1,0.6750546740755619,0.820899707809756,0.14039208995405322
noise_gsm8k_phi3mini,math,gsm8k,1319,936,0.709628506444276,micro__ca_uniform_alpha_control__lambda_0p3,0.6744967753453394,0.8205527699728878,0.10244767618649339
noise_gsm8k_phi3mini,math,gsm8k,1319,936,0.709628506444276,micro__ca_uniform_alpha_control__lambda_1,0.6734618732007767,0.8196325945080516,0.04499095805891743
noise_gsm8k_phi3mini,math,gsm8k,1319,936,0.709628506444276,micro__ca_uniform_alpha_control__lambda_10,0.6720727053625226,0.8182923350013216,0.0015853986914365107
noise_gsm8k_phi3mini,math,gsm8k,1319,936,0.709628506444276,micro__ca_uniform_alpha_control__lambda_100,0.6718021244783647,0.8181240305233699,1.9058462271969472e-05
noise_gsm8k_phi3mini,math,gsm8k,1319,936,0.709628506444276,micro__ca_uniform_alpha_control__lambda_3,0.6726891834594185,0.8188337613728351,0.011686956031194814
noise_gsm8k_phi3mini,math,gsm8k,1319,936,0.709628506444276,micro__ca_uniform_alpha_control__lambda_30,0.6718439668831313,0.8181266365026356,0.000201555340643042
noise_gsm8k_phi3mini,math,gsm8k,1319,936,0.709628506444276,micro__uniform_y_liu__lambda_0,0.6754479926803686,0.8211503628863206,0.1678537742860034
noise_gsm8k_phi3mini,math,gsm8k,1319,936,0.709628506444276,micro__uniform_y_liu__lambda_0p1,0.6755735198946687,0.821254876811719,0.1380618841573113
noise_gsm8k_phi3mini,math,gsm8k,1319,936,0.709628506444276,micro__uniform_y_liu__lambda_0p3,0.675704626096271,0.8213367665359583,0.09813696777628872
noise_gsm8k_phi3mini,math,gsm8k,1319,936,0.709628506444276,micro__uniform_y_liu__lambda_1,0.6760616812836133,0.8217904854239133,0.04090528103071927
noise_gsm8k_phi3mini,math,gsm8k,1319,936,0.709628506444276,micro__uniform_y_liu__lambda_10,0.6765916850773248,0.8225305207023537,0.0013259841186816395
noise_gsm8k_phi3mini,math,gsm8k,1319,936,0.709628506444276,micro__uniform_y_liu__lambda_100,0.676745107228136,0.8225389534365524,1.5669506748691625e-05
noise_gsm8k_phi3mini,math,gsm8k,1319,936,0.709628506444276,micro__uniform_y_liu__lambda_3,0.6762402088772845,0.8222454145772669,0.010103104455816789
noise_gsm8k_phi3mini,math,gsm8k,1319,936,0.709628506444276,micro__uniform_y_liu__lambda_30,0.6766753698868581,0.8225486781923204,0.00016650271300956945
noise_gsm8k_phi3mini,math,gsm8k,1319,936,0.709628506444276,raw_uniform_liu__lambda_0,0.6754479926803686,0.8211503628863206,0.1678537742860034
noise_gsm8k_phi3mini,math,gsm8k,1319,936,0.709628506444276,raw_uniform_liu__lambda_0p1,0.6762206824217267,0.8222317042809639,0.14074280350118526
noise_gsm8k_phi3mini,math,gsm8k,1319,936,0.709628506444276,raw_uniform_liu__lambda_0p3,0.6776935350695142,0.8231332947395085,0.1036265569497408
noise_gsm8k_phi3mini,math,gsm8k,1319,936,0.709628506444276,raw_uniform_liu__lambda_1,0.6796043382205261,0.8248513497091525,0.04702361182838547
noise_gsm8k_phi3mini,math,gsm8k,1319,936,0.709628506444276,raw_uniform_liu__lambda_10,0.6815151413715382,0.8262281826463904,0.0018011961748732263
noise_gsm8k_phi3mini,math,gsm8k,1319,936,0.709628506444276,raw_uniform_liu__lambda_100,0.6817550378255339,0.826501685043382,2.210948583258976e-05
noise_gsm8k_phi3mini,math,gsm8k,1319,936,0.709628506444276,raw_uniform_liu__lambda_3,0.6809042422619446,0.8257543227116062,0.012796550511387915
noise_gsm8k_phi3mini,math,gsm8k,1319,936,0.709628506444276,raw_uniform_liu__lambda_30,0.6816629845350473,0.8263975428243819,0.00023244606423626705
math500_dsmath7b,math,math500,300,57,0.19,atomic__adapted_specrage_y_liu__lambda_0,0.787307775611869,0.45984998144513095,0.24351946904488178
math500_dsmath7b,math,math500,300,57,0.19,atomic__adapted_specrage_y_liu__lambda_0p1,0.7869467908454263,0.45934661504032787,0.20524855675063833
math500_dsmath7b,math,math500,300,57,0.19,atomic__adapted_specrage_y_liu__lambda_0p3,0.7863692152191177,0.4586487759195252,0.15152774774308153
math500_dsmath7b,math,math500,300,57,0.19,atomic__adapted_specrage_y_liu__lambda_1,0.7861526243592519,0.4590192654140526,0.06801462523549538
math500_dsmath7b,math,math500,300,57,0.19,atomic__adapted_specrage_y_liu__lambda_10,0.7860082304526749,0.4583949162084041,0.0024748010959839946
math500_dsmath7b,math,math500,300,57,0.19,atomic__adapted_specrage_y_liu__lambda_100,0.7860082304526749,0.4581752949493216,2.9935862878064743e-05
math500_dsmath7b,math,math500,300,57,0.19,atomic__adapted_specrage_y_liu__lambda_3,0.7857916395928091,0.45837326008753954,0.018019723903958465
math500_dsmath7b,math,math500,300,57,0.19,atomic__adapted_specrage_y_liu__lambda_30,0.7860082304526748,0.45835117324154334,0.0003160486998077397
math500_dsmath7b,math,math500,300,57,0.19,atomic__ca_global_alpha_control__lambda_0,0.787307775611869,0.45984998144513095,0.24351946904488178
math500_dsmath7b,math,math500,300,57,0.19,atomic__ca_global_alpha_control__lambda_0p1,0.7891126994440835,0.4688768046593268,0.20568581649004264
math500_dsmath7b,math,math500,300,57,0.19,atomic__ca_global_alpha_control__lambda_0p3,0.7904122446032777,0.4773733031529837,0.15494464372499933
math500_dsmath7b,math,math500,300,57,0.19,atomic__ca_global_alpha_control__lambda_1,0.788679517724352,0.46970415644798075,0.07594391172948181
math500_dsmath7b,math,math500,300,57,0.19,atomic__ca_global_alpha_control__lambda_10,0.7840589127138834,0.4557349138294017,0.003514203711272752
math500_dsmath7b,math,math500,300,57,0.19,atomic__ca_global_alpha_control__lambda_100,0.7831203523211321,0.4538988107067544,4.525285133723189e-05
math500_dsmath7b,math,math500,300,57,0.19,atomic__ca_global_alpha_control__lambda_3,0.7860082304526749,0.4670060097039897,0.022963121245492903
math500_dsmath7b,math,math500,300,57,0.19,atomic__ca_global_alpha_control__lambda_30,0.7831203523211321,0.45394792051994715,0.0004693376930624656
math500_dsmath7b,math,math500,300,57,0.19,atomic__ca_permuted_alpha_control__lambda_0,0.787307775611869,0.45984998144513095,0.24351946904488178
math500_dsmath7b,math,math500,300,57,0.19,atomic__ca_permuted_alpha_control__lambda_0p1,0.7891126994440835,0.46891280617963293,0.20571867511038222
math500_dsmath7b,math,math500,300,57,0.19,atomic__ca_permuted_alpha_control__lambda_0p3,0.7904844415565663,0.47741562804109944,0.1550556202927729
math500_dsmath7b,math,math500,300,57,0.19,atomic__ca_permuted_alpha_control__lambda_1,0.788679517724352,0.46972953666054545,0.07614608945204299
math500_dsmath7b,math,math500,300,57,0.19,atomic__ca_permuted_alpha_control__lambda_10,0.7837701249007292,0.45558095234592133,0.0035410564698470978
math500_dsmath7b,math,math500,300,57,0.19,atomic__ca_permuted_alpha_control__lambda_100,0.7827593675546892,0.45157293962048917,4.565828824509006e-05
math500_dsmath7b,math,math500,300,57,0.19,atomic__ca_permuted_alpha_control__lambda_3,0.7857916395928091,0.46586033558839857,0.02308707580045441
math500_dsmath7b,math,math500,300,57,0.19,atomic__ca_permuted_alpha_control__lambda_30,0.7829759584145548,0.45365918540464656,0.0004733658129355667
math500_dsmath7b,math,math500,300,57,0.19,atomic__ca_specrage_alpha_liu__lambda_0,0.787307775611869,0.45984998144513095,0.24351946904488178
math500_dsmath7b,math,math500,300,57,0.19,atomic__ca_specrage_alpha_liu__lambda_0p1,0.7896180781171034,0.4699792131124154,0.20649038699956257
math500_dsmath7b,math,math500,300,57,0.19,atomic__ca_specrage_alpha_liu__lambda_0p3,0.7903400476499891,0.4790257398557452,0.15731051397148918
math500_dsmath7b,math,math500,300,57,0.19,atomic__ca_specrage_alpha_liu__lambda_1,0.7878131542848892,0.4693506295176134,0.07994044965114402
math500_dsmath7b,math,math500,300,57,0.19,atomic__ca_specrage_alpha_liu__lambda_10,0.7823983827882462,0.4505458126300248,0.004044262932023281
math500_dsmath7b,math,math500,300,57,0.19,atomic__ca_specrage_alpha_liu__lambda_100,0.7821095949750919,0.45284516787104573,5.332456244342682e-05
math500_dsmath7b,math,math500,300,57,0.19,atomic__ca_specrage_alpha_liu__lambda_3,0.7847086852934807,0.45626448885509086,0.025388345286474264
math500_dsmath7b,math,math500,300,57,0.19,atomic__ca_specrage_alpha_liu__lambda_30,0.7823983827882462,0.4529181722894585,0.0005493216717367317
math500_dsmath7b,math,math500,300,57,0.19,atomic__ca_specrage_y_liu__lambda_0,0.787307775611869,0.45984998144513095,0.24351946904488178
math500_dsmath7b,math,math500,300,57,0.19,atomic__ca_specrage_y_liu__lambda_0p1,0.7882463360046206,0.45923550076010367,0.19933333523824678
math500_dsmath7b,math,math500,300,57,0.19,atomic__ca_specrage_y_liu__lambda_0p3,0.7891848963973719,0.469051837235934,0.14105949051358263
math500_dsmath7b,math,math500,300,57,0.19,atomic__ca_specrage_y_liu__lambda_1,0.7898346689769692,0.47696652568487785,0.05889341521464119
math500_dsmath7b,math,math500,300,57,0.19,atomic__ca_specrage_y_liu__lambda_10,0.789690275070392,0.47607008123133965,0.0019650345329650654
math500_dsmath7b,math,math500,300,57,0.19,atomic__ca_specrage_y_liu__lambda_100,0.7889683055375063,0.46996607429615783,2.344505344924476e-05
math500_dsmath7b,math,math500,300,57,0.19,atomic__ca_specrage_y_liu__lambda_3,0.7897624720236807,0.47996684477569135,0.014748224821931668
math500_dsmath7b,math,math500,300,57,0.19,atomic__ca_specrage_y_liu__lambda_30,0.7896180781171035,0.47622360707539874,0.0002484342965132009
math500_dsmath7b,math,math500,300,57,0.19,atomic__ca_uniform_alpha_control__lambda_0,0.787307775611869,0.45984998144513095,0.24351946904488178
math500_dsmath7b,math,math500,300,57,0.19,atomic__ca_uniform_alpha_control__lambda_0p1,0.7873077756118692,0.4590310986332536,0.20376279638610845
math500_dsmath7b,math,math500,300,57,0.19,atomic__ca_uniform_alpha_control__lambda_0p3,0.7879575481914664,0.4587672337286584,0.14877613704076392
math500_dsmath7b,math,math500,300,57,0.19,atomic__ca_uniform_alpha_control__lambda_1,0.7893292903039492,0.46162523156948615,0.06539067711856975
math500_dsmath7b,math,math500,300,57,0.19,atomic__ca_uniform_alpha_control__lambda_10,0.7894014872572378,0.4698879438718936,0.002305094527446999
math500_dsmath7b,math,math500,300,57,0.19,atomic__ca_uniform_alpha_control__lambda_100,0.7893292903039492,0.47125375502551703,2.7708014204227753e-05
math500_dsmath7b,math,math500,300,57,0.19,atomic__ca_uniform_alpha_control__lambda_3,0.7896180781171034,0.4699792131124154,0.0169922733381759
math500_dsmath7b,math,math500,300,57,0.19,atomic__ca_uniform_alpha_control__lambda_30,0.7891848963973721,0.47039358981431106,0.00029303747084909887
math500_dsmath7b,math,math500,300,57,0.19,atomic__uniform_y_liu__lambda_0,0.787307775611869,0.45984998144513095,0.24351946904488178
math500_dsmath7b,math,math500,300,57,0.19,atomic__uniform_y_liu__lambda_0p1,0.787307775611869,0.45984998144513095,0.20126856405971075
math500_dsmath7b,math,math500,300,57,0.19,atomic__uniform_y_liu__lambda_0p3,0.787307775611869,0.45984998144513095,0.144117634879579
math500_dsmath7b,math,math500,300,57,0.19,atomic__uniform_y_liu__lambda_1,0.787307775611869,0.45984998144513095,0.0609011776408713
math500_dsmath7b,math,math500,300,57,0.19,atomic__uniform_y_liu__lambda_10,0.7873799725651577,0.45990158103233425,0.0020138388722722037
math500_dsmath7b,math,math500,300,57,0.19,atomic__uniform_y_liu__lambda_100,0.7873799725651577,0.45990158103233425,2.3888670646846287e-05
math500_dsmath7b,math,math500,300,57,0.19,atomic__uniform_y_liu__lambda_3,0.7873799725651577,0.45990158103233425,0.015227959780607469
math500_dsmath7b,math,math500,300,57,0.19,atomic__uniform_y_liu__lambda_30,0.7873799725651577,0.45990158103233425,0.0002535738953079014
math500_dsmath7b,math,math500,300,57,0.19,deployed_upcr,0.7906288354631434,0.4860923880895013,0.2621516805088705
math500_dsmath7b,math,math500,300,57,0.19,dufs_liu__lambda_0,0.787307775611869,0.45984998144513095,0.24351946904488178
math500_dsmath7b,math,math500,300,57,0.19,dufs_liu__lambda_0p1,0.7896180781171034,0.4620739445576697,0.21804224788422094
math500_dsmath7b,math,math500,300,57,0.19,dufs_liu__lambda_0p3,0.7891126994440835,0.4719261234658031,0.17960140018122667
math500_dsmath7b,math,math500,300,57,0.19,dufs_liu__lambda_1,0.7896180781171034,0.4774282696294431,0.10486094164012198
math500_dsmath7b,math,math500,300,57,0.19,dufs_liu__lambda_10,0.7888961085842178,0.4697845564523295,0.00665759906189983
math500_dsmath7b,math,math500,300,57,0.19,dufs_liu__lambda_100,0.7882463360046206,0.46772010251993723,9.277244762118453e-05
math500_dsmath7b,math,math500,300,57,0.19,dufs_liu__lambda_3,0.7898346689769692,0.47666134088569234,0.03798560670792726
math500_dsmath7b,math,math500,300,57,0.19,dufs_liu__lambda_30,0.7885351238177749,0.4696873665307635,0.0009406841046200742
math500_dsmath7b,math,math500,300,57,0.19,iu_pcr,0.787307775611869,0.45984998144513095,0.24351946904488178
math500_dsmath7b,math,math500,300,57,0.19,manual__adapted_specrage_y_liu__lambda_0,0.787307775611869,0.45984998144513095,0.24351946904488178
math500_dsmath7b,math,math500,300,57,0.19,manual__adapted_specrage_y_liu__lambda_0p1,0.7896180781171034,0.46212472555437106,0.2114992364302152
math500_dsmath7b,math,math500,300,57,0.19,manual__adapted_specrage_y_liu__lambda_0p3,0.7890405024907949,0.4721448867323628,0.16568961926829365
math500_dsmath7b,math,math500,300,57,0.19,manual__adapted_specrage_y_liu__lambda_1,0.7899068659302577,0.4763284800425417,0.08661004369164554
math500_dsmath7b,math,math500,300,57,0.19,manual__adapted_specrage_y_liu__lambda_10,0.7879575481914662,0.4704460980267995,0.004347723227177718
math500_dsmath7b,math,math500,300,57,0.19,manual__adapted_specrage_y_liu__lambda_100,0.7875243664717348,0.4702949695585504,5.686107998766171e-05
math500_dsmath7b,math,math500,300,57,0.19,manual__adapted_specrage_y_liu__lambda_3,0.7884629268644863,0.46960207121208,0.027557023153186606
math500_dsmath7b,math,math500,300,57,0.19,manual__adapted_specrage_y_liu__lambda_30,0.7878131542848892,0.4706179669740509,0.0005872031440401301
math500_dsmath7b,math,math500,300,57,0.19,manual__ca_global_alpha_control__lambda_0,0.787307775611869,0.45984998144513095,0.24351946904488178
math500_dsmath7b,math,math500,300,57,0.19,manual__ca_global_alpha_control__lambda_0p1,0.7894736842105263,0.47165992413356467,0.20877177779809689
math500_dsmath7b,math,math500,300,57,0.19,manual__ca_global_alpha_control__lambda_0p3,0.7899068659302577,0.48013179697004477,0.164311124865972
math500_dsmath7b,math,math500,300,57,0.19,manual__ca_global_alpha_control__lambda_1,0.785647245686232,0.4650888498708087,0.0927941618023036
math500_dsmath7b,math,math500,300,57,0.19,manual__ca_global_alpha_control__lambda_10,0.7798714894231463,0.4497396769261071,0.006214014429665646
math500_dsmath7b,math,math500,300,57,0.19,manual__ca_global_alpha_control__lambda_100,0.7774889899646235,0.4438966386642253,8.893225591369573e-05
math500_dsmath7b,math,math500,300,57,0.19,manual__ca_global_alpha_control__lambda_3,0.7821095949750919,0.4524010213048993,0.034224934880606385
math500_dsmath7b,math,math500,300,57,0.19,manual__ca_global_alpha_control__lambda_30,0.7775611869179121,0.446291542588714,0.0008945227790323418
math500_dsmath7b,math,math500,300,57,0.19,manual__ca_permuted_alpha_control__lambda_0,0.787307775611869,0.45984998144513095,0.24351946904488178
math500_dsmath7b,math,math500,300,57,0.19,manual__ca_permuted_alpha_control__lambda_0p1,0.7894014872572378,0.47160744997708676,0.2086132972694922
math500_dsmath7b,math,math500,300,57,0.19,manual__ca_permuted_alpha_control__lambda_0p3,0.7899068659302577,0.48013179697004477,0.1640388522215608
math500_dsmath7b,math,math500,300,57,0.19,manual__ca_permuted_alpha_control__lambda_1,0.7852140639665006,0.464699565323629,0.09256274739558575
math500_dsmath7b,math,math500,300,57,0.19,manual__ca_permuted_alpha_control__lambda_10,0.7794383077034149,0.4490289815100062,0.0062035415344303835
math500_dsmath7b,math,math500,300,57,0.19,manual__ca_permuted_alpha_control__lambda_100,0.7779221716843548,0.4442327102277999,8.882763490444035e-05
math500_dsmath7b,math,math500,300,57,0.19,manual__ca_permuted_alpha_control__lambda_3,0.7820373980218034,0.45191288944447644,0.03414585999122723
math500_dsmath7b,math,math500,300,57,0.19,manual__ca_permuted_alpha_control__lambda_30,0.777561186917912,0.4464082963760538,0.0008933313132219974
math500_dsmath7b,math,math500,300,57,0.19,manual__ca_specrage_alpha_liu__lambda_0,0.787307775611869,0.45984998144513095,0.24351946904488178
math500_dsmath7b,math,math500,300,57,0.19,manual__ca_specrage_alpha_liu__lambda_0p1,0.7894014872572377,0.47152210527600075,0.2105114911963712
math500_dsmath7b,math,math500,300,57,0.19,manual__ca_specrage_alpha_liu__lambda_0p3,0.7896180781171035,0.47763224812145416,0.16749501588246546
math500_dsmath7b,math,math500,300,57,0.19,manual__ca_specrage_alpha_liu__lambda_1,0.7870189877987149,0.4691902936178457,0.09599780582644331
math500_dsmath7b,math,math500,300,57,0.19,manual__ca_specrage_alpha_liu__lambda_10,0.7816764132553605,0.4512958474954961,0.006502285506236662
math500_dsmath7b,math,math500,300,57,0.19,manual__ca_specrage_alpha_liu__lambda_100,0.7806656559093206,0.4490919054969544,9.317676227815301e-05
math500_dsmath7b,math,math500,300,57,0.19,manual__ca_specrage_alpha_liu__lambda_3,0.7826149736481121,0.4509232567431759,0.035694944708775794
math500_dsmath7b,math,math500,300,57,0.19,manual__ca_specrage_alpha_liu__lambda_30,0.7805212620027434,0.44950608284792387,0.0009369073176402136
math500_dsmath7b,math,math500,300,57,0.19,manual__ca_specrage_y_liu__lambda_0,0.787307775611869,0.45984998144513095,0.24351946904488178
math500_dsmath7b,math,math500,300,57,0.19,manual__ca_specrage_y_liu__lambda_0p1,0.7885351238177749,0.4604356370752613,0.20333374326536177
math500_dsmath7b,math,math500,300,57,0.19,manual__ca_specrage_y_liu__lambda_0p3,0.7894014872572378,0.4698879438718936,0.14866535830061983
math500_dsmath7b,math,math500,300,57,0.19,manual__ca_specrage_y_liu__lambda_1,0.7903400476499891,0.4790257398557452,0.06645090555828699
math500_dsmath7b,math,math500,300,57,0.19,manual__ca_specrage_y_liu__lambda_10,0.7891126994440834,0.46998435821129025,0.0024793084285326386
math500_dsmath7b,math,math500,300,57,0.19,manual__ca_specrage_y_liu__lambda_100,0.7883907299111977,0.4677647631190043,3.0261177985705374e-05
math500_dsmath7b,math,math500,300,57,0.19,manual__ca_specrage_y_liu__lambda_3,0.7901956537434119,0.476440263145633,0.017803324072169335
math500_dsmath7b,math,math500,300,57,0.19,manual__ca_specrage_y_liu__lambda_30,0.7882463360046206,0.46772010251993723,0.00031865147346505203
math500_dsmath7b,math,math500,300,57,0.19,manual__ca_uniform_alpha_control__lambda_0,0.787307775611869,0.45984998144513095,0.24351946904488178
math500_dsmath7b,math,math500,300,57,0.19,manual__ca_uniform_alpha_control__lambda_0p1,0.787668760378312,0.45972495657660656,0.21014606658019205
math500_dsmath7b,math,math500,300,57,0.19,manual__ca_uniform_alpha_control__lambda_0p3,0.7883907299111977,0.4601935198247148,0.16132436216450746
math500_dsmath7b,math,math500,300,57,0.19,manual__ca_uniform_alpha_control__lambda_1,0.7894736842105263,0.4698856045184644,0.07879251102683335
math500_dsmath7b,math,math500,300,57,0.19,manual__ca_uniform_alpha_control__lambda_10,0.7894736842105263,0.47598266681174,0.003339657970308909
math500_dsmath7b,math,math500,300,57,0.19,manual__ca_uniform_alpha_control__lambda_100,0.7896180781171034,0.4760030781558413,4.17968068062176e-05
math500_dsmath7b,math,math500,300,57,0.19,manual__ca_uniform_alpha_control__lambda_3,0.7888961085842178,0.47137682748767784,0.022831375802449438
math500_dsmath7b,math,math500,300,57,0.19,manual__ca_uniform_alpha_control__lambda_30,0.7894736842105263,0.47579727862264976,0.0004370830566379207
math500_dsmath7b,math,math500,300,57,0.19,manual__uniform_y_liu__lambda_0,0.787307775611869,0.45984998144513095,0.24351946904488178
math500_dsmath7b,math,math500,300,57,0.19,manual__uniform_y_liu__lambda_0p1,0.7873077756118693,0.45991156577036824,0.20295062307699907
math500_dsmath7b,math,math500,300,57,0.19,manual__uniform_y_liu__lambda_0p3,0.7873799725651577,0.45996287419270393,0.14720669958979332
math500_dsmath7b,math,math500,300,57,0.19,manual__uniform_y_liu__lambda_1,0.7873077756118692,0.4590310986332536,0.06378665368191745
math500_dsmath7b,math,math500,300,57,0.19,manual__uniform_y_liu__lambda_10,0.7874521695184463,0.45958041723548715,0.0021927607308501185
math500_dsmath7b,math,math500,300,57,0.19,manual__uniform_y_liu__lambda_100,0.7875243664717348,0.45963289139196506,2.621455526755551e-05
math500_dsmath7b,math,math500,300,57,0.19,manual__uniform_y_liu__lambda_3,0.7873799725651578,0.4593099417257371,0.01633074026625568
math500_dsmath7b,math,math500,300,57,0.19,manual__uniform_y_liu__lambda_30,0.7875243664717348,0.45963289139196506,0.00027766403198573215
math500_dsmath7b,math,math500,300,57,0.19,micro__adapted_specrage_y_liu__lambda_0,0.787307775611869,0.45984998144513095,0.24351946904488178
math500_dsmath7b,math,math500,300,57,0.19,micro__adapted_specrage_y_liu__lambda_0p1,0.7878853512381777,0.45851660716224235,0.20127310641004847
math500_dsmath7b,math,math500,300,57,0.19,micro__adapted_specrage_y_liu__lambda_0p3,0.7893292903039492,0.46222777925242603,0.14445635518733532
math500_dsmath7b,math,math500,300,57,0.19,micro__adapted_specrage_y_liu__lambda_1,0.7890405024907949,0.4721448867323628,0.061781840559957016
math500_dsmath7b,math,math500,300,57,0.19,micro__adapted_specrage_y_liu__lambda_10,0.7897624720236807,0.47996684477569135,0.002118281664547071
math500_dsmath7b,math,math500,300,57,0.19,micro__adapted_specrage_y_liu__lambda_100,0.7899068659302577,0.4758773150453817,2.5370504264941516e-05
math500_dsmath7b,math,math500,300,57,0.19,micro__adapted_specrage_y_liu__lambda_3,0.7895458811638149,0.478480394454544,0.015754501100092414
math500_dsmath7b,math,math500,300,57,0.19,micro__adapted_specrage_y_liu__lambda_30,0.7898346689769692,0.47612627216173903,0.00026856802876620443
math500_dsmath7b,math,math500,300,57,0.19,micro__ca_global_alpha_control__lambda_0,0.787307775611869,0.45984998144513095,0.24351946904488178
math500_dsmath7b,math,math500,300,57,0.19,micro__ca_global_alpha_control__lambda_0p1,0.7859360334993863,0.4583455802701332,0.2098513947610688
math500_dsmath7b,math,math500,300,57,0.19,micro__ca_global_alpha_control__lambda_0p3,0.784636488340192,0.45363015667335815,0.16105789217942218
math500_dsmath7b,math,math500,300,57,0.19,micro__ca_global_alpha_control__lambda_1,0.7825427766948234,0.45167806859106807,0.0790965587260476
math500_dsmath7b,math,math500,300,57,0.19,micro__ca_global_alpha_control__lambda_10,0.7801602772363007,0.4489455769624477,0.003428489689801788
math500_dsmath7b,math,math500,300,57,0.19,micro__ca_global_alpha_control__lambda_100,0.7786441412172406,0.4471237420713854,4.3186668448365246e-05
math500_dsmath7b,math,math500,300,57,0.19,micro__ca_global_alpha_control__lambda_3,0.7809544437224749,0.44914034135818265,0.023189097779637055
math500_dsmath7b,math,math500,300,57,0.19,micro__ca_global_alpha_control__lambda_30,0.7790773229369721,0.4475594938091179,0.00045078125614037966
math500_dsmath7b,math,math500,300,57,0.19,micro__ca_permuted_alpha_control__lambda_0,0.787307775611869,0.45984998144513095,0.24351946904488178
math500_dsmath7b,math,math500,300,57,0.19,micro__ca_permuted_alpha_control__lambda_0p1,0.7860082304526749,0.4583949162084041,0.2102465353439377
math500_dsmath7b,math,math500,300,57,0.19,micro__ca_permuted_alpha_control__lambda_0p3,0.7844920944336149,0.4530702700598684,0.16188591132002947
math500_dsmath7b,math,math500,300,57,0.19,micro__ca_permuted_alpha_control__lambda_1,0.7822539888816691,0.45090431840727085,0.08009500684747148
math500_dsmath7b,math,math500,300,57,0.19,micro__ca_permuted_alpha_control__lambda_10,0.7798714894231463,0.4483765454165996,0.003522616910548727
math500_dsmath7b,math,math500,300,57,0.19,micro__ca_permuted_alpha_control__lambda_100,0.7786441412172406,0.44718918000579505,4.45256784384627e-05
math500_dsmath7b,math,math500,300,57,0.19,micro__ca_permuted_alpha_control__lambda_3,0.7808100498158977,0.4488779636829577,0.02367888628863642
math500_dsmath7b,math,math500,300,57,0.19,micro__ca_permuted_alpha_control__lambda_30,0.7786441412172406,0.4471237420713854,0.000464305309477064
math500_dsmath7b,math,math500,300,57,0.19,micro__ca_specrage_alpha_liu__lambda_0,0.787307775611869,0.45984998144513095,0.24351946904488178
math500_dsmath7b,math,math500,300,57,0.19,micro__ca_specrage_alpha_liu__lambda_0p1,0.7859360334993862,0.4580853571862536,0.21117777297272652
math500_dsmath7b,math,math500,300,57,0.19,micro__ca_specrage_alpha_liu__lambda_0p3,0.7846364883401921,0.4531543947228687,0.16387416771832572
math500_dsmath7b,math,math500,300,57,0.19,micro__ca_specrage_alpha_liu__lambda_1,0.7818930041152263,0.45009284035155417,0.08257242561435249
math500_dsmath7b,math,math500,300,57,0.19,micro__ca_specrage_alpha_liu__lambda_10,0.7784997473106635,0.4470594141708424,0.0037683911077987142
math500_dsmath7b,math,math500,300,57,0.19,micro__ca_specrage_alpha_liu__lambda_100,0.7776333838712007,0.4447492683816521,4.806103577403529e-05
math500_dsmath7b,math,math500,300,57,0.19,micro__ca_specrage_alpha_liu__lambda_3,0.780449065049455,0.4481707394545532,0.024931680810225558
math500_dsmath7b,math,math500,300,57,0.19,micro__ca_specrage_alpha_liu__lambda_30,0.7779943686376435,0.44509245888379373,0.000499901395356171
math500_dsmath7b,math,math500,300,57,0.19,micro__ca_specrage_y_liu__lambda_0,0.787307775611869,0.45984998144513095,0.24351946904488178
math500_dsmath7b,math,math500,300,57,0.19,micro__ca_specrage_y_liu__lambda_0p1,0.7875243664717348,0.45963289139196506,0.20391644266654324
math500_dsmath7b,math,math500,300,57,0.19,micro__ca_specrage_y_liu__lambda_0p3,0.7883185329579092,0.45989338883054903,0.1491886465703263
math500_dsmath7b,math,math500,300,57,0.19,micro__ca_specrage_y_liu__lambda_1,0.7891126994440835,0.4698634801170636,0.06600218242878889
math500_dsmath7b,math,math500,300,57,0.19,micro__ca_specrage_y_liu__lambda_10,0.7903400476499891,0.47724634177692415,0.0023637522317952204
math500_dsmath7b,math,math500,300,57,0.19,micro__ca_specrage_y_liu__lambda_100,0.790195653743412,0.47719542802078724,2.852393695729206e-05
math500_dsmath7b,math,math500,300,57,0.19,micro__ca_specrage_y_liu__lambda_3,0.7889683055375063,0.47216214887605834,0.01730424199049819
math500_dsmath7b,math,math500,300,57,0.19,micro__ca_specrage_y_liu__lambda_30,0.7904844415565663,0.47741562804109944,0.00030133544008705703
math500_dsmath7b,math,math500,300,57,0.19,micro__ca_uniform_alpha_control__lambda_0,0.787307775611869,0.45984998144513095,0.24351946904488178
math500_dsmath7b,math,math500,300,57,0.19,micro__ca_uniform_alpha_control__lambda_0p1,0.7868745938921378,0.4593323106700703,0.20855005130831658
math500_dsmath7b,math,math500,300,57,0.19,micro__ca_uniform_alpha_control__lambda_0p3,0.7867301999855606,0.45890200904538103,0.15792864469063927
math500_dsmath7b,math,math500,300,57,0.19,micro__ca_uniform_alpha_control__lambda_1,0.7862970182658292,0.4590037232093635,0.07468209752706265
math500_dsmath7b,math,math500,300,57,0.19,micro__ca_uniform_alpha_control__lambda_10,0.7860804274059635,0.4587897122418294,0.00296906781658194
math500_dsmath7b,math,math500,300,57,0.19,micro__ca_uniform_alpha_control__lambda_100,0.7857916395928092,0.4583207821803222,3.6606056036769424e-05
math500_dsmath7b,math,math500,300,57,0.19,micro__ca_uniform_alpha_control__lambda_3,0.7860082304526749,0.4588923423942076,0.020856080848568048
math500_dsmath7b,math,math500,300,57,0.19,micro__ca_uniform_alpha_control__lambda_30,0.7858638365460977,0.4583445854069818,0.0003844197930391497
math500_dsmath7b,math,math500,300,57,0.19,micro__uniform_y_liu__lambda_0,0.787307775611869,0.45984998144513095,0.24351946904488178
math500_dsmath7b,math,math500,300,57,0.19,micro__uniform_y_liu__lambda_0p1,0.7870911847520035,0.45957639885982926,0.20422516486233247
math500_dsmath7b,math,math500,300,57,0.19,micro__uniform_y_liu__lambda_0p3,0.7868745938921378,0.4592739249163617,0.14958700130905112
math500_dsmath7b,math,math500,300,57,0.19,micro__uniform_y_liu__lambda_1,0.7865136091256949,0.45936377485331126,0.0660843655244338
math500_dsmath7b,math,math500,300,57,0.19,micro__uniform_y_liu__lambda_10,0.7860082304526749,0.4588923423942076,0.002342750766773448
math500_dsmath7b,math,math500,300,57,0.19,micro__uniform_y_liu__lambda_100,0.7859360334993863,0.45875285907841185,2.8184721942654834e-05
math500_dsmath7b,math,math500,300,57,0.19,micro__uniform_y_liu__lambda_3,0.7862248213125407,0.45890592065251423,0.017236709391850114
math500_dsmath7b,math,math500,300,57,0.19,micro__uniform_y_liu__lambda_30,0.7860082304526749,0.45884341180054355,0.0002980112247993171
math500_dsmath7b,math,math500,300,57,0.19,raw_uniform_liu__lambda_0,0.787307775611869,0.45984998144513095,0.24351946904488178
math500_dsmath7b,math,math500,300,57,0.19,raw_uniform_liu__lambda_0p1,0.788174139051332,0.4592586603281183,0.20994151640884876
math500_dsmath7b,math,math500,300,57,0.19,raw_uniform_liu__lambda_0p3,0.7893292903039492,0.468044715173079,0.16108898449864612
math500_dsmath7b,math,math500,300,57,0.19,raw_uniform_liu__lambda_1,0.7889683055375063,0.47141004694471245,0.07881950892153129
math500_dsmath7b,math,math500,300,57,0.19,raw_uniform_liu__lambda_10,0.7904122446032776,0.4790025541839533,0.003368085567684535
math500_dsmath7b,math,math500,300,57,0.19,raw_uniform_liu__lambda_100,0.7895458811638149,0.4777959147200155,4.224998588847546e-05
math500_dsmath7b,math,math500,300,57,0.19,raw_uniform_liu__lambda_3,0.7903400476499891,0.4771389775014565,0.02293684733698743
math500_dsmath7b,math,math500,300,57,0.19,raw_uniform_liu__lambda_30,0.7895458811638149,0.478480394454544,0.0004415305706887761
math500_qwenmath7b,math,math500,300,68,0.22666666666666666,atomic__adapted_specrage_y_liu__lambda_0,0.8994675456389453,0.8271974674958583,0.2911326541127301
math500_qwenmath7b,math,math500,300,68,0.22666666666666666,atomic__adapted_specrage_y_liu__lambda_0p1,0.8952205882352942,0.8239316014502622,0.26609853234307435
math500_qwenmath7b,math,math500,300,68,0.22666666666666666,atomic__adapted_specrage_y_liu__lambda_0p3,0.8930020283975659,0.8225441459755778,0.22579895236893732
math500_qwenmath7b,math,math500,300,68,0.22666666666666666,atomic__adapted_specrage_y_liu__lambda_1,0.8912271805273834,0.8186636828275003,0.1392292990760067
math500_qwenmath7b,math,math500,300,68,0.22666666666666666,atomic__adapted_specrage_y_liu__lambda_10,0.8905299188640974,0.8166759144332186,0.009865178256710927
math500_qwenmath7b,math,math500,300,68,0.22666666666666666,atomic__adapted_specrage_y_liu__lambda_100,0.8904031440162272,0.8163210151321741,0.0001419062340668641
math500_qwenmath7b,math,math500,300,68,0.22666666666666666,atomic__adapted_specrage_y_liu__lambda_3,0.8906566937119675,0.8177282627976611,0.05353459164190939
math500_qwenmath7b,math,math500,300,68,0.22666666666666666,atomic__adapted_specrage_y_liu__lambda_30,0.8904665314401622,0.8163334918423152,0.0014255654560969828
math500_qwenmath7b,math,math500,300,68,0.22666666666666666,atomic__ca_global_alpha_control__lambda_0,0.8994675456389453,0.8271974674958583,0.2911326541127301
math500_qwenmath7b,math,math500,300,68,0.22666666666666666,atomic__ca_global_alpha_control__lambda_0p1,0.9026369168356999,0.8294625968222822,0.26437765569526733
math500_qwenmath7b,math,math500,300,68,0.22666666666666666,atomic__ca_global_alpha_control__lambda_0p3,0.9049822515212982,0.8279839829162609,0.22102720743055257
math500_qwenmath7b,math,math500,300,68,0.22666666666666666,atomic__ca_global_alpha_control__lambda_1,0.907581135902637,0.8290601615789323,0.13092401164464496
math500_qwenmath7b,math,math500,300,68,0.22666666666666666,atomic__ca_global_alpha_control__lambda_10,0.9084685598377282,0.8296434693076555,0.008345194487642376
math500_qwenmath7b,math,math500,300,68,0.22666666666666666,atomic__ca_global_alpha_control__lambda_100,0.9085319472616633,0.8296581073228472,0.00011618031630966183
math500_qwenmath7b,math,math500,300,68,0.22666666666666666,atomic__ca_global_alpha_control__lambda_3,0.9080882352941175,0.8292850445525353,0.047627388642764286
math500_qwenmath7b,math,math500,300,68,0.22666666666666666,atomic__ca_global_alpha_control__lambda_30,0.9085319472616633,0.8296581073228472,0.0011784007605873386
math500_qwenmath7b,math,math500,300,68,0.22666666666666666,atomic__ca_permuted_alpha_control__lambda_0,0.8994675456389453,0.8271974674958583,0.2911326541127301
math500_qwenmath7b,math,math500,300,68,0.22666666666666666,atomic__ca_permuted_alpha_control__lambda_0p1,0.9016861054766735,0.829076628513181,0.2644126791087242
math500_qwenmath7b,math,math500,300,68,0.22666666666666666,atomic__ca_permuted_alpha_control__lambda_0p3,0.9036511156186613,0.8293209654671703,0.22102554011631753
math500_qwenmath7b,math,math500,300,68,0.22666666666666666,atomic__ca_permuted_alpha_control__lambda_1,0.9049822515212982,0.8279839829162609,0.13083285692937402
math500_qwenmath7b,math,math500,300,68,0.22666666666666666,atomic__ca_permuted_alpha_control__lambda_10,0.9060598377281947,0.8284892774426792,0.008323251421325189
math500_qwenmath7b,math,math500,300,68,0.22666666666666666,atomic__ca_permuted_alpha_control__lambda_100,0.9060598377281945,0.8284921031214825,0.00011580717454836763
math500_qwenmath7b,math,math500,300,68,0.22666666666666666,atomic__ca_permuted_alpha_control__lambda_3,0.9058062880324543,0.8284252428968888,0.04754571354030854
math500_qwenmath7b,math,math500,300,68,0.22666666666666666,atomic__ca_permuted_alpha_control__lambda_30,0.9060598377281945,0.8284921031214825,0.0011748166543968663
math500_qwenmath7b,math,math500,300,68,0.22666666666666666,atomic__ca_specrage_alpha_liu__lambda_0,0.8994675456389453,0.8271974674958583,0.2911326541127301
math500_qwenmath7b,math,math500,300,68,0.22666666666666666,atomic__ca_specrage_alpha_liu__lambda_0p1,0.9008620689655172,0.828499293280739,0.2626607145047437
math500_qwenmath7b,math,math500,300,68,0.22666666666666666,atomic__ca_specrage_alpha_liu__lambda_0p3,0.9018128803245437,0.8291034052860462,0.2169850008737063
math500_qwenmath7b,math,math500,300,68,0.22666666666666666,atomic__ca_specrage_alpha_liu__lambda_1,0.9031440162271807,0.8295802811660625,0.12476974536609774
math500_qwenmath7b,math,math500,300,68,0.22666666666666666,atomic__ca_specrage_alpha_liu__lambda_10,0.9036511156186613,0.8293209654671703,0.007395614914195834
math500_qwenmath7b,math,math500,300,68,0.22666666666666666,atomic__ca_specrage_alpha_liu__lambda_100,0.9038412778904666,0.829364991039684,0.00010080527627836372
math500_qwenmath7b,math,math500,300,68,0.22666666666666666,atomic__ca_specrage_alpha_liu__lambda_3,0.9035243407707911,0.8292898813784936,0.04365757198225893
math500_qwenmath7b,math,math500,300,68,0.22666666666666666,atomic__ca_specrage_alpha_liu__lambda_30,0.9038412778904666,0.829364991039684,0.0010287713944857582
math500_qwenmath7b,math,math500,300,68,0.22666666666666666,atomic__ca_specrage_y_liu__lambda_0,0.8994675456389453,0.8271974674958583,0.2911326541127301
math500_qwenmath7b,math,math500,300,68,0.22666666666666666,atomic__ca_specrage_y_liu__lambda_0p1,0.8921779918864097,0.8191890630398725,0.24236474751607498
math500_qwenmath7b,math,math500,300,68,0.22666666666666666,atomic__ca_specrage_y_liu__lambda_0p3,0.8889452332657201,0.8012763356041825,0.18148348946307274
math500_qwenmath7b,math,math500,300,68,0.22666666666666666,atomic__ca_specrage_y_liu__lambda_1,0.891037018255578,0.7421913108241648,0.093709864971522
math500_qwenmath7b,math,math500,300,68,0.22666666666666666,atomic__ca_specrage_y_liu__lambda_10,0.8823529411764706,0.6744545193659258,0.005768934426718044
math500_qwenmath7b,math,math500,300,68,0.22666666666666666,atomic__ca_specrage_y_liu__lambda_100,0.8814021298174443,0.6660637130172247,8.192644760728895e-05
math500_qwenmath7b,math,math500,300,68,0.22666666666666666,atomic__ca_specrage_y_liu__lambda_3,0.8841911764705883,0.6912821319628668,0.032545733097956886
math500_qwenmath7b,math,math500,300,68,0.22666666666666666,atomic__ca_specrage_y_liu__lambda_30,0.8816556795131846,0.667195240608033,0.0008255569357889574
math500_qwenmath7b,math,math500,300,68,0.22666666666666666,atomic__ca_uniform_alpha_control__lambda_0,0.8994675456389453,0.8271974674958583,0.2911326541127301
math500_qwenmath7b,math,math500,300,68,0.22666666666666666,atomic__ca_uniform_alpha_control__lambda_0p1,0.9002281947261663,0.8277659024474591,0.24714816663031655
math500_qwenmath7b,math,math500,300,68,0.22666666666666666,atomic__ca_uniform_alpha_control__lambda_0p3,0.9010522312373226,0.8286823628505979,0.18455079432205163
math500_qwenmath7b,math,math500,300,68,0.22666666666666666,atomic__ca_uniform_alpha_control__lambda_1,0.9019396551724139,0.8291322308201408,0.08477282947585778
math500_qwenmath7b,math,math500,300,68,0.22666666666666666,atomic__ca_uniform_alpha_control__lambda_10,0.9033341784989859,0.8290004181321795,0.0032051125673660604
math500_qwenmath7b,math,math500,300,68,0.22666666666666666,atomic__ca_uniform_alpha_control__lambda_100,0.9034609533468562,0.829273863560578,3.9085512706803936e-05
math500_qwenmath7b,math,math500,300,68,0.22666666666666666,atomic__ca_uniform_alpha_control__lambda_3,0.9030172413793103,0.8295514533355188,0.022980533034208807
math500_qwenmath7b,math,math500,300,68,0.22666666666666666,atomic__ca_uniform_alpha_control__lambda_30,0.9034609533468562,0.829273863560578,0.0004117165569330241
math500_qwenmath7b,math,math500,300,68,0.22666666666666666,atomic__uniform_y_liu__lambda_0,0.8994675456389453,0.8271974674958583,0.2911326541127301
math500_qwenmath7b,math,math500,300,68,0.22666666666666666,atomic__uniform_y_liu__lambda_0p1,0.8959812373225153,0.8247375164499897,0.2650205048621106
math500_qwenmath7b,math,math500,300,68,0.22666666666666666,atomic__uniform_y_liu__lambda_0p3,0.8941430020283976,0.8223667322689392,0.22290742983815173
math500_qwenmath7b,math,math500,300,68,0.22666666666666666,atomic__uniform_y_liu__lambda_1,0.8924315415821501,0.8200053609563955,0.134242235991061
math500_qwenmath7b,math,math500,300,68,0.22666666666666666,atomic__uniform_y_liu__lambda_10,0.8917342799188641,0.8200715836891994,0.008932255940107083
math500_qwenmath7b,math,math500,300,68,0.22666666666666666,atomic__uniform_y_liu__lambda_100,0.8916075050709938,0.8198556201576139,0.0001259815841978351
math500_qwenmath7b,math,math500,300,68,0.22666666666666666,atomic__uniform_y_liu__lambda_3,0.8922413793103449,0.8206097159541869,0.04995334632069721
math500_qwenmath7b,math,math500,300,68,0.22666666666666666,atomic__uniform_y_liu__lambda_30,0.8916075050709938,0.8198556201576139,0.0012729526743419466
math500_qwenmath7b,math,math500,300,68,0.22666666666666666,deployed_upcr,0.9104969574036512,0.8452113840836445,0.33710497037709247
math500_qwenmath7b,math,math500,300,68,0.22666666666666666,dufs_liu__lambda_0,0.8994675456389453,0.8271974674958583,0.2911326541127301
math500_qwenmath7b,math,math500,300,68,0.22666666666666666,dufs_liu__lambda_0p1,0.8962981744421907,0.8248021448104352,0.2593846676277286
math500_qwenmath7b,math,math500,300,68,0.22666666666666666,dufs_liu__lambda_0p3,0.8945233265720082,0.8227072705739823,0.21013603511292342
math500_qwenmath7b,math,math500,300,68,0.22666666666666666,dufs_liu__lambda_1,0.8928118661257607,0.8214376844549148,0.11560785814442155
math500_qwenmath7b,math,math500,300,68,0.22666666666666666,dufs_liu__lambda_10,0.8919878296146044,0.8205597582911145,0.006202417935179324
math500_qwenmath7b,math,math500,300,68,0.22666666666666666,dufs_liu__lambda_100,0.8917342799188641,0.8200715836891994,8.22571917484814e-05
math500_qwenmath7b,math,math500,300,68,0.22666666666666666,dufs_liu__lambda_3,0.8922413793103448,0.8208230499679771,0.03830601481883731
math500_qwenmath7b,math,math500,300,68,0.22666666666666666,dufs_liu__lambda_30,0.8917342799188641,0.8200715836891994,0.0008461420313790707
math500_qwenmath7b,math,math500,300,68,0.22666666666666666,iu_pcr,0.8994675456389453,0.8271974674958583,0.2911326541127301
math500_qwenmath7b,math,math500,300,68,0.22666666666666666,manual__adapted_specrage_y_liu__lambda_0,0.8994675456389453,0.8271974674958583,0.2911326541127301
math500_qwenmath7b,math,math500,300,68,0.22666666666666666,manual__adapted_specrage_y_liu__lambda_0p1,0.8940796146044625,0.8217564090882836,0.26474511487596847
math500_qwenmath7b,math,math500,300,68,0.22666666666666666,manual__adapted_specrage_y_liu__lambda_0p3,0.8912271805273834,0.8186636828275003,0.2235612906619023
math500_qwenmath7b,math,math500,300,68,0.22666666666666666,manual__adapted_specrage_y_liu__lambda_1,0.8892621703853956,0.8130248145938709,0.13671819224435344
math500_qwenmath7b,math,math500,300,68,0.22666666666666666,manual__adapted_specrage_y_liu__lambda_10,0.8890086206896552,0.8108048173053358,0.009501992618106086
math500_qwenmath7b,math,math500,300,68,0.22666666666666666,manual__adapted_specrage_y_liu__lambda_100,0.8890086206896551,0.8104876395493739,0.00013585994084130393
math500_qwenmath7b,math,math500,300,68,0.22666666666666666,manual__adapted_specrage_y_liu__lambda_3,0.8890720081135902,0.8118214633563328,0.052039728119622944
math500_qwenmath7b,math,math500,300,68,0.22666666666666666,manual__adapted_specrage_y_liu__lambda_30,0.8890720081135902,0.8108188531158818,0.0013672575105840468
math500_qwenmath7b,math,math500,300,68,0.22666666666666666,manual__ca_global_alpha_control__lambda_0,0.8994675456389453,0.8271974674958583,0.2911326541127301
math500_qwenmath7b,math,math500,300,68,0.22666666666666666,manual__ca_global_alpha_control__lambda_0p1,0.8961080121703855,0.8247643054445606,0.26260226728008085
math500_qwenmath7b,math,math500,300,68,0.22666666666666666,manual__ca_global_alpha_control__lambda_0p3,0.8940796146044625,0.8217564090882836,0.21736324061937148
math500_qwenmath7b,math,math500,300,68,0.22666666666666666,manual__ca_global_alpha_control__lambda_1,0.8924315415821501,0.8200053609563955,0.12586707434701622
math500_qwenmath7b,math,math500,300,68,0.22666666666666666,manual__ca_global_alpha_control__lambda_10,0.8916075050709938,0.8198556201576139,0.007597717127503284
math500_qwenmath7b,math,math500,300,68,0.22666666666666666,manual__ca_global_alpha_control__lambda_100,0.8914807302231238,0.8196152358300238,0.00010410589141286389
math500_qwenmath7b,math,math500,300,68,0.22666666666666666,manual__ca_global_alpha_control__lambda_3,0.8922413793103449,0.8206097159541869,0.044473002911129336
math500_qwenmath7b,math,math500,300,68,0.22666666666666666,manual__ca_global_alpha_control__lambda_30,0.8915441176470589,0.819627129055935,0.0010608345342616868
math500_qwenmath7b,math,math500,300,68,0.22666666666666666,manual__ca_permuted_alpha_control__lambda_0,0.8994675456389453,0.8271974674958583,0.2911326541127301
math500_qwenmath7b,math,math500,300,68,0.22666666666666666,manual__ca_permuted_alpha_control__lambda_0p1,0.8957276876267747,0.8242691424085177,0.26358141938890006
math500_qwenmath7b,math,math500,300,68,0.22666666666666666,manual__ca_permuted_alpha_control__lambda_0p3,0.893572515212982,0.8217959324278705,0.2197524957849037
math500_qwenmath7b,math,math500,300,68,0.22666666666666666,manual__ca_permuted_alpha_control__lambda_1,0.8922413793103449,0.8206097159541869,0.1295900430461374
math500_qwenmath7b,math,math500,300,68,0.22666666666666666,manual__ca_permuted_alpha_control__lambda_10,0.8908468559837728,0.8195215961114043,0.008181238771815529
math500_qwenmath7b,math,math500,300,68,0.22666666666666666,manual__ca_permuted_alpha_control__lambda_100,0.890910243407708,0.8188627097810971,0.00011357944356983396
math500_qwenmath7b,math,math500,300,68,0.22666666666666666,manual__ca_permuted_alpha_control__lambda_3,0.8912271805273834,0.8186636828275003,0.046899429795620784
math500_qwenmath7b,math,math500,300,68,0.22666666666666666,manual__ca_permuted_alpha_control__lambda_30,0.8907200811359026,0.8184277379441186,0.00115296183757298
math500_qwenmath7b,math,math500,300,68,0.22666666666666666,manual__ca_specrage_alpha_liu__lambda_0,0.8994675456389453,0.8271974674958583,0.2911326541127301
math500_qwenmath7b,math,math500,300,68,0.22666666666666666,manual__ca_specrage_alpha_liu__lambda_0p1,0.8961713995943206,0.8247778539015849,0.26315464193555366
math500_qwenmath7b,math,math500,300,68,0.22666666666666666,manual__ca_specrage_alpha_liu__lambda_0p3,0.894396551724138,0.822682962607675,0.21856256782493838
math500_qwenmath7b,math,math500,300,68,0.22666666666666666,manual__ca_specrage_alpha_liu__lambda_1,0.892938640973631,0.8222304650651399,0.1275773262435557
math500_qwenmath7b,math,math500,300,68,0.22666666666666666,manual__ca_specrage_alpha_liu__lambda_10,0.8922413793103449,0.8206097159541869,0.007849850362650908
math500_qwenmath7b,math,math500,300,68,0.22666666666666666,manual__ca_specrage_alpha_liu__lambda_100,0.8920512170385396,0.8205720689758655,0.00010815760543575474
math500_qwenmath7b,math,math500,300,68,0.22666666666666666,manual__ca_specrage_alpha_liu__lambda_3,0.8921779918864097,0.8196967588017983,0.04554316712832042
math500_qwenmath7b,math,math500,300,68,0.22666666666666666,manual__ca_specrage_alpha_liu__lambda_30,0.8922413793103449,0.8206097159541869,0.0011003484691237528
math500_qwenmath7b,math,math500,300,68,0.22666666666666666,manual__ca_specrage_y_liu__lambda_0,0.8994675456389453,0.8271974674958583,0.2911326541127301
math500_qwenmath7b,math,math500,300,68,0.22666666666666666,manual__ca_specrage_y_liu__lambda_0p1,0.9056161257606492,0.8290282275057935,0.25154390785545694
math500_qwenmath7b,math,math500,300,68,0.22666666666666666,manual__ca_specrage_y_liu__lambda_0p3,0.9115111561866126,0.8314600564098158,0.19403103786374767
math500_qwenmath7b,math,math500,300,68,0.22666666666666666,manual__ca_specrage_y_liu__lambda_1,0.9176597363083164,0.8345361290246461,0.0960292765475782
math500_qwenmath7b,math,math500,300,68,0.22666666666666666,manual__ca_specrage_y_liu__lambda_10,0.9210826572008114,0.8368786607958412,0.004172251221652754
math500_qwenmath7b,math,math500,300,68,0.22666666666666666,manual__ca_specrage_y_liu__lambda_100,0.9216531440162272,0.8370727405191086,5.2506702307178134e-05
math500_qwenmath7b,math,math500,300,68,0.22666666666666666,manual__ca_specrage_y_liu__lambda_3,0.9198782961460447,0.836513170273761,0.02823342912987646
math500_qwenmath7b,math,math500,300,68,0.22666666666666666,manual__ca_specrage_y_liu__lambda_30,0.921462981744422,0.8369936766354906,0.0005482287425788163
math500_qwenmath7b,math,math500,300,68,0.22666666666666666,manual__ca_uniform_alpha_control__lambda_0,0.8994675456389453,0.8271974674958583,0.2911326541127301
math500_qwenmath7b,math,math500,300,68,0.22666666666666666,manual__ca_uniform_alpha_control__lambda_0p1,0.9006085192697768,0.8278473759291654,0.25505808427650295
math500_qwenmath7b,math,math500,300,68,0.22666666666666666,manual__ca_uniform_alpha_control__lambda_0p3,0.9014959432048683,0.8290342521725853,0.20047630330880586
math500_qwenmath7b,math,math500,300,68,0.22666666666666666,manual__ca_uniform_alpha_control__lambda_1,0.90276369168357,0.8294938558707747,0.10273625570843259
math500_qwenmath7b,math,math500,300,68,0.22666666666666666,manual__ca_uniform_alpha_control__lambda_10,0.9036511156186613,0.8293209654671703,0.004745385576662567
math500_qwenmath7b,math,math500,300,68,0.22666666666666666,manual__ca_uniform_alpha_control__lambda_100,0.9037145030425964,0.829333399455682,6.057692486036653e-05
math500_qwenmath7b,math,math500,300,68,0.22666666666666666,manual__ca_uniform_alpha_control__lambda_3,0.9034609533468562,0.829273863560578,0.03129818835286151
math500_qwenmath7b,math,math500,300,68,0.22666666666666666,manual__ca_uniform_alpha_control__lambda_30,0.9036511156186613,0.8293209654671703,0.0006299511462435919
math500_qwenmath7b,math,math500,300,68,0.22666666666666666,manual__uniform_y_liu__lambda_0,0.8994675456389453,0.8271974674958583,0.2911326541127301
math500_qwenmath7b,math,math500,300,68,0.22666666666666666,manual__uniform_y_liu__lambda_0p1,0.8957276876267748,0.8242675782038077,0.26308748441683266
math500_qwenmath7b,math,math500,300,68,0.22666666666666666,manual__uniform_y_liu__lambda_0p3,0.8936992900608521,0.8221083640039076,0.21858248038924108
math500_qwenmath7b,math,math500,300,68,0.22666666666666666,manual__uniform_y_liu__lambda_1,0.8921779918864098,0.8203702826541551,0.1277938937182263
math500_qwenmath7b,math,math500,300,68,0.22666666666666666,manual__uniform_y_liu__lambda_10,0.891037018255578,0.8193519544992904,0.007897894607540966
math500_qwenmath7b,math,math500,300,68,0.22666666666666666,manual__uniform_y_liu__lambda_100,0.8909102434077079,0.8195341649005871,0.00010896136901818038
math500_qwenmath7b,math,math500,300,68,0.22666666666666666,manual__uniform_y_liu__lambda_3,0.8914807302231238,0.8197476926327335,0.045727238504399886
math500_qwenmath7b,math,math500,300,68,0.22666666666666666,manual__uniform_y_liu__lambda_30,0.890973630831643,0.8197084664034534,0.0011081049708045554
math500_qwenmath7b,math,math500,300,68,0.22666666666666666,micro__adapted_specrage_y_liu__lambda_0,0.8994675456389453,0.8271974674958583,0.2911326541127301
math500_qwenmath7b,math,math500,300,68,0.22666666666666666,micro__adapted_specrage_y_liu__lambda_0p1,0.8957276876267748,0.8242675782038077,0.26379467161792625
math500_qwenmath7b,math,math500,300,68,0.22666666666666666,micro__adapted_specrage_y_liu__lambda_0p3,0.8936992900608521,0.8221083640039076,0.22019697466791996
math500_qwenmath7b,math,math500,300,68,0.22666666666666666,micro__adapted_specrage_y_liu__lambda_1,0.8922413793103448,0.8208230499679771,0.13021257981741152
math500_qwenmath7b,math,math500,300,68,0.22666666666666666,micro__adapted_specrage_y_liu__lambda_10,0.8911004056795131,0.8196093214271843,0.008276229867684582
math500_qwenmath7b,math,math500,300,68,0.22666666666666666,micro__adapted_specrage_y_liu__lambda_100,0.890973630831643,0.8197084664034534,0.00011512799677711942
math500_qwenmath7b,math,math500,300,68,0.22666666666666666,micro__adapted_specrage_y_liu__lambda_3,0.8914807302231238,0.8197476926327335,0.047294462105632415
math500_qwenmath7b,math,math500,300,68,0.22666666666666666,micro__adapted_specrage_y_liu__lambda_30,0.890973630831643,0.8193402273203806,0.0011679996836706753
math500_qwenmath7b,math,math500,300,68,0.22666666666666666,micro__ca_global_alpha_control__lambda_0,0.8994675456389453,0.8271974674958583,0.2911326541127301
math500_qwenmath7b,math,math500,300,68,0.22666666666666666,micro__ca_global_alpha_control__lambda_0p1,0.8959812373225153,0.8247375164499897,0.2591405157095773
math500_qwenmath7b,math,math500,300,68,0.22666666666666666,micro__ca_global_alpha_control__lambda_0p3,0.8938260649087222,0.8213314425791688,0.20973825410302588
math500_qwenmath7b,math,math500,300,68,0.22666666666666666,micro__ca_global_alpha_control__lambda_1,0.8922413793103448,0.8208230499679771,0.1152163057283539
math500_qwenmath7b,math,math500,300,68,0.22666666666666666,micro__ca_global_alpha_control__lambda_10,0.890973630831643,0.8197084664034534,0.006164195132549734
math500_qwenmath7b,math,math500,300,68,0.22666666666666666,micro__ca_global_alpha_control__lambda_100,0.8908468559837728,0.818948060893767,8.169124410539658e-05
math500_qwenmath7b,math,math500,300,68,0.22666666666666666,micro__ca_global_alpha_control__lambda_3,0.8914173427991887,0.8193769561028273,0.03811658256273566
math500_qwenmath7b,math,math500,300,68,0.22666666666666666,micro__ca_global_alpha_control__lambda_30,0.8908468559837728,0.818948060893767,0.0008404944907243933
math500_qwenmath7b,math,math500,300,68,0.22666666666666666,micro__ca_permuted_alpha_control__lambda_0,0.8994675456389453,0.8271974674958583,0.2911326541127301
math500_qwenmath7b,math,math500,300,68,0.22666666666666666,micro__ca_permuted_alpha_control__lambda_0p1,0.8961713995943206,0.8247778539015849,0.2578557096237725
math500_qwenmath7b,math,math500,300,68,0.22666666666666666,micro__ca_permuted_alpha_control__lambda_0p3,0.8940796146044625,0.8223559008727888,0.20691460866093767
math500_qwenmath7b,math,math500,300,68,0.22666666666666666,micro__ca_permuted_alpha_control__lambda_1,0.8921779918864097,0.8196967588017983,0.11142240329851588
math500_qwenmath7b,math,math500,300,68,0.22666666666666666,micro__ca_permuted_alpha_control__lambda_10,0.890973630831643,0.8193402273203806,0.0057093338307572725
math500_qwenmath7b,math,math500,300,68,0.22666666666666666,micro__ca_permuted_alpha_control__lambda_100,0.8908468559837728,0.8195215961114043,7.481033526801407e-05
math500_qwenmath7b,math,math500,300,68,0.22666666666666666,micro__ca_permuted_alpha_control__lambda_3,0.8914807302231238,0.8197476926327335,0.03598808098736956
math500_qwenmath7b,math,math500,300,68,0.22666666666666666,micro__ca_permuted_alpha_control__lambda_30,0.8909102434077079,0.8195341649005871,0.0007722038117043701
math500_qwenmath7b,math,math500,300,68,0.22666666666666666,micro__ca_specrage_alpha_liu__lambda_0,0.8994675456389453,0.8271974674958583,0.2911326541127301
math500_qwenmath7b,math,math500,300,68,0.22666666666666666,micro__ca_specrage_alpha_liu__lambda_0p1,0.8953473630831641,0.8239571690659108,0.25971084770278696
math500_qwenmath7b,math,math500,300,68,0.22666666666666666,micro__ca_specrage_alpha_liu__lambda_0p3,0.8930020283975661,0.8207187619075078,0.2112655366170007
math500_qwenmath7b,math,math500,300,68,0.22666666666666666,micro__ca_specrage_alpha_liu__lambda_1,0.890973630831643,0.8193402273203806,0.11759790817928173
math500_qwenmath7b,math,math500,300,68,0.22666666666666666,micro__ca_specrage_alpha_liu__lambda_10,0.8897692697768762,0.8152174136830304,0.006485218450414653
math500_qwenmath7b,math,math500,300,68,0.22666666666666666,micro__ca_specrage_alpha_liu__lambda_100,0.8897692697768763,0.8155615179252909,8.665176353888519e-05
math500_qwenmath7b,math,math500,300,68,0.22666666666666666,micro__ca_specrage_alpha_liu__lambda_3,0.8904031440162272,0.8163210151321741,0.039557778711983016
math500_qwenmath7b,math,math500,300,68,0.22666666666666666,micro__ca_specrage_alpha_liu__lambda_30,0.8897058823529411,0.8150411559343407,0.0008894354690264804
math500_qwenmath7b,math,math500,300,68,0.22666666666666666,micro__ca_specrage_y_liu__lambda_0,0.8994675456389453,0.8271974674958583,0.2911326541127301
math500_qwenmath7b,math,math500,300,68,0.22666666666666666,micro__ca_specrage_y_liu__lambda_0p1,0.8944599391480731,0.8226959100975884,0.2568554819960497
math500_qwenmath7b,math,math500,300,68,0.22666666666666666,micro__ca_specrage_y_liu__lambda_0p3,0.8912271805273834,0.8201230801457496,0.20592834849335268
math500_qwenmath7b,math,math500,300,68,0.22666666666666666,micro__ca_specrage_y_liu__lambda_1,0.8890720081135903,0.8124509685927178,0.11144269966015422
math500_qwenmath7b,math,math500,300,68,0.22666666666666666,micro__ca_specrage_y_liu__lambda_10,0.8889452332657201,0.8077912360986734,0.005802628714009214
math500_qwenmath7b,math,math500,300,68,0.22666666666666666,micro__ca_specrage_y_liu__lambda_100,0.8891353955375253,0.8063525459685374,7.636873133929969e-05
math500_qwenmath7b,math,math500,300,68,0.22666666666666666,micro__ca_specrage_y_liu__lambda_3,0.8890720081135903,0.8116182922813093,0.03630758195610455
math500_qwenmath7b,math,math500,300,68,0.22666666666666666,micro__ca_specrage_y_liu__lambda_30,0.8890086206896552,0.8063275921618778,0.0007872926222163699
math500_qwenmath7b,math,math500,300,68,0.22666666666666666,micro__ca_uniform_alpha_control__lambda_0,0.8994675456389453,0.8271974674958583,0.2911326541127301
math500_qwenmath7b,math,math500,300,68,0.22666666666666666,micro__ca_uniform_alpha_control__lambda_0p1,0.8968686612576066,0.8254479305126589,0.25883639465176145
math500_qwenmath7b,math,math500,300,68,0.22666666666666666,micro__ca_uniform_alpha_control__lambda_0p3,0.8953473630831641,0.8239571690659108,0.20874161343606729
math500_qwenmath7b,math,math500,300,68,0.22666666666666666,micro__ca_uniform_alpha_control__lambda_1,0.8941430020283976,0.8223667322689392,0.1135201402868303
math500_qwenmath7b,math,math500,300,68,0.22666666666666666,micro__ca_uniform_alpha_control__lambda_10,0.8933189655172414,0.821236413807681,0.005934270218737902
math500_qwenmath7b,math,math500,300,68,0.22666666666666666,micro__ca_uniform_alpha_control__lambda_100,0.8931288032454363,0.8207415504558566,7.816004334317696e-05
math500_qwenmath7b,math,math500,300,68,0.22666666666666666,micro__ca_uniform_alpha_control__lambda_3,0.893572515212982,0.8217959324278705,0.03707816206821136
math500_qwenmath7b,math,math500,300,68,0.22666666666666666,micro__ca_uniform_alpha_control__lambda_30,0.8932555780933065,0.8207655358013058,0.0008055894895270138
math500_qwenmath7b,math,math500,300,68,0.22666666666666666,micro__uniform_y_liu__lambda_0,0.8994675456389453,0.8271974674958583,0.2911326541127301
math500_qwenmath7b,math,math500,300,68,0.22666666666666666,micro__uniform_y_liu__lambda_0p1,0.89927738336714,0.827160102854978,0.24183170546340038
math500_qwenmath7b,math,math500,300,68,0.22666666666666666,micro__uniform_y_liu__lambda_0p3,0.8991506085192698,0.8271315948661119,0.1745109034035629
math500_qwenmath7b,math,math500,300,68,0.22666666666666666,micro__uniform_y_liu__lambda_1,0.8981364097363083,0.8263803815651307,0.07486216728128542
math500_qwenmath7b,math,math500,300,68,0.22666666666666666,micro__uniform_y_liu__lambda_10,0.8978194726166328,0.826039039214954,0.002533393757573156
math500_qwenmath7b,math,math500,300,68,0.22666666666666666,micro__uniform_y_liu__lambda_100,0.8978194726166328,0.826039039214954,3.0190815388099295e-05
math500_qwenmath7b,math,math500,300,68,0.22666666666666666,micro__uniform_y_liu__lambda_3,0.897946247464503,0.8263421535996444,0.01898445598148851
math500_qwenmath7b,math,math500,300,68,0.22666666666666666,micro__uniform_y_liu__lambda_30,0.8978194726166328,0.826039039214954,0.0003200615770999093
math500_qwenmath7b,math,math500,300,68,0.22666666666666666,raw_uniform_liu__lambda_0,0.8994675456389453,0.8271974674958583,0.2911326541127301
math500_qwenmath7b,math,math500,300,68,0.22666666666666666,raw_uniform_liu__lambda_0p1,0.895854462474645,0.8244809334812809,0.2589146241034258
math500_qwenmath7b,math,math500,300,68,0.22666666666666666,raw_uniform_liu__lambda_0p3,0.8937626774847871,0.8213201588627504,0.2092712254146551
math500_qwenmath7b,math,math500,300,68,0.22666666666666666,raw_uniform_liu__lambda_1,0.8922413793103448,0.8206092027996813,0.11461525539163347
math500_qwenmath7b,math,math500,300,68,0.22666666666666666,raw_uniform_liu__lambda_10,0.8907200811359026,0.8184277379441186,0.006092490670798844
math500_qwenmath7b,math,math500,300,68,0.22666666666666666,raw_uniform_liu__lambda_100,0.8907834685598377,0.8184383477763219,8.060272329029289e-05
math500_qwenmath7b,math,math500,300,68,0.22666666666666666,raw_uniform_liu__lambda_3,0.8912271805273834,0.8201230801457496,0.03778206301673723
math500_qwenmath7b,math,math500,300,68,0.22666666666666666,raw_uniform_liu__lambda_30,0.8907834685598377,0.8184383477763219,0.0008297031365448393
math500_r1distill8b,math,math500,300,86,0.2866666666666667,atomic__adapted_specrage_y_liu__lambda_0,0.8320473810041294,0.6327839037585482,0.29964214210977874
math500_r1distill8b,math,math500,300,86,0.2866666666666667,atomic__adapted_specrage_y_liu__lambda_0p1,0.8311780047815692,0.6328830244440881,0.25363232797503815
math500_r1distill8b,math,math500,300,86,0.2866666666666667,atomic__adapted_specrage_y_liu__lambda_0p3,0.8309606607259292,0.6316999023847067,0.18901887573293563
math500_r1distill8b,math,math500,300,86,0.2866666666666667,atomic__adapted_specrage_y_liu__lambda_1,0.8307433166702891,0.6285292125414493,0.08706486618866248
math500_r1distill8b,math,math500,300,86,0.2866666666666667,atomic__adapted_specrage_y_liu__lambda_10,0.8291132362529885,0.6308618643582856,0.0033445347114280117
math500_r1distill8b,math,math500,300,86,0.2866666666666667,atomic__adapted_specrage_y_liu__lambda_100,0.8287872201695284,0.6293066684942005,4.096815673845237e-05
math500_r1distill8b,math,math500,300,86,0.2866666666666667,atomic__adapted_specrage_y_liu__lambda_3,0.8294392523364486,0.6312180801861149,0.02379913737102975
math500_r1distill8b,math,math500,300,86,0.2866666666666667,atomic__adapted_specrage_y_liu__lambda_30,0.8288415561834384,0.6296044383521562,0.00043099978624387507
math500_r1distill8b,math,math500,300,86,0.2866666666666667,atomic__ca_global_alpha_control__lambda_0,0.8320473810041294,0.6327839037585482,0.29964214210977874
math500_r1distill8b,math,math500,300,86,0.2866666666666667,atomic__ca_global_alpha_control__lambda_0p1,0.8329167572266899,0.6325033576964969,0.2721478534605707
math500_r1distill8b,math,math500,300,86,0.2866666666666667,atomic__ca_global_alpha_control__lambda_0p3,0.8342208215605303,0.6314758597089852,0.22953091538530604
math500_r1distill8b,math,math500,300,86,0.2866666666666667,atomic__ca_global_alpha_control__lambda_1,0.8337317974353402,0.6287329236960083,0.14087337155296442
math500_r1distill8b,math,math500,300,86,0.2866666666666667,atomic__ca_global_alpha_control__lambda_10,0.8334601173657901,0.6377087927003998,0.009980628294155795
math500_r1distill8b,math,math500,300,86,0.2866666666666667,atomic__ca_global_alpha_control__lambda_100,0.8334057813518801,0.6397399738498618,0.00014365133254161866
math500_r1distill8b,math,math500,300,86,0.2866666666666667,atomic__ca_global_alpha_control__lambda_3,0.8335144533797,0.636155363000489,0.05412948574571459
math500_r1distill8b,math,math500,300,86,0.2866666666666667,atomic__ca_global_alpha_control__lambda_30,0.8335687893936101,0.6398296197104842,0.0014428315461722818
math500_r1distill8b,math,math500,300,86,0.2866666666666667,atomic__ca_permuted_alpha_control__lambda_0,0.8320473810041294,0.6327839037585482,0.29964214210977874
math500_r1distill8b,math,math500,300,86,0.2866666666666667,atomic__ca_permuted_alpha_control__lambda_0p1,0.8328624212127798,0.6326083308826854,0.27214436707705725
math500_r1distill8b,math,math500,300,86,0.2866666666666667,atomic__ca_permuted_alpha_control__lambda_0p3,0.8341664855466203,0.6312904872789211,0.22936427458410402
math500_r1distill8b,math,math500,300,86,0.2866666666666667,atomic__ca_permuted_alpha_control__lambda_1,0.8337861334492502,0.6293655804712898,0.14036483416323356
math500_r1distill8b,math,math500,300,86,0.2866666666666667,atomic__ca_permuted_alpha_control__lambda_10,0.8335687893936101,0.6374788357274259,0.009856886917292996
math500_r1distill8b,math,math500,300,86,0.2866666666666667,atomic__ca_permuted_alpha_control__lambda_100,0.83335144533797,0.6375837168331739,0.00014146284065997346
math500_r1distill8b,math,math500,300,86,0.2866666666666667,atomic__ca_permuted_alpha_control__lambda_3,0.83362312540752,0.6359911021191027,0.053690034938887334
math500_r1distill8b,math,math500,300,86,0.2866666666666667,atomic__ca_permuted_alpha_control__lambda_30,0.83340578135188,0.637540204505936,0.0014220600520716959
math500_r1distill8b,math,math500,300,86,0.2866666666666667,atomic__ca_specrage_alpha_liu__lambda_0,0.8320473810041294,0.6327839037585482,0.29964214210977874
math500_r1distill8b,math,math500,300,86,0.2866666666666667,atomic__ca_specrage_alpha_liu__lambda_0p1,0.8331341012823299,0.6322255462260624,0.27326324457741924
math500_r1distill8b,math,math500,300,86,0.2866666666666667,atomic__ca_specrage_alpha_liu__lambda_0p3,0.8342208215605303,0.6314807783119843,0.23219029333497768
math500_r1distill8b,math,math500,300,86,0.2866666666666667,atomic__ca_specrage_alpha_liu__lambda_1,0.8337317974353401,0.6285638764162829,0.14521320118956177
math500_r1distill8b,math,math500,300,86,0.2866666666666667,atomic__ca_specrage_alpha_liu__lambda_10,0.8334057813518801,0.637684453805629,0.01082608637412154
math500_r1distill8b,math,math500,300,86,0.2866666666666667,atomic__ca_specrage_alpha_liu__lambda_100,0.8335144533797001,0.6398311248730006,0.00015841704806753682
math500_r1distill8b,math,math500,300,86,0.2866666666666667,atomic__ca_specrage_alpha_liu__lambda_3,0.8335144533797,0.636155363000489,0.05728134720045885
math500_r1distill8b,math,math500,300,86,0.2866666666666667,atomic__ca_specrage_alpha_liu__lambda_30,0.8336231254075201,0.6398634742533126,0.001583357764338931
math500_r1distill8b,math,math500,300,86,0.2866666666666667,atomic__ca_specrage_y_liu__lambda_0,0.8320473810041294,0.6327839037585482,0.29964214210977874
math500_r1distill8b,math,math500,300,86,0.2866666666666667,atomic__ca_specrage_y_liu__lambda_0p1,0.8325907411432296,0.6317635939927364,0.25604236882952014
math500_r1distill8b,math,math500,300,86,0.2866666666666667,atomic__ca_specrage_y_liu__lambda_0p3,0.8334057813518801,0.6332237057117875,0.19385673893764294
math500_r1distill8b,math,math500,300,86,0.2866666666666667,atomic__ca_specrage_y_liu__lambda_1,0.8343294935883503,0.6302435432088337,0.09237493693225707
math500_r1distill8b,math,math500,300,86,0.2866666666666667,atomic__ca_specrage_y_liu__lambda_10,0.8337861334492502,0.6361238174297367,0.0037674846788247934
math500_r1distill8b,math,math500,300,86,0.2866666666666667,atomic__ca_specrage_y_liu__lambda_100,0.8336231254075201,0.63616657681696,4.676154873676374e-05
math500_r1distill8b,math,math500,300,86,0.2866666666666667,atomic__ca_specrage_y_liu__lambda_3,0.8336231254075203,0.6289956239752673,0.02615865610855307
math500_r1distill8b,math,math500,300,86,0.2866666666666667,atomic__ca_specrage_y_liu__lambda_30,0.8335687893936101,0.6357752213049733,0.0004901374156068759
math500_r1distill8b,math,math500,300,86,0.2866666666666667,atomic__ca_uniform_alpha_control__lambda_0,0.8320473810041294,0.6327839037585482,0.29964214210977874
math500_r1distill8b,math,math500,300,86,0.2866666666666667,atomic__ca_uniform_alpha_control__lambda_0p1,0.8315583568789393,0.6328587442717623,0.25758682089719787
math500_r1distill8b,math,math500,300,86,0.2866666666666667,atomic__ca_uniform_alpha_control__lambda_0p3,0.8313953488372093,0.632596637951978,0.1963112601218419
math500_r1distill8b,math,math500,300,86,0.2866666666666667,atomic__ca_uniform_alpha_control__lambda_1,0.8311780047815693,0.6312389985985913,0.0941411853138581
math500_r1distill8b,math,math500,300,86,0.2866666666666667,atomic__ca_uniform_alpha_control__lambda_10,0.8309063247120193,0.6318978108682096,0.0038399003071262826
math500_r1distill8b,math,math500,300,86,0.2866666666666667,atomic__ca_uniform_alpha_control__lambda_100,0.8308519886981092,0.6317299515936995,4.761678758253201e-05
math500_r1distill8b,math,math500,300,86,0.2866666666666667,atomic__ca_uniform_alpha_control__lambda_3,0.8310693327537492,0.6321536006820551,0.026687778053650597
math500_r1distill8b,math,math500,300,86,0.2866666666666667,atomic__ca_uniform_alpha_control__lambda_30,0.8308519886981092,0.6317299515936995,0.000499240698559969
math500_r1distill8b,math,math500,300,86,0.2866666666666667,atomic__uniform_y_liu__lambda_0,0.8320473810041294,0.6327839037585482,0.29964214210977874
math500_r1distill8b,math,math500,300,86,0.2866666666666667,atomic__uniform_y_liu__lambda_0p1,0.8323733970875897,0.6312725684512445,0.24996079422984124
math500_r1distill8b,math,math500,300,86,0.2866666666666667,atomic__uniform_y_liu__lambda_0p3,0.8329167572266899,0.6325033576964969,0.181927390420094
math500_r1distill8b,math,math500,300,86,0.2866666666666667,atomic__uniform_y_liu__lambda_1,0.8342751575744404,0.6314977349520434,0.07984064380608108
math500_r1distill8b,math,math500,300,86,0.2866666666666667,atomic__uniform_y_liu__lambda_10,0.8335687893936101,0.6350009980851474,0.0028361528174745865
math500_r1distill8b,math,math500,300,86,0.2866666666666667,atomic__uniform_y_liu__lambda_100,0.8335144533797001,0.6356460906616568,3.418624459464386e-05
math500_r1distill8b,math,math500,300,86,0.2866666666666667,atomic__uniform_y_liu__lambda_3,0.8336774614214301,0.6292814766742398,0.020817570579384236
math500_r1distill8b,math,math500,300,86,0.2866666666666667,atomic__uniform_y_liu__lambda_30,0.8336231254075201,0.6357685175844437,0.00036125990741622246
math500_r1distill8b,math,math500,300,86,0.2866666666666667,deployed_upcr,0.8315040208650293,0.6327558787398323,0.31211850116513
math500_r1distill8b,math,math500,300,86,0.2866666666666667,dufs_liu__lambda_0,0.8320473810041294,0.6327839037585482,0.29964214210977874
math500_r1distill8b,math,math500,300,86,0.2866666666666667,dufs_liu__lambda_0p1,0.8320473810041296,0.630613423002581,0.2652455255396085
math500_r1distill8b,math,math500,300,86,0.2866666666666667,dufs_liu__lambda_0p3,0.8320473810041296,0.6307835594790498,0.21211401259442392
math500_r1distill8b,math,math500,300,86,0.2866666666666667,dufs_liu__lambda_1,0.8319387089763095,0.6300358754596976,0.11300820078052766
math500_r1distill8b,math,math500,300,86,0.2866666666666667,dufs_liu__lambda_10,0.8324277331014996,0.6313856394598377,0.0056500712192893675
math500_r1distill8b,math,math500,300,86,0.2866666666666667,dufs_liu__lambda_100,0.8324820691154098,0.6316854038768314,7.356183584585982e-05
math500_r1distill8b,math,math500,300,86,0.2866666666666667,dufs_liu__lambda_3,0.8322647250597697,0.630579814660984,0.03600537468352079
math500_r1distill8b,math,math500,300,86,0.2866666666666667,dufs_liu__lambda_30,0.8324820691154098,0.6316854038768314,0.0007607063064186375
math500_r1distill8b,math,math500,300,86,0.2866666666666667,iu_pcr,0.8320473810041294,0.6327839037585482,0.29964214210977874
math500_r1distill8b,math,math500,300,86,0.2866666666666667,manual__adapted_specrage_y_liu__lambda_0,0.8320473810041294,0.6327839037585482,0.29964214210977874
math500_r1distill8b,math,math500,300,86,0.2866666666666667,manual__adapted_specrage_y_liu__lambda_0p1,0.8322103890458596,0.6311532172416149,0.2513738984983994
math500_r1distill8b,math,math500,300,86,0.2866666666666667,manual__adapted_specrage_y_liu__lambda_0p3,0.8327537491849597,0.6315551954990787,0.18435831467287486
math500_r1distill8b,math,math500,300,86,0.2866666666666667,manual__adapted_specrage_y_liu__lambda_1,0.8334601173657902,0.6332447657447682,0.08183341905428959
math500_r1distill8b,math,math500,300,86,0.2866666666666667,manual__adapted_specrage_y_liu__lambda_10,0.8342208215605303,0.6314171249436602,0.00293554962458375
math500_r1distill8b,math,math500,300,86,0.2866666666666667,manual__adapted_specrage_y_liu__lambda_100,0.8341664855466204,0.6300899911781576,3.5418734637772814e-05
math500_r1distill8b,math,math500,300,86,0.2866666666666667,manual__adapted_specrage_y_liu__lambda_3,0.8341664855466203,0.6330300197005235,0.0214867300828573
math500_r1distill8b,math,math500,300,86,0.2866666666666667,manual__adapted_specrage_y_liu__lambda_30,0.8341664855466202,0.6309041426558145,0.0003741950554427313
math500_r1distill8b,math,math500,300,86,0.2866666666666667,manual__ca_global_alpha_control__lambda_0,0.8320473810041294,0.6327839037585482,0.29964214210977874
math500_r1distill8b,math,math500,300,86,0.2866666666666667,manual__ca_global_alpha_control__lambda_0p1,0.8335144533797001,0.6326397558328777,0.2786930467845241
math500_r1distill8b,math,math500,300,86,0.2866666666666667,manual__ca_global_alpha_control__lambda_0p3,0.8335144533797001,0.6289251176705611,0.24790924797215605
math500_r1distill8b,math,math500,300,86,0.2866666666666667,manual__ca_global_alpha_control__lambda_1,0.8338404694631603,0.6398870705956374,0.177606259200548
math500_r1distill8b,math,math500,300,86,0.2866666666666667,manual__ca_global_alpha_control__lambda_10,0.8338948054770703,0.6368339234029953,0.020718168974399775
math500_r1distill8b,math,math500,300,86,0.2866666666666667,manual__ca_global_alpha_control__lambda_100,0.8338404694631603,0.6365042553687,0.00036063087785937945
math500_r1distill8b,math,math500,300,86,0.2866666666666667,manual__ca_global_alpha_control__lambda_3,0.8336774614214302,0.6391762836897263,0.08694639973681144
math500_r1distill8b,math,math500,300,86,0.2866666666666667,manual__ca_global_alpha_control__lambda_30,0.8337861334492502,0.6363947532425599,0.003417623090082394
math500_r1distill8b,math,math500,300,86,0.2866666666666667,manual__ca_permuted_alpha_control__lambda_0,0.8320473810041294,0.6327839037585482,0.29964214210977874
math500_r1distill8b,math,math500,300,86,0.2866666666666667,manual__ca_permuted_alpha_control__lambda_0p1,0.8336231254075201,0.632789046436697,0.27856643505991924
math500_r1distill8b,math,math500,300,86,0.2866666666666667,manual__ca_permuted_alpha_control__lambda_0p3,0.8335144533797001,0.6291062201016199,0.24763694937747155
math500_r1distill8b,math,math500,300,86,0.2866666666666667,manual__ca_permuted_alpha_control__lambda_1,0.8337861334492501,0.6398346527292661,0.17715512758543994
math500_r1distill8b,math,math500,300,86,0.2866666666666667,manual__ca_permuted_alpha_control__lambda_10,0.8337861334492502,0.6364403822054269,0.02056476345836583
math500_r1distill8b,math,math500,300,86,0.2866666666666667,manual__ca_permuted_alpha_control__lambda_100,0.8340578135188004,0.6369479790285013,0.00035718171792067536
math500_r1distill8b,math,math500,300,86,0.2866666666666667,manual__ca_permuted_alpha_control__lambda_3,0.8337317974353402,0.6382788215716331,0.0865308996585355
math500_r1distill8b,math,math500,300,86,0.2866666666666667,manual__ca_permuted_alpha_control__lambda_30,0.8338948054770702,0.6366322635612244,0.0033872643670075394
math500_r1distill8b,math,math500,300,86,0.2866666666666667,manual__ca_specrage_alpha_liu__lambda_0,0.8320473810041294,0.6327839037585482,0.29964214210977874
math500_r1distill8b,math,math500,300,86,0.2866666666666667,manual__ca_specrage_alpha_liu__lambda_0p1,0.8335687893936102,0.632758246683095,0.27878107866674906
math500_r1distill8b,math,math500,300,86,0.2866666666666667,manual__ca_specrage_alpha_liu__lambda_0p3,0.83340578135188,0.629014532775778,0.24823276562012245
math500_r1distill8b,math,math500,300,86,0.2866666666666667,manual__ca_specrage_alpha_liu__lambda_1,0.8336774614214302,0.6396988108674837,0.17843135845651703
math500_r1distill8b,math,math500,300,86,0.2866666666666667,manual__ca_specrage_alpha_liu__lambda_10,0.8337317974353401,0.6364115947762329,0.021087152189978527
math500_r1distill8b,math,math500,300,86,0.2866666666666667,manual__ca_specrage_alpha_liu__lambda_100,0.8341121495327104,0.6370641123751829,0.0003692334260795473
math500_r1distill8b,math,math500,300,86,0.2866666666666667,manual__ca_specrage_alpha_liu__lambda_3,0.8337317974353402,0.6383612912533319,0.08786707481327398
math500_r1distill8b,math,math500,300,86,0.2866666666666667,manual__ca_specrage_alpha_liu__lambda_30,0.8339491414909802,0.6369071723034673,0.0034926010781170086
math500_r1distill8b,math,math500,300,86,0.2866666666666667,manual__ca_specrage_y_liu__lambda_0,0.8320473810041294,0.6327839037585482,0.29964214210977874
math500_r1distill8b,math,math500,300,86,0.2866666666666667,manual__ca_specrage_y_liu__lambda_0p1,0.8328624212127798,0.6326083308826854,0.26762437840275055
math500_r1distill8b,math,math500,300,86,0.2866666666666667,manual__ca_specrage_y_liu__lambda_0p3,0.8342751575744404,0.6314412167430526,0.21927398540452975
math500_r1distill8b,math,math500,300,86,0.2866666666666667,manual__ca_specrage_y_liu__lambda_1,0.83335144533797,0.6343914397083371,0.1255767045567005
math500_r1distill8b,math,math500,300,86,0.2866666666666667,manual__ca_specrage_y_liu__lambda_10,0.8337861334492501,0.6405737515018814,0.007499465538225887
math500_r1distill8b,math,math500,300,86,0.2866666666666667,manual__ca_specrage_y_liu__lambda_100,0.8336774614214302,0.6399365343239858,0.00010253361416373232
math500_r1distill8b,math,math500,300,86,0.2866666666666667,manual__ca_specrage_y_liu__lambda_3,0.83340578135188,0.637540204505936,0.04407480739243849
math500_r1distill8b,math,math500,300,86,0.2866666666666667,manual__ca_specrage_y_liu__lambda_30,0.8336774614214302,0.6396988108674837,0.001045465900991438
math500_r1distill8b,math,math500,300,86,0.2866666666666667,manual__ca_uniform_alpha_control__lambda_0,0.8320473810041294,0.6327839037585482,0.29964214210977874
math500_r1distill8b,math,math500,300,86,0.2866666666666667,manual__ca_uniform_alpha_control__lambda_0p1,0.8327537491849598,0.6314329806985454,0.27351087439379423
math500_r1distill8b,math,math500,300,86,0.2866666666666667,manual__ca_uniform_alpha_control__lambda_0p3,0.8334601173657902,0.6332378333860732,0.23143309862065659
math500_r1distill8b,math,math500,300,86,0.2866666666666667,manual__ca_uniform_alpha_control__lambda_1,0.8342751575744404,0.6314412167430526,0.1419535038918524
math500_r1distill8b,math,math500,300,86,0.2866666666666667,manual__ca_uniform_alpha_control__lambda_10,0.8340578135188003,0.6303767344912922,0.009948669634497916
math500_r1distill8b,math,math500,300,86,0.2866666666666667,manual__ca_uniform_alpha_control__lambda_100,0.8338948054770702,0.6302197964779612,0.00014263443160333664
math500_r1distill8b,math,math500,300,86,0.2866666666666667,manual__ca_uniform_alpha_control__lambda_3,0.8342751575744405,0.6304692130116875,0.05426353532824157
math500_r1distill8b,math,math500,300,86,0.2866666666666667,manual__ca_uniform_alpha_control__lambda_30,0.8338948054770702,0.6303650614739614,0.0014342785694360712
math500_r1distill8b,math,math500,300,86,0.2866666666666667,manual__uniform_y_liu__lambda_0,0.8320473810041294,0.6327839037585482,0.29964214210977874
math500_r1distill8b,math,math500,300,86,0.2866666666666667,manual__uniform_y_liu__lambda_0p1,0.8329710932405999,0.6320119876771748,0.27381729854376846
math500_r1distill8b,math,math500,300,86,0.2866666666666667,manual__uniform_y_liu__lambda_0p3,0.8335144533797001,0.6326397558328777,0.2324194311101243
math500_r1distill8b,math,math500,300,86,0.2866666666666667,manual__uniform_y_liu__lambda_1,0.8342208215605302,0.6299069676601818,0.1439357311586747
math500_r1distill8b,math,math500,300,86,0.2866666666666667,manual__uniform_y_liu__lambda_10,0.8335144533797001,0.6291062201016199,0.01036867595611799
math500_r1distill8b,math,math500,300,86,0.2866666666666667,manual__uniform_y_liu__lambda_100,0.8336231254075201,0.6292924981487298,0.00014997990007808418
math500_r1distill8b,math,math500,300,86,0.2866666666666667,manual__uniform_y_liu__lambda_3,0.8339491414909802,0.6302273947428467,0.055804933863224375
math500_r1distill8b,math,math500,300,86,0.2866666666666667,manual__uniform_y_liu__lambda_30,0.8335144533797001,0.6289435411490669,0.001504190521194854
math500_r1distill8b,math,math500,300,86,0.2866666666666667,micro__adapted_specrage_y_liu__lambda_0,0.8320473810041294,0.6327839037585482,0.29964214210977874
math500_r1distill8b,math,math500,300,86,0.2866666666666667,micro__adapted_specrage_y_liu__lambda_0p1,0.8325364051293196,0.63185351356377,0.263979123132299
math500_r1distill8b,math,math500,300,86,0.2866666666666667,micro__adapted_specrage_y_liu__lambda_0p3,0.8331341012823299,0.6328711300723805,0.20984631516609734
math500_r1distill8b,math,math500,300,86,0.2866666666666667,micro__adapted_specrage_y_liu__lambda_1,0.8342208215605303,0.6340653478452402,0.11071183520893486
math500_r1distill8b,math,math500,300,86,0.2866666666666667,micro__adapted_specrage_y_liu__lambda_10,0.8343838296022603,0.6299383176609175,0.005446778013809017
math500_r1distill8b,math,math500,300,86,0.2866666666666667,micro__adapted_specrage_y_liu__lambda_100,0.8343294935883503,0.6302435432088337,7.064360913796048e-05
math500_r1distill8b,math,math500,300,86,0.2866666666666667,micro__adapted_specrage_y_liu__lambda_3,0.8341121495327104,0.6314319069651527,0.03494582942484337
math500_r1distill8b,math,math500,300,86,0.2866666666666667,micro__adapted_specrage_y_liu__lambda_30,0.8342751575744403,0.6300169947612676,0.0007313246111196116
math500_r1distill8b,math,math500,300,86,0.2866666666666667,micro__ca_global_alpha_control__lambda_0,0.8320473810041294,0.6327839037585482,0.29964214210977874
math500_r1distill8b,math,math500,300,86,0.2866666666666667,micro__ca_global_alpha_control__lambda_0p1,0.8311780047815693,0.6308292302059996,0.26571934184675544
math500_r1distill8b,math,math500,300,86,0.2866666666666667,micro__ca_global_alpha_control__lambda_0p3,0.830634644642469,0.6293836295270827,0.21451139559716162
math500_r1distill8b,math,math500,300,86,0.2866666666666667,micro__ca_global_alpha_control__lambda_1,0.8298739404477288,0.6325971209448101,0.11811454627260394
math500_r1distill8b,math,math500,300,86,0.2866666666666667,micro__ca_global_alpha_control__lambda_10,0.8284068680721582,0.6286321751438473,0.006416939878429666
math500_r1distill8b,math,math500,300,86,0.2866666666666667,micro__ca_global_alpha_control__lambda_100,0.8284612040860682,0.627724071378738,8.54417939093617e-05
math500_r1distill8b,math,math500,300,86,0.2866666666666667,micro__ca_global_alpha_control__lambda_3,0.8287872201695284,0.6297346462041633,0.039381880890857986
math500_r1distill8b,math,math500,300,86,0.2866666666666667,micro__ca_global_alpha_control__lambda_30,0.8284068680721582,0.627737003377618,0.0008778850217933317
math500_r1distill8b,math,math500,300,86,0.2866666666666667,micro__ca_permuted_alpha_control__lambda_0,0.8320473810041294,0.6327839037585482,0.29964214210977874
math500_r1distill8b,math,math500,300,86,0.2866666666666667,micro__ca_permuted_alpha_control__lambda_0p1,0.8311780047815693,0.6308292302059996,0.2659349934093922
math500_r1distill8b,math,math500,300,86,0.2866666666666667,micro__ca_permuted_alpha_control__lambda_0p3,0.830634644642469,0.6293836295270827,0.2149868939705335
math500_r1distill8b,math,math500,300,86,0.2866666666666667,micro__ca_permuted_alpha_control__lambda_1,0.8298739404477288,0.6325971209448101,0.11876252817053834
math500_r1distill8b,math,math500,300,86,0.2866666666666667,micro__ca_permuted_alpha_control__lambda_10,0.8284068680721582,0.6286321751438473,0.006498505571051378
math500_r1distill8b,math,math500,300,86,0.2866666666666667,micro__ca_permuted_alpha_control__lambda_100,0.8284612040860682,0.6278369625779443,8.669428988708243e-05
math500_r1distill8b,math,math500,300,86,0.2866666666666667,micro__ca_permuted_alpha_control__lambda_3,0.8287872201695284,0.6297346462041633,0.039754615592149586
math500_r1distill8b,math,math500,300,86,0.2866666666666667,micro__ca_permuted_alpha_control__lambda_30,0.8284612040860683,0.6277685018424822,0.0008902616704713153
math500_r1distill8b,math,math500,300,86,0.2866666666666667,micro__ca_specrage_alpha_liu__lambda_0,0.8320473810041294,0.6327839037585482,0.29964214210977874
math500_r1distill8b,math,math500,300,86,0.2866666666666667,micro__ca_specrage_alpha_liu__lambda_0p1,0.8310693327537492,0.6321536006820551,0.26566557111197736
math500_r1distill8b,math,math500,300,86,0.2866666666666667,micro__ca_specrage_alpha_liu__lambda_0p3,0.8309606607259292,0.6296092249924843,0.21468359329884587
math500_r1distill8b,math,math500,300,86,0.2866666666666667,micro__ca_specrage_alpha_liu__lambda_1,0.8293305803086286,0.6307316276544433,0.11877023383045249
math500_r1distill8b,math,math500,300,86,0.2866666666666667,micro__ca_specrage_alpha_liu__lambda_10,0.827972179960878,0.630326573888771,0.006538317983311874
math500_r1distill8b,math,math500,300,86,0.2866666666666667,micro__ca_specrage_alpha_liu__lambda_100,0.8281351880026081,0.6297661483363162,8.738199023972805e-05
math500_r1distill8b,math,math500,300,86,0.2866666666666667,micro__ca_specrage_alpha_liu__lambda_3,0.8284068680721582,0.6286096879377607,0.03988264367903641
math500_r1distill8b,math,math500,300,86,0.2866666666666667,micro__ca_specrage_alpha_liu__lambda_30,0.828026515974788,0.6297247364161873,0.0008968577834796971
math500_r1distill8b,math,math500,300,86,0.2866666666666667,micro__ca_specrage_y_liu__lambda_0,0.8320473810041294,0.6327839037585482,0.29964214210977874
math500_r1distill8b,math,math500,300,86,0.2866666666666667,micro__ca_specrage_y_liu__lambda_0p1,0.8327537491849597,0.6315551954990787,0.2528643246586718
math500_r1distill8b,math,math500,300,86,0.2866666666666667,micro__ca_specrage_y_liu__lambda_0p3,0.8335144533797,0.63314635178011,0.18786555880755004
math500_r1distill8b,math,math500,300,86,0.2866666666666667,micro__ca_specrage_y_liu__lambda_1,0.8337317974353402,0.6297586341815224,0.08642714749570503
math500_r1distill8b,math,math500,300,86,0.2866666666666667,micro__ca_specrage_y_liu__lambda_10,0.8338404694631603,0.6398870705956374,0.0033462963610181528
math500_r1distill8b,math,math500,300,86,0.2866666666666667,micro__ca_specrage_y_liu__lambda_100,0.8338948054770702,0.6406893203347479,4.110314546738316e-05
math500_r1distill8b,math,math500,300,86,0.2866666666666667,micro__ca_specrage_y_liu__lambda_3,0.8336774614214301,0.6369251300316324,0.023709173672038397
math500_r1distill8b,math,math500,300,86,0.2866666666666667,micro__ca_specrage_y_liu__lambda_30,0.8337861334492502,0.640123380469182,0.0004320742226521901
math500_r1distill8b,math,math500,300,86,0.2866666666666667,micro__ca_uniform_alpha_control__lambda_0,0.8320473810041294,0.6327839037585482,0.29964214210977874
math500_r1distill8b,math,math500,300,86,0.2866666666666667,micro__ca_uniform_alpha_control__lambda_0p1,0.8310693327537492,0.632369778022461,0.2689767266549534
math500_r1distill8b,math,math500,300,86,0.2866666666666667,micro__ca_uniform_alpha_control__lambda_0p3,0.831014996739839,0.6321364292713092,0.22064175330443964
math500_r1distill8b,math,math500,300,86,0.2866666666666667,micro__ca_uniform_alpha_control__lambda_1,0.8306346446424689,0.6310409947920878,0.12508265739326077
math500_r1distill8b,math,math500,300,86,0.2866666666666667,micro__ca_uniform_alpha_control__lambda_10,0.8310149967398393,0.629629380752263,0.007190886101532189
math500_r1distill8b,math,math500,300,86,0.2866666666666667,micro__ca_uniform_alpha_control__lambda_100,0.8308519886981092,0.6295765104508101,9.718854317700478e-05
math500_r1distill8b,math,math500,300,86,0.2866666666666667,micro__ca_uniform_alpha_control__lambda_3,0.8307433166702891,0.6293748068640742,0.04304129505201983
math500_r1distill8b,math,math500,300,86,0.2866666666666667,micro__ca_uniform_alpha_control__lambda_30,0.8309063247120191,0.6295928494301685,0.0009942932405872637
math500_r1distill8b,math,math500,300,86,0.2866666666666667,micro__uniform_y_liu__lambda_0,0.8320473810041294,0.6327839037585482,0.29964214210977874
math500_r1distill8b,math,math500,300,86,0.2866666666666667,micro__uniform_y_liu__lambda_0p1,0.8314496848511194,0.632589308174679,0.25372163005188936
math500_r1distill8b,math,math500,300,86,0.2866666666666667,micro__uniform_y_liu__lambda_0p3,0.8311780047815692,0.6328773019657871,0.18878043990465973
math500_r1distill8b,math,math500,300,86,0.2866666666666667,micro__uniform_y_liu__lambda_1,0.8310149967398391,0.6319556514913722,0.0861892487540183
math500_r1distill8b,math,math500,300,86,0.2866666666666667,micro__uniform_y_liu__lambda_10,0.8306889806563792,0.6314954643979723,0.003232072001119969
math500_r1distill8b,math,math500,300,86,0.2866666666666667,micro__uniform_y_liu__lambda_100,0.8307433166702891,0.6306968240607451,3.935279609780223e-05
math500_r1distill8b,math,math500,300,86,0.2866666666666667,micro__uniform_y_liu__lambda_3,0.8306346446424692,0.63083200366819,0.023245834460832317
math500_r1distill8b,math,math500,300,86,0.2866666666666667,micro__uniform_y_liu__lambda_30,0.8306889806563791,0.6306671889431665,0.00041471039716625495
math500_r1distill8b,math,math500,300,86,0.2866666666666667,raw_uniform_liu__lambda_0,0.8320473810041294,0.6327839037585482,0.29964214210977874
math500_r1distill8b,math,math500,300,86,0.2866666666666667,raw_uniform_liu__lambda_0p1,0.8315583568789393,0.6328571450797021,0.26595375006577276
math500_r1distill8b,math,math500,300,86,0.2866666666666667,raw_uniform_liu__lambda_0p3,0.8315040208650294,0.6325147991285958,0.21367160258128293
math500_r1distill8b,math,math500,300,86,0.2866666666666667,raw_uniform_liu__lambda_1,0.8312323407954793,0.6329238962787295,0.11508848883144421
math500_r1distill8b,math,math500,300,86,0.2866666666666667,raw_uniform_liu__lambda_10,0.8311780047815693,0.6308911043172222,0.005890264101628773
math500_r1distill8b,math,math500,300,86,0.2866666666666667,raw_uniform_liu__lambda_100,0.8311780047815693,0.6308881670396091,7.715267781794574e-05
math500_r1distill8b,math,math500,300,86,0.2866666666666667,raw_uniform_liu__lambda_3,0.8311780047815693,0.6312677845524264,0.03715063805061182
math500_r1distill8b,math,math500,300,86,0.2866666666666667,raw_uniform_liu__lambda_30,0.8311780047815693,0.6308881670396091,0.0007964664823226686
math500_r1distill8b_mn4096,math,math500,300,117,0.39,atomic__adapted_specrage_y_liu__lambda_0,0.8317687170146186,0.7217647284371385,0.3146113734962758
math500_r1distill8b_mn4096,math,math500,300,117,0.39,atomic__adapted_specrage_y_liu__lambda_0p1,0.8284526645182382,0.7217257759304729,0.26823246805160494
math500_r1distill8b_mn4096,math,math500,300,117,0.39,atomic__adapted_specrage_y_liu__lambda_0p3,0.8230815935733968,0.7193191194719828,0.20332961566759924
math500_r1distill8b_mn4096,math,math500,300,117,0.39,atomic__adapted_specrage_y_liu__lambda_1,0.8133669609079445,0.7123723304798286,0.09789157016735334
math500_r1distill8b_mn4096,math,math500,300,117,0.39,atomic__adapted_specrage_y_liu__lambda_10,0.8040259679603943,0.7056297374172749,0.004093681115388225
math500_r1distill8b_mn4096,math,math500,300,117,0.39,atomic__adapted_specrage_y_liu__lambda_100,0.8022978842650974,0.7040492160097167,5.1111678550943745e-05
math500_r1distill8b_mn4096,math,math500,300,117,0.39,atomic__adapted_specrage_y_liu__lambda_3,0.8073887254215123,0.7077380486230529,0.028120352028875986
math500_r1distill8b_mn4096,math,math500,300,117,0.39,atomic__adapted_specrage_y_liu__lambda_30,0.8029517537714259,0.7044220790734589,0.0005348434667411085
math500_r1distill8b_mn4096,math,math500,300,117,0.39,atomic__ca_global_alpha_control__lambda_0,0.8317687170146186,0.7217647284371385,0.3146113734962758
math500_r1distill8b_mn4096,math,math500,300,117,0.39,atomic__ca_global_alpha_control__lambda_0p1,0.8337303255336042,0.7240059463070884,0.2870968720716853
math500_r1distill8b_mn4096,math,math500,300,117,0.39,atomic__ca_global_alpha_control__lambda_0p3,0.8352248844052124,0.7269970459305974,0.2432727201533263
math500_r1distill8b_mn4096,math,math500,300,117,0.39,atomic__ca_global_alpha_control__lambda_1,0.8365326234178694,0.7277170882806779,0.14987016366273356
math500_r1distill8b_mn4096,math,math500,300,117,0.39,atomic__ca_global_alpha_control__lambda_10,0.8376068376068377,0.7303240534262616,0.010621107192247221
math500_r1distill8b_mn4096,math,math500,300,117,0.39,atomic__ca_global_alpha_control__lambda_100,0.8375134276773621,0.7302743822302618,0.00015280582907566695
math500_r1distill8b_mn4096,math,math500,300,117,0.39,atomic__ca_global_alpha_control__lambda_3,0.8375601326420998,0.730863443737732,0.05762493881360347
math500_r1distill8b_mn4096,math,math500,300,117,0.39,atomic__ca_global_alpha_control__lambda_30,0.8375601326420998,0.7303310137853642,0.0015349815246037204
math500_r1distill8b_mn4096,math,math500,300,117,0.39,atomic__ca_permuted_alpha_control__lambda_0,0.8317687170146186,0.7217647284371385,0.3146113734962758
math500_r1distill8b_mn4096,math,math500,300,117,0.39,atomic__ca_permuted_alpha_control__lambda_0p1,0.8336836205688665,0.7229884452895875,0.28686564726680613
math500_r1distill8b_mn4096,math,math500,300,117,0.39,atomic__ca_permuted_alpha_control__lambda_0p3,0.8351314744757368,0.7269570761947644,0.2427171406071047
math500_r1distill8b_mn4096,math,math500,300,117,0.39,atomic__ca_permuted_alpha_control__lambda_1,0.8364392134883939,0.7266317538620102,0.14896475728769593
math500_r1distill8b_mn4096,math,math500,300,117,0.39,atomic__ca_permuted_alpha_control__lambda_10,0.8375601326420998,0.7302950262595465,0.010450823062289158
math500_r1distill8b_mn4096,math,math500,300,117,0.39,atomic__ca_permuted_alpha_control__lambda_100,0.8375601326420998,0.7303310137853642,0.00014987333721189975
math500_r1distill8b_mn4096,math,math500,300,117,0.39,atomic__ca_permuted_alpha_control__lambda_3,0.8375601326420998,0.730863443737732,0.056977644615448936
math500_r1distill8b_mn4096,math,math500,300,117,0.39,atomic__ca_permuted_alpha_control__lambda_30,0.8375134276773621,0.730289014807195,0.0015069547514698681
math500_r1distill8b_mn4096,math,math500,300,117,0.39,atomic__ca_specrage_alpha_liu__lambda_0,0.8317687170146186,0.7217647284371385,0.3146113734962758
math500_r1distill8b_mn4096,math,math500,300,117,0.39,atomic__ca_specrage_alpha_liu__lambda_0p1,0.8336836205688665,0.7230245627654001,0.2886532041332317
math500_r1distill8b_mn4096,math,math500,300,117,0.39,atomic__ca_specrage_alpha_liu__lambda_0p3,0.8350380645462613,0.7268843755781689,0.24684016043783022
math500_r1distill8b_mn4096,math,math500,300,117,0.39,atomic__ca_specrage_alpha_liu__lambda_1,0.8362056886647051,0.7269541554004793,0.155545206821038
math500_r1distill8b_mn4096,math,math500,300,117,0.39,atomic__ca_specrage_alpha_liu__lambda_10,0.8375601326420998,0.730863443737732,0.011720294155986686
math500_r1distill8b_mn4096,math,math500,300,117,0.39,atomic__ca_specrage_alpha_liu__lambda_100,0.8374667227126243,0.730619603415787,0.00017201765564245922
math500_r1distill8b_mn4096,math,math500,300,117,0.39,atomic__ca_specrage_alpha_liu__lambda_3,0.8370930829947223,0.7291206784546123,0.0617231388626199
math500_r1distill8b_mn4096,math,math500,300,117,0.39,atomic__ca_specrage_alpha_liu__lambda_30,0.8374200177478865,0.7305912194954106,0.0017177721436801856
math500_r1distill8b_mn4096,math,math500,300,117,0.39,atomic__ca_specrage_y_liu__lambda_0,0.8317687170146186,0.7217647284371385,0.3146113734962758
math500_r1distill8b_mn4096,math,math500,300,117,0.39,atomic__ca_specrage_y_liu__lambda_0p1,0.8304142730372239,0.7225716925250566,0.2672525256270084
math500_r1distill8b_mn4096,math,math500,300,117,0.39,atomic__ca_specrage_y_liu__lambda_0p3,0.8281257297650739,0.7215409469870637,0.20010835080846476
math500_r1distill8b_mn4096,math,math500,300,117,0.39,atomic__ca_specrage_y_liu__lambda_1,0.8249030871981692,0.7207800479849755,0.09275874698252236
math500_r1distill8b_mn4096,math,math500,300,117,0.39,atomic__ca_specrage_y_liu__lambda_10,0.8203260006538695,0.7111078516472085,0.0035774524040984926
math500_r1distill8b_mn4096,math,math500,300,117,0.39,atomic__ca_specrage_y_liu__lambda_100,0.8197188361122788,0.7145856408503575,4.382775701255437e-05
math500_r1distill8b_mn4096,math,math500,300,117,0.39,atomic__ca_specrage_y_liu__lambda_3,0.8223810191023305,0.7189615077580609,0.02543469119133381
math500_r1distill8b_mn4096,math,math500,300,117,0.39,atomic__ca_specrage_y_liu__lambda_30,0.819858951006492,0.714832545702215,0.000461073274291685
math500_r1distill8b_mn4096,math,math500,300,117,0.39,atomic__ca_uniform_alpha_control__lambda_0,0.8317687170146186,0.7217647284371385,0.3146113734962758
math500_r1distill8b_mn4096,math,math500,300,117,0.39,atomic__ca_uniform_alpha_control__lambda_0p1,0.8310214375788146,0.7215893008148121,0.27175433546763816
math500_r1distill8b_mn4096,math,math500,300,117,0.39,atomic__ca_uniform_alpha_control__lambda_0p3,0.8296669936014199,0.7225530058975722,0.20885278996361015
math500_r1distill8b_mn4096,math,math500,300,117,0.39,atomic__ca_uniform_alpha_control__lambda_1,0.8275652701882209,0.7215222408368355,0.10204720735548527
math500_r1distill8b_mn4096,math,math500,300,117,0.39,atomic__ca_uniform_alpha_control__lambda_10,0.8258371864929243,0.7207485496880263,0.004309364229821578
math500_r1distill8b_mn4096,math,math500,300,117,0.39,atomic__ca_uniform_alpha_control__lambda_100,0.8257904815281865,0.721285687856953,5.386271611103319e-05
math500_r1distill8b_mn4096,math,math500,300,117,0.39,atomic__ca_uniform_alpha_control__lambda_3,0.8260707113166128,0.7208183809025513,0.029520267549725893
math500_r1distill8b_mn4096,math,math500,300,117,0.39,atomic__ca_uniform_alpha_control__lambda_30,0.8258371864929243,0.7213077604758693,0.0005634733372920841
math500_r1distill8b_mn4096,math,math500,300,117,0.39,atomic__uniform_y_liu__lambda_0,0.8317687170146186,0.7217647284371385,0.3146113734962758
math500_r1distill8b_mn4096,math,math500,300,117,0.39,atomic__uniform_y_liu__lambda_0p1,0.8336836205688665,0.7230245627654001,0.27342181413684835
math500_r1distill8b_mn4096,math,math500,300,117,0.39,atomic__uniform_y_liu__lambda_0p3,0.8355518191583765,0.72764948119403,0.21344323144760802
math500_r1distill8b_mn4096,math,math500,300,117,0.39,atomic__uniform_y_liu__lambda_1,0.8374667227126245,0.7298877104318772,0.10895576364458912
math500_r1distill8b_mn4096,math,math500,300,117,0.39,atomic__uniform_y_liu__lambda_10,0.837513427677362,0.7331739858609819,0.0050542303716456845
math500_r1distill8b_mn4096,math,math500,300,117,0.39,atomic__uniform_y_liu__lambda_100,0.8372331978889355,0.7327518241224661,6.463198453884006e-05
math500_r1distill8b_mn4096,math,math500,300,117,0.39,atomic__uniform_y_liu__lambda_3,0.8376535425715755,0.730926293329182,0.0332475076464307
math500_r1distill8b_mn4096,math,math500,300,117,0.39,atomic__uniform_y_liu__lambda_30,0.8373733127831487,0.7328501172627677,0.0006717796096262332
math500_r1distill8b_mn4096,math,math500,300,117,0.39,deployed_upcr,0.8333099808509644,0.7233636151852376,0.3256227853354689
math500_r1distill8b_mn4096,math,math500,300,117,0.39,dufs_liu__lambda_0,0.8317687170146186,0.7217647284371385,0.3146113734962758
math500_r1distill8b_mn4096,math,math500,300,117,0.39,dufs_liu__lambda_0p1,0.8321423567325207,0.7222557486774862,0.2812943849874107
math500_r1distill8b_mn4096,math,math500,300,117,0.39,dufs_liu__lambda_0p3,0.8332165709214889,0.7229628700588708,0.2289101082221315
math500_r1distill8b_mn4096,math,math500,300,117,0.39,dufs_liu__lambda_1,0.8336369156041287,0.7230047818910296,0.12707147635294433
math500_r1distill8b_mn4096,math,math500,300,117,0.39,dufs_liu__lambda_10,0.8340105553220307,0.7245138940148581,0.006947998781164071
math500_r1distill8b_mn4096,math,math500,300,117,0.39,dufs_liu__lambda_100,0.8340572602867684,0.7243464314674842,9.261201890146157e-05
math500_r1distill8b_mn4096,math,math500,300,117,0.39,dufs_liu__lambda_3,0.8337303255336042,0.7238521795841987,0.042548688532001645
math500_r1distill8b_mn4096,math,math500,300,117,0.39,dufs_liu__lambda_30,0.8340572602867684,0.7243464314674842,0.0009512746226108156
math500_r1distill8b_mn4096,math,math500,300,117,0.39,iu_pcr,0.8317687170146186,0.7217647284371385,0.3146113734962758
math500_r1distill8b_mn4096,math,math500,300,117,0.39,manual__adapted_specrage_y_liu__lambda_0,0.8317687170146186,0.7217647284371385,0.3146113734962758
math500_r1distill8b_mn4096,math,math500,300,117,0.39,manual__adapted_specrage_y_liu__lambda_0p1,0.8332165709214889,0.72294311453702,0.28776847767176555
math500_r1distill8b_mn4096,math,math500,300,117,0.39,manual__adapted_specrage_y_liu__lambda_0p3,0.8337770304983421,0.7240049522007395,0.2439204361510223
math500_r1distill8b_mn4096,math,math500,300,117,0.39,manual__adapted_specrage_y_liu__lambda_1,0.8346177198636215,0.7262802615331407,0.14973249958871274
math500_r1distill8b_mn4096,math,math500,300,117,0.39,manual__adapted_specrage_y_liu__lambda_10,0.83527158936995,0.727021421229698,0.01047463667689056
math500_r1distill8b_mn4096,math,math500,300,117,0.39,manual__adapted_specrage_y_liu__lambda_100,0.8353182943346878,0.7275837444908537,0.00015005875058336885
math500_r1distill8b_mn4096,math,math500,300,117,0.39,manual__adapted_specrage_y_liu__lambda_3,0.835084769510999,0.726908503412304,0.05719419549842835
math500_r1distill8b_mn4096,math,math500,300,117,0.39,manual__adapted_specrage_y_liu__lambda_30,0.8352248844052123,0.7270008082891884,0.0015092851600202756
math500_r1distill8b_mn4096,math,math500,300,117,0.39,manual__ca_global_alpha_control__lambda_0,0.8317687170146186,0.7217647284371385,0.3146113734962758
math500_r1distill8b_mn4096,math,math500,300,117,0.39,manual__ca_global_alpha_control__lambda_0p1,0.8346177198636215,0.7261988934518908,0.2908008572434758
math500_r1distill8b_mn4096,math,math500,300,117,0.39,manual__ca_global_alpha_control__lambda_0p3,0.8370463780299845,0.7291006276616571,0.2544178179695683
math500_r1distill8b_mn4096,math,math500,300,117,0.39,manual__ca_global_alpha_control__lambda_1,0.8375601326420999,0.7305410749778625,0.17205495367741508
math500_r1distill8b_mn4096,math,math500,300,117,0.39,manual__ca_global_alpha_control__lambda_10,0.8373266078184111,0.7344586615945482,0.016172021168631888
math500_r1distill8b_mn4096,math,math500,300,117,0.39,manual__ca_global_alpha_control__lambda_100,0.8372331978889356,0.7341160054159221,0.00025702458227322986
math500_r1distill8b_mn4096,math,math500,300,117,0.39,manual__ca_global_alpha_control__lambda_3,0.8370930829947223,0.7327610513642859,0.07616725010090122
math500_r1distill8b_mn4096,math,math500,300,117,0.39,manual__ca_global_alpha_control__lambda_30,0.8372799028536733,0.734254094839726,0.00250567915961268
math500_r1distill8b_mn4096,math,math500,300,117,0.39,manual__ca_permuted_alpha_control__lambda_0,0.8317687170146186,0.7217647284371385,0.3146113734962758
math500_r1distill8b_mn4096,math,math500,300,117,0.39,manual__ca_permuted_alpha_control__lambda_0p1,0.8346644248283592,0.7264295754549401,0.2907309361709261
math500_r1distill8b_mn4096,math,math500,300,117,0.39,manual__ca_permuted_alpha_control__lambda_0p3,0.8369996730652468,0.7290162826472797,0.25410965809242836
math500_r1distill8b_mn4096,math,math500,300,117,0.39,manual__ca_permuted_alpha_control__lambda_1,0.8376535425715755,0.730926293329182,0.17129165587777084
math500_r1distill8b_mn4096,math,math500,300,117,0.39,manual__ca_permuted_alpha_control__lambda_10,0.8371864929241979,0.7325499776866679,0.015924721435211595
math500_r1distill8b_mn4096,math,math500,300,117,0.39,manual__ca_permuted_alpha_control__lambda_100,0.8372799028536734,0.7344372506726633,0.00025202298732836324
math500_r1distill8b_mn4096,math,math500,300,117,0.39,manual__ca_permuted_alpha_control__lambda_3,0.8371864929241979,0.7327241402651471,0.07543018200996028
math500_r1distill8b_mn4096,math,math500,300,117,0.39,manual__ca_permuted_alpha_control__lambda_30,0.8371864929241979,0.7343147916161047,0.002460110352105478
math500_r1distill8b_mn4096,math,math500,300,117,0.39,manual__ca_specrage_alpha_liu__lambda_0,0.8317687170146186,0.7217647284371385,0.3146113734962758
math500_r1distill8b_mn4096,math,math500,300,117,0.39,manual__ca_specrage_alpha_liu__lambda_0p1,0.8347578347578348,0.7267817499254661,0.2913150562654545
math500_r1distill8b_mn4096,math,math500,300,117,0.39,manual__ca_specrage_alpha_liu__lambda_0p3,0.8374200177478865,0.7296982027574274,0.2558683668714994
math500_r1distill8b_mn4096,math,math500,300,117,0.39,manual__ca_specrage_alpha_liu__lambda_1,0.8376535425715754,0.7335825488789135,0.174993923763243
math500_r1distill8b_mn4096,math,math500,300,117,0.39,manual__ca_specrage_alpha_liu__lambda_10,0.8372331978889356,0.7341160054159221,0.017074401897087612
math500_r1distill8b_mn4096,math,math500,300,117,0.39,manual__ca_specrage_alpha_liu__lambda_100,0.8371864929241978,0.7363204307168669,0.0002753700129935228
math500_r1distill8b_mn4096,math,math500,300,117,0.39,manual__ca_specrage_alpha_liu__lambda_3,0.8369996730652468,0.7324977746260543,0.0788691703458987
math500_r1distill8b_mn4096,math,math500,300,117,0.39,manual__ca_specrage_alpha_liu__lambda_30,0.8371397879594601,0.7365680439054253,0.0026724836796864857
math500_r1distill8b_mn4096,math,math500,300,117,0.39,manual__ca_specrage_y_liu__lambda_0,0.8317687170146186,0.7217647284371385,0.3146113734962758
math500_r1distill8b_mn4096,math,math500,300,117,0.39,manual__ca_specrage_y_liu__lambda_0p1,0.8342907851104573,0.723633802894632,0.27504312608699377
math500_r1distill8b_mn4096,math,math500,300,117,0.39,manual__ca_specrage_y_liu__lambda_0p3,0.8374200177478865,0.7296982027574274,0.2185494796299189
math500_r1distill8b_mn4096,math,math500,300,117,0.39,manual__ca_specrage_y_liu__lambda_1,0.8369996730652468,0.7324977746260543,0.11769201461312319
math500_r1distill8b_mn4096,math,math500,300,117,0.39,manual__ca_specrage_y_liu__lambda_10,0.8368595581710337,0.7380617875325325,0.006185881908457526
math500_r1distill8b_mn4096,math,math500,300,117,0.39,manual__ca_specrage_y_liu__lambda_100,0.8365326234178694,0.7376544169145367,8.171408922995815e-05
math500_r1distill8b_mn4096,math,math500,300,117,0.39,manual__ca_specrage_y_liu__lambda_3,0.8363925085236561,0.7343900121450779,0.0384928193646239
math500_r1distill8b_mn4096,math,math500,300,117,0.39,manual__ca_specrage_y_liu__lambda_30,0.8367661482415581,0.7381386718460027,0.000841487411502431
math500_r1distill8b_mn4096,math,math500,300,117,0.39,manual__ca_uniform_alpha_control__lambda_0,0.8317687170146186,0.7217647284371385,0.3146113734962758
math500_r1distill8b_mn4096,math,math500,300,117,0.39,manual__ca_uniform_alpha_control__lambda_0p1,0.833590210639391,0.7230803053240967,0.28824207272747465
math500_r1distill8b_mn4096,math,math500,300,117,0.39,manual__ca_uniform_alpha_control__lambda_0p3,0.8347578347578348,0.7267817499254661,0.24562627764331035
math500_r1distill8b_mn4096,math,math500,300,117,0.39,manual__ca_uniform_alpha_control__lambda_1,0.8360188688057542,0.726605395125303,0.15323660969374156
math500_r1distill8b_mn4096,math,math500,300,117,0.39,manual__ca_uniform_alpha_control__lambda_10,0.8366260333473448,0.7282084892800843,0.011220989983333788
math500_r1distill8b_mn4096,math,math500,300,117,0.39,manual__ca_uniform_alpha_control__lambda_100,0.8369996730652467,0.7289393956423005,0.00016314136421674365
math500_r1distill8b_mn4096,math,math500,300,117,0.39,manual__ca_uniform_alpha_control__lambda_3,0.8364859184531316,0.7268624345305614,0.05992578611585151
math500_r1distill8b_mn4096,math,math500,300,117,0.39,manual__ca_uniform_alpha_control__lambda_30,0.8369996730652467,0.7289322174515402,0.0016337141189196457
math500_r1distill8b_mn4096,math,math500,300,117,0.39,manual__uniform_y_liu__lambda_0,0.8317687170146186,0.7217647284371385,0.3146113734962758
math500_r1distill8b_mn4096,math,math500,300,117,0.39,manual__uniform_y_liu__lambda_0p1,0.8296669936014199,0.7225530058975722,0.26845568622413657
math500_r1distill8b_mn4096,math,math500,300,117,0.39,manual__uniform_y_liu__lambda_0p3,0.8259305964223996,0.7206514570654249,0.20295277717479862
math500_r1distill8b_mn4096,math,math500,300,117,0.39,manual__uniform_y_liu__lambda_1,0.8195787212180656,0.7145470874946062,0.0964011760749827
math500_r1distill8b_mn4096,math,math500,300,117,0.39,manual__uniform_y_liu__lambda_10,0.8135537807668957,0.7125956355127746,0.0038984220149198816
math500_r1distill8b_mn4096,math,math500,300,117,0.39,manual__uniform_y_liu__lambda_100,0.8128065013310914,0.7121629404249983,4.8276218649173525e-05
math500_r1distill8b_mn4096,math,math500,300,117,0.39,manual__uniform_y_liu__lambda_3,0.8151884545327168,0.7135678999524782,0.027173566977519457
math500_r1distill8b_mn4096,math,math500,300,117,0.39,manual__uniform_y_liu__lambda_30,0.8128065013310914,0.71217942706357,0.0005063434246877051
math500_r1distill8b_mn4096,math,math500,300,117,0.39,micro__adapted_specrage_y_liu__lambda_0,0.8317687170146186,0.7217647284371385,0.3146113734962758
math500_r1distill8b_mn4096,math,math500,300,117,0.39,micro__adapted_specrage_y_liu__lambda_0p1,0.8336369156041288,0.7229531144180896,0.28150563268125456
math500_r1distill8b_mn4096,math,math500,300,117,0.39,micro__adapted_specrage_y_liu__lambda_0p3,0.83527158936995,0.727021421229698,0.23054904874007215
math500_r1distill8b_mn4096,math,math500,300,117,0.39,micro__adapted_specrage_y_liu__lambda_1,0.8368128532062957,0.7283303789010185,0.13080427107067463
math500_r1distill8b_mn4096,math,math500,300,117,0.39,micro__adapted_specrage_y_liu__lambda_10,0.8374200177478867,0.7299348182722222,0.007559081341815004
math500_r1distill8b_mn4096,math,math500,300,117,0.39,micro__adapted_specrage_y_liu__lambda_100,0.8375601326420998,0.7299284905966508,0.00010232662450668918
math500_r1distill8b_mn4096,math,math500,300,117,0.39,micro__adapted_specrage_y_liu__lambda_3,0.8375134276773621,0.7302743822302618,0.045131123609994446
math500_r1distill8b_mn4096,math,math500,300,117,0.39,micro__adapted_specrage_y_liu__lambda_30,0.8374200177478867,0.7299833189775102,0.0010463778136278368
math500_r1distill8b_mn4096,math,math500,300,117,0.39,micro__ca_global_alpha_control__lambda_0,0.8317687170146186,0.7217647284371385,0.3146113734962758
math500_r1distill8b_mn4096,math,math500,300,117,0.39,micro__ca_global_alpha_control__lambda_0p1,0.8316286021204055,0.721680117475057,0.2820155672887275
math500_r1distill8b_mn4096,math,math500,300,117,0.39,micro__ca_global_alpha_control__lambda_0p3,0.8313950772967167,0.7215322492976366,0.23037722273549122
math500_r1distill8b_mn4096,math,math500,300,117,0.39,micro__ca_global_alpha_control__lambda_1,0.8309280276493392,0.7212883251423917,0.1289580748722453
math500_r1distill8b_mn4096,math,math500,300,117,0.39,micro__ca_global_alpha_control__lambda_10,0.8310681425435523,0.7215283874128875,0.007181297361404229
math500_r1distill8b_mn4096,math,math500,300,117,0.39,micro__ca_global_alpha_control__lambda_100,0.8311148475082901,0.7215679531586412,9.619604198578357e-05
math500_r1distill8b_mn4096,math,math500,300,117,0.39,micro__ca_global_alpha_control__lambda_3,0.8312082574377656,0.7215995073669068,0.04361712022267663
math500_r1distill8b_mn4096,math,math500,300,117,0.39,micro__ca_global_alpha_control__lambda_30,0.8311148475082901,0.7215679531586412,0.000986682858348734
math500_r1distill8b_mn4096,math,math500,300,117,0.39,micro__ca_permuted_alpha_control__lambda_0,0.8317687170146186,0.7217647284371385,0.3146113734962758
math500_r1distill8b_mn4096,math,math500,300,117,0.39,micro__ca_permuted_alpha_control__lambda_0p1,0.8316753070851431,0.721722281545998,0.2819893841091446
math500_r1distill8b_mn4096,math,math500,300,117,0.39,micro__ca_permuted_alpha_control__lambda_0p3,0.8316753070851431,0.7218138510511017,0.23031427773946594
math500_r1distill8b_mn4096,math,math500,300,117,0.39,micro__ca_permuted_alpha_control__lambda_1,0.8313950772967166,0.7215348891255412,0.12886452019923833
math500_r1distill8b_mn4096,math,math500,300,117,0.39,micro__ca_permuted_alpha_control__lambda_10,0.8312082574377656,0.7214427217597448,0.0071685860568277285
math500_r1distill8b_mn4096,math,math500,300,117,0.39,micro__ca_permuted_alpha_control__lambda_100,0.8310214375788147,0.7213379975306149,9.599827537094707e-05
math500_r1distill8b_mn4096,math,math500,300,117,0.39,micro__ca_permuted_alpha_control__lambda_3,0.8312549624025034,0.7213959138642021,0.04356055537662904
math500_r1distill8b_mn4096,math,math500,300,117,0.39,micro__ca_permuted_alpha_control__lambda_30,0.8310681425435523,0.7213853959679954,0.0009847356683581417
math500_r1distill8b_mn4096,math,math500,300,117,0.39,micro__ca_specrage_alpha_liu__lambda_0,0.8317687170146186,0.7217647284371385,0.3146113734962758
math500_r1distill8b_mn4096,math,math500,300,117,0.39,micro__ca_specrage_alpha_liu__lambda_0p1,0.8316286021204055,0.7217901860528175,0.28268602776144147
math500_r1distill8b_mn4096,math,math500,300,117,0.39,micro__ca_specrage_alpha_liu__lambda_0p3,0.8309280276493392,0.7212883251423917,0.2318820863149288
math500_r1distill8b_mn4096,math,math500,300,117,0.39,micro__ca_specrage_alpha_liu__lambda_1,0.8309747326140768,0.721460300687587,0.13109177771238495
math500_r1distill8b_mn4096,math,math500,300,117,0.39,micro__ca_specrage_alpha_liu__lambda_10,0.8304609780019616,0.7226459102463332,0.007467801346865004
math500_r1distill8b_mn4096,math,math500,300,117,0.39,micro__ca_specrage_alpha_liu__lambda_100,0.830367568072486,0.7225714954339837,0.00010066103170438409
math500_r1distill8b_mn4096,math,math500,300,117,0.39,micro__ca_specrage_alpha_liu__lambda_3,0.8306010928961749,0.7226670667499299,0.044892161145040736
math500_r1distill8b_mn4096,math,math500,300,117,0.39,micro__ca_specrage_alpha_liu__lambda_30,0.830367568072486,0.7225714954339837,0.0010306194504741426
math500_r1distill8b_mn4096,math,math500,300,117,0.39,micro__ca_specrage_y_liu__lambda_0,0.8317687170146186,0.7217647284371385,0.3146113734962758
math500_r1distill8b_mn4096,math,math500,300,117,0.39,micro__ca_specrage_y_liu__lambda_0p1,0.8320022418383074,0.721912290837289,0.2635811589677463
math500_r1distill8b_mn4096,math,math500,300,117,0.39,micro__ca_specrage_y_liu__lambda_0p3,0.833216570921489,0.7230417278844141,0.1928489372882269
math500_r1distill8b_mn4096,math,math500,300,117,0.39,micro__ca_specrage_y_liu__lambda_1,0.8339171453925553,0.7240902175308748,0.08511334810816974
math500_r1distill8b_mn4096,math,math500,300,117,0.39,micro__ca_specrage_y_liu__lambda_10,0.8350380645462613,0.7268843755781689,0.0030190227999355662
math500_r1distill8b_mn4096,math,math500,300,117,0.39,micro__ca_specrage_y_liu__lambda_100,0.83527158936995,0.727021421229698,3.6332493045113645e-05
math500_r1distill8b_mn4096,math,math500,300,117,0.39,micro__ca_specrage_y_liu__lambda_3,0.8346644248283592,0.7264295754549401,0.02220235452104326
math500_r1distill8b_mn4096,math,math500,300,117,0.39,micro__ca_specrage_y_liu__lambda_30,0.8352248844052124,0.7269970459305974,0.00038412494837404304
math500_r1distill8b_mn4096,math,math500,300,117,0.39,micro__ca_uniform_alpha_control__lambda_0,0.8317687170146186,0.7217647284371385,0.3146113734962758
math500_r1distill8b_mn4096,math,math500,300,117,0.39,micro__ca_uniform_alpha_control__lambda_0p1,0.8319088319088319,0.7218897930108807,0.28384308230623817
math500_r1distill8b_mn4096,math,math500,300,117,0.39,micro__ca_uniform_alpha_control__lambda_0p3,0.8320956517677829,0.7221393677082256,0.2344545136561093
math500_r1distill8b_mn4096,math,math500,300,117,0.39,micro__ca_uniform_alpha_control__lambda_1,0.8320022418383075,0.72202498497586,0.13475893216726875
math500_r1distill8b_mn4096,math,math500,300,117,0.39,micro__ca_uniform_alpha_control__lambda_10,0.8320022418383073,0.7219397401630276,0.007979281424296148
math500_r1distill8b_mn4096,math,math500,300,117,0.39,micro__ca_uniform_alpha_control__lambda_100,0.8320489468030451,0.7220282185123754,0.00010872798584036232
math500_r1distill8b_mn4096,math,math500,300,117,0.39,micro__ca_uniform_alpha_control__lambda_3,0.8320022418383074,0.721912290837289,0.04712607983138497
math500_r1distill8b_mn4096,math,math500,300,117,0.39,micro__ca_uniform_alpha_control__lambda_30,0.8320489468030451,0.7220282185123754,0.0011097242923981756
math500_r1distill8b_mn4096,math,math500,300,117,0.39,micro__uniform_y_liu__lambda_0,0.8317687170146186,0.7217647284371385,0.3146113734962758
math500_r1distill8b_mn4096,math,math500,300,117,0.39,micro__uniform_y_liu__lambda_0p1,0.834150670216244,0.724332980260602,0.29084962950492854
math500_r1distill8b_mn4096,math,math500,300,117,0.39,micro__uniform_y_liu__lambda_0p3,0.835832048946803,0.7263454000031985,0.25304422724982295
math500_r1distill8b_mn4096,math,math500,300,117,0.39,micro__uniform_y_liu__lambda_1,0.8374667227126243,0.7302020734056995,0.1674302941633275
math500_r1distill8b_mn4096,math,math500,300,117,0.39,micro__uniform_y_liu__lambda_10,0.8371864929241978,0.7297300449508761,0.014602630054630326
math500_r1distill8b_mn4096,math,math500,300,117,0.39,micro__uniform_y_liu__lambda_100,0.8371397879594601,0.7295756828837726,0.0002255819262554185
math500_r1distill8b_mn4096,math,math500,300,117,0.39,micro__uniform_y_liu__lambda_3,0.8374200177478867,0.7299175286925724,0.07148192249428026
math500_r1distill8b_mn4096,math,math500,300,117,0.39,micro__uniform_y_liu__lambda_30,0.8372331978889356,0.7295675500785186,0.002218271683867296
math500_r1distill8b_mn4096,math,math500,300,117,0.39,raw_uniform_liu__lambda_0,0.8317687170146186,0.7217647284371385,0.3146113734962758
math500_r1distill8b_mn4096,math,math500,300,117,0.39,raw_uniform_liu__lambda_0p1,0.8320956517677829,0.7220639217581508,0.2797431299212053
math500_r1distill8b_mn4096,math,math500,300,117,0.39,raw_uniform_liu__lambda_0p3,0.8325627014151605,0.7228270458792807,0.22544991203964146
math500_r1distill8b_mn4096,math,math500,300,117,0.39,raw_uniform_liu__lambda_1,0.8333099808509644,0.7228668935668463,0.12230572867011527
math500_r1distill8b_mn4096,math,math500,300,117,0.39,raw_uniform_liu__lambda_10,0.8334968007099155,0.7230143321138451,0.006355991200994718
math500_r1distill8b_mn4096,math,math500,300,117,0.39,raw_uniform_liu__lambda_100,0.833590210639391,0.7230803053240967,8.358366145814984e-05
math500_r1distill8b_mn4096,math,math500,300,117,0.39,raw_uniform_liu__lambda_3,0.8334968007099154,0.7229097059298485,0.039818171529777305
math500_r1distill8b_mn4096,math,math500,300,117,0.39,raw_uniform_liu__lambda_30,0.833590210639391,0.7230803053240967,0.0008618767500329599
trace_gsm8k_llama8b_k10,math,gsm8k,5000,3680,0.736,atomic__adapted_specrage_y_liu__lambda_0,0.8135828392621871,0.9077833350862548,0.29718869571451184
trace_gsm8k_llama8b_k10,math,gsm8k,5000,3680,0.736,atomic__adapted_specrage_y_liu__lambda_0p1,0.8134412055335969,0.9078957784309395,0.2531028604200438
trace_gsm8k_llama8b_k10,math,gsm8k,5000,3680,0.736,atomic__adapted_specrage_y_liu__lambda_0p3,0.8131270586297761,0.9079181163889731,0.19035630056180622
trace_gsm8k_llama8b_k10,math,gsm8k,5000,3680,0.736,atomic__adapted_specrage_y_liu__lambda_1,0.812201498682477,0.9075177899911929,0.08915183570792055
trace_gsm8k_llama8b_k10,math,gsm8k,5000,3680,0.736,atomic__adapted_specrage_y_liu__lambda_10,0.8108273633069828,0.9065686716651543,0.0035078335208239865
trace_gsm8k_llama8b_k10,math,gsm8k,5000,3680,0.736,atomic__adapted_specrage_y_liu__lambda_100,0.8105741518445322,0.906378308756701,4.3172384778541365e-05
trace_gsm8k_llama8b_k10,math,gsm8k,5000,3680,0.736,atomic__adapted_specrage_y_liu__lambda_3,0.8113418148880105,0.9069555773762862,0.024731088159670254
trace_gsm8k_llama8b_k10,math,gsm8k,5000,3680,0.736,atomic__adapted_specrage_y_liu__lambda_30,0.8106595849802372,0.90644031125202,0.00045359461635077693
trace_gsm8k_llama8b_k10,math,gsm8k,5000,3680,0.736,atomic__ca_global_alpha_control__lambda_0,0.8135828392621871,0.9077833350862548,0.29718869571451184
trace_gsm8k_llama8b_k10,math,gsm8k,5000,3680,0.736,atomic__ca_global_alpha_control__lambda_0p1,0.8135616353754941,0.9076652630773236,0.24994162665867845
trace_gsm8k_llama8b_k10,math,gsm8k,5000,3680,0.736,atomic__ca_global_alpha_control__lambda_0p3,0.8135667819499341,0.9075779426357583,0.18391790842417596
trace_gsm8k_llama8b_k10,math,gsm8k,5000,3680,0.736,atomic__ca_global_alpha_control__lambda_1,0.813500082345191,0.9073296128657844,0.08203422933875167
trace_gsm8k_llama8b_k10,math,gsm8k,5000,3680,0.736,atomic__ca_global_alpha_control__lambda_10,0.8134092967720685,0.9070526176175311,0.0029554985432125014
trace_gsm8k_llama8b_k10,math,gsm8k,5000,3680,0.736,atomic__ca_global_alpha_control__lambda_100,0.8133769762845849,0.9070029798474015,3.567762388574866e-05
trace_gsm8k_llama8b_k10,math,gsm8k,5000,3680,0.736,atomic__ca_global_alpha_control__lambda_3,0.813440587944664,0.9071840535754119,0.02160441199377439
trace_gsm8k_llama8b_k10,math,gsm8k,5000,3680,0.736,atomic__ca_global_alpha_control__lambda_30,0.8133817111330699,0.9070109642414901,0.0003768808886220944
trace_gsm8k_llama8b_k10,math,gsm8k,5000,3680,0.736,atomic__ca_permuted_alpha_control__lambda_0,0.8135828392621871,0.9077833350862548,0.29718869571451184
trace_gsm8k_llama8b_k10,math,gsm8k,5000,3680,0.736,atomic__ca_permuted_alpha_control__lambda_0p1,0.8135649291831358,0.9076661183332742,0.24988262995579472
trace_gsm8k_llama8b_k10,math,gsm8k,5000,3680,0.736,atomic__ca_permuted_alpha_control__lambda_0p3,0.8135622529644269,0.9075667099897675,0.18380749045232406
trace_gsm8k_llama8b_k10,math,gsm8k,5000,3680,0.736,atomic__ca_permuted_alpha_control__lambda_1,0.8134893774703557,0.9073174218451785,0.08192666578742512
trace_gsm8k_llama8b_k10,math,gsm8k,5000,3680,0.736,atomic__ca_permuted_alpha_control__lambda_10,0.8133911808300394,0.9070284382932658,0.0029483061987891266
trace_gsm8k_llama8b_k10,math,gsm8k,5000,3680,0.736,atomic__ca_permuted_alpha_control__lambda_100,0.8133580368906457,0.9069798696463638,3.558258379307682e-05
trace_gsm8k_llama8b_k10,math,gsm8k,5000,3680,0.736,atomic__ca_permuted_alpha_control__lambda_3,0.8134307065217391,0.9071533217344665,0.021561428167248976
trace_gsm8k_llama8b_k10,math,gsm8k,5000,3680,0.736,atomic__ca_permuted_alpha_control__lambda_30,0.8133720355731225,0.9069975385532589,0.00037590100130989457
trace_gsm8k_llama8b_k10,math,gsm8k,5000,3680,0.736,atomic__ca_specrage_alpha_liu__lambda_0,0.8135828392621871,0.9077833350862548,0.29718869571451184
trace_gsm8k_llama8b_k10,math,gsm8k,5000,3680,0.736,atomic__ca_specrage_alpha_liu__lambda_0p1,0.8135688405797101,0.9077580909419655,0.25136214751471625
trace_gsm8k_llama8b_k10,math,gsm8k,5000,3680,0.736,atomic__ca_specrage_alpha_liu__lambda_0p3,0.8135729578392623,0.9077257479711548,0.18659412779379103
trace_gsm8k_llama8b_k10,math,gsm8k,5000,3680,0.736,atomic__ca_specrage_alpha_liu__lambda_1,0.8135706933465086,0.90770529891174,0.08467886486987175
trace_gsm8k_llama8b_k10,math,gsm8k,5000,3680,0.736,atomic__ca_specrage_alpha_liu__lambda_10,0.8135676054018445,0.9076583121843107,0.003136690125374346
trace_gsm8k_llama8b_k10,math,gsm8k,5000,3680,0.736,atomic__ca_specrage_alpha_liu__lambda_100,0.8135620471014493,0.9076538173129214,3.808413900292364e-05
trace_gsm8k_llama8b_k10,math,gsm8k,5000,3680,0.736,atomic__ca_specrage_alpha_liu__lambda_3,0.8135694581686429,0.9076682716529386,0.02267675871793832
trace_gsm8k_llama8b_k10,math,gsm8k,5000,3680,0.736,atomic__ca_specrage_alpha_liu__lambda_30,0.8135624588274046,0.9076542505720109,0.0004016575654585282
trace_gsm8k_llama8b_k10,math,gsm8k,5000,3680,0.736,atomic__ca_specrage_y_liu__lambda_0,0.8135828392621871,0.9077833350862548,0.29718869571451184
trace_gsm8k_llama8b_k10,math,gsm8k,5000,3680,0.736,atomic__ca_specrage_y_liu__lambda_0p1,0.813557518115942,0.9076262748664539,0.2466766898724758
trace_gsm8k_llama8b_k10,math,gsm8k,5000,3680,0.736,atomic__ca_specrage_y_liu__lambda_0p3,0.8135276679841897,0.9073977010381025,0.17788369343105645
trace_gsm8k_llama8b_k10,math,gsm8k,5000,3680,0.736,atomic__ca_specrage_y_liu__lambda_1,0.8133244812252964,0.9069171025935137,0.07631745494625651
trace_gsm8k_llama8b_k10,math,gsm8k,5000,3680,0.736,atomic__ca_specrage_y_liu__lambda_10,0.8127482707509881,0.9060143498783115,0.0025912969374782767
trace_gsm8k_llama8b_k10,math,gsm8k,5000,3680,0.736,atomic__ca_specrage_y_liu__lambda_100,0.8125903738471674,0.9058400305489069,3.091376342055978e-05
trace_gsm8k_llama8b_k10,math,gsm8k,5000,3680,0.736,atomic__ca_specrage_y_liu__lambda_3,0.8130354496047432,0.9063943635280055,0.019385006726912547
trace_gsm8k_llama8b_k10,math,gsm8k,5000,3680,0.736,atomic__ca_specrage_y_liu__lambda_30,0.8126366930171277,0.9058816543259052,0.0003276253865934116
trace_gsm8k_llama8b_k10,math,gsm8k,5000,3680,0.736,atomic__ca_uniform_alpha_control__lambda_0,0.8135828392621871,0.9077833350862548,0.29718869571451184
trace_gsm8k_llama8b_k10,math,gsm8k,5000,3680,0.736,atomic__ca_uniform_alpha_control__lambda_0p1,0.8135684288537549,0.9076488324466531,0.24928994369703014
trace_gsm8k_llama8b_k10,math,gsm8k,5000,3680,0.736,atomic__ca_uniform_alpha_control__lambda_0p3,0.8135597826086957,0.907468262235595,0.18272545787144767
trace_gsm8k_llama8b_k10,math,gsm8k,5000,3680,0.736,atomic__ca_uniform_alpha_control__lambda_1,0.8134220602766797,0.9070879415264146,0.08091567569987361
trace_gsm8k_llama8b_k10,math,gsm8k,5000,3680,0.736,atomic__ca_uniform_alpha_control__lambda_10,0.8131404397233201,0.9065717314829238,0.00288410703187576
trace_gsm8k_llama8b_k10,math,gsm8k,5000,3680,0.736,atomic__ca_uniform_alpha_control__lambda_100,0.8130817687747036,0.9064592021157368,3.4741781812198e-05
trace_gsm8k_llama8b_k10,math,gsm8k,5000,3680,0.736,atomic__ca_uniform_alpha_control__lambda_3,0.8132429594861661,0.9067821589553458,0.021170523628912804
trace_gsm8k_llama8b_k10,math,gsm8k,5000,3680,0.736,atomic__ca_uniform_alpha_control__lambda_30,0.8130924736495388,0.9064691391738633,0.00036721108592298345
trace_gsm8k_llama8b_k10,math,gsm8k,5000,3680,0.736,atomic__uniform_y_liu__lambda_0,0.8135828392621871,0.9077833350862548,0.29718869571451184
trace_gsm8k_llama8b_k10,math,gsm8k,5000,3680,0.736,atomic__uniform_y_liu__lambda_0p1,0.8134150609354414,0.9079113986377626,0.25523635914688664
trace_gsm8k_llama8b_k10,math,gsm8k,5000,3680,0.736,atomic__uniform_y_liu__lambda_0p3,0.8130475955204216,0.9079029063328621,0.19464642325087028
trace_gsm8k_llama8b_k10,math,gsm8k,5000,3680,0.736,atomic__uniform_y_liu__lambda_1,0.8120874505928855,0.9074687942167852,0.09389034489745571
trace_gsm8k_llama8b_k10,math,gsm8k,5000,3680,0.736,atomic__uniform_y_liu__lambda_10,0.8107701333992094,0.9065348939705482,0.003892171514946711
trace_gsm8k_llama8b_k10,math,gsm8k,5000,3680,0.736,atomic__uniform_y_liu__lambda_100,0.8105305088932807,0.9063538963713247,4.846117010046296e-05
trace_gsm8k_llama8b_k10,math,gsm8k,5000,3680,0.736,atomic__uniform_y_liu__lambda_3,0.8112504117259552,0.9068960669657959,0.026857824874565107
trace_gsm8k_llama8b_k10,math,gsm8k,5000,3680,0.736,atomic__uniform_y_liu__lambda_30,0.8106072957839261,0.9064029402255084,0.0005075112217178064
trace_gsm8k_llama8b_k10,math,gsm8k,5000,3680,0.736,deployed_upcr,0.8097622282608696,0.9061206352450195,0.3155545827801927
trace_gsm8k_llama8b_k10,math,gsm8k,5000,3680,0.736,dufs_liu__lambda_0,0.8135828392621871,0.9077833350862548,0.29718869571451184
trace_gsm8k_llama8b_k10,math,gsm8k,5000,3680,0.736,dufs_liu__lambda_0p1,0.813556488801054,0.9076212115493119,0.2570718621530411
trace_gsm8k_llama8b_k10,math,gsm8k,5000,3680,0.736,dufs_liu__lambda_0p3,0.8135573122529645,0.9074543583683199,0.19793284383316226
trace_gsm8k_llama8b_k10,math,gsm8k,5000,3680,0.736,dufs_liu__lambda_1,0.8134432641633729,0.9071976589037949,0.09702129941897222
trace_gsm8k_llama8b_k10,math,gsm8k,5000,3680,0.736,dufs_liu__lambda_10,0.8133201581027669,0.9069185455841074,0.004118596415285967
trace_gsm8k_llama8b_k10,math,gsm8k,5000,3680,0.736,dufs_liu__lambda_100,0.8132919548748354,0.9068644267361261,5.153837995261574e-05
trace_gsm8k_llama8b_k10,math,gsm8k,5000,3680,0.736,dufs_liu__lambda_3,0.8133615365612648,0.906988481208184,0.02815300608750221
trace_gsm8k_llama8b_k10,math,gsm8k,5000,3680,0.736,dufs_liu__lambda_30,0.8133041007905139,0.9068723820960138,0.0005389813049239287
trace_gsm8k_llama8b_k10,math,gsm8k,5000,3680,0.736,iu_pcr,0.8135828392621871,0.9077833350862548,0.29718869571451184
trace_gsm8k_llama8b_k10,math,gsm8k,5000,3680,0.736,manual__adapted_specrage_y_liu__lambda_0,0.8135828392621871,0.9077833350862548,0.29718869571451184
trace_gsm8k_llama8b_k10,math,gsm8k,5000,3680,0.736,manual__adapted_specrage_y_liu__lambda_0p1,0.8135519598155467,0.9078342242791052,0.24889411125137484
trace_gsm8k_llama8b_k10,math,gsm8k,5000,3680,0.736,manual__adapted_specrage_y_liu__lambda_0p3,0.813459733201581,0.9078775753350782,0.18196769164358598
trace_gsm8k_llama8b_k10,math,gsm8k,5000,3680,0.736,manual__adapted_specrage_y_liu__lambda_1,0.8132917490118576,0.9079348766799819,0.08015688088277281
trace_gsm8k_llama8b_k10,math,gsm8k,5000,3680,0.736,manual__adapted_specrage_y_liu__lambda_10,0.8129086380105401,0.9078761157123391,0.0028324928714474353
trace_gsm8k_llama8b_k10,math,gsm8k,5000,3680,0.736,manual__adapted_specrage_y_liu__lambda_100,0.8128127058629775,0.9078424887009243,3.405900998012021e-05
trace_gsm8k_llama8b_k10,math,gsm8k,5000,3680,0.736,manual__adapted_specrage_y_liu__lambda_3,0.8130494482872199,0.9079041575983218,0.02086331072504589
trace_gsm8k_llama8b_k10,math,gsm8k,5000,3680,0.736,manual__adapted_specrage_y_liu__lambda_30,0.8128240283267458,0.907841226436555,0.0003601732196758827
trace_gsm8k_llama8b_k10,math,gsm8k,5000,3680,0.736,manual__ca_global_alpha_control__lambda_0,0.8135828392621871,0.9077833350862548,0.29718869571451184
trace_gsm8k_llama8b_k10,math,gsm8k,5000,3680,0.736,manual__ca_global_alpha_control__lambda_0p1,0.8135377552700922,0.9078423884216145,0.2575455092725144
trace_gsm8k_llama8b_k10,math,gsm8k,5000,3680,0.736,manual__ca_global_alpha_control__lambda_0p3,0.8134492341897234,0.9079001741104169,0.19888975488636929
trace_gsm8k_llama8b_k10,math,gsm8k,5000,3680,0.736,manual__ca_global_alpha_control__lambda_1,0.8133111001317523,0.9079438017677196,0.09811474459448732
trace_gsm8k_llama8b_k10,math,gsm8k,5000,3680,0.736,manual__ca_global_alpha_control__lambda_10,0.8131262351778656,0.9079176178789009,0.004214676469897576
trace_gsm8k_llama8b_k10,math,gsm8k,5000,3680,0.736,manual__ca_global_alpha_control__lambda_100,0.8130873270750987,0.9079119964719706,5.2885378663107454e-05
trace_gsm8k_llama8b_k10,math,gsm8k,5000,3680,0.736,manual__ca_global_alpha_control__lambda_3,0.8131742012516469,0.9079172862178557,0.02866687612893594
trace_gsm8k_llama8b_k10,math,gsm8k,5000,3680,0.736,manual__ca_global_alpha_control__lambda_30,0.8130984436758893,0.9079231805323782,0.0005526416725617757
trace_gsm8k_llama8b_k10,math,gsm8k,5000,3680,0.736,manual__ca_permuted_alpha_control__lambda_0,0.8135828392621871,0.9077833350862548,0.29718869571451184
trace_gsm8k_llama8b_k10,math,gsm8k,5000,3680,0.736,manual__ca_permuted_alpha_control__lambda_0p1,0.8135344614624506,0.9078398956059043,0.2574703034458524
trace_gsm8k_llama8b_k10,math,gsm8k,5000,3680,0.736,manual__ca_permuted_alpha_control__lambda_0p3,0.8134403820816866,0.9078963930159967,0.19873873443364645
trace_gsm8k_llama8b_k10,math,gsm8k,5000,3680,0.736,manual__ca_permuted_alpha_control__lambda_1,0.8133057476943345,0.907943489040403,0.09794337562195037
trace_gsm8k_llama8b_k10,math,gsm8k,5000,3680,0.736,manual__ca_permuted_alpha_control__lambda_10,0.8131142951251648,0.9079222678197336,0.00419965445175248
trace_gsm8k_llama8b_k10,math,gsm8k,5000,3680,0.736,manual__ca_permuted_alpha_control__lambda_100,0.813073740118577,0.9079098504623048,5.267469917083121e-05
trace_gsm8k_llama8b_k10,math,gsm8k,5000,3680,0.736,manual__ca_permuted_alpha_control__lambda_3,0.8131641139657444,0.9079127240806587,0.028586531847788837
trace_gsm8k_llama8b_k10,math,gsm8k,5000,3680,0.736,manual__ca_permuted_alpha_control__lambda_30,0.8130848567193676,0.907913948757852,0.0005505053692957434
trace_gsm8k_llama8b_k10,math,gsm8k,5000,3680,0.736,manual__ca_specrage_alpha_liu__lambda_0,0.8135828392621871,0.9077833350862548,0.29718869571451184
trace_gsm8k_llama8b_k10,math,gsm8k,5000,3680,0.736,manual__ca_specrage_alpha_liu__lambda_0p1,0.8135157279314889,0.9078299245610602,0.25784274476897734
trace_gsm8k_llama8b_k10,math,gsm8k,5000,3680,0.736,manual__ca_specrage_alpha_liu__lambda_0p3,0.8134179430171278,0.9079161913944662,0.1995205111159313
trace_gsm8k_llama8b_k10,math,gsm8k,5000,3680,0.736,manual__ca_specrage_alpha_liu__lambda_1,0.8132425477602108,0.9079274170400806,0.0988770419327677
trace_gsm8k_llama8b_k10,math,gsm8k,5000,3680,0.736,manual__ca_specrage_alpha_liu__lambda_10,0.8129942770092227,0.9079004496793734,0.00428503924983
trace_gsm8k_llama8b_k10,math,gsm8k,5000,3680,0.736,manual__ca_specrage_alpha_liu__lambda_100,0.8129428112648222,0.9078757157118145,5.3879516646329705e-05
trace_gsm8k_llama8b_k10,math,gsm8k,5000,3680,0.736,manual__ca_specrage_alpha_liu__lambda_3,0.8130881505270092,0.9079126352418858,0.029037015999169035
trace_gsm8k_llama8b_k10,math,gsm8k,5000,3680,0.736,manual__ca_specrage_alpha_liu__lambda_30,0.8129629858366272,0.9078885650001848,0.0005627023335608388
trace_gsm8k_llama8b_k10,math,gsm8k,5000,3680,0.736,manual__ca_specrage_y_liu__lambda_0,0.8135828392621871,0.9077833350862548,0.29718869571451184
trace_gsm8k_llama8b_k10,math,gsm8k,5000,3680,0.736,manual__ca_specrage_y_liu__lambda_0p1,0.8135813982213439,0.9078002624276795,0.24893944181292246
trace_gsm8k_llama8b_k10,math,gsm8k,5000,3680,0.736,manual__ca_specrage_y_liu__lambda_0p3,0.8135711050724637,0.9078223455682568,0.18199879012639167
trace_gsm8k_llama8b_k10,math,gsm8k,5000,3680,0.736,manual__ca_specrage_y_liu__lambda_1,0.8135525774044795,0.9078153400205597,0.08010283720709925
trace_gsm8k_llama8b_k10,math,gsm8k,5000,3680,0.736,manual__ca_specrage_y_liu__lambda_10,0.8135330204216074,0.9078373301731035,0.002822466700022075
trace_gsm8k_llama8b_k10,math,gsm8k,5000,3680,0.736,manual__ca_specrage_y_liu__lambda_100,0.8135233448616601,0.9078331276404611,3.391298577235639e-05
trace_gsm8k_llama8b_k10,math,gsm8k,5000,3680,0.736,manual__ca_specrage_y_liu__lambda_3,0.8135486660079052,0.9078317580963167,0.020816722825269272
trace_gsm8k_llama8b_k10,math,gsm8k,5000,3680,0.736,manual__ca_specrage_y_liu__lambda_30,0.8135239624505929,0.9078359401842947,0.00035870523322784217
trace_gsm8k_llama8b_k10,math,gsm8k,5000,3680,0.736,manual__ca_uniform_alpha_control__lambda_0,0.8135828392621871,0.9077833350862548,0.29718869571451184
trace_gsm8k_llama8b_k10,math,gsm8k,5000,3680,0.736,manual__ca_uniform_alpha_control__lambda_0p1,0.8135785161396574,0.9077754656081694,0.2558443896087001
trace_gsm8k_llama8b_k10,math,gsm8k,5000,3680,0.736,manual__ca_uniform_alpha_control__lambda_0p3,0.8135698698945981,0.9077593394811863,0.19537866849694013
trace_gsm8k_llama8b_k10,math,gsm8k,5000,3680,0.736,manual__ca_uniform_alpha_control__lambda_1,0.813569458168643,0.9077385922691834,0.09403549735705426
trace_gsm8k_llama8b_k10,math,gsm8k,5000,3680,0.736,manual__ca_uniform_alpha_control__lambda_10,0.8135721343873519,0.9077251103640367,0.0038573957067917688
trace_gsm8k_llama8b_k10,math,gsm8k,5000,3680,0.736,manual__ca_uniform_alpha_control__lambda_100,0.8135733695652174,0.9077255740586153,4.7891639758995854e-05
trace_gsm8k_llama8b_k10,math,gsm8k,5000,3680,0.736,manual__ca_uniform_alpha_control__lambda_3,0.813570487483531,0.9077247556812755,0.02674846832593252
trace_gsm8k_llama8b_k10,math,gsm8k,5000,3680,0.736,manual__ca_uniform_alpha_control__lambda_30,0.8135729578392622,0.9077276445158726,0.000501952798401563
trace_gsm8k_llama8b_k10,math,gsm8k,5000,3680,0.736,manual__uniform_y_liu__lambda_0,0.8135828392621871,0.9077833350862548,0.29718869571451184
trace_gsm8k_llama8b_k10,math,gsm8k,5000,3680,0.736,manual__uniform_y_liu__lambda_0p1,0.8135571063899869,0.9078205533139077,0.2480941986783052
trace_gsm8k_llama8b_k10,math,gsm8k,5000,3680,0.736,manual__uniform_y_liu__lambda_0p3,0.8134904067852438,0.9078385682067085,0.18044944896532333
trace_gsm8k_llama8b_k10,math,gsm8k,5000,3680,0.736,manual__uniform_y_liu__lambda_1,0.8134043560606061,0.9079349527739348,0.07865384143738473
trace_gsm8k_llama8b_k10,math,gsm8k,5000,3680,0.736,manual__uniform_y_liu__lambda_10,0.8131494976943348,0.9079345158259522,0.0027315125870924066
trace_gsm8k_llama8b_k10,math,gsm8k,5000,3680,0.736,manual__uniform_y_liu__lambda_100,0.8130844449934124,0.9079134272458718,3.272624539255053e-05
trace_gsm8k_llama8b_k10,math,gsm8k,5000,3680,0.736,manual__uniform_y_liu__lambda_3,0.8132413125823451,0.9079266409117899,0.020259536283981344
trace_gsm8k_llama8b_k10,math,gsm8k,5000,3680,0.736,manual__uniform_y_liu__lambda_30,0.8131050312911725,0.9079246734503356,0.00034642671522668744
trace_gsm8k_llama8b_k10,math,gsm8k,5000,3680,0.736,micro__adapted_specrage_y_liu__lambda_0,0.8135828392621871,0.9077833350862548,0.29718869571451184
trace_gsm8k_llama8b_k10,math,gsm8k,5000,3680,0.736,micro__adapted_specrage_y_liu__lambda_0p1,0.8135669878129117,0.907743227388933,0.2503261422777466
trace_gsm8k_llama8b_k10,math,gsm8k,5000,3680,0.736,micro__adapted_specrage_y_liu__lambda_0p3,0.8135754281949934,0.907718306199045,0.18461698105375626
trace_gsm8k_llama8b_k10,math,gsm8k,5000,3680,0.736,micro__adapted_specrage_y_liu__lambda_1,0.8135719285243742,0.9076632566985385,0.08268538724565996
trace_gsm8k_llama8b_k10,math,gsm8k,5000,3680,0.736,micro__adapted_specrage_y_liu__lambda_10,0.8135599884716733,0.9076122776677117,0.0029969800712179597
trace_gsm8k_llama8b_k10,math,gsm8k,5000,3680,0.736,micro__adapted_specrage_y_liu__lambda_100,0.8135651350461133,0.9076141329134675,3.6221651121681526e-05
trace_gsm8k_llama8b_k10,math,gsm8k,5000,3680,0.736,micro__adapted_specrage_y_liu__lambda_3,0.8135676054018446,0.907636640753186,0.021856464294934496
trace_gsm8k_llama8b_k10,math,gsm8k,5000,3680,0.736,micro__adapted_specrage_y_liu__lambda_30,0.8135641057312252,0.9076193118879438,0.00038250129703053986
trace_gsm8k_llama8b_k10,math,gsm8k,5000,3680,0.736,micro__ca_global_alpha_control__lambda_0,0.8135828392621871,0.9077833350862548,0.29718869571451184
trace_gsm8k_llama8b_k10,math,gsm8k,5000,3680,0.736,micro__ca_global_alpha_control__lambda_0p1,0.8135019351119894,0.9073481302645431,0.25802482123129467
trace_gsm8k_llama8b_k10,math,gsm8k,5000,3680,0.736,micro__ca_global_alpha_control__lambda_0p3,0.8132413125823452,0.9067867665831248,0.20037196585381858
trace_gsm8k_llama8b_k10,math,gsm8k,5000,3680,0.736,micro__ca_global_alpha_control__lambda_1,0.8124965003293808,0.90569433347568,0.10047891866021741
trace_gsm8k_llama8b_k10,math,gsm8k,5000,3680,0.736,micro__ca_global_alpha_control__lambda_10,0.8116108777997365,0.9045500513029514,0.00447216532138869
trace_gsm8k_llama8b_k10,math,gsm8k,5000,3680,0.736,micro__ca_global_alpha_control__lambda_100,0.8114620388669301,0.9043512915595247,5.6600487886586823e-05
trace_gsm8k_llama8b_k10,math,gsm8k,5000,3680,0.736,micro__ca_global_alpha_control__lambda_3,0.811925230566535,0.904894645052557,0.02995648778513579
trace_gsm8k_llama8b_k10,math,gsm8k,5000,3680,0.736,micro__ca_global_alpha_control__lambda_30,0.8115007411067193,0.9044081559275584,0.0005900293470264961
trace_gsm8k_llama8b_k10,math,gsm8k,5000,3680,0.736,micro__ca_permuted_alpha_control__lambda_0,0.8135828392621871,0.9077833350862548,0.29718869571451184
trace_gsm8k_llama8b_k10,math,gsm8k,5000,3680,0.736,micro__ca_permuted_alpha_control__lambda_0p1,0.8135004940711462,0.9073462577927224,0.2580238332332751
trace_gsm8k_llama8b_k10,math,gsm8k,5000,3680,0.736,micro__ca_permuted_alpha_control__lambda_0p3,0.813239871541502,0.9067896173054986,0.20037188880601164
trace_gsm8k_llama8b_k10,math,gsm8k,5000,3680,0.736,micro__ca_permuted_alpha_control__lambda_1,0.8124921772068511,0.9056883658914374,0.10048133140060886
trace_gsm8k_llama8b_k10,math,gsm8k,5000,3680,0.736,micro__ca_permuted_alpha_control__lambda_10,0.8115999670619234,0.9045387730430471,0.0044725614148906105
trace_gsm8k_llama8b_k10,math,gsm8k,5000,3680,0.736,micro__ca_permuted_alpha_control__lambda_100,0.81145174571805,0.904343185218675,5.660642740935271e-05
trace_gsm8k_llama8b_k10,math,gsm8k,5000,3680,0.736,micro__ca_permuted_alpha_control__lambda_3,0.8119229660737813,0.904893264927016,0.02995828372458118
trace_gsm8k_llama8b_k10,math,gsm8k,5000,3680,0.736,micro__ca_permuted_alpha_control__lambda_30,0.8114960062582346,0.9044043562021151,0.0005900885229098318
trace_gsm8k_llama8b_k10,math,gsm8k,5000,3680,0.736,micro__ca_specrage_alpha_liu__lambda_0,0.8135828392621871,0.9077833350862548,0.29718869571451184
trace_gsm8k_llama8b_k10,math,gsm8k,5000,3680,0.736,micro__ca_specrage_alpha_liu__lambda_0p1,0.8135037878787879,0.9073420159788967,0.2581733708370436
trace_gsm8k_llama8b_k10,math,gsm8k,5000,3680,0.736,micro__ca_specrage_alpha_liu__lambda_0p3,0.813232666337286,0.9067678850512837,0.20068928287277407
trace_gsm8k_llama8b_k10,math,gsm8k,5000,3680,0.736,micro__ca_specrage_alpha_liu__lambda_1,0.8124625329380764,0.9056588168919,0.10086719809672945
trace_gsm8k_llama8b_k10,math,gsm8k,5000,3680,0.736,micro__ca_specrage_alpha_liu__lambda_10,0.8115664113965744,0.904511425873534,0.004509324737775186
trace_gsm8k_llama8b_k10,math,gsm8k,5000,3680,0.736,micro__ca_specrage_alpha_liu__lambda_100,0.811427453886693,0.9043101430291423,5.7130796211895044e-05
trace_gsm8k_llama8b_k10,math,gsm8k,5000,3680,0.736,micro__ca_specrage_alpha_liu__lambda_3,0.811906085309618,0.904875911244702,0.030148694442672593
trace_gsm8k_llama8b_k10,math,gsm8k,5000,3680,0.736,micro__ca_specrage_alpha_liu__lambda_30,0.8114793313570487,0.9043850234644915,0.0005953806863786276
trace_gsm8k_llama8b_k10,math,gsm8k,5000,3680,0.736,micro__ca_specrage_y_liu__lambda_0,0.8135828392621871,0.9077833350862548,0.29718869571451184
trace_gsm8k_llama8b_k10,math,gsm8k,5000,3680,0.736,micro__ca_specrage_y_liu__lambda_0p1,0.8135727519762848,0.9077230224948555,0.24984427237442677
trace_gsm8k_llama8b_k10,math,gsm8k,5000,3680,0.736,micro__ca_specrage_y_liu__lambda_0p3,0.8135708992094861,0.9076634946093487,0.18370924097740626
trace_gsm8k_llama8b_k10,math,gsm8k,5000,3680,0.736,micro__ca_specrage_y_liu__lambda_1,0.8135610177865613,0.9075704201995292,0.08179122536609063
trace_gsm8k_llama8b_k10,math,gsm8k,5000,3680,0.736,micro__ca_specrage_y_liu__lambda_10,0.8135569005270091,0.907462489768182,0.0029363583266961207
trace_gsm8k_llama8b_k10,math,gsm8k,5000,3680,0.736,micro__ca_specrage_y_liu__lambda_100,0.8135496953227931,0.9074268619874939,3.541868882576986e-05
trace_gsm8k_llama8b_k10,math,gsm8k,5000,3680,0.736,micro__ca_specrage_y_liu__lambda_3,0.8135682229907774,0.9075062655286783,0.02149597155187385
trace_gsm8k_llama8b_k10,math,gsm8k,5000,3680,0.736,micro__ca_specrage_y_liu__lambda_30,0.8135507246376812,0.9074381891845926,0.00037422788421856705
trace_gsm8k_llama8b_k10,math,gsm8k,5000,3680,0.736,micro__ca_uniform_alpha_control__lambda_0,0.8135828392621871,0.9077833350862548,0.29718869571451184
trace_gsm8k_llama8b_k10,math,gsm8k,5000,3680,0.736,micro__ca_uniform_alpha_control__lambda_0p1,0.8135029644268774,0.9073461684892297,0.25783922906470697
trace_gsm8k_llama8b_k10,math,gsm8k,5000,3680,0.736,micro__ca_uniform_alpha_control__lambda_0p3,0.8132361660079052,0.9067688086983003,0.20000178461775106
trace_gsm8k_llama8b_k10,math,gsm8k,5000,3680,0.736,micro__ca_uniform_alpha_control__lambda_1,0.8124600625823452,0.905653180349993,0.10005912269593752
trace_gsm8k_llama8b_k10,math,gsm8k,5000,3680,0.736,micro__ca_uniform_alpha_control__lambda_10,0.811545413372859,0.9044733496651413,0.004434343704472845
trace_gsm8k_llama8b_k10,math,gsm8k,5000,3680,0.736,micro__ca_uniform_alpha_control__lambda_100,0.8113889575098816,0.9042734422946532,5.606523918273947e-05
trace_gsm8k_llama8b_k10,math,gsm8k,5000,3680,0.736,micro__ca_uniform_alpha_control__lambda_3,0.8118745882740448,0.9048420920253153,0.029757080825364643
trace_gsm8k_llama8b_k10,math,gsm8k,5000,3680,0.736,micro__ca_uniform_alpha_control__lambda_30,0.811438364624506,0.904330676557519,0.000584616033222826
trace_gsm8k_llama8b_k10,math,gsm8k,5000,3680,0.736,micro__uniform_y_liu__lambda_0,0.8135828392621871,0.9077833350862548,0.29718869571451184
trace_gsm8k_llama8b_k10,math,gsm8k,5000,3680,0.736,micro__uniform_y_liu__lambda_0p1,0.8135834568511199,0.907800521200813,0.24984120309743985
trace_gsm8k_llama8b_k10,math,gsm8k,5000,3680,0.736,micro__uniform_y_liu__lambda_0p3,0.8135711050724638,0.9078249738879981,0.18369697595095122
trace_gsm8k_llama8b_k10,math,gsm8k,5000,3680,0.736,micro__uniform_y_liu__lambda_1,0.8135618412384718,0.9078213917114296,0.08176945267043548
trace_gsm8k_llama8b_k10,math,gsm8k,5000,3680,0.736,micro__uniform_y_liu__lambda_10,0.8135441370223979,0.9078347485157049,0.002934185825963398
trace_gsm8k_llama8b_k10,math,gsm8k,5000,3680,0.736,micro__uniform_y_liu__lambda_100,0.8135375494071146,0.9078383557510201,3.5388491216736396e-05
trace_gsm8k_llama8b_k10,math,gsm8k,5000,3680,0.736,micro__uniform_y_liu__lambda_3,0.8135511363636364,0.9078331308537717,0.0214844622246359
trace_gsm8k_llama8b_k10,math,gsm8k,5000,3680,0.736,micro__uniform_y_liu__lambda_30,0.8135377552700922,0.9078352408258948,0.00037392067069021026
trace_gsm8k_llama8b_k10,math,gsm8k,5000,3680,0.736,raw_uniform_liu__lambda_0,0.8135828392621871,0.9077833350862548,0.29718869571451184
trace_gsm8k_llama8b_k10,math,gsm8k,5000,3680,0.736,raw_uniform_liu__lambda_0p1,0.8135764575098815,0.9075539013427076,0.2569056803993265
trace_gsm8k_llama8b_k10,math,gsm8k,5000,3680,0.736,raw_uniform_liu__lambda_0p3,0.8134438817523056,0.9071979184536778,0.19775146166723176
trace_gsm8k_llama8b_k10,math,gsm8k,5000,3680,0.736,raw_uniform_liu__lambda_1,0.8131632905138338,0.9066470569451297,0.09701410175251686
trace_gsm8k_llama8b_k10,math,gsm8k,5000,3680,0.736,raw_uniform_liu__lambda_10,0.8127328310276679,0.9059975262038751,0.004131184382198271
trace_gsm8k_llama8b_k10,math,gsm8k,5000,3680,0.736,raw_uniform_liu__lambda_100,0.8126642786561263,0.9059084598899201,5.173824376417302e-05
trace_gsm8k_llama8b_k10,math,gsm8k,5000,3680,0.736,raw_uniform_liu__lambda_3,0.812900403491436,0.9062171129312095,0.028198916483846308
trace_gsm8k_llama8b_k10,math,gsm8k,5000,3680,0.736,raw_uniform_liu__lambda_30,0.8126844532279316,0.9059348879153839,0.0005409457490388753
trace_math500_qwenmath15b_k10,math,math500,3000,529,0.17633333333333334,atomic__adapted_specrage_y_liu__lambda_0,0.6863625618612579,0.3091775476763957,0.29504182308164145
trace_math500_qwenmath15b_k10,math,math500,3000,529,0.17633333333333334,atomic__adapted_specrage_y_liu__lambda_0p1,0.6861896678215886,0.3095981941486015,0.26540496562023874
trace_math500_qwenmath15b_k10,math,math500,3000,529,0.17633333333333334,atomic__adapted_specrage_y_liu__lambda_0p3,0.6856266146658516,0.3103144839508539,0.22441667019363984
trace_math500_qwenmath15b_k10,math,math500,3000,529,0.17633333333333334,atomic__adapted_specrage_y_liu__lambda_1,0.6844523122282752,0.310919266726726,0.14250185091772402
trace_math500_qwenmath15b_k10,math,math500,3000,529,0.17633333333333334,atomic__adapted_specrage_y_liu__lambda_10,0.6832451140220892,0.31054842407194705,0.011389528393400624
trace_math500_qwenmath15b_k10,math,math500,3000,529,0.17633333333333334,atomic__adapted_specrage_y_liu__lambda_100,0.6830714549645452,0.31047517957455206,0.00017082911852039844
trace_math500_qwenmath15b_k10,math,math500,3000,529,0.17633333333333334,atomic__adapted_specrage_y_liu__lambda_3,0.6836612837458946,0.3109263813457201,0.05816261653518948
trace_math500_qwenmath15b_k10,math,math500,3000,529,0.17633333333333334,atomic__adapted_specrage_y_liu__lambda_30,0.6831273012693941,0.310490245913236,0.0016948360764811805
trace_math500_qwenmath15b_k10,math,math500,3000,529,0.17633333333333334,atomic__ca_global_alpha_control__lambda_0,0.6863625618612579,0.3091775476763957,0.29504182308164145
trace_math500_qwenmath15b_k10,math,math500,3000,529,0.17633333333333334,atomic__ca_global_alpha_control__lambda_0p1,0.6863748021472522,0.30919969818304627,0.2511725276064116
trace_math500_qwenmath15b_k10,math,math500,3000,529,0.17633333333333334,atomic__ca_global_alpha_control__lambda_0p3,0.6863663869506311,0.3092079586730494,0.18838977329335113
trace_math500_qwenmath15b_k10,math,math500,3000,529,0.17633333333333334,atomic__ca_global_alpha_control__lambda_1,0.686368682004255,0.3092160027537763,0.08732048621751365
trace_math500_qwenmath15b_k10,math,math500,3000,529,0.17633333333333334,atomic__ca_global_alpha_control__lambda_10,0.6863671519685057,0.3092182274739532,0.003352195002996497
trace_math500_qwenmath15b_k10,math,math500,3000,529,0.17633333333333334,atomic__ca_global_alpha_control__lambda_100,0.6863709770578791,0.30922025879904835,4.101357669708169e-05
trace_math500_qwenmath15b_k10,math,math500,3000,529,0.17633333333333334,atomic__ca_global_alpha_control__lambda_3,0.6863671519685057,0.30921352524138834,0.02388695311144044
trace_math500_qwenmath15b_k10,math,math500,3000,529,0.17633333333333334,atomic__ca_global_alpha_control__lambda_30,0.6863702120400044,0.3092199986927624,0.0004316309081926249
trace_math500_qwenmath15b_k10,math,math500,3000,529,0.17633333333333334,atomic__ca_permuted_alpha_control__lambda_0,0.6863625618612579,0.3091775476763957,0.29504182308164145
trace_math500_qwenmath15b_k10,math,math500,3000,529,0.17633333333333334,atomic__ca_permuted_alpha_control__lambda_0p1,0.6863633268791326,0.30919688348847396,0.251183464802984
trace_math500_qwenmath15b_k10,math,math500,3000,529,0.17633333333333334,atomic__ca_permuted_alpha_control__lambda_0p3,0.686370977057879,0.309218413082592,0.1884113962040636
trace_math500_qwenmath15b_k10,math,math500,3000,529,0.17633333333333334,atomic__ca_permuted_alpha_control__lambda_1,0.6863732721115029,0.3092729118220035,0.08734365611200205
trace_math500_qwenmath15b_k10,math,math500,3000,529,0.17633333333333334,atomic__ca_permuted_alpha_control__lambda_10,0.686368682004255,0.3092905488826645,0.0033539662250139037
trace_math500_qwenmath15b_k10,math,math500,3000,529,0.17633333333333334,atomic__ca_permuted_alpha_control__lambda_100,0.6863617968433833,0.30928168035858167,4.103760074050275e-05
trace_math500_qwenmath15b_k10,math,math500,3000,529,0.17633333333333334,atomic__ca_permuted_alpha_control__lambda_3,0.6863702120400044,0.3092800726325001,0.02389700837932875
trace_math500_qwenmath15b_k10,math,math500,3000,529,0.17633333333333334,atomic__ca_permuted_alpha_control__lambda_30,0.6863656219327564,0.30928665485466084,0.00043187682338180993
trace_math500_qwenmath15b_k10,math,math500,3000,529,0.17633333333333334,atomic__ca_specrage_alpha_liu__lambda_0,0.6863625618612579,0.3091775476763957,0.29504182308164145
trace_math500_qwenmath15b_k10,math,math500,3000,529,0.17633333333333334,atomic__ca_specrage_alpha_liu__lambda_0p1,0.6863748021472522,0.3091997503262287,0.25167229746413794
trace_math500_qwenmath15b_k10,math,math500,3000,529,0.17633333333333334,atomic__ca_specrage_alpha_liu__lambda_0p3,0.6863663869506311,0.3092079586730494,0.18936601367472417
trace_math500_qwenmath15b_k10,math,math500,3000,529,0.17633333333333334,atomic__ca_specrage_alpha_liu__lambda_1,0.6863694470221297,0.30921621983888115,0.08835246114201933
trace_math500_qwenmath15b_k10,math,math500,3000,529,0.17633333333333334,atomic__ca_specrage_alpha_liu__lambda_10,0.6863671519685057,0.3092182274739532,0.003430481345487182
trace_math500_qwenmath15b_k10,math,math500,3000,529,0.17633333333333334,atomic__ca_specrage_alpha_liu__lambda_100,0.6863702120400044,0.3092199058519632,4.207499852378621e-05
trace_math500_qwenmath15b_k10,math,math500,3000,529,0.17633333333333334,atomic__ca_specrage_alpha_liu__lambda_3,0.6863671519685057,0.30921352524138834,0.024332145367447596
trace_math500_qwenmath15b_k10,math,math500,3000,529,0.17633333333333334,atomic__ca_specrage_alpha_liu__lambda_30,0.6863702120400044,0.3092199986927624,0.0004424967148318632
trace_math500_qwenmath15b_k10,math,math500,3000,529,0.17633333333333334,atomic__ca_specrage_y_liu__lambda_0,0.6863625618612579,0.3091775476763957,0.29504182308164145
trace_math500_qwenmath15b_k10,math,math500,3000,529,0.17633333333333334,atomic__ca_specrage_y_liu__lambda_0p1,0.6863334911820215,0.3095288750125336,0.24937198147546746
trace_math500_qwenmath15b_k10,math,math500,3000,529,0.17633333333333334,atomic__ca_specrage_y_liu__lambda_0p3,0.6862929452346654,0.30965074374595397,0.18546491329415307
trace_math500_qwenmath15b_k10,math,math500,3000,529,0.17633333333333334,atomic__ca_specrage_y_liu__lambda_1,0.6861307614452412,0.31006941030955115,0.08510376734249865
trace_math500_qwenmath15b_k10,math,math500,3000,529,0.17633333333333334,atomic__ca_specrage_y_liu__lambda_10,0.6856518602557149,0.3102101490671785,0.0032477062971762714
trace_math500_qwenmath15b_k10,math,math500,3000,529,0.17633333333333334,atomic__ca_specrage_y_liu__lambda_100,0.6855822436291225,0.310242061126861,3.9722659360948026e-05
trace_math500_qwenmath15b_k10,math,math500,3000,529,0.17633333333333334,atomic__ca_specrage_y_liu__lambda_3,0.685891310850478,0.31038997346614006,0.02317351709969968
trace_math500_qwenmath15b_k10,math,math500,3000,529,0.17633333333333334,atomic__ca_specrage_y_liu__lambda_30,0.685615139397732,0.3102900857154503,0.0004180720894565096
trace_math500_qwenmath15b_k10,math,math500,3000,529,0.17633333333333334,atomic__ca_uniform_alpha_control__lambda_0,0.6863625618612579,0.3091775476763957,0.29504182308164145
trace_math500_qwenmath15b_k10,math,math500,3000,529,0.17633333333333334,atomic__ca_uniform_alpha_control__lambda_0p1,0.6863755671651268,0.30915881091343145,0.2499399907875188
trace_math500_qwenmath15b_k10,math,math500,3000,529,0.17633333333333334,atomic__ca_uniform_alpha_control__lambda_0p3,0.686370977057879,0.3090950389290482,0.1860142833448577
trace_math500_qwenmath15b_k10,math,math500,3000,529,0.17633333333333334,atomic__ca_uniform_alpha_control__lambda_1,0.6863357862356454,0.3089963214492957,0.08486886491790435
trace_math500_qwenmath15b_k10,math,math500,3000,529,0.17633333333333334,atomic__ca_uniform_alpha_control__lambda_10,0.6862875901095429,0.3088077042887485,0.003172647421706435
trace_math500_qwenmath15b_k10,math,math500,3000,529,0.17633333333333334,atomic__ca_uniform_alpha_control__lambda_100,0.686283000002295,0.3088449647097771,3.859643912038624e-05
trace_math500_qwenmath15b_k10,math,math500,3000,529,0.17633333333333334,atomic__ca_uniform_alpha_control__lambda_3,0.6863044205027851,0.30883064367828333,0.022851792111629892
trace_math500_qwenmath15b_k10,math,math500,3000,529,0.17633333333333334,atomic__ca_uniform_alpha_control__lambda_30,0.6862791749129218,0.30881244427494436,0.00040683790883483503
trace_math500_qwenmath15b_k10,math,math500,3000,529,0.17633333333333334,atomic__uniform_y_liu__lambda_0,0.6863625618612579,0.3091775476763957,0.29504182308164145
trace_math500_qwenmath15b_k10,math,math500,3000,529,0.17633333333333334,atomic__uniform_y_liu__lambda_0p1,0.6863028904670357,0.3095685078677127,0.2536100961303022
trace_math500_qwenmath15b_k10,math,math500,3000,529,0.17633333333333334,atomic__uniform_y_liu__lambda_0p3,0.6861942579288365,0.30955873957841584,0.194217952595269
trace_math500_qwenmath15b_k10,math,math500,3000,529,0.17633333333333334,atomic__uniform_y_liu__lambda_1,0.6860144787282955,0.3104715161501765,0.09503286898365233
trace_math500_qwenmath15b_k10,math,math500,3000,529,0.17633333333333334,atomic__uniform_y_liu__lambda_10,0.6854430103759375,0.3101684870331683,0.004069756780377698
trace_math500_qwenmath15b_k10,math,math500,3000,529,0.17633333333333334,atomic__uniform_y_liu__lambda_100,0.6853565633561027,0.3102819102576572,5.107268491936303e-05
trace_math500_qwenmath15b_k10,math,math500,3000,529,0.17633333333333334,atomic__uniform_y_liu__lambda_3,0.6856434450590938,0.31031057519349003,0.027691183803349076
trace_math500_qwenmath15b_k10,math,math500,3000,529,0.17633333333333334,atomic__uniform_y_liu__lambda_30,0.6853680386242224,0.31029939778633076,0.0005336732834279751
trace_math500_qwenmath15b_k10,math,math500,3000,529,0.17633333333333334,deployed_upcr,0.6875414544060822,0.31105209401453365,0.30689010650608095
trace_math500_qwenmath15b_k10,math,math500,3000,529,0.17633333333333334,dufs_liu__lambda_0,0.6863625618612579,0.3091775476763957,0.29504182308164145
trace_math500_qwenmath15b_k10,math,math500,3000,529,0.17633333333333334,dufs_liu__lambda_0p1,0.6863671519685057,0.309208179980057,0.2562180917143351
trace_math500_qwenmath15b_k10,math,math500,3000,529,0.17633333333333334,dufs_liu__lambda_0p3,0.686366386950631,0.30921580182847475,0.19846363018462937
trace_math500_qwenmath15b_k10,math,math500,3000,529,0.17633333333333334,dufs_liu__lambda_1,0.6863725070936283,0.3092716099122931,0.09847718243104817
trace_math500_qwenmath15b_k10,math,math500,3000,529,0.17633333333333334,dufs_liu__lambda_10,0.6863679169863804,0.30928108616937167,0.004273481753964228
trace_math500_qwenmath15b_k10,math,math500,3000,529,0.17633333333333334,dufs_liu__lambda_100,0.6863679169863803,0.3092801483196869,5.374774554018208e-05
trace_math500_qwenmath15b_k10,math,math500,3000,529,0.17633333333333334,dufs_liu__lambda_3,0.6863702120400043,0.3092705840691922,0.02894430308673802
trace_math500_qwenmath15b_k10,math,math500,3000,529,0.17633333333333334,dufs_liu__lambda_30,0.6863679169863804,0.30927947349268786,0.0005612869669155595
trace_math500_qwenmath15b_k10,math,math500,3000,529,0.17633333333333334,iu_pcr,0.6863625618612579,0.3091775476763957,0.29504182308164145
trace_math500_qwenmath15b_k10,math,math500,3000,529,0.17633333333333334,manual__adapted_specrage_y_liu__lambda_0,0.6863625618612579,0.3091775476763957,0.29504182308164145
trace_math500_qwenmath15b_k10,math,math500,3000,529,0.17633333333333334,manual__adapted_specrage_y_liu__lambda_0p1,0.6862837650201696,0.3094331907321778,0.2506564045500287
trace_math500_qwenmath15b_k10,math,math500,3000,529,0.17633333333333334,manual__adapted_specrage_y_liu__lambda_0p3,0.6862470441621868,0.309615952636085,0.18812108476598474
trace_math500_qwenmath15b_k10,math,math500,3000,529,0.17633333333333334,manual__adapted_specrage_y_liu__lambda_1,0.6860274840321644,0.3100987064882626,0.08809182064157593
trace_math500_qwenmath15b_k10,math,math500,3000,529,0.17633333333333334,manual__adapted_specrage_y_liu__lambda_10,0.6855225722349003,0.3100764251070308,0.0034860783788652505
trace_math500_qwenmath15b_k10,math,math500,3000,529,0.17633333333333334,manual__adapted_specrage_y_liu__lambda_100,0.6854238849290714,0.3101570700776292,4.297958612460175e-05
trace_math500_qwenmath15b_k10,math,math500,3000,529,0.17633333333333334,manual__adapted_specrage_y_liu__lambda_3,0.6857145917214356,0.31019977898761164,0.02450680547911867
trace_math500_qwenmath15b_k10,math,math500,3000,529,0.17633333333333334,manual__adapted_specrage_y_liu__lambda_30,0.6854606057870543,0.31015180089574684,0.0004513435371582646
trace_math500_qwenmath15b_k10,math,math500,3000,529,0.17633333333333334,manual__ca_global_alpha_control__lambda_0,0.6863625618612579,0.3091775476763957,0.29504182308164145
trace_math500_qwenmath15b_k10,math,math500,3000,529,0.17633333333333334,manual__ca_global_alpha_control__lambda_0p1,0.6863419063786425,0.30958067301326897,0.25594412301320496
trace_math500_qwenmath15b_k10,math,math500,3000,529,0.17633333333333334,manual__ca_global_alpha_control__lambda_0p3,0.6862799399307964,0.30946699584930976,0.19806070494251238
trace_math500_qwenmath15b_k10,math,math500,3000,529,0.17633333333333334,manual__ca_global_alpha_control__lambda_1,0.6863005954134118,0.3096118263387825,0.09820938672032446
trace_math500_qwenmath15b_k10,math,math500,3000,529,0.17633333333333334,manual__ca_global_alpha_control__lambda_10,0.6862447491085629,0.3095992903705357,0.004262661551800116
trace_math500_qwenmath15b_k10,math,math500,3000,529,0.17633333333333334,manual__ca_global_alpha_control__lambda_100,0.6862172084650758,0.3095756645458079,5.3618858481455703e-05
trace_math500_qwenmath15b_k10,math,math500,3000,529,0.17633333333333334,manual__ca_global_alpha_control__lambda_3,0.686283000002295,0.3097166249215959,0.02886573587779992
trace_math500_qwenmath15b_k10,math,math500,3000,529,0.17633333333333334,manual__ca_global_alpha_control__lambda_30,0.6862172084650758,0.3095612804595909,0.0005599188145762543
trace_math500_qwenmath15b_k10,math,math500,3000,529,0.17633333333333334,manual__ca_permuted_alpha_control__lambda_0,0.6863625618612579,0.3091775476763957,0.29504182308164145
trace_math500_qwenmath15b_k10,math,math500,3000,529,0.17633333333333334,manual__ca_permuted_alpha_control__lambda_0p1,0.6863426713965171,0.3095803426871821,0.2558909167442474
trace_math500_qwenmath15b_k10,math,math500,3000,529,0.17633333333333334,manual__ca_permuted_alpha_control__lambda_0p3,0.6862738197877993,0.30945226539348736,0.19794780336084727
trace_math500_qwenmath15b_k10,math,math500,3000,529,0.17633333333333334,manual__ca_permuted_alpha_control__lambda_1,0.6862944752704147,0.30959464584279567,0.09807290495402222
trace_math500_qwenmath15b_k10,math,math500,3000,529,0.17633333333333334,manual__ca_permuted_alpha_control__lambda_10,0.6862508692515602,0.3096143915912258,0.00425001384942376
trace_math500_qwenmath15b_k10,math,math500,3000,529,0.17633333333333334,manual__ca_permuted_alpha_control__lambda_100,0.6862133833757026,0.30955751125586867,5.3439930030168615e-05
trace_math500_qwenmath15b_k10,math,math500,3000,529,0.17633333333333334,manual__ca_permuted_alpha_control__lambda_3,0.686283000002295,0.3096878652578899,0.028799340188583485
trace_math500_qwenmath15b_k10,math,math500,3000,529,0.17633333333333334,manual__ca_permuted_alpha_control__lambda_30,0.6862164434472011,0.30957492886094845,0.0005581087409821542
trace_math500_qwenmath15b_k10,math,math500,3000,529,0.17633333333333334,manual__ca_specrage_alpha_liu__lambda_0,0.6863625618612579,0.3091775476763957,0.29504182308164145
trace_math500_qwenmath15b_k10,math,math500,3000,529,0.17633333333333334,manual__ca_specrage_alpha_liu__lambda_0p1,0.686370977057879,0.3094783217412368,0.2547166393735444
trace_math500_qwenmath15b_k10,math,math500,3000,529,0.17633333333333334,manual__ca_specrage_alpha_liu__lambda_0p3,0.6863526166288877,0.3095392465279,0.195434581452595
trace_math500_qwenmath15b_k10,math,math500,3000,529,0.17633333333333334,manual__ca_specrage_alpha_liu__lambda_1,0.6863266060211497,0.30950996897626615,0.09502733578494679
trace_math500_qwenmath15b_k10,math,math500,3000,529,0.17633333333333334,manual__ca_specrage_alpha_liu__lambda_10,0.6863067155564089,0.3094991979845803,0.003971984016277802
trace_math500_qwenmath15b_k10,math,math500,3000,529,0.17633333333333334,manual__ca_specrage_alpha_liu__lambda_100,0.6862898851631668,0.30947810234450573,4.952565320611341e-05
trace_math500_qwenmath15b_k10,math,math500,3000,529,0.17633333333333334,manual__ca_specrage_alpha_liu__lambda_3,0.6863136007172808,0.3095010712531762,0.027328306303583374
trace_math500_qwenmath15b_k10,math,math500,3000,529,0.17633333333333334,manual__ca_specrage_alpha_liu__lambda_30,0.6862983003597879,0.30947800466216807,0.0005184558642276593
trace_math500_qwenmath15b_k10,math,math500,3000,529,0.17633333333333334,manual__ca_specrage_y_liu__lambda_0,0.6863625618612579,0.3091775476763957,0.29504182308164145
trace_math500_qwenmath15b_k10,math,math500,3000,529,0.17633333333333334,manual__ca_specrage_y_liu__lambda_0p1,0.6863595017897592,0.30913979133753405,0.2440865786599235
trace_math500_qwenmath15b_k10,math,math500,3000,529,0.17633333333333334,manual__ca_specrage_y_liu__lambda_0p3,0.6863732721115029,0.3091642807380231,0.17503816901848956
trace_math500_qwenmath15b_k10,math,math500,3000,529,0.17633333333333334,manual__ca_specrage_y_liu__lambda_1,0.6863824523259986,0.30914189588949065,0.07418281086993385
trace_math500_qwenmath15b_k10,math,math500,3000,529,0.17633333333333334,manual__ca_specrage_y_liu__lambda_10,0.6863495565573889,0.30905236116014456,0.002464092732085383
trace_math500_qwenmath15b_k10,math,math500,3000,529,0.17633333333333334,manual__ca_specrage_y_liu__lambda_100,0.6863541466646368,0.30904818814426643,2.9256110139769262e-05
trace_math500_qwenmath15b_k10,math,math500,3000,529,0.17633333333333334,manual__ca_specrage_y_liu__lambda_3,0.6863702120400044,0.30908097617742614,0.018599815258087946
trace_math500_qwenmath15b_k10,math,math500,3000,529,0.17633333333333334,manual__ca_specrage_y_liu__lambda_30,0.6863526166288876,0.30903949799684205,0.0003104707646671726
trace_math500_qwenmath15b_k10,math,math500,3000,529,0.17633333333333334,manual__ca_uniform_alpha_control__lambda_0,0.6863625618612579,0.3091775476763957,0.29504182308164145
trace_math500_qwenmath15b_k10,math,math500,3000,529,0.17633333333333334,manual__ca_uniform_alpha_control__lambda_0p1,0.68635797175401,0.30904730072192277,0.25130008137498294
trace_math500_qwenmath15b_k10,math,math500,3000,529,0.17633333333333334,manual__ca_uniform_alpha_control__lambda_0p3,0.6862577544124319,0.30881385507850045,0.18876916414036918
trace_math500_qwenmath15b_k10,math,math500,3000,529,0.17633333333333334,manual__ca_uniform_alpha_control__lambda_1,0.6863411413607678,0.308749630652292,0.08789939099993975
trace_math500_qwenmath15b_k10,math,math500,3000,529,0.17633333333333334,manual__ca_uniform_alpha_control__lambda_10,0.6863740371293775,0.3085084655373097,0.003407917602849512
trace_math500_qwenmath15b_k10,math,math500,3000,529,0.17633333333333334,manual__ca_uniform_alpha_control__lambda_100,0.6863839823617479,0.3085225720828807,4.1791214968835864e-05
trace_math500_qwenmath15b_k10,math,math500,3000,529,0.17633333333333334,manual__ca_uniform_alpha_control__lambda_3,0.6863931625762436,0.3086106421804685,0.024182387550003806
trace_math500_qwenmath15b_k10,math,math500,3000,529,0.17633333333333334,manual__ca_uniform_alpha_control__lambda_30,0.6863679169863804,0.30849755357352115,0.0004395314008278705
trace_math500_qwenmath15b_k10,math,math500,3000,529,0.17633333333333334,manual__uniform_y_liu__lambda_0,0.6863625618612579,0.3091775476763957,0.29504182308164145
trace_math500_qwenmath15b_k10,math,math500,3000,529,0.17633333333333334,manual__uniform_y_liu__lambda_0p1,0.6862944752704148,0.3095950868973235,0.2529718458960054
trace_math500_qwenmath15b_k10,math,math500,3000,529,0.17633333333333334,manual__uniform_y_liu__lambda_0p3,0.6861101059626259,0.310051979210748,0.1940694474251618
trace_math500_qwenmath15b_k10,math,math500,3000,529,0.17633333333333334,manual__uniform_y_liu__lambda_1,0.6853404979807353,0.3103310035789423,0.0965593643729967
trace_math500_qwenmath15b_k10,math,math500,3000,529,0.17633333333333334,manual__uniform_y_liu__lambda_10,0.6842220418480078,0.3107673651824106,0.004343802360264905
trace_math500_qwenmath15b_k10,math,math500,3000,529,0.17633333333333334,manual__uniform_y_liu__lambda_100,0.6840162520397289,0.31079057970946405,5.5218946846635946e-05
trace_math500_qwenmath15b_k10,math,math500,3000,529,0.17633333333333334,manual__uniform_y_liu__lambda_3,0.6846351515003148,0.31108658365371333,0.028905423627469996
trace_math500_qwenmath15b_k10,math,math500,3000,529,0.17633333333333334,manual__uniform_y_liu__lambda_30,0.6840583280228343,0.31049933995865847,0.0005748872407975188
trace_math500_qwenmath15b_k10,math,math500,3000,529,0.17633333333333334,micro__adapted_specrage_y_liu__lambda_0,0.6863625618612579,0.3091775476763957,0.29504182308164145
trace_math500_qwenmath15b_k10,math,math500,3000,529,0.17633333333333334,micro__adapted_specrage_y_liu__lambda_0p1,0.6863809222902493,0.30914251551264593,0.24448197499365476
trace_math500_qwenmath15b_k10,math,math500,3000,529,0.17633333333333334,micro__adapted_specrage_y_liu__lambda_0p3,0.6863694470221298,0.30907550740668144,0.17577581406256793
trace_math500_qwenmath15b_k10,math,math500,3000,529,0.17633333333333334,micro__adapted_specrage_y_liu__lambda_1,0.6862875901095429,0.308829226812751,0.07489087019066723
trace_math500_qwenmath15b_k10,math,math500,3000,529,0.17633333333333334,micro__adapted_specrage_y_liu__lambda_10,0.6862692296805515,0.3087223137840741,0.0025095522513200034
trace_math500_qwenmath15b_k10,math,math500,3000,529,0.17633333333333334,micro__adapted_specrage_y_liu__lambda_100,0.6862891201452922,0.3087332104946933,2.985064921014034e-05
trace_math500_qwenmath15b_k10,math,math500,3000,529,0.17633333333333334,micro__adapted_specrage_y_liu__lambda_3,0.68627228975205,0.308813772981275,0.018876477940716452
trace_math500_qwenmath15b_k10,math,math500,3000,529,0.17633333333333334,micro__adapted_specrage_y_liu__lambda_30,0.6862822349844204,0.30871211382042185,0.000316618518808568
trace_math500_qwenmath15b_k10,math,math500,3000,529,0.17633333333333334,micro__ca_global_alpha_control__lambda_0,0.6863625618612579,0.3091775476763957,0.29504182308164145
trace_math500_qwenmath15b_k10,math,math500,3000,529,0.17633333333333334,micro__ca_global_alpha_control__lambda_0p1,0.6862738197877993,0.30876421314437896,0.2593354001952853
trace_math500_qwenmath15b_k10,math,math500,3000,529,0.17633333333333334,micro__ca_global_alpha_control__lambda_0p3,0.6863778622187507,0.3084990715573924,0.2060754092670215
trace_math500_qwenmath15b_k10,math,math500,3000,529,0.17633333333333334,micro__ca_global_alpha_control__lambda_1,0.6862187385008252,0.3077929821498715,0.10915184337996078
trace_math500_qwenmath15b_k10,math,math500,3000,529,0.17633333333333334,micro__ca_global_alpha_control__lambda_10,0.685960162459196,0.30692604918586897,0.005435726595045197
trace_math500_qwenmath15b_k10,math,math500,3000,529,0.17633333333333334,micro__ca_global_alpha_control__lambda_100,0.6859586324234466,0.306819618589662,7.073048647105437e-05
trace_math500_qwenmath15b_k10,math,math500,3000,529,0.17633333333333334,micro__ca_global_alpha_control__lambda_3,0.6860129486925463,0.3073958775658877,0.03468261925553442
trace_math500_qwenmath15b_k10,math,math500,3000,529,0.17633333333333334,micro__ca_global_alpha_control__lambda_30,0.6859555723519479,0.3068395922751026,0.0007315415305621204
trace_math500_qwenmath15b_k10,math,math500,3000,529,0.17633333333333334,micro__ca_permuted_alpha_control__lambda_0,0.6863625618612579,0.3091775476763957,0.29504182308164145
trace_math500_qwenmath15b_k10,math,math500,3000,529,0.17633333333333334,micro__ca_permuted_alpha_control__lambda_0p1,0.6862707597163009,0.3087494817024668,0.25928080153361394
trace_math500_qwenmath15b_k10,math,math500,3000,529,0.17633333333333334,micro__ca_permuted_alpha_control__lambda_0p3,0.6863725070936282,0.30850374653661494,0.20591520193037668
trace_math500_qwenmath15b_k10,math,math500,3000,529,0.17633333333333334,micro__ca_permuted_alpha_control__lambda_1,0.6862447491085628,0.30791586797303877,0.10889134245706505
trace_math500_qwenmath15b_k10,math,math500,3000,529,0.17633333333333334,micro__ca_permuted_alpha_control__lambda_10,0.6859892331384323,0.3070462728691047,0.005402944576461579
trace_math500_qwenmath15b_k10,math,math500,3000,529,0.17633333333333334,micro__ca_permuted_alpha_control__lambda_100,0.6859655175843183,0.30688832614717737,7.023745322848286e-05
trace_math500_qwenmath15b_k10,math,math500,3000,529,0.17633333333333334,micro__ca_permuted_alpha_control__lambda_3,0.6860320741394123,0.3074029691246259,0.0345293915964381
trace_math500_qwenmath15b_k10,math,math500,3000,529,0.17633333333333334,micro__ca_permuted_alpha_control__lambda_30,0.6859624575128198,0.306872674747511,0.0007266384999339772
trace_math500_qwenmath15b_k10,math,math500,3000,529,0.17633333333333334,micro__ca_specrage_alpha_liu__lambda_0,0.6863625618612579,0.3091775476763957,0.29504182308164145
trace_math500_qwenmath15b_k10,math,math500,3000,529,0.17633333333333334,micro__ca_specrage_alpha_liu__lambda_0p1,0.6862822349844204,0.30871211382042185,0.25958299730522005
trace_math500_qwenmath15b_k10,math,math500,3000,529,0.17633333333333334,micro__ca_specrage_alpha_liu__lambda_0p3,0.6863181908245286,0.3082466603919177,0.20700488803355885
trace_math500_qwenmath15b_k10,math,math500,3000,529,0.17633333333333334,micro__ca_specrage_alpha_liu__lambda_1,0.6860580847471501,0.3074953101083819,0.11086679371588415
trace_math500_qwenmath15b_k10,math,math500,3000,529,0.17633333333333334,micro__ca_specrage_alpha_liu__lambda_10,0.6857788532229055,0.3063906973948391,0.005667776948260202
trace_math500_qwenmath15b_k10,math,math500,3000,529,0.17633333333333334,micro__ca_specrage_alpha_liu__lambda_100,0.6857283620431791,0.3062823632911089,7.425887004863635e-05
trace_math500_qwenmath15b_k10,math,math500,3000,529,0.17633333333333334,micro__ca_specrage_alpha_liu__lambda_3,0.6859242066190876,0.3067242263953213,0.03574243820427287
trace_math500_qwenmath15b_k10,math,math500,3000,529,0.17633333333333334,micro__ca_specrage_alpha_liu__lambda_30,0.6857459574542959,0.3063235412814662,0.0007665250837068302
trace_math500_qwenmath15b_k10,math,math500,3000,529,0.17633333333333334,micro__ca_specrage_y_liu__lambda_0,0.6863625618612579,0.3091775476763957,0.29504182308164145
trace_math500_qwenmath15b_k10,math,math500,3000,529,0.17633333333333334,micro__ca_specrage_y_liu__lambda_0p1,0.686366386950631,0.3090545743553969,0.24661458243548237
trace_math500_qwenmath15b_k10,math,math500,3000,529,0.17633333333333334,micro__ca_specrage_y_liu__lambda_0p3,0.6862554593588079,0.30881148152951143,0.17982670493748817
trace_math500_qwenmath15b_k10,math,math500,3000,529,0.17633333333333334,micro__ca_specrage_y_liu__lambda_1,0.6863962226477421,0.30867366783038525,0.07889314354776313
trace_math500_qwenmath15b_k10,math,math500,3000,529,0.17633333333333334,micro__ca_specrage_y_liu__lambda_10,0.686317425806654,0.3083075590491105,0.0027758804131641822
trace_math500_qwenmath15b_k10,math,math500,3000,529,0.17633333333333334,micro__ca_specrage_y_liu__lambda_100,0.6863013604312864,0.30824636904847286,3.3356559203657484e-05
trace_math500_qwenmath15b_k10,math,math500,3000,529,0.17633333333333334,micro__ca_specrage_y_liu__lambda_3,0.6863442014322665,0.3084331396947658,0.020476059919626487
trace_math500_qwenmath15b_k10,math,math500,3000,529,0.17633333333333334,micro__ca_specrage_y_liu__lambda_30,0.6863105406457822,0.3083632825303627,0.0003528062316520201
trace_math500_qwenmath15b_k10,math,math500,3000,529,0.17633333333333334,micro__ca_uniform_alpha_control__lambda_0,0.6863625618612579,0.3091775476763957,0.29504182308164145
trace_math500_qwenmath15b_k10,math,math500,3000,529,0.17633333333333334,micro__ca_uniform_alpha_control__lambda_0p1,0.6862860600737936,0.3087594712171153,0.2594630388518813
trace_math500_qwenmath15b_k10,math,math500,3000,529,0.17633333333333334,micro__ca_uniform_alpha_control__lambda_0p3,0.686370977057879,0.30848521986292377,0.2062695599942974
trace_math500_qwenmath15b_k10,math,math500,3000,529,0.17633333333333334,micro__ca_uniform_alpha_control__lambda_1,0.6862378639476912,0.30790891724598585,0.10929722954141145
trace_math500_qwenmath15b_k10,math,math500,3000,529,0.17633333333333334,micro__ca_uniform_alpha_control__lambda_10,0.6860443144254066,0.3071935498335048,0.005443855635345877
trace_math500_qwenmath15b_k10,math,math500,3000,529,0.17633333333333334,micro__ca_uniform_alpha_control__lambda_100,0.6859548073340733,0.3069230464188094,7.083667027600261e-05
trace_math500_qwenmath15b_k10,math,math500,3000,529,0.17633333333333334,micro__ca_uniform_alpha_control__lambda_3,0.6860557896935262,0.30741065514764443,0.03473339558104704
trace_math500_qwenmath15b_k10,math,math500,3000,529,0.17633333333333334,micro__ca_uniform_alpha_control__lambda_30,0.6859838780133098,0.30694790430828733,0.0007326390281166894
trace_math500_qwenmath15b_k10,math,math500,3000,529,0.17633333333333334,micro__uniform_y_liu__lambda_0,0.6863625618612579,0.3091775476763957,0.29504182308164145
trace_math500_qwenmath15b_k10,math,math500,3000,529,0.17633333333333334,micro__uniform_y_liu__lambda_0p1,0.6863717420757537,0.3094808265838084,0.2459156006937666
trace_math500_qwenmath15b_k10,math,math500,3000,529,0.17633333333333334,micro__uniform_y_liu__lambda_0p3,0.686347261503765,0.30964441146948335,0.17843055189661292
trace_math500_qwenmath15b_k10,math,math500,3000,529,0.17633333333333334,micro__uniform_y_liu__lambda_1,0.6862807049486711,0.3094903577627958,0.07740630134994773
trace_math500_qwenmath15b_k10,math,math500,3000,529,0.17633333333333334,micro__uniform_y_liu__lambda_10,0.6863013604312864,0.30961256730662634,0.0026684716013047243
trace_math500_qwenmath15b_k10,math,math500,3000,529,0.17633333333333334,micro__uniform_y_liu__lambda_100,0.6862738197877993,0.3096251983564667,3.192353957847168e-05
trace_math500_qwenmath15b_k10,math,math500,3000,529,0.17633333333333334,micro__uniform_y_liu__lambda_3,0.6862952402882894,0.3095971368857715,0.01984920880779725
trace_math500_qwenmath15b_k10,math,math500,3000,529,0.17633333333333334,micro__uniform_y_liu__lambda_30,0.6862891201452922,0.30962644837308667,0.00033806835264664975
trace_math500_qwenmath15b_k10,math,math500,3000,529,0.17633333333333334,raw_uniform_liu__lambda_0,0.6863625618612579,0.3091775476763957,0.29504182308164145
trace_math500_qwenmath15b_k10,math,math500,3000,529,0.17633333333333334,raw_uniform_liu__lambda_0p1,0.6863526166288876,0.30904682734386296,0.25554672365480663
trace_math500_qwenmath15b_k10,math,math500,3000,529,0.17633333333333334,raw_uniform_liu__lambda_0p3,0.68627228975205,0.3087912502985703,0.197259063162725
trace_math500_qwenmath15b_k10,math,math500,3000,529,0.17633333333333334,raw_uniform_liu__lambda_1,0.6863442014322665,0.30874304082543,0.09729248026429789
trace_math500_qwenmath15b_k10,math,math500,3000,529,0.17633333333333334,raw_uniform_liu__lambda_10,0.686370977057879,0.3085754003319017,0.004181294271260485
trace_math500_qwenmath15b_k10,math,math500,3000,529,0.17633333333333334,raw_uniform_liu__lambda_100,0.6863809222902493,0.30851691560397243,5.247468741679647e-05
trace_math500_qwenmath15b_k10,math,math500,3000,529,0.17633333333333334,raw_uniform_liu__lambda_3,0.6863885724689958,0.3086769213721834,0.028432690114149353
trace_math500_qwenmath15b_k10,math,math500,3000,529,0.17633333333333334,raw_uniform_liu__lambda_30,0.6863671519685058,0.3085082067258761,0.0005483254209760836
