comparison_group_id,source_comparison_group_id,lane_id,population_id,scope_type,scope_value,record_level,cell_id,dataset_id,model_id,slice_id,cell_ids_json,n_cells,aggregation,metric_id,higher_is_better,point_winner_method_ids_json,winner_reference_method_id,candidate_method_id,winner_value,candidate_value,delta_candidate_minus_winner,delta_ci_low,delta_ci_high,oriented_advantage_candidate_over_winner,oriented_ci_low,oriented_ci_high,probability_oriented_advantage_le_zero,bootstrap_unit,bootstrap_draws,bootstrap_valid_draws,membership_status,in_winner_reference_set,multiplicity_adjustment,status
winner_reference::13d6a58b8e2ba59f5ade9f8b,external_final_answer::cell::01050b956540277efd971bf2,external_final_answer,evidence_drop_primary_v1,cell,evidence_drop_gsm8k_qwen3_4b,cell,evidence_drop_gsm8k_qwen3_4b,gsm8k,qwen3_4b,evidence_drop,"[""evidence_drop_gsm8k_qwen3_4b""]",1,single_cell,auprc,True,"[""ca_specrage_atomic""]",ca_specrage_atomic,ca_specrage_atomic,0.35633907217106225,0.35633907217106225,0.0,0.0,0.0,0.0,0.0,0.0,1.0,source_group,20000,20000,POINT_WINNER,True,NONE,OK
winner_reference::13d6a58b8e2ba59f5ade9f8b,external_final_answer::cell::01050b956540277efd971bf2,external_final_answer,evidence_drop_primary_v1,cell,evidence_drop_gsm8k_qwen3_4b,cell,evidence_drop_gsm8k_qwen3_4b,gsm8k,qwen3_4b,evidence_drop,"[""evidence_drop_gsm8k_qwen3_4b""]",1,single_cell,auprc,True,"[""ca_specrage_atomic""]",ca_specrage_atomic,continuous_lsml,0.35633907217106225,0.34638205300851455,-0.009957019162547709,-0.02831882055921553,0.008325507331086727,-0.009957019162547709,-0.02831882055921553,0.008325507331086727,0.8683,source_group,20000,20000,NOT_SEPARATED_FROM_POINT_WINNER_95CI,True,NONE,OK
winner_reference::13d6a58b8e2ba59f5ade9f8b,external_final_answer::cell::01050b956540277efd971bf2,external_final_answer,evidence_drop_primary_v1,cell,evidence_drop_gsm8k_qwen3_4b,cell,evidence_drop_gsm8k_qwen3_4b,gsm8k,qwen3_4b,evidence_drop,"[""evidence_drop_gsm8k_qwen3_4b""]",1,single_cell,auprc,True,"[""ca_specrage_atomic""]",ca_specrage_atomic,deem_b3,0.35633907217106225,0.35560738519899343,-0.0007316869720688235,-0.016076609480359733,0.015545730937712573,-0.0007316869720688235,-0.016076609480359733,0.015545730937712573,0.5417,source_group,20000,20000,NOT_SEPARATED_FROM_POINT_WINNER_95CI,True,NONE,OK
winner_reference::13d6a58b8e2ba59f5ade9f8b,external_final_answer::cell::01050b956540277efd971bf2,external_final_answer,evidence_drop_primary_v1,cell,evidence_drop_gsm8k_qwen3_4b,cell,evidence_drop_gsm8k_qwen3_4b,gsm8k,qwen3_4b,evidence_drop,"[""evidence_drop_gsm8k_qwen3_4b""]",1,single_cell,auprc,True,"[""ca_specrage_atomic""]",ca_specrage_atomic,dufs_liu,0.35633907217106225,0.35180764311196927,-0.004531429059092984,-0.014933227863818737,0.0049568636139945615,-0.004531429059092984,-0.014933227863818737,0.0049568636139945615,0.82235,source_group,20000,20000,NOT_SEPARATED_FROM_POINT_WINNER_95CI,True,NONE,OK
winner_reference::13d6a58b8e2ba59f5ade9f8b,external_final_answer::cell::01050b956540277efd971bf2,external_final_answer,evidence_drop_primary_v1,cell,evidence_drop_gsm8k_qwen3_4b,cell,evidence_drop_gsm8k_qwen3_4b,gsm8k,qwen3_4b,evidence_drop,"[""evidence_drop_gsm8k_qwen3_4b""]",1,single_cell,auprc,True,"[""ca_specrage_atomic""]",ca_specrage_atomic,dufs_pf_lsml,0.35633907217106225,0.3541753815406301,-0.002163690630432147,-0.011708512420000617,0.005954614804682112,-0.002163690630432147,-0.011708512420000617,0.005954614804682112,0.67435,source_group,20000,20000,NOT_SEPARATED_FROM_POINT_WINNER_95CI,True,NONE,OK
winner_reference::13d6a58b8e2ba59f5ade9f8b,external_final_answer::cell::01050b956540277efd971bf2,external_final_answer,evidence_drop_primary_v1,cell,evidence_drop_gsm8k_qwen3_4b,cell,evidence_drop_gsm8k_qwen3_4b,gsm8k,qwen3_4b,evidence_drop,"[""evidence_drop_gsm8k_qwen3_4b""]",1,single_cell,auprc,True,"[""ca_specrage_atomic""]",ca_specrage_atomic,dufs_stability_lsml,0.35633907217106225,0.35275232569737547,-0.003586746473686786,-0.015177476064930423,0.0056377283614168485,-0.003586746473686786,-0.015177476064930423,0.0056377283614168485,0.75515,source_group,20000,20000,NOT_SEPARATED_FROM_POINT_WINNER_95CI,True,NONE,OK
winner_reference::13d6a58b8e2ba59f5ade9f8b,external_final_answer::cell::01050b956540277efd971bf2,external_final_answer,evidence_drop_primary_v1,cell,evidence_drop_gsm8k_qwen3_4b,cell,evidence_drop_gsm8k_qwen3_4b,gsm8k,qwen3_4b,evidence_drop,"[""evidence_drop_gsm8k_qwen3_4b""]",1,single_cell,auprc,True,"[""ca_specrage_atomic""]",ca_specrage_atomic,equal_family_mean,0.35633907217106225,0.3560631043928816,-0.00027596777818067464,-0.016037501434923804,0.016403105026606763,-0.00027596777818067464,-0.016037501434923804,0.016403105026606763,0.51785,source_group,20000,20000,NOT_SEPARATED_FROM_POINT_WINNER_95CI,True,NONE,OK
winner_reference::13d6a58b8e2ba59f5ade9f8b,external_final_answer::cell::01050b956540277efd971bf2,external_final_answer,evidence_drop_primary_v1,cell,evidence_drop_gsm8k_qwen3_4b,cell,evidence_drop_gsm8k_qwen3_4b,gsm8k,qwen3_4b,evidence_drop,"[""evidence_drop_gsm8k_qwen3_4b""]",1,single_cell,auprc,True,"[""ca_specrage_atomic""]",ca_specrage_atomic,equal_feature_mean,0.35633907217106225,0.3478116903022317,-0.008527381868830564,-0.02481360173255007,0.0068987218145372745,-0.008527381868830564,-0.02481360173255007,0.0068987218145372745,0.85915,source_group,20000,20000,NOT_SEPARATED_FROM_POINT_WINNER_95CI,True,NONE,OK
winner_reference::13d6a58b8e2ba59f5ade9f8b,external_final_answer::cell::01050b956540277efd971bf2,external_final_answer,evidence_drop_primary_v1,cell,evidence_drop_gsm8k_qwen3_4b,cell,evidence_drop_gsm8k_qwen3_4b,gsm8k,qwen3_4b,evidence_drop,"[""evidence_drop_gsm8k_qwen3_4b""]",1,single_cell,auprc,True,"[""ca_specrage_atomic""]",ca_specrage_atomic,family_nrm_a,0.35633907217106225,0.3493160788971984,-0.007022993273863853,-0.026606467943906906,0.012892507737285647,-0.007022993273863853,-0.026606467943906906,0.012892507737285647,0.7691,source_group,20000,20000,NOT_SEPARATED_FROM_POINT_WINNER_95CI,True,NONE,OK
winner_reference::13d6a58b8e2ba59f5ade9f8b,external_final_answer::cell::01050b956540277efd971bf2,external_final_answer,evidence_drop_primary_v1,cell,evidence_drop_gsm8k_qwen3_4b,cell,evidence_drop_gsm8k_qwen3_4b,gsm8k,qwen3_4b,evidence_drop,"[""evidence_drop_gsm8k_qwen3_4b""]",1,single_cell,auprc,True,"[""ca_specrage_atomic""]",ca_specrage_atomic,iu_pcr,0.35633907217106225,0.35080885233987336,-0.005530219831188898,-0.01660124064988837,0.004532853156863478,-0.005530219831188898,-0.01660124064988837,0.004532853156863478,0.85745,source_group,20000,20000,NOT_SEPARATED_FROM_POINT_WINNER_95CI,True,NONE,OK
winner_reference::13d6a58b8e2ba59f5ade9f8b,external_final_answer::cell::01050b956540277efd971bf2,external_final_answer,evidence_drop_primary_v1,cell,evidence_drop_gsm8k_qwen3_4b,cell,evidence_drop_gsm8k_qwen3_4b,gsm8k,qwen3_4b,evidence_drop,"[""evidence_drop_gsm8k_qwen3_4b""]",1,single_cell,auprc,True,"[""ca_specrage_atomic""]",ca_specrage_atomic,pgrd_a,0.35633907217106225,0.3451449711976875,-0.011194100973374754,-0.025508100325739178,0.0024108823532121623,-0.011194100973374754,-0.025508100325739178,0.0024108823532121623,0.94415,source_group,20000,20000,NOT_SEPARATED_FROM_POINT_WINNER_95CI,True,NONE,OK
winner_reference::13d6a58b8e2ba59f5ade9f8b,external_final_answer::cell::01050b956540277efd971bf2,external_final_answer,evidence_drop_primary_v1,cell,evidence_drop_gsm8k_qwen3_4b,cell,evidence_drop_gsm8k_qwen3_4b,gsm8k,qwen3_4b,evidence_drop,"[""evidence_drop_gsm8k_qwen3_4b""]",1,single_cell,auprc,True,"[""ca_specrage_atomic""]",ca_specrage_atomic,su_pcr,0.35633907217106225,0.35082367481256055,-0.005515397358501706,-0.016585379690776912,0.004552992339764708,-0.005515397358501706,-0.016585379690776912,0.004552992339764708,0.85675,source_group,20000,20000,NOT_SEPARATED_FROM_POINT_WINNER_95CI,True,NONE,OK
winner_reference::13d6a58b8e2ba59f5ade9f8b,external_final_answer::cell::01050b956540277efd971bf2,external_final_answer,evidence_drop_primary_v1,cell,evidence_drop_gsm8k_qwen3_4b,cell,evidence_drop_gsm8k_qwen3_4b,gsm8k,qwen3_4b,evidence_drop,"[""evidence_drop_gsm8k_qwen3_4b""]",1,single_cell,auprc,True,"[""ca_specrage_atomic""]",ca_specrage_atomic,upcr,0.35633907217106225,0.35613392115763104,-0.0002051510134312151,-0.0072023384218672425,0.0052280937284327825,-0.0002051510134312151,-0.0072023384218672425,0.0052280937284327825,0.48395,source_group,20000,20000,NOT_SEPARATED_FROM_POINT_WINNER_95CI,True,NONE,OK
winner_reference::75cc581a2d393d4a32932f57,external_final_answer::cell::8a0a411be6cbf46467926fc2,external_final_answer,evidence_drop_primary_v1,cell,evidence_drop_gsm8k_qwen3_4b,cell,evidence_drop_gsm8k_qwen3_4b,gsm8k,qwen3_4b,evidence_drop,"[""evidence_drop_gsm8k_qwen3_4b""]",1,single_cell,aurc_x1000,False,"[""upcr""]",upcr,ca_specrage_atomic,29.30707857303311,30.05196579523182,0.7448872221987095,-0.14366314221027246,1.836143337604271,-0.7448872221987095,-1.8361433376042713,0.1436631422102723,0.94315,source_group,20000,20000,NOT_SEPARATED_FROM_POINT_WINNER_95CI,True,NONE,OK
winner_reference::75cc581a2d393d4a32932f57,external_final_answer::cell::8a0a411be6cbf46467926fc2,external_final_answer,evidence_drop_primary_v1,cell,evidence_drop_gsm8k_qwen3_4b,cell,evidence_drop_gsm8k_qwen3_4b,gsm8k,qwen3_4b,evidence_drop,"[""evidence_drop_gsm8k_qwen3_4b""]",1,single_cell,aurc_x1000,False,"[""upcr""]",upcr,continuous_lsml,29.30707857303311,31.818483596301345,2.5114050232682352,0.31221357720980125,4.964639820380671,-2.5114050232682352,-4.9646398203806745,-0.312213577209804,0.9895,source_group,20000,20000,SEPARATED_FROM_POINT_WINNER_95CI,False,NONE,OK
winner_reference::75cc581a2d393d4a32932f57,external_final_answer::cell::8a0a411be6cbf46467926fc2,external_final_answer,evidence_drop_primary_v1,cell,evidence_drop_gsm8k_qwen3_4b,cell,evidence_drop_gsm8k_qwen3_4b,gsm8k,qwen3_4b,evidence_drop,"[""evidence_drop_gsm8k_qwen3_4b""]",1,single_cell,aurc_x1000,False,"[""upcr""]",upcr,deem_b3,29.30707857303311,30.075682189807925,0.7686036167748149,-1.0399037074664237,2.6849361814280117,-0.7686036167748149,-2.6849361814280126,1.039903707466423,0.78995,source_group,20000,20000,NOT_SEPARATED_FROM_POINT_WINNER_95CI,True,NONE,OK
winner_reference::75cc581a2d393d4a32932f57,external_final_answer::cell::8a0a411be6cbf46467926fc2,external_final_answer,evidence_drop_primary_v1,cell,evidence_drop_gsm8k_qwen3_4b,cell,evidence_drop_gsm8k_qwen3_4b,gsm8k,qwen3_4b,evidence_drop,"[""evidence_drop_gsm8k_qwen3_4b""]",1,single_cell,aurc_x1000,False,"[""upcr""]",upcr,dufs_liu,29.30707857303311,30.642425339160702,1.3353467661275928,0.21555898780959692,2.6331134867071966,-1.3353467661275928,-2.633113486707198,-0.2155589878095979,0.9924,source_group,20000,20000,SEPARATED_FROM_POINT_WINNER_95CI,False,NONE,OK
winner_reference::75cc581a2d393d4a32932f57,external_final_answer::cell::8a0a411be6cbf46467926fc2,external_final_answer,evidence_drop_primary_v1,cell,evidence_drop_gsm8k_qwen3_4b,cell,evidence_drop_gsm8k_qwen3_4b,gsm8k,qwen3_4b,evidence_drop,"[""evidence_drop_gsm8k_qwen3_4b""]",1,single_cell,aurc_x1000,False,"[""upcr""]",upcr,dufs_pf_lsml,29.30707857303311,29.932355145041637,0.6252765720085272,-0.45840938028935474,1.7511274875126381,-0.6252765720085272,-1.751127487512639,0.4584093802893545,0.8806,source_group,20000,20000,NOT_SEPARATED_FROM_POINT_WINNER_95CI,True,NONE,OK
winner_reference::75cc581a2d393d4a32932f57,external_final_answer::cell::8a0a411be6cbf46467926fc2,external_final_answer,evidence_drop_primary_v1,cell,evidence_drop_gsm8k_qwen3_4b,cell,evidence_drop_gsm8k_qwen3_4b,gsm8k,qwen3_4b,evidence_drop,"[""evidence_drop_gsm8k_qwen3_4b""]",1,single_cell,aurc_x1000,False,"[""upcr""]",upcr,dufs_stability_lsml,29.30707857303311,30.100998836051588,0.7939202630184781,-0.20931362701662418,1.8596630688132394,-0.7939202630184781,-1.8596630688132454,0.20931362701662398,0.93925,source_group,20000,20000,NOT_SEPARATED_FROM_POINT_WINNER_95CI,True,NONE,OK
winner_reference::75cc581a2d393d4a32932f57,external_final_answer::cell::8a0a411be6cbf46467926fc2,external_final_answer,evidence_drop_primary_v1,cell,evidence_drop_gsm8k_qwen3_4b,cell,evidence_drop_gsm8k_qwen3_4b,gsm8k,qwen3_4b,evidence_drop,"[""evidence_drop_gsm8k_qwen3_4b""]",1,single_cell,aurc_x1000,False,"[""upcr""]",upcr,equal_family_mean,29.30707857303311,30.105171345987802,0.7980927729546927,-1.1409507699871293,2.8945271277421427,-0.7980927729546927,-2.8945271277421436,1.1409507699871266,0.7814,source_group,20000,20000,NOT_SEPARATED_FROM_POINT_WINNER_95CI,True,NONE,OK
winner_reference::75cc581a2d393d4a32932f57,external_final_answer::cell::8a0a411be6cbf46467926fc2,external_final_answer,evidence_drop_primary_v1,cell,evidence_drop_gsm8k_qwen3_4b,cell,evidence_drop_gsm8k_qwen3_4b,gsm8k,qwen3_4b,evidence_drop,"[""evidence_drop_gsm8k_qwen3_4b""]",1,single_cell,aurc_x1000,False,"[""upcr""]",upcr,equal_feature_mean,29.30707857303311,32.043814570189426,2.736735997156316,0.5556942800218709,5.095470748720664,-2.736735997156316,-5.0954707487206665,-0.5556942800218746,0.99315,source_group,20000,20000,SEPARATED_FROM_POINT_WINNER_95CI,False,NONE,OK
winner_reference::75cc581a2d393d4a32932f57,external_final_answer::cell::8a0a411be6cbf46467926fc2,external_final_answer,evidence_drop_primary_v1,cell,evidence_drop_gsm8k_qwen3_4b,cell,evidence_drop_gsm8k_qwen3_4b,gsm8k,qwen3_4b,evidence_drop,"[""evidence_drop_gsm8k_qwen3_4b""]",1,single_cell,aurc_x1000,False,"[""upcr""]",upcr,family_nrm_a,29.30707857303311,30.86655396692184,1.5594753938887287,-0.4404781464381483,3.77805772334872,-1.5594753938887287,-3.7780577233487236,0.44047814643814676,0.9359,source_group,20000,20000,NOT_SEPARATED_FROM_POINT_WINNER_95CI,True,NONE,OK
winner_reference::75cc581a2d393d4a32932f57,external_final_answer::cell::8a0a411be6cbf46467926fc2,external_final_answer,evidence_drop_primary_v1,cell,evidence_drop_gsm8k_qwen3_4b,cell,evidence_drop_gsm8k_qwen3_4b,gsm8k,qwen3_4b,evidence_drop,"[""evidence_drop_gsm8k_qwen3_4b""]",1,single_cell,aurc_x1000,False,"[""upcr""]",upcr,iu_pcr,29.30707857303311,30.680099864735578,1.373021291702468,0.1927164577535778,2.7231741045230784,-1.373021291702468,-2.7231741045230797,-0.1927164577535783,0.9903,source_group,20000,20000,SEPARATED_FROM_POINT_WINNER_95CI,False,NONE,OK
winner_reference::75cc581a2d393d4a32932f57,external_final_answer::cell::8a0a411be6cbf46467926fc2,external_final_answer,evidence_drop_primary_v1,cell,evidence_drop_gsm8k_qwen3_4b,cell,evidence_drop_gsm8k_qwen3_4b,gsm8k,qwen3_4b,evidence_drop,"[""evidence_drop_gsm8k_qwen3_4b""]",1,single_cell,aurc_x1000,False,"[""upcr""]",upcr,pgrd_a,29.30707857303311,32.250294016183915,2.9432154431508053,0.22162150503163486,5.83865327152278,-2.9432154431508053,-5.838653271522781,-0.22162150503163544,0.9826,source_group,20000,20000,SEPARATED_FROM_POINT_WINNER_95CI,False,NONE,OK
winner_reference::75cc581a2d393d4a32932f57,external_final_answer::cell::8a0a411be6cbf46467926fc2,external_final_answer,evidence_drop_primary_v1,cell,evidence_drop_gsm8k_qwen3_4b,cell,evidence_drop_gsm8k_qwen3_4b,gsm8k,qwen3_4b,evidence_drop,"[""evidence_drop_gsm8k_qwen3_4b""]",1,single_cell,aurc_x1000,False,"[""upcr""]",upcr,su_pcr,29.30707857303311,30.67753384084365,1.3704552678105415,0.19126386234995474,2.720654653606392,-1.3704552678105415,-2.7206546536063976,-0.1912638623499552,0.99015,source_group,20000,20000,SEPARATED_FROM_POINT_WINNER_95CI,False,NONE,OK
winner_reference::75cc581a2d393d4a32932f57,external_final_answer::cell::8a0a411be6cbf46467926fc2,external_final_answer,evidence_drop_primary_v1,cell,evidence_drop_gsm8k_qwen3_4b,cell,evidence_drop_gsm8k_qwen3_4b,gsm8k,qwen3_4b,evidence_drop,"[""evidence_drop_gsm8k_qwen3_4b""]",1,single_cell,aurc_x1000,False,"[""upcr""]",upcr,upcr,29.30707857303311,29.30707857303311,0.0,0.0,0.0,-0.0,-0.0,0.0,1.0,source_group,20000,20000,POINT_WINNER,True,NONE,OK
winner_reference::debbc252bb10fc8e809369cf,external_final_answer::cell::8baeba1638c236c4d58ec2f7,external_final_answer,evidence_drop_primary_v1,cell,evidence_drop_gsm8k_qwen3_4b,cell,evidence_drop_gsm8k_qwen3_4b,gsm8k,qwen3_4b,evidence_drop,"[""evidence_drop_gsm8k_qwen3_4b""]",1,single_cell,auroc,True,"[""upcr""]",upcr,ca_specrage_atomic,0.8057585920256829,0.8033651503425344,-0.0023934416831484784,-0.005644161537854642,0.0006576282755025354,-0.0023934416831484784,-0.005644161537854642,0.0006576282755025354,0.93605,source_group,20000,20000,NOT_SEPARATED_FROM_POINT_WINNER_95CI,True,NONE,OK
winner_reference::debbc252bb10fc8e809369cf,external_final_answer::cell::8baeba1638c236c4d58ec2f7,external_final_answer,evidence_drop_primary_v1,cell,evidence_drop_gsm8k_qwen3_4b,cell,evidence_drop_gsm8k_qwen3_4b,gsm8k,qwen3_4b,evidence_drop,"[""evidence_drop_gsm8k_qwen3_4b""]",1,single_cell,auroc,True,"[""upcr""]",upcr,continuous_lsml,0.8057585920256829,0.793977699429587,-0.011780892596095938,-0.021422694066178603,-0.0025040925716143486,-0.011780892596095938,-0.021422694066178603,-0.0025040925716143486,0.99385,source_group,20000,20000,SEPARATED_FROM_POINT_WINNER_95CI,False,NONE,OK
winner_reference::debbc252bb10fc8e809369cf,external_final_answer::cell::8baeba1638c236c4d58ec2f7,external_final_answer,evidence_drop_primary_v1,cell,evidence_drop_gsm8k_qwen3_4b,cell,evidence_drop_gsm8k_qwen3_4b,gsm8k,qwen3_4b,evidence_drop,"[""evidence_drop_gsm8k_qwen3_4b""]",1,single_cell,auroc,True,"[""upcr""]",upcr,deem_b3,0.8057585920256829,0.8024049072720497,-0.0033536847536331793,-0.010703526448396849,0.0042735691067236625,-0.0033536847536331793,-0.010703526448396849,0.0042735691067236625,0.81065,source_group,20000,20000,NOT_SEPARATED_FROM_POINT_WINNER_95CI,True,NONE,OK
winner_reference::debbc252bb10fc8e809369cf,external_final_answer::cell::8baeba1638c236c4d58ec2f7,external_final_answer,evidence_drop_primary_v1,cell,evidence_drop_gsm8k_qwen3_4b,cell,evidence_drop_gsm8k_qwen3_4b,gsm8k,qwen3_4b,evidence_drop,"[""evidence_drop_gsm8k_qwen3_4b""]",1,single_cell,auroc,True,"[""upcr""]",upcr,dufs_liu,0.8057585920256829,0.8005990770200935,-0.005159515005589421,-0.009389031497202313,-0.0011238670428955011,-0.005159515005589421,-0.009389031497202313,-0.0011238670428955011,0.99355,source_group,20000,20000,SEPARATED_FROM_POINT_WINNER_95CI,False,NONE,OK
winner_reference::debbc252bb10fc8e809369cf,external_final_answer::cell::8baeba1638c236c4d58ec2f7,external_final_answer,evidence_drop_primary_v1,cell,evidence_drop_gsm8k_qwen3_4b,cell,evidence_drop_gsm8k_qwen3_4b,gsm8k,qwen3_4b,evidence_drop,"[""evidence_drop_gsm8k_qwen3_4b""]",1,single_cell,auroc,True,"[""upcr""]",upcr,dufs_pf_lsml,0.8057585920256829,0.803221830481268,-0.002536761544414845,-0.00582120579948453,0.0005788593433965202,-0.002536761544414845,-0.00582120579948453,0.0005788593433965202,0.9441,source_group,20000,20000,NOT_SEPARATED_FROM_POINT_WINNER_95CI,True,NONE,OK
winner_reference::debbc252bb10fc8e809369cf,external_final_answer::cell::8baeba1638c236c4d58ec2f7,external_final_answer,evidence_drop_primary_v1,cell,evidence_drop_gsm8k_qwen3_4b,cell,evidence_drop_gsm8k_qwen3_4b,gsm8k,qwen3_4b,evidence_drop,"[""evidence_drop_gsm8k_qwen3_4b""]",1,single_cell,auroc,True,"[""upcr""]",upcr,dufs_stability_lsml,0.8057585920256829,0.8029208587726087,-0.002837733253074237,-0.006411340346398261,0.000544494216094592,-0.002837733253074237,-0.006411340346398261,0.000544494216094592,0.94825,source_group,20000,20000,NOT_SEPARATED_FROM_POINT_WINNER_95CI,True,NONE,OK
winner_reference::debbc252bb10fc8e809369cf,external_final_answer::cell::8baeba1638c236c4d58ec2f7,external_final_answer,evidence_drop_primary_v1,cell,evidence_drop_gsm8k_qwen3_4b,cell,evidence_drop_gsm8k_qwen3_4b,gsm8k,qwen3_4b,evidence_drop,"[""evidence_drop_gsm8k_qwen3_4b""]",1,single_cell,auroc,True,"[""upcr""]",upcr,equal_family_mean,0.8057585920256829,0.8023547453206065,-0.00340384670507643,-0.011184855094968294,0.004600717800680601,-0.00340384670507643,-0.011184855094968294,0.004600717800680601,0.8006,source_group,20000,20000,NOT_SEPARATED_FROM_POINT_WINNER_95CI,True,NONE,OK
winner_reference::debbc252bb10fc8e809369cf,external_final_answer::cell::8baeba1638c236c4d58ec2f7,external_final_answer,evidence_drop_primary_v1,cell,evidence_drop_gsm8k_qwen3_4b,cell,evidence_drop_gsm8k_qwen3_4b,gsm8k,qwen3_4b,evidence_drop,"[""evidence_drop_gsm8k_qwen3_4b""]",1,single_cell,auroc,True,"[""upcr""]",upcr,equal_feature_mean,0.8057585920256829,0.7937698856307507,-0.011988706394932214,-0.021760510351539815,-0.002268171905842292,-0.011988706394932214,-0.021760510351539815,-0.002268171905842292,0.9921,source_group,20000,20000,SEPARATED_FROM_POINT_WINNER_95CI,False,NONE,OK
winner_reference::debbc252bb10fc8e809369cf,external_final_answer::cell::8baeba1638c236c4d58ec2f7,external_final_answer,evidence_drop_primary_v1,cell,evidence_drop_gsm8k_qwen3_4b,cell,evidence_drop_gsm8k_qwen3_4b,gsm8k,qwen3_4b,evidence_drop,"[""evidence_drop_gsm8k_qwen3_4b""]",1,single_cell,auroc,True,"[""upcr""]",upcr,family_nrm_a,0.8057585920256829,0.7971522343566372,-0.008606357669045717,-0.01771857391234528,0.00033751415742874373,-0.008606357669045717,-0.01771857391234528,0.00033751415742874373,0.9704,source_group,20000,20000,NOT_SEPARATED_FROM_POINT_WINNER_95CI,True,NONE,OK
winner_reference::debbc252bb10fc8e809369cf,external_final_answer::cell::8baeba1638c236c4d58ec2f7,external_final_answer,evidence_drop_primary_v1,cell,evidence_drop_gsm8k_qwen3_4b,cell,evidence_drop_gsm8k_qwen3_4b,gsm8k,qwen3_4b,evidence_drop,"[""evidence_drop_gsm8k_qwen3_4b""]",1,single_cell,auroc,True,"[""upcr""]",upcr,iu_pcr,0.8057585920256829,0.8003625992490039,-0.005395992776679015,-0.00996502731618086,-0.0009842417753393904,-0.005395992776679015,-0.00996502731618086,-0.0009842417753393904,0.99215,source_group,20000,20000,SEPARATED_FROM_POINT_WINNER_95CI,False,NONE,OK
winner_reference::debbc252bb10fc8e809369cf,external_final_answer::cell::8baeba1638c236c4d58ec2f7,external_final_answer,evidence_drop_primary_v1,cell,evidence_drop_gsm8k_qwen3_4b,cell,evidence_drop_gsm8k_qwen3_4b,gsm8k,qwen3_4b,evidence_drop,"[""evidence_drop_gsm8k_qwen3_4b""]",1,single_cell,auroc,True,"[""upcr""]",upcr,pgrd_a,0.8057585920256829,0.7925373348238599,-0.013221257201822989,-0.024252001778959646,-0.0027733448883133028,-0.013221257201822989,-0.024252001778959646,-0.0027733448883133028,0.99405,source_group,20000,20000,SEPARATED_FROM_POINT_WINNER_95CI,False,NONE,OK
winner_reference::debbc252bb10fc8e809369cf,external_final_answer::cell::8baeba1638c236c4d58ec2f7,external_final_answer,evidence_drop_primary_v1,cell,evidence_drop_gsm8k_qwen3_4b,cell,evidence_drop_gsm8k_qwen3_4b,gsm8k,qwen3_4b,evidence_drop,"[""evidence_drop_gsm8k_qwen3_4b""]",1,single_cell,auroc,True,"[""upcr""]",upcr,su_pcr,0.8057585920256829,0.8003840972281939,-0.005374494797488971,-0.009933805456970382,-0.0009548999440010055,-0.005374494797488971,-0.009933805456970382,-0.0009548999440010055,0.99205,source_group,20000,20000,SEPARATED_FROM_POINT_WINNER_95CI,False,NONE,OK
winner_reference::debbc252bb10fc8e809369cf,external_final_answer::cell::8baeba1638c236c4d58ec2f7,external_final_answer,evidence_drop_primary_v1,cell,evidence_drop_gsm8k_qwen3_4b,cell,evidence_drop_gsm8k_qwen3_4b,gsm8k,qwen3_4b,evidence_drop,"[""evidence_drop_gsm8k_qwen3_4b""]",1,single_cell,auroc,True,"[""upcr""]",upcr,upcr,0.8057585920256829,0.8057585920256829,0.0,0.0,0.0,0.0,0.0,0.0,1.0,source_group,20000,20000,POINT_WINNER,True,NONE,OK
winner_reference::d1ece55e923e9b3066ac9d4e,external_final_answer::cell::f8273627fab049a6bed9082c,external_final_answer,evidence_drop_primary_v1,cell,evidence_drop_gsm8k_qwen3_8b,cell,evidence_drop_gsm8k_qwen3_8b,gsm8k,qwen3_8b,evidence_drop,"[""evidence_drop_gsm8k_qwen3_8b""]",1,single_cell,auprc,True,"[""equal_family_mean""]",equal_family_mean,ca_specrage_atomic,0.2568177649133251,0.24259340203333427,-0.01422436287999082,-0.034259578187022015,0.0008126357348581451,-0.01422436287999082,-0.034259578187022015,0.0008126357348581451,0.9664,source_group,20000,20000,NOT_SEPARATED_FROM_POINT_WINNER_95CI,True,NONE,OK
winner_reference::d1ece55e923e9b3066ac9d4e,external_final_answer::cell::f8273627fab049a6bed9082c,external_final_answer,evidence_drop_primary_v1,cell,evidence_drop_gsm8k_qwen3_8b,cell,evidence_drop_gsm8k_qwen3_8b,gsm8k,qwen3_8b,evidence_drop,"[""evidence_drop_gsm8k_qwen3_8b""]",1,single_cell,auprc,True,"[""equal_family_mean""]",equal_family_mean,continuous_lsml,0.2568177649133251,0.2417822970507354,-0.015035467862589691,-0.029570780064986833,-0.0034726688957724596,-0.015035467862589691,-0.029570780064986833,-0.0034726688957724596,0.9958,source_group,20000,20000,SEPARATED_FROM_POINT_WINNER_95CI,False,NONE,OK
winner_reference::d1ece55e923e9b3066ac9d4e,external_final_answer::cell::f8273627fab049a6bed9082c,external_final_answer,evidence_drop_primary_v1,cell,evidence_drop_gsm8k_qwen3_8b,cell,evidence_drop_gsm8k_qwen3_8b,gsm8k,qwen3_8b,evidence_drop,"[""evidence_drop_gsm8k_qwen3_8b""]",1,single_cell,auprc,True,"[""equal_family_mean""]",equal_family_mean,deem_b3,0.2568177649133251,0.25633419039394084,-0.00048357451938424445,-0.0023631077282032565,0.0007388593122059811,-0.00048357451938424445,-0.0023631077282032565,0.0007388593122059811,0.7321,source_group,20000,20000,NOT_SEPARATED_FROM_POINT_WINNER_95CI,True,NONE,OK
winner_reference::d1ece55e923e9b3066ac9d4e,external_final_answer::cell::f8273627fab049a6bed9082c,external_final_answer,evidence_drop_primary_v1,cell,evidence_drop_gsm8k_qwen3_8b,cell,evidence_drop_gsm8k_qwen3_8b,gsm8k,qwen3_8b,evidence_drop,"[""evidence_drop_gsm8k_qwen3_8b""]",1,single_cell,auprc,True,"[""equal_family_mean""]",equal_family_mean,dufs_liu,0.2568177649133251,0.2414440205117999,-0.015373744401525197,-0.03160027420757823,-0.0032398204985989087,-0.015373744401525197,-0.03160027420757823,-0.0032398204985989087,0.99505,source_group,20000,20000,SEPARATED_FROM_POINT_WINNER_95CI,False,NONE,OK
winner_reference::d1ece55e923e9b3066ac9d4e,external_final_answer::cell::f8273627fab049a6bed9082c,external_final_answer,evidence_drop_primary_v1,cell,evidence_drop_gsm8k_qwen3_8b,cell,evidence_drop_gsm8k_qwen3_8b,gsm8k,qwen3_8b,evidence_drop,"[""evidence_drop_gsm8k_qwen3_8b""]",1,single_cell,auprc,True,"[""equal_family_mean""]",equal_family_mean,dufs_pf_lsml,0.2568177649133251,0.23750471345318214,-0.01931305146014295,-0.03831969098644518,-0.004983991593908248,-0.01931305146014295,-0.03831969098644518,-0.004983991593908248,0.997,source_group,20000,20000,SEPARATED_FROM_POINT_WINNER_95CI,False,NONE,OK
winner_reference::d1ece55e923e9b3066ac9d4e,external_final_answer::cell::f8273627fab049a6bed9082c,external_final_answer,evidence_drop_primary_v1,cell,evidence_drop_gsm8k_qwen3_8b,cell,evidence_drop_gsm8k_qwen3_8b,gsm8k,qwen3_8b,evidence_drop,"[""evidence_drop_gsm8k_qwen3_8b""]",1,single_cell,auprc,True,"[""equal_family_mean""]",equal_family_mean,dufs_stability_lsml,0.2568177649133251,0.2383938124119186,-0.018423952501406493,-0.03734617799354978,-0.004544505311635413,-0.018423952501406493,-0.03734617799354978,-0.004544505311635413,0.9965,source_group,20000,20000,SEPARATED_FROM_POINT_WINNER_95CI,False,NONE,OK
winner_reference::d1ece55e923e9b3066ac9d4e,external_final_answer::cell::f8273627fab049a6bed9082c,external_final_answer,evidence_drop_primary_v1,cell,evidence_drop_gsm8k_qwen3_8b,cell,evidence_drop_gsm8k_qwen3_8b,gsm8k,qwen3_8b,evidence_drop,"[""evidence_drop_gsm8k_qwen3_8b""]",1,single_cell,auprc,True,"[""equal_family_mean""]",equal_family_mean,equal_family_mean,0.2568177649133251,0.2568177649133251,0.0,0.0,0.0,0.0,0.0,0.0,1.0,source_group,20000,20000,POINT_WINNER,True,NONE,OK
winner_reference::d1ece55e923e9b3066ac9d4e,external_final_answer::cell::f8273627fab049a6bed9082c,external_final_answer,evidence_drop_primary_v1,cell,evidence_drop_gsm8k_qwen3_8b,cell,evidence_drop_gsm8k_qwen3_8b,gsm8k,qwen3_8b,evidence_drop,"[""evidence_drop_gsm8k_qwen3_8b""]",1,single_cell,auprc,True,"[""equal_family_mean""]",equal_family_mean,equal_feature_mean,0.2568177649133251,0.24332890288877213,-0.013488862024552961,-0.026470630079091888,-0.00201274541662894,-0.013488862024552961,-0.026470630079091888,-0.00201274541662894,0.98825,source_group,20000,20000,SEPARATED_FROM_POINT_WINNER_95CI,False,NONE,OK
winner_reference::d1ece55e923e9b3066ac9d4e,external_final_answer::cell::f8273627fab049a6bed9082c,external_final_answer,evidence_drop_primary_v1,cell,evidence_drop_gsm8k_qwen3_8b,cell,evidence_drop_gsm8k_qwen3_8b,gsm8k,qwen3_8b,evidence_drop,"[""evidence_drop_gsm8k_qwen3_8b""]",1,single_cell,auprc,True,"[""equal_family_mean""]",equal_family_mean,family_nrm_a,0.2568177649133251,0.23774231509733434,-0.01907544981599074,-0.03458155292013238,-0.0037156395810841116,-0.01907544981599074,-0.03458155292013238,-0.0037156395810841116,0.99355,source_group,20000,20000,SEPARATED_FROM_POINT_WINNER_95CI,False,NONE,OK
winner_reference::d1ece55e923e9b3066ac9d4e,external_final_answer::cell::f8273627fab049a6bed9082c,external_final_answer,evidence_drop_primary_v1,cell,evidence_drop_gsm8k_qwen3_8b,cell,evidence_drop_gsm8k_qwen3_8b,gsm8k,qwen3_8b,evidence_drop,"[""evidence_drop_gsm8k_qwen3_8b""]",1,single_cell,auprc,True,"[""equal_family_mean""]",equal_family_mean,iu_pcr,0.2568177649133251,0.2409580194206658,-0.015859745492659283,-0.03211783733587439,-0.0037456876147164237,-0.015859745492659283,-0.03211783733587439,-0.0037456876147164237,0.9962,source_group,20000,20000,SEPARATED_FROM_POINT_WINNER_95CI,False,NONE,OK
winner_reference::d1ece55e923e9b3066ac9d4e,external_final_answer::cell::f8273627fab049a6bed9082c,external_final_answer,evidence_drop_primary_v1,cell,evidence_drop_gsm8k_qwen3_8b,cell,evidence_drop_gsm8k_qwen3_8b,gsm8k,qwen3_8b,evidence_drop,"[""evidence_drop_gsm8k_qwen3_8b""]",1,single_cell,auprc,True,"[""equal_family_mean""]",equal_family_mean,pgrd_a,0.2568177649133251,0.22625184359843464,-0.030565921314890443,-0.046065874082875144,-0.007446939930956534,-0.030565921314890443,-0.046065874082875144,-0.007446939930956534,0.9975,source_group,20000,20000,SEPARATED_FROM_POINT_WINNER_95CI,False,NONE,OK
winner_reference::d1ece55e923e9b3066ac9d4e,external_final_answer::cell::f8273627fab049a6bed9082c,external_final_answer,evidence_drop_primary_v1,cell,evidence_drop_gsm8k_qwen3_8b,cell,evidence_drop_gsm8k_qwen3_8b,gsm8k,qwen3_8b,evidence_drop,"[""evidence_drop_gsm8k_qwen3_8b""]",1,single_cell,auprc,True,"[""equal_family_mean""]",equal_family_mean,su_pcr,0.2568177649133251,0.2409580194206658,-0.015859745492659283,-0.03211783733587439,-0.0037456876147164237,-0.015859745492659283,-0.03211783733587439,-0.0037456876147164237,0.9962,source_group,20000,20000,SEPARATED_FROM_POINT_WINNER_95CI,False,NONE,OK
winner_reference::d1ece55e923e9b3066ac9d4e,external_final_answer::cell::f8273627fab049a6bed9082c,external_final_answer,evidence_drop_primary_v1,cell,evidence_drop_gsm8k_qwen3_8b,cell,evidence_drop_gsm8k_qwen3_8b,gsm8k,qwen3_8b,evidence_drop,"[""evidence_drop_gsm8k_qwen3_8b""]",1,single_cell,auprc,True,"[""equal_family_mean""]",equal_family_mean,upcr,0.2568177649133251,0.24092181070180904,-0.015895954211516045,-0.03506373623247306,-0.0013403612322450912,-0.015895954211516045,-0.03506373623247306,-0.0013403612322450912,0.9855,source_group,20000,20000,SEPARATED_FROM_POINT_WINNER_95CI,False,NONE,OK
winner_reference::0e78c8e779a7921e21467169,external_final_answer::cell::6ad3b7d5ff59e5e77caddad9,external_final_answer,evidence_drop_primary_v1,cell,evidence_drop_gsm8k_qwen3_8b,cell,evidence_drop_gsm8k_qwen3_8b,gsm8k,qwen3_8b,evidence_drop,"[""evidence_drop_gsm8k_qwen3_8b""]",1,single_cell,aurc_x1000,False,"[""ca_specrage_atomic""]",ca_specrage_atomic,ca_specrage_atomic,16.173694964107703,16.173694964107703,0.0,0.0,0.0,-0.0,-0.0,0.0,1.0,source_group,20000,20000,POINT_WINNER,True,NONE,OK
winner_reference::0e78c8e779a7921e21467169,external_final_answer::cell::6ad3b7d5ff59e5e77caddad9,external_final_answer,evidence_drop_primary_v1,cell,evidence_drop_gsm8k_qwen3_8b,cell,evidence_drop_gsm8k_qwen3_8b,gsm8k,qwen3_8b,evidence_drop,"[""evidence_drop_gsm8k_qwen3_8b""]",1,single_cell,aurc_x1000,False,"[""ca_specrage_atomic""]",ca_specrage_atomic,continuous_lsml,16.173694964107703,18.536238620721537,2.362543656613834,1.0247108216292204,3.9303539342406686,-2.362543656613834,-3.9303539342406713,-1.0247108216292216,0.9999,source_group,20000,20000,SEPARATED_FROM_POINT_WINNER_95CI,False,NONE,OK
winner_reference::0e78c8e779a7921e21467169,external_final_answer::cell::6ad3b7d5ff59e5e77caddad9,external_final_answer,evidence_drop_primary_v1,cell,evidence_drop_gsm8k_qwen3_8b,cell,evidence_drop_gsm8k_qwen3_8b,gsm8k,qwen3_8b,evidence_drop,"[""evidence_drop_gsm8k_qwen3_8b""]",1,single_cell,aurc_x1000,False,"[""ca_specrage_atomic""]",ca_specrage_atomic,deem_b3,16.173694964107703,16.728085675035185,0.5543907109274819,-0.3020509533504077,1.442714567716806,-0.5543907109274819,-1.442714567716807,0.30205095335040644,0.8954,source_group,20000,20000,NOT_SEPARATED_FROM_POINT_WINNER_95CI,True,NONE,OK
winner_reference::0e78c8e779a7921e21467169,external_final_answer::cell::6ad3b7d5ff59e5e77caddad9,external_final_answer,evidence_drop_primary_v1,cell,evidence_drop_gsm8k_qwen3_8b,cell,evidence_drop_gsm8k_qwen3_8b,gsm8k,qwen3_8b,evidence_drop,"[""evidence_drop_gsm8k_qwen3_8b""]",1,single_cell,aurc_x1000,False,"[""ca_specrage_atomic""]",ca_specrage_atomic,dufs_liu,16.173694964107703,17.368186029652385,1.1944910655446819,0.46978247509853616,2.0451193199406763,-1.1944910655446819,-2.0451193199406763,-0.4697824750985362,0.99965,source_group,20000,20000,SEPARATED_FROM_POINT_WINNER_95CI,False,NONE,OK
winner_reference::0e78c8e779a7921e21467169,external_final_answer::cell::6ad3b7d5ff59e5e77caddad9,external_final_answer,evidence_drop_primary_v1,cell,evidence_drop_gsm8k_qwen3_8b,cell,evidence_drop_gsm8k_qwen3_8b,gsm8k,qwen3_8b,evidence_drop,"[""evidence_drop_gsm8k_qwen3_8b""]",1,single_cell,aurc_x1000,False,"[""ca_specrage_atomic""]",ca_specrage_atomic,dufs_pf_lsml,16.173694964107703,17.316527213667445,1.142832249559742,0.17594291473097995,2.3179718613720386,-1.142832249559742,-2.3179718613720404,-0.1759429147309803,0.99095,source_group,20000,20000,SEPARATED_FROM_POINT_WINNER_95CI,False,NONE,OK
winner_reference::0e78c8e779a7921e21467169,external_final_answer::cell::6ad3b7d5ff59e5e77caddad9,external_final_answer,evidence_drop_primary_v1,cell,evidence_drop_gsm8k_qwen3_8b,cell,evidence_drop_gsm8k_qwen3_8b,gsm8k,qwen3_8b,evidence_drop,"[""evidence_drop_gsm8k_qwen3_8b""]",1,single_cell,aurc_x1000,False,"[""ca_specrage_atomic""]",ca_specrage_atomic,dufs_stability_lsml,16.173694964107703,17.202087364861033,1.0283924007533294,0.2266870802945022,2.0014536834085876,-1.0283924007533294,-2.00145368340859,-0.22668708029450318,0.99555,source_group,20000,20000,SEPARATED_FROM_POINT_WINNER_95CI,False,NONE,OK
winner_reference::0e78c8e779a7921e21467169,external_final_answer::cell::6ad3b7d5ff59e5e77caddad9,external_final_answer,evidence_drop_primary_v1,cell,evidence_drop_gsm8k_qwen3_8b,cell,evidence_drop_gsm8k_qwen3_8b,gsm8k,qwen3_8b,evidence_drop,"[""evidence_drop_gsm8k_qwen3_8b""]",1,single_cell,aurc_x1000,False,"[""ca_specrage_atomic""]",ca_specrage_atomic,equal_family_mean,16.173694964107703,16.73748993851183,0.5637949744041251,-0.3386091959362136,1.501535175479196,-0.5637949744041251,-1.5015351754791961,0.33860919593621347,0.88785,source_group,20000,20000,NOT_SEPARATED_FROM_POINT_WINNER_95CI,True,NONE,OK
winner_reference::0e78c8e779a7921e21467169,external_final_answer::cell::6ad3b7d5ff59e5e77caddad9,external_final_answer,evidence_drop_primary_v1,cell,evidence_drop_gsm8k_qwen3_8b,cell,evidence_drop_gsm8k_qwen3_8b,gsm8k,qwen3_8b,evidence_drop,"[""evidence_drop_gsm8k_qwen3_8b""]",1,single_cell,aurc_x1000,False,"[""ca_specrage_atomic""]",ca_specrage_atomic,equal_feature_mean,16.173694964107703,18.186496232119524,2.0128012680118204,0.8522785776398543,3.2989098264958034,-2.0128012680118204,-3.2989098264958043,-0.8522785776398547,0.9999,source_group,20000,20000,SEPARATED_FROM_POINT_WINNER_95CI,False,NONE,OK
winner_reference::0e78c8e779a7921e21467169,external_final_answer::cell::6ad3b7d5ff59e5e77caddad9,external_final_answer,evidence_drop_primary_v1,cell,evidence_drop_gsm8k_qwen3_8b,cell,evidence_drop_gsm8k_qwen3_8b,gsm8k,qwen3_8b,evidence_drop,"[""evidence_drop_gsm8k_qwen3_8b""]",1,single_cell,aurc_x1000,False,"[""ca_specrage_atomic""]",ca_specrage_atomic,family_nrm_a,16.173694964107703,17.50164537677534,1.3279504126676365,0.49415631362655804,2.2140937128567617,-1.3279504126676365,-2.2140937128567617,-0.4941563136265584,0.9992,source_group,20000,20000,SEPARATED_FROM_POINT_WINNER_95CI,False,NONE,OK
winner_reference::0e78c8e779a7921e21467169,external_final_answer::cell::6ad3b7d5ff59e5e77caddad9,external_final_answer,evidence_drop_primary_v1,cell,evidence_drop_gsm8k_qwen3_8b,cell,evidence_drop_gsm8k_qwen3_8b,gsm8k,qwen3_8b,evidence_drop,"[""evidence_drop_gsm8k_qwen3_8b""]",1,single_cell,aurc_x1000,False,"[""ca_specrage_atomic""]",ca_specrage_atomic,iu_pcr,16.173694964107703,17.480542381721325,1.3068474176136213,0.5166609241266485,2.2278094824076384,-1.3068474176136213,-2.2278094824076384,-0.5166609241266487,0.99975,source_group,20000,20000,SEPARATED_FROM_POINT_WINNER_95CI,False,NONE,OK
winner_reference::0e78c8e779a7921e21467169,external_final_answer::cell::6ad3b7d5ff59e5e77caddad9,external_final_answer,evidence_drop_primary_v1,cell,evidence_drop_gsm8k_qwen3_8b,cell,evidence_drop_gsm8k_qwen3_8b,gsm8k,qwen3_8b,evidence_drop,"[""evidence_drop_gsm8k_qwen3_8b""]",1,single_cell,aurc_x1000,False,"[""ca_specrage_atomic""]",ca_specrage_atomic,pgrd_a,16.173694964107703,18.49270986429699,2.3190149001892877,0.9905746755259909,3.834241389558978,-2.3190149001892877,-3.834241389558979,-0.9905746755259922,0.99995,source_group,20000,20000,SEPARATED_FROM_POINT_WINNER_95CI,False,NONE,OK
winner_reference::0e78c8e779a7921e21467169,external_final_answer::cell::6ad3b7d5ff59e5e77caddad9,external_final_answer,evidence_drop_primary_v1,cell,evidence_drop_gsm8k_qwen3_8b,cell,evidence_drop_gsm8k_qwen3_8b,gsm8k,qwen3_8b,evidence_drop,"[""evidence_drop_gsm8k_qwen3_8b""]",1,single_cell,aurc_x1000,False,"[""ca_specrage_atomic""]",ca_specrage_atomic,su_pcr,16.173694964107703,17.480542381721325,1.3068474176136213,0.5166609241266485,2.2278094824076384,-1.3068474176136213,-2.2278094824076384,-0.5166609241266487,0.99975,source_group,20000,20000,SEPARATED_FROM_POINT_WINNER_95CI,False,NONE,OK
winner_reference::0e78c8e779a7921e21467169,external_final_answer::cell::6ad3b7d5ff59e5e77caddad9,external_final_answer,evidence_drop_primary_v1,cell,evidence_drop_gsm8k_qwen3_8b,cell,evidence_drop_gsm8k_qwen3_8b,gsm8k,qwen3_8b,evidence_drop,"[""evidence_drop_gsm8k_qwen3_8b""]",1,single_cell,aurc_x1000,False,"[""ca_specrage_atomic""]",ca_specrage_atomic,upcr,16.173694964107703,16.63936990191022,0.46567493780251823,0.012633183505043501,1.0271717107032006,-0.46567493780251823,-1.027171710703202,-0.01263318350504364,0.978,source_group,20000,20000,SEPARATED_FROM_POINT_WINNER_95CI,False,NONE,OK
winner_reference::b1001c29ac3b20b779ab5e71,external_final_answer::cell::83bbf0cd2739651d01d328b9,external_final_answer,evidence_drop_primary_v1,cell,evidence_drop_gsm8k_qwen3_8b,cell,evidence_drop_gsm8k_qwen3_8b,gsm8k,qwen3_8b,evidence_drop,"[""evidence_drop_gsm8k_qwen3_8b""]",1,single_cell,auroc,True,"[""ca_specrage_atomic""]",ca_specrage_atomic,ca_specrage_atomic,0.8191228385089451,0.8191228385089451,0.0,0.0,0.0,0.0,0.0,0.0,1.0,source_group,20000,20000,POINT_WINNER,True,NONE,OK
winner_reference::b1001c29ac3b20b779ab5e71,external_final_answer::cell::83bbf0cd2739651d01d328b9,external_final_answer,evidence_drop_primary_v1,cell,evidence_drop_gsm8k_qwen3_8b,cell,evidence_drop_gsm8k_qwen3_8b,gsm8k,qwen3_8b,evidence_drop,"[""evidence_drop_gsm8k_qwen3_8b""]",1,single_cell,auroc,True,"[""ca_specrage_atomic""]",ca_specrage_atomic,continuous_lsml,0.8191228385089451,0.800195456630567,-0.018927381878378058,-0.03149954395751037,-0.007056976899658532,-0.018927381878378058,-0.03149954395751037,-0.007056976899658532,0.9993,source_group,20000,20000,SEPARATED_FROM_POINT_WINNER_95CI,False,NONE,OK
winner_reference::b1001c29ac3b20b779ab5e71,external_final_answer::cell::83bbf0cd2739651d01d328b9,external_final_answer,evidence_drop_primary_v1,cell,evidence_drop_gsm8k_qwen3_8b,cell,evidence_drop_gsm8k_qwen3_8b,gsm8k,qwen3_8b,evidence_drop,"[""evidence_drop_gsm8k_qwen3_8b""]",1,single_cell,auroc,True,"[""ca_specrage_atomic""]",ca_specrage_atomic,deem_b3,0.8191228385089451,0.8145355910568619,-0.004587247452083165,-0.012880325870416274,0.0037819345305333918,-0.004587247452083165,-0.012880325870416274,0.0037819345305333918,0.86075,source_group,20000,20000,NOT_SEPARATED_FROM_POINT_WINNER_95CI,True,NONE,OK
winner_reference::b1001c29ac3b20b779ab5e71,external_final_answer::cell::83bbf0cd2739651d01d328b9,external_final_answer,evidence_drop_primary_v1,cell,evidence_drop_gsm8k_qwen3_8b,cell,evidence_drop_gsm8k_qwen3_8b,gsm8k,qwen3_8b,evidence_drop,"[""evidence_drop_gsm8k_qwen3_8b""]",1,single_cell,auroc,True,"[""ca_specrage_atomic""]",ca_specrage_atomic,dufs_liu,0.8191228385089451,0.8096392030156166,-0.009483635493328424,-0.016116097773064032,-0.0031192301721299537,-0.009483635493328424,-0.016116097773064032,-0.0031192301721299537,0.9983,source_group,20000,20000,SEPARATED_FROM_POINT_WINNER_95CI,False,NONE,OK
winner_reference::b1001c29ac3b20b779ab5e71,external_final_answer::cell::83bbf0cd2739651d01d328b9,external_final_answer,evidence_drop_primary_v1,cell,evidence_drop_gsm8k_qwen3_8b,cell,evidence_drop_gsm8k_qwen3_8b,gsm8k,qwen3_8b,evidence_drop,"[""evidence_drop_gsm8k_qwen3_8b""]",1,single_cell,auroc,True,"[""ca_specrage_atomic""]",ca_specrage_atomic,dufs_pf_lsml,0.8191228385089451,0.8108957099264046,-0.008227128582540488,-0.016397178125303932,-0.0005489947793845138,-0.008227128582540488,-0.016397178125303932,-0.0005489947793845138,0.98255,source_group,20000,20000,SEPARATED_FROM_POINT_WINNER_95CI,False,NONE,OK
winner_reference::b1001c29ac3b20b779ab5e71,external_final_answer::cell::83bbf0cd2739651d01d328b9,external_final_answer,evidence_drop_primary_v1,cell,evidence_drop_gsm8k_qwen3_8b,cell,evidence_drop_gsm8k_qwen3_8b,gsm8k,qwen3_8b,evidence_drop,"[""evidence_drop_gsm8k_qwen3_8b""]",1,single_cell,auroc,True,"[""ca_specrage_atomic""]",ca_specrage_atomic,dufs_stability_lsml,0.8191228385089451,0.8113644069486827,-0.007758431560262347,-0.014791908908397289,-0.0011693290791501608,-0.007758431560262347,-0.014791908908397289,-0.0011693290791501608,0.98915,source_group,20000,20000,SEPARATED_FROM_POINT_WINNER_95CI,False,NONE,OK
winner_reference::b1001c29ac3b20b779ab5e71,external_final_answer::cell::83bbf0cd2739651d01d328b9,external_final_answer,evidence_drop_primary_v1,cell,evidence_drop_gsm8k_qwen3_8b,cell,evidence_drop_gsm8k_qwen3_8b,gsm8k,qwen3_8b,evidence_drop,"[""evidence_drop_gsm8k_qwen3_8b""]",1,single_cell,auroc,True,"[""ca_specrage_atomic""]",ca_specrage_atomic,equal_family_mean,0.8191228385089451,0.814455812840304,-0.004667025668641078,-0.013370749273980197,0.004111841262944885,-0.004667025668641078,-0.013370749273980197,0.004111841262944885,0.8556,source_group,20000,20000,NOT_SEPARATED_FROM_POINT_WINNER_95CI,True,NONE,OK
winner_reference::b1001c29ac3b20b779ab5e71,external_final_answer::cell::83bbf0cd2739651d01d328b9,external_final_answer,evidence_drop_primary_v1,cell,evidence_drop_gsm8k_qwen3_8b,cell,evidence_drop_gsm8k_qwen3_8b,gsm8k,qwen3_8b,evidence_drop,"[""evidence_drop_gsm8k_qwen3_8b""]",1,single_cell,auroc,True,"[""ca_specrage_atomic""]",ca_specrage_atomic,equal_feature_mean,0.8191228385089451,0.8010032110732165,-0.01811962743572859,-0.029552812880820574,-0.006727211090353049,-0.01811962743572859,-0.029552812880820574,-0.006727211090353049,0.9991,source_group,20000,20000,SEPARATED_FROM_POINT_WINNER_95CI,False,NONE,OK
winner_reference::b1001c29ac3b20b779ab5e71,external_final_answer::cell::83bbf0cd2739651d01d328b9,external_final_answer,evidence_drop_primary_v1,cell,evidence_drop_gsm8k_qwen3_8b,cell,evidence_drop_gsm8k_qwen3_8b,gsm8k,qwen3_8b,evidence_drop,"[""evidence_drop_gsm8k_qwen3_8b""]",1,single_cell,auroc,True,"[""ca_specrage_atomic""]",ca_specrage_atomic,family_nrm_a,0.8191228385089451,0.8070264664233431,-0.012096372085601992,-0.020773800185566994,-0.0033374554420831453,-0.012096372085601992,-0.020773800185566994,-0.0033374554420831453,0.99625,source_group,20000,20000,SEPARATED_FROM_POINT_WINNER_95CI,False,NONE,OK
winner_reference::b1001c29ac3b20b779ab5e71,external_final_answer::cell::83bbf0cd2739651d01d328b9,external_final_answer,evidence_drop_primary_v1,cell,evidence_drop_gsm8k_qwen3_8b,cell,evidence_drop_gsm8k_qwen3_8b,gsm8k,qwen3_8b,evidence_drop,"[""evidence_drop_gsm8k_qwen3_8b""]",1,single_cell,auroc,True,"[""ca_specrage_atomic""]",ca_specrage_atomic,iu_pcr,0.8191228385089451,0.8086718921398512,-0.010450946369093828,-0.017685432357708135,-0.003497226840564107,-0.010450946369093828,-0.017685432357708135,-0.003497226840564107,0.9986,source_group,20000,20000,SEPARATED_FROM_POINT_WINNER_95CI,False,NONE,OK
winner_reference::b1001c29ac3b20b779ab5e71,external_final_answer::cell::83bbf0cd2739651d01d328b9,external_final_answer,evidence_drop_primary_v1,cell,evidence_drop_gsm8k_qwen3_8b,cell,evidence_drop_gsm8k_qwen3_8b,gsm8k,qwen3_8b,evidence_drop,"[""evidence_drop_gsm8k_qwen3_8b""]",1,single_cell,auroc,True,"[""ca_specrage_atomic""]",ca_specrage_atomic,pgrd_a,0.8191228385089451,0.8002054289076368,-0.018917409601308277,-0.03165608733711834,-0.006805152205451879,-0.018917409601308277,-0.03165608733711834,-0.006805152205451879,0.999,source_group,20000,20000,SEPARATED_FROM_POINT_WINNER_95CI,False,NONE,OK
winner_reference::b1001c29ac3b20b779ab5e71,external_final_answer::cell::83bbf0cd2739651d01d328b9,external_final_answer,evidence_drop_primary_v1,cell,evidence_drop_gsm8k_qwen3_8b,cell,evidence_drop_gsm8k_qwen3_8b,gsm8k,qwen3_8b,evidence_drop,"[""evidence_drop_gsm8k_qwen3_8b""]",1,single_cell,auroc,True,"[""ca_specrage_atomic""]",ca_specrage_atomic,su_pcr,0.8191228385089451,0.8086718921398512,-0.010450946369093828,-0.017685432357708135,-0.003497226840564107,-0.010450946369093828,-0.017685432357708135,-0.003497226840564107,0.9986,source_group,20000,20000,SEPARATED_FROM_POINT_WINNER_95CI,False,NONE,OK
winner_reference::b1001c29ac3b20b779ab5e71,external_final_answer::cell::83bbf0cd2739651d01d328b9,external_final_answer,evidence_drop_primary_v1,cell,evidence_drop_gsm8k_qwen3_8b,cell,evidence_drop_gsm8k_qwen3_8b,gsm8k,qwen3_8b,evidence_drop,"[""evidence_drop_gsm8k_qwen3_8b""]",1,single_cell,auroc,True,"[""ca_specrage_atomic""]",ca_specrage_atomic,upcr,0.8191228385089451,0.8156125969803945,-0.0035102415285506172,-0.0075541037158023405,8.976692475956139e-05,-0.0035102415285506172,-0.0075541037158023405,8.976692475956139e-05,0.97225,source_group,20000,20000,NOT_SEPARATED_FROM_POINT_WINNER_95CI,True,NONE,OK
winner_reference::ea5c6c15021606dcdf4296fd,external_final_answer::cell::00e13b853343224cf4bff552,external_final_answer,evidence_drop_primary_v1,cell,evidence_drop_math_qwen3_4b,cell,evidence_drop_math_qwen3_4b,math,qwen3_4b,evidence_drop,"[""evidence_drop_math_qwen3_4b""]",1,single_cell,auprc,True,"[""pgrd_a""]",pgrd_a,ca_specrage_atomic,0.6930838519577989,0.6054048416291419,-0.08767901032865699,-0.10914847716684889,-0.06535948039353319,-0.08767901032865699,-0.10914847716684889,-0.06535948039353319,1.0,source_group,20000,20000,SEPARATED_FROM_POINT_WINNER_95CI,False,NONE,OK
winner_reference::ea5c6c15021606dcdf4296fd,external_final_answer::cell::00e13b853343224cf4bff552,external_final_answer,evidence_drop_primary_v1,cell,evidence_drop_math_qwen3_4b,cell,evidence_drop_math_qwen3_4b,math,qwen3_4b,evidence_drop,"[""evidence_drop_math_qwen3_4b""]",1,single_cell,auprc,True,"[""pgrd_a""]",pgrd_a,continuous_lsml,0.6930838519577989,0.6697554731000275,-0.023328378857771392,-0.03340577231639987,-0.014676058590936118,-0.023328378857771392,-0.03340577231639987,-0.014676058590936118,1.0,source_group,20000,20000,SEPARATED_FROM_POINT_WINNER_95CI,False,NONE,OK
winner_reference::ea5c6c15021606dcdf4296fd,external_final_answer::cell::00e13b853343224cf4bff552,external_final_answer,evidence_drop_primary_v1,cell,evidence_drop_math_qwen3_4b,cell,evidence_drop_math_qwen3_4b,math,qwen3_4b,evidence_drop,"[""evidence_drop_math_qwen3_4b""]",1,single_cell,auprc,True,"[""pgrd_a""]",pgrd_a,deem_b3,0.6930838519577989,0.661565575207295,-0.03151827675050389,-0.04573171753222442,-0.0184142407152576,-0.03151827675050389,-0.04573171753222442,-0.0184142407152576,1.0,source_group,20000,20000,SEPARATED_FROM_POINT_WINNER_95CI,False,NONE,OK
winner_reference::ea5c6c15021606dcdf4296fd,external_final_answer::cell::00e13b853343224cf4bff552,external_final_answer,evidence_drop_primary_v1,cell,evidence_drop_math_qwen3_4b,cell,evidence_drop_math_qwen3_4b,math,qwen3_4b,evidence_drop,"[""evidence_drop_math_qwen3_4b""]",1,single_cell,auprc,True,"[""pgrd_a""]",pgrd_a,dufs_liu,0.6930838519577989,0.6436899294309087,-0.04939392252689012,-0.06324054378968834,-0.034909600534570415,-0.04939392252689012,-0.06324054378968834,-0.034909600534570415,1.0,source_group,20000,20000,SEPARATED_FROM_POINT_WINNER_95CI,False,NONE,OK
winner_reference::ea5c6c15021606dcdf4296fd,external_final_answer::cell::00e13b853343224cf4bff552,external_final_answer,evidence_drop_primary_v1,cell,evidence_drop_math_qwen3_4b,cell,evidence_drop_math_qwen3_4b,math,qwen3_4b,evidence_drop,"[""evidence_drop_math_qwen3_4b""]",1,single_cell,auprc,True,"[""pgrd_a""]",pgrd_a,dufs_pf_lsml,0.6930838519577989,0.666579093209955,-0.02650475874784386,-0.03964117879963174,-0.014493126057106918,-0.02650475874784386,-0.03964117879963174,-0.014493126057106918,0.99995,source_group,20000,20000,SEPARATED_FROM_POINT_WINNER_95CI,False,NONE,OK
winner_reference::ea5c6c15021606dcdf4296fd,external_final_answer::cell::00e13b853343224cf4bff552,external_final_answer,evidence_drop_primary_v1,cell,evidence_drop_math_qwen3_4b,cell,evidence_drop_math_qwen3_4b,math,qwen3_4b,evidence_drop,"[""evidence_drop_math_qwen3_4b""]",1,single_cell,auprc,True,"[""pgrd_a""]",pgrd_a,dufs_stability_lsml,0.6930838519577989,0.6810805463683767,-0.012003305589422197,-0.02132178214457025,-0.004005165599891682,-0.012003305589422197,-0.02132178214457025,-0.004005165599891682,0.99785,source_group,20000,20000,SEPARATED_FROM_POINT_WINNER_95CI,False,NONE,OK
winner_reference::ea5c6c15021606dcdf4296fd,external_final_answer::cell::00e13b853343224cf4bff552,external_final_answer,evidence_drop_primary_v1,cell,evidence_drop_math_qwen3_4b,cell,evidence_drop_math_qwen3_4b,math,qwen3_4b,evidence_drop,"[""evidence_drop_math_qwen3_4b""]",1,single_cell,auprc,True,"[""pgrd_a""]",pgrd_a,equal_family_mean,0.6930838519577989,0.6632451212349794,-0.029838730722819506,-0.04424509912326345,-0.01673261696894095,-0.029838730722819506,-0.04424509912326345,-0.01673261696894095,1.0,source_group,20000,20000,SEPARATED_FROM_POINT_WINNER_95CI,False,NONE,OK
winner_reference::ea5c6c15021606dcdf4296fd,external_final_answer::cell::00e13b853343224cf4bff552,external_final_answer,evidence_drop_primary_v1,cell,evidence_drop_math_qwen3_4b,cell,evidence_drop_math_qwen3_4b,math,qwen3_4b,evidence_drop,"[""evidence_drop_math_qwen3_4b""]",1,single_cell,auprc,True,"[""pgrd_a""]",pgrd_a,equal_feature_mean,0.6930838519577989,0.6498999951530748,-0.04318385680472403,-0.05690174851151543,-0.02891310387697769,-0.04318385680472403,-0.05690174851151543,-0.02891310387697769,1.0,source_group,20000,20000,SEPARATED_FROM_POINT_WINNER_95CI,False,NONE,OK
winner_reference::ea5c6c15021606dcdf4296fd,external_final_answer::cell::00e13b853343224cf4bff552,external_final_answer,evidence_drop_primary_v1,cell,evidence_drop_math_qwen3_4b,cell,evidence_drop_math_qwen3_4b,math,qwen3_4b,evidence_drop,"[""evidence_drop_math_qwen3_4b""]",1,single_cell,auprc,True,"[""pgrd_a""]",pgrd_a,family_nrm_a,0.6930838519577989,0.6525730674361161,-0.040510784521682774,-0.05600857865261831,-0.025156195213436566,-0.040510784521682774,-0.05600857865261831,-0.025156195213436566,1.0,source_group,20000,20000,SEPARATED_FROM_POINT_WINNER_95CI,False,NONE,OK
winner_reference::ea5c6c15021606dcdf4296fd,external_final_answer::cell::00e13b853343224cf4bff552,external_final_answer,evidence_drop_primary_v1,cell,evidence_drop_math_qwen3_4b,cell,evidence_drop_math_qwen3_4b,math,qwen3_4b,evidence_drop,"[""evidence_drop_math_qwen3_4b""]",1,single_cell,auprc,True,"[""pgrd_a""]",pgrd_a,iu_pcr,0.6930838519577989,0.6428618883498289,-0.05022196360796993,-0.06417131034871498,-0.035643094966613546,-0.05022196360796993,-0.06417131034871498,-0.035643094966613546,1.0,source_group,20000,20000,SEPARATED_FROM_POINT_WINNER_95CI,False,NONE,OK
winner_reference::ea5c6c15021606dcdf4296fd,external_final_answer::cell::00e13b853343224cf4bff552,external_final_answer,evidence_drop_primary_v1,cell,evidence_drop_math_qwen3_4b,cell,evidence_drop_math_qwen3_4b,math,qwen3_4b,evidence_drop,"[""evidence_drop_math_qwen3_4b""]",1,single_cell,auprc,True,"[""pgrd_a""]",pgrd_a,pgrd_a,0.6930838519577989,0.6930838519577989,0.0,0.0,0.0,0.0,0.0,0.0,1.0,source_group,20000,20000,POINT_WINNER,True,NONE,OK
winner_reference::ea5c6c15021606dcdf4296fd,external_final_answer::cell::00e13b853343224cf4bff552,external_final_answer,evidence_drop_primary_v1,cell,evidence_drop_math_qwen3_4b,cell,evidence_drop_math_qwen3_4b,math,qwen3_4b,evidence_drop,"[""evidence_drop_math_qwen3_4b""]",1,single_cell,auprc,True,"[""pgrd_a""]",pgrd_a,su_pcr,0.6930838519577989,0.6427661068949807,-0.050317745062818164,-0.06431749427018178,-0.03571522652855274,-0.050317745062818164,-0.06431749427018178,-0.03571522652855274,1.0,source_group,20000,20000,SEPARATED_FROM_POINT_WINNER_95CI,False,NONE,OK
winner_reference::ea5c6c15021606dcdf4296fd,external_final_answer::cell::00e13b853343224cf4bff552,external_final_answer,evidence_drop_primary_v1,cell,evidence_drop_math_qwen3_4b,cell,evidence_drop_math_qwen3_4b,math,qwen3_4b,evidence_drop,"[""evidence_drop_math_qwen3_4b""]",1,single_cell,auprc,True,"[""pgrd_a""]",pgrd_a,upcr,0.6930838519577989,0.6319362768945768,-0.061147575063222104,-0.07795121440947728,-0.04368001069901764,-0.061147575063222104,-0.07795121440947728,-0.04368001069901764,1.0,source_group,20000,20000,SEPARATED_FROM_POINT_WINNER_95CI,False,NONE,OK
winner_reference::4487380ac26897c2c413567d,external_final_answer::cell::59269b4d063df1afe344c2b9,external_final_answer,evidence_drop_primary_v1,cell,evidence_drop_math_qwen3_4b,cell,evidence_drop_math_qwen3_4b,math,qwen3_4b,evidence_drop,"[""evidence_drop_math_qwen3_4b""]",1,single_cell,aurc_x1000,False,"[""pgrd_a""]",pgrd_a,ca_specrage_atomic,63.40585529259342,73.33482420997568,9.928968917382257,6.975330841623548,13.014269388754908,-9.928968917382257,-13.014269388754913,-6.9753308416235535,1.0,source_group,20000,20000,SEPARATED_FROM_POINT_WINNER_95CI,False,NONE,OK
winner_reference::4487380ac26897c2c413567d,external_final_answer::cell::59269b4d063df1afe344c2b9,external_final_answer,evidence_drop_primary_v1,cell,evidence_drop_math_qwen3_4b,cell,evidence_drop_math_qwen3_4b,math,qwen3_4b,evidence_drop,"[""evidence_drop_math_qwen3_4b""]",1,single_cell,aurc_x1000,False,"[""pgrd_a""]",pgrd_a,continuous_lsml,63.40585529259342,66.08759297091875,2.6817376783253266,1.3781235959847606,3.984297653410025,-2.6817376783253266,-3.9842976534100285,-1.378123595984761,0.99975,source_group,20000,20000,SEPARATED_FROM_POINT_WINNER_95CI,False,NONE,OK
winner_reference::4487380ac26897c2c413567d,external_final_answer::cell::59269b4d063df1afe344c2b9,external_final_answer,evidence_drop_primary_v1,cell,evidence_drop_math_qwen3_4b,cell,evidence_drop_math_qwen3_4b,math,qwen3_4b,evidence_drop,"[""evidence_drop_math_qwen3_4b""]",1,single_cell,aurc_x1000,False,"[""pgrd_a""]",pgrd_a,deem_b3,63.40585529259342,66.14281337069598,2.7369580781025533,0.9517652817708314,4.5609440731596305,-2.7369580781025533,-4.560944073159633,-0.951765281770834,0.99815,source_group,20000,20000,SEPARATED_FROM_POINT_WINNER_95CI,False,NONE,OK
winner_reference::4487380ac26897c2c413567d,external_final_answer::cell::59269b4d063df1afe344c2b9,external_final_answer,evidence_drop_primary_v1,cell,evidence_drop_math_qwen3_4b,cell,evidence_drop_math_qwen3_4b,math,qwen3_4b,evidence_drop,"[""evidence_drop_math_qwen3_4b""]",1,single_cell,aurc_x1000,False,"[""pgrd_a""]",pgrd_a,dufs_liu,63.40585529259342,68.60846315276288,5.202607860169458,3.439074289358308,7.06342563209157,-5.202607860169458,-7.063425632091573,-3.439074289358309,1.0,source_group,20000,20000,SEPARATED_FROM_POINT_WINNER_95CI,False,NONE,OK
winner_reference::4487380ac26897c2c413567d,external_final_answer::cell::59269b4d063df1afe344c2b9,external_final_answer,evidence_drop_primary_v1,cell,evidence_drop_math_qwen3_4b,cell,evidence_drop_math_qwen3_4b,math,qwen3_4b,evidence_drop,"[""evidence_drop_math_qwen3_4b""]",1,single_cell,aurc_x1000,False,"[""pgrd_a""]",pgrd_a,dufs_pf_lsml,63.40585529259342,65.9046427356973,2.498787443103872,1.0588434016575303,3.9247652112069518,-2.498787443103872,-3.924765211206952,-1.058843401657531,0.99965,source_group,20000,20000,SEPARATED_FROM_POINT_WINNER_95CI,False,NONE,OK
winner_reference::4487380ac26897c2c413567d,external_final_answer::cell::59269b4d063df1afe344c2b9,external_final_answer,evidence_drop_primary_v1,cell,evidence_drop_math_qwen3_4b,cell,evidence_drop_math_qwen3_4b,math,qwen3_4b,evidence_drop,"[""evidence_drop_math_qwen3_4b""]",1,single_cell,aurc_x1000,False,"[""pgrd_a""]",pgrd_a,dufs_stability_lsml,63.40585529259342,64.729275271002,1.3234199784085732,0.16642646655172622,2.42527741430947,-1.3234199784085732,-2.4252774143094715,-0.1664264665517273,0.98625,source_group,20000,20000,SEPARATED_FROM_POINT_WINNER_95CI,False,NONE,OK
winner_reference::4487380ac26897c2c413567d,external_final_answer::cell::59269b4d063df1afe344c2b9,external_final_answer,evidence_drop_primary_v1,cell,evidence_drop_math_qwen3_4b,cell,evidence_drop_math_qwen3_4b,math,qwen3_4b,evidence_drop,"[""evidence_drop_math_qwen3_4b""]",1,single_cell,aurc_x1000,False,"[""pgrd_a""]",pgrd_a,equal_family_mean,63.40585529259342,65.89418300192678,2.4883277093333547,0.6294037605898357,4.37972368242306,-2.4883277093333547,-4.379723682423062,-0.6294037605898357,0.9953,source_group,20000,20000,SEPARATED_FROM_POINT_WINNER_95CI,False,NONE,OK
winner_reference::4487380ac26897c2c413567d,external_final_answer::cell::59269b4d063df1afe344c2b9,external_final_answer,evidence_drop_primary_v1,cell,evidence_drop_math_qwen3_4b,cell,evidence_drop_math_qwen3_4b,math,qwen3_4b,evidence_drop,"[""evidence_drop_math_qwen3_4b""]",1,single_cell,aurc_x1000,False,"[""pgrd_a""]",pgrd_a,equal_feature_mean,63.40585529259342,67.45777475573493,4.051919463141509,2.1195620388993914,5.991569351936009,-4.051919463141509,-5.991569351936014,-2.119562038899392,1.0,source_group,20000,20000,SEPARATED_FROM_POINT_WINNER_95CI,False,NONE,OK
winner_reference::4487380ac26897c2c413567d,external_final_answer::cell::59269b4d063df1afe344c2b9,external_final_answer,evidence_drop_primary_v1,cell,evidence_drop_math_qwen3_4b,cell,evidence_drop_math_qwen3_4b,math,qwen3_4b,evidence_drop,"[""evidence_drop_math_qwen3_4b""]",1,single_cell,aurc_x1000,False,"[""pgrd_a""]",pgrd_a,family_nrm_a,63.40585529259342,67.26549481974081,3.8596395271473867,1.6515575292923272,6.128032620096518,-3.8596395271473867,-6.128032620096519,-1.651557529292334,0.99955,source_group,20000,20000,SEPARATED_FROM_POINT_WINNER_95CI,False,NONE,OK
winner_reference::4487380ac26897c2c413567d,external_final_answer::cell::59269b4d063df1afe344c2b9,external_final_answer,evidence_drop_primary_v1,cell,evidence_drop_math_qwen3_4b,cell,evidence_drop_math_qwen3_4b,math,qwen3_4b,evidence_drop,"[""evidence_drop_math_qwen3_4b""]",1,single_cell,aurc_x1000,False,"[""pgrd_a""]",pgrd_a,iu_pcr,63.40585529259342,68.68954227510665,5.283686982513224,3.4986169532555005,7.167619136293203,-5.283686982513224,-7.167619136293205,-3.498616953255501,1.0,source_group,20000,20000,SEPARATED_FROM_POINT_WINNER_95CI,False,NONE,OK
winner_reference::4487380ac26897c2c413567d,external_final_answer::cell::59269b4d063df1afe344c2b9,external_final_answer,evidence_drop_primary_v1,cell,evidence_drop_math_qwen3_4b,cell,evidence_drop_math_qwen3_4b,math,qwen3_4b,evidence_drop,"[""evidence_drop_math_qwen3_4b""]",1,single_cell,aurc_x1000,False,"[""pgrd_a""]",pgrd_a,pgrd_a,63.40585529259342,63.40585529259342,0.0,0.0,0.0,-0.0,-0.0,0.0,1.0,source_group,20000,20000,POINT_WINNER,True,NONE,OK
winner_reference::4487380ac26897c2c413567d,external_final_answer::cell::59269b4d063df1afe344c2b9,external_final_answer,evidence_drop_primary_v1,cell,evidence_drop_math_qwen3_4b,cell,evidence_drop_math_qwen3_4b,math,qwen3_4b,evidence_drop,"[""evidence_drop_math_qwen3_4b""]",1,single_cell,aurc_x1000,False,"[""pgrd_a""]",pgrd_a,su_pcr,63.40585529259342,68.69943543216843,5.293580139575006,3.506303704305053,7.179662087289164,-5.293580139575006,-7.1796620872891665,-3.5063037043050542,1.0,source_group,20000,20000,SEPARATED_FROM_POINT_WINNER_95CI,False,NONE,OK
winner_reference::4487380ac26897c2c413567d,external_final_answer::cell::59269b4d063df1afe344c2b9,external_final_answer,evidence_drop_primary_v1,cell,evidence_drop_math_qwen3_4b,cell,evidence_drop_math_qwen3_4b,math,qwen3_4b,evidence_drop,"[""evidence_drop_math_qwen3_4b""]",1,single_cell,aurc_x1000,False,"[""pgrd_a""]",pgrd_a,upcr,63.40585529259342,70.10474056102176,6.698885268428334,4.604165284106124,8.910114717665188,-6.698885268428334,-8.91011471766519,-4.604165284106126,1.0,source_group,20000,20000,SEPARATED_FROM_POINT_WINNER_95CI,False,NONE,OK
winner_reference::233b847ae7183bf7f3a4a619,external_final_answer::cell::fc9fbb5fc5a27df361c876e4,external_final_answer,evidence_drop_primary_v1,cell,evidence_drop_math_qwen3_4b,cell,evidence_drop_math_qwen3_4b,math,qwen3_4b,evidence_drop,"[""evidence_drop_math_qwen3_4b""]",1,single_cell,auroc,True,"[""pgrd_a""]",pgrd_a,ca_specrage_atomic,0.8707991474203627,0.8363296605873031,-0.034469486833059615,-0.04301125662604244,-0.025982923890273464,-0.034469486833059615,-0.04301125662604244,-0.025982923890273464,1.0,source_group,20000,20000,SEPARATED_FROM_POINT_WINNER_95CI,False,NONE,OK
winner_reference::233b847ae7183bf7f3a4a619,external_final_answer::cell::fc9fbb5fc5a27df361c876e4,external_final_answer,evidence_drop_primary_v1,cell,evidence_drop_math_qwen3_4b,cell,evidence_drop_math_qwen3_4b,math,qwen3_4b,evidence_drop,"[""evidence_drop_math_qwen3_4b""]",1,single_cell,auroc,True,"[""pgrd_a""]",pgrd_a,continuous_lsml,0.8707991474203627,0.8615062417217225,-0.009292905698640164,-0.012494247535227746,-0.0061110834026245975,-0.009292905698640164,-0.012494247535227746,-0.0061110834026245975,1.0,source_group,20000,20000,SEPARATED_FROM_POINT_WINNER_95CI,False,NONE,OK
winner_reference::233b847ae7183bf7f3a4a619,external_final_answer::cell::fc9fbb5fc5a27df361c876e4,external_final_answer,evidence_drop_primary_v1,cell,evidence_drop_math_qwen3_4b,cell,evidence_drop_math_qwen3_4b,math,qwen3_4b,evidence_drop,"[""evidence_drop_math_qwen3_4b""]",1,single_cell,auroc,True,"[""pgrd_a""]",pgrd_a,deem_b3,0.8707991474203627,0.861304510549744,-0.009494636870618689,-0.014223422263409244,-0.004675379600594162,-0.009494636870618689,-0.014223422263409244,-0.004675379600594162,0.9999,source_group,20000,20000,SEPARATED_FROM_POINT_WINNER_95CI,False,NONE,OK
winner_reference::233b847ae7183bf7f3a4a619,external_final_answer::cell::fc9fbb5fc5a27df361c876e4,external_final_answer,evidence_drop_primary_v1,cell,evidence_drop_math_qwen3_4b,cell,evidence_drop_math_qwen3_4b,math,qwen3_4b,evidence_drop,"[""evidence_drop_math_qwen3_4b""]",1,single_cell,auroc,True,"[""pgrd_a""]",pgrd_a,dufs_liu,0.8707991474203627,0.8531927939501882,-0.017606353470174474,-0.02275614134175284,-0.012472135711432478,-0.017606353470174474,-0.02275614134175284,-0.012472135711432478,1.0,source_group,20000,20000,SEPARATED_FROM_POINT_WINNER_95CI,False,NONE,OK
winner_reference::233b847ae7183bf7f3a4a619,external_final_answer::cell::fc9fbb5fc5a27df361c876e4,external_final_answer,evidence_drop_primary_v1,cell,evidence_drop_math_qwen3_4b,cell,evidence_drop_math_qwen3_4b,math,qwen3_4b,evidence_drop,"[""evidence_drop_math_qwen3_4b""]",1,single_cell,auroc,True,"[""pgrd_a""]",pgrd_a,dufs_pf_lsml,0.8707991474203627,0.8614372284260455,-0.009361918994317153,-0.01361425444741229,-0.0050449168748585805,-0.009361918994317153,-0.01361425444741229,-0.0050449168748585805,1.0,source_group,20000,20000,SEPARATED_FROM_POINT_WINNER_95CI,False,NONE,OK
winner_reference::233b847ae7183bf7f3a4a619,external_final_answer::cell::fc9fbb5fc5a27df361c876e4,external_final_answer,evidence_drop_primary_v1,cell,evidence_drop_math_qwen3_4b,cell,evidence_drop_math_qwen3_4b,math,qwen3_4b,evidence_drop,"[""evidence_drop_math_qwen3_4b""]",1,single_cell,auroc,True,"[""pgrd_a""]",pgrd_a,dufs_stability_lsml,0.8707991474203627,0.8655992610268647,-0.005199886393497999,-0.008378845524463996,-0.0019155383173087859,-0.005199886393497999,-0.008378845524463996,-0.0019155383173087859,0.99885,source_group,20000,20000,SEPARATED_FROM_POINT_WINNER_95CI,False,NONE,OK
winner_reference::233b847ae7183bf7f3a4a619,external_final_answer::cell::fc9fbb5fc5a27df361c876e4,external_final_answer,evidence_drop_primary_v1,cell,evidence_drop_math_qwen3_4b,cell,evidence_drop_math_qwen3_4b,math,qwen3_4b,evidence_drop,"[""evidence_drop_math_qwen3_4b""]",1,single_cell,auroc,True,"[""pgrd_a""]",pgrd_a,equal_family_mean,0.8707991474203627,0.8619601368586741,-0.008839010561688565,-0.013646525345674548,-0.003934905642349972,-0.008839010561688565,-0.013646525345674548,-0.003934905642349972,0.99955,source_group,20000,20000,SEPARATED_FROM_POINT_WINNER_95CI,False,NONE,OK
winner_reference::233b847ae7183bf7f3a4a619,external_final_answer::cell::fc9fbb5fc5a27df361c876e4,external_final_answer,evidence_drop_primary_v1,cell,evidence_drop_math_qwen3_4b,cell,evidence_drop_math_qwen3_4b,math,qwen3_4b,evidence_drop,"[""evidence_drop_math_qwen3_4b""]",1,single_cell,auroc,True,"[""pgrd_a""]",pgrd_a,equal_feature_mean,0.8707991474203627,0.8562691943228601,-0.014529953097502601,-0.01984288161945054,-0.00901997954081352,-0.014529953097502601,-0.01984288161945054,-0.00901997954081352,1.0,source_group,20000,20000,SEPARATED_FROM_POINT_WINNER_95CI,False,NONE,OK
winner_reference::233b847ae7183bf7f3a4a619,external_final_answer::cell::fc9fbb5fc5a27df361c876e4,external_final_answer,evidence_drop_primary_v1,cell,evidence_drop_math_qwen3_4b,cell,evidence_drop_math_qwen3_4b,math,qwen3_4b,evidence_drop,"[""evidence_drop_math_qwen3_4b""]",1,single_cell,auroc,True,"[""pgrd_a""]",pgrd_a,family_nrm_a,0.8707991474203627,0.8566540761641347,-0.014145071256227992,-0.020276645344637197,-0.008098365101028992,-0.014145071256227992,-0.020276645344637197,-0.008098365101028992,1.0,source_group,20000,20000,SEPARATED_FROM_POINT_WINNER_95CI,False,NONE,OK
winner_reference::233b847ae7183bf7f3a4a619,external_final_answer::cell::fc9fbb5fc5a27df361c876e4,external_final_answer,evidence_drop_primary_v1,cell,evidence_drop_math_qwen3_4b,cell,evidence_drop_math_qwen3_4b,math,qwen3_4b,evidence_drop,"[""evidence_drop_math_qwen3_4b""]",1,single_cell,auroc,True,"[""pgrd_a""]",pgrd_a,iu_pcr,0.8707991474203627,0.852922049482533,-0.017877097937829656,-0.0230700310550836,-0.012687445688894624,-0.017877097937829656,-0.0230700310550836,-0.012687445688894624,1.0,source_group,20000,20000,SEPARATED_FROM_POINT_WINNER_95CI,False,NONE,OK
winner_reference::233b847ae7183bf7f3a4a619,external_final_answer::cell::fc9fbb5fc5a27df361c876e4,external_final_answer,evidence_drop_primary_v1,cell,evidence_drop_math_qwen3_4b,cell,evidence_drop_math_qwen3_4b,math,qwen3_4b,evidence_drop,"[""evidence_drop_math_qwen3_4b""]",1,single_cell,auroc,True,"[""pgrd_a""]",pgrd_a,pgrd_a,0.8707991474203627,0.8707991474203627,0.0,0.0,0.0,0.0,0.0,0.0,1.0,source_group,20000,20000,POINT_WINNER,True,NONE,OK
winner_reference::233b847ae7183bf7f3a4a619,external_final_answer::cell::fc9fbb5fc5a27df361c876e4,external_final_answer,evidence_drop_primary_v1,cell,evidence_drop_math_qwen3_4b,cell,evidence_drop_math_qwen3_4b,math,qwen3_4b,evidence_drop,"[""evidence_drop_math_qwen3_4b""]",1,single_cell,auroc,True,"[""pgrd_a""]",pgrd_a,su_pcr,0.8707991474203627,0.8528848884771686,-0.017914258943194095,-0.023119088552521577,-0.012717927703097386,-0.017914258943194095,-0.023119088552521577,-0.012717927703097386,1.0,source_group,20000,20000,SEPARATED_FROM_POINT_WINNER_95CI,False,NONE,OK
winner_reference::233b847ae7183bf7f3a4a619,external_final_answer::cell::fc9fbb5fc5a27df361c876e4,external_final_answer,evidence_drop_primary_v1,cell,evidence_drop_math_qwen3_4b,cell,evidence_drop_math_qwen3_4b,math,qwen3_4b,evidence_drop,"[""evidence_drop_math_qwen3_4b""]",1,single_cell,auroc,True,"[""pgrd_a""]",pgrd_a,upcr,0.8707991474203627,0.84860871850273,-0.022190428917632676,-0.02836579793052363,-0.01597985686698995,-0.022190428917632676,-0.02836579793052363,-0.01597985686698995,1.0,source_group,20000,20000,SEPARATED_FROM_POINT_WINNER_95CI,False,NONE,OK
winner_reference::cde6cf3e11b81a49d1586a7b,external_final_answer::cell::35542a8d10d47adaff5c33a9,external_final_answer,evidence_drop_primary_v1,cell,evidence_drop_math_qwen3_8b,cell,evidence_drop_math_qwen3_8b,math,qwen3_8b,evidence_drop,"[""evidence_drop_math_qwen3_8b""]",1,single_cell,auprc,True,"[""pgrd_a""]",pgrd_a,ca_specrage_atomic,0.7009570349758676,0.5776135314249935,-0.12334350355087409,-0.14840497595124935,-0.09590433184859318,-0.12334350355087409,-0.14840497595124935,-0.09590433184859318,1.0,source_group,20000,20000,SEPARATED_FROM_POINT_WINNER_95CI,False,NONE,OK
winner_reference::cde6cf3e11b81a49d1586a7b,external_final_answer::cell::35542a8d10d47adaff5c33a9,external_final_answer,evidence_drop_primary_v1,cell,evidence_drop_math_qwen3_8b,cell,evidence_drop_math_qwen3_8b,math,qwen3_8b,evidence_drop,"[""evidence_drop_math_qwen3_8b""]",1,single_cell,auprc,True,"[""pgrd_a""]",pgrd_a,continuous_lsml,0.7009570349758676,0.6638956203313952,-0.037061414644472435,-0.048003000113357584,-0.026106046442724917,-0.037061414644472435,-0.048003000113357584,-0.026106046442724917,1.0,source_group,20000,20000,SEPARATED_FROM_POINT_WINNER_95CI,False,NONE,OK
winner_reference::cde6cf3e11b81a49d1586a7b,external_final_answer::cell::35542a8d10d47adaff5c33a9,external_final_answer,evidence_drop_primary_v1,cell,evidence_drop_math_qwen3_8b,cell,evidence_drop_math_qwen3_8b,math,qwen3_8b,evidence_drop,"[""evidence_drop_math_qwen3_8b""]",1,single_cell,auprc,True,"[""pgrd_a""]",pgrd_a,deem_b3,0.7009570349758676,0.6573907084081889,-0.04356632656767867,-0.05972070194799979,-0.02732465758254238,-0.04356632656767867,-0.05972070194799979,-0.02732465758254238,1.0,source_group,20000,20000,SEPARATED_FROM_POINT_WINNER_95CI,False,NONE,OK
winner_reference::cde6cf3e11b81a49d1586a7b,external_final_answer::cell::35542a8d10d47adaff5c33a9,external_final_answer,evidence_drop_primary_v1,cell,evidence_drop_math_qwen3_8b,cell,evidence_drop_math_qwen3_8b,math,qwen3_8b,evidence_drop,"[""evidence_drop_math_qwen3_8b""]",1,single_cell,auprc,True,"[""pgrd_a""]",pgrd_a,dufs_liu,0.7009570349758676,0.6331416740998492,-0.06781536087601836,-0.08429822205710008,-0.05118237139731681,-0.06781536087601836,-0.08429822205710008,-0.05118237139731681,1.0,source_group,20000,20000,SEPARATED_FROM_POINT_WINNER_95CI,False,NONE,OK
winner_reference::cde6cf3e11b81a49d1586a7b,external_final_answer::cell::35542a8d10d47adaff5c33a9,external_final_answer,evidence_drop_primary_v1,cell,evidence_drop_math_qwen3_8b,cell,evidence_drop_math_qwen3_8b,math,qwen3_8b,evidence_drop,"[""evidence_drop_math_qwen3_8b""]",1,single_cell,auprc,True,"[""pgrd_a""]",pgrd_a,dufs_pf_lsml,0.7009570349758676,0.6501523048858213,-0.05080473009004627,-0.06538670168557276,-0.036187983154312486,-0.05080473009004627,-0.06538670168557276,-0.036187983154312486,1.0,source_group,20000,20000,SEPARATED_FROM_POINT_WINNER_95CI,False,NONE,OK
winner_reference::cde6cf3e11b81a49d1586a7b,external_final_answer::cell::35542a8d10d47adaff5c33a9,external_final_answer,evidence_drop_primary_v1,cell,evidence_drop_math_qwen3_8b,cell,evidence_drop_math_qwen3_8b,math,qwen3_8b,evidence_drop,"[""evidence_drop_math_qwen3_8b""]",1,single_cell,auprc,True,"[""pgrd_a""]",pgrd_a,dufs_stability_lsml,0.7009570349758676,0.6629939728525509,-0.03796306212331668,-0.04919082729486872,-0.02686525919047071,-0.03796306212331668,-0.04919082729486872,-0.02686525919047071,1.0,source_group,20000,20000,SEPARATED_FROM_POINT_WINNER_95CI,False,NONE,OK
winner_reference::cde6cf3e11b81a49d1586a7b,external_final_answer::cell::35542a8d10d47adaff5c33a9,external_final_answer,evidence_drop_primary_v1,cell,evidence_drop_math_qwen3_8b,cell,evidence_drop_math_qwen3_8b,math,qwen3_8b,evidence_drop,"[""evidence_drop_math_qwen3_8b""]",1,single_cell,auprc,True,"[""pgrd_a""]",pgrd_a,equal_family_mean,0.7009570349758676,0.6600010026101861,-0.04095603236568146,-0.057248832536691906,-0.02465934295606673,-0.04095603236568146,-0.057248832536691906,-0.02465934295606673,1.0,source_group,20000,20000,SEPARATED_FROM_POINT_WINNER_95CI,False,NONE,OK
winner_reference::cde6cf3e11b81a49d1586a7b,external_final_answer::cell::35542a8d10d47adaff5c33a9,external_final_answer,evidence_drop_primary_v1,cell,evidence_drop_math_qwen3_8b,cell,evidence_drop_math_qwen3_8b,math,qwen3_8b,evidence_drop,"[""evidence_drop_math_qwen3_8b""]",1,single_cell,auprc,True,"[""pgrd_a""]",pgrd_a,equal_feature_mean,0.7009570349758676,0.6521845445185296,-0.048772490457338,-0.06400652712799061,-0.03341769394882492,-0.048772490457338,-0.06400652712799061,-0.03341769394882492,1.0,source_group,20000,20000,SEPARATED_FROM_POINT_WINNER_95CI,False,NONE,OK
winner_reference::cde6cf3e11b81a49d1586a7b,external_final_answer::cell::35542a8d10d47adaff5c33a9,external_final_answer,evidence_drop_primary_v1,cell,evidence_drop_math_qwen3_8b,cell,evidence_drop_math_qwen3_8b,math,qwen3_8b,evidence_drop,"[""evidence_drop_math_qwen3_8b""]",1,single_cell,auprc,True,"[""pgrd_a""]",pgrd_a,family_nrm_a,0.7009570349758676,0.6621582772359231,-0.038798757739944456,-0.053730898015643375,-0.023779070567027053,-0.038798757739944456,-0.053730898015643375,-0.023779070567027053,1.0,source_group,20000,20000,SEPARATED_FROM_POINT_WINNER_95CI,False,NONE,OK
winner_reference::cde6cf3e11b81a49d1586a7b,external_final_answer::cell::35542a8d10d47adaff5c33a9,external_final_answer,evidence_drop_primary_v1,cell,evidence_drop_math_qwen3_8b,cell,evidence_drop_math_qwen3_8b,math,qwen3_8b,evidence_drop,"[""evidence_drop_math_qwen3_8b""]",1,single_cell,auprc,True,"[""pgrd_a""]",pgrd_a,iu_pcr,0.7009570349758676,0.6332651047226201,-0.06769193025324749,-0.0841326826965471,-0.051092294827298074,-0.06769193025324749,-0.0841326826965471,-0.051092294827298074,1.0,source_group,20000,20000,SEPARATED_FROM_POINT_WINNER_95CI,False,NONE,OK
winner_reference::cde6cf3e11b81a49d1586a7b,external_final_answer::cell::35542a8d10d47adaff5c33a9,external_final_answer,evidence_drop_primary_v1,cell,evidence_drop_math_qwen3_8b,cell,evidence_drop_math_qwen3_8b,math,qwen3_8b,evidence_drop,"[""evidence_drop_math_qwen3_8b""]",1,single_cell,auprc,True,"[""pgrd_a""]",pgrd_a,pgrd_a,0.7009570349758676,0.7009570349758676,0.0,0.0,0.0,0.0,0.0,0.0,1.0,source_group,20000,20000,POINT_WINNER,True,NONE,OK
winner_reference::cde6cf3e11b81a49d1586a7b,external_final_answer::cell::35542a8d10d47adaff5c33a9,external_final_answer,evidence_drop_primary_v1,cell,evidence_drop_math_qwen3_8b,cell,evidence_drop_math_qwen3_8b,math,qwen3_8b,evidence_drop,"[""evidence_drop_math_qwen3_8b""]",1,single_cell,auprc,True,"[""pgrd_a""]",pgrd_a,su_pcr,0.7009570349758676,0.6331422053820719,-0.0678148295937957,-0.08429659925845748,-0.051181279812200726,-0.0678148295937957,-0.08429659925845748,-0.051181279812200726,1.0,source_group,20000,20000,SEPARATED_FROM_POINT_WINNER_95CI,False,NONE,OK
winner_reference::cde6cf3e11b81a49d1586a7b,external_final_answer::cell::35542a8d10d47adaff5c33a9,external_final_answer,evidence_drop_primary_v1,cell,evidence_drop_math_qwen3_8b,cell,evidence_drop_math_qwen3_8b,math,qwen3_8b,evidence_drop,"[""evidence_drop_math_qwen3_8b""]",1,single_cell,auprc,True,"[""pgrd_a""]",pgrd_a,upcr,0.7009570349758676,0.6125303715002711,-0.08842666347559647,-0.10858490792619657,-0.06744414226839618,-0.08842666347559647,-0.10858490792619657,-0.06744414226839618,1.0,source_group,20000,20000,SEPARATED_FROM_POINT_WINNER_95CI,False,NONE,OK
winner_reference::218b68bec016b5548e8e47e9,external_final_answer::cell::2691f6551c99531c3ffc568b,external_final_answer,evidence_drop_primary_v1,cell,evidence_drop_math_qwen3_8b,cell,evidence_drop_math_qwen3_8b,math,qwen3_8b,evidence_drop,"[""evidence_drop_math_qwen3_8b""]",1,single_cell,aurc_x1000,False,"[""pgrd_a""]",pgrd_a,ca_specrage_atomic,64.0317018330515,77.91067271358493,13.87897088053343,10.25809369790122,17.726229662266384,-13.87897088053343,-17.726229662266395,-10.258093697901222,1.0,source_group,20000,20000,SEPARATED_FROM_POINT_WINNER_95CI,False,NONE,OK
winner_reference::218b68bec016b5548e8e47e9,external_final_answer::cell::2691f6551c99531c3ffc568b,external_final_answer,evidence_drop_primary_v1,cell,evidence_drop_math_qwen3_8b,cell,evidence_drop_math_qwen3_8b,math,qwen3_8b,evidence_drop,"[""evidence_drop_math_qwen3_8b""]",1,single_cell,aurc_x1000,False,"[""pgrd_a""]",pgrd_a,continuous_lsml,64.0317018330515,68.33783195280812,4.306130119756617,2.9845543333250633,5.736493708519211,-4.306130119756617,-5.7364937085192125,-2.9845543333250646,1.0,source_group,20000,20000,SEPARATED_FROM_POINT_WINNER_95CI,False,NONE,OK
winner_reference::218b68bec016b5548e8e47e9,external_final_answer::cell::2691f6551c99531c3ffc568b,external_final_answer,evidence_drop_primary_v1,cell,evidence_drop_math_qwen3_8b,cell,evidence_drop_math_qwen3_8b,math,qwen3_8b,evidence_drop,"[""evidence_drop_math_qwen3_8b""]",1,single_cell,aurc_x1000,False,"[""pgrd_a""]",pgrd_a,deem_b3,64.0317018330515,67.23313927168009,3.201437438628588,0.9916003383580798,5.39815150586526,-3.201437438628588,-5.398151505865266,-0.9916003383580829,0.9969,source_group,20000,20000,SEPARATED_FROM_POINT_WINNER_95CI,False,NONE,OK
winner_reference::218b68bec016b5548e8e47e9,external_final_answer::cell::2691f6551c99531c3ffc568b,external_final_answer,evidence_drop_primary_v1,cell,evidence_drop_math_qwen3_8b,cell,evidence_drop_math_qwen3_8b,math,qwen3_8b,evidence_drop,"[""evidence_drop_math_qwen3_8b""]",1,single_cell,aurc_x1000,False,"[""pgrd_a""]",pgrd_a,dufs_liu,64.0317018330515,71.29974474622514,7.268042913173645,5.276604419584576,9.361834505830222,-7.268042913173645,-9.361834505830224,-5.276604419584577,1.0,source_group,20000,20000,SEPARATED_FROM_POINT_WINNER_95CI,False,NONE,OK
winner_reference::218b68bec016b5548e8e47e9,external_final_answer::cell::2691f6551c99531c3ffc568b,external_final_answer,evidence_drop_primary_v1,cell,evidence_drop_math_qwen3_8b,cell,evidence_drop_math_qwen3_8b,math,qwen3_8b,evidence_drop,"[""evidence_drop_math_qwen3_8b""]",1,single_cell,aurc_x1000,False,"[""pgrd_a""]",pgrd_a,dufs_pf_lsml,64.0317018330515,69.82223494713838,5.790533114086884,3.9259860589752678,7.792300371661619,-5.790533114086884,-7.792300371661622,-3.9259860589752686,1.0,source_group,20000,20000,SEPARATED_FROM_POINT_WINNER_95CI,False,NONE,OK
winner_reference::218b68bec016b5548e8e47e9,external_final_answer::cell::2691f6551c99531c3ffc568b,external_final_answer,evidence_drop_primary_v1,cell,evidence_drop_math_qwen3_8b,cell,evidence_drop_math_qwen3_8b,math,qwen3_8b,evidence_drop,"[""evidence_drop_math_qwen3_8b""]",1,single_cell,aurc_x1000,False,"[""pgrd_a""]",pgrd_a,dufs_stability_lsml,64.0317018330515,68.59337169218736,4.561669859135861,2.9729905243086736,6.253819086911977,-4.561669859135861,-6.253819086911978,-2.9729905243086736,1.0,source_group,20000,20000,SEPARATED_FROM_POINT_WINNER_95CI,False,NONE,OK
winner_reference::218b68bec016b5548e8e47e9,external_final_answer::cell::2691f6551c99531c3ffc568b,external_final_answer,evidence_drop_primary_v1,cell,evidence_drop_math_qwen3_8b,cell,evidence_drop_math_qwen3_8b,math,qwen3_8b,evidence_drop,"[""evidence_drop_math_qwen3_8b""]",1,single_cell,aurc_x1000,False,"[""pgrd_a""]",pgrd_a,equal_family_mean,64.0317018330515,66.71292630542324,2.6812244723717384,0.30663524085164173,4.977642633956606,-2.6812244723717384,-4.977642633956608,-0.3066352408516421,0.98565,source_group,20000,20000,SEPARATED_FROM_POINT_WINNER_95CI,False,NONE,OK
winner_reference::218b68bec016b5548e8e47e9,external_final_answer::cell::2691f6551c99531c3ffc568b,external_final_answer,evidence_drop_primary_v1,cell,evidence_drop_math_qwen3_8b,cell,evidence_drop_math_qwen3_8b,math,qwen3_8b,evidence_drop,"[""evidence_drop_math_qwen3_8b""]",1,single_cell,aurc_x1000,False,"[""pgrd_a""]",pgrd_a,equal_feature_mean,64.0317018330515,68.06224336152364,4.030541528472142,2.1355181411210005,5.961155236132914,-4.030541528472142,-5.9611552361329165,-2.135518141121002,0.99985,source_group,20000,20000,SEPARATED_FROM_POINT_WINNER_95CI,False,NONE,OK
winner_reference::218b68bec016b5548e8e47e9,external_final_answer::cell::2691f6551c99531c3ffc568b,external_final_answer,evidence_drop_primary_v1,cell,evidence_drop_math_qwen3_8b,cell,evidence_drop_math_qwen3_8b,math,qwen3_8b,evidence_drop,"[""evidence_drop_math_qwen3_8b""]",1,single_cell,aurc_x1000,False,"[""pgrd_a""]",pgrd_a,family_nrm_a,64.0317018330515,67.18712363261244,3.1554217995609406,-0.5111842797136542,6.299104448940361,-3.1554217995609406,-6.299104448940361,0.5111842797136499,0.95695,source_group,20000,20000,NOT_SEPARATED_FROM_POINT_WINNER_95CI,True,NONE,OK
winner_reference::218b68bec016b5548e8e47e9,external_final_answer::cell::2691f6551c99531c3ffc568b,external_final_answer,evidence_drop_primary_v1,cell,evidence_drop_math_qwen3_8b,cell,evidence_drop_math_qwen3_8b,math,qwen3_8b,evidence_drop,"[""evidence_drop_math_qwen3_8b""]",1,single_cell,aurc_x1000,False,"[""pgrd_a""]",pgrd_a,iu_pcr,64.0317018330515,71.28533527429173,7.2536334412402255,5.27067680370001,9.343343212801502,-7.2536334412402255,-9.343343212801502,-5.2706768037000105,1.0,source_group,20000,20000,SEPARATED_FROM_POINT_WINNER_95CI,False,NONE,OK
winner_reference::218b68bec016b5548e8e47e9,external_final_answer::cell::2691f6551c99531c3ffc568b,external_final_answer,evidence_drop_primary_v1,cell,evidence_drop_math_qwen3_8b,cell,evidence_drop_math_qwen3_8b,math,qwen3_8b,evidence_drop,"[""evidence_drop_math_qwen3_8b""]",1,single_cell,aurc_x1000,False,"[""pgrd_a""]",pgrd_a,pgrd_a,64.0317018330515,64.0317018330515,0.0,0.0,0.0,-0.0,-0.0,0.0,1.0,source_group,20000,20000,POINT_WINNER,True,NONE,OK
winner_reference::218b68bec016b5548e8e47e9,external_final_answer::cell::2691f6551c99531c3ffc568b,external_final_answer,evidence_drop_primary_v1,cell,evidence_drop_math_qwen3_8b,cell,evidence_drop_math_qwen3_8b,math,qwen3_8b,evidence_drop,"[""evidence_drop_math_qwen3_8b""]",1,single_cell,aurc_x1000,False,"[""pgrd_a""]",pgrd_a,su_pcr,64.0317018330515,71.29473221489681,7.2630303818453115,5.276399460345481,9.355025524205843,-7.2630303818453115,-9.355025524205844,-5.276399460345481,1.0,source_group,20000,20000,SEPARATED_FROM_POINT_WINNER_95CI,False,NONE,OK
winner_reference::218b68bec016b5548e8e47e9,external_final_answer::cell::2691f6551c99531c3ffc568b,external_final_answer,evidence_drop_primary_v1,cell,evidence_drop_math_qwen3_8b,cell,evidence_drop_math_qwen3_8b,math,qwen3_8b,evidence_drop,"[""evidence_drop_math_qwen3_8b""]",1,single_cell,aurc_x1000,False,"[""pgrd_a""]",pgrd_a,upcr,64.0317018330515,73.7938659964665,9.762164163414994,7.219292807768606,12.505645429694235,-9.762164163414994,-12.505645429694235,-7.219292807768608,1.0,source_group,20000,20000,SEPARATED_FROM_POINT_WINNER_95CI,False,NONE,OK
winner_reference::7e77edad47175ebda449e70a,external_final_answer::cell::4fb957140ab6297dd328e67b,external_final_answer,evidence_drop_primary_v1,cell,evidence_drop_math_qwen3_8b,cell,evidence_drop_math_qwen3_8b,math,qwen3_8b,evidence_drop,"[""evidence_drop_math_qwen3_8b""]",1,single_cell,auroc,True,"[""pgrd_a""]",pgrd_a,ca_specrage_atomic,0.8629445762311184,0.8154769183112828,-0.04746765791983565,-0.05758478236236384,-0.037819763024191544,-0.04746765791983565,-0.05758478236236384,-0.037819763024191544,1.0,source_group,20000,20000,SEPARATED_FROM_POINT_WINNER_95CI,False,NONE,OK
winner_reference::7e77edad47175ebda449e70a,external_final_answer::cell::4fb957140ab6297dd328e67b,external_final_answer,evidence_drop_primary_v1,cell,evidence_drop_math_qwen3_8b,cell,evidence_drop_math_qwen3_8b,math,qwen3_8b,evidence_drop,"[""evidence_drop_math_qwen3_8b""]",1,single_cell,auroc,True,"[""pgrd_a""]",pgrd_a,continuous_lsml,0.8629445762311184,0.8487822639591978,-0.014162312271920663,-0.017933090586865714,-0.010568409307584814,-0.014162312271920663,-0.017933090586865714,-0.010568409307584814,1.0,source_group,20000,20000,SEPARATED_FROM_POINT_WINNER_95CI,False,NONE,OK
winner_reference::7e77edad47175ebda449e70a,external_final_answer::cell::4fb957140ab6297dd328e67b,external_final_answer,evidence_drop_primary_v1,cell,evidence_drop_math_qwen3_8b,cell,evidence_drop_math_qwen3_8b,math,qwen3_8b,evidence_drop,"[""evidence_drop_math_qwen3_8b""]",1,single_cell,auroc,True,"[""pgrd_a""]",pgrd_a,deem_b3,0.8629445762311184,0.849369190177681,-0.013575386053437444,-0.018932729604965802,-0.008256519953506814,-0.013575386053437444,-0.018932729604965802,-0.008256519953506814,1.0,source_group,20000,20000,SEPARATED_FROM_POINT_WINNER_95CI,False,NONE,OK
winner_reference::7e77edad47175ebda449e70a,external_final_answer::cell::4fb957140ab6297dd328e67b,external_final_answer,evidence_drop_primary_v1,cell,evidence_drop_math_qwen3_8b,cell,evidence_drop_math_qwen3_8b,math,qwen3_8b,evidence_drop,"[""evidence_drop_math_qwen3_8b""]",1,single_cell,auroc,True,"[""pgrd_a""]",pgrd_a,dufs_liu,0.8629445762311184,0.8380599914678317,-0.0248845847632867,-0.03078139606893741,-0.019260935687248668,-0.0248845847632867,-0.03078139606893741,-0.019260935687248668,1.0,source_group,20000,20000,SEPARATED_FROM_POINT_WINNER_95CI,False,NONE,OK
winner_reference::7e77edad47175ebda449e70a,external_final_answer::cell::4fb957140ab6297dd328e67b,external_final_answer,evidence_drop_primary_v1,cell,evidence_drop_math_qwen3_8b,cell,evidence_drop_math_qwen3_8b,math,qwen3_8b,evidence_drop,"[""evidence_drop_math_qwen3_8b""]",1,single_cell,auroc,True,"[""pgrd_a""]",pgrd_a,dufs_pf_lsml,0.8629445762311184,0.8436004662802735,-0.0193441099508449,-0.02525021552136312,-0.01374922894442491,-0.0193441099508449,-0.02525021552136312,-0.01374922894442491,1.0,source_group,20000,20000,SEPARATED_FROM_POINT_WINNER_95CI,False,NONE,OK
winner_reference::7e77edad47175ebda449e70a,external_final_answer::cell::4fb957140ab6297dd328e67b,external_final_answer,evidence_drop_primary_v1,cell,evidence_drop_math_qwen3_8b,cell,evidence_drop_math_qwen3_8b,math,qwen3_8b,evidence_drop,"[""evidence_drop_math_qwen3_8b""]",1,single_cell,auroc,True,"[""pgrd_a""]",pgrd_a,dufs_stability_lsml,0.8629445762311184,0.8472171273765757,-0.01572744885454269,-0.020854526695515095,-0.011003502077994812,-0.01572744885454269,-0.020854526695515095,-0.011003502077994812,1.0,source_group,20000,20000,SEPARATED_FROM_POINT_WINNER_95CI,False,NONE,OK
winner_reference::7e77edad47175ebda449e70a,external_final_answer::cell::4fb957140ab6297dd328e67b,external_final_answer,evidence_drop_primary_v1,cell,evidence_drop_math_qwen3_8b,cell,evidence_drop_math_qwen3_8b,math,qwen3_8b,evidence_drop,"[""evidence_drop_math_qwen3_8b""]",1,single_cell,auroc,True,"[""pgrd_a""]",pgrd_a,equal_family_mean,0.8629445762311184,0.8506055393879121,-0.012339036843206364,-0.017782091992069243,-0.006958874803479097,-0.012339036843206364,-0.017782091992069243,-0.006958874803479097,1.0,source_group,20000,20000,SEPARATED_FROM_POINT_WINNER_95CI,False,NONE,OK
winner_reference::7e77edad47175ebda449e70a,external_final_answer::cell::4fb957140ab6297dd328e67b,external_final_answer,evidence_drop_primary_v1,cell,evidence_drop_math_qwen3_8b,cell,evidence_drop_math_qwen3_8b,math,qwen3_8b,evidence_drop,"[""evidence_drop_math_qwen3_8b""]",1,single_cell,auroc,True,"[""pgrd_a""]",pgrd_a,equal_feature_mean,0.8629445762311184,0.84693453327138,-0.016010042959738402,-0.021007874887626107,-0.01108442649543002,-0.016010042959738402,-0.021007874887626107,-0.01108442649543002,1.0,source_group,20000,20000,SEPARATED_FROM_POINT_WINNER_95CI,False,NONE,OK
winner_reference::7e77edad47175ebda449e70a,external_final_answer::cell::4fb957140ab6297dd328e67b,external_final_answer,evidence_drop_primary_v1,cell,evidence_drop_math_qwen3_8b,cell,evidence_drop_math_qwen3_8b,math,qwen3_8b,evidence_drop,"[""evidence_drop_math_qwen3_8b""]",1,single_cell,auroc,True,"[""pgrd_a""]",pgrd_a,family_nrm_a,0.8629445762311184,0.8486817256717725,-0.014262850559345952,-0.019979949886978474,-0.008693896419836207,-0.014262850559345952,-0.019979949886978474,-0.008693896419836207,1.0,source_group,20000,20000,SEPARATED_FROM_POINT_WINNER_95CI,False,NONE,OK
winner_reference::7e77edad47175ebda449e70a,external_final_answer::cell::4fb957140ab6297dd328e67b,external_final_answer,evidence_drop_primary_v1,cell,evidence_drop_math_qwen3_8b,cell,evidence_drop_math_qwen3_8b,math,qwen3_8b,evidence_drop,"[""evidence_drop_math_qwen3_8b""]",1,single_cell,auroc,True,"[""pgrd_a""]",pgrd_a,iu_pcr,0.8629445762311184,0.8380980329819928,-0.024846543249125608,-0.030745520660945373,-0.019235748459863505,-0.024846543249125608,-0.030745520660945373,-0.019235748459863505,1.0,source_group,20000,20000,SEPARATED_FROM_POINT_WINNER_95CI,False,NONE,OK
winner_reference::7e77edad47175ebda449e70a,external_final_answer::cell::4fb957140ab6297dd328e67b,external_final_answer,evidence_drop_primary_v1,cell,evidence_drop_math_qwen3_8b,cell,evidence_drop_math_qwen3_8b,math,qwen3_8b,evidence_drop,"[""evidence_drop_math_qwen3_8b""]",1,single_cell,auroc,True,"[""pgrd_a""]",pgrd_a,pgrd_a,0.8629445762311184,0.8629445762311184,0.0,0.0,0.0,0.0,0.0,0.0,1.0,source_group,20000,20000,POINT_WINNER,True,NONE,OK
winner_reference::7e77edad47175ebda449e70a,external_final_answer::cell::4fb957140ab6297dd328e67b,external_final_answer,evidence_drop_primary_v1,cell,evidence_drop_math_qwen3_8b,cell,evidence_drop_math_qwen3_8b,math,qwen3_8b,evidence_drop,"[""evidence_drop_math_qwen3_8b""]",1,single_cell,auroc,True,"[""pgrd_a""]",pgrd_a,su_pcr,0.8629445762311184,0.8380627087188433,-0.02488186751227517,-0.03077924928474265,-0.019260935687248668,-0.02488186751227517,-0.03077924928474265,-0.019260935687248668,1.0,source_group,20000,20000,SEPARATED_FROM_POINT_WINNER_95CI,False,NONE,OK
winner_reference::7e77edad47175ebda449e70a,external_final_answer::cell::4fb957140ab6297dd328e67b,external_final_answer,evidence_drop_primary_v1,cell,evidence_drop_math_qwen3_8b,cell,evidence_drop_math_qwen3_8b,math,qwen3_8b,evidence_drop,"[""evidence_drop_math_qwen3_8b""]",1,single_cell,auroc,True,"[""pgrd_a""]",pgrd_a,upcr,0.8629445762311184,0.8306255927003768,-0.032318983530741585,-0.039639982448882075,-0.025371472535974274,-0.032318983530741585,-0.039639982448882075,-0.025371472535974274,1.0,source_group,20000,20000,SEPARATED_FROM_POINT_WINNER_95CI,False,NONE,OK
winner_reference::200ed3a5309af6aeaae6dbd4,external_final_answer::cell::7000b5e94ed6783f6095e3c7,external_final_answer,gpqa_k10_negative_stress_v1,cell,gpqa_llama70b_k10,cell,gpqa_llama70b_k10,gpqa,llama70b,k10,"[""gpqa_llama70b_k10""]",1,single_cell,auprc,True,"[""pgrd_a""]",pgrd_a,ca_specrage_atomic,0.6283089382551917,0.6187806662594122,-0.009528271995779547,-0.026951257047758238,0.00919542464358012,-0.009528271995779547,-0.026951257047758238,0.00919542464358012,0.83315,source_group,20000,20000,NOT_SEPARATED_FROM_POINT_WINNER_95CI,True,NONE,OK
winner_reference::200ed3a5309af6aeaae6dbd4,external_final_answer::cell::7000b5e94ed6783f6095e3c7,external_final_answer,gpqa_k10_negative_stress_v1,cell,gpqa_llama70b_k10,cell,gpqa_llama70b_k10,gpqa,llama70b,k10,"[""gpqa_llama70b_k10""]",1,single_cell,auprc,True,"[""pgrd_a""]",pgrd_a,continuous_lsml,0.6283089382551917,0.6275386784345433,-0.000770259820648489,-0.009439654002625733,0.007075367900595499,-0.000770259820648489,-0.009439654002625733,0.007075367900595499,0.59955,source_group,20000,20000,NOT_SEPARATED_FROM_POINT_WINNER_95CI,True,NONE,OK
winner_reference::200ed3a5309af6aeaae6dbd4,external_final_answer::cell::7000b5e94ed6783f6095e3c7,external_final_answer,gpqa_k10_negative_stress_v1,cell,gpqa_llama70b_k10,cell,gpqa_llama70b_k10,gpqa,llama70b,k10,"[""gpqa_llama70b_k10""]",1,single_cell,auprc,True,"[""pgrd_a""]",pgrd_a,deem_b3,0.6283089382551917,0.6234520140018849,-0.00485692425330686,-0.016865470856808017,0.008953169473423382,-0.00485692425330686,-0.016865470856808017,0.008953169473423382,0.73655,source_group,20000,20000,NOT_SEPARATED_FROM_POINT_WINNER_95CI,True,NONE,OK
winner_reference::200ed3a5309af6aeaae6dbd4,external_final_answer::cell::7000b5e94ed6783f6095e3c7,external_final_answer,gpqa_k10_negative_stress_v1,cell,gpqa_llama70b_k10,cell,gpqa_llama70b_k10,gpqa,llama70b,k10,"[""gpqa_llama70b_k10""]",1,single_cell,auprc,True,"[""pgrd_a""]",pgrd_a,dufs_liu,0.6283089382551917,0.6249614018153317,-0.003347536439860077,-0.010576265973602872,0.00394524263341962,-0.003347536439860077,-0.010576265973602872,0.00394524263341962,0.81625,source_group,20000,20000,NOT_SEPARATED_FROM_POINT_WINNER_95CI,True,NONE,OK
winner_reference::200ed3a5309af6aeaae6dbd4,external_final_answer::cell::7000b5e94ed6783f6095e3c7,external_final_answer,gpqa_k10_negative_stress_v1,cell,gpqa_llama70b_k10,cell,gpqa_llama70b_k10,gpqa,llama70b,k10,"[""gpqa_llama70b_k10""]",1,single_cell,auprc,True,"[""pgrd_a""]",pgrd_a,dufs_pf_lsml,0.6283089382551917,0.6222204025649514,-0.006088535690240371,-0.02173335708244103,0.010637272392060108,-0.006088535690240371,-0.02173335708244103,0.010637272392060108,0.752,source_group,20000,20000,NOT_SEPARATED_FROM_POINT_WINNER_95CI,True,NONE,OK
winner_reference::200ed3a5309af6aeaae6dbd4,external_final_answer::cell::7000b5e94ed6783f6095e3c7,external_final_answer,gpqa_k10_negative_stress_v1,cell,gpqa_llama70b_k10,cell,gpqa_llama70b_k10,gpqa,llama70b,k10,"[""gpqa_llama70b_k10""]",1,single_cell,auprc,True,"[""pgrd_a""]",pgrd_a,dufs_stability_lsml,0.6283089382551917,0.6222204025649514,-0.006088535690240371,-0.02173335708244103,0.010637272392060108,-0.006088535690240371,-0.02173335708244103,0.010637272392060108,0.752,source_group,20000,20000,NOT_SEPARATED_FROM_POINT_WINNER_95CI,True,NONE,OK
winner_reference::200ed3a5309af6aeaae6dbd4,external_final_answer::cell::7000b5e94ed6783f6095e3c7,external_final_answer,gpqa_k10_negative_stress_v1,cell,gpqa_llama70b_k10,cell,gpqa_llama70b_k10,gpqa,llama70b,k10,"[""gpqa_llama70b_k10""]",1,single_cell,auprc,True,"[""pgrd_a""]",pgrd_a,equal_family_mean,0.6283089382551917,0.6234408056485214,-0.004868132606670295,-0.01699493751165778,0.009064022939066094,-0.004868132606670295,-0.01699493751165778,0.009064022939066094,0.73355,source_group,20000,20000,NOT_SEPARATED_FROM_POINT_WINNER_95CI,True,NONE,OK
winner_reference::200ed3a5309af6aeaae6dbd4,external_final_answer::cell::7000b5e94ed6783f6095e3c7,external_final_answer,gpqa_k10_negative_stress_v1,cell,gpqa_llama70b_k10,cell,gpqa_llama70b_k10,gpqa,llama70b,k10,"[""gpqa_llama70b_k10""]",1,single_cell,auprc,True,"[""pgrd_a""]",pgrd_a,equal_feature_mean,0.6283089382551917,0.6242194828695229,-0.00408945538566885,-0.011041112369224285,0.0021368180354868283,-0.00408945538566885,-0.011041112369224285,0.0021368180354868283,0.89385,source_group,20000,20000,NOT_SEPARATED_FROM_POINT_WINNER_95CI,True,NONE,OK
winner_reference::200ed3a5309af6aeaae6dbd4,external_final_answer::cell::7000b5e94ed6783f6095e3c7,external_final_answer,gpqa_k10_negative_stress_v1,cell,gpqa_llama70b_k10,cell,gpqa_llama70b_k10,gpqa,llama70b,k10,"[""gpqa_llama70b_k10""]",1,single_cell,auprc,True,"[""pgrd_a""]",pgrd_a,family_nrm_a,0.6283089382551917,0.6274228491815534,-0.0008860890736382965,-0.006946436562635099,0.0047423915782619595,-0.0008860890736382965,-0.006946436562635099,0.0047423915782619595,0.6189,source_group,20000,20000,NOT_SEPARATED_FROM_POINT_WINNER_95CI,True,NONE,OK
winner_reference::200ed3a5309af6aeaae6dbd4,external_final_answer::cell::7000b5e94ed6783f6095e3c7,external_final_answer,gpqa_k10_negative_stress_v1,cell,gpqa_llama70b_k10,cell,gpqa_llama70b_k10,gpqa,llama70b,k10,"[""gpqa_llama70b_k10""]",1,single_cell,auprc,True,"[""pgrd_a""]",pgrd_a,iu_pcr,0.6283089382551917,0.6252034958152607,-0.00310544243993105,-0.009797473453454136,0.0035166443392083096,-0.00310544243993105,-0.009797473453454136,0.0035166443392083096,0.82195,source_group,20000,20000,NOT_SEPARATED_FROM_POINT_WINNER_95CI,True,NONE,OK
winner_reference::200ed3a5309af6aeaae6dbd4,external_final_answer::cell::7000b5e94ed6783f6095e3c7,external_final_answer,gpqa_k10_negative_stress_v1,cell,gpqa_llama70b_k10,cell,gpqa_llama70b_k10,gpqa,llama70b,k10,"[""gpqa_llama70b_k10""]",1,single_cell,auprc,True,"[""pgrd_a""]",pgrd_a,pgrd_a,0.6283089382551917,0.6283089382551917,0.0,0.0,0.0,0.0,0.0,0.0,1.0,source_group,20000,20000,POINT_WINNER,True,NONE,OK
winner_reference::200ed3a5309af6aeaae6dbd4,external_final_answer::cell::7000b5e94ed6783f6095e3c7,external_final_answer,gpqa_k10_negative_stress_v1,cell,gpqa_llama70b_k10,cell,gpqa_llama70b_k10,gpqa,llama70b,k10,"[""gpqa_llama70b_k10""]",1,single_cell,auprc,True,"[""pgrd_a""]",pgrd_a,su_pcr,0.6283089382551917,0.6251248765549612,-0.003184061700230556,-0.009922552109756844,0.0034704718615498867,-0.003184061700230556,-0.009922552109756844,0.0034704718615498867,0.8258,source_group,20000,20000,NOT_SEPARATED_FROM_POINT_WINNER_95CI,True,NONE,OK
winner_reference::200ed3a5309af6aeaae6dbd4,external_final_answer::cell::7000b5e94ed6783f6095e3c7,external_final_answer,gpqa_k10_negative_stress_v1,cell,gpqa_llama70b_k10,cell,gpqa_llama70b_k10,gpqa,llama70b,k10,"[""gpqa_llama70b_k10""]",1,single_cell,auprc,True,"[""pgrd_a""]",pgrd_a,upcr,0.6283089382551917,0.6230556758491607,-0.005253262406031078,-0.01561767009836448,0.005989333221981654,-0.005253262406031078,-0.01561767009836448,0.005989333221981654,0.8141,source_group,20000,20000,NOT_SEPARATED_FROM_POINT_WINNER_95CI,True,NONE,OK
winner_reference::f8499d9334455394092eff58,external_final_answer::cell::7f5b36b8be6dbb1d043a8c61,external_final_answer,gpqa_k10_negative_stress_v1,cell,gpqa_llama70b_k10,cell,gpqa_llama70b_k10,gpqa,llama70b,k10,"[""gpqa_llama70b_k10""]",1,single_cell,aurc_x1000,False,"[""pgrd_a""]",pgrd_a,ca_specrage_atomic,428.8228337024289,438.67783297785763,9.854999275428725,-11.756186284759183,31.479484606161698,-9.854999275428725,-31.479484606161712,11.756186284759165,0.809,source_group,20000,20000,NOT_SEPARATED_FROM_POINT_WINNER_95CI,True,NONE,OK
winner_reference::f8499d9334455394092eff58,external_final_answer::cell::7f5b36b8be6dbb1d043a8c61,external_final_answer,gpqa_k10_negative_stress_v1,cell,gpqa_llama70b_k10,cell,gpqa_llama70b_k10,gpqa,llama70b,k10,"[""gpqa_llama70b_k10""]",1,single_cell,aurc_x1000,False,"[""pgrd_a""]",pgrd_a,continuous_lsml,428.8228337024289,429.6672542209553,0.8444205185263627,-8.849790643457261,11.084976661194679,-0.8444205185263627,-11.084976661194728,8.84979064345726,0.57175,source_group,20000,20000,NOT_SEPARATED_FROM_POINT_WINNER_95CI,True,NONE,OK
winner_reference::f8499d9334455394092eff58,external_final_answer::cell::7f5b36b8be6dbb1d043a8c61,external_final_answer,gpqa_k10_negative_stress_v1,cell,gpqa_llama70b_k10,cell,gpqa_llama70b_k10,gpqa,llama70b,k10,"[""gpqa_llama70b_k10""]",1,single_cell,aurc_x1000,False,"[""pgrd_a""]",pgrd_a,deem_b3,428.8228337024289,429.5303314725972,0.7074977701682883,-8.440452719146133,9.324396585401937,-0.7074977701682883,-9.324396585401946,8.440452719146133,0.54725,source_group,20000,20000,NOT_SEPARATED_FROM_POINT_WINNER_95CI,True,NONE,OK
winner_reference::f8499d9334455394092eff58,external_final_answer::cell::7f5b36b8be6dbb1d043a8c61,external_final_answer,gpqa_k10_negative_stress_v1,cell,gpqa_llama70b_k10,cell,gpqa_llama70b_k10,gpqa,llama70b,k10,"[""gpqa_llama70b_k10""]",1,single_cell,aurc_x1000,False,"[""pgrd_a""]",pgrd_a,dufs_liu,428.8228337024289,429.6540599490945,0.831226246665608,-8.591536745220782,10.783856504492608,-0.831226246665608,-10.783856504492615,8.591536745220777,0.56885,source_group,20000,20000,NOT_SEPARATED_FROM_POINT_WINNER_95CI,True,NONE,OK
winner_reference::f8499d9334455394092eff58,external_final_answer::cell::7f5b36b8be6dbb1d043a8c61,external_final_answer,gpqa_k10_negative_stress_v1,cell,gpqa_llama70b_k10,cell,gpqa_llama70b_k10,gpqa,llama70b,k10,"[""gpqa_llama70b_k10""]",1,single_cell,aurc_x1000,False,"[""pgrd_a""]",pgrd_a,dufs_pf_lsml,428.8228337024289,437.0231302308038,8.200296528374906,-11.452898950608622,27.934893999525663,-8.200296528374906,-27.93489399952567,11.452898950608603,0.7862,source_group,20000,20000,NOT_SEPARATED_FROM_POINT_WINNER_95CI,True,NONE,OK
winner_reference::f8499d9334455394092eff58,external_final_answer::cell::7f5b36b8be6dbb1d043a8c61,external_final_answer,gpqa_k10_negative_stress_v1,cell,gpqa_llama70b_k10,cell,gpqa_llama70b_k10,gpqa,llama70b,k10,"[""gpqa_llama70b_k10""]",1,single_cell,aurc_x1000,False,"[""pgrd_a""]",pgrd_a,dufs_stability_lsml,428.8228337024289,437.0231302308038,8.200296528374906,-11.452898950608622,27.934893999525663,-8.200296528374906,-27.93489399952567,11.452898950608603,0.7862,source_group,20000,20000,NOT_SEPARATED_FROM_POINT_WINNER_95CI,True,NONE,OK
winner_reference::f8499d9334455394092eff58,external_final_answer::cell::7f5b36b8be6dbb1d043a8c61,external_final_answer,gpqa_k10_negative_stress_v1,cell,gpqa_llama70b_k10,cell,gpqa_llama70b_k10,gpqa,llama70b,k10,"[""gpqa_llama70b_k10""]",1,single_cell,aurc_x1000,False,"[""pgrd_a""]",pgrd_a,equal_family_mean,428.8228337024289,429.91284452552304,1.0900108230941328,-8.517130414080174,9.587605054517715,-1.0900108230941328,-9.58760505451773,8.517130414080157,0.5614,source_group,20000,20000,NOT_SEPARATED_FROM_POINT_WINNER_95CI,True,NONE,OK
winner_reference::f8499d9334455394092eff58,external_final_answer::cell::7f5b36b8be6dbb1d043a8c61,external_final_answer,gpqa_k10_negative_stress_v1,cell,gpqa_llama70b_k10,cell,gpqa_llama70b_k10,gpqa,llama70b,k10,"[""gpqa_llama70b_k10""]",1,single_cell,aurc_x1000,False,"[""pgrd_a""]",pgrd_a,equal_feature_mean,428.8228337024289,429.4637654661678,0.6409317637388767,-5.354300442541818,7.220558481253005,-0.6409317637388767,-7.2205584812530095,5.354300442541816,0.59355,source_group,20000,20000,NOT_SEPARATED_FROM_POINT_WINNER_95CI,True,NONE,OK
winner_reference::f8499d9334455394092eff58,external_final_answer::cell::7f5b36b8be6dbb1d043a8c61,external_final_answer,gpqa_k10_negative_stress_v1,cell,gpqa_llama70b_k10,cell,gpqa_llama70b_k10,gpqa,llama70b,k10,"[""gpqa_llama70b_k10""]",1,single_cell,aurc_x1000,False,"[""pgrd_a""]",pgrd_a,family_nrm_a,428.8228337024289,430.95010398549454,2.127270283065627,-5.996228443371792,10.531650163580304,-2.127270283065627,-10.531650163580307,5.9962284433717725,0.69195,source_group,20000,20000,NOT_SEPARATED_FROM_POINT_WINNER_95CI,True,NONE,OK
winner_reference::f8499d9334455394092eff58,external_final_answer::cell::7f5b36b8be6dbb1d043a8c61,external_final_answer,gpqa_k10_negative_stress_v1,cell,gpqa_llama70b_k10,cell,gpqa_llama70b_k10,gpqa,llama70b,k10,"[""gpqa_llama70b_k10""]",1,single_cell,aurc_x1000,False,"[""pgrd_a""]",pgrd_a,iu_pcr,428.8228337024289,429.6002205303441,0.7773868279151657,-7.89964127059559,9.865408088744607,-0.7773868279151657,-9.865408088744614,7.8996412705955885,0.5684,source_group,20000,20000,NOT_SEPARATED_FROM_POINT_WINNER_95CI,True,NONE,OK
winner_reference::f8499d9334455394092eff58,external_final_answer::cell::7f5b36b8be6dbb1d043a8c61,external_final_answer,gpqa_k10_negative_stress_v1,cell,gpqa_llama70b_k10,cell,gpqa_llama70b_k10,gpqa,llama70b,k10,"[""gpqa_llama70b_k10""]",1,single_cell,aurc_x1000,False,"[""pgrd_a""]",pgrd_a,pgrd_a,428.8228337024289,428.8228337024289,0.0,0.0,0.0,-0.0,-0.0,0.0,1.0,source_group,20000,20000,POINT_WINNER,True,NONE,OK
winner_reference::f8499d9334455394092eff58,external_final_answer::cell::7f5b36b8be6dbb1d043a8c61,external_final_answer,gpqa_k10_negative_stress_v1,cell,gpqa_llama70b_k10,cell,gpqa_llama70b_k10,gpqa,llama70b,k10,"[""gpqa_llama70b_k10""]",1,single_cell,aurc_x1000,False,"[""pgrd_a""]",pgrd_a,su_pcr,428.8228337024289,429.52025465714564,0.6974209547167334,-8.056062487953781,9.942341839520521,-0.6974209547167334,-9.942341839520521,8.056062487953781,0.5624,source_group,20000,20000,NOT_SEPARATED_FROM_POINT_WINNER_95CI,True,NONE,OK
winner_reference::f8499d9334455394092eff58,external_final_answer::cell::7f5b36b8be6dbb1d043a8c61,external_final_answer,gpqa_k10_negative_stress_v1,cell,gpqa_llama70b_k10,cell,gpqa_llama70b_k10,gpqa,llama70b,k10,"[""gpqa_llama70b_k10""]",1,single_cell,aurc_x1000,False,"[""pgrd_a""]",pgrd_a,upcr,428.8228337024289,432.4920226817854,3.669188979356477,-10.177826028900279,18.06879575821705,-3.669188979356477,-18.06879575821706,10.177826028900274,0.69195,source_group,20000,20000,NOT_SEPARATED_FROM_POINT_WINNER_95CI,True,NONE,OK
winner_reference::ed61bb34b8ea644a6d688640,external_final_answer::cell::a3a50b10ced0e1561e5ba26a,external_final_answer,gpqa_k10_negative_stress_v1,cell,gpqa_llama70b_k10,cell,gpqa_llama70b_k10,gpqa,llama70b,k10,"[""gpqa_llama70b_k10""]",1,single_cell,auroc,True,"[""equal_family_mean""]",equal_family_mean,ca_specrage_atomic,0.6323926506488501,0.6201259154567648,-0.01226673519208532,-0.02717269782474417,0.0025807183411282898,-0.01226673519208532,-0.02717269782474417,0.0025807183411282898,0.94825,source_group,20000,20000,NOT_SEPARATED_FROM_POINT_WINNER_95CI,True,NONE,OK
winner_reference::ed61bb34b8ea644a6d688640,external_final_answer::cell::a3a50b10ced0e1561e5ba26a,external_final_answer,gpqa_k10_negative_stress_v1,cell,gpqa_llama70b_k10,cell,gpqa_llama70b_k10,gpqa,llama70b,k10,"[""gpqa_llama70b_k10""]",1,single_cell,auroc,True,"[""equal_family_mean""]",equal_family_mean,continuous_lsml,0.6323926506488501,0.625492483618142,-0.00690016703070806,-0.024571953036804643,0.010377020687937326,-0.00690016703070806,-0.024571953036804643,0.010377020687937326,0.7792,source_group,20000,20000,NOT_SEPARATED_FROM_POINT_WINNER_95CI,True,NONE,OK
winner_reference::ed61bb34b8ea644a6d688640,external_final_answer::cell::a3a50b10ced0e1561e5ba26a,external_final_answer,gpqa_k10_negative_stress_v1,cell,gpqa_llama70b_k10,cell,gpqa_llama70b_k10,gpqa,llama70b,k10,"[""gpqa_llama70b_k10""]",1,single_cell,auroc,True,"[""equal_family_mean""]",equal_family_mean,deem_b3,0.6323926506488501,0.6320082230502376,-0.0003844275986124579,-0.0011766849574213368,0.00041456995291727297,-0.0003844275986124579,-0.0011766849574213368,0.00041456995291727297,0.82365,source_group,20000,20000,NOT_SEPARATED_FROM_POINT_WINNER_95CI,True,NONE,OK
winner_reference::ed61bb34b8ea644a6d688640,external_final_answer::cell::a3a50b10ced0e1561e5ba26a,external_final_answer,gpqa_k10_negative_stress_v1,cell,gpqa_llama70b_k10,cell,gpqa_llama70b_k10,gpqa,llama70b,k10,"[""gpqa_llama70b_k10""]",1,single_cell,auroc,True,"[""equal_family_mean""]",equal_family_mean,dufs_liu,0.6323926506488501,0.6263240395734293,-0.006068611075420782,-0.01708922399961421,0.004824277629280528,-0.006068611075420782,-0.01708922399961421,0.004824277629280528,0.861,source_group,20000,20000,NOT_SEPARATED_FROM_POINT_WINNER_95CI,True,NONE,OK
winner_reference::ed61bb34b8ea644a6d688640,external_final_answer::cell::a3a50b10ced0e1561e5ba26a,external_final_answer,gpqa_k10_negative_stress_v1,cell,gpqa_llama70b_k10,cell,gpqa_llama70b_k10,gpqa,llama70b,k10,"[""gpqa_llama70b_k10""]",1,single_cell,auroc,True,"[""equal_family_mean""]",equal_family_mean,dufs_pf_lsml,0.6323926506488501,0.6230985481176924,-0.0092941025311577,-0.02356196272153515,0.004889039998483498,-0.0092941025311577,-0.02356196272153515,0.004889039998483498,0.8998,source_group,20000,20000,NOT_SEPARATED_FROM_POINT_WINNER_95CI,True,NONE,OK
winner_reference::ed61bb34b8ea644a6d688640,external_final_answer::cell::a3a50b10ced0e1561e5ba26a,external_final_answer,gpqa_k10_negative_stress_v1,cell,gpqa_llama70b_k10,cell,gpqa_llama70b_k10,gpqa,llama70b,k10,"[""gpqa_llama70b_k10""]",1,single_cell,auroc,True,"[""equal_family_mean""]",equal_family_mean,dufs_stability_lsml,0.6323926506488501,0.6230985481176924,-0.0092941025311577,-0.02356196272153515,0.004889039998483498,-0.0092941025311577,-0.02356196272153515,0.004889039998483498,0.8998,source_group,20000,20000,NOT_SEPARATED_FROM_POINT_WINNER_95CI,True,NONE,OK
winner_reference::ed61bb34b8ea644a6d688640,external_final_answer::cell::a3a50b10ced0e1561e5ba26a,external_final_answer,gpqa_k10_negative_stress_v1,cell,gpqa_llama70b_k10,cell,gpqa_llama70b_k10,gpqa,llama70b,k10,"[""gpqa_llama70b_k10""]",1,single_cell,auroc,True,"[""equal_family_mean""]",equal_family_mean,equal_family_mean,0.6323926506488501,0.6323926506488501,0.0,0.0,0.0,0.0,0.0,0.0,1.0,source_group,20000,20000,POINT_WINNER,True,NONE,OK
winner_reference::ed61bb34b8ea644a6d688640,external_final_answer::cell::a3a50b10ced0e1561e5ba26a,external_final_answer,gpqa_k10_negative_stress_v1,cell,gpqa_llama70b_k10,cell,gpqa_llama70b_k10,gpqa,llama70b,k10,"[""gpqa_llama70b_k10""]",1,single_cell,auroc,True,"[""equal_family_mean""]",equal_family_mean,equal_feature_mean,0.6323926506488501,0.6268235898753693,-0.0055690607734807385,-0.016637933631085282,0.005454653230574032,-0.0055690607734807385,-0.016637933631085282,0.005454653230574032,0.8408,source_group,20000,20000,NOT_SEPARATED_FROM_POINT_WINNER_95CI,True,NONE,OK
winner_reference::ed61bb34b8ea644a6d688640,external_final_answer::cell::a3a50b10ced0e1561e5ba26a,external_final_answer,gpqa_k10_negative_stress_v1,cell,gpqa_llama70b_k10,cell,gpqa_llama70b_k10,gpqa,llama70b,k10,"[""gpqa_llama70b_k10""]",1,single_cell,auroc,True,"[""equal_family_mean""]",equal_family_mean,family_nrm_a,0.6323926506488501,0.6288474881151227,-0.003545162533727386,-0.013799620250350902,0.006701683623227827,-0.003545162533727386,-0.013799620250350902,0.006701683623227827,0.7501,source_group,20000,20000,NOT_SEPARATED_FROM_POINT_WINNER_95CI,True,NONE,OK
winner_reference::ed61bb34b8ea644a6d688640,external_final_answer::cell::a3a50b10ced0e1561e5ba26a,external_final_answer,gpqa_k10_negative_stress_v1,cell,gpqa_llama70b_k10,cell,gpqa_llama70b_k10,gpqa,llama70b,k10,"[""gpqa_llama70b_k10""]",1,single_cell,auroc,True,"[""equal_family_mean""]",equal_family_mean,iu_pcr,0.6323926506488501,0.6262911473724785,-0.0061015032763716,-0.01765374561151214,0.005322300271259794,-0.0061015032763716,-0.01765374561151214,0.005322300271259794,0.8504,source_group,20000,20000,NOT_SEPARATED_FROM_POINT_WINNER_95CI,True,NONE,OK
winner_reference::ed61bb34b8ea644a6d688640,external_final_answer::cell::a3a50b10ced0e1561e5ba26a,external_final_answer,gpqa_k10_negative_stress_v1,cell,gpqa_llama70b_k10,cell,gpqa_llama70b_k10,gpqa,llama70b,k10,"[""gpqa_llama70b_k10""]",1,single_cell,auroc,True,"[""equal_family_mean""]",equal_family_mean,pgrd_a,0.6323926506488501,0.6305815238339971,-0.0018111268148529591,-0.012993060147159988,0.0090876358479792,-0.0018111268148529591,-0.012993060147159988,0.0090876358479792,0.62655,source_group,20000,20000,NOT_SEPARATED_FROM_POINT_WINNER_95CI,True,NONE,OK
winner_reference::ed61bb34b8ea644a6d688640,external_final_answer::cell::a3a50b10ced0e1561e5ba26a,external_final_answer,gpqa_k10_negative_stress_v1,cell,gpqa_llama70b_k10,cell,gpqa_llama70b_k10,gpqa,llama70b,k10,"[""gpqa_llama70b_k10""]",1,single_cell,auroc,True,"[""equal_family_mean""]",equal_family_mean,su_pcr,0.6323926506488501,0.6262788127971219,-0.006113837851728143,-0.017582039486639205,0.0052261237131794955,-0.006113837851728143,-0.017582039486639205,0.0052261237131794955,0.85235,source_group,20000,20000,NOT_SEPARATED_FROM_POINT_WINNER_95CI,True,NONE,OK
winner_reference::ed61bb34b8ea644a6d688640,external_final_answer::cell::a3a50b10ced0e1561e5ba26a,external_final_answer,gpqa_k10_negative_stress_v1,cell,gpqa_llama70b_k10,cell,gpqa_llama70b_k10,gpqa,llama70b,k10,"[""gpqa_llama70b_k10""]",1,single_cell,auroc,True,"[""equal_family_mean""]",equal_family_mean,upcr,0.6323926506488501,0.6246917641012464,-0.0077008865476037025,-0.018623995604473413,0.0030844992985331466,-0.0077008865476037025,-0.018623995604473413,0.0030844992985331466,0.9163,source_group,20000,20000,NOT_SEPARATED_FROM_POINT_WINNER_95CI,True,NONE,OK
winner_reference::e55c528f7c76831293dcac06,external_final_answer::cell::4defb37f32bba7e5c8e866b6,external_final_answer,gpqa_k10_negative_stress_v1,cell,gpqa_llama8b_k10,cell,gpqa_llama8b_k10,gpqa,llama8b,k10,"[""gpqa_llama8b_k10""]",1,single_cell,auprc,True,"[""su_pcr""]",su_pcr,ca_specrage_atomic,0.7164815873269195,0.7158712958309216,-0.0006102914959978945,-0.003850952190633819,0.002522447691135422,-0.0006102914959978945,-0.003850952190633819,0.002522447691135422,0.65295,source_group,20000,20000,NOT_SEPARATED_FROM_POINT_WINNER_95CI,True,NONE,OK
winner_reference::e55c528f7c76831293dcac06,external_final_answer::cell::4defb37f32bba7e5c8e866b6,external_final_answer,gpqa_k10_negative_stress_v1,cell,gpqa_llama8b_k10,cell,gpqa_llama8b_k10,gpqa,llama8b,k10,"[""gpqa_llama8b_k10""]",1,single_cell,auprc,True,"[""su_pcr""]",su_pcr,continuous_lsml,0.7164815873269195,0.7144844592999415,-0.0019971280269779346,-0.00838602270441576,0.004324023842432168,-0.0019971280269779346,-0.00838602270441576,0.004324023842432168,0.71565,source_group,20000,20000,NOT_SEPARATED_FROM_POINT_WINNER_95CI,True,NONE,OK
winner_reference::e55c528f7c76831293dcac06,external_final_answer::cell::4defb37f32bba7e5c8e866b6,external_final_answer,gpqa_k10_negative_stress_v1,cell,gpqa_llama8b_k10,cell,gpqa_llama8b_k10,gpqa,llama8b,k10,"[""gpqa_llama8b_k10""]",1,single_cell,auprc,True,"[""su_pcr""]",su_pcr,deem_b3,0.7164815873269195,0.7114429194595008,-0.005038667867418689,-0.01135250996483696,0.0013233790103994237,-0.005038667867418689,-0.01135250996483696,0.0013233790103994237,0.93875,source_group,20000,20000,NOT_SEPARATED_FROM_POINT_WINNER_95CI,True,NONE,OK
winner_reference::e55c528f7c76831293dcac06,external_final_answer::cell::4defb37f32bba7e5c8e866b6,external_final_answer,gpqa_k10_negative_stress_v1,cell,gpqa_llama8b_k10,cell,gpqa_llama8b_k10,gpqa,llama8b,k10,"[""gpqa_llama8b_k10""]",1,single_cell,auprc,True,"[""su_pcr""]",su_pcr,dufs_liu,0.7164815873269195,0.7163071991636282,-0.0001743881632912947,-0.0009473371854052115,0.0005873419822148251,-0.0001743881632912947,-0.0009473371854052115,0.0005873419822148251,0.6692,source_group,20000,20000,NOT_SEPARATED_FROM_POINT_WINNER_95CI,True,NONE,OK
winner_reference::e55c528f7c76831293dcac06,external_final_answer::cell::4defb37f32bba7e5c8e866b6,external_final_answer,gpqa_k10_negative_stress_v1,cell,gpqa_llama8b_k10,cell,gpqa_llama8b_k10,gpqa,llama8b,k10,"[""gpqa_llama8b_k10""]",1,single_cell,auprc,True,"[""su_pcr""]",su_pcr,dufs_pf_lsml,0.7164815873269195,0.7118781241159444,-0.004603463210975045,-0.019825599722783166,0.01023309232584069,-0.004603463210975045,-0.019825599722783166,0.01023309232584069,0.72535,source_group,20000,20000,NOT_SEPARATED_FROM_POINT_WINNER_95CI,True,NONE,OK
winner_reference::e55c528f7c76831293dcac06,external_final_answer::cell::4defb37f32bba7e5c8e866b6,external_final_answer,gpqa_k10_negative_stress_v1,cell,gpqa_llama8b_k10,cell,gpqa_llama8b_k10,gpqa,llama8b,k10,"[""gpqa_llama8b_k10""]",1,single_cell,auprc,True,"[""su_pcr""]",su_pcr,dufs_stability_lsml,0.7164815873269195,0.7125663618588839,-0.003915225468035577,-0.01580795764526448,0.007670259746886647,-0.003915225468035577,-0.01580795764526448,0.007670259746886647,0.74655,source_group,20000,20000,NOT_SEPARATED_FROM_POINT_WINNER_95CI,True,NONE,OK
winner_reference::e55c528f7c76831293dcac06,external_final_answer::cell::4defb37f32bba7e5c8e866b6,external_final_answer,gpqa_k10_negative_stress_v1,cell,gpqa_llama8b_k10,cell,gpqa_llama8b_k10,gpqa,llama8b,k10,"[""gpqa_llama8b_k10""]",1,single_cell,auprc,True,"[""su_pcr""]",su_pcr,equal_family_mean,0.7164815873269195,0.7109479013849431,-0.005533685941976341,-0.012037196520123819,0.0009941089451599547,-0.005533685941976341,-0.012037196520123819,0.0009941089451599547,0.951,source_group,20000,20000,NOT_SEPARATED_FROM_POINT_WINNER_95CI,True,NONE,OK
winner_reference::e55c528f7c76831293dcac06,external_final_answer::cell::4defb37f32bba7e5c8e866b6,external_final_answer,gpqa_k10_negative_stress_v1,cell,gpqa_llama8b_k10,cell,gpqa_llama8b_k10,gpqa,llama8b,k10,"[""gpqa_llama8b_k10""]",1,single_cell,auprc,True,"[""su_pcr""]",su_pcr,equal_feature_mean,0.7164815873269195,0.7142504238658316,-0.0022311634610878706,-0.007393974592557922,0.002898653537486008,-0.0022311634610878706,-0.007393974592557922,0.002898653537486008,0.80125,source_group,20000,20000,NOT_SEPARATED_FROM_POINT_WINNER_95CI,True,NONE,OK
winner_reference::e55c528f7c76831293dcac06,external_final_answer::cell::4defb37f32bba7e5c8e866b6,external_final_answer,gpqa_k10_negative_stress_v1,cell,gpqa_llama8b_k10,cell,gpqa_llama8b_k10,gpqa,llama8b,k10,"[""gpqa_llama8b_k10""]",1,single_cell,auprc,True,"[""su_pcr""]",su_pcr,family_nrm_a,0.7164815873269195,0.7141935027538557,-0.002288084573063731,-0.006505682082399803,0.0019356852277781235,-0.002288084573063731,-0.006505682082399803,0.0019356852277781235,0.8543,source_group,20000,20000,NOT_SEPARATED_FROM_POINT_WINNER_95CI,True,NONE,OK
winner_reference::e55c528f7c76831293dcac06,external_final_answer::cell::4defb37f32bba7e5c8e866b6,external_final_answer,gpqa_k10_negative_stress_v1,cell,gpqa_llama8b_k10,cell,gpqa_llama8b_k10,gpqa,llama8b,k10,"[""gpqa_llama8b_k10""]",1,single_cell,auprc,True,"[""su_pcr""]",su_pcr,iu_pcr,0.7164815873269195,0.7164557948588978,-2.579246802170143e-05,-0.00013849369818286217,8.60128926955222e-05,-2.579246802170143e-05,-0.00013849369818286217,8.60128926955222e-05,0.6669,source_group,20000,20000,NOT_SEPARATED_FROM_POINT_WINNER_95CI,True,NONE,OK
winner_reference::e55c528f7c76831293dcac06,external_final_answer::cell::4defb37f32bba7e5c8e866b6,external_final_answer,gpqa_k10_negative_stress_v1,cell,gpqa_llama8b_k10,cell,gpqa_llama8b_k10,gpqa,llama8b,k10,"[""gpqa_llama8b_k10""]",1,single_cell,auprc,True,"[""su_pcr""]",su_pcr,pgrd_a,0.7164815873269195,0.7134908767772361,-0.002990710549683362,-0.008454429633124153,0.0024795167298465033,-0.002990710549683362,-0.008454429633124153,0.0024795167298465033,0.84965,source_group,20000,20000,NOT_SEPARATED_FROM_POINT_WINNER_95CI,True,NONE,OK
winner_reference::e55c528f7c76831293dcac06,external_final_answer::cell::4defb37f32bba7e5c8e866b6,external_final_answer,gpqa_k10_negative_stress_v1,cell,gpqa_llama8b_k10,cell,gpqa_llama8b_k10,gpqa,llama8b,k10,"[""gpqa_llama8b_k10""]",1,single_cell,auprc,True,"[""su_pcr""]",su_pcr,su_pcr,0.7164815873269195,0.7164815873269195,0.0,0.0,0.0,0.0,0.0,0.0,1.0,source_group,20000,20000,POINT_WINNER,True,NONE,OK
winner_reference::e55c528f7c76831293dcac06,external_final_answer::cell::4defb37f32bba7e5c8e866b6,external_final_answer,gpqa_k10_negative_stress_v1,cell,gpqa_llama8b_k10,cell,gpqa_llama8b_k10,gpqa,llama8b,k10,"[""gpqa_llama8b_k10""]",1,single_cell,auprc,True,"[""su_pcr""]",su_pcr,upcr,0.7164815873269195,0.7161518777251769,-0.00032970960174261155,-0.004977382684283027,0.004113258293972345,-0.00032970960174261155,-0.004977382684283027,0.004113258293972345,0.55745,source_group,20000,20000,NOT_SEPARATED_FROM_POINT_WINNER_95CI,True,NONE,OK
winner_reference::04d7164da5b3edbf64740161,external_final_answer::cell::31cfb5dda9c2d3cd24576f35,external_final_answer,gpqa_k10_negative_stress_v1,cell,gpqa_llama8b_k10,cell,gpqa_llama8b_k10,gpqa,llama8b,k10,"[""gpqa_llama8b_k10""]",1,single_cell,aurc_x1000,False,"[""continuous_lsml""]",continuous_lsml,ca_specrage_atomic,687.0853001493532,691.8528911844782,4.767591035124951,-5.418757493685601,14.533516247561701,-4.767591035124951,-14.533516247561703,5.418757493685592,0.81925,source_group,20000,20000,NOT_SEPARATED_FROM_POINT_WINNER_95CI,True,NONE,OK
winner_reference::04d7164da5b3edbf64740161,external_final_answer::cell::31cfb5dda9c2d3cd24576f35,external_final_answer,gpqa_k10_negative_stress_v1,cell,gpqa_llama8b_k10,cell,gpqa_llama8b_k10,gpqa,llama8b,k10,"[""gpqa_llama8b_k10""]",1,single_cell,aurc_x1000,False,"[""continuous_lsml""]",continuous_lsml,continuous_lsml,687.0853001493532,687.0853001493532,0.0,0.0,0.0,-0.0,-0.0,0.0,1.0,source_group,20000,20000,POINT_WINNER,True,NONE,OK
winner_reference::04d7164da5b3edbf64740161,external_final_answer::cell::31cfb5dda9c2d3cd24576f35,external_final_answer,gpqa_k10_negative_stress_v1,cell,gpqa_llama8b_k10,cell,gpqa_llama8b_k10,gpqa,llama8b,k10,"[""gpqa_llama8b_k10""]",1,single_cell,aurc_x1000,False,"[""continuous_lsml""]",continuous_lsml,deem_b3,687.0853001493532,700.2002643731713,13.114964223818106,1.091231592360353,24.947856869633743,-13.114964223818106,-24.947856869633757,-1.0912315923603564,0.98405,source_group,20000,20000,SEPARATED_FROM_POINT_WINNER_95CI,False,NONE,OK
winner_reference::04d7164da5b3edbf64740161,external_final_answer::cell::31cfb5dda9c2d3cd24576f35,external_final_answer,gpqa_k10_negative_stress_v1,cell,gpqa_llama8b_k10,cell,gpqa_llama8b_k10,gpqa,llama8b,k10,"[""gpqa_llama8b_k10""]",1,single_cell,aurc_x1000,False,"[""continuous_lsml""]",continuous_lsml,dufs_liu,687.0853001493532,689.2059079211938,2.1206077718405822,-5.2935002352416,9.632157448315633,-2.1206077718405822,-9.632157448315642,5.293500235241598,0.72015,source_group,20000,20000,NOT_SEPARATED_FROM_POINT_WINNER_95CI,True,NONE,OK
winner_reference::04d7164da5b3edbf64740161,external_final_answer::cell::31cfb5dda9c2d3cd24576f35,external_final_answer,gpqa_k10_negative_stress_v1,cell,gpqa_llama8b_k10,cell,gpqa_llama8b_k10,gpqa,llama8b,k10,"[""gpqa_llama8b_k10""]",1,single_cell,aurc_x1000,False,"[""continuous_lsml""]",continuous_lsml,dufs_pf_lsml,687.0853001493532,700.1908139586664,13.105513809313152,-11.081469308047826,37.177252417404574,-13.105513809313152,-37.17725241740462,11.08146930804781,0.8523,source_group,20000,20000,NOT_SEPARATED_FROM_POINT_WINNER_95CI,True,NONE,OK
winner_reference::04d7164da5b3edbf64740161,external_final_answer::cell::31cfb5dda9c2d3cd24576f35,external_final_answer,gpqa_k10_negative_stress_v1,cell,gpqa_llama8b_k10,cell,gpqa_llama8b_k10,gpqa,llama8b,k10,"[""gpqa_llama8b_k10""]",1,single_cell,aurc_x1000,False,"[""continuous_lsml""]",continuous_lsml,dufs_stability_lsml,687.0853001493532,699.2407837764534,12.155483627100239,-8.353287922830452,32.14070231531821,-12.155483627100239,-32.140702315318215,8.353287922830441,0.87535,source_group,20000,20000,NOT_SEPARATED_FROM_POINT_WINNER_95CI,True,NONE,OK
winner_reference::04d7164da5b3edbf64740161,external_final_answer::cell::31cfb5dda9c2d3cd24576f35,external_final_answer,gpqa_k10_negative_stress_v1,cell,gpqa_llama8b_k10,cell,gpqa_llama8b_k10,gpqa,llama8b,k10,"[""gpqa_llama8b_k10""]",1,single_cell,aurc_x1000,False,"[""continuous_lsml""]",continuous_lsml,equal_family_mean,687.0853001493532,700.4843751870982,13.399075037744979,1.5708309987583078,25.05961408784921,-13.399075037744979,-25.059614087849212,-1.5708309987583124,0.9872,source_group,20000,20000,SEPARATED_FROM_POINT_WINNER_95CI,False,NONE,OK
winner_reference::04d7164da5b3edbf64740161,external_final_answer::cell::31cfb5dda9c2d3cd24576f35,external_final_answer,gpqa_k10_negative_stress_v1,cell,gpqa_llama8b_k10,cell,gpqa_llama8b_k10,gpqa,llama8b,k10,"[""gpqa_llama8b_k10""]",1,single_cell,aurc_x1000,False,"[""continuous_lsml""]",continuous_lsml,equal_feature_mean,687.0853001493532,693.2495584846171,6.164258335263867,-0.6315304851659675,13.135612838482944,-6.164258335263867,-13.135612838482947,0.6315304851659661,0.96255,source_group,20000,20000,NOT_SEPARATED_FROM_POINT_WINNER_95CI,True,NONE,OK
winner_reference::04d7164da5b3edbf64740161,external_final_answer::cell::31cfb5dda9c2d3cd24576f35,external_final_answer,gpqa_k10_negative_stress_v1,cell,gpqa_llama8b_k10,cell,gpqa_llama8b_k10,gpqa,llama8b,k10,"[""gpqa_llama8b_k10""]",1,single_cell,aurc_x1000,False,"[""continuous_lsml""]",continuous_lsml,family_nrm_a,687.0853001493532,690.3566784654166,3.2713783160634193,-4.146476148404139,10.709195519206595,-3.2713783160634193,-10.709195519206608,4.146476148404125,0.8076,source_group,20000,20000,NOT_SEPARATED_FROM_POINT_WINNER_95CI,True,NONE,OK
winner_reference::04d7164da5b3edbf64740161,external_final_answer::cell::31cfb5dda9c2d3cd24576f35,external_final_answer,gpqa_k10_negative_stress_v1,cell,gpqa_llama8b_k10,cell,gpqa_llama8b_k10,gpqa,llama8b,k10,"[""gpqa_llama8b_k10""]",1,single_cell,aurc_x1000,False,"[""continuous_lsml""]",continuous_lsml,iu_pcr,687.0853001493532,688.7754881110798,1.690187961726565,-4.987067619395472,8.429897053897239,-1.690187961726565,-8.429897053897253,4.987067619395457,0.69765,source_group,20000,20000,NOT_SEPARATED_FROM_POINT_WINNER_95CI,True,NONE,OK
winner_reference::04d7164da5b3edbf64740161,external_final_answer::cell::31cfb5dda9c2d3cd24576f35,external_final_answer,gpqa_k10_negative_stress_v1,cell,gpqa_llama8b_k10,cell,gpqa_llama8b_k10,gpqa,llama8b,k10,"[""gpqa_llama8b_k10""]",1,single_cell,aurc_x1000,False,"[""continuous_lsml""]",continuous_lsml,pgrd_a,687.0853001493532,690.3813389876323,3.2960388382790597,-1.6543656485238953,7.864515295134939,-3.2960388382790597,-7.864515295134941,1.6543656485238758,0.9039,source_group,20000,20000,NOT_SEPARATED_FROM_POINT_WINNER_95CI,True,NONE,OK
winner_reference::04d7164da5b3edbf64740161,external_final_answer::cell::31cfb5dda9c2d3cd24576f35,external_final_answer,gpqa_k10_negative_stress_v1,cell,gpqa_llama8b_k10,cell,gpqa_llama8b_k10,gpqa,llama8b,k10,"[""gpqa_llama8b_k10""]",1,single_cell,aurc_x1000,False,"[""continuous_lsml""]",continuous_lsml,su_pcr,687.0853001493532,688.7882149584982,1.7029148091449997,-5.029752963135885,8.49030307058401,-1.7029148091449997,-8.490303070584014,5.029752963135873,0.6974,source_group,20000,20000,NOT_SEPARATED_FROM_POINT_WINNER_95CI,True,NONE,OK
winner_reference::04d7164da5b3edbf64740161,external_final_answer::cell::31cfb5dda9c2d3cd24576f35,external_final_answer,gpqa_k10_negative_stress_v1,cell,gpqa_llama8b_k10,cell,gpqa_llama8b_k10,gpqa,llama8b,k10,"[""gpqa_llama8b_k10""]",1,single_cell,aurc_x1000,False,"[""continuous_lsml""]",continuous_lsml,upcr,687.0853001493532,692.6667895268313,5.5814893774780785,-6.332222741878075,17.131159113534114,-5.5814893774780785,-17.131159113534117,6.332222741878075,0.8208,source_group,20000,20000,NOT_SEPARATED_FROM_POINT_WINNER_95CI,True,NONE,OK
winner_reference::5670bb160b8840fd6fe1bb5b,external_final_answer::cell::0eda0179232a866f92f04606,external_final_answer,gpqa_k10_negative_stress_v1,cell,gpqa_llama8b_k10,cell,gpqa_llama8b_k10,gpqa,llama8b,k10,"[""gpqa_llama8b_k10""]",1,single_cell,auroc,True,"[""continuous_lsml""]",continuous_lsml,ca_specrage_atomic,0.5209919645873833,0.5183710294240064,-0.002620935163376914,-0.01699184821301341,0.011316569593418348,-0.002620935163376914,-0.01699184821301341,0.011316569593418348,0.6388,source_group,20000,20000,NOT_SEPARATED_FROM_POINT_WINNER_95CI,True,NONE,OK
winner_reference::5670bb160b8840fd6fe1bb5b,external_final_answer::cell::0eda0179232a866f92f04606,external_final_answer,gpqa_k10_negative_stress_v1,cell,gpqa_llama8b_k10,cell,gpqa_llama8b_k10,gpqa,llama8b,k10,"[""gpqa_llama8b_k10""]",1,single_cell,auroc,True,"[""continuous_lsml""]",continuous_lsml,continuous_lsml,0.5209919645873833,0.5209919645873833,0.0,0.0,0.0,0.0,0.0,0.0,1.0,source_group,20000,20000,POINT_WINNER,True,NONE,OK
winner_reference::5670bb160b8840fd6fe1bb5b,external_final_answer::cell::0eda0179232a866f92f04606,external_final_answer,gpqa_k10_negative_stress_v1,cell,gpqa_llama8b_k10,cell,gpqa_llama8b_k10,gpqa,llama8b,k10,"[""gpqa_llama8b_k10""]",1,single_cell,auroc,True,"[""continuous_lsml""]",continuous_lsml,deem_b3,0.5209919645873833,0.5088249984085867,-0.012166966178796534,-0.02778913912225111,0.0031748921831086714,-0.012166966178796534,-0.02778913912225111,0.0031748921831086714,0.93995,source_group,20000,20000,NOT_SEPARATED_FROM_POINT_WINNER_95CI,True,NONE,OK
winner_reference::5670bb160b8840fd6fe1bb5b,external_final_answer::cell::0eda0179232a866f92f04606,external_final_answer,gpqa_k10_negative_stress_v1,cell,gpqa_llama8b_k10,cell,gpqa_llama8b_k10,gpqa,llama8b,k10,"[""gpqa_llama8b_k10""]",1,single_cell,auroc,True,"[""continuous_lsml""]",continuous_lsml,dufs_liu,0.5209919645873833,0.5201644297109504,-0.0008275348764328339,-0.011661300396587498,0.009611853169425193,-0.0008275348764328339,-0.011661300396587498,0.009611853169425193,0.5599,source_group,20000,20000,NOT_SEPARATED_FROM_POINT_WINNER_95CI,True,NONE,OK
winner_reference::5670bb160b8840fd6fe1bb5b,external_final_answer::cell::0eda0179232a866f92f04606,external_final_answer,gpqa_k10_negative_stress_v1,cell,gpqa_llama8b_k10,cell,gpqa_llama8b_k10,gpqa,llama8b,k10,"[""gpqa_llama8b_k10""]",1,single_cell,auroc,True,"[""continuous_lsml""]",continuous_lsml,dufs_pf_lsml,0.5209919645873833,0.5067916619740379,-0.014200302613345372,-0.048089601568736345,0.01881739482690165,-0.014200302613345372,-0.048089601568736345,0.01881739482690165,0.7975,source_group,20000,20000,NOT_SEPARATED_FROM_POINT_WINNER_95CI,True,NONE,OK
winner_reference::5670bb160b8840fd6fe1bb5b,external_final_answer::cell::0eda0179232a866f92f04606,external_final_answer,gpqa_k10_negative_stress_v1,cell,gpqa_llama8b_k10,cell,gpqa_llama8b_k10,gpqa,llama8b,k10,"[""gpqa_llama8b_k10""]",1,single_cell,auroc,True,"[""continuous_lsml""]",continuous_lsml,dufs_stability_lsml,0.5209919645873833,0.5087491002394464,-0.012242864347936866,-0.040668024843846705,0.015526781220331881,-0.012242864347936866,-0.040668024843846705,0.015526781220331881,0.8015,source_group,20000,20000,NOT_SEPARATED_FROM_POINT_WINNER_95CI,True,NONE,OK
winner_reference::5670bb160b8840fd6fe1bb5b,external_final_answer::cell::0eda0179232a866f92f04606,external_final_answer,gpqa_k10_negative_stress_v1,cell,gpqa_llama8b_k10,cell,gpqa_llama8b_k10,gpqa,llama8b,k10,"[""gpqa_llama8b_k10""]",1,single_cell,auroc,True,"[""continuous_lsml""]",continuous_lsml,equal_family_mean,0.5209919645873833,0.5083524710974875,-0.012639493489895792,-0.02802882817487551,0.002449817081101558,-0.012639493489895792,-0.02802882817487551,0.002449817081101558,0.9506,source_group,20000,20000,NOT_SEPARATED_FROM_POINT_WINNER_95CI,True,NONE,OK
winner_reference::5670bb160b8840fd6fe1bb5b,external_final_answer::cell::0eda0179232a866f92f04606,external_final_answer,gpqa_k10_negative_stress_v1,cell,gpqa_llama8b_k10,cell,gpqa_llama8b_k10,gpqa,llama8b,k10,"[""gpqa_llama8b_k10""]",1,single_cell,auroc,True,"[""continuous_lsml""]",continuous_lsml,equal_feature_mean,0.5209919645873833,0.51645766106326,-0.004534303524123318,-0.014795596596266824,0.005423917227524739,-0.004534303524123318,-0.014795596596266824,0.005423917227524739,0.8039,source_group,20000,20000,NOT_SEPARATED_FROM_POINT_WINNER_95CI,True,NONE,OK
winner_reference::5670bb160b8840fd6fe1bb5b,external_final_answer::cell::0eda0179232a866f92f04606,external_final_answer,gpqa_k10_negative_stress_v1,cell,gpqa_llama8b_k10,cell,gpqa_llama8b_k10,gpqa,llama8b,k10,"[""gpqa_llama8b_k10""]",1,single_cell,auroc,True,"[""continuous_lsml""]",continuous_lsml,family_nrm_a,0.5209919645873833,0.5186158622276846,-0.002376102359698651,-0.013077584084375891,0.008087253616297356,-0.002376102359698651,-0.013077584084375891,0.008087253616297356,0.67015,source_group,20000,20000,NOT_SEPARATED_FROM_POINT_WINNER_95CI,True,NONE,OK
winner_reference::5670bb160b8840fd6fe1bb5b,external_final_answer::cell::0eda0179232a866f92f04606,external_final_answer,gpqa_k10_negative_stress_v1,cell,gpqa_llama8b_k10,cell,gpqa_llama8b_k10,gpqa,llama8b,k10,"[""gpqa_llama8b_k10""]",1,single_cell,auroc,True,"[""continuous_lsml""]",continuous_lsml,iu_pcr,0.5209919645873833,0.5206969410589508,-0.0002950235284324698,-0.010042120901863762,0.009127190249007938,-0.0002950235284324698,-0.010042120901863762,0.009127190249007938,0.5222,source_group,20000,20000,NOT_SEPARATED_FROM_POINT_WINNER_95CI,True,NONE,OK
winner_reference::5670bb160b8840fd6fe1bb5b,external_final_answer::cell::0eda0179232a866f92f04606,external_final_answer,gpqa_k10_negative_stress_v1,cell,gpqa_llama8b_k10,cell,gpqa_llama8b_k10,gpqa,llama8b,k10,"[""gpqa_llama8b_k10""]",1,single_cell,auroc,True,"[""continuous_lsml""]",continuous_lsml,pgrd_a,0.5209919645873833,0.517164003701872,-0.0038279608855112945,-0.00858611448137401,0.0006872539952437789,-0.0038279608855112945,-0.00858611448137401,0.0006872539952437789,0.951,source_group,20000,20000,NOT_SEPARATED_FROM_POINT_WINNER_95CI,True,NONE,OK
winner_reference::5670bb160b8840fd6fe1bb5b,external_final_answer::cell::0eda0179232a866f92f04606,external_final_answer,gpqa_k10_negative_stress_v1,cell,gpqa_llama8b_k10,cell,gpqa_llama8b_k10,gpqa,llama8b,k10,"[""gpqa_llama8b_k10""]",1,single_cell,auroc,True,"[""continuous_lsml""]",continuous_lsml,su_pcr,0.5209919645873833,0.5206810269267118,-0.0003109376606714731,-0.010179581023436737,0.009191363788218766,-0.0003109376606714731,-0.010179581023436737,0.009191363788218766,0.5231,source_group,20000,20000,NOT_SEPARATED_FROM_POINT_WINNER_95CI,True,NONE,OK
winner_reference::5670bb160b8840fd6fe1bb5b,external_final_answer::cell::0eda0179232a866f92f04606,external_final_answer,gpqa_k10_negative_stress_v1,cell,gpqa_llama8b_k10,cell,gpqa_llama8b_k10,gpqa,llama8b,k10,"[""gpqa_llama8b_k10""]",1,single_cell,auroc,True,"[""continuous_lsml""]",continuous_lsml,upcr,0.5209919645873833,0.5177809823671415,-0.0032109822202417426,-0.020283264929222864,0.013322888174763856,-0.0032109822202417426,-0.020283264929222864,0.013322888174763856,0.64425,source_group,20000,20000,NOT_SEPARATED_FROM_POINT_WINNER_95CI,True,NONE,OK
winner_reference::dac9f0404b0cde7eb7c0ce75,external_final_answer::cell::527490bc20e8469372b4a0b1,external_final_answer,gpqa_k10_negative_stress_v1,cell,gpqa_mistral7b_k10,cell,gpqa_mistral7b_k10,gpqa,mistral7b,k10,"[""gpqa_mistral7b_k10""]",1,single_cell,auprc,True,"[""continuous_lsml""]",continuous_lsml,ca_specrage_atomic,0.7372481272302989,0.7337387102726913,-0.0035094169576075362,-0.018322413346775958,0.011375075758289773,-0.0035094169576075362,-0.018322413346775958,0.011375075758289773,0.6707,source_group,20000,20000,NOT_SEPARATED_FROM_POINT_WINNER_95CI,True,NONE,OK
winner_reference::dac9f0404b0cde7eb7c0ce75,external_final_answer::cell::527490bc20e8469372b4a0b1,external_final_answer,gpqa_k10_negative_stress_v1,cell,gpqa_mistral7b_k10,cell,gpqa_mistral7b_k10,gpqa,mistral7b,k10,"[""gpqa_mistral7b_k10""]",1,single_cell,auprc,True,"[""continuous_lsml""]",continuous_lsml,continuous_lsml,0.7372481272302989,0.7372481272302989,0.0,0.0,0.0,0.0,0.0,0.0,1.0,source_group,20000,20000,POINT_WINNER,True,NONE,OK
winner_reference::dac9f0404b0cde7eb7c0ce75,external_final_answer::cell::527490bc20e8469372b4a0b1,external_final_answer,gpqa_k10_negative_stress_v1,cell,gpqa_mistral7b_k10,cell,gpqa_mistral7b_k10,gpqa,mistral7b,k10,"[""gpqa_mistral7b_k10""]",1,single_cell,auprc,True,"[""continuous_lsml""]",continuous_lsml,deem_b3,0.7372481272302989,0.7324179604193795,-0.004830166810919412,-0.02130634211077348,0.011654864254503005,-0.004830166810919412,-0.02130634211077348,0.011654864254503005,0.7081,source_group,20000,20000,NOT_SEPARATED_FROM_POINT_WINNER_95CI,True,NONE,OK
winner_reference::dac9f0404b0cde7eb7c0ce75,external_final_answer::cell::527490bc20e8469372b4a0b1,external_final_answer,gpqa_k10_negative_stress_v1,cell,gpqa_mistral7b_k10,cell,gpqa_mistral7b_k10,gpqa,mistral7b,k10,"[""gpqa_mistral7b_k10""]",1,single_cell,auprc,True,"[""continuous_lsml""]",continuous_lsml,dufs_liu,0.7372481272302989,0.7342050390038641,-0.0030430882264347314,-0.015980967204258765,0.01002234245074363,-0.0030430882264347314,-0.015980967204258765,0.01002234245074363,0.67015,source_group,20000,20000,NOT_SEPARATED_FROM_POINT_WINNER_95CI,True,NONE,OK
winner_reference::dac9f0404b0cde7eb7c0ce75,external_final_answer::cell::527490bc20e8469372b4a0b1,external_final_answer,gpqa_k10_negative_stress_v1,cell,gpqa_mistral7b_k10,cell,gpqa_mistral7b_k10,gpqa,mistral7b,k10,"[""gpqa_mistral7b_k10""]",1,single_cell,auprc,True,"[""continuous_lsml""]",continuous_lsml,dufs_pf_lsml,0.7372481272302989,0.7316319654041983,-0.005616161826100585,-0.032915588276304655,0.022037378484502403,-0.005616161826100585,-0.032915588276304655,0.022037378484502403,0.65,source_group,20000,20000,NOT_SEPARATED_FROM_POINT_WINNER_95CI,True,NONE,OK
winner_reference::dac9f0404b0cde7eb7c0ce75,external_final_answer::cell::527490bc20e8469372b4a0b1,external_final_answer,gpqa_k10_negative_stress_v1,cell,gpqa_mistral7b_k10,cell,gpqa_mistral7b_k10,gpqa,mistral7b,k10,"[""gpqa_mistral7b_k10""]",1,single_cell,auprc,True,"[""continuous_lsml""]",continuous_lsml,dufs_stability_lsml,0.7372481272302989,0.7369109794860551,-0.0003371477442437598,-0.004108376174915026,0.0034695915404536113,-0.0003371477442437598,-0.004108376174915026,0.0034695915404536113,0.5585,source_group,20000,20000,NOT_SEPARATED_FROM_POINT_WINNER_95CI,True,NONE,OK
winner_reference::dac9f0404b0cde7eb7c0ce75,external_final_answer::cell::527490bc20e8469372b4a0b1,external_final_answer,gpqa_k10_negative_stress_v1,cell,gpqa_mistral7b_k10,cell,gpqa_mistral7b_k10,gpqa,mistral7b,k10,"[""gpqa_mistral7b_k10""]",1,single_cell,auprc,True,"[""continuous_lsml""]",continuous_lsml,equal_family_mean,0.7372481272302989,0.7324336468571112,-0.004814480373187657,-0.02120350343522101,0.011584853094063803,-0.004814480373187657,-0.02120350343522101,0.011584853094063803,0.70805,source_group,20000,20000,NOT_SEPARATED_FROM_POINT_WINNER_95CI,True,NONE,OK
winner_reference::dac9f0404b0cde7eb7c0ce75,external_final_answer::cell::527490bc20e8469372b4a0b1,external_final_answer,gpqa_k10_negative_stress_v1,cell,gpqa_mistral7b_k10,cell,gpqa_mistral7b_k10,gpqa,mistral7b,k10,"[""gpqa_mistral7b_k10""]",1,single_cell,auprc,True,"[""continuous_lsml""]",continuous_lsml,equal_feature_mean,0.7372481272302989,0.7352435559196211,-0.002004571310677772,-0.013504081090506085,0.009832337972354858,-0.002004571310677772,-0.013504081090506085,0.009832337972354858,0.624,source_group,20000,20000,NOT_SEPARATED_FROM_POINT_WINNER_95CI,True,NONE,OK
winner_reference::dac9f0404b0cde7eb7c0ce75,external_final_answer::cell::527490bc20e8469372b4a0b1,external_final_answer,gpqa_k10_negative_stress_v1,cell,gpqa_mistral7b_k10,cell,gpqa_mistral7b_k10,gpqa,mistral7b,k10,"[""gpqa_mistral7b_k10""]",1,single_cell,auprc,True,"[""continuous_lsml""]",continuous_lsml,family_nrm_a,0.7372481272302989,0.7319662204830502,-0.00528190674724871,-0.016918975557405132,0.0063223439141330265,-0.00528190674724871,-0.016918975557405132,0.0063223439141330265,0.8073,source_group,20000,20000,NOT_SEPARATED_FROM_POINT_WINNER_95CI,True,NONE,OK
winner_reference::dac9f0404b0cde7eb7c0ce75,external_final_answer::cell::527490bc20e8469372b4a0b1,external_final_answer,gpqa_k10_negative_stress_v1,cell,gpqa_mistral7b_k10,cell,gpqa_mistral7b_k10,gpqa,mistral7b,k10,"[""gpqa_mistral7b_k10""]",1,single_cell,auprc,True,"[""continuous_lsml""]",continuous_lsml,iu_pcr,0.7372481272302989,0.734229638242393,-0.0030184889879059096,-0.015337123592831525,0.009382090256968997,-0.0030184889879059096,-0.015337123592831525,0.009382090256968997,0.67695,source_group,20000,20000,NOT_SEPARATED_FROM_POINT_WINNER_95CI,True,NONE,OK
winner_reference::dac9f0404b0cde7eb7c0ce75,external_final_answer::cell::527490bc20e8469372b4a0b1,external_final_answer,gpqa_k10_negative_stress_v1,cell,gpqa_mistral7b_k10,cell,gpqa_mistral7b_k10,gpqa,mistral7b,k10,"[""gpqa_mistral7b_k10""]",1,single_cell,auprc,True,"[""continuous_lsml""]",continuous_lsml,pgrd_a,0.7372481272302989,0.7317358409598718,-0.0055122862704271025,-0.014724661526169544,0.0034994461195010716,-0.0055122862704271025,-0.014724661526169544,0.0034994461195010716,0.87905,source_group,20000,20000,NOT_SEPARATED_FROM_POINT_WINNER_95CI,True,NONE,OK
winner_reference::dac9f0404b0cde7eb7c0ce75,external_final_answer::cell::527490bc20e8469372b4a0b1,external_final_answer,gpqa_k10_negative_stress_v1,cell,gpqa_mistral7b_k10,cell,gpqa_mistral7b_k10,gpqa,mistral7b,k10,"[""gpqa_mistral7b_k10""]",1,single_cell,auprc,True,"[""continuous_lsml""]",continuous_lsml,su_pcr,0.7372481272302989,0.7343514512713065,-0.002896675958992345,-0.015603051747987495,0.009853798094238274,-0.002896675958992345,-0.015603051747987495,0.009853798094238274,0.6665,source_group,20000,20000,NOT_SEPARATED_FROM_POINT_WINNER_95CI,True,NONE,OK
winner_reference::dac9f0404b0cde7eb7c0ce75,external_final_answer::cell::527490bc20e8469372b4a0b1,external_final_answer,gpqa_k10_negative_stress_v1,cell,gpqa_mistral7b_k10,cell,gpqa_mistral7b_k10,gpqa,mistral7b,k10,"[""gpqa_mistral7b_k10""]",1,single_cell,auprc,True,"[""continuous_lsml""]",continuous_lsml,upcr,0.7372481272302989,0.73336522219032,-0.003882905039978901,-0.018480930813521618,0.011009252250910744,-0.003882905039978901,-0.018480930813521618,0.011009252250910744,0.69155,source_group,20000,20000,NOT_SEPARATED_FROM_POINT_WINNER_95CI,True,NONE,OK
winner_reference::714d5456ee7168f9a6b9109f,external_final_answer::cell::13b508c93d040eb05c7a9bbe,external_final_answer,gpqa_k10_negative_stress_v1,cell,gpqa_mistral7b_k10,cell,gpqa_mistral7b_k10,gpqa,mistral7b,k10,"[""gpqa_mistral7b_k10""]",1,single_cell,aurc_x1000,False,"[""continuous_lsml""]",continuous_lsml,ca_specrage_atomic,732.4923218618109,738.7733267553643,6.281004893553472,-8.072068566087925,19.86171701300061,-6.281004893553472,-19.86171701300061,8.072068566087923,0.8049,source_group,20000,20000,NOT_SEPARATED_FROM_POINT_WINNER_95CI,True,NONE,OK
winner_reference::714d5456ee7168f9a6b9109f,external_final_answer::cell::13b508c93d040eb05c7a9bbe,external_final_answer,gpqa_k10_negative_stress_v1,cell,gpqa_mistral7b_k10,cell,gpqa_mistral7b_k10,gpqa,mistral7b,k10,"[""gpqa_mistral7b_k10""]",1,single_cell,aurc_x1000,False,"[""continuous_lsml""]",continuous_lsml,continuous_lsml,732.4923218618109,732.4923218618109,0.0,0.0,0.0,-0.0,-0.0,0.0,1.0,source_group,20000,20000,POINT_WINNER,True,NONE,OK
winner_reference::714d5456ee7168f9a6b9109f,external_final_answer::cell::13b508c93d040eb05c7a9bbe,external_final_answer,gpqa_k10_negative_stress_v1,cell,gpqa_mistral7b_k10,cell,gpqa_mistral7b_k10,gpqa,mistral7b,k10,"[""gpqa_mistral7b_k10""]",1,single_cell,aurc_x1000,False,"[""continuous_lsml""]",continuous_lsml,deem_b3,732.4923218618109,740.3454956821356,7.853173820324741,-11.355464702398837,26.170129080885715,-7.853173820324741,-26.170129080885737,11.355464702398837,0.78915,source_group,20000,20000,NOT_SEPARATED_FROM_POINT_WINNER_95CI,True,NONE,OK
winner_reference::714d5456ee7168f9a6b9109f,external_final_answer::cell::13b508c93d040eb05c7a9bbe,external_final_answer,gpqa_k10_negative_stress_v1,cell,gpqa_mistral7b_k10,cell,gpqa_mistral7b_k10,gpqa,mistral7b,k10,"[""gpqa_mistral7b_k10""]",1,single_cell,aurc_x1000,False,"[""continuous_lsml""]",continuous_lsml,dufs_liu,732.4923218618109,737.8194242883656,5.3271024265546885,-6.932957834677333,16.78606565992739,-5.3271024265546885,-16.786065659927417,6.9329578346773175,0.8032,source_group,20000,20000,NOT_SEPARATED_FROM_POINT_WINNER_95CI,True,NONE,OK
winner_reference::714d5456ee7168f9a6b9109f,external_final_answer::cell::13b508c93d040eb05c7a9bbe,external_final_answer,gpqa_k10_negative_stress_v1,cell,gpqa_mistral7b_k10,cell,gpqa_mistral7b_k10,gpqa,mistral7b,k10,"[""gpqa_mistral7b_k10""]",1,single_cell,aurc_x1000,False,"[""continuous_lsml""]",continuous_lsml,dufs_pf_lsml,732.4923218618109,735.5021526647828,3.009830802971919,-29.235072311988542,34.67268178222835,-3.009830802971919,-34.67268178222835,29.235072311988496,0.5746,source_group,20000,20000,NOT_SEPARATED_FROM_POINT_WINNER_95CI,True,NONE,OK
winner_reference::714d5456ee7168f9a6b9109f,external_final_answer::cell::13b508c93d040eb05c7a9bbe,external_final_answer,gpqa_k10_negative_stress_v1,cell,gpqa_mistral7b_k10,cell,gpqa_mistral7b_k10,gpqa,mistral7b,k10,"[""gpqa_mistral7b_k10""]",1,single_cell,aurc_x1000,False,"[""continuous_lsml""]",continuous_lsml,dufs_stability_lsml,732.4923218618109,733.2091011425803,0.7167792807694013,-3.1048462660523257,4.74061771008437,-0.7167792807694013,-4.7406177100843765,3.1048462660523204,0.6444,source_group,20000,20000,NOT_SEPARATED_FROM_POINT_WINNER_95CI,True,NONE,OK
winner_reference::714d5456ee7168f9a6b9109f,external_final_answer::cell::13b508c93d040eb05c7a9bbe,external_final_answer,gpqa_k10_negative_stress_v1,cell,gpqa_mistral7b_k10,cell,gpqa_mistral7b_k10,gpqa,mistral7b,k10,"[""gpqa_mistral7b_k10""]",1,single_cell,aurc_x1000,False,"[""continuous_lsml""]",continuous_lsml,equal_family_mean,732.4923218618109,740.3312531779445,7.838931316133653,-11.474006237544588,26.37785276534808,-7.838931316133653,-26.377852765348088,11.47400623754457,0.78785,source_group,20000,20000,NOT_SEPARATED_FROM_POINT_WINNER_95CI,True,NONE,OK
winner_reference::714d5456ee7168f9a6b9109f,external_final_answer::cell::13b508c93d040eb05c7a9bbe,external_final_answer,gpqa_k10_negative_stress_v1,cell,gpqa_mistral7b_k10,cell,gpqa_mistral7b_k10,gpqa,mistral7b,k10,"[""gpqa_mistral7b_k10""]",1,single_cell,aurc_x1000,False,"[""continuous_lsml""]",continuous_lsml,equal_feature_mean,732.4923218618109,734.638758945226,2.146437083415094,-10.177747266072283,14.295643281350507,-2.146437083415094,-14.295643281350513,10.177747266072274,0.6317,source_group,20000,20000,NOT_SEPARATED_FROM_POINT_WINNER_95CI,True,NONE,OK
winner_reference::714d5456ee7168f9a6b9109f,external_final_answer::cell::13b508c93d040eb05c7a9bbe,external_final_answer,gpqa_k10_negative_stress_v1,cell,gpqa_mistral7b_k10,cell,gpqa_mistral7b_k10,gpqa,mistral7b,k10,"[""gpqa_mistral7b_k10""]",1,single_cell,aurc_x1000,False,"[""continuous_lsml""]",continuous_lsml,family_nrm_a,732.4923218618109,733.6296470740024,1.137325212191513,-10.589015959504499,12.544454792312015,-1.137325212191513,-12.54445479231203,10.589015959504467,0.57325,source_group,20000,20000,NOT_SEPARATED_FROM_POINT_WINNER_95CI,True,NONE,OK
winner_reference::714d5456ee7168f9a6b9109f,external_final_answer::cell::13b508c93d040eb05c7a9bbe,external_final_answer,gpqa_k10_negative_stress_v1,cell,gpqa_mistral7b_k10,cell,gpqa_mistral7b_k10,gpqa,mistral7b,k10,"[""gpqa_mistral7b_k10""]",1,single_cell,aurc_x1000,False,"[""continuous_lsml""]",continuous_lsml,iu_pcr,732.4923218618109,737.5842662867198,5.091944424908888,-6.36946571484882,15.882357431698432,-5.091944424908888,-15.882357431698432,6.369465714848766,0.80815,source_group,20000,20000,NOT_SEPARATED_FROM_POINT_WINNER_95CI,True,NONE,OK
winner_reference::714d5456ee7168f9a6b9109f,external_final_answer::cell::13b508c93d040eb05c7a9bbe,external_final_answer,gpqa_k10_negative_stress_v1,cell,gpqa_mistral7b_k10,cell,gpqa_mistral7b_k10,gpqa,mistral7b,k10,"[""gpqa_mistral7b_k10""]",1,single_cell,aurc_x1000,False,"[""continuous_lsml""]",continuous_lsml,pgrd_a,732.4923218618109,734.5765315191406,2.0842096573297795,-6.66721034955111,10.485293544884414,-2.0842096573297795,-10.485293544884419,6.667210349551086,0.67615,source_group,20000,20000,NOT_SEPARATED_FROM_POINT_WINNER_95CI,True,NONE,OK
winner_reference::714d5456ee7168f9a6b9109f,external_final_answer::cell::13b508c93d040eb05c7a9bbe,external_final_answer,gpqa_k10_negative_stress_v1,cell,gpqa_mistral7b_k10,cell,gpqa_mistral7b_k10,gpqa,mistral7b,k10,"[""gpqa_mistral7b_k10""]",1,single_cell,aurc_x1000,False,"[""continuous_lsml""]",continuous_lsml,su_pcr,732.4923218618109,737.7465645789764,5.254242717165539,-6.6939162681995725,16.40143501167352,-5.254242717165539,-16.40143501167356,6.693916268199571,0.8067,source_group,20000,20000,NOT_SEPARATED_FROM_POINT_WINNER_95CI,True,NONE,OK
winner_reference::714d5456ee7168f9a6b9109f,external_final_answer::cell::13b508c93d040eb05c7a9bbe,external_final_answer,gpqa_k10_negative_stress_v1,cell,gpqa_mistral7b_k10,cell,gpqa_mistral7b_k10,gpqa,mistral7b,k10,"[""gpqa_mistral7b_k10""]",1,single_cell,aurc_x1000,False,"[""continuous_lsml""]",continuous_lsml,upcr,732.4923218618109,739.0461479476741,6.553826085863193,-7.597866177056534,19.953526455550765,-6.553826085863193,-19.95352645555077,7.597866177056529,0.8203,source_group,20000,20000,NOT_SEPARATED_FROM_POINT_WINNER_95CI,True,NONE,OK
winner_reference::d24f3417edac048ebae74bc3,external_final_answer::cell::e435d03a12751c6b886a5a0a,external_final_answer,gpqa_k10_negative_stress_v1,cell,gpqa_mistral7b_k10,cell,gpqa_mistral7b_k10,gpqa,mistral7b,k10,"[""gpqa_mistral7b_k10""]",1,single_cell,auroc,True,"[""continuous_lsml""]",continuous_lsml,ca_specrage_atomic,0.506464780207797,0.5013040543766801,-0.005160725831116819,-0.027617116788247114,0.017980851231660294,-0.005160725831116819,-0.027617116788247114,0.017980851231660294,0.67175,source_group,20000,20000,NOT_SEPARATED_FROM_POINT_WINNER_95CI,True,NONE,OK
winner_reference::d24f3417edac048ebae74bc3,external_final_answer::cell::e435d03a12751c6b886a5a0a,external_final_answer,gpqa_k10_negative_stress_v1,cell,gpqa_mistral7b_k10,cell,gpqa_mistral7b_k10,gpqa,mistral7b,k10,"[""gpqa_mistral7b_k10""]",1,single_cell,auroc,True,"[""continuous_lsml""]",continuous_lsml,continuous_lsml,0.506464780207797,0.506464780207797,0.0,0.0,0.0,0.0,0.0,0.0,1.0,source_group,20000,20000,POINT_WINNER,True,NONE,OK
winner_reference::d24f3417edac048ebae74bc3,external_final_answer::cell::e435d03a12751c6b886a5a0a,external_final_answer,gpqa_k10_negative_stress_v1,cell,gpqa_mistral7b_k10,cell,gpqa_mistral7b_k10,gpqa,mistral7b,k10,"[""gpqa_mistral7b_k10""]",1,single_cell,auroc,True,"[""continuous_lsml""]",continuous_lsml,deem_b3,0.506464780207797,0.49820813507964345,-0.008256645128153495,-0.03464570518666939,0.018454482829569466,-0.008256645128153495,-0.03464570518666939,0.018454482829569466,0.7289,source_group,20000,20000,NOT_SEPARATED_FROM_POINT_WINNER_95CI,True,NONE,OK
winner_reference::d24f3417edac048ebae74bc3,external_final_answer::cell::e435d03a12751c6b886a5a0a,external_final_answer,gpqa_k10_negative_stress_v1,cell,gpqa_mistral7b_k10,cell,gpqa_mistral7b_k10,gpqa,mistral7b,k10,"[""gpqa_mistral7b_k10""]",1,single_cell,auroc,True,"[""continuous_lsml""]",continuous_lsml,dufs_liu,0.506464780207797,0.5022977425212063,-0.004167037686590658,-0.023713309024587424,0.016035363311690552,-0.004167037686590658,-0.023713309024587424,0.016035363311690552,0.6597,source_group,20000,20000,NOT_SEPARATED_FROM_POINT_WINNER_95CI,True,NONE,OK
winner_reference::d24f3417edac048ebae74bc3,external_final_answer::cell::e435d03a12751c6b886a5a0a,external_final_answer,gpqa_k10_negative_stress_v1,cell,gpqa_mistral7b_k10,cell,gpqa_mistral7b_k10,gpqa,mistral7b,k10,"[""gpqa_mistral7b_k10""]",1,single_cell,auroc,True,"[""continuous_lsml""]",continuous_lsml,dufs_pf_lsml,0.506464780207797,0.49662984858515585,-0.009834931622641097,-0.05366853387405194,0.0352500503254548,-0.009834931622641097,-0.05366853387405194,0.0352500503254548,0.6687,source_group,20000,20000,NOT_SEPARATED_FROM_POINT_WINNER_95CI,True,NONE,OK
winner_reference::d24f3417edac048ebae74bc3,external_final_answer::cell::e435d03a12751c6b886a5a0a,external_final_answer,gpqa_k10_negative_stress_v1,cell,gpqa_mistral7b_k10,cell,gpqa_mistral7b_k10,gpqa,mistral7b,k10,"[""gpqa_mistral7b_k10""]",1,single_cell,auroc,True,"[""continuous_lsml""]",continuous_lsml,dufs_stability_lsml,0.506464780207797,0.5050349016829463,-0.0014298785248506585,-0.007285461491650743,0.004329204883173419,-0.0014298785248506585,-0.007285461491650743,0.004329204883173419,0.68085,source_group,20000,20000,NOT_SEPARATED_FROM_POINT_WINNER_95CI,True,NONE,OK
winner_reference::d24f3417edac048ebae74bc3,external_final_answer::cell::e435d03a12751c6b886a5a0a,external_final_answer,gpqa_k10_negative_stress_v1,cell,gpqa_mistral7b_k10,cell,gpqa_mistral7b_k10,gpqa,mistral7b,k10,"[""gpqa_mistral7b_k10""]",1,single_cell,auroc,True,"[""continuous_lsml""]",continuous_lsml,equal_family_mean,0.506464780207797,0.4981358668509507,-0.008328913356846268,-0.034682133016935526,0.01826756492656503,-0.008328913356846268,-0.034682133016935526,0.01826756492656503,0.73055,source_group,20000,20000,NOT_SEPARATED_FROM_POINT_WINNER_95CI,True,NONE,OK
winner_reference::d24f3417edac048ebae74bc3,external_final_answer::cell::e435d03a12751c6b886a5a0a,external_final_answer,gpqa_k10_negative_stress_v1,cell,gpqa_mistral7b_k10,cell,gpqa_mistral7b_k10,gpqa,mistral7b,k10,"[""gpqa_mistral7b_k10""]",1,single_cell,auroc,True,"[""continuous_lsml""]",continuous_lsml,equal_feature_mean,0.506464780207797,0.5056298240655782,-0.0008349561422187346,-0.019187033515699444,0.01807095490588863,-0.0008349561422187346,-0.019187033515699444,0.01807095490588863,0.53575,source_group,20000,20000,NOT_SEPARATED_FROM_POINT_WINNER_95CI,True,NONE,OK
winner_reference::d24f3417edac048ebae74bc3,external_final_answer::cell::e435d03a12751c6b886a5a0a,external_final_answer,gpqa_k10_negative_stress_v1,cell,gpqa_mistral7b_k10,cell,gpqa_mistral7b_k10,gpqa,mistral7b,k10,"[""gpqa_mistral7b_k10""]",1,single_cell,auroc,True,"[""continuous_lsml""]",continuous_lsml,family_nrm_a,0.506464780207797,0.5023325861314689,-0.004132194076328033,-0.02276141316739645,0.014888621208827637,-0.004132194076328033,-0.02276141316739645,0.014888621208827637,0.66645,source_group,20000,20000,NOT_SEPARATED_FROM_POINT_WINNER_95CI,True,NONE,OK
winner_reference::d24f3417edac048ebae74bc3,external_final_answer::cell::e435d03a12751c6b886a5a0a,external_final_answer,gpqa_k10_negative_stress_v1,cell,gpqa_mistral7b_k10,cell,gpqa_mistral7b_k10,gpqa,mistral7b,k10,"[""gpqa_mistral7b_k10""]",1,single_cell,auroc,True,"[""continuous_lsml""]",continuous_lsml,iu_pcr,0.506464780207797,0.502479703597022,-0.0039850766107749624,-0.022628784477490366,0.015201680260263464,-0.0039850766107749624,-0.022628784477490366,0.015201680260263464,0.66025,source_group,20000,20000,NOT_SEPARATED_FROM_POINT_WINNER_95CI,True,NONE,OK
winner_reference::d24f3417edac048ebae74bc3,external_final_answer::cell::e435d03a12751c6b886a5a0a,external_final_answer,gpqa_k10_negative_stress_v1,cell,gpqa_mistral7b_k10,cell,gpqa_mistral7b_k10,gpqa,mistral7b,k10,"[""gpqa_mistral7b_k10""]",1,single_cell,auroc,True,"[""continuous_lsml""]",continuous_lsml,pgrd_a,0.506464780207797,0.501744116269256,-0.004720663938540981,-0.018791152819286335,0.009487591876934527,-0.004720663938540981,-0.018791152819286335,0.009487591876934527,0.74335,source_group,20000,20000,NOT_SEPARATED_FROM_POINT_WINNER_95CI,True,NONE,OK
winner_reference::d24f3417edac048ebae74bc3,external_final_answer::cell::e435d03a12751c6b886a5a0a,external_final_answer,gpqa_k10_negative_stress_v1,cell,gpqa_mistral7b_k10,cell,gpqa_mistral7b_k10,gpqa,mistral7b,k10,"[""gpqa_mistral7b_k10""]",1,single_cell,auroc,True,"[""continuous_lsml""]",continuous_lsml,su_pcr,0.506464780207797,0.5023429101641392,-0.004121870043657716,-0.023297150674135136,0.015621685311689672,-0.004121870043657716,-0.023297150674135136,0.015621685311689672,0.661,source_group,20000,20000,NOT_SEPARATED_FROM_POINT_WINNER_95CI,True,NONE,OK
winner_reference::d24f3417edac048ebae74bc3,external_final_answer::cell::e435d03a12751c6b886a5a0a,external_final_answer,gpqa_k10_negative_stress_v1,cell,gpqa_mistral7b_k10,cell,gpqa_mistral7b_k10,gpqa,mistral7b,k10,"[""gpqa_mistral7b_k10""]",1,single_cell,auroc,True,"[""continuous_lsml""]",continuous_lsml,upcr,0.506464780207797,0.5008691545004395,-0.005595625707357499,-0.027664233120492356,0.017235730034985255,-0.005595625707357499,-0.027664233120492356,0.017235730034985255,0.68885,source_group,20000,20000,NOT_SEPARATED_FROM_POINT_WINNER_95CI,True,NONE,OK
winner_reference::85474db5a48406aa77502021,external_final_answer::cell::6c7841071bed0df791186976,external_final_answer,gpqa_k10_negative_stress_v1,cell,gpqa_qwen72b_k10,cell,gpqa_qwen72b_k10,gpqa,qwen72b,k10,"[""gpqa_qwen72b_k10""]",1,single_cell,auprc,True,"[""equal_family_mean""]",equal_family_mean,ca_specrage_atomic,0.6297007535282675,0.5725836839745353,-0.05711706955373219,-0.08848263417074415,-0.0264526804276929,-0.05711706955373219,-0.08848263417074415,-0.0264526804276929,0.99965,source_group,20000,20000,SEPARATED_FROM_POINT_WINNER_95CI,False,NONE,OK
winner_reference::85474db5a48406aa77502021,external_final_answer::cell::6c7841071bed0df791186976,external_final_answer,gpqa_k10_negative_stress_v1,cell,gpqa_qwen72b_k10,cell,gpqa_qwen72b_k10,gpqa,qwen72b,k10,"[""gpqa_qwen72b_k10""]",1,single_cell,auprc,True,"[""equal_family_mean""]",equal_family_mean,continuous_lsml,0.6297007535282675,0.5049048818823862,-0.12479587164588124,-0.17711603603363946,-0.0680729084915201,-0.12479587164588124,-0.17711603603363946,-0.0680729084915201,1.0,source_group,20000,20000,SEPARATED_FROM_POINT_WINNER_95CI,False,NONE,OK
winner_reference::85474db5a48406aa77502021,external_final_answer::cell::6c7841071bed0df791186976,external_final_answer,gpqa_k10_negative_stress_v1,cell,gpqa_qwen72b_k10,cell,gpqa_qwen72b_k10,gpqa,qwen72b,k10,"[""gpqa_qwen72b_k10""]",1,single_cell,auprc,True,"[""equal_family_mean""]",equal_family_mean,deem_b3,0.6297007535282675,0.627742697916755,-0.0019580556115125214,-0.0032160172458429114,-0.0005962584815747395,-0.0019580556115125214,-0.0032160172458429114,-0.0005962584815747395,0.998,source_group,20000,20000,SEPARATED_FROM_POINT_WINNER_95CI,False,NONE,OK
winner_reference::85474db5a48406aa77502021,external_final_answer::cell::6c7841071bed0df791186976,external_final_answer,gpqa_k10_negative_stress_v1,cell,gpqa_qwen72b_k10,cell,gpqa_qwen72b_k10,gpqa,qwen72b,k10,"[""gpqa_qwen72b_k10""]",1,single_cell,auprc,True,"[""equal_family_mean""]",equal_family_mean,dufs_liu,0.6297007535282675,0.5984322640242838,-0.03126848950398364,-0.05201439246116152,-0.009933934233205995,-0.03126848950398364,-0.05201439246116152,-0.009933934233205995,0.9986,source_group,20000,20000,SEPARATED_FROM_POINT_WINNER_95CI,False,NONE,OK
winner_reference::85474db5a48406aa77502021,external_final_answer::cell::6c7841071bed0df791186976,external_final_answer,gpqa_k10_negative_stress_v1,cell,gpqa_qwen72b_k10,cell,gpqa_qwen72b_k10,gpqa,qwen72b,k10,"[""gpqa_qwen72b_k10""]",1,single_cell,auprc,True,"[""equal_family_mean""]",equal_family_mean,dufs_pf_lsml,0.6297007535282675,0.5417907046737844,-0.08791004885448306,-0.13153029387617005,-0.0433547453360545,-0.08791004885448306,-0.13153029387617005,-0.0433547453360545,0.9998,source_group,20000,20000,SEPARATED_FROM_POINT_WINNER_95CI,False,NONE,OK
winner_reference::85474db5a48406aa77502021,external_final_answer::cell::6c7841071bed0df791186976,external_final_answer,gpqa_k10_negative_stress_v1,cell,gpqa_qwen72b_k10,cell,gpqa_qwen72b_k10,gpqa,qwen72b,k10,"[""gpqa_qwen72b_k10""]",1,single_cell,auprc,True,"[""equal_family_mean""]",equal_family_mean,dufs_stability_lsml,0.6297007535282675,0.5410804240218998,-0.08862032950636767,-0.13336014634785817,-0.042429764623921014,-0.08862032950636767,-0.13336014634785817,-0.042429764623921014,0.99985,source_group,20000,20000,SEPARATED_FROM_POINT_WINNER_95CI,False,NONE,OK
winner_reference::85474db5a48406aa77502021,external_final_answer::cell::6c7841071bed0df791186976,external_final_answer,gpqa_k10_negative_stress_v1,cell,gpqa_qwen72b_k10,cell,gpqa_qwen72b_k10,gpqa,qwen72b,k10,"[""gpqa_qwen72b_k10""]",1,single_cell,auprc,True,"[""equal_family_mean""]",equal_family_mean,equal_family_mean,0.6297007535282675,0.6297007535282675,0.0,0.0,0.0,0.0,0.0,0.0,1.0,source_group,20000,20000,POINT_WINNER,True,NONE,OK
winner_reference::85474db5a48406aa77502021,external_final_answer::cell::6c7841071bed0df791186976,external_final_answer,gpqa_k10_negative_stress_v1,cell,gpqa_qwen72b_k10,cell,gpqa_qwen72b_k10,gpqa,qwen72b,k10,"[""gpqa_qwen72b_k10""]",1,single_cell,auprc,True,"[""equal_family_mean""]",equal_family_mean,equal_feature_mean,0.6297007535282675,0.6213921443262643,-0.008308609202003159,-0.020591558966680187,0.004111481455638851,-0.008308609202003159,-0.020591558966680187,0.004111481455638851,0.90615,source_group,20000,20000,NOT_SEPARATED_FROM_POINT_WINNER_95CI,True,NONE,OK
winner_reference::85474db5a48406aa77502021,external_final_answer::cell::6c7841071bed0df791186976,external_final_answer,gpqa_k10_negative_stress_v1,cell,gpqa_qwen72b_k10,cell,gpqa_qwen72b_k10,gpqa,qwen72b,k10,"[""gpqa_qwen72b_k10""]",1,single_cell,auprc,True,"[""equal_family_mean""]",equal_family_mean,family_nrm_a,0.6297007535282675,0.6084337062153488,-0.02126704731291873,-0.041092580328837,-0.0008215669599173606,-0.02126704731291873,-0.041092580328837,-0.0008215669599173606,0.9796,source_group,20000,20000,SEPARATED_FROM_POINT_WINNER_95CI,False,NONE,OK
winner_reference::85474db5a48406aa77502021,external_final_answer::cell::6c7841071bed0df791186976,external_final_answer,gpqa_k10_negative_stress_v1,cell,gpqa_qwen72b_k10,cell,gpqa_qwen72b_k10,gpqa,qwen72b,k10,"[""gpqa_qwen72b_k10""]",1,single_cell,auprc,True,"[""equal_family_mean""]",equal_family_mean,iu_pcr,0.6297007535282675,0.6024742768639095,-0.027226476664357957,-0.04754844449573954,-0.006401563314742934,-0.027226476664357957,-0.04754844449573954,-0.006401563314742934,0.99495,source_group,20000,20000,SEPARATED_FROM_POINT_WINNER_95CI,False,NONE,OK
winner_reference::85474db5a48406aa77502021,external_final_answer::cell::6c7841071bed0df791186976,external_final_answer,gpqa_k10_negative_stress_v1,cell,gpqa_qwen72b_k10,cell,gpqa_qwen72b_k10,gpqa,qwen72b,k10,"[""gpqa_qwen72b_k10""]",1,single_cell,auprc,True,"[""equal_family_mean""]",equal_family_mean,pgrd_a,0.6297007535282675,0.5923039356660098,-0.03739681786225768,-0.06172878601001433,-0.012528009412221652,-0.03739681786225768,-0.06172878601001433,-0.012528009412221652,0.9986,source_group,20000,20000,SEPARATED_FROM_POINT_WINNER_95CI,False,NONE,OK
winner_reference::85474db5a48406aa77502021,external_final_answer::cell::6c7841071bed0df791186976,external_final_answer,gpqa_k10_negative_stress_v1,cell,gpqa_qwen72b_k10,cell,gpqa_qwen72b_k10,gpqa,qwen72b,k10,"[""gpqa_qwen72b_k10""]",1,single_cell,auprc,True,"[""equal_family_mean""]",equal_family_mean,su_pcr,0.6297007535282675,0.5968430880860048,-0.03285766544226265,-0.053894679182150566,-0.011318837015198617,-0.03285766544226265,-0.053894679182150566,-0.011318837015198617,0.999,source_group,20000,20000,SEPARATED_FROM_POINT_WINNER_95CI,False,NONE,OK
winner_reference::85474db5a48406aa77502021,external_final_answer::cell::6c7841071bed0df791186976,external_final_answer,gpqa_k10_negative_stress_v1,cell,gpqa_qwen72b_k10,cell,gpqa_qwen72b_k10,gpqa,qwen72b,k10,"[""gpqa_qwen72b_k10""]",1,single_cell,auprc,True,"[""equal_family_mean""]",equal_family_mean,upcr,0.6297007535282675,0.570164387151251,-0.059536366377016536,-0.09272375996404517,-0.026932512769059346,-0.059536366377016536,-0.09272375996404517,-0.026932512769059346,0.99965,source_group,20000,20000,SEPARATED_FROM_POINT_WINNER_95CI,False,NONE,OK
winner_reference::89fc860a9d6c7321b44c000d,external_final_answer::cell::1a7af3ffd198ae75ed483e29,external_final_answer,gpqa_k10_negative_stress_v1,cell,gpqa_qwen72b_k10,cell,gpqa_qwen72b_k10,gpqa,qwen72b,k10,"[""gpqa_qwen72b_k10""]",1,single_cell,aurc_x1000,False,"[""equal_family_mean""]",equal_family_mean,ca_specrage_atomic,466.8777329711753,531.614341347448,64.73660837627267,23.481199474186567,102.53071920512326,-64.73660837627267,-102.53071920512329,-23.481199474186628,0.99905,source_group,20000,20000,SEPARATED_FROM_POINT_WINNER_95CI,False,NONE,OK
winner_reference::89fc860a9d6c7321b44c000d,external_final_answer::cell::1a7af3ffd198ae75ed483e29,external_final_answer,gpqa_k10_negative_stress_v1,cell,gpqa_qwen72b_k10,cell,gpqa_qwen72b_k10,gpqa,qwen72b,k10,"[""gpqa_qwen72b_k10""]",1,single_cell,aurc_x1000,False,"[""equal_family_mean""]",equal_family_mean,continuous_lsml,466.8777329711753,604.0425721841827,137.16483921300744,73.6610311582212,196.4064067414399,-137.16483921300744,-196.40640674143998,-73.66103115822123,1.0,source_group,20000,20000,SEPARATED_FROM_POINT_WINNER_95CI,False,NONE,OK
winner_reference::89fc860a9d6c7321b44c000d,external_final_answer::cell::1a7af3ffd198ae75ed483e29,external_final_answer,gpqa_k10_negative_stress_v1,cell,gpqa_qwen72b_k10,cell,gpqa_qwen72b_k10,gpqa,qwen72b,k10,"[""gpqa_qwen72b_k10""]",1,single_cell,aurc_x1000,False,"[""equal_family_mean""]",equal_family_mean,deem_b3,466.8777329711753,467.7014330200701,0.823700048894807,-0.7593313280116859,2.4988514759426104,-0.823700048894807,-2.498851475942611,0.7593313280116831,0.84745,source_group,20000,20000,NOT_SEPARATED_FROM_POINT_WINNER_95CI,True,NONE,OK
winner_reference::89fc860a9d6c7321b44c000d,external_final_answer::cell::1a7af3ffd198ae75ed483e29,external_final_answer,gpqa_k10_negative_stress_v1,cell,gpqa_qwen72b_k10,cell,gpqa_qwen72b_k10,gpqa,qwen72b,k10,"[""gpqa_qwen72b_k10""]",1,single_cell,aurc_x1000,False,"[""equal_family_mean""]",equal_family_mean,dufs_liu,466.8777329711753,502.7785135219033,35.90078055072797,3.5556192645527407,65.97498645839423,-35.90078055072797,-65.97498645839424,-3.555619264552779,0.9864,source_group,20000,20000,SEPARATED_FROM_POINT_WINNER_95CI,False,NONE,OK
winner_reference::89fc860a9d6c7321b44c000d,external_final_answer::cell::1a7af3ffd198ae75ed483e29,external_final_answer,gpqa_k10_negative_stress_v1,cell,gpqa_qwen72b_k10,cell,gpqa_qwen72b_k10,gpqa,qwen72b,k10,"[""gpqa_qwen72b_k10""]",1,single_cell,aurc_x1000,False,"[""equal_family_mean""]",equal_family_mean,dufs_pf_lsml,466.8777329711753,568.2765614653439,101.39882849416858,50.267321974619236,148.76729042907414,-101.39882849416858,-148.76729042907414,-50.26732197461931,0.99995,source_group,20000,20000,SEPARATED_FROM_POINT_WINNER_95CI,False,NONE,OK
winner_reference::89fc860a9d6c7321b44c000d,external_final_answer::cell::1a7af3ffd198ae75ed483e29,external_final_answer,gpqa_k10_negative_stress_v1,cell,gpqa_qwen72b_k10,cell,gpqa_qwen72b_k10,gpqa,qwen72b,k10,"[""gpqa_qwen72b_k10""]",1,single_cell,aurc_x1000,False,"[""equal_family_mean""]",equal_family_mean,dufs_stability_lsml,466.8777329711753,573.98138046818,107.10364749700466,54.327760513887235,158.0464029093358,-107.10364749700466,-158.04640290933582,-54.3277605138874,0.99995,source_group,20000,20000,SEPARATED_FROM_POINT_WINNER_95CI,False,NONE,OK
winner_reference::89fc860a9d6c7321b44c000d,external_final_answer::cell::1a7af3ffd198ae75ed483e29,external_final_answer,gpqa_k10_negative_stress_v1,cell,gpqa_qwen72b_k10,cell,gpqa_qwen72b_k10,gpqa,qwen72b,k10,"[""gpqa_qwen72b_k10""]",1,single_cell,aurc_x1000,False,"[""equal_family_mean""]",equal_family_mean,equal_family_mean,466.8777329711753,466.8777329711753,0.0,0.0,0.0,-0.0,-0.0,0.0,1.0,source_group,20000,20000,POINT_WINNER,True,NONE,OK
winner_reference::89fc860a9d6c7321b44c000d,external_final_answer::cell::1a7af3ffd198ae75ed483e29,external_final_answer,gpqa_k10_negative_stress_v1,cell,gpqa_qwen72b_k10,cell,gpqa_qwen72b_k10,gpqa,qwen72b,k10,"[""gpqa_qwen72b_k10""]",1,single_cell,aurc_x1000,False,"[""equal_family_mean""]",equal_family_mean,equal_feature_mean,466.8777329711753,473.378537288369,6.500804317193683,-9.79424852902506,23.161887590951462,-6.500804317193683,-23.161887590951473,9.79424852902505,0.78365,source_group,20000,20000,NOT_SEPARATED_FROM_POINT_WINNER_95CI,True,NONE,OK
winner_reference::89fc860a9d6c7321b44c000d,external_final_answer::cell::1a7af3ffd198ae75ed483e29,external_final_answer,gpqa_k10_negative_stress_v1,cell,gpqa_qwen72b_k10,cell,gpqa_qwen72b_k10,gpqa,qwen72b,k10,"[""gpqa_qwen72b_k10""]",1,single_cell,aurc_x1000,False,"[""equal_family_mean""]",equal_family_mean,family_nrm_a,466.8777329711753,484.2474720887173,17.369739117541997,-8.214268705449623,43.299044327023715,-17.369739117541997,-43.299044327023715,8.214268705449616,0.90965,source_group,20000,20000,NOT_SEPARATED_FROM_POINT_WINNER_95CI,True,NONE,OK
winner_reference::89fc860a9d6c7321b44c000d,external_final_answer::cell::1a7af3ffd198ae75ed483e29,external_final_answer,gpqa_k10_negative_stress_v1,cell,gpqa_qwen72b_k10,cell,gpqa_qwen72b_k10,gpqa,qwen72b,k10,"[""gpqa_qwen72b_k10""]",1,single_cell,aurc_x1000,False,"[""equal_family_mean""]",equal_family_mean,iu_pcr,466.8777329711753,497.7089226173059,30.83118964613061,0.15968272694210328,59.62030599186478,-30.83118964613061,-59.62030599186481,-0.15968272694215807,0.97555,source_group,20000,20000,SEPARATED_FROM_POINT_WINNER_95CI,False,NONE,OK
winner_reference::89fc860a9d6c7321b44c000d,external_final_answer::cell::1a7af3ffd198ae75ed483e29,external_final_answer,gpqa_k10_negative_stress_v1,cell,gpqa_qwen72b_k10,cell,gpqa_qwen72b_k10,gpqa,qwen72b,k10,"[""gpqa_qwen72b_k10""]",1,single_cell,aurc_x1000,False,"[""equal_family_mean""]",equal_family_mean,pgrd_a,466.8777329711753,511.7697737080268,44.89204073685147,8.700199744162468,78.12912217232352,-44.89204073685147,-78.12912217232355,-8.700199744162486,0.9937,source_group,20000,20000,SEPARATED_FROM_POINT_WINNER_95CI,False,NONE,OK
winner_reference::89fc860a9d6c7321b44c000d,external_final_answer::cell::1a7af3ffd198ae75ed483e29,external_final_answer,gpqa_k10_negative_stress_v1,cell,gpqa_qwen72b_k10,cell,gpqa_qwen72b_k10,gpqa,qwen72b,k10,"[""gpqa_qwen72b_k10""]",1,single_cell,aurc_x1000,False,"[""equal_family_mean""]",equal_family_mean,su_pcr,466.8777329711753,504.743427461248,37.86569449007271,4.919429274774765,68.49094365713003,-37.86569449007271,-68.49094365713003,-4.9194292747748385,0.98875,source_group,20000,20000,SEPARATED_FROM_POINT_WINNER_95CI,False,NONE,OK
winner_reference::89fc860a9d6c7321b44c000d,external_final_answer::cell::1a7af3ffd198ae75ed483e29,external_final_answer,gpqa_k10_negative_stress_v1,cell,gpqa_qwen72b_k10,cell,gpqa_qwen72b_k10,gpqa,qwen72b,k10,"[""gpqa_qwen72b_k10""]",1,single_cell,aurc_x1000,False,"[""equal_family_mean""]",equal_family_mean,upcr,466.8777329711753,529.5042313920093,62.62649842083397,21.65820771182259,99.98154041669606,-62.62649842083397,-99.98154041669612,-21.658207711822634,0.9989,source_group,20000,20000,SEPARATED_FROM_POINT_WINNER_95CI,False,NONE,OK
winner_reference::49a99987a1fd89cb8d548a01,external_final_answer::cell::807b2a7e3e1e58fa0009dacd,external_final_answer,gpqa_k10_negative_stress_v1,cell,gpqa_qwen72b_k10,cell,gpqa_qwen72b_k10,gpqa,qwen72b,k10,"[""gpqa_qwen72b_k10""]",1,single_cell,auroc,True,"[""equal_family_mean""]",equal_family_mean,ca_specrage_atomic,0.6044386166676483,0.5294235564111228,-0.07501506025652549,-0.1130390388005453,-0.036888950195268985,-0.07501506025652549,-0.1130390388005453,-0.036888950195268985,0.99995,source_group,20000,20000,SEPARATED_FROM_POINT_WINNER_95CI,False,NONE,OK
winner_reference::49a99987a1fd89cb8d548a01,external_final_answer::cell::807b2a7e3e1e58fa0009dacd,external_final_answer,gpqa_k10_negative_stress_v1,cell,gpqa_qwen72b_k10,cell,gpqa_qwen72b_k10,gpqa,qwen72b,k10,"[""gpqa_qwen72b_k10""]",1,single_cell,auroc,True,"[""equal_family_mean""]",equal_family_mean,continuous_lsml,0.6044386166676483,0.4443431816561426,-0.1600954350115057,-0.22637063611632063,-0.09266501185076031,-0.1600954350115057,-0.22637063611632063,-0.09266501185076031,1.0,source_group,20000,20000,SEPARATED_FROM_POINT_WINNER_95CI,False,NONE,OK
winner_reference::49a99987a1fd89cb8d548a01,external_final_answer::cell::807b2a7e3e1e58fa0009dacd,external_final_answer,gpqa_k10_negative_stress_v1,cell,gpqa_qwen72b_k10,cell,gpqa_qwen72b_k10,gpqa,qwen72b,k10,"[""gpqa_qwen72b_k10""]",1,single_cell,auroc,True,"[""equal_family_mean""]",equal_family_mean,deem_b3,0.6044386166676483,0.6022232348501052,-0.002215381817543105,-0.003997175497562613,-0.0004617943987310638,-0.002215381817543105,-0.003997175497562613,-0.0004617943987310638,0.9939,source_group,20000,20000,SEPARATED_FROM_POINT_WINNER_95CI,False,NONE,OK
winner_reference::49a99987a1fd89cb8d548a01,external_final_answer::cell::807b2a7e3e1e58fa0009dacd,external_final_answer,gpqa_k10_negative_stress_v1,cell,gpqa_qwen72b_k10,cell,gpqa_qwen72b_k10,gpqa,qwen72b,k10,"[""gpqa_qwen72b_k10""]",1,single_cell,auroc,True,"[""equal_family_mean""]",equal_family_mean,dufs_liu,0.6044386166676483,0.5636245465132019,-0.04081407015444638,-0.0686813167811664,-0.013120890619396726,-0.04081407015444638,-0.0686813167811664,-0.013120890619396726,0.9979,source_group,20000,20000,SEPARATED_FROM_POINT_WINNER_95CI,False,NONE,OK
winner_reference::49a99987a1fd89cb8d548a01,external_final_answer::cell::807b2a7e3e1e58fa0009dacd,external_final_answer,gpqa_k10_negative_stress_v1,cell,gpqa_qwen72b_k10,cell,gpqa_qwen72b_k10,gpqa,qwen72b,k10,"[""gpqa_qwen72b_k10""]",1,single_cell,auroc,True,"[""equal_family_mean""]",equal_family_mean,dufs_pf_lsml,0.6044386166676483,0.49071120576081934,-0.11372741090682897,-0.1664050977263263,-0.06105534452822723,-0.11372741090682897,-0.1664050977263263,-0.06105534452822723,0.99995,source_group,20000,20000,SEPARATED_FROM_POINT_WINNER_95CI,False,NONE,OK
winner_reference::49a99987a1fd89cb8d548a01,external_final_answer::cell::807b2a7e3e1e58fa0009dacd,external_final_answer,gpqa_k10_negative_stress_v1,cell,gpqa_qwen72b_k10,cell,gpqa_qwen72b_k10,gpqa,qwen72b,k10,"[""gpqa_qwen72b_k10""]",1,single_cell,auroc,True,"[""equal_family_mean""]",equal_family_mean,dufs_stability_lsml,0.6044386166676483,0.48698928164384636,-0.11744933502380195,-0.17153661440324428,-0.06289143333609502,-0.11744933502380195,-0.17153661440324428,-0.06289143333609502,0.99995,source_group,20000,20000,SEPARATED_FROM_POINT_WINNER_95CI,False,NONE,OK
winner_reference::49a99987a1fd89cb8d548a01,external_final_answer::cell::807b2a7e3e1e58fa0009dacd,external_final_answer,gpqa_k10_negative_stress_v1,cell,gpqa_qwen72b_k10,cell,gpqa_qwen72b_k10,gpqa,qwen72b,k10,"[""gpqa_qwen72b_k10""]",1,single_cell,auroc,True,"[""equal_family_mean""]",equal_family_mean,equal_family_mean,0.6044386166676483,0.6044386166676483,0.0,0.0,0.0,0.0,0.0,0.0,1.0,source_group,20000,20000,POINT_WINNER,True,NONE,OK
winner_reference::49a99987a1fd89cb8d548a01,external_final_answer::cell::807b2a7e3e1e58fa0009dacd,external_final_answer,gpqa_k10_negative_stress_v1,cell,gpqa_qwen72b_k10,cell,gpqa_qwen72b_k10,gpqa,qwen72b,k10,"[""gpqa_qwen72b_k10""]",1,single_cell,auroc,True,"[""equal_family_mean""]",equal_family_mean,equal_feature_mean,0.6044386166676483,0.5902607930116277,-0.014177823656020605,-0.02950451141705997,0.0013074040751656127,-0.014177823656020605,-0.02950451141705997,0.0013074040751656127,0.96435,source_group,20000,20000,NOT_SEPARATED_FROM_POINT_WINNER_95CI,True,NONE,OK
winner_reference::49a99987a1fd89cb8d548a01,external_final_answer::cell::807b2a7e3e1e58fa0009dacd,external_final_answer,gpqa_k10_negative_stress_v1,cell,gpqa_qwen72b_k10,cell,gpqa_qwen72b_k10,gpqa,qwen72b,k10,"[""gpqa_qwen72b_k10""]",1,single_cell,auroc,True,"[""equal_family_mean""]",equal_family_mean,family_nrm_a,0.6044386166676483,0.5777403725437316,-0.026698244123916748,-0.05252133919850782,-0.0010021667899963028,-0.026698244123916748,-0.05252133919850782,-0.0010021667899963028,0.9789,source_group,20000,20000,SEPARATED_FROM_POINT_WINNER_95CI,False,NONE,OK
winner_reference::49a99987a1fd89cb8d548a01,external_final_answer::cell::807b2a7e3e1e58fa0009dacd,external_final_answer,gpqa_k10_negative_stress_v1,cell,gpqa_qwen72b_k10,cell,gpqa_qwen72b_k10,gpqa,qwen72b,k10,"[""gpqa_qwen72b_k10""]",1,single_cell,auroc,True,"[""equal_family_mean""]",equal_family_mean,iu_pcr,0.6044386166676483,0.5697674779055962,-0.03467113876205208,-0.06139581146113906,-0.007632420209041492,-0.03467113876205208,-0.06139581146113906,-0.007632420209041492,0.9946,source_group,20000,20000,SEPARATED_FROM_POINT_WINNER_95CI,False,NONE,OK
winner_reference::49a99987a1fd89cb8d548a01,external_final_answer::cell::807b2a7e3e1e58fa0009dacd,external_final_answer,gpqa_k10_negative_stress_v1,cell,gpqa_qwen72b_k10,cell,gpqa_qwen72b_k10,gpqa,qwen72b,k10,"[""gpqa_qwen72b_k10""]",1,single_cell,auroc,True,"[""equal_family_mean""]",equal_family_mean,pgrd_a,0.6044386166676483,0.553558198720989,-0.05088041794665932,-0.08233946331661873,-0.019324355597068372,-0.05088041794665932,-0.08233946331661873,-0.019324355597068372,0.99935,source_group,20000,20000,SEPARATED_FROM_POINT_WINNER_95CI,False,NONE,OK
winner_reference::49a99987a1fd89cb8d548a01,external_final_answer::cell::807b2a7e3e1e58fa0009dacd,external_final_answer,gpqa_k10_negative_stress_v1,cell,gpqa_qwen72b_k10,cell,gpqa_qwen72b_k10,gpqa,qwen72b,k10,"[""gpqa_qwen72b_k10""]",1,single_cell,auroc,True,"[""equal_family_mean""]",equal_family_mean,su_pcr,0.6044386166676483,0.5612944690885006,-0.04314414757914775,-0.07144056145563167,-0.014969474294447106,-0.04314414757914775,-0.07144056145563167,-0.014969474294447106,0.9986,source_group,20000,20000,SEPARATED_FROM_POINT_WINNER_95CI,False,NONE,OK
winner_reference::49a99987a1fd89cb8d548a01,external_final_answer::cell::807b2a7e3e1e58fa0009dacd,external_final_answer,gpqa_k10_negative_stress_v1,cell,gpqa_qwen72b_k10,cell,gpqa_qwen72b_k10,gpqa,qwen72b,k10,"[""gpqa_qwen72b_k10""]",1,single_cell,auroc,True,"[""equal_family_mean""]",equal_family_mean,upcr,0.6044386166676483,0.5280833744067602,-0.07635524226088808,-0.11574462194228301,-0.03715642224240158,-0.07635524226088808,-0.11574462194228301,-0.03715642224240158,0.99995,source_group,20000,20000,SEPARATED_FROM_POINT_WINNER_95CI,False,NONE,OK
winner_reference::7ebf25e2b776528a939c5b3e,external_final_answer::cell::fd7ac4f03fb542b674ba5320,external_final_answer,hle_qwen72b_interim_v1,cell,hle_qwen25_72b_interim,cell,hle_qwen25_72b_interim,hle,qwen25_72b,interim_codex_judge,"[""hle_qwen25_72b_interim""]",1,single_cell,auprc,True,"[""su_pcr""]",su_pcr,ca_specrage_atomic,0.9797270595858832,0.9660485809687815,-0.013678478617101697,-0.022035003486890522,-0.005119153124560938,-0.013678478617101697,-0.022035003486890522,-0.005119153124560938,0.9992,source_group,20000,20000,SEPARATED_FROM_POINT_WINNER_95CI,False,NONE,OK
winner_reference::7ebf25e2b776528a939c5b3e,external_final_answer::cell::fd7ac4f03fb542b674ba5320,external_final_answer,hle_qwen72b_interim_v1,cell,hle_qwen25_72b_interim,cell,hle_qwen25_72b_interim,hle,qwen25_72b,interim_codex_judge,"[""hle_qwen25_72b_interim""]",1,single_cell,auprc,True,"[""su_pcr""]",su_pcr,continuous_lsml,0.9797270595858832,0.9572147990360781,-0.022512260549805152,-0.03395339091894541,-0.011147781759448926,-0.022512260549805152,-0.03395339091894541,-0.011147781759448926,0.99995,source_group,20000,20000,SEPARATED_FROM_POINT_WINNER_95CI,False,NONE,OK
winner_reference::7ebf25e2b776528a939c5b3e,external_final_answer::cell::fd7ac4f03fb542b674ba5320,external_final_answer,hle_qwen72b_interim_v1,cell,hle_qwen25_72b_interim,cell,hle_qwen25_72b_interim,hle,qwen25_72b,interim_codex_judge,"[""hle_qwen25_72b_interim""]",1,single_cell,auprc,True,"[""su_pcr""]",su_pcr,deem_b3,0.9797270595858832,0.9706834641997233,-0.009043595386159953,-0.01641635693809684,-0.001759618871597062,-0.009043595386159953,-0.01641635693809684,-0.001759618871597062,0.99265,source_group,20000,20000,SEPARATED_FROM_POINT_WINNER_95CI,False,NONE,OK
winner_reference::7ebf25e2b776528a939c5b3e,external_final_answer::cell::fd7ac4f03fb542b674ba5320,external_final_answer,hle_qwen72b_interim_v1,cell,hle_qwen25_72b_interim,cell,hle_qwen25_72b_interim,hle,qwen25_72b,interim_codex_judge,"[""hle_qwen25_72b_interim""]",1,single_cell,auprc,True,"[""su_pcr""]",su_pcr,dufs_liu,0.9797270595858832,0.9709017822013275,-0.00882527738455574,-0.01583213691639563,-0.0017985416724247113,-0.00882527738455574,-0.01583213691639563,-0.0017985416724247113,0.99315,source_group,20000,20000,SEPARATED_FROM_POINT_WINNER_95CI,False,NONE,OK
winner_reference::7ebf25e2b776528a939c5b3e,external_final_answer::cell::fd7ac4f03fb542b674ba5320,external_final_answer,hle_qwen72b_interim_v1,cell,hle_qwen25_72b_interim,cell,hle_qwen25_72b_interim,hle,qwen25_72b,interim_codex_judge,"[""hle_qwen25_72b_interim""]",1,single_cell,auprc,True,"[""su_pcr""]",su_pcr,dufs_pf_lsml,0.9797270595858832,0.9604297620050132,-0.019297297580870065,-0.02921271952939662,-0.00931172070002042,-0.019297297580870065,-0.02921271952939662,-0.00931172070002042,0.9999,source_group,20000,20000,SEPARATED_FROM_POINT_WINNER_95CI,False,NONE,OK
winner_reference::7ebf25e2b776528a939c5b3e,external_final_answer::cell::fd7ac4f03fb542b674ba5320,external_final_answer,hle_qwen72b_interim_v1,cell,hle_qwen25_72b_interim,cell,hle_qwen25_72b_interim,hle,qwen25_72b,interim_codex_judge,"[""hle_qwen25_72b_interim""]",1,single_cell,auprc,True,"[""su_pcr""]",su_pcr,dufs_stability_lsml,0.9797270595858832,0.9609084407346797,-0.018818618851203506,-0.02860343789090746,-0.008963232879646899,-0.018818618851203506,-0.02860343789090746,-0.008963232879646899,0.9999,source_group,20000,20000,SEPARATED_FROM_POINT_WINNER_95CI,False,NONE,OK
winner_reference::7ebf25e2b776528a939c5b3e,external_final_answer::cell::fd7ac4f03fb542b674ba5320,external_final_answer,hle_qwen72b_interim_v1,cell,hle_qwen25_72b_interim,cell,hle_qwen25_72b_interim,hle,qwen25_72b,interim_codex_judge,"[""hle_qwen25_72b_interim""]",1,single_cell,auprc,True,"[""su_pcr""]",su_pcr,equal_family_mean,0.9797270595858832,0.9709331042060547,-0.008793955379828522,-0.016050319785426016,-0.0016108640280545065,-0.008793955379828522,-0.016050319785426016,-0.0016108640280545065,0.99205,source_group,20000,20000,SEPARATED_FROM_POINT_WINNER_95CI,False,NONE,OK
winner_reference::7ebf25e2b776528a939c5b3e,external_final_answer::cell::fd7ac4f03fb542b674ba5320,external_final_answer,hle_qwen72b_interim_v1,cell,hle_qwen25_72b_interim,cell,hle_qwen25_72b_interim,hle,qwen25_72b,interim_codex_judge,"[""hle_qwen25_72b_interim""]",1,single_cell,auprc,True,"[""su_pcr""]",su_pcr,equal_feature_mean,0.9797270595858832,0.9718076944885223,-0.007919365097360909,-0.014945503479965889,-0.000983411888598101,-0.007919365097360909,-0.014945503479965889,-0.000983411888598101,0.98845,source_group,20000,20000,SEPARATED_FROM_POINT_WINNER_95CI,False,NONE,OK
winner_reference::7ebf25e2b776528a939c5b3e,external_final_answer::cell::fd7ac4f03fb542b674ba5320,external_final_answer,hle_qwen72b_interim_v1,cell,hle_qwen25_72b_interim,cell,hle_qwen25_72b_interim,hle,qwen25_72b,interim_codex_judge,"[""hle_qwen25_72b_interim""]",1,single_cell,auprc,True,"[""su_pcr""]",su_pcr,family_nrm_a,0.9797270595858832,0.9723343765284511,-0.007392683057432126,-0.01411104109832663,-0.000639155150658615,-0.007392683057432126,-0.01411104109832663,-0.000639155150658615,0.98395,source_group,20000,20000,SEPARATED_FROM_POINT_WINNER_95CI,False,NONE,OK
winner_reference::7ebf25e2b776528a939c5b3e,external_final_answer::cell::fd7ac4f03fb542b674ba5320,external_final_answer,hle_qwen72b_interim_v1,cell,hle_qwen25_72b_interim,cell,hle_qwen25_72b_interim,hle,qwen25_72b,interim_codex_judge,"[""hle_qwen25_72b_interim""]",1,single_cell,auprc,True,"[""su_pcr""]",su_pcr,iu_pcr,0.9797270595858832,0.9716798589634413,-0.008047200622441908,-0.014761711378717702,-0.0013159447245906888,-0.008047200622441908,-0.014761711378717702,-0.0013159447245906888,0.99035,source_group,20000,20000,SEPARATED_FROM_POINT_WINNER_95CI,False,NONE,OK
winner_reference::7ebf25e2b776528a939c5b3e,external_final_answer::cell::fd7ac4f03fb542b674ba5320,external_final_answer,hle_qwen72b_interim_v1,cell,hle_qwen25_72b_interim,cell,hle_qwen25_72b_interim,hle,qwen25_72b,interim_codex_judge,"[""hle_qwen25_72b_interim""]",1,single_cell,auprc,True,"[""su_pcr""]",su_pcr,pgrd_a,0.9797270595858832,0.9700828319208191,-0.00964422766506412,-0.016952730989248994,-0.0023441452379729458,-0.00964422766506412,-0.016952730989248994,-0.0023441452379729458,0.99485,source_group,20000,20000,SEPARATED_FROM_POINT_WINNER_95CI,False,NONE,OK
winner_reference::7ebf25e2b776528a939c5b3e,external_final_answer::cell::fd7ac4f03fb542b674ba5320,external_final_answer,hle_qwen72b_interim_v1,cell,hle_qwen25_72b_interim,cell,hle_qwen25_72b_interim,hle,qwen25_72b,interim_codex_judge,"[""hle_qwen25_72b_interim""]",1,single_cell,auprc,True,"[""su_pcr""]",su_pcr,su_pcr,0.9797270595858832,0.9797270595858832,0.0,0.0,0.0,0.0,0.0,0.0,1.0,source_group,20000,20000,POINT_WINNER,True,NONE,OK
winner_reference::7ebf25e2b776528a939c5b3e,external_final_answer::cell::fd7ac4f03fb542b674ba5320,external_final_answer,hle_qwen72b_interim_v1,cell,hle_qwen25_72b_interim,cell,hle_qwen25_72b_interim,hle,qwen25_72b,interim_codex_judge,"[""hle_qwen25_72b_interim""]",1,single_cell,auprc,True,"[""su_pcr""]",su_pcr,upcr,0.9797270595858832,0.9641276385824207,-0.015599421003462566,-0.024449570126167827,-0.006492495414271639,-0.015599421003462566,-0.024449570126167827,-0.006492495414271639,0.99965,source_group,20000,20000,SEPARATED_FROM_POINT_WINNER_95CI,False,NONE,OK
winner_reference::b592a0d7fbf98cae37bffc76,external_final_answer::cell::5ab8695e5df39e028dd92c13,external_final_answer,hle_qwen72b_interim_v1,cell,hle_qwen25_72b_interim,cell,hle_qwen25_72b_interim,hle,qwen25_72b,interim_codex_judge,"[""hle_qwen25_72b_interim""]",1,single_cell,aurc_x1000,False,"[""su_pcr""]",su_pcr,ca_specrage_atomic,952.7379853799964,972.6731478332066,19.935162453210182,7.117825577582614,32.584416949014184,-19.935162453210182,-32.584416949014226,-7.117825577582642,0.99865,source_group,20000,20000,SEPARATED_FROM_POINT_WINNER_95CI,False,NONE,OK
winner_reference::b592a0d7fbf98cae37bffc76,external_final_answer::cell::5ab8695e5df39e028dd92c13,external_final_answer,hle_qwen72b_interim_v1,cell,hle_qwen25_72b_interim,cell,hle_qwen25_72b_interim,hle,qwen25_72b,interim_codex_judge,"[""hle_qwen25_72b_interim""]",1,single_cell,aurc_x1000,False,"[""su_pcr""]",su_pcr,continuous_lsml,952.7379853799964,979.5997455500295,26.861760170033108,13.846066390657125,40.11915707239065,-26.861760170033108,-40.11915707239067,-13.846066390657139,1.0,source_group,20000,20000,SEPARATED_FROM_POINT_WINNER_95CI,False,NONE,OK
winner_reference::b592a0d7fbf98cae37bffc76,external_final_answer::cell::5ab8695e5df39e028dd92c13,external_final_answer,hle_qwen72b_interim_v1,cell,hle_qwen25_72b_interim,cell,hle_qwen25_72b_interim,hle,qwen25_72b,interim_codex_judge,"[""hle_qwen25_72b_interim""]",1,single_cell,aurc_x1000,False,"[""su_pcr""]",su_pcr,deem_b3,952.7379853799964,966.6156331782034,13.877647798207022,2.311954390750614,25.803615314554026,-13.877647798207022,-25.803615314554026,-2.3119543907506217,0.9896,source_group,20000,20000,SEPARATED_FROM_POINT_WINNER_95CI,False,NONE,OK
winner_reference::b592a0d7fbf98cae37bffc76,external_final_answer::cell::5ab8695e5df39e028dd92c13,external_final_answer,hle_qwen72b_interim_v1,cell,hle_qwen25_72b_interim,cell,hle_qwen25_72b_interim,hle,qwen25_72b,interim_codex_judge,"[""hle_qwen25_72b_interim""]",1,single_cell,aurc_x1000,False,"[""su_pcr""]",su_pcr,dufs_liu,952.7379853799964,968.1351838930207,15.39719851302425,5.890581909849558,24.93022937096488,-15.39719851302425,-24.930229370964884,-5.89058190984958,0.9991,source_group,20000,20000,SEPARATED_FROM_POINT_WINNER_95CI,False,NONE,OK
winner_reference::b592a0d7fbf98cae37bffc76,external_final_answer::cell::5ab8695e5df39e028dd92c13,external_final_answer,hle_qwen72b_interim_v1,cell,hle_qwen25_72b_interim,cell,hle_qwen25_72b_interim,hle,qwen25_72b,interim_codex_judge,"[""hle_qwen25_72b_interim""]",1,single_cell,aurc_x1000,False,"[""su_pcr""]",su_pcr,dufs_pf_lsml,952.7379853799964,979.4097397601757,26.671754380179323,13.978953829512779,39.57997209340988,-26.671754380179323,-39.5799720934099,-13.978953829512799,1.0,source_group,20000,20000,SEPARATED_FROM_POINT_WINNER_95CI,False,NONE,OK
winner_reference::b592a0d7fbf98cae37bffc76,external_final_answer::cell::5ab8695e5df39e028dd92c13,external_final_answer,hle_qwen72b_interim_v1,cell,hle_qwen25_72b_interim,cell,hle_qwen25_72b_interim,hle,qwen25_72b,interim_codex_judge,"[""hle_qwen25_72b_interim""]",1,single_cell,aurc_x1000,False,"[""su_pcr""]",su_pcr,dufs_stability_lsml,952.7379853799964,978.3222555635133,25.584270183516878,12.47302161172214,38.74508942800788,-25.584270183516878,-38.74508942800789,-12.473021611722157,0.9999,source_group,20000,20000,SEPARATED_FROM_POINT_WINNER_95CI,False,NONE,OK
winner_reference::b592a0d7fbf98cae37bffc76,external_final_answer::cell::5ab8695e5df39e028dd92c13,external_final_answer,hle_qwen72b_interim_v1,cell,hle_qwen25_72b_interim,cell,hle_qwen25_72b_interim,hle,qwen25_72b,interim_codex_judge,"[""hle_qwen25_72b_interim""]",1,single_cell,aurc_x1000,False,"[""su_pcr""]",su_pcr,equal_family_mean,952.7379853799964,966.3688818799991,13.630896500002677,2.0467644459748984,25.546592862403312,-13.630896500002677,-25.546592862403326,-2.0467644459749006,0.98855,source_group,20000,20000,SEPARATED_FROM_POINT_WINNER_95CI,False,NONE,OK
winner_reference::b592a0d7fbf98cae37bffc76,external_final_answer::cell::5ab8695e5df39e028dd92c13,external_final_answer,hle_qwen72b_interim_v1,cell,hle_qwen25_72b_interim,cell,hle_qwen25_72b_interim,hle,qwen25_72b,interim_codex_judge,"[""hle_qwen25_72b_interim""]",1,single_cell,aurc_x1000,False,"[""su_pcr""]",su_pcr,equal_feature_mean,952.7379853799964,965.6877115972314,12.949726217235025,4.001928848315131,22.114123245020203,-12.949726217235025,-22.114123245020206,-4.001928848315135,0.99815,source_group,20000,20000,SEPARATED_FROM_POINT_WINNER_95CI,False,NONE,OK
winner_reference::b592a0d7fbf98cae37bffc76,external_final_answer::cell::5ab8695e5df39e028dd92c13,external_final_answer,hle_qwen72b_interim_v1,cell,hle_qwen25_72b_interim,cell,hle_qwen25_72b_interim,hle,qwen25_72b,interim_codex_judge,"[""hle_qwen25_72b_interim""]",1,single_cell,aurc_x1000,False,"[""su_pcr""]",su_pcr,family_nrm_a,952.7379853799964,966.5630615279501,13.825076147953723,4.243153197536316,23.73055560693014,-13.825076147953723,-23.730555606930157,-4.243153197536342,0.99755,source_group,20000,20000,SEPARATED_FROM_POINT_WINNER_95CI,False,NONE,OK
winner_reference::b592a0d7fbf98cae37bffc76,external_final_answer::cell::5ab8695e5df39e028dd92c13,external_final_answer,hle_qwen72b_interim_v1,cell,hle_qwen25_72b_interim,cell,hle_qwen25_72b_interim,hle,qwen25_72b,interim_codex_judge,"[""hle_qwen25_72b_interim""]",1,single_cell,aurc_x1000,False,"[""su_pcr""]",su_pcr,iu_pcr,952.7379853799964,967.1214085219268,14.383423141930393,5.44080362040082,23.36980924778783,-14.383423141930393,-23.369809247787835,-5.440803620400829,0.9992,source_group,20000,20000,SEPARATED_FROM_POINT_WINNER_95CI,False,NONE,OK
winner_reference::b592a0d7fbf98cae37bffc76,external_final_answer::cell::5ab8695e5df39e028dd92c13,external_final_answer,hle_qwen72b_interim_v1,cell,hle_qwen25_72b_interim,cell,hle_qwen25_72b_interim,hle,qwen25_72b,interim_codex_judge,"[""hle_qwen25_72b_interim""]",1,single_cell,aurc_x1000,False,"[""su_pcr""]",su_pcr,pgrd_a,952.7379853799964,969.4360748786318,16.69808949863534,6.520085334228514,26.99521082990789,-16.69808949863534,-26.995210829907894,-6.520085334228516,0.9992,source_group,20000,20000,SEPARATED_FROM_POINT_WINNER_95CI,False,NONE,OK
winner_reference::b592a0d7fbf98cae37bffc76,external_final_answer::cell::5ab8695e5df39e028dd92c13,external_final_answer,hle_qwen72b_interim_v1,cell,hle_qwen25_72b_interim,cell,hle_qwen25_72b_interim,hle,qwen25_72b,interim_codex_judge,"[""hle_qwen25_72b_interim""]",1,single_cell,aurc_x1000,False,"[""su_pcr""]",su_pcr,su_pcr,952.7379853799964,952.7379853799964,0.0,0.0,0.0,-0.0,-0.0,0.0,1.0,source_group,20000,20000,POINT_WINNER,True,NONE,OK
winner_reference::b592a0d7fbf98cae37bffc76,external_final_answer::cell::5ab8695e5df39e028dd92c13,external_final_answer,hle_qwen72b_interim_v1,cell,hle_qwen25_72b_interim,cell,hle_qwen25_72b_interim,hle,qwen25_72b,interim_codex_judge,"[""hle_qwen25_72b_interim""]",1,single_cell,aurc_x1000,False,"[""su_pcr""]",su_pcr,upcr,952.7379853799964,974.1184545710317,21.38046919103533,8.119414804014742,34.52946114445327,-21.38046919103533,-34.52946114445327,-8.11941480401476,0.9991,source_group,20000,20000,SEPARATED_FROM_POINT_WINNER_95CI,False,NONE,OK
winner_reference::7e44257a20a01aec6e27a678,external_final_answer::cell::12c1ab45d07276b1a7dff3ac,external_final_answer,hle_qwen72b_interim_v1,cell,hle_qwen25_72b_interim,cell,hle_qwen25_72b_interim,hle,qwen25_72b,interim_codex_judge,"[""hle_qwen25_72b_interim""]",1,single_cell,auroc,True,"[""su_pcr""]",su_pcr,ca_specrage_atomic,0.6257669575007037,0.4436321418519561,-0.18213481564874756,-0.2809184140163242,-0.07995303264846607,-0.18213481564874756,-0.2809184140163242,-0.07995303264846607,0.9997,source_group,20000,20000,SEPARATED_FROM_POINT_WINNER_95CI,False,NONE,OK
winner_reference::7e44257a20a01aec6e27a678,external_final_answer::cell::12c1ab45d07276b1a7dff3ac,external_final_answer,hle_qwen72b_interim_v1,cell,hle_qwen25_72b_interim,cell,hle_qwen25_72b_interim,hle,qwen25_72b,interim_codex_judge,"[""hle_qwen25_72b_interim""]",1,single_cell,auroc,True,"[""su_pcr""]",su_pcr,continuous_lsml,0.6257669575007037,0.37071488882634396,-0.2550520686743597,-0.3836970517872221,-0.12442196735153405,-0.2550520686743597,-0.3836970517872221,-0.12442196735153405,0.99995,source_group,20000,20000,SEPARATED_FROM_POINT_WINNER_95CI,False,NONE,OK
winner_reference::7e44257a20a01aec6e27a678,external_final_answer::cell::12c1ab45d07276b1a7dff3ac,external_final_answer,hle_qwen72b_interim_v1,cell,hle_qwen25_72b_interim,cell,hle_qwen25_72b_interim,hle,qwen25_72b,interim_codex_judge,"[""hle_qwen25_72b_interim""]",1,single_cell,auroc,True,"[""su_pcr""]",su_pcr,deem_b3,0.6257669575007037,0.49990852800450325,-0.1258584294962004,-0.21664157050379965,-0.034414051505769844,-0.1258584294962004,-0.21664157050379965,-0.034414051505769844,0.99595,source_group,20000,20000,SEPARATED_FROM_POINT_WINNER_95CI,False,NONE,OK
winner_reference::7e44257a20a01aec6e27a678,external_final_answer::cell::12c1ab45d07276b1a7dff3ac,external_final_answer,hle_qwen72b_interim_v1,cell,hle_qwen25_72b_interim,cell,hle_qwen25_72b_interim,hle,qwen25_72b,interim_codex_judge,"[""hle_qwen25_72b_interim""]",1,single_cell,auroc,True,"[""su_pcr""]",su_pcr,dufs_liu,0.6257669575007037,0.5081128623698283,-0.11765409513087532,-0.1978683506895581,-0.03502638615254718,-0.11765409513087532,-0.1978683506895581,-0.03502638615254718,0.99685,source_group,20000,20000,SEPARATED_FROM_POINT_WINNER_95CI,False,NONE,OK
winner_reference::7e44257a20a01aec6e27a678,external_final_answer::cell::12c1ab45d07276b1a7dff3ac,external_final_answer,hle_qwen72b_interim_v1,cell,hle_qwen25_72b_interim,cell,hle_qwen25_72b_interim,hle,qwen25_72b,interim_codex_judge,"[""hle_qwen25_72b_interim""]",1,single_cell,auroc,True,"[""su_pcr""]",su_pcr,dufs_pf_lsml,0.6257669575007037,0.37594286518435127,-0.2498240923163524,-0.37052490852800446,-0.12743385871094856,-0.2498240923163524,-0.37052490852800446,-0.12743385871094856,0.99995,source_group,20000,20000,SEPARATED_FROM_POINT_WINNER_95CI,False,NONE,OK
winner_reference::7e44257a20a01aec6e27a678,external_final_answer::cell::12c1ab45d07276b1a7dff3ac,external_final_answer,hle_qwen72b_interim_v1,cell,hle_qwen25_72b_interim,cell,hle_qwen25_72b_interim,hle,qwen25_72b,interim_codex_judge,"[""hle_qwen25_72b_interim""]",1,single_cell,auroc,True,"[""su_pcr""]",su_pcr,dufs_stability_lsml,0.6257669575007037,0.38095975232198137,-0.2448072051787223,-0.363870320855615,-0.12360575569940901,-0.2448072051787223,-0.363870320855615,-0.12360575569940901,0.99995,source_group,20000,20000,SEPARATED_FROM_POINT_WINNER_95CI,False,NONE,OK
winner_reference::7e44257a20a01aec6e27a678,external_final_answer::cell::12c1ab45d07276b1a7dff3ac,external_final_answer,hle_qwen72b_interim_v1,cell,hle_qwen25_72b_interim,cell,hle_qwen25_72b_interim,hle,qwen25_72b,interim_codex_judge,"[""hle_qwen25_72b_interim""]",1,single_cell,auroc,True,"[""su_pcr""]",su_pcr,equal_family_mean,0.6257669575007037,0.5021390374331551,-0.12362792006754852,-0.2138914297776527,-0.03299781874472298,-0.12362792006754852,-0.2138914297776527,-0.03299781874472298,0.99565,source_group,20000,20000,SEPARATED_FROM_POINT_WINNER_95CI,False,NONE,OK
winner_reference::7e44257a20a01aec6e27a678,external_final_answer::cell::12c1ab45d07276b1a7dff3ac,external_final_answer,hle_qwen72b_interim_v1,cell,hle_qwen25_72b_interim,cell,hle_qwen25_72b_interim,hle,qwen25_72b,interim_codex_judge,"[""hle_qwen25_72b_interim""]",1,single_cell,auroc,True,"[""su_pcr""]",su_pcr,equal_feature_mean,0.6257669575007037,0.5281733746130031,-0.09759358288770059,-0.17642872220658595,-0.01951730931607106,-0.09759358288770059,-0.17642872220658595,-0.01951730931607106,0.9917,source_group,20000,20000,SEPARATED_FROM_POINT_WINNER_95CI,False,NONE,OK
winner_reference::7e44257a20a01aec6e27a678,external_final_answer::cell::12c1ab45d07276b1a7dff3ac,external_final_answer,hle_qwen72b_interim_v1,cell,hle_qwen25_72b_interim,cell,hle_qwen25_72b_interim,hle,qwen25_72b,interim_codex_judge,"[""hle_qwen25_72b_interim""]",1,single_cell,auroc,True,"[""su_pcr""]",su_pcr,family_nrm_a,0.6257669575007037,0.5240008443568815,-0.10176611314382211,-0.18087602026456515,-0.02060828877005355,-0.10176611314382211,-0.18087602026456515,-0.02060828877005355,0.9919,source_group,20000,20000,SEPARATED_FROM_POINT_WINNER_95CI,False,NONE,OK
winner_reference::7e44257a20a01aec6e27a678,external_final_answer::cell::12c1ab45d07276b1a7dff3ac,external_final_answer,hle_qwen72b_interim_v1,cell,hle_qwen25_72b_interim,cell,hle_qwen25_72b_interim,hle,qwen25_72b,interim_codex_judge,"[""hle_qwen25_72b_interim""]",1,single_cell,auroc,True,"[""su_pcr""]",su_pcr,iu_pcr,0.6257669575007037,0.5183155080213904,-0.10745144947931329,-0.18449215451730927,-0.028538910779622916,-0.10745144947931329,-0.18449215451730927,-0.028538910779622916,0.9958,source_group,20000,20000,SEPARATED_FROM_POINT_WINNER_95CI,False,NONE,OK
winner_reference::7e44257a20a01aec6e27a678,external_final_answer::cell::12c1ab45d07276b1a7dff3ac,external_final_answer,hle_qwen72b_interim_v1,cell,hle_qwen25_72b_interim,cell,hle_qwen25_72b_interim,hle,qwen25_72b,interim_codex_judge,"[""hle_qwen25_72b_interim""]",1,single_cell,auroc,True,"[""su_pcr""]",su_pcr,pgrd_a,0.6257669575007037,0.49515902054601746,-0.1306079369546862,-0.21554320292710383,-0.04329193639178188,-0.1306079369546862,-0.21554320292710383,-0.04329193639178188,0.99805,source_group,20000,20000,SEPARATED_FROM_POINT_WINNER_95CI,False,NONE,OK
winner_reference::7e44257a20a01aec6e27a678,external_final_answer::cell::12c1ab45d07276b1a7dff3ac,external_final_answer,hle_qwen72b_interim_v1,cell,hle_qwen25_72b_interim,cell,hle_qwen25_72b_interim,hle,qwen25_72b,interim_codex_judge,"[""hle_qwen25_72b_interim""]",1,single_cell,auroc,True,"[""su_pcr""]",su_pcr,su_pcr,0.6257669575007037,0.6257669575007037,0.0,0.0,0.0,0.0,0.0,0.0,1.0,source_group,20000,20000,POINT_WINNER,True,NONE,OK
winner_reference::7e44257a20a01aec6e27a678,external_final_answer::cell::12c1ab45d07276b1a7dff3ac,external_final_answer,hle_qwen72b_interim_v1,cell,hle_qwen25_72b_interim,cell,hle_qwen25_72b_interim,hle,qwen25_72b,interim_codex_judge,"[""hle_qwen25_72b_interim""]",1,single_cell,auroc,True,"[""su_pcr""]",su_pcr,upcr,0.6257669575007037,0.4212848297213622,-0.20448212777934144,-0.311610434843794,-0.09400348297213632,-0.20448212777934144,-0.311610434843794,-0.09400348297213632,0.99985,source_group,20000,20000,SEPARATED_FROM_POINT_WINNER_95CI,False,NONE,OK
winner_reference::42868aeb7ce0b20daedd8393,external_final_answer::population::07cde892d6b46e48b5055997,external_final_answer,hle_qwen72b_interim_v1,population,hle_qwen72b_interim_v1,population,__population__,hle,qwen25_72b,population::overall,"[""hle_qwen25_72b_interim""]",1,single_cell,auprc,True,"[""su_pcr""]",su_pcr,ca_specrage_atomic,0.9797270595858832,0.9660485809687815,-0.013678478617101697,-0.02190473622739924,-0.004945590137248887,-0.013678478617101697,-0.02190473622739924,-0.004945590137248887,0.99885,source_group_stratified_by_label,20000,20000,SEPARATED_FROM_POINT_WINNER_95CI,False,NONE,OK
winner_reference::42868aeb7ce0b20daedd8393,external_final_answer::population::07cde892d6b46e48b5055997,external_final_answer,hle_qwen72b_interim_v1,population,hle_qwen72b_interim_v1,population,__population__,hle,qwen25_72b,population::overall,"[""hle_qwen25_72b_interim""]",1,single_cell,auprc,True,"[""su_pcr""]",su_pcr,continuous_lsml,0.9797270595858832,0.9572147990360781,-0.022512260549805152,-0.03370589129997277,-0.01073983130913494,-0.022512260549805152,-0.03370589129997277,-0.01073983130913494,0.99985,source_group_stratified_by_label,20000,20000,SEPARATED_FROM_POINT_WINNER_95CI,False,NONE,OK
winner_reference::42868aeb7ce0b20daedd8393,external_final_answer::population::07cde892d6b46e48b5055997,external_final_answer,hle_qwen72b_interim_v1,population,hle_qwen72b_interim_v1,population,__population__,hle,qwen25_72b,population::overall,"[""hle_qwen25_72b_interim""]",1,single_cell,auprc,True,"[""su_pcr""]",su_pcr,deem_b3,0.9797270595858832,0.9706834641997233,-0.009043595386159953,-0.01632490835859678,-0.0017032977912809848,-0.009043595386159953,-0.01632490835859678,-0.0017032977912809848,0.9915,source_group_stratified_by_label,20000,20000,SEPARATED_FROM_POINT_WINNER_95CI,False,NONE,OK
winner_reference::42868aeb7ce0b20daedd8393,external_final_answer::population::07cde892d6b46e48b5055997,external_final_answer,hle_qwen72b_interim_v1,population,hle_qwen72b_interim_v1,population,__population__,hle,qwen25_72b,population::overall,"[""hle_qwen25_72b_interim""]",1,single_cell,auprc,True,"[""su_pcr""]",su_pcr,dufs_liu,0.9797270595858832,0.9709017822013275,-0.00882527738455574,-0.01571046875282065,-0.0017276014480657144,-0.00882527738455574,-0.01571046875282065,-0.0017276014480657144,0.99265,source_group_stratified_by_label,20000,20000,SEPARATED_FROM_POINT_WINNER_95CI,False,NONE,OK
winner_reference::42868aeb7ce0b20daedd8393,external_final_answer::population::07cde892d6b46e48b5055997,external_final_answer,hle_qwen72b_interim_v1,population,hle_qwen72b_interim_v1,population,__population__,hle,qwen25_72b,population::overall,"[""hle_qwen25_72b_interim""]",1,single_cell,auprc,True,"[""su_pcr""]",su_pcr,dufs_pf_lsml,0.9797270595858832,0.9604297620050132,-0.019297297580870065,-0.029060023107534274,-0.009008750076491939,-0.019297297580870065,-0.029060023107534274,-0.009008750076491939,0.99985,source_group_stratified_by_label,20000,20000,SEPARATED_FROM_POINT_WINNER_95CI,False,NONE,OK
winner_reference::42868aeb7ce0b20daedd8393,external_final_answer::population::07cde892d6b46e48b5055997,external_final_answer,hle_qwen72b_interim_v1,population,hle_qwen72b_interim_v1,population,__population__,hle,qwen25_72b,population::overall,"[""hle_qwen25_72b_interim""]",1,single_cell,auprc,True,"[""su_pcr""]",su_pcr,dufs_stability_lsml,0.9797270595858832,0.9609084407346797,-0.018818618851203506,-0.028393065236658917,-0.008774186252379227,-0.018818618851203506,-0.028393065236658917,-0.008774186252379227,0.9998,source_group_stratified_by_label,20000,20000,SEPARATED_FROM_POINT_WINNER_95CI,False,NONE,OK
winner_reference::42868aeb7ce0b20daedd8393,external_final_answer::population::07cde892d6b46e48b5055997,external_final_answer,hle_qwen72b_interim_v1,population,hle_qwen72b_interim_v1,population,__population__,hle,qwen25_72b,population::overall,"[""hle_qwen25_72b_interim""]",1,single_cell,auprc,True,"[""su_pcr""]",su_pcr,equal_family_mean,0.9797270595858832,0.9709331042060547,-0.008793955379828522,-0.01598708772255096,-0.0015765763679043243,-0.008793955379828522,-0.01598708772255096,-0.0015765763679043243,0.99075,source_group_stratified_by_label,20000,20000,SEPARATED_FROM_POINT_WINNER_95CI,False,NONE,OK
winner_reference::42868aeb7ce0b20daedd8393,external_final_answer::population::07cde892d6b46e48b5055997,external_final_answer,hle_qwen72b_interim_v1,population,hle_qwen72b_interim_v1,population,__population__,hle,qwen25_72b,population::overall,"[""hle_qwen25_72b_interim""]",1,single_cell,auprc,True,"[""su_pcr""]",su_pcr,equal_feature_mean,0.9797270595858832,0.9718076944885223,-0.007919365097360909,-0.01484400456395601,-0.000995525281358792,-0.007919365097360909,-0.01484400456395601,-0.000995525281358792,0.98705,source_group_stratified_by_label,20000,20000,SEPARATED_FROM_POINT_WINNER_95CI,False,NONE,OK
winner_reference::42868aeb7ce0b20daedd8393,external_final_answer::population::07cde892d6b46e48b5055997,external_final_answer,hle_qwen72b_interim_v1,population,hle_qwen72b_interim_v1,population,__population__,hle,qwen25_72b,population::overall,"[""hle_qwen25_72b_interim""]",1,single_cell,auprc,True,"[""su_pcr""]",su_pcr,family_nrm_a,0.9797270595858832,0.9723343765284511,-0.007392683057432126,-0.014042340656049276,-0.0005919547239399739,-0.007392683057432126,-0.014042340656049276,-0.0005919547239399739,0.984,source_group_stratified_by_label,20000,20000,SEPARATED_FROM_POINT_WINNER_95CI,False,NONE,OK
winner_reference::42868aeb7ce0b20daedd8393,external_final_answer::population::07cde892d6b46e48b5055997,external_final_answer,hle_qwen72b_interim_v1,population,hle_qwen72b_interim_v1,population,__population__,hle,qwen25_72b,population::overall,"[""hle_qwen25_72b_interim""]",1,single_cell,auprc,True,"[""su_pcr""]",su_pcr,iu_pcr,0.9797270595858832,0.9716798589634413,-0.008047200622441908,-0.014642287662408118,-0.001263821998104198,-0.008047200622441908,-0.014642287662408118,-0.001263821998104198,0.99,source_group_stratified_by_label,20000,20000,SEPARATED_FROM_POINT_WINNER_95CI,False,NONE,OK
winner_reference::42868aeb7ce0b20daedd8393,external_final_answer::population::07cde892d6b46e48b5055997,external_final_answer,hle_qwen72b_interim_v1,population,hle_qwen72b_interim_v1,population,__population__,hle,qwen25_72b,population::overall,"[""hle_qwen25_72b_interim""]",1,single_cell,auprc,True,"[""su_pcr""]",su_pcr,pgrd_a,0.9797270595858832,0.9700828319208191,-0.00964422766506412,-0.016805100344053022,-0.0022023449690809238,-0.00964422766506412,-0.016805100344053022,-0.0022023449690809238,0.99435,source_group_stratified_by_label,20000,20000,SEPARATED_FROM_POINT_WINNER_95CI,False,NONE,OK
winner_reference::42868aeb7ce0b20daedd8393,external_final_answer::population::07cde892d6b46e48b5055997,external_final_answer,hle_qwen72b_interim_v1,population,hle_qwen72b_interim_v1,population,__population__,hle,qwen25_72b,population::overall,"[""hle_qwen25_72b_interim""]",1,single_cell,auprc,True,"[""su_pcr""]",su_pcr,su_pcr,0.9797270595858832,0.9797270595858832,0.0,0.0,0.0,0.0,0.0,0.0,1.0,source_group_stratified_by_label,20000,20000,POINT_WINNER,True,NONE,OK
winner_reference::42868aeb7ce0b20daedd8393,external_final_answer::population::07cde892d6b46e48b5055997,external_final_answer,hle_qwen72b_interim_v1,population,hle_qwen72b_interim_v1,population,__population__,hle,qwen25_72b,population::overall,"[""hle_qwen25_72b_interim""]",1,single_cell,auprc,True,"[""su_pcr""]",su_pcr,upcr,0.9797270595858832,0.9641276385824207,-0.015599421003462566,-0.024306386241433955,-0.006322065262033582,-0.015599421003462566,-0.024306386241433955,-0.006322065262033582,0.9992,source_group_stratified_by_label,20000,20000,SEPARATED_FROM_POINT_WINNER_95CI,False,NONE,OK
winner_reference::89dbdc988ba020df588b581a,external_final_answer::population::90664fb7996ff1e1cdef9832,external_final_answer,hle_qwen72b_interim_v1,population,hle_qwen72b_interim_v1,population,__population__,hle,qwen25_72b,population::overall,"[""hle_qwen25_72b_interim""]",1,single_cell,aurc_x1000,False,"[""su_pcr""]",su_pcr,ca_specrage_atomic,952.7379853799964,972.6731478332066,19.935162453210182,6.473847165308971,32.439124713420576,-19.935162453210182,-32.43912471342058,-6.473847165309007,0.9983,source_group_stratified_by_label,20000,20000,SEPARATED_FROM_POINT_WINNER_95CI,False,NONE,OK
winner_reference::89dbdc988ba020df588b581a,external_final_answer::population::90664fb7996ff1e1cdef9832,external_final_answer,hle_qwen72b_interim_v1,population,hle_qwen72b_interim_v1,population,__population__,hle,qwen25_72b,population::overall,"[""hle_qwen25_72b_interim""]",1,single_cell,aurc_x1000,False,"[""su_pcr""]",su_pcr,continuous_lsml,952.7379853799964,979.5997455500295,26.861760170033108,13.360417870151863,40.023044091451,-26.861760170033108,-40.023044091451005,-13.360417870151897,1.0,source_group_stratified_by_label,20000,20000,SEPARATED_FROM_POINT_WINNER_95CI,False,NONE,OK
winner_reference::89dbdc988ba020df588b581a,external_final_answer::population::90664fb7996ff1e1cdef9832,external_final_answer,hle_qwen72b_interim_v1,population,hle_qwen72b_interim_v1,population,__population__,hle,qwen25_72b,population::overall,"[""hle_qwen25_72b_interim""]",1,single_cell,aurc_x1000,False,"[""su_pcr""]",su_pcr,deem_b3,952.7379853799964,966.6156331782034,13.877647798207022,1.9014633552343554,25.731768962439723,-13.877647798207022,-25.731768962439727,-1.9014633552343634,0.98925,source_group_stratified_by_label,20000,20000,SEPARATED_FROM_POINT_WINNER_95CI,False,NONE,OK
winner_reference::89dbdc988ba020df588b581a,external_final_answer::population::90664fb7996ff1e1cdef9832,external_final_answer,hle_qwen72b_interim_v1,population,hle_qwen72b_interim_v1,population,__population__,hle,qwen25_72b,population::overall,"[""hle_qwen25_72b_interim""]",1,single_cell,aurc_x1000,False,"[""su_pcr""]",su_pcr,dufs_liu,952.7379853799964,968.1351838930207,15.39719851302425,5.601393426551846,24.80626547496851,-15.39719851302425,-24.806265474968512,-5.601393426551846,0.9993,source_group_stratified_by_label,20000,20000,SEPARATED_FROM_POINT_WINNER_95CI,False,NONE,OK
winner_reference::89dbdc988ba020df588b581a,external_final_answer::population::90664fb7996ff1e1cdef9832,external_final_answer,hle_qwen72b_interim_v1,population,hle_qwen72b_interim_v1,population,__population__,hle,qwen25_72b,population::overall,"[""hle_qwen25_72b_interim""]",1,single_cell,aurc_x1000,False,"[""su_pcr""]",su_pcr,dufs_pf_lsml,952.7379853799964,979.4097397601757,26.671754380179323,13.438327730572363,39.35695899852159,-26.671754380179323,-39.3569589985216,-13.438327730572372,1.0,source_group_stratified_by_label,20000,20000,SEPARATED_FROM_POINT_WINNER_95CI,False,NONE,OK
winner_reference::89dbdc988ba020df588b581a,external_final_answer::population::90664fb7996ff1e1cdef9832,external_final_answer,hle_qwen72b_interim_v1,population,hle_qwen72b_interim_v1,population,__population__,hle,qwen25_72b,population::overall,"[""hle_qwen25_72b_interim""]",1,single_cell,aurc_x1000,False,"[""su_pcr""]",su_pcr,dufs_stability_lsml,952.7379853799964,978.3222555635133,25.584270183516878,11.978333165464244,38.571362433770155,-25.584270183516878,-38.57136243377016,-11.978333165464255,0.9999,source_group_stratified_by_label,20000,20000,SEPARATED_FROM_POINT_WINNER_95CI,False,NONE,OK
winner_reference::89dbdc988ba020df588b581a,external_final_answer::population::90664fb7996ff1e1cdef9832,external_final_answer,hle_qwen72b_interim_v1,population,hle_qwen72b_interim_v1,population,__population__,hle,qwen25_72b,population::overall,"[""hle_qwen25_72b_interim""]",1,single_cell,aurc_x1000,False,"[""su_pcr""]",su_pcr,equal_family_mean,952.7379853799964,966.3688818799991,13.630896500002677,1.64098444955356,25.491917430458038,-13.630896500002677,-25.49191743045804,-1.640984449553605,0.98825,source_group_stratified_by_label,20000,20000,SEPARATED_FROM_POINT_WINNER_95CI,False,NONE,OK
winner_reference::89dbdc988ba020df588b581a,external_final_answer::population::90664fb7996ff1e1cdef9832,external_final_answer,hle_qwen72b_interim_v1,population,hle_qwen72b_interim_v1,population,__population__,hle,qwen25_72b,population::overall,"[""hle_qwen25_72b_interim""]",1,single_cell,aurc_x1000,False,"[""su_pcr""]",su_pcr,equal_feature_mean,952.7379853799964,965.6877115972314,12.949726217235025,3.8192059168780363,22.112707567737623,-12.949726217235025,-22.112707567737626,-3.819205916878048,0.99765,source_group_stratified_by_label,20000,20000,SEPARATED_FROM_POINT_WINNER_95CI,False,NONE,OK
winner_reference::89dbdc988ba020df588b581a,external_final_answer::population::90664fb7996ff1e1cdef9832,external_final_answer,hle_qwen72b_interim_v1,population,hle_qwen72b_interim_v1,population,__population__,hle,qwen25_72b,population::overall,"[""hle_qwen25_72b_interim""]",1,single_cell,aurc_x1000,False,"[""su_pcr""]",su_pcr,family_nrm_a,952.7379853799964,966.5630615279501,13.825076147953723,3.7897109053537803,23.567823736219694,-13.825076147953723,-23.567823736219697,-3.789710905353781,0.9975,source_group_stratified_by_label,20000,20000,SEPARATED_FROM_POINT_WINNER_95CI,False,NONE,OK
winner_reference::89dbdc988ba020df588b581a,external_final_answer::population::90664fb7996ff1e1cdef9832,external_final_answer,hle_qwen72b_interim_v1,population,hle_qwen72b_interim_v1,population,__population__,hle,qwen25_72b,population::overall,"[""hle_qwen25_72b_interim""]",1,single_cell,aurc_x1000,False,"[""su_pcr""]",su_pcr,iu_pcr,952.7379853799964,967.1214085219268,14.383423141930393,5.112650610781162,23.3527144013303,-14.383423141930393,-23.35271440133031,-5.112650610781163,0.9992,source_group_stratified_by_label,20000,20000,SEPARATED_FROM_POINT_WINNER_95CI,False,NONE,OK
winner_reference::89dbdc988ba020df588b581a,external_final_answer::population::90664fb7996ff1e1cdef9832,external_final_answer,hle_qwen72b_interim_v1,population,hle_qwen72b_interim_v1,population,__population__,hle,qwen25_72b,population::overall,"[""hle_qwen25_72b_interim""]",1,single_cell,aurc_x1000,False,"[""su_pcr""]",su_pcr,pgrd_a,952.7379853799964,969.4360748786318,16.69808949863534,6.099862758653944,26.794156489256874,-16.69808949863534,-26.79415648925688,-6.099862758653947,0.99915,source_group_stratified_by_label,20000,20000,SEPARATED_FROM_POINT_WINNER_95CI,False,NONE,OK
winner_reference::89dbdc988ba020df588b581a,external_final_answer::population::90664fb7996ff1e1cdef9832,external_final_answer,hle_qwen72b_interim_v1,population,hle_qwen72b_interim_v1,population,__population__,hle,qwen25_72b,population::overall,"[""hle_qwen25_72b_interim""]",1,single_cell,aurc_x1000,False,"[""su_pcr""]",su_pcr,su_pcr,952.7379853799964,952.7379853799964,0.0,0.0,0.0,-0.0,-0.0,0.0,1.0,source_group_stratified_by_label,20000,20000,POINT_WINNER,True,NONE,OK
winner_reference::89dbdc988ba020df588b581a,external_final_answer::population::90664fb7996ff1e1cdef9832,external_final_answer,hle_qwen72b_interim_v1,population,hle_qwen72b_interim_v1,population,__population__,hle,qwen25_72b,population::overall,"[""hle_qwen25_72b_interim""]",1,single_cell,aurc_x1000,False,"[""su_pcr""]",su_pcr,upcr,952.7379853799964,974.1184545710317,21.38046919103533,7.4134128080927075,34.35140894599747,-21.38046919103533,-34.35140894599748,-7.413412808092738,0.99895,source_group_stratified_by_label,20000,20000,SEPARATED_FROM_POINT_WINNER_95CI,False,NONE,OK
winner_reference::c02b2d31d05cf0cc99dd453d,external_final_answer::population::f7fbd69c33be3bf224d90e7c,external_final_answer,hle_qwen72b_interim_v1,population,hle_qwen72b_interim_v1,population,__population__,hle,qwen25_72b,population::overall,"[""hle_qwen25_72b_interim""]",1,single_cell,auroc,True,"[""su_pcr""]",su_pcr,ca_specrage_atomic,0.6257669575007037,0.4436321418519561,-0.18213481564874756,-0.2790268786940613,-0.07612563326766116,-0.18213481564874756,-0.2790268786940613,-0.07612563326766116,0.9995,source_group_stratified_by_label,20000,20000,SEPARATED_FROM_POINT_WINNER_95CI,False,NONE,OK
winner_reference::c02b2d31d05cf0cc99dd453d,external_final_answer::population::f7fbd69c33be3bf224d90e7c,external_final_answer,hle_qwen72b_interim_v1,population,hle_qwen72b_interim_v1,population,__population__,hle,qwen25_72b,population::overall,"[""hle_qwen25_72b_interim""]",1,single_cell,auroc,True,"[""su_pcr""]",su_pcr,continuous_lsml,0.6257669575007037,0.37071488882634396,-0.2550520686743597,-0.38097488038277516,-0.11825094990149178,-0.2550520686743597,-0.38097488038277516,-0.11825094990149178,0.99975,source_group_stratified_by_label,20000,20000,SEPARATED_FROM_POINT_WINNER_95CI,False,NONE,OK
winner_reference::c02b2d31d05cf0cc99dd453d,external_final_answer::population::f7fbd69c33be3bf224d90e7c,external_final_answer,hle_qwen72b_interim_v1,population,hle_qwen72b_interim_v1,population,__population__,hle,qwen25_72b,population::overall,"[""hle_qwen25_72b_interim""]",1,single_cell,auroc,True,"[""su_pcr""]",su_pcr,deem_b3,0.6257669575007037,0.49990852800450325,-0.1258584294962004,-0.21581234168308466,-0.03349247115113997,-0.1258584294962004,-0.21581234168308466,-0.03349247115113997,0.9963,source_group_stratified_by_label,20000,20000,SEPARATED_FROM_POINT_WINNER_95CI,False,NONE,OK
winner_reference::c02b2d31d05cf0cc99dd453d,external_final_answer::population::f7fbd69c33be3bf224d90e7c,external_final_answer,hle_qwen72b_interim_v1,population,hle_qwen72b_interim_v1,population,__population__,hle,qwen25_72b,population::overall,"[""hle_qwen25_72b_interim""]",1,single_cell,auroc,True,"[""su_pcr""]",su_pcr,dufs_liu,0.6257669575007037,0.5081128623698283,-0.11765409513087532,-0.19643294399099354,-0.03283827047565447,-0.11765409513087532,-0.19643294399099354,-0.03283827047565447,0.9969,source_group_stratified_by_label,20000,20000,SEPARATED_FROM_POINT_WINNER_95CI,False,NONE,OK
winner_reference::c02b2d31d05cf0cc99dd453d,external_final_answer::population::f7fbd69c33be3bf224d90e7c,external_final_answer,hle_qwen72b_interim_v1,population,hle_qwen72b_interim_v1,population,__population__,hle,qwen25_72b,population::overall,"[""hle_qwen25_72b_interim""]",1,single_cell,auroc,True,"[""su_pcr""]",su_pcr,dufs_pf_lsml,0.6257669575007037,0.37594286518435127,-0.2498240923163524,-0.3675578736279201,-0.1216491345341966,-0.2498240923163524,-0.3675578736279201,-0.1216491345341966,0.9999,source_group_stratified_by_label,20000,20000,SEPARATED_FROM_POINT_WINNER_95CI,False,NONE,OK
winner_reference::c02b2d31d05cf0cc99dd453d,external_final_answer::population::f7fbd69c33be3bf224d90e7c,external_final_answer,hle_qwen72b_interim_v1,population,hle_qwen72b_interim_v1,population,__population__,hle,qwen25_72b,population::overall,"[""hle_qwen25_72b_interim""]",1,single_cell,auroc,True,"[""su_pcr""]",su_pcr,dufs_stability_lsml,0.6257669575007037,0.38095975232198137,-0.2448072051787223,-0.3611917745567126,-0.11794152828595567,-0.2448072051787223,-0.3611917745567126,-0.11794152828595567,0.9999,source_group_stratified_by_label,20000,20000,SEPARATED_FROM_POINT_WINNER_95CI,False,NONE,OK
winner_reference::c02b2d31d05cf0cc99dd453d,external_final_answer::population::f7fbd69c33be3bf224d90e7c,external_final_answer,hle_qwen72b_interim_v1,population,hle_qwen72b_interim_v1,population,__population__,hle,qwen25_72b,population::overall,"[""hle_qwen25_72b_interim""]",1,single_cell,auroc,True,"[""su_pcr""]",su_pcr,equal_family_mean,0.6257669575007037,0.5021390374331551,-0.12362792006754852,-0.21279271038558964,-0.03221168730650162,-0.12362792006754852,-0.21279271038558964,-0.03221168730650162,0.9961,source_group_stratified_by_label,20000,20000,SEPARATED_FROM_POINT_WINNER_95CI,False,NONE,OK
winner_reference::c02b2d31d05cf0cc99dd453d,external_final_answer::population::f7fbd69c33be3bf224d90e7c,external_final_answer,hle_qwen72b_interim_v1,population,hle_qwen72b_interim_v1,population,__population__,hle,qwen25_72b,population::overall,"[""hle_qwen25_72b_interim""]",1,single_cell,auroc,True,"[""su_pcr""]",su_pcr,equal_feature_mean,0.6257669575007037,0.5281733746130031,-0.09759358288770059,-0.1754021249648184,-0.018151210244863786,-0.09759358288770059,-0.1754021249648184,-0.018151210244863786,0.9917,source_group_stratified_by_label,20000,20000,SEPARATED_FROM_POINT_WINNER_95CI,False,NONE,OK
winner_reference::c02b2d31d05cf0cc99dd453d,external_final_answer::population::f7fbd69c33be3bf224d90e7c,external_final_answer,hle_qwen72b_interim_v1,population,hle_qwen72b_interim_v1,population,__population__,hle,qwen25_72b,population::overall,"[""hle_qwen25_72b_interim""]",1,single_cell,auroc,True,"[""su_pcr""]",su_pcr,family_nrm_a,0.6257669575007037,0.5240008443568815,-0.10176611314382211,-0.17939769209119055,-0.018955636082183994,-0.10176611314382211,-0.17939769209119055,-0.018955636082183994,0.9914,source_group_stratified_by_label,20000,20000,SEPARATED_FROM_POINT_WINNER_95CI,False,NONE,OK
winner_reference::c02b2d31d05cf0cc99dd453d,external_final_answer::population::f7fbd69c33be3bf224d90e7c,external_final_answer,hle_qwen72b_interim_v1,population,hle_qwen72b_interim_v1,population,__population__,hle,qwen25_72b,population::overall,"[""hle_qwen25_72b_interim""]",1,single_cell,auroc,True,"[""su_pcr""]",su_pcr,iu_pcr,0.6257669575007037,0.5183155080213904,-0.10745144947931329,-0.18288119195046446,-0.02691299605966806,-0.10745144947931329,-0.18288119195046446,-0.02691299605966806,0.99535,source_group_stratified_by_label,20000,20000,SEPARATED_FROM_POINT_WINNER_95CI,False,NONE,OK
winner_reference::c02b2d31d05cf0cc99dd453d,external_final_answer::population::f7fbd69c33be3bf224d90e7c,external_final_answer,hle_qwen72b_interim_v1,population,hle_qwen72b_interim_v1,population,__population__,hle,qwen25_72b,population::overall,"[""hle_qwen25_72b_interim""]",1,single_cell,auroc,True,"[""su_pcr""]",su_pcr,pgrd_a,0.6257669575007037,0.49515902054601746,-0.1306079369546862,-0.21387577399380808,-0.04087865887982002,-0.1306079369546862,-0.21387577399380808,-0.04087865887982002,0.99765,source_group_stratified_by_label,20000,20000,SEPARATED_FROM_POINT_WINNER_95CI,False,NONE,OK
winner_reference::c02b2d31d05cf0cc99dd453d,external_final_answer::population::f7fbd69c33be3bf224d90e7c,external_final_answer,hle_qwen72b_interim_v1,population,hle_qwen72b_interim_v1,population,__population__,hle,qwen25_72b,population::overall,"[""hle_qwen25_72b_interim""]",1,single_cell,auroc,True,"[""su_pcr""]",su_pcr,su_pcr,0.6257669575007037,0.6257669575007037,0.0,0.0,0.0,0.0,0.0,0.0,1.0,source_group_stratified_by_label,20000,20000,POINT_WINNER,True,NONE,OK
winner_reference::c02b2d31d05cf0cc99dd453d,external_final_answer::population::f7fbd69c33be3bf224d90e7c,external_final_answer,hle_qwen72b_interim_v1,population,hle_qwen72b_interim_v1,population,__population__,hle,qwen25_72b,population::overall,"[""hle_qwen25_72b_interim""]",1,single_cell,auroc,True,"[""su_pcr""]",su_pcr,upcr,0.6257669575007037,0.4212848297213622,-0.20448212777934144,-0.30926118772868005,-0.08908598367576702,-0.20448212777934144,-0.30926118772868005,-0.08908598367576702,0.9997,source_group_stratified_by_label,20000,20000,SEPARATED_FROM_POINT_WINNER_95CI,False,NONE,OK
winner_reference::4bdb830e57145c4a1932619e,external_final_answer::cell::70ec8598dbfe2a4142826a56,external_final_answer,prmbench_qwen3_response_v1,cell,prmbench_response_qwen3_8b,cell,prmbench_response_qwen3_8b,prmbench,qwen3_8b,overall,"[""prmbench_response_qwen3_8b""]",1,single_cell,auprc,True,"[""upcr""]",upcr,ca_specrage_atomic,0.9555604219390241,0.9542188693910817,-0.0013415525479424373,-0.0020399906880876036,-0.0006644974605923404,-0.0013415525479424373,-0.0020399906880876036,-0.0006644974605923404,1.0,source_group,20000,20000,SEPARATED_FROM_POINT_WINNER_95CI,False,NONE,OK
winner_reference::4bdb830e57145c4a1932619e,external_final_answer::cell::70ec8598dbfe2a4142826a56,external_final_answer,prmbench_qwen3_response_v1,cell,prmbench_response_qwen3_8b,cell,prmbench_response_qwen3_8b,prmbench,qwen3_8b,overall,"[""prmbench_response_qwen3_8b""]",1,single_cell,auprc,True,"[""upcr""]",upcr,continuous_lsml,0.9555604219390241,0.9472199904136912,-0.008340431525332925,-0.01101466917892468,-0.005719810626117269,-0.008340431525332925,-0.01101466917892468,-0.005719810626117269,1.0,source_group,20000,20000,SEPARATED_FROM_POINT_WINNER_95CI,False,NONE,OK
winner_reference::4bdb830e57145c4a1932619e,external_final_answer::cell::70ec8598dbfe2a4142826a56,external_final_answer,prmbench_qwen3_response_v1,cell,prmbench_response_qwen3_8b,cell,prmbench_response_qwen3_8b,prmbench,qwen3_8b,overall,"[""prmbench_response_qwen3_8b""]",1,single_cell,auprc,True,"[""upcr""]",upcr,deem_b3,0.9555604219390241,0.942572027598075,-0.012988394340949116,-0.015951554984920967,-0.010178033189733466,-0.012988394340949116,-0.015951554984920967,-0.010178033189733466,1.0,source_group,20000,20000,SEPARATED_FROM_POINT_WINNER_95CI,False,NONE,OK
winner_reference::4bdb830e57145c4a1932619e,external_final_answer::cell::70ec8598dbfe2a4142826a56,external_final_answer,prmbench_qwen3_response_v1,cell,prmbench_response_qwen3_8b,cell,prmbench_response_qwen3_8b,prmbench,qwen3_8b,overall,"[""prmbench_response_qwen3_8b""]",1,single_cell,auprc,True,"[""upcr""]",upcr,dufs_liu,0.9555604219390241,0.9532950668412421,-0.002265355097782029,-0.0033615384673838706,-0.0012004220285177754,-0.002265355097782029,-0.0033615384673838706,-0.0012004220285177754,1.0,source_group,20000,20000,SEPARATED_FROM_POINT_WINNER_95CI,False,NONE,OK
winner_reference::4bdb830e57145c4a1932619e,external_final_answer::cell::70ec8598dbfe2a4142826a56,external_final_answer,prmbench_qwen3_response_v1,cell,prmbench_response_qwen3_8b,cell,prmbench_response_qwen3_8b,prmbench,qwen3_8b,overall,"[""prmbench_response_qwen3_8b""]",1,single_cell,auprc,True,"[""upcr""]",upcr,dufs_pf_lsml,0.9555604219390241,0.9468746078400339,-0.008685814098990274,-0.011571250293561583,-0.005781634786211357,-0.008685814098990274,-0.011571250293561583,-0.005781634786211357,1.0,source_group,20000,20000,SEPARATED_FROM_POINT_WINNER_95CI,False,NONE,OK
winner_reference::4bdb830e57145c4a1932619e,external_final_answer::cell::70ec8598dbfe2a4142826a56,external_final_answer,prmbench_qwen3_response_v1,cell,prmbench_response_qwen3_8b,cell,prmbench_response_qwen3_8b,prmbench,qwen3_8b,overall,"[""prmbench_response_qwen3_8b""]",1,single_cell,auprc,True,"[""upcr""]",upcr,dufs_stability_lsml,0.9555604219390241,0.951329930642507,-0.0042304912965170915,-0.006282720152911797,-0.0021396272653443626,-0.0042304912965170915,-0.006282720152911797,-0.0021396272653443626,1.0,source_group,20000,20000,SEPARATED_FROM_POINT_WINNER_95CI,False,NONE,OK
winner_reference::4bdb830e57145c4a1932619e,external_final_answer::cell::70ec8598dbfe2a4142826a56,external_final_answer,prmbench_qwen3_response_v1,cell,prmbench_response_qwen3_8b,cell,prmbench_response_qwen3_8b,prmbench,qwen3_8b,overall,"[""prmbench_response_qwen3_8b""]",1,single_cell,auprc,True,"[""upcr""]",upcr,equal_family_mean,0.9555604219390241,0.9418458597981064,-0.013714562140917708,-0.016787523198321448,-0.010781707290666909,-0.013714562140917708,-0.016787523198321448,-0.010781707290666909,1.0,source_group,20000,20000,SEPARATED_FROM_POINT_WINNER_95CI,False,NONE,OK
winner_reference::4bdb830e57145c4a1932619e,external_final_answer::cell::70ec8598dbfe2a4142826a56,external_final_answer,prmbench_qwen3_response_v1,cell,prmbench_response_qwen3_8b,cell,prmbench_response_qwen3_8b,prmbench,qwen3_8b,overall,"[""prmbench_response_qwen3_8b""]",1,single_cell,auprc,True,"[""upcr""]",upcr,equal_feature_mean,0.9555604219390241,0.951055107938059,-0.004505314000965099,-0.006469876912204911,-0.002623803289615728,-0.004505314000965099,-0.006469876912204911,-0.002623803289615728,1.0,source_group,20000,20000,SEPARATED_FROM_POINT_WINNER_95CI,False,NONE,OK
winner_reference::4bdb830e57145c4a1932619e,external_final_answer::cell::70ec8598dbfe2a4142826a56,external_final_answer,prmbench_qwen3_response_v1,cell,prmbench_response_qwen3_8b,cell,prmbench_response_qwen3_8b,prmbench,qwen3_8b,overall,"[""prmbench_response_qwen3_8b""]",1,single_cell,auprc,True,"[""upcr""]",upcr,family_nrm_a,0.9555604219390241,0.9508445999837185,-0.004715821955305621,-0.006312829460005618,-0.0031884295754472103,-0.004715821955305621,-0.006312829460005618,-0.0031884295754472103,1.0,source_group,20000,20000,SEPARATED_FROM_POINT_WINNER_95CI,False,NONE,OK
winner_reference::4bdb830e57145c4a1932619e,external_final_answer::cell::70ec8598dbfe2a4142826a56,external_final_answer,prmbench_qwen3_response_v1,cell,prmbench_response_qwen3_8b,cell,prmbench_response_qwen3_8b,prmbench,qwen3_8b,overall,"[""prmbench_response_qwen3_8b""]",1,single_cell,auprc,True,"[""upcr""]",upcr,iu_pcr,0.9555604219390241,0.9527134713467362,-0.0028469505922879,-0.004136902018127417,-0.0015864690559379655,-0.0028469505922879,-0.004136902018127417,-0.0015864690559379655,1.0,source_group,20000,20000,SEPARATED_FROM_POINT_WINNER_95CI,False,NONE,OK
winner_reference::4bdb830e57145c4a1932619e,external_final_answer::cell::70ec8598dbfe2a4142826a56,external_final_answer,prmbench_qwen3_response_v1,cell,prmbench_response_qwen3_8b,cell,prmbench_response_qwen3_8b,prmbench,qwen3_8b,overall,"[""prmbench_response_qwen3_8b""]",1,single_cell,auprc,True,"[""upcr""]",upcr,pgrd_a,0.9555604219390241,0.9462013677482105,-0.00935905419081362,-0.011844486325433922,-0.006999640591049957,-0.00935905419081362,-0.011844486325433922,-0.006999640591049957,1.0,source_group,20000,20000,SEPARATED_FROM_POINT_WINNER_95CI,False,NONE,OK
winner_reference::4bdb830e57145c4a1932619e,external_final_answer::cell::70ec8598dbfe2a4142826a56,external_final_answer,prmbench_qwen3_response_v1,cell,prmbench_response_qwen3_8b,cell,prmbench_response_qwen3_8b,prmbench,qwen3_8b,overall,"[""prmbench_response_qwen3_8b""]",1,single_cell,auprc,True,"[""upcr""]",upcr,su_pcr,0.9555604219390241,0.9535304085342908,-0.0020300134047332996,-0.0030280431263487923,-0.0010628762193871926,-0.0020300134047332996,-0.0030280431263487923,-0.0010628762193871926,1.0,source_group,20000,20000,SEPARATED_FROM_POINT_WINNER_95CI,False,NONE,OK
winner_reference::4bdb830e57145c4a1932619e,external_final_answer::cell::70ec8598dbfe2a4142826a56,external_final_answer,prmbench_qwen3_response_v1,cell,prmbench_response_qwen3_8b,cell,prmbench_response_qwen3_8b,prmbench,qwen3_8b,overall,"[""prmbench_response_qwen3_8b""]",1,single_cell,auprc,True,"[""upcr""]",upcr,upcr,0.9555604219390241,0.9555604219390241,0.0,0.0,0.0,0.0,0.0,0.0,1.0,source_group,20000,20000,POINT_WINNER,True,NONE,OK
winner_reference::552461c5b10d70f1c52354a3,external_final_answer::cell::68d1e237db0cc770f40b9cfe,external_final_answer,prmbench_qwen3_response_v1,cell,prmbench_response_qwen3_8b,cell,prmbench_response_qwen3_8b,prmbench,qwen3_8b,overall,"[""prmbench_response_qwen3_8b""]",1,single_cell,aurc_x1000,False,"[""ca_specrage_atomic""]",ca_specrage_atomic,ca_specrage_atomic,817.4482512523317,817.4482512523317,0.0,0.0,0.0,-0.0,-0.0,0.0,1.0,source_group,20000,20000,POINT_WINNER,True,NONE,OK
winner_reference::552461c5b10d70f1c52354a3,external_final_answer::cell::68d1e237db0cc770f40b9cfe,external_final_answer,prmbench_qwen3_response_v1,cell,prmbench_response_qwen3_8b,cell,prmbench_response_qwen3_8b,prmbench,qwen3_8b,overall,"[""prmbench_response_qwen3_8b""]",1,single_cell,aurc_x1000,False,"[""ca_specrage_atomic""]",ca_specrage_atomic,continuous_lsml,817.4482512523317,822.5248229172952,5.076571664963467,2.257565390495941,7.932476813847373,-5.076571664963467,-7.932476813847373,-2.257565390495942,0.9996,source_group,20000,20000,SEPARATED_FROM_POINT_WINNER_95CI,False,NONE,OK
winner_reference::552461c5b10d70f1c52354a3,external_final_answer::cell::68d1e237db0cc770f40b9cfe,external_final_answer,prmbench_qwen3_response_v1,cell,prmbench_response_qwen3_8b,cell,prmbench_response_qwen3_8b,prmbench,qwen3_8b,overall,"[""prmbench_response_qwen3_8b""]",1,single_cell,aurc_x1000,False,"[""ca_specrage_atomic""]",ca_specrage_atomic,deem_b3,817.4482512523317,818.8842041948855,1.4359529425537403,-1.9877252510659105,4.6909585934077365,-1.4359529425537403,-4.690958593407757,1.9877252510659011,0.78505,source_group,20000,20000,NOT_SEPARATED_FROM_POINT_WINNER_95CI,True,NONE,OK
winner_reference::552461c5b10d70f1c52354a3,external_final_answer::cell::68d1e237db0cc770f40b9cfe,external_final_answer,prmbench_qwen3_response_v1,cell,prmbench_response_qwen3_8b,cell,prmbench_response_qwen3_8b,prmbench,qwen3_8b,overall,"[""prmbench_response_qwen3_8b""]",1,single_cell,aurc_x1000,False,"[""ca_specrage_atomic""]",ca_specrage_atomic,dufs_liu,817.4482512523317,817.9369114710053,0.4886602186735445,-0.13948581388952447,1.1019549354935707,-0.4886602186735445,-1.101954935493572,0.13948581388952444,0.9379,source_group,20000,20000,NOT_SEPARATED_FROM_POINT_WINNER_95CI,True,NONE,OK
winner_reference::552461c5b10d70f1c52354a3,external_final_answer::cell::68d1e237db0cc770f40b9cfe,external_final_answer,prmbench_qwen3_response_v1,cell,prmbench_response_qwen3_8b,cell,prmbench_response_qwen3_8b,prmbench,qwen3_8b,overall,"[""prmbench_response_qwen3_8b""]",1,single_cell,aurc_x1000,False,"[""ca_specrage_atomic""]",ca_specrage_atomic,dufs_pf_lsml,817.4482512523317,838.9424933727277,21.49424212039594,14.530282333119258,28.26859143427724,-21.49424212039594,-28.26859143427724,-14.530282333119281,1.0,source_group,20000,20000,SEPARATED_FROM_POINT_WINNER_95CI,False,NONE,OK
winner_reference::552461c5b10d70f1c52354a3,external_final_answer::cell::68d1e237db0cc770f40b9cfe,external_final_answer,prmbench_qwen3_response_v1,cell,prmbench_response_qwen3_8b,cell,prmbench_response_qwen3_8b,prmbench,qwen3_8b,overall,"[""prmbench_response_qwen3_8b""]",1,single_cell,aurc_x1000,False,"[""ca_specrage_atomic""]",ca_specrage_atomic,dufs_stability_lsml,817.4482512523317,830.7122805898986,13.264029337566853,8.15484108903758,18.20700953176263,-13.264029337566853,-18.207009531762633,-8.154841089037584,1.0,source_group,20000,20000,SEPARATED_FROM_POINT_WINNER_95CI,False,NONE,OK
winner_reference::552461c5b10d70f1c52354a3,external_final_answer::cell::68d1e237db0cc770f40b9cfe,external_final_answer,prmbench_qwen3_response_v1,cell,prmbench_response_qwen3_8b,cell,prmbench_response_qwen3_8b,prmbench,qwen3_8b,overall,"[""prmbench_response_qwen3_8b""]",1,single_cell,aurc_x1000,False,"[""ca_specrage_atomic""]",ca_specrage_atomic,equal_family_mean,817.4482512523317,819.1317054662892,1.683454213957475,-1.9253525024176497,5.113939038586087,-1.683454213957475,-5.113939038586091,1.9253525024176483,0.81305,source_group,20000,20000,NOT_SEPARATED_FROM_POINT_WINNER_95CI,True,NONE,OK
winner_reference::552461c5b10d70f1c52354a3,external_final_answer::cell::68d1e237db0cc770f40b9cfe,external_final_answer,prmbench_qwen3_response_v1,cell,prmbench_response_qwen3_8b,cell,prmbench_response_qwen3_8b,prmbench,qwen3_8b,overall,"[""prmbench_response_qwen3_8b""]",1,single_cell,aurc_x1000,False,"[""ca_specrage_atomic""]",ca_specrage_atomic,equal_feature_mean,817.4482512523317,817.5733166910093,0.12506543867755227,-2.1684840021859855,2.4920672119427127,-0.12506543867755227,-2.4920672119427167,2.1684840021859855,0.54145,source_group,20000,20000,NOT_SEPARATED_FROM_POINT_WINNER_95CI,True,NONE,OK
winner_reference::552461c5b10d70f1c52354a3,external_final_answer::cell::68d1e237db0cc770f40b9cfe,external_final_answer,prmbench_qwen3_response_v1,cell,prmbench_response_qwen3_8b,cell,prmbench_response_qwen3_8b,prmbench,qwen3_8b,overall,"[""prmbench_response_qwen3_8b""]",1,single_cell,aurc_x1000,False,"[""ca_specrage_atomic""]",ca_specrage_atomic,family_nrm_a,817.4482512523317,822.6950339345577,5.246782682226012,3.3456225284325143,7.174460119985843,-5.246782682226012,-7.174460119985847,-3.3456225284325174,1.0,source_group,20000,20000,SEPARATED_FROM_POINT_WINNER_95CI,False,NONE,OK
winner_reference::552461c5b10d70f1c52354a3,external_final_answer::cell::68d1e237db0cc770f40b9cfe,external_final_answer,prmbench_qwen3_response_v1,cell,prmbench_response_qwen3_8b,cell,prmbench_response_qwen3_8b,prmbench,qwen3_8b,overall,"[""prmbench_response_qwen3_8b""]",1,single_cell,aurc_x1000,False,"[""ca_specrage_atomic""]",ca_specrage_atomic,iu_pcr,817.4482512523317,818.3579247591291,0.9096735067973896,-0.014822694953704729,1.8235148240107917,-0.9096735067973896,-1.823514824010792,0.01482269495370369,0.97335,source_group,20000,20000,NOT_SEPARATED_FROM_POINT_WINNER_95CI,True,NONE,OK
winner_reference::552461c5b10d70f1c52354a3,external_final_answer::cell::68d1e237db0cc770f40b9cfe,external_final_answer,prmbench_qwen3_response_v1,cell,prmbench_response_qwen3_8b,cell,prmbench_response_qwen3_8b,prmbench,qwen3_8b,overall,"[""prmbench_response_qwen3_8b""]",1,single_cell,aurc_x1000,False,"[""ca_specrage_atomic""]",ca_specrage_atomic,pgrd_a,817.4482512523317,822.6046364628281,5.15638521049641,3.053976785071549,7.2818091968443195,-5.15638521049641,-7.281809196844321,-3.0539767850715513,1.0,source_group,20000,20000,SEPARATED_FROM_POINT_WINNER_95CI,False,NONE,OK
winner_reference::552461c5b10d70f1c52354a3,external_final_answer::cell::68d1e237db0cc770f40b9cfe,external_final_answer,prmbench_qwen3_response_v1,cell,prmbench_response_qwen3_8b,cell,prmbench_response_qwen3_8b,prmbench,qwen3_8b,overall,"[""prmbench_response_qwen3_8b""]",1,single_cell,aurc_x1000,False,"[""ca_specrage_atomic""]",ca_specrage_atomic,su_pcr,817.4482512523317,817.815761034261,0.3675097819292432,-0.1113303687552559,0.8383615004618139,-0.3675097819292432,-0.838361500461815,0.11133036875525573,0.9351,source_group,20000,20000,NOT_SEPARATED_FROM_POINT_WINNER_95CI,True,NONE,OK
winner_reference::552461c5b10d70f1c52354a3,external_final_answer::cell::68d1e237db0cc770f40b9cfe,external_final_answer,prmbench_qwen3_response_v1,cell,prmbench_response_qwen3_8b,cell,prmbench_response_qwen3_8b,prmbench,qwen3_8b,overall,"[""prmbench_response_qwen3_8b""]",1,single_cell,aurc_x1000,False,"[""ca_specrage_atomic""]",ca_specrage_atomic,upcr,817.4482512523317,818.2143883381098,0.7661370857780412,-0.3091660872086379,1.7330861901774666,-0.7661370857780412,-1.7330861901774681,0.3091660872086375,0.9127,source_group,20000,20000,NOT_SEPARATED_FROM_POINT_WINNER_95CI,True,NONE,OK
winner_reference::0bab3d25c46e4919394eaa87,external_final_answer::cell::4bf623208c8062aa2abdbd0c,external_final_answer,prmbench_qwen3_response_v1,cell,prmbench_response_qwen3_8b,cell,prmbench_response_qwen3_8b,prmbench,qwen3_8b,overall,"[""prmbench_response_qwen3_8b""]",1,single_cell,auroc,True,"[""upcr""]",upcr,ca_specrage_atomic,0.7296890513219814,0.7259665160963469,-0.0037225352256344824,-0.006206944548924683,-0.001244158850141894,-0.0037225352256344824,-0.006206944548924683,-0.001244158850141894,0.9987,source_group,20000,20000,SEPARATED_FROM_POINT_WINNER_95CI,False,NONE,OK
winner_reference::0bab3d25c46e4919394eaa87,external_final_answer::cell::4bf623208c8062aa2abdbd0c,external_final_answer,prmbench_qwen3_response_v1,cell,prmbench_response_qwen3_8b,cell,prmbench_response_qwen3_8b,prmbench,qwen3_8b,overall,"[""prmbench_response_qwen3_8b""]",1,single_cell,auroc,True,"[""upcr""]",upcr,continuous_lsml,0.7296890513219814,0.7036536182778881,-0.02603543304409328,-0.034770118629350893,-0.01724043583593629,-0.02603543304409328,-0.034770118629350893,-0.01724043583593629,1.0,source_group,20000,20000,SEPARATED_FROM_POINT_WINNER_95CI,False,NONE,OK
winner_reference::0bab3d25c46e4919394eaa87,external_final_answer::cell::4bf623208c8062aa2abdbd0c,external_final_answer,prmbench_qwen3_response_v1,cell,prmbench_response_qwen3_8b,cell,prmbench_response_qwen3_8b,prmbench,qwen3_8b,overall,"[""prmbench_response_qwen3_8b""]",1,single_cell,auroc,True,"[""upcr""]",upcr,deem_b3,0.7296890513219814,0.6966773445787884,-0.03301170674319298,-0.040948194006523414,-0.024993909900807548,-0.03301170674319298,-0.040948194006523414,-0.024993909900807548,1.0,source_group,20000,20000,SEPARATED_FROM_POINT_WINNER_95CI,False,NONE,OK
winner_reference::0bab3d25c46e4919394eaa87,external_final_answer::cell::4bf623208c8062aa2abdbd0c,external_final_answer,prmbench_qwen3_response_v1,cell,prmbench_response_qwen3_8b,cell,prmbench_response_qwen3_8b,prmbench,qwen3_8b,overall,"[""prmbench_response_qwen3_8b""]",1,single_cell,auroc,True,"[""upcr""]",upcr,dufs_liu,0.7296890513219814,0.722893623514131,-0.006795427807850363,-0.010648381995215162,-0.0029772392797987055,-0.006795427807850363,-0.010648381995215162,-0.0029772392797987055,0.99975,source_group,20000,20000,SEPARATED_FROM_POINT_WINNER_95CI,False,NONE,OK
winner_reference::0bab3d25c46e4919394eaa87,external_final_answer::cell::4bf623208c8062aa2abdbd0c,external_final_answer,prmbench_qwen3_response_v1,cell,prmbench_response_qwen3_8b,cell,prmbench_response_qwen3_8b,prmbench,qwen3_8b,overall,"[""prmbench_response_qwen3_8b""]",1,single_cell,auroc,True,"[""upcr""]",upcr,dufs_pf_lsml,0.7296890513219814,0.6893043149702146,-0.04038473635176676,-0.05262272875215382,-0.0279119053599925,-0.04038473635176676,-0.05262272875215382,-0.0279119053599925,1.0,source_group,20000,20000,SEPARATED_FROM_POINT_WINNER_95CI,False,NONE,OK
winner_reference::0bab3d25c46e4919394eaa87,external_final_answer::cell::4bf623208c8062aa2abdbd0c,external_final_answer,prmbench_qwen3_response_v1,cell,prmbench_response_qwen3_8b,cell,prmbench_response_qwen3_8b,prmbench,qwen3_8b,overall,"[""prmbench_response_qwen3_8b""]",1,single_cell,auroc,True,"[""upcr""]",upcr,dufs_stability_lsml,0.7296890513219814,0.7094476996232626,-0.020241351698718768,-0.029107122897402908,-0.011242745559785173,-0.020241351698718768,-0.029107122897402908,-0.011242745559785173,1.0,source_group,20000,20000,SEPARATED_FROM_POINT_WINNER_95CI,False,NONE,OK
winner_reference::0bab3d25c46e4919394eaa87,external_final_answer::cell::4bf623208c8062aa2abdbd0c,external_final_answer,prmbench_qwen3_response_v1,cell,prmbench_response_qwen3_8b,cell,prmbench_response_qwen3_8b,prmbench,qwen3_8b,overall,"[""prmbench_response_qwen3_8b""]",1,single_cell,auroc,True,"[""upcr""]",upcr,equal_family_mean,0.7296890513219814,0.694795569764437,-0.03489348155754435,-0.04311032214730535,-0.026568139004919163,-0.03489348155754435,-0.04311032214730535,-0.026568139004919163,1.0,source_group,20000,20000,SEPARATED_FROM_POINT_WINNER_95CI,False,NONE,OK
winner_reference::0bab3d25c46e4919394eaa87,external_final_answer::cell::4bf623208c8062aa2abdbd0c,external_final_answer,prmbench_qwen3_response_v1,cell,prmbench_response_qwen3_8b,cell,prmbench_response_qwen3_8b,prmbench,qwen3_8b,overall,"[""prmbench_response_qwen3_8b""]",1,single_cell,auroc,True,"[""upcr""]",upcr,equal_feature_mean,0.7296890513219814,0.7176448424706906,-0.01204420885129076,-0.018966416230952646,-0.005070584399926863,-0.01204420885129076,-0.018966416230952646,-0.005070584399926863,0.99965,source_group,20000,20000,SEPARATED_FROM_POINT_WINNER_95CI,False,NONE,OK
winner_reference::0bab3d25c46e4919394eaa87,external_final_answer::cell::4bf623208c8062aa2abdbd0c,external_final_answer,prmbench_qwen3_response_v1,cell,prmbench_response_qwen3_8b,cell,prmbench_response_qwen3_8b,prmbench,qwen3_8b,overall,"[""prmbench_response_qwen3_8b""]",1,single_cell,auroc,True,"[""upcr""]",upcr,family_nrm_a,0.7296890513219814,0.7104445833786688,-0.019244467943312582,-0.025019637092677023,-0.013529451632968521,-0.019244467943312582,-0.025019637092677023,-0.013529451632968521,1.0,source_group,20000,20000,SEPARATED_FROM_POINT_WINNER_95CI,False,NONE,OK
winner_reference::0bab3d25c46e4919394eaa87,external_final_answer::cell::4bf623208c8062aa2abdbd0c,external_final_answer,prmbench_qwen3_response_v1,cell,prmbench_response_qwen3_8b,cell,prmbench_response_qwen3_8b,prmbench,qwen3_8b,overall,"[""prmbench_response_qwen3_8b""]",1,single_cell,auroc,True,"[""upcr""]",upcr,iu_pcr,0.7296890513219814,0.7209170693020156,-0.008771982019965763,-0.013299482900554377,-0.0042630348689103375,-0.008771982019965763,-0.013299482900554377,-0.0042630348689103375,0.9999,source_group,20000,20000,SEPARATED_FROM_POINT_WINNER_95CI,False,NONE,OK
winner_reference::0bab3d25c46e4919394eaa87,external_final_answer::cell::4bf623208c8062aa2abdbd0c,external_final_answer,prmbench_qwen3_response_v1,cell,prmbench_response_qwen3_8b,cell,prmbench_response_qwen3_8b,prmbench,qwen3_8b,overall,"[""prmbench_response_qwen3_8b""]",1,single_cell,auroc,True,"[""upcr""]",upcr,pgrd_a,0.7296890513219814,0.7011319762736992,-0.0285570750482822,-0.036107204573975316,-0.021011468387024484,-0.0285570750482822,-0.036107204573975316,-0.021011468387024484,1.0,source_group,20000,20000,SEPARATED_FROM_POINT_WINNER_95CI,False,NONE,OK
winner_reference::0bab3d25c46e4919394eaa87,external_final_answer::cell::4bf623208c8062aa2abdbd0c,external_final_answer,prmbench_qwen3_response_v1,cell,prmbench_response_qwen3_8b,cell,prmbench_response_qwen3_8b,prmbench,qwen3_8b,overall,"[""prmbench_response_qwen3_8b""]",1,single_cell,auroc,True,"[""upcr""]",upcr,su_pcr,0.7296890513219814,0.7236782099189403,-0.0060108414030410895,-0.009524056510505923,-0.0025383790832512357,-0.0060108414030410895,-0.009524056510505923,-0.0025383790832512357,0.99975,source_group,20000,20000,SEPARATED_FROM_POINT_WINNER_95CI,False,NONE,OK
winner_reference::0bab3d25c46e4919394eaa87,external_final_answer::cell::4bf623208c8062aa2abdbd0c,external_final_answer,prmbench_qwen3_response_v1,cell,prmbench_response_qwen3_8b,cell,prmbench_response_qwen3_8b,prmbench,qwen3_8b,overall,"[""prmbench_response_qwen3_8b""]",1,single_cell,auroc,True,"[""upcr""]",upcr,upcr,0.7296890513219814,0.7296890513219814,0.0,0.0,0.0,0.0,0.0,0.0,1.0,source_group,20000,20000,POINT_WINNER,True,NONE,OK
winner_reference::5632a617acb485ea947930b1,external_final_answer::population::a3e1e64ef8e3891645dda119,external_final_answer,prmbench_qwen3_response_v1,population,prmbench_qwen3_response_v1,population,__population__,prmbench,qwen3_8b,population::overall,"[""prmbench_response_qwen3_8b""]",1,single_cell,auprc,True,"[""upcr""]",upcr,ca_specrage_atomic,0.9555604219390241,0.9542188693910817,-0.0013415525479424373,-0.002051365405981728,-0.0006630020116576125,-0.0013415525479424373,-0.002051365405981728,-0.0006630020116576125,1.0,source_group,20000,20000,SEPARATED_FROM_POINT_WINNER_95CI,False,NONE,OK
winner_reference::5632a617acb485ea947930b1,external_final_answer::population::a3e1e64ef8e3891645dda119,external_final_answer,prmbench_qwen3_response_v1,population,prmbench_qwen3_response_v1,population,__population__,prmbench,qwen3_8b,population::overall,"[""prmbench_response_qwen3_8b""]",1,single_cell,auprc,True,"[""upcr""]",upcr,continuous_lsml,0.9555604219390241,0.9472199904136912,-0.008340431525332925,-0.011016358683061172,-0.005719337555311777,-0.008340431525332925,-0.011016358683061172,-0.005719337555311777,1.0,source_group,20000,20000,SEPARATED_FROM_POINT_WINNER_95CI,False,NONE,OK
winner_reference::5632a617acb485ea947930b1,external_final_answer::population::a3e1e64ef8e3891645dda119,external_final_answer,prmbench_qwen3_response_v1,population,prmbench_qwen3_response_v1,population,__population__,prmbench,qwen3_8b,population::overall,"[""prmbench_response_qwen3_8b""]",1,single_cell,auprc,True,"[""upcr""]",upcr,deem_b3,0.9555604219390241,0.942572027598075,-0.012988394340949116,-0.015952351923581985,-0.010148022557857876,-0.012988394340949116,-0.015952351923581985,-0.010148022557857876,1.0,source_group,20000,20000,SEPARATED_FROM_POINT_WINNER_95CI,False,NONE,OK
winner_reference::5632a617acb485ea947930b1,external_final_answer::population::a3e1e64ef8e3891645dda119,external_final_answer,prmbench_qwen3_response_v1,population,prmbench_qwen3_response_v1,population,__population__,prmbench,qwen3_8b,population::overall,"[""prmbench_response_qwen3_8b""]",1,single_cell,auprc,True,"[""upcr""]",upcr,dufs_liu,0.9555604219390241,0.9532950668412421,-0.002265355097782029,-0.0033665443931816864,-0.0012034846501978985,-0.002265355097782029,-0.0033665443931816864,-0.0012034846501978985,1.0,source_group,20000,20000,SEPARATED_FROM_POINT_WINNER_95CI,False,NONE,OK
winner_reference::5632a617acb485ea947930b1,external_final_answer::population::a3e1e64ef8e3891645dda119,external_final_answer,prmbench_qwen3_response_v1,population,prmbench_qwen3_response_v1,population,__population__,prmbench,qwen3_8b,population::overall,"[""prmbench_response_qwen3_8b""]",1,single_cell,auprc,True,"[""upcr""]",upcr,dufs_pf_lsml,0.9555604219390241,0.9468746078400339,-0.008685814098990274,-0.01160290692177757,-0.005774244671001698,-0.008685814098990274,-0.01160290692177757,-0.005774244671001698,1.0,source_group,20000,20000,SEPARATED_FROM_POINT_WINNER_95CI,False,NONE,OK
winner_reference::5632a617acb485ea947930b1,external_final_answer::population::a3e1e64ef8e3891645dda119,external_final_answer,prmbench_qwen3_response_v1,population,prmbench_qwen3_response_v1,population,__population__,prmbench,qwen3_8b,population::overall,"[""prmbench_response_qwen3_8b""]",1,single_cell,auprc,True,"[""upcr""]",upcr,dufs_stability_lsml,0.9555604219390241,0.951329930642507,-0.0042304912965170915,-0.006324139361572337,-0.0021464819316761446,-0.0042304912965170915,-0.006324139361572337,-0.0021464819316761446,1.0,source_group,20000,20000,SEPARATED_FROM_POINT_WINNER_95CI,False,NONE,OK
winner_reference::5632a617acb485ea947930b1,external_final_answer::population::a3e1e64ef8e3891645dda119,external_final_answer,prmbench_qwen3_response_v1,population,prmbench_qwen3_response_v1,population,__population__,prmbench,qwen3_8b,population::overall,"[""prmbench_response_qwen3_8b""]",1,single_cell,auprc,True,"[""upcr""]",upcr,equal_family_mean,0.9555604219390241,0.9418458597981064,-0.013714562140917708,-0.016801753492847064,-0.010752657409457885,-0.013714562140917708,-0.016801753492847064,-0.010752657409457885,1.0,source_group,20000,20000,SEPARATED_FROM_POINT_WINNER_95CI,False,NONE,OK
winner_reference::5632a617acb485ea947930b1,external_final_answer::population::a3e1e64ef8e3891645dda119,external_final_answer,prmbench_qwen3_response_v1,population,prmbench_qwen3_response_v1,population,__population__,prmbench,qwen3_8b,population::overall,"[""prmbench_response_qwen3_8b""]",1,single_cell,auprc,True,"[""upcr""]",upcr,equal_feature_mean,0.9555604219390241,0.951055107938059,-0.004505314000965099,-0.00646320505371499,-0.0026019007809698395,-0.004505314000965099,-0.00646320505371499,-0.0026019007809698395,1.0,source_group,20000,20000,SEPARATED_FROM_POINT_WINNER_95CI,False,NONE,OK
winner_reference::5632a617acb485ea947930b1,external_final_answer::population::a3e1e64ef8e3891645dda119,external_final_answer,prmbench_qwen3_response_v1,population,prmbench_qwen3_response_v1,population,__population__,prmbench,qwen3_8b,population::overall,"[""prmbench_response_qwen3_8b""]",1,single_cell,auprc,True,"[""upcr""]",upcr,family_nrm_a,0.9555604219390241,0.9508445999837185,-0.004715821955305621,-0.00631789333013415,-0.0032052430707098104,-0.004715821955305621,-0.00631789333013415,-0.0032052430707098104,1.0,source_group,20000,20000,SEPARATED_FROM_POINT_WINNER_95CI,False,NONE,OK
winner_reference::5632a617acb485ea947930b1,external_final_answer::population::a3e1e64ef8e3891645dda119,external_final_answer,prmbench_qwen3_response_v1,population,prmbench_qwen3_response_v1,population,__population__,prmbench,qwen3_8b,population::overall,"[""prmbench_response_qwen3_8b""]",1,single_cell,auprc,True,"[""upcr""]",upcr,iu_pcr,0.9555604219390241,0.9527134713467362,-0.0028469505922879,-0.004145691713826227,-0.0015909012300567502,-0.0028469505922879,-0.004145691713826227,-0.0015909012300567502,1.0,source_group,20000,20000,SEPARATED_FROM_POINT_WINNER_95CI,False,NONE,OK
winner_reference::5632a617acb485ea947930b1,external_final_answer::population::a3e1e64ef8e3891645dda119,external_final_answer,prmbench_qwen3_response_v1,population,prmbench_qwen3_response_v1,population,__population__,prmbench,qwen3_8b,population::overall,"[""prmbench_response_qwen3_8b""]",1,single_cell,auprc,True,"[""upcr""]",upcr,pgrd_a,0.9555604219390241,0.9462013677482105,-0.00935905419081362,-0.0118545280291661,-0.006953068603116892,-0.00935905419081362,-0.0118545280291661,-0.006953068603116892,1.0,source_group,20000,20000,SEPARATED_FROM_POINT_WINNER_95CI,False,NONE,OK
winner_reference::5632a617acb485ea947930b1,external_final_answer::population::a3e1e64ef8e3891645dda119,external_final_answer,prmbench_qwen3_response_v1,population,prmbench_qwen3_response_v1,population,__population__,prmbench,qwen3_8b,population::overall,"[""prmbench_response_qwen3_8b""]",1,single_cell,auprc,True,"[""upcr""]",upcr,su_pcr,0.9555604219390241,0.9535304085342908,-0.0020300134047332996,-0.0030306715722672266,-0.0010654671881932677,-0.0020300134047332996,-0.0030306715722672266,-0.0010654671881932677,1.0,source_group,20000,20000,SEPARATED_FROM_POINT_WINNER_95CI,False,NONE,OK
winner_reference::5632a617acb485ea947930b1,external_final_answer::population::a3e1e64ef8e3891645dda119,external_final_answer,prmbench_qwen3_response_v1,population,prmbench_qwen3_response_v1,population,__population__,prmbench,qwen3_8b,population::overall,"[""prmbench_response_qwen3_8b""]",1,single_cell,auprc,True,"[""upcr""]",upcr,upcr,0.9555604219390241,0.9555604219390241,0.0,0.0,0.0,0.0,0.0,0.0,1.0,source_group,20000,20000,POINT_WINNER,True,NONE,OK
winner_reference::c418db999704ad650ac49295,external_final_answer::population::ca3ff1c7d94074e6d4c7271c,external_final_answer,prmbench_qwen3_response_v1,population,prmbench_qwen3_response_v1,population,__population__,prmbench,qwen3_8b,population::overall,"[""prmbench_response_qwen3_8b""]",1,single_cell,aurc_x1000,False,"[""ca_specrage_atomic""]",ca_specrage_atomic,ca_specrage_atomic,817.4482512523317,817.4482512523317,0.0,0.0,0.0,-0.0,-0.0,0.0,1.0,source_group,20000,20000,POINT_WINNER,True,NONE,OK
winner_reference::c418db999704ad650ac49295,external_final_answer::population::ca3ff1c7d94074e6d4c7271c,external_final_answer,prmbench_qwen3_response_v1,population,prmbench_qwen3_response_v1,population,__population__,prmbench,qwen3_8b,population::overall,"[""prmbench_response_qwen3_8b""]",1,single_cell,aurc_x1000,False,"[""ca_specrage_atomic""]",ca_specrage_atomic,continuous_lsml,817.4482512523317,822.5248229172952,5.076571664963467,2.2264109850451264,7.936579663321271,-5.076571664963467,-7.936579663321271,-2.2264109850451272,0.99975,source_group,20000,20000,SEPARATED_FROM_POINT_WINNER_95CI,False,NONE,OK
winner_reference::c418db999704ad650ac49295,external_final_answer::population::ca3ff1c7d94074e6d4c7271c,external_final_answer,prmbench_qwen3_response_v1,population,prmbench_qwen3_response_v1,population,__population__,prmbench,qwen3_8b,population::overall,"[""prmbench_response_qwen3_8b""]",1,single_cell,aurc_x1000,False,"[""ca_specrage_atomic""]",ca_specrage_atomic,deem_b3,817.4482512523317,818.8842041948855,1.4359529425537403,-1.9994376516879497,4.730270432072322,-1.4359529425537403,-4.730270432072322,1.9994376516879464,0.78855,source_group,20000,20000,NOT_SEPARATED_FROM_POINT_WINNER_95CI,True,NONE,OK
winner_reference::c418db999704ad650ac49295,external_final_answer::population::ca3ff1c7d94074e6d4c7271c,external_final_answer,prmbench_qwen3_response_v1,population,prmbench_qwen3_response_v1,population,__population__,prmbench,qwen3_8b,population::overall,"[""prmbench_response_qwen3_8b""]",1,single_cell,aurc_x1000,False,"[""ca_specrage_atomic""]",ca_specrage_atomic,dufs_liu,817.4482512523317,817.9369114710053,0.4886602186735445,-0.13487716741517203,1.1078324116416318,-0.4886602186735445,-1.1078324116416325,0.13487716741517164,0.9374,source_group,20000,20000,NOT_SEPARATED_FROM_POINT_WINNER_95CI,True,NONE,OK
winner_reference::c418db999704ad650ac49295,external_final_answer::population::ca3ff1c7d94074e6d4c7271c,external_final_answer,prmbench_qwen3_response_v1,population,prmbench_qwen3_response_v1,population,__population__,prmbench,qwen3_8b,population::overall,"[""prmbench_response_qwen3_8b""]",1,single_cell,aurc_x1000,False,"[""ca_specrage_atomic""]",ca_specrage_atomic,dufs_pf_lsml,817.4482512523317,838.9424933727277,21.49424212039594,14.579259141161353,28.31673448363586,-21.49424212039594,-28.31673448363586,-14.579259141161367,1.0,source_group,20000,20000,SEPARATED_FROM_POINT_WINNER_95CI,False,NONE,OK
winner_reference::c418db999704ad650ac49295,external_final_answer::population::ca3ff1c7d94074e6d4c7271c,external_final_answer,prmbench_qwen3_response_v1,population,prmbench_qwen3_response_v1,population,__population__,prmbench,qwen3_8b,population::overall,"[""prmbench_response_qwen3_8b""]",1,single_cell,aurc_x1000,False,"[""ca_specrage_atomic""]",ca_specrage_atomic,dufs_stability_lsml,817.4482512523317,830.7122805898986,13.264029337566853,8.194795499683755,18.12874282940154,-13.264029337566853,-18.128742829401546,-8.194795499683755,1.0,source_group,20000,20000,SEPARATED_FROM_POINT_WINNER_95CI,False,NONE,OK
winner_reference::c418db999704ad650ac49295,external_final_answer::population::ca3ff1c7d94074e6d4c7271c,external_final_answer,prmbench_qwen3_response_v1,population,prmbench_qwen3_response_v1,population,__population__,prmbench,qwen3_8b,population::overall,"[""prmbench_response_qwen3_8b""]",1,single_cell,aurc_x1000,False,"[""ca_specrage_atomic""]",ca_specrage_atomic,equal_family_mean,817.4482512523317,819.1317054662892,1.683454213957475,-1.9280418351899868,5.1427000971849,-1.683454213957475,-5.142700097184905,1.9280418351899837,0.8163,source_group,20000,20000,NOT_SEPARATED_FROM_POINT_WINNER_95CI,True,NONE,OK
winner_reference::c418db999704ad650ac49295,external_final_answer::population::ca3ff1c7d94074e6d4c7271c,external_final_answer,prmbench_qwen3_response_v1,population,prmbench_qwen3_response_v1,population,__population__,prmbench,qwen3_8b,population::overall,"[""prmbench_response_qwen3_8b""]",1,single_cell,aurc_x1000,False,"[""ca_specrage_atomic""]",ca_specrage_atomic,equal_feature_mean,817.4482512523317,817.5733166910093,0.12506543867755227,-2.225671098694923,2.45756805189519,-0.12506543867755227,-2.4575680518951915,2.2256710986949213,0.5406,source_group,20000,20000,NOT_SEPARATED_FROM_POINT_WINNER_95CI,True,NONE,OK
winner_reference::c418db999704ad650ac49295,external_final_answer::population::ca3ff1c7d94074e6d4c7271c,external_final_answer,prmbench_qwen3_response_v1,population,prmbench_qwen3_response_v1,population,__population__,prmbench,qwen3_8b,population::overall,"[""prmbench_response_qwen3_8b""]",1,single_cell,aurc_x1000,False,"[""ca_specrage_atomic""]",ca_specrage_atomic,family_nrm_a,817.4482512523317,822.6950339345577,5.246782682226012,3.3599695076325675,7.158845145203432,-5.246782682226012,-7.158845145203441,-3.3599695076325693,1.0,source_group,20000,20000,SEPARATED_FROM_POINT_WINNER_95CI,False,NONE,OK
winner_reference::c418db999704ad650ac49295,external_final_answer::population::ca3ff1c7d94074e6d4c7271c,external_final_answer,prmbench_qwen3_response_v1,population,prmbench_qwen3_response_v1,population,__population__,prmbench,qwen3_8b,population::overall,"[""prmbench_response_qwen3_8b""]",1,single_cell,aurc_x1000,False,"[""ca_specrage_atomic""]",ca_specrage_atomic,iu_pcr,817.4482512523317,818.3579247591291,0.9096735067973896,-0.0065086276113078155,1.823451812301317,-0.9096735067973896,-1.8234518123013175,0.00650862761130781,0.9742,source_group,20000,20000,NOT_SEPARATED_FROM_POINT_WINNER_95CI,True,NONE,OK
winner_reference::c418db999704ad650ac49295,external_final_answer::population::ca3ff1c7d94074e6d4c7271c,external_final_answer,prmbench_qwen3_response_v1,population,prmbench_qwen3_response_v1,population,__population__,prmbench,qwen3_8b,population::overall,"[""prmbench_response_qwen3_8b""]",1,single_cell,aurc_x1000,False,"[""ca_specrage_atomic""]",ca_specrage_atomic,pgrd_a,817.4482512523317,822.6046364628281,5.15638521049641,3.077789185695724,7.23577175418367,-5.15638521049641,-7.235771754183671,-3.0777891856957273,1.0,source_group,20000,20000,SEPARATED_FROM_POINT_WINNER_95CI,False,NONE,OK
winner_reference::c418db999704ad650ac49295,external_final_answer::population::ca3ff1c7d94074e6d4c7271c,external_final_answer,prmbench_qwen3_response_v1,population,prmbench_qwen3_response_v1,population,__population__,prmbench,qwen3_8b,population::overall,"[""prmbench_response_qwen3_8b""]",1,single_cell,aurc_x1000,False,"[""ca_specrage_atomic""]",ca_specrage_atomic,su_pcr,817.4482512523317,817.815761034261,0.3675097819292432,-0.10944089353480706,0.8414175908473168,-0.3675097819292432,-0.8414175908473169,0.10944089353480627,0.9345,source_group,20000,20000,NOT_SEPARATED_FROM_POINT_WINNER_95CI,True,NONE,OK
winner_reference::c418db999704ad650ac49295,external_final_answer::population::ca3ff1c7d94074e6d4c7271c,external_final_answer,prmbench_qwen3_response_v1,population,prmbench_qwen3_response_v1,population,__population__,prmbench,qwen3_8b,population::overall,"[""prmbench_response_qwen3_8b""]",1,single_cell,aurc_x1000,False,"[""ca_specrage_atomic""]",ca_specrage_atomic,upcr,817.4482512523317,818.2143883381098,0.7661370857780412,-0.31585275009539937,1.7206715193180329,-0.7661370857780412,-1.7206715193180344,0.31585275009539643,0.9118,source_group,20000,20000,NOT_SEPARATED_FROM_POINT_WINNER_95CI,True,NONE,OK
winner_reference::ae0dc8521be58534df516599,external_final_answer::population::123a6aa938d2b546ce8a8d33,external_final_answer,prmbench_qwen3_response_v1,population,prmbench_qwen3_response_v1,population,__population__,prmbench,qwen3_8b,population::overall,"[""prmbench_response_qwen3_8b""]",1,single_cell,auroc,True,"[""upcr""]",upcr,ca_specrage_atomic,0.7296890513219814,0.7259665160963469,-0.0037225352256344824,-0.00629865521163461,-0.0012230717492704786,-0.0037225352256344824,-0.00629865521163461,-0.0012230717492704786,0.99855,source_group,20000,20000,SEPARATED_FROM_POINT_WINNER_95CI,False,NONE,OK
winner_reference::ae0dc8521be58534df516599,external_final_answer::population::123a6aa938d2b546ce8a8d33,external_final_answer,prmbench_qwen3_response_v1,population,prmbench_qwen3_response_v1,population,__population__,prmbench,qwen3_8b,population::overall,"[""prmbench_response_qwen3_8b""]",1,single_cell,auroc,True,"[""upcr""]",upcr,continuous_lsml,0.7296890513219814,0.7036536182778881,-0.02603543304409328,-0.03493762359101878,-0.01714246346604063,-0.02603543304409328,-0.03493762359101878,-0.01714246346604063,1.0,source_group,20000,20000,SEPARATED_FROM_POINT_WINNER_95CI,False,NONE,OK
winner_reference::ae0dc8521be58534df516599,external_final_answer::population::123a6aa938d2b546ce8a8d33,external_final_answer,prmbench_qwen3_response_v1,population,prmbench_qwen3_response_v1,population,__population__,prmbench,qwen3_8b,population::overall,"[""prmbench_response_qwen3_8b""]",1,single_cell,auroc,True,"[""upcr""]",upcr,deem_b3,0.7296890513219814,0.6966773445787884,-0.03301170674319298,-0.04127259756716817,-0.024978330550134677,-0.03301170674319298,-0.04127259756716817,-0.024978330550134677,1.0,source_group,20000,20000,SEPARATED_FROM_POINT_WINNER_95CI,False,NONE,OK
winner_reference::ae0dc8521be58534df516599,external_final_answer::population::123a6aa938d2b546ce8a8d33,external_final_answer,prmbench_qwen3_response_v1,population,prmbench_qwen3_response_v1,population,__population__,prmbench,qwen3_8b,population::overall,"[""prmbench_response_qwen3_8b""]",1,single_cell,auroc,True,"[""upcr""]",upcr,dufs_liu,0.7296890513219814,0.722893623514131,-0.006795427807850363,-0.0107502261146835,-0.0029098142872844017,-0.006795427807850363,-0.0107502261146835,-0.0029098142872844017,0.99985,source_group,20000,20000,SEPARATED_FROM_POINT_WINNER_95CI,False,NONE,OK
winner_reference::ae0dc8521be58534df516599,external_final_answer::population::123a6aa938d2b546ce8a8d33,external_final_answer,prmbench_qwen3_response_v1,population,prmbench_qwen3_response_v1,population,__population__,prmbench,qwen3_8b,population::overall,"[""prmbench_response_qwen3_8b""]",1,single_cell,auroc,True,"[""upcr""]",upcr,dufs_pf_lsml,0.7296890513219814,0.6893043149702146,-0.04038473635176676,-0.05288685750695504,-0.027988516095959655,-0.04038473635176676,-0.05288685750695504,-0.027988516095959655,1.0,source_group,20000,20000,SEPARATED_FROM_POINT_WINNER_95CI,False,NONE,OK
winner_reference::ae0dc8521be58534df516599,external_final_answer::population::123a6aa938d2b546ce8a8d33,external_final_answer,prmbench_qwen3_response_v1,population,prmbench_qwen3_response_v1,population,__population__,prmbench,qwen3_8b,population::overall,"[""prmbench_response_qwen3_8b""]",1,single_cell,auroc,True,"[""upcr""]",upcr,dufs_stability_lsml,0.7296890513219814,0.7094476996232626,-0.020241351698718768,-0.029231733725602733,-0.011247357443077997,-0.020241351698718768,-0.029231733725602733,-0.011247357443077997,1.0,source_group,20000,20000,SEPARATED_FROM_POINT_WINNER_95CI,False,NONE,OK
winner_reference::ae0dc8521be58534df516599,external_final_answer::population::123a6aa938d2b546ce8a8d33,external_final_answer,prmbench_qwen3_response_v1,population,prmbench_qwen3_response_v1,population,__population__,prmbench,qwen3_8b,population::overall,"[""prmbench_response_qwen3_8b""]",1,single_cell,auroc,True,"[""upcr""]",upcr,equal_family_mean,0.7296890513219814,0.694795569764437,-0.03489348155754435,-0.04345735450189811,-0.02655787799571013,-0.03489348155754435,-0.04345735450189811,-0.02655787799571013,1.0,source_group,20000,20000,SEPARATED_FROM_POINT_WINNER_95CI,False,NONE,OK
winner_reference::ae0dc8521be58534df516599,external_final_answer::population::123a6aa938d2b546ce8a8d33,external_final_answer,prmbench_qwen3_response_v1,population,prmbench_qwen3_response_v1,population,__population__,prmbench,qwen3_8b,population::overall,"[""prmbench_response_qwen3_8b""]",1,single_cell,auroc,True,"[""upcr""]",upcr,equal_feature_mean,0.7296890513219814,0.7176448424706906,-0.01204420885129076,-0.01913612497587584,-0.005142404331225332,-0.01204420885129076,-0.01913612497587584,-0.005142404331225332,0.9997,source_group,20000,20000,SEPARATED_FROM_POINT_WINNER_95CI,False,NONE,OK
winner_reference::ae0dc8521be58534df516599,external_final_answer::population::123a6aa938d2b546ce8a8d33,external_final_answer,prmbench_qwen3_response_v1,population,prmbench_qwen3_response_v1,population,__population__,prmbench,qwen3_8b,population::overall,"[""prmbench_response_qwen3_8b""]",1,single_cell,auroc,True,"[""upcr""]",upcr,family_nrm_a,0.7296890513219814,0.7104445833786688,-0.019244467943312582,-0.02490788153904861,-0.013678444225216394,-0.019244467943312582,-0.02490788153904861,-0.013678444225216394,1.0,source_group,20000,20000,SEPARATED_FROM_POINT_WINNER_95CI,False,NONE,OK
winner_reference::ae0dc8521be58534df516599,external_final_answer::population::123a6aa938d2b546ce8a8d33,external_final_answer,prmbench_qwen3_response_v1,population,prmbench_qwen3_response_v1,population,__population__,prmbench,qwen3_8b,population::overall,"[""prmbench_response_qwen3_8b""]",1,single_cell,auroc,True,"[""upcr""]",upcr,iu_pcr,0.7296890513219814,0.7209170693020156,-0.008771982019965763,-0.013388147821907143,-0.004204703642640678,-0.008771982019965763,-0.013388147821907143,-0.004204703642640678,0.99995,source_group,20000,20000,SEPARATED_FROM_POINT_WINNER_95CI,False,NONE,OK
winner_reference::ae0dc8521be58534df516599,external_final_answer::population::123a6aa938d2b546ce8a8d33,external_final_answer,prmbench_qwen3_response_v1,population,prmbench_qwen3_response_v1,population,__population__,prmbench,qwen3_8b,population::overall,"[""prmbench_response_qwen3_8b""]",1,single_cell,auroc,True,"[""upcr""]",upcr,pgrd_a,0.7296890513219814,0.7011319762736992,-0.0285570750482822,-0.036215785594041976,-0.02093353641487855,-0.0285570750482822,-0.036215785594041976,-0.02093353641487855,1.0,source_group,20000,20000,SEPARATED_FROM_POINT_WINNER_95CI,False,NONE,OK
winner_reference::ae0dc8521be58534df516599,external_final_answer::population::123a6aa938d2b546ce8a8d33,external_final_answer,prmbench_qwen3_response_v1,population,prmbench_qwen3_response_v1,population,__population__,prmbench,qwen3_8b,population::overall,"[""prmbench_response_qwen3_8b""]",1,single_cell,auroc,True,"[""upcr""]",upcr,su_pcr,0.7296890513219814,0.7236782099189403,-0.0060108414030410895,-0.009603269718894686,-0.002471806618910514,-0.0060108414030410895,-0.009603269718894686,-0.002471806618910514,0.99975,source_group,20000,20000,SEPARATED_FROM_POINT_WINNER_95CI,False,NONE,OK
winner_reference::ae0dc8521be58534df516599,external_final_answer::population::123a6aa938d2b546ce8a8d33,external_final_answer,prmbench_qwen3_response_v1,population,prmbench_qwen3_response_v1,population,__population__,prmbench,qwen3_8b,population::overall,"[""prmbench_response_qwen3_8b""]",1,single_cell,auroc,True,"[""upcr""]",upcr,upcr,0.7296890513219814,0.7296890513219814,0.0,0.0,0.0,0.0,0.0,0.0,1.0,source_group,20000,20000,POINT_WINNER,True,NONE,OK
winner_reference::ac94add8685687ffc4700149,external_final_answer::cell::830941fb050460bba38fcb95,external_final_answer,processbench_llama31_response_v1,cell,processbench_gsm8k_llama31_8b,cell,processbench_gsm8k_llama31_8b,processbench,llama31_8b,gsm8k,"[""processbench_gsm8k_llama31_8b""]",1,single_cell,auprc,True,"[""ca_specrage_atomic""]",ca_specrage_atomic,ca_specrage_atomic,0.8075791870330465,0.8075791870330465,0.0,0.0,0.0,0.0,0.0,0.0,1.0,source_group,20000,20000,POINT_WINNER,True,NONE,OK
winner_reference::ac94add8685687ffc4700149,external_final_answer::cell::830941fb050460bba38fcb95,external_final_answer,processbench_llama31_response_v1,cell,processbench_gsm8k_llama31_8b,cell,processbench_gsm8k_llama31_8b,processbench,llama31_8b,gsm8k,"[""processbench_gsm8k_llama31_8b""]",1,single_cell,auprc,True,"[""ca_specrage_atomic""]",ca_specrage_atomic,continuous_lsml,0.8075791870330465,0.7928437036427196,-0.014735483390326931,-0.0348740062097026,0.004871973465754003,-0.014735483390326931,-0.0348740062097026,0.004871973465754003,0.9285,source_group,20000,20000,NOT_SEPARATED_FROM_POINT_WINNER_95CI,True,NONE,OK
winner_reference::ac94add8685687ffc4700149,external_final_answer::cell::830941fb050460bba38fcb95,external_final_answer,processbench_llama31_response_v1,cell,processbench_gsm8k_llama31_8b,cell,processbench_gsm8k_llama31_8b,processbench,llama31_8b,gsm8k,"[""processbench_gsm8k_llama31_8b""]",1,single_cell,auprc,True,"[""ca_specrage_atomic""]",ca_specrage_atomic,deem_b3,0.8075791870330465,0.7999674206188445,-0.007611766414202026,-0.022823386144541217,0.007074998446534716,-0.007611766414202026,-0.022823386144541217,0.007074998446534716,0.8432,source_group,20000,20000,NOT_SEPARATED_FROM_POINT_WINNER_95CI,True,NONE,OK
winner_reference::ac94add8685687ffc4700149,external_final_answer::cell::830941fb050460bba38fcb95,external_final_answer,processbench_llama31_response_v1,cell,processbench_gsm8k_llama31_8b,cell,processbench_gsm8k_llama31_8b,processbench,llama31_8b,gsm8k,"[""processbench_gsm8k_llama31_8b""]",1,single_cell,auprc,True,"[""ca_specrage_atomic""]",ca_specrage_atomic,dufs_liu,0.8075791870330465,0.8040709724718165,-0.003508214561230072,-0.01429523009038537,0.00725865049643863,-0.003508214561230072,-0.01429523009038537,0.00725865049643863,0.7347,source_group,20000,20000,NOT_SEPARATED_FROM_POINT_WINNER_95CI,True,NONE,OK
winner_reference::ac94add8685687ffc4700149,external_final_answer::cell::830941fb050460bba38fcb95,external_final_answer,processbench_llama31_response_v1,cell,processbench_gsm8k_llama31_8b,cell,processbench_gsm8k_llama31_8b,processbench,llama31_8b,gsm8k,"[""processbench_gsm8k_llama31_8b""]",1,single_cell,auprc,True,"[""ca_specrage_atomic""]",ca_specrage_atomic,dufs_pf_lsml,0.8075791870330465,0.8072944662946767,-0.0002847207383698258,-0.006254255333360298,0.005698456383777707,-0.0002847207383698258,-0.006254255333360298,0.005698456383777707,0.54085,source_group,20000,20000,NOT_SEPARATED_FROM_POINT_WINNER_95CI,True,NONE,OK
winner_reference::ac94add8685687ffc4700149,external_final_answer::cell::830941fb050460bba38fcb95,external_final_answer,processbench_llama31_response_v1,cell,processbench_gsm8k_llama31_8b,cell,processbench_gsm8k_llama31_8b,processbench,llama31_8b,gsm8k,"[""processbench_gsm8k_llama31_8b""]",1,single_cell,auprc,True,"[""ca_specrage_atomic""]",ca_specrage_atomic,dufs_stability_lsml,0.8075791870330465,0.8069083764756568,-0.0006708105573897116,-0.005448563246955931,0.004279102319275756,-0.0006708105573897116,-0.005448563246955931,0.004279102319275756,0.6014,source_group,20000,20000,NOT_SEPARATED_FROM_POINT_WINNER_95CI,True,NONE,OK
winner_reference::ac94add8685687ffc4700149,external_final_answer::cell::830941fb050460bba38fcb95,external_final_answer,processbench_llama31_response_v1,cell,processbench_gsm8k_llama31_8b,cell,processbench_gsm8k_llama31_8b,processbench,llama31_8b,gsm8k,"[""processbench_gsm8k_llama31_8b""]",1,single_cell,auprc,True,"[""ca_specrage_atomic""]",ca_specrage_atomic,equal_family_mean,0.8075791870330465,0.7982556530193561,-0.00932353401369046,-0.02557238941258958,0.006192749559408302,-0.00932353401369046,-0.02557238941258958,0.006192749559408302,0.87805,source_group,20000,20000,NOT_SEPARATED_FROM_POINT_WINNER_95CI,True,NONE,OK
winner_reference::ac94add8685687ffc4700149,external_final_answer::cell::830941fb050460bba38fcb95,external_final_answer,processbench_llama31_response_v1,cell,processbench_gsm8k_llama31_8b,cell,processbench_gsm8k_llama31_8b,processbench,llama31_8b,gsm8k,"[""processbench_gsm8k_llama31_8b""]",1,single_cell,auprc,True,"[""ca_specrage_atomic""]",ca_specrage_atomic,equal_feature_mean,0.8075791870330465,0.8030732273303386,-0.004505959702707951,-0.02124746410364386,0.011769536685435027,-0.004505959702707951,-0.02124746410364386,0.011769536685435027,0.7061,source_group,20000,20000,NOT_SEPARATED_FROM_POINT_WINNER_95CI,True,NONE,OK
winner_reference::ac94add8685687ffc4700149,external_final_answer::cell::830941fb050460bba38fcb95,external_final_answer,processbench_llama31_response_v1,cell,processbench_gsm8k_llama31_8b,cell,processbench_gsm8k_llama31_8b,processbench,llama31_8b,gsm8k,"[""processbench_gsm8k_llama31_8b""]",1,single_cell,auprc,True,"[""ca_specrage_atomic""]",ca_specrage_atomic,family_nrm_a,0.8075791870330465,0.7827874061572596,-0.02479178087578693,-0.041257616626261456,-0.008810174025910496,-0.02479178087578693,-0.041257616626261456,-0.008810174025910496,0.9991,source_group,20000,20000,SEPARATED_FROM_POINT_WINNER_95CI,False,NONE,OK
winner_reference::ac94add8685687ffc4700149,external_final_answer::cell::830941fb050460bba38fcb95,external_final_answer,processbench_llama31_response_v1,cell,processbench_gsm8k_llama31_8b,cell,processbench_gsm8k_llama31_8b,processbench,llama31_8b,gsm8k,"[""processbench_gsm8k_llama31_8b""]",1,single_cell,auprc,True,"[""ca_specrage_atomic""]",ca_specrage_atomic,iu_pcr,0.8075791870330465,0.8029838682353726,-0.004595318797673942,-0.016874151998115386,0.007458011637682789,-0.004595318797673942,-0.016874151998115386,0.007458011637682789,0.7674,source_group,20000,20000,NOT_SEPARATED_FROM_POINT_WINNER_95CI,True,NONE,OK
winner_reference::ac94add8685687ffc4700149,external_final_answer::cell::830941fb050460bba38fcb95,external_final_answer,processbench_llama31_response_v1,cell,processbench_gsm8k_llama31_8b,cell,processbench_gsm8k_llama31_8b,processbench,llama31_8b,gsm8k,"[""processbench_gsm8k_llama31_8b""]",1,single_cell,auprc,True,"[""ca_specrage_atomic""]",ca_specrage_atomic,pgrd_a,0.8075791870330465,0.8054481882463572,-0.00213099878668932,-0.021172542860497554,0.016824638870277114,-0.00213099878668932,-0.021172542860497554,0.016824638870277114,0.5884,source_group,20000,20000,NOT_SEPARATED_FROM_POINT_WINNER_95CI,True,NONE,OK
winner_reference::ac94add8685687ffc4700149,external_final_answer::cell::830941fb050460bba38fcb95,external_final_answer,processbench_llama31_response_v1,cell,processbench_gsm8k_llama31_8b,cell,processbench_gsm8k_llama31_8b,processbench,llama31_8b,gsm8k,"[""processbench_gsm8k_llama31_8b""]",1,single_cell,auprc,True,"[""ca_specrage_atomic""]",ca_specrage_atomic,su_pcr,0.8075791870330465,0.8032784682359484,-0.004300718797098146,-0.015977139409712907,0.007124945797183756,-0.004300718797098146,-0.015977139409712907,0.007124945797183756,0.762,source_group,20000,20000,NOT_SEPARATED_FROM_POINT_WINNER_95CI,True,NONE,OK
winner_reference::ac94add8685687ffc4700149,external_final_answer::cell::830941fb050460bba38fcb95,external_final_answer,processbench_llama31_response_v1,cell,processbench_gsm8k_llama31_8b,cell,processbench_gsm8k_llama31_8b,processbench,llama31_8b,gsm8k,"[""processbench_gsm8k_llama31_8b""]",1,single_cell,auprc,True,"[""ca_specrage_atomic""]",ca_specrage_atomic,upcr,0.8075791870330465,0.8061529866426569,-0.0014262003903896536,-0.01072431991472376,0.00779609583486206,-0.0014262003903896536,-0.01072431991472376,0.00779609583486206,0.6158,source_group,20000,20000,NOT_SEPARATED_FROM_POINT_WINNER_95CI,True,NONE,OK
winner_reference::7ba6989f45938f692a6d3926,external_final_answer::cell::03dec07e1127abe441918b4e,external_final_answer,processbench_llama31_response_v1,cell,processbench_gsm8k_llama31_8b,cell,processbench_gsm8k_llama31_8b,processbench,llama31_8b,gsm8k,"[""processbench_gsm8k_llama31_8b""]",1,single_cell,aurc_x1000,False,"[""deem_b3""]",deem_b3,ca_specrage_atomic,288.4530758728453,304.0960099172764,15.642934044431058,-1.0265837949783316,34.58113262281287,-15.642934044431058,-34.58113262281287,1.0265837949783252,0.9664,source_group,20000,20000,NOT_SEPARATED_FROM_POINT_WINNER_95CI,True,NONE,OK
winner_reference::7ba6989f45938f692a6d3926,external_final_answer::cell::03dec07e1127abe441918b4e,external_final_answer,processbench_llama31_response_v1,cell,processbench_gsm8k_llama31_8b,cell,processbench_gsm8k_llama31_8b,processbench,llama31_8b,gsm8k,"[""processbench_gsm8k_llama31_8b""]",1,single_cell,aurc_x1000,False,"[""deem_b3""]",deem_b3,continuous_lsml,288.4530758728453,326.0176261769553,37.56455030410996,12.735785597218863,63.70409172429398,-37.56455030410996,-63.704091724294,-12.73578559721887,0.99885,source_group,20000,20000,SEPARATED_FROM_POINT_WINNER_95CI,False,NONE,OK
winner_reference::7ba6989f45938f692a6d3926,external_final_answer::cell::03dec07e1127abe441918b4e,external_final_answer,processbench_llama31_response_v1,cell,processbench_gsm8k_llama31_8b,cell,processbench_gsm8k_llama31_8b,processbench,llama31_8b,gsm8k,"[""processbench_gsm8k_llama31_8b""]",1,single_cell,aurc_x1000,False,"[""deem_b3""]",deem_b3,deem_b3,288.4530758728453,288.4530758728453,0.0,0.0,0.0,-0.0,-0.0,0.0,1.0,source_group,20000,20000,POINT_WINNER,True,NONE,OK
winner_reference::7ba6989f45938f692a6d3926,external_final_answer::cell::03dec07e1127abe441918b4e,external_final_answer,processbench_llama31_response_v1,cell,processbench_gsm8k_llama31_8b,cell,processbench_gsm8k_llama31_8b,processbench,llama31_8b,gsm8k,"[""processbench_gsm8k_llama31_8b""]",1,single_cell,aurc_x1000,False,"[""deem_b3""]",deem_b3,dufs_liu,288.4530758728453,308.7987939590593,20.345718086213992,4.710653132309052,36.977612736224025,-20.345718086213992,-36.97761273622404,-4.710653132309053,0.9954,source_group,20000,20000,SEPARATED_FROM_POINT_WINNER_95CI,False,NONE,OK
winner_reference::7ba6989f45938f692a6d3926,external_final_answer::cell::03dec07e1127abe441918b4e,external_final_answer,processbench_llama31_response_v1,cell,processbench_gsm8k_llama31_8b,cell,processbench_gsm8k_llama31_8b,processbench,llama31_8b,gsm8k,"[""processbench_gsm8k_llama31_8b""]",1,single_cell,aurc_x1000,False,"[""deem_b3""]",deem_b3,dufs_pf_lsml,288.4530758728453,313.01160427656635,24.558528403721027,1.640291814622573,51.10132400710961,-24.558528403721027,-51.10132400710968,-1.6402918146225731,0.9829,source_group,20000,20000,SEPARATED_FROM_POINT_WINNER_95CI,False,NONE,OK
winner_reference::7ba6989f45938f692a6d3926,external_final_answer::cell::03dec07e1127abe441918b4e,external_final_answer,processbench_llama31_response_v1,cell,processbench_gsm8k_llama31_8b,cell,processbench_gsm8k_llama31_8b,processbench,llama31_8b,gsm8k,"[""processbench_gsm8k_llama31_8b""]",1,single_cell,aurc_x1000,False,"[""deem_b3""]",deem_b3,dufs_stability_lsml,288.4530758728453,310.4552962349773,22.002220362131993,0.20948446297111636,47.94335942702842,-22.002220362131993,-47.94335942702844,-0.20948446297113482,0.97635,source_group,20000,20000,SEPARATED_FROM_POINT_WINNER_95CI,False,NONE,OK
winner_reference::7ba6989f45938f692a6d3926,external_final_answer::cell::03dec07e1127abe441918b4e,external_final_answer,processbench_llama31_response_v1,cell,processbench_gsm8k_llama31_8b,cell,processbench_gsm8k_llama31_8b,processbench,llama31_8b,gsm8k,"[""processbench_gsm8k_llama31_8b""]",1,single_cell,aurc_x1000,False,"[""deem_b3""]",deem_b3,equal_family_mean,288.4530758728453,288.65550641498646,0.2024305421411441,-1.2798027868141546,1.5681320111232382,-0.2024305421411441,-1.5681320111232395,1.2798027868141542,0.6198,source_group,20000,20000,NOT_SEPARATED_FROM_POINT_WINNER_95CI,True,NONE,OK
winner_reference::7ba6989f45938f692a6d3926,external_final_answer::cell::03dec07e1127abe441918b4e,external_final_answer,processbench_llama31_response_v1,cell,processbench_gsm8k_llama31_8b,cell,processbench_gsm8k_llama31_8b,processbench,llama31_8b,gsm8k,"[""processbench_gsm8k_llama31_8b""]",1,single_cell,aurc_x1000,False,"[""deem_b3""]",deem_b3,equal_feature_mean,288.4530758728453,303.4904173512943,15.03734147844898,-0.03207970645117067,31.41710001947398,-15.03734147844898,-31.417100019474002,0.032079706451152254,0.97465,source_group,20000,20000,NOT_SEPARATED_FROM_POINT_WINNER_95CI,True,NONE,OK
winner_reference::7ba6989f45938f692a6d3926,external_final_answer::cell::03dec07e1127abe441918b4e,external_final_answer,processbench_llama31_response_v1,cell,processbench_gsm8k_llama31_8b,cell,processbench_gsm8k_llama31_8b,processbench,llama31_8b,gsm8k,"[""processbench_gsm8k_llama31_8b""]",1,single_cell,aurc_x1000,False,"[""deem_b3""]",deem_b3,family_nrm_a,288.4530758728453,335.2376780765616,46.784602203716304,25.41422769179732,69.55782539838619,-46.784602203716304,-69.55782539838621,-25.414227691797322,1.0,source_group,20000,20000,SEPARATED_FROM_POINT_WINNER_95CI,False,NONE,OK
winner_reference::7ba6989f45938f692a6d3926,external_final_answer::cell::03dec07e1127abe441918b4e,external_final_answer,processbench_llama31_response_v1,cell,processbench_gsm8k_llama31_8b,cell,processbench_gsm8k_llama31_8b,processbench,llama31_8b,gsm8k,"[""processbench_gsm8k_llama31_8b""]",1,single_cell,aurc_x1000,False,"[""deem_b3""]",deem_b3,iu_pcr,288.4530758728453,311.00039470439697,22.54731883155165,5.983780420598829,40.342021650693304,-22.54731883155165,-40.34202165069331,-5.983780420598851,0.997,source_group,20000,20000,SEPARATED_FROM_POINT_WINNER_95CI,False,NONE,OK
winner_reference::7ba6989f45938f692a6d3926,external_final_answer::cell::03dec07e1127abe441918b4e,external_final_answer,processbench_llama31_response_v1,cell,processbench_gsm8k_llama31_8b,cell,processbench_gsm8k_llama31_8b,processbench,llama31_8b,gsm8k,"[""processbench_gsm8k_llama31_8b""]",1,single_cell,aurc_x1000,False,"[""deem_b3""]",deem_b3,pgrd_a,288.4530758728453,304.19470619145295,15.741630318607633,-3.692877991835,36.325789580546086,-15.741630318607633,-36.3257895805461,3.6928779918349637,0.94175,source_group,20000,20000,NOT_SEPARATED_FROM_POINT_WINNER_95CI,True,NONE,OK
winner_reference::7ba6989f45938f692a6d3926,external_final_answer::cell::03dec07e1127abe441918b4e,external_final_answer,processbench_llama31_response_v1,cell,processbench_gsm8k_llama31_8b,cell,processbench_gsm8k_llama31_8b,processbench,llama31_8b,gsm8k,"[""processbench_gsm8k_llama31_8b""]",1,single_cell,aurc_x1000,False,"[""deem_b3""]",deem_b3,su_pcr,288.4530758728453,310.0354411736344,21.582365300789093,5.4345674459762705,38.820173130962615,-21.582365300789093,-38.82017313096262,-5.434567445976271,0.99635,source_group,20000,20000,SEPARATED_FROM_POINT_WINNER_95CI,False,NONE,OK
winner_reference::7ba6989f45938f692a6d3926,external_final_answer::cell::03dec07e1127abe441918b4e,external_final_answer,processbench_llama31_response_v1,cell,processbench_gsm8k_llama31_8b,cell,processbench_gsm8k_llama31_8b,processbench,llama31_8b,gsm8k,"[""processbench_gsm8k_llama31_8b""]",1,single_cell,aurc_x1000,False,"[""deem_b3""]",deem_b3,upcr,288.4530758728453,305.94017575511833,17.487099882273014,3.308590138951924,32.912399174711325,-17.487099882273014,-32.912399174711325,-3.30859013895193,0.9931,source_group,20000,20000,SEPARATED_FROM_POINT_WINNER_95CI,False,NONE,OK
winner_reference::1072323bf812f9ceee551ece,external_final_answer::cell::daa906fd8e64667eb94e7806,external_final_answer,processbench_llama31_response_v1,cell,processbench_gsm8k_llama31_8b,cell,processbench_gsm8k_llama31_8b,processbench,llama31_8b,gsm8k,"[""processbench_gsm8k_llama31_8b""]",1,single_cell,auroc,True,"[""deem_b3""]",deem_b3,ca_specrage_atomic,0.780575,0.7772249999999999,-0.003350000000000075,-0.02298033574606577,0.01575020032051278,-0.003350000000000075,-0.02298033574606577,0.01575020032051278,0.62785,source_group,20000,20000,NOT_SEPARATED_FROM_POINT_WINNER_95CI,True,NONE,OK
winner_reference::1072323bf812f9ceee551ece,external_final_answer::cell::daa906fd8e64667eb94e7806,external_final_answer,processbench_llama31_response_v1,cell,processbench_gsm8k_llama31_8b,cell,processbench_gsm8k_llama31_8b,processbench,llama31_8b,gsm8k,"[""processbench_gsm8k_llama31_8b""]",1,single_cell,auroc,True,"[""deem_b3""]",deem_b3,continuous_lsml,0.780575,0.7555249999999999,-0.025050000000000128,-0.05099347677992402,0.0006790602567070686,-0.025050000000000128,-0.05099347677992402,0.0006790602567070686,0.97175,source_group,20000,20000,NOT_SEPARATED_FROM_POINT_WINNER_95CI,True,NONE,OK
winner_reference::1072323bf812f9ceee551ece,external_final_answer::cell::daa906fd8e64667eb94e7806,external_final_answer,processbench_llama31_response_v1,cell,processbench_gsm8k_llama31_8b,cell,processbench_gsm8k_llama31_8b,processbench,llama31_8b,gsm8k,"[""processbench_gsm8k_llama31_8b""]",1,single_cell,auroc,True,"[""deem_b3""]",deem_b3,deem_b3,0.780575,0.780575,0.0,0.0,0.0,0.0,0.0,0.0,1.0,source_group,20000,20000,POINT_WINNER,True,NONE,OK
winner_reference::1072323bf812f9ceee551ece,external_final_answer::cell::daa906fd8e64667eb94e7806,external_final_answer,processbench_llama31_response_v1,cell,processbench_gsm8k_llama31_8b,cell,processbench_gsm8k_llama31_8b,processbench,llama31_8b,gsm8k,"[""processbench_gsm8k_llama31_8b""]",1,single_cell,auroc,True,"[""deem_b3""]",deem_b3,dufs_liu,0.780575,0.7718,-0.008774999999999977,-0.026758004100693233,0.009038218257368696,-0.008774999999999977,-0.026758004100693233,0.009038218257368696,0.83365,source_group,20000,20000,NOT_SEPARATED_FROM_POINT_WINNER_95CI,True,NONE,OK
winner_reference::1072323bf812f9ceee551ece,external_final_answer::cell::daa906fd8e64667eb94e7806,external_final_answer,processbench_llama31_response_v1,cell,processbench_gsm8k_llama31_8b,cell,processbench_gsm8k_llama31_8b,processbench,llama31_8b,gsm8k,"[""processbench_gsm8k_llama31_8b""]",1,single_cell,auroc,True,"[""deem_b3""]",deem_b3,dufs_pf_lsml,0.780575,0.7746,-0.005975000000000064,-0.02882889872075755,0.01673217984499472,-0.005975000000000064,-0.02882889872075755,0.01673217984499472,0.69345,source_group,20000,20000,NOT_SEPARATED_FROM_POINT_WINNER_95CI,True,NONE,OK
winner_reference::1072323bf812f9ceee551ece,external_final_answer::cell::daa906fd8e64667eb94e7806,external_final_answer,processbench_llama31_response_v1,cell,processbench_gsm8k_llama31_8b,cell,processbench_gsm8k_llama31_8b,processbench,llama31_8b,gsm8k,"[""processbench_gsm8k_llama31_8b""]",1,single_cell,auroc,True,"[""deem_b3""]",deem_b3,dufs_stability_lsml,0.780575,0.7756999999999998,-0.004875000000000185,-0.026298059289734867,0.016141702080931863,-0.004875000000000185,-0.026298059289734867,0.016141702080931863,0.66675,source_group,20000,20000,NOT_SEPARATED_FROM_POINT_WINNER_95CI,True,NONE,OK
winner_reference::1072323bf812f9ceee551ece,external_final_answer::cell::daa906fd8e64667eb94e7806,external_final_answer,processbench_llama31_response_v1,cell,processbench_gsm8k_llama31_8b,cell,processbench_gsm8k_llama31_8b,processbench,llama31_8b,gsm8k,"[""processbench_gsm8k_llama31_8b""]",1,single_cell,auroc,True,"[""deem_b3""]",deem_b3,equal_family_mean,0.780575,0.77905,-0.0015249999999999986,-0.0034030627564808347,0.00025000015625387947,-0.0015249999999999986,-0.0034030627564808347,0.00025000015625387947,0.9566,source_group,20000,20000,NOT_SEPARATED_FROM_POINT_WINNER_95CI,True,NONE,OK
winner_reference::1072323bf812f9ceee551ece,external_final_answer::cell::daa906fd8e64667eb94e7806,external_final_answer,processbench_llama31_response_v1,cell,processbench_gsm8k_llama31_8b,cell,processbench_gsm8k_llama31_8b,processbench,llama31_8b,gsm8k,"[""processbench_gsm8k_llama31_8b""]",1,single_cell,auroc,True,"[""deem_b3""]",deem_b3,equal_feature_mean,0.780575,0.7753,-0.00527500000000003,-0.021042809162240363,0.010646205485605673,-0.00527500000000003,-0.021042809162240363,0.010646205485605673,0.7402,source_group,20000,20000,NOT_SEPARATED_FROM_POINT_WINNER_95CI,True,NONE,OK
winner_reference::1072323bf812f9ceee551ece,external_final_answer::cell::daa906fd8e64667eb94e7806,external_final_answer,processbench_llama31_response_v1,cell,processbench_gsm8k_llama31_8b,cell,processbench_gsm8k_llama31_8b,processbench,llama31_8b,gsm8k,"[""processbench_gsm8k_llama31_8b""]",1,single_cell,auroc,True,"[""deem_b3""]",deem_b3,family_nrm_a,0.780575,0.746,-0.03457500000000002,-0.05588792027507424,-0.01325119685195685,-0.03457500000000002,-0.05588792027507424,-0.01325119685195685,0.99945,source_group,20000,20000,SEPARATED_FROM_POINT_WINNER_95CI,False,NONE,OK
winner_reference::1072323bf812f9ceee551ece,external_final_answer::cell::daa906fd8e64667eb94e7806,external_final_answer,processbench_llama31_response_v1,cell,processbench_gsm8k_llama31_8b,cell,processbench_gsm8k_llama31_8b,processbench,llama31_8b,gsm8k,"[""processbench_gsm8k_llama31_8b""]",1,single_cell,auroc,True,"[""deem_b3""]",deem_b3,iu_pcr,0.780575,0.7700750000000001,-0.010499999999999954,-0.029171776047330917,0.00792531750801286,-0.010499999999999954,-0.029171776047330917,0.00792531750801286,0.86925,source_group,20000,20000,NOT_SEPARATED_FROM_POINT_WINNER_95CI,True,NONE,OK
winner_reference::1072323bf812f9ceee551ece,external_final_answer::cell::daa906fd8e64667eb94e7806,external_final_answer,processbench_llama31_response_v1,cell,processbench_gsm8k_llama31_8b,cell,processbench_gsm8k_llama31_8b,processbench,llama31_8b,gsm8k,"[""processbench_gsm8k_llama31_8b""]",1,single_cell,auroc,True,"[""deem_b3""]",deem_b3,pgrd_a,0.780575,0.7764,-0.00417500000000004,-0.026202620262026244,0.017771861266624698,-0.00417500000000004,-0.026202620262026244,0.017771861266624698,0.64245,source_group,20000,20000,NOT_SEPARATED_FROM_POINT_WINNER_95CI,True,NONE,OK
winner_reference::1072323bf812f9ceee551ece,external_final_answer::cell::daa906fd8e64667eb94e7806,external_final_answer,processbench_llama31_response_v1,cell,processbench_gsm8k_llama31_8b,cell,processbench_gsm8k_llama31_8b,processbench,llama31_8b,gsm8k,"[""processbench_gsm8k_llama31_8b""]",1,single_cell,auroc,True,"[""deem_b3""]",deem_b3,su_pcr,0.780575,0.7706500000000001,-0.009924999999999962,-0.028195234375000044,0.008242015110079055,-0.009924999999999962,-0.028195234375000044,0.008242015110079055,0.8584,source_group,20000,20000,NOT_SEPARATED_FROM_POINT_WINNER_95CI,True,NONE,OK
winner_reference::1072323bf812f9ceee551ece,external_final_answer::cell::daa906fd8e64667eb94e7806,external_final_answer,processbench_llama31_response_v1,cell,processbench_gsm8k_llama31_8b,cell,processbench_gsm8k_llama31_8b,processbench,llama31_8b,gsm8k,"[""processbench_gsm8k_llama31_8b""]",1,single_cell,auroc,True,"[""deem_b3""]",deem_b3,upcr,0.780575,0.7752249999999999,-0.005350000000000077,-0.022777360656295754,0.011943199789669774,-0.005350000000000077,-0.022777360656295754,0.011943199789669774,0.729,source_group,20000,20000,NOT_SEPARATED_FROM_POINT_WINNER_95CI,True,NONE,OK
winner_reference::be67c0fe24d47826a275b1c6,external_final_answer::cell::713a1c54685b3190b18b3d4e,external_final_answer,processbench_llama31_response_v1,cell,processbench_math_llama31_8b,cell,processbench_math_llama31_8b,processbench,llama31_8b,math,"[""processbench_math_llama31_8b""]",1,single_cell,auprc,True,"[""pgrd_a""]",pgrd_a,ca_specrage_atomic,0.702757427763798,0.6936236269744885,-0.009133800789309476,-0.023264621336238724,0.005161232627642193,-0.009133800789309476,-0.023264621336238724,0.005161232627642193,0.8956,source_group,20000,20000,NOT_SEPARATED_FROM_POINT_WINNER_95CI,True,NONE,OK
winner_reference::be67c0fe24d47826a275b1c6,external_final_answer::cell::713a1c54685b3190b18b3d4e,external_final_answer,processbench_llama31_response_v1,cell,processbench_math_llama31_8b,cell,processbench_math_llama31_8b,processbench,llama31_8b,math,"[""processbench_math_llama31_8b""]",1,single_cell,auprc,True,"[""pgrd_a""]",pgrd_a,continuous_lsml,0.702757427763798,0.6812526230031842,-0.021504804760613783,-0.03679463167205485,-0.006153181726241786,-0.021504804760613783,-0.03679463167205485,-0.006153181726241786,0.99775,source_group,20000,20000,SEPARATED_FROM_POINT_WINNER_95CI,False,NONE,OK
winner_reference::be67c0fe24d47826a275b1c6,external_final_answer::cell::713a1c54685b3190b18b3d4e,external_final_answer,processbench_llama31_response_v1,cell,processbench_math_llama31_8b,cell,processbench_math_llama31_8b,processbench,llama31_8b,math,"[""processbench_math_llama31_8b""]",1,single_cell,auprc,True,"[""pgrd_a""]",pgrd_a,deem_b3,0.702757427763798,0.6995135386493074,-0.0032438891144905835,-0.01677911488945911,0.009920181552363058,-0.0032438891144905835,-0.01677911488945911,0.009920181552363058,0.68215,source_group,20000,20000,NOT_SEPARATED_FROM_POINT_WINNER_95CI,True,NONE,OK
winner_reference::be67c0fe24d47826a275b1c6,external_final_answer::cell::713a1c54685b3190b18b3d4e,external_final_answer,processbench_llama31_response_v1,cell,processbench_math_llama31_8b,cell,processbench_math_llama31_8b,processbench,llama31_8b,math,"[""processbench_math_llama31_8b""]",1,single_cell,auprc,True,"[""pgrd_a""]",pgrd_a,dufs_liu,0.702757427763798,0.6995648565266592,-0.003192571237138786,-0.011518977320373333,0.005241245995617226,-0.003192571237138786,-0.011518977320373333,0.005241245995617226,0.7682,source_group,20000,20000,NOT_SEPARATED_FROM_POINT_WINNER_95CI,True,NONE,OK
winner_reference::be67c0fe24d47826a275b1c6,external_final_answer::cell::713a1c54685b3190b18b3d4e,external_final_answer,processbench_llama31_response_v1,cell,processbench_math_llama31_8b,cell,processbench_math_llama31_8b,processbench,llama31_8b,math,"[""processbench_math_llama31_8b""]",1,single_cell,auprc,True,"[""pgrd_a""]",pgrd_a,dufs_pf_lsml,0.702757427763798,0.678567671816231,-0.024189755947567004,-0.04543443245278602,-0.0030837213262848,-0.024189755947567004,-0.04543443245278602,-0.0030837213262848,0.98815,source_group,20000,20000,SEPARATED_FROM_POINT_WINNER_95CI,False,NONE,OK
winner_reference::be67c0fe24d47826a275b1c6,external_final_answer::cell::713a1c54685b3190b18b3d4e,external_final_answer,processbench_llama31_response_v1,cell,processbench_math_llama31_8b,cell,processbench_math_llama31_8b,processbench,llama31_8b,math,"[""processbench_math_llama31_8b""]",1,single_cell,auprc,True,"[""pgrd_a""]",pgrd_a,dufs_stability_lsml,0.702757427763798,0.6865620285630465,-0.016195399200751526,-0.03425606716327157,0.001883563600724645,-0.016195399200751526,-0.03425606716327157,0.001883563600724645,0.96045,source_group,20000,20000,NOT_SEPARATED_FROM_POINT_WINNER_95CI,True,NONE,OK
winner_reference::be67c0fe24d47826a275b1c6,external_final_answer::cell::713a1c54685b3190b18b3d4e,external_final_answer,processbench_llama31_response_v1,cell,processbench_math_llama31_8b,cell,processbench_math_llama31_8b,processbench,llama31_8b,math,"[""processbench_math_llama31_8b""]",1,single_cell,auprc,True,"[""pgrd_a""]",pgrd_a,equal_family_mean,0.702757427763798,0.6999316807167693,-0.0028257470470287593,-0.01653531956440118,0.010492588617278028,-0.0028257470470287593,-0.01653531956440118,0.010492588617278028,0.6601,source_group,20000,20000,NOT_SEPARATED_FROM_POINT_WINNER_95CI,True,NONE,OK
winner_reference::be67c0fe24d47826a275b1c6,external_final_answer::cell::713a1c54685b3190b18b3d4e,external_final_answer,processbench_llama31_response_v1,cell,processbench_math_llama31_8b,cell,processbench_math_llama31_8b,processbench,llama31_8b,math,"[""processbench_math_llama31_8b""]",1,single_cell,auprc,True,"[""pgrd_a""]",pgrd_a,equal_feature_mean,0.702757427763798,0.7020901813961559,-0.0006672463676421492,-0.010425329415756777,0.008991727730955213,-0.0006672463676421492,-0.010425329415756777,0.008991727730955213,0.54055,source_group,20000,20000,NOT_SEPARATED_FROM_POINT_WINNER_95CI,True,NONE,OK
winner_reference::be67c0fe24d47826a275b1c6,external_final_answer::cell::713a1c54685b3190b18b3d4e,external_final_answer,processbench_llama31_response_v1,cell,processbench_math_llama31_8b,cell,processbench_math_llama31_8b,processbench,llama31_8b,math,"[""processbench_math_llama31_8b""]",1,single_cell,auprc,True,"[""pgrd_a""]",pgrd_a,family_nrm_a,0.702757427763798,0.694682706990039,-0.008074720773759037,-0.01687409995599486,0.0011182881658331997,-0.008074720773759037,-0.01687409995599486,0.0011182881658331997,0.95605,source_group,20000,20000,NOT_SEPARATED_FROM_POINT_WINNER_95CI,True,NONE,OK
winner_reference::be67c0fe24d47826a275b1c6,external_final_answer::cell::713a1c54685b3190b18b3d4e,external_final_answer,processbench_llama31_response_v1,cell,processbench_math_llama31_8b,cell,processbench_math_llama31_8b,processbench,llama31_8b,math,"[""processbench_math_llama31_8b""]",1,single_cell,auprc,True,"[""pgrd_a""]",pgrd_a,iu_pcr,0.702757427763798,0.7002464691446509,-0.0025109586191470745,-0.010037263421378454,0.005066264567405141,-0.0025109586191470745,-0.010037263421378454,0.005066264567405141,0.73895,source_group,20000,20000,NOT_SEPARATED_FROM_POINT_WINNER_95CI,True,NONE,OK
winner_reference::be67c0fe24d47826a275b1c6,external_final_answer::cell::713a1c54685b3190b18b3d4e,external_final_answer,processbench_llama31_response_v1,cell,processbench_math_llama31_8b,cell,processbench_math_llama31_8b,processbench,llama31_8b,math,"[""processbench_math_llama31_8b""]",1,single_cell,auprc,True,"[""pgrd_a""]",pgrd_a,pgrd_a,0.702757427763798,0.702757427763798,0.0,0.0,0.0,0.0,0.0,0.0,1.0,source_group,20000,20000,POINT_WINNER,True,NONE,OK
winner_reference::be67c0fe24d47826a275b1c6,external_final_answer::cell::713a1c54685b3190b18b3d4e,external_final_answer,processbench_llama31_response_v1,cell,processbench_math_llama31_8b,cell,processbench_math_llama31_8b,processbench,llama31_8b,math,"[""processbench_math_llama31_8b""]",1,single_cell,auprc,True,"[""pgrd_a""]",pgrd_a,su_pcr,0.702757427763798,0.698799091331114,-0.003958336432684062,-0.0129993543734925,0.005286181499808255,-0.003958336432684062,-0.0129993543734925,0.005286181499808255,0.7978,source_group,20000,20000,NOT_SEPARATED_FROM_POINT_WINNER_95CI,True,NONE,OK
winner_reference::be67c0fe24d47826a275b1c6,external_final_answer::cell::713a1c54685b3190b18b3d4e,external_final_answer,processbench_llama31_response_v1,cell,processbench_math_llama31_8b,cell,processbench_math_llama31_8b,processbench,llama31_8b,math,"[""processbench_math_llama31_8b""]",1,single_cell,auprc,True,"[""pgrd_a""]",pgrd_a,upcr,0.702757427763798,0.6937202421391916,-0.009037185624606425,-0.021203151144230516,0.0031815486068440635,-0.009037185624606425,-0.021203151144230516,0.0031815486068440635,0.9247,source_group,20000,20000,NOT_SEPARATED_FROM_POINT_WINNER_95CI,True,NONE,OK
winner_reference::c5880af46c74abb8a82f3988,external_final_answer::cell::ab5e0952a9d1ce13bf9de5d8,external_final_answer,processbench_llama31_response_v1,cell,processbench_math_llama31_8b,cell,processbench_math_llama31_8b,processbench,llama31_8b,math,"[""processbench_math_llama31_8b""]",1,single_cell,aurc_x1000,False,"[""equal_family_mean""]",equal_family_mean,ca_specrage_atomic,326.45215826054806,333.45500863949513,7.002850378947073,-0.0771536597128133,14.282423396534725,-7.002850378947073,-14.282423396534746,0.07715365971281289,0.9737,source_group,20000,20000,NOT_SEPARATED_FROM_POINT_WINNER_95CI,True,NONE,OK
winner_reference::c5880af46c74abb8a82f3988,external_final_answer::cell::ab5e0952a9d1ce13bf9de5d8,external_final_answer,processbench_llama31_response_v1,cell,processbench_math_llama31_8b,cell,processbench_math_llama31_8b,processbench,llama31_8b,math,"[""processbench_math_llama31_8b""]",1,single_cell,aurc_x1000,False,"[""equal_family_mean""]",equal_family_mean,continuous_lsml,326.45215826054806,356.5112246903068,30.05906642975873,9.433919840990864,51.48615988091151,-30.05906642975873,-51.48615988091158,-9.433919840990923,0.99865,source_group,20000,20000,SEPARATED_FROM_POINT_WINNER_95CI,False,NONE,OK
winner_reference::c5880af46c74abb8a82f3988,external_final_answer::cell::ab5e0952a9d1ce13bf9de5d8,external_final_answer,processbench_llama31_response_v1,cell,processbench_math_llama31_8b,cell,processbench_math_llama31_8b,processbench,llama31_8b,math,"[""processbench_math_llama31_8b""]",1,single_cell,aurc_x1000,False,"[""equal_family_mean""]",equal_family_mean,deem_b3,326.45215826054806,326.5352900080383,0.0831317474902562,-0.5261771194536251,0.7754212587899124,-0.0831317474902562,-0.7754212587899133,0.5261771194536223,0.59205,source_group,20000,20000,NOT_SEPARATED_FROM_POINT_WINNER_95CI,True,NONE,OK
winner_reference::c5880af46c74abb8a82f3988,external_final_answer::cell::ab5e0952a9d1ce13bf9de5d8,external_final_answer,processbench_llama31_response_v1,cell,processbench_math_llama31_8b,cell,processbench_math_llama31_8b,processbench,llama31_8b,math,"[""processbench_math_llama31_8b""]",1,single_cell,aurc_x1000,False,"[""equal_family_mean""]",equal_family_mean,dufs_liu,326.45215826054806,330.75321116539925,4.30105290485119,-3.7702636536037772,12.583185997337363,-4.30105290485119,-12.583185997337363,3.770263653603774,0.85115,source_group,20000,20000,NOT_SEPARATED_FROM_POINT_WINNER_95CI,True,NONE,OK
winner_reference::c5880af46c74abb8a82f3988,external_final_answer::cell::ab5e0952a9d1ce13bf9de5d8,external_final_answer,processbench_llama31_response_v1,cell,processbench_math_llama31_8b,cell,processbench_math_llama31_8b,processbench,llama31_8b,math,"[""processbench_math_llama31_8b""]",1,single_cell,aurc_x1000,False,"[""equal_family_mean""]",equal_family_mean,dufs_pf_lsml,326.45215826054806,351.2704675029532,24.81830924240512,13.169879699395873,36.93253887111128,-24.81830924240512,-36.93253887111128,-13.169879699395874,1.0,source_group,20000,20000,SEPARATED_FROM_POINT_WINNER_95CI,False,NONE,OK
winner_reference::c5880af46c74abb8a82f3988,external_final_answer::cell::ab5e0952a9d1ce13bf9de5d8,external_final_answer,processbench_llama31_response_v1,cell,processbench_math_llama31_8b,cell,processbench_math_llama31_8b,processbench,llama31_8b,math,"[""processbench_math_llama31_8b""]",1,single_cell,aurc_x1000,False,"[""equal_family_mean""]",equal_family_mean,dufs_stability_lsml,326.45215826054806,345.1246932483199,18.672534987771826,8.572305978259832,29.18203693564887,-18.672534987771826,-29.18203693564889,-8.572305978259857,0.99995,source_group,20000,20000,SEPARATED_FROM_POINT_WINNER_95CI,False,NONE,OK
winner_reference::c5880af46c74abb8a82f3988,external_final_answer::cell::ab5e0952a9d1ce13bf9de5d8,external_final_answer,processbench_llama31_response_v1,cell,processbench_math_llama31_8b,cell,processbench_math_llama31_8b,processbench,llama31_8b,math,"[""processbench_math_llama31_8b""]",1,single_cell,aurc_x1000,False,"[""equal_family_mean""]",equal_family_mean,equal_family_mean,326.45215826054806,326.45215826054806,0.0,0.0,0.0,-0.0,-0.0,0.0,1.0,source_group,20000,20000,POINT_WINNER,True,NONE,OK
winner_reference::c5880af46c74abb8a82f3988,external_final_answer::cell::ab5e0952a9d1ce13bf9de5d8,external_final_answer,processbench_llama31_response_v1,cell,processbench_math_llama31_8b,cell,processbench_math_llama31_8b,processbench,llama31_8b,math,"[""processbench_math_llama31_8b""]",1,single_cell,aurc_x1000,False,"[""equal_family_mean""]",equal_family_mean,equal_feature_mean,326.45215826054806,329.74371631601963,3.291558055471569,-4.344026520060515,11.13444274368623,-3.291558055471569,-11.134442743686241,4.344026520060503,0.795,source_group,20000,20000,NOT_SEPARATED_FROM_POINT_WINNER_95CI,True,NONE,OK
winner_reference::c5880af46c74abb8a82f3988,external_final_answer::cell::ab5e0952a9d1ce13bf9de5d8,external_final_answer,processbench_llama31_response_v1,cell,processbench_math_llama31_8b,cell,processbench_math_llama31_8b,processbench,llama31_8b,math,"[""processbench_math_llama31_8b""]",1,single_cell,aurc_x1000,False,"[""equal_family_mean""]",equal_family_mean,family_nrm_a,326.45215826054806,341.9258203617403,15.473662101192247,4.845258839919223,26.42491947932878,-15.473662101192247,-26.42491947932878,-4.84525883991923,0.99815,source_group,20000,20000,SEPARATED_FROM_POINT_WINNER_95CI,False,NONE,OK
winner_reference::c5880af46c74abb8a82f3988,external_final_answer::cell::ab5e0952a9d1ce13bf9de5d8,external_final_answer,processbench_llama31_response_v1,cell,processbench_math_llama31_8b,cell,processbench_math_llama31_8b,processbench,llama31_8b,math,"[""processbench_math_llama31_8b""]",1,single_cell,aurc_x1000,False,"[""equal_family_mean""]",equal_family_mean,iu_pcr,326.45215826054806,330.90339867785684,4.451240417308782,-3.864842962017691,13.063279877310125,-4.451240417308782,-13.06327987731014,3.86484296201769,0.85015,source_group,20000,20000,NOT_SEPARATED_FROM_POINT_WINNER_95CI,True,NONE,OK
winner_reference::c5880af46c74abb8a82f3988,external_final_answer::cell::ab5e0952a9d1ce13bf9de5d8,external_final_answer,processbench_llama31_response_v1,cell,processbench_math_llama31_8b,cell,processbench_math_llama31_8b,processbench,llama31_8b,math,"[""processbench_math_llama31_8b""]",1,single_cell,aurc_x1000,False,"[""equal_family_mean""]",equal_family_mean,pgrd_a,326.45215826054806,333.7029418131218,7.2507835525737505,-4.835471919705086,19.79740774167504,-7.2507835525737505,-19.79740774167504,4.8354719197050775,0.8752,source_group,20000,20000,NOT_SEPARATED_FROM_POINT_WINNER_95CI,True,NONE,OK
winner_reference::c5880af46c74abb8a82f3988,external_final_answer::cell::ab5e0952a9d1ce13bf9de5d8,external_final_answer,processbench_llama31_response_v1,cell,processbench_math_llama31_8b,cell,processbench_math_llama31_8b,processbench,llama31_8b,math,"[""processbench_math_llama31_8b""]",1,single_cell,aurc_x1000,False,"[""equal_family_mean""]",equal_family_mean,su_pcr,326.45215826054806,331.00007912611704,4.547920865568983,-3.2567251932398067,12.524935961000738,-4.547920865568983,-12.52493596100074,3.2567251932398054,0.8721,source_group,20000,20000,NOT_SEPARATED_FROM_POINT_WINNER_95CI,True,NONE,OK
winner_reference::c5880af46c74abb8a82f3988,external_final_answer::cell::ab5e0952a9d1ce13bf9de5d8,external_final_answer,processbench_llama31_response_v1,cell,processbench_math_llama31_8b,cell,processbench_math_llama31_8b,processbench,llama31_8b,math,"[""processbench_math_llama31_8b""]",1,single_cell,aurc_x1000,False,"[""equal_family_mean""]",equal_family_mean,upcr,326.45215826054806,335.5953567192293,9.14319845868124,1.0601442257531575,17.354674944582833,-9.14319845868124,-17.354674944582833,-1.0601442257531701,0.9879,source_group,20000,20000,SEPARATED_FROM_POINT_WINNER_95CI,False,NONE,OK
winner_reference::e526d4be52d1a12c4f888108,external_final_answer::cell::460b3ad72dd87122af6b64c4,external_final_answer,processbench_llama31_response_v1,cell,processbench_math_llama31_8b,cell,processbench_math_llama31_8b,processbench,llama31_8b,math,"[""processbench_math_llama31_8b""]",1,single_cell,auroc,True,"[""equal_family_mean""]",equal_family_mean,ca_specrage_atomic,0.720108,0.710304,-0.009803999999999924,-0.01960738254320196,-5.207357151925122e-05,-0.009803999999999924,-0.01960738254320196,-5.207357151925122e-05,0.9757,source_group,20000,20000,SEPARATED_FROM_POINT_WINNER_95CI,False,NONE,OK
winner_reference::e526d4be52d1a12c4f888108,external_final_answer::cell::460b3ad72dd87122af6b64c4,external_final_answer,processbench_llama31_response_v1,cell,processbench_math_llama31_8b,cell,processbench_math_llama31_8b,processbench,llama31_8b,math,"[""processbench_math_llama31_8b""]",1,single_cell,auroc,True,"[""equal_family_mean""]",equal_family_mean,continuous_lsml,0.720108,0.687064,-0.03304399999999996,-0.05723071000924506,-0.009393264836929122,-0.03304399999999996,-0.05723071000924506,-0.009393264836929122,0.99705,source_group,20000,20000,SEPARATED_FROM_POINT_WINNER_95CI,False,NONE,OK
winner_reference::e526d4be52d1a12c4f888108,external_final_answer::cell::460b3ad72dd87122af6b64c4,external_final_answer,processbench_llama31_response_v1,cell,processbench_math_llama31_8b,cell,processbench_math_llama31_8b,processbench,llama31_8b,math,"[""processbench_math_llama31_8b""]",1,single_cell,auroc,True,"[""equal_family_mean""]",equal_family_mean,deem_b3,0.720108,0.7200159999999999,-9.200000000009201e-05,-0.0008364839061437257,0.0006560419866871198,-9.200000000009201e-05,-0.0008364839061437257,0.0006560419866871198,0.59655,source_group,20000,20000,NOT_SEPARATED_FROM_POINT_WINNER_95CI,True,NONE,OK
winner_reference::e526d4be52d1a12c4f888108,external_final_answer::cell::460b3ad72dd87122af6b64c4,external_final_answer,processbench_llama31_response_v1,cell,processbench_math_llama31_8b,cell,processbench_math_llama31_8b,processbench,llama31_8b,math,"[""processbench_math_llama31_8b""]",1,single_cell,auroc,True,"[""equal_family_mean""]",equal_family_mean,dufs_liu,0.720108,0.714672,-0.005435999999999996,-0.014783209922003323,0.0038882996293607324,-0.005435999999999996,-0.014783209922003323,0.0038882996293607324,0.8705,source_group,20000,20000,NOT_SEPARATED_FROM_POINT_WINNER_95CI,True,NONE,OK
winner_reference::e526d4be52d1a12c4f888108,external_final_answer::cell::460b3ad72dd87122af6b64c4,external_final_answer,processbench_llama31_response_v1,cell,processbench_math_llama31_8b,cell,processbench_math_llama31_8b,processbench,llama31_8b,math,"[""processbench_math_llama31_8b""]",1,single_cell,auroc,True,"[""equal_family_mean""]",equal_family_mean,dufs_pf_lsml,0.720108,0.6916040000000001,-0.028503999999999863,-0.04324378253199186,-0.013715420842920264,-0.028503999999999863,-0.04324378253199186,-0.013715420842920264,1.0,source_group,20000,20000,SEPARATED_FROM_POINT_WINNER_95CI,False,NONE,OK
winner_reference::e526d4be52d1a12c4f888108,external_final_answer::cell::460b3ad72dd87122af6b64c4,external_final_answer,processbench_llama31_response_v1,cell,processbench_math_llama31_8b,cell,processbench_math_llama31_8b,processbench,llama31_8b,math,"[""processbench_math_llama31_8b""]",1,single_cell,auroc,True,"[""equal_family_mean""]",equal_family_mean,dufs_stability_lsml,0.720108,0.699692,-0.02041599999999999,-0.03310655644829615,-0.007917955491203617,-0.02041599999999999,-0.03310655644829615,-0.007917955491203617,0.9994,source_group,20000,20000,SEPARATED_FROM_POINT_WINNER_95CI,False,NONE,OK
winner_reference::e526d4be52d1a12c4f888108,external_final_answer::cell::460b3ad72dd87122af6b64c4,external_final_answer,processbench_llama31_response_v1,cell,processbench_math_llama31_8b,cell,processbench_math_llama31_8b,processbench,llama31_8b,math,"[""processbench_math_llama31_8b""]",1,single_cell,auroc,True,"[""equal_family_mean""]",equal_family_mean,equal_family_mean,0.720108,0.720108,0.0,0.0,0.0,0.0,0.0,0.0,1.0,source_group,20000,20000,POINT_WINNER,True,NONE,OK
winner_reference::e526d4be52d1a12c4f888108,external_final_answer::cell::460b3ad72dd87122af6b64c4,external_final_answer,processbench_llama31_response_v1,cell,processbench_math_llama31_8b,cell,processbench_math_llama31_8b,processbench,llama31_8b,math,"[""processbench_math_llama31_8b""]",1,single_cell,auroc,True,"[""equal_family_mean""]",equal_family_mean,equal_feature_mean,0.720108,0.716616,-0.0034919999999999396,-0.012680853426822309,0.005544026611466149,-0.0034919999999999396,-0.012680853426822309,0.005544026611466149,0.7752,source_group,20000,20000,NOT_SEPARATED_FROM_POINT_WINNER_95CI,True,NONE,OK
winner_reference::e526d4be52d1a12c4f888108,external_final_answer::cell::460b3ad72dd87122af6b64c4,external_final_answer,processbench_llama31_response_v1,cell,processbench_math_llama31_8b,cell,processbench_math_llama31_8b,processbench,llama31_8b,math,"[""processbench_math_llama31_8b""]",1,single_cell,auroc,True,"[""equal_family_mean""]",equal_family_mean,family_nrm_a,0.720108,0.707192,-0.012915999999999928,-0.02505560950554785,-0.0009291189508376643,-0.012915999999999928,-0.02505560950554785,-0.0009291189508376643,0.9827,source_group,20000,20000,SEPARATED_FROM_POINT_WINNER_95CI,False,NONE,OK
winner_reference::e526d4be52d1a12c4f888108,external_final_answer::cell::460b3ad72dd87122af6b64c4,external_final_answer,processbench_llama31_response_v1,cell,processbench_math_llama31_8b,cell,processbench_math_llama31_8b,processbench,llama31_8b,math,"[""processbench_math_llama31_8b""]",1,single_cell,auroc,True,"[""equal_family_mean""]",equal_family_mean,iu_pcr,0.720108,0.71468,-0.005427999999999988,-0.014991390325184914,0.004122434331314196,-0.005427999999999988,-0.014991390325184914,0.004122434331314196,0.86305,source_group,20000,20000,NOT_SEPARATED_FROM_POINT_WINNER_95CI,True,NONE,OK
winner_reference::e526d4be52d1a12c4f888108,external_final_answer::cell::460b3ad72dd87122af6b64c4,external_final_answer,processbench_llama31_response_v1,cell,processbench_math_llama31_8b,cell,processbench_math_llama31_8b,processbench,llama31_8b,math,"[""processbench_math_llama31_8b""]",1,single_cell,auroc,True,"[""equal_family_mean""]",equal_family_mean,pgrd_a,0.720108,0.7138399999999999,-0.006268000000000051,-0.01980020709206231,0.006927990978931167,-0.006268000000000051,-0.01980020709206231,0.006927990978931167,0.8205,source_group,20000,20000,NOT_SEPARATED_FROM_POINT_WINNER_95CI,True,NONE,OK
winner_reference::e526d4be52d1a12c4f888108,external_final_answer::cell::460b3ad72dd87122af6b64c4,external_final_answer,processbench_llama31_response_v1,cell,processbench_math_llama31_8b,cell,processbench_math_llama31_8b,processbench,llama31_8b,math,"[""processbench_math_llama31_8b""]",1,single_cell,auroc,True,"[""equal_family_mean""]",equal_family_mean,su_pcr,0.720108,0.7142999999999999,-0.005808000000000035,-0.014968032612900495,0.0033322222953520936,-0.005808000000000035,-0.014968032612900495,0.0033322222953520936,0.89085,source_group,20000,20000,NOT_SEPARATED_FROM_POINT_WINNER_95CI,True,NONE,OK
winner_reference::e526d4be52d1a12c4f888108,external_final_answer::cell::460b3ad72dd87122af6b64c4,external_final_answer,processbench_llama31_response_v1,cell,processbench_math_llama31_8b,cell,processbench_math_llama31_8b,processbench,llama31_8b,math,"[""processbench_math_llama31_8b""]",1,single_cell,auroc,True,"[""equal_family_mean""]",equal_family_mean,upcr,0.720108,0.7074400000000001,-0.012667999999999902,-0.023119448266226614,-0.0024041649913575202,-0.012667999999999902,-0.023119448266226614,-0.0024041649913575202,0.9924,source_group,20000,20000,SEPARATED_FROM_POINT_WINNER_95CI,False,NONE,OK
winner_reference::6f002f27c609e5e2b0fa429b,external_final_answer::cell::a09a23359117e1395dd2999e,external_final_answer,processbench_llama31_response_v1,cell,processbench_olympiadbench_llama31_8b,cell,processbench_olympiadbench_llama31_8b,processbench,llama31_8b,olympiadbench,"[""processbench_olympiadbench_llama31_8b""]",1,single_cell,auprc,True,"[""equal_family_mean""]",equal_family_mean,ca_specrage_atomic,0.6534385103542919,0.6451257841157907,-0.008312726238501211,-0.019835300660087065,0.0026317000959373985,-0.008312726238501211,-0.019835300660087065,0.0026317000959373985,0.933,source_group,20000,20000,NOT_SEPARATED_FROM_POINT_WINNER_95CI,True,NONE,OK
winner_reference::6f002f27c609e5e2b0fa429b,external_final_answer::cell::a09a23359117e1395dd2999e,external_final_answer,processbench_llama31_response_v1,cell,processbench_olympiadbench_llama31_8b,cell,processbench_olympiadbench_llama31_8b,processbench,llama31_8b,olympiadbench,"[""processbench_olympiadbench_llama31_8b""]",1,single_cell,auprc,True,"[""equal_family_mean""]",equal_family_mean,continuous_lsml,0.6534385103542919,0.6106843985790877,-0.04275411177520416,-0.07777037265204836,-0.008716239973210619,-0.04275411177520416,-0.07777037265204836,-0.008716239973210619,0.99305,source_group,20000,20000,SEPARATED_FROM_POINT_WINNER_95CI,False,NONE,OK
winner_reference::6f002f27c609e5e2b0fa429b,external_final_answer::cell::a09a23359117e1395dd2999e,external_final_answer,processbench_llama31_response_v1,cell,processbench_olympiadbench_llama31_8b,cell,processbench_olympiadbench_llama31_8b,processbench,llama31_8b,olympiadbench,"[""processbench_olympiadbench_llama31_8b""]",1,single_cell,auprc,True,"[""equal_family_mean""]",equal_family_mean,deem_b3,0.6534385103542919,0.653180550595031,-0.0002579597592609062,-0.0010906324592023203,0.0005588874334636836,-0.0002579597592609062,-0.0010906324592023203,0.0005588874334636836,0.73005,source_group,20000,20000,NOT_SEPARATED_FROM_POINT_WINNER_95CI,True,NONE,OK
winner_reference::6f002f27c609e5e2b0fa429b,external_final_answer::cell::a09a23359117e1395dd2999e,external_final_answer,processbench_llama31_response_v1,cell,processbench_olympiadbench_llama31_8b,cell,processbench_olympiadbench_llama31_8b,processbench,llama31_8b,olympiadbench,"[""processbench_olympiadbench_llama31_8b""]",1,single_cell,auprc,True,"[""equal_family_mean""]",equal_family_mean,dufs_liu,0.6534385103542919,0.6490447951855816,-0.004393715168710344,-0.01594055294498651,0.006296780236091643,-0.004393715168710344,-0.01594055294498651,0.006296780236091643,0.7992,source_group,20000,20000,NOT_SEPARATED_FROM_POINT_WINNER_95CI,True,NONE,OK
winner_reference::6f002f27c609e5e2b0fa429b,external_final_answer::cell::a09a23359117e1395dd2999e,external_final_answer,processbench_llama31_response_v1,cell,processbench_olympiadbench_llama31_8b,cell,processbench_olympiadbench_llama31_8b,processbench,llama31_8b,olympiadbench,"[""processbench_olympiadbench_llama31_8b""]",1,single_cell,auprc,True,"[""equal_family_mean""]",equal_family_mean,dufs_pf_lsml,0.6534385103542919,0.6202590318524818,-0.033179478501810133,-0.05465283831117572,-0.011265024916942427,-0.033179478501810133,-0.05465283831117572,-0.011265024916942427,0.9982,source_group,20000,20000,SEPARATED_FROM_POINT_WINNER_95CI,False,NONE,OK
winner_reference::6f002f27c609e5e2b0fa429b,external_final_answer::cell::a09a23359117e1395dd2999e,external_final_answer,processbench_llama31_response_v1,cell,processbench_olympiadbench_llama31_8b,cell,processbench_olympiadbench_llama31_8b,processbench,llama31_8b,olympiadbench,"[""processbench_olympiadbench_llama31_8b""]",1,single_cell,auprc,True,"[""equal_family_mean""]",equal_family_mean,dufs_stability_lsml,0.6534385103542919,0.6238044468579016,-0.029634063496390306,-0.049237972065827244,-0.009447547480198467,-0.029634063496390306,-0.049237972065827244,-0.009447547480198467,0.9977,source_group,20000,20000,SEPARATED_FROM_POINT_WINNER_95CI,False,NONE,OK
winner_reference::6f002f27c609e5e2b0fa429b,external_final_answer::cell::a09a23359117e1395dd2999e,external_final_answer,processbench_llama31_response_v1,cell,processbench_olympiadbench_llama31_8b,cell,processbench_olympiadbench_llama31_8b,processbench,llama31_8b,olympiadbench,"[""processbench_olympiadbench_llama31_8b""]",1,single_cell,auprc,True,"[""equal_family_mean""]",equal_family_mean,equal_family_mean,0.6534385103542919,0.6534385103542919,0.0,0.0,0.0,0.0,0.0,0.0,1.0,source_group,20000,20000,POINT_WINNER,True,NONE,OK
winner_reference::6f002f27c609e5e2b0fa429b,external_final_answer::cell::a09a23359117e1395dd2999e,external_final_answer,processbench_llama31_response_v1,cell,processbench_olympiadbench_llama31_8b,cell,processbench_olympiadbench_llama31_8b,processbench,llama31_8b,olympiadbench,"[""processbench_olympiadbench_llama31_8b""]",1,single_cell,auprc,True,"[""equal_family_mean""]",equal_family_mean,equal_feature_mean,0.6534385103542919,0.6533108125328402,-0.00012769782145172215,-0.011938419805499475,0.010370904240194677,-0.00012769782145172215,-0.011938419805499475,0.010370904240194677,0.5488,source_group,20000,20000,NOT_SEPARATED_FROM_POINT_WINNER_95CI,True,NONE,OK
winner_reference::6f002f27c609e5e2b0fa429b,external_final_answer::cell::a09a23359117e1395dd2999e,external_final_answer,processbench_llama31_response_v1,cell,processbench_olympiadbench_llama31_8b,cell,processbench_olympiadbench_llama31_8b,processbench,llama31_8b,olympiadbench,"[""processbench_olympiadbench_llama31_8b""]",1,single_cell,auprc,True,"[""equal_family_mean""]",equal_family_mean,family_nrm_a,0.6534385103542919,0.6476277297141353,-0.00581078064015661,-0.01837673600448269,0.00512457778363872,-0.00581078064015661,-0.01837673600448269,0.00512457778363872,0.8602,source_group,20000,20000,NOT_SEPARATED_FROM_POINT_WINNER_95CI,True,NONE,OK
winner_reference::6f002f27c609e5e2b0fa429b,external_final_answer::cell::a09a23359117e1395dd2999e,external_final_answer,processbench_llama31_response_v1,cell,processbench_olympiadbench_llama31_8b,cell,processbench_olympiadbench_llama31_8b,processbench,llama31_8b,olympiadbench,"[""processbench_olympiadbench_llama31_8b""]",1,single_cell,auprc,True,"[""equal_family_mean""]",equal_family_mean,iu_pcr,0.6534385103542919,0.6488755221423266,-0.004562988211965324,-0.016760859432433193,0.006874434050793487,-0.004562988211965324,-0.016760859432433193,0.006874434050793487,0.79545,source_group,20000,20000,NOT_SEPARATED_FROM_POINT_WINNER_95CI,True,NONE,OK
winner_reference::6f002f27c609e5e2b0fa429b,external_final_answer::cell::a09a23359117e1395dd2999e,external_final_answer,processbench_llama31_response_v1,cell,processbench_olympiadbench_llama31_8b,cell,processbench_olympiadbench_llama31_8b,processbench,llama31_8b,olympiadbench,"[""processbench_olympiadbench_llama31_8b""]",1,single_cell,auprc,True,"[""equal_family_mean""]",equal_family_mean,pgrd_a,0.6534385103542919,0.6498977968390585,-0.00354071351523344,-0.015993706206238634,0.009334193398352272,-0.00354071351523344,-0.015993706206238634,0.009334193398352272,0.7074,source_group,20000,20000,NOT_SEPARATED_FROM_POINT_WINNER_95CI,True,NONE,OK
winner_reference::6f002f27c609e5e2b0fa429b,external_final_answer::cell::a09a23359117e1395dd2999e,external_final_answer,processbench_llama31_response_v1,cell,processbench_olympiadbench_llama31_8b,cell,processbench_olympiadbench_llama31_8b,processbench,llama31_8b,olympiadbench,"[""processbench_olympiadbench_llama31_8b""]",1,single_cell,auprc,True,"[""equal_family_mean""]",equal_family_mean,su_pcr,0.6534385103542919,0.648755022668195,-0.004683487686096943,-0.016136549194085546,0.006084807423879233,-0.004683487686096943,-0.016136549194085546,0.006084807423879233,0.8122,source_group,20000,20000,NOT_SEPARATED_FROM_POINT_WINNER_95CI,True,NONE,OK
winner_reference::6f002f27c609e5e2b0fa429b,external_final_answer::cell::a09a23359117e1395dd2999e,external_final_answer,processbench_llama31_response_v1,cell,processbench_olympiadbench_llama31_8b,cell,processbench_olympiadbench_llama31_8b,processbench,llama31_8b,olympiadbench,"[""processbench_olympiadbench_llama31_8b""]",1,single_cell,auprc,True,"[""equal_family_mean""]",equal_family_mean,upcr,0.6534385103542919,0.6386465863075532,-0.01479192404673868,-0.02953194089233296,0.00011045810797041427,-0.01479192404673868,-0.02953194089233296,0.00011045810797041427,0.97425,source_group,20000,20000,NOT_SEPARATED_FROM_POINT_WINNER_95CI,True,NONE,OK
winner_reference::dacd32adf5a7bf95b3eeada9,external_final_answer::cell::e7e6421da63728eeac0b9720,external_final_answer,processbench_llama31_response_v1,cell,processbench_olympiadbench_llama31_8b,cell,processbench_olympiadbench_llama31_8b,processbench,llama31_8b,olympiadbench,"[""processbench_olympiadbench_llama31_8b""]",1,single_cell,aurc_x1000,False,"[""pgrd_a""]",pgrd_a,ca_specrage_atomic,353.67693850664654,358.5598107333178,4.882872226671282,-3.051175544456805,12.925751822367076,-4.882872226671282,-12.925751822367099,3.051175544456785,0.886,source_group,20000,20000,NOT_SEPARATED_FROM_POINT_WINNER_95CI,True,NONE,OK
winner_reference::dacd32adf5a7bf95b3eeada9,external_final_answer::cell::e7e6421da63728eeac0b9720,external_final_answer,processbench_llama31_response_v1,cell,processbench_olympiadbench_llama31_8b,cell,processbench_olympiadbench_llama31_8b,processbench,llama31_8b,olympiadbench,"[""processbench_olympiadbench_llama31_8b""]",1,single_cell,aurc_x1000,False,"[""pgrd_a""]",pgrd_a,continuous_lsml,353.67693850664654,414.15157144524596,60.47463293859943,39.66900698409269,81.80058359777018,-60.47463293859943,-81.80058359777018,-39.669006984092704,1.0,source_group,20000,20000,SEPARATED_FROM_POINT_WINNER_95CI,False,NONE,OK
winner_reference::dacd32adf5a7bf95b3eeada9,external_final_answer::cell::e7e6421da63728eeac0b9720,external_final_answer,processbench_llama31_response_v1,cell,processbench_olympiadbench_llama31_8b,cell,processbench_olympiadbench_llama31_8b,processbench,llama31_8b,olympiadbench,"[""processbench_olympiadbench_llama31_8b""]",1,single_cell,aurc_x1000,False,"[""pgrd_a""]",pgrd_a,deem_b3,353.67693850664654,354.65937912399966,0.9824406173531202,-8.060171318478307,10.48065639445965,-0.9824406173531202,-10.48065639445969,8.060171318478302,0.5846,source_group,20000,20000,NOT_SEPARATED_FROM_POINT_WINNER_95CI,True,NONE,OK
winner_reference::dacd32adf5a7bf95b3eeada9,external_final_answer::cell::e7e6421da63728eeac0b9720,external_final_answer,processbench_llama31_response_v1,cell,processbench_olympiadbench_llama31_8b,cell,processbench_olympiadbench_llama31_8b,processbench,llama31_8b,olympiadbench,"[""processbench_olympiadbench_llama31_8b""]",1,single_cell,aurc_x1000,False,"[""pgrd_a""]",pgrd_a,dufs_liu,353.67693850664654,357.3591826771239,3.682244170477361,-0.9061810851278848,8.374064012487873,-3.682244170477361,-8.374064012487874,0.9061810851278636,0.94225,source_group,20000,20000,NOT_SEPARATED_FROM_POINT_WINNER_95CI,True,NONE,OK
winner_reference::dacd32adf5a7bf95b3eeada9,external_final_answer::cell::e7e6421da63728eeac0b9720,external_final_answer,processbench_llama31_response_v1,cell,processbench_olympiadbench_llama31_8b,cell,processbench_olympiadbench_llama31_8b,processbench,llama31_8b,olympiadbench,"[""processbench_olympiadbench_llama31_8b""]",1,single_cell,aurc_x1000,False,"[""pgrd_a""]",pgrd_a,dufs_pf_lsml,353.67693850664654,407.03784410064867,53.36090559400213,27.730974996802953,78.86420547581815,-53.36090559400213,-78.86420547581817,-27.730974996802953,1.0,source_group,20000,20000,SEPARATED_FROM_POINT_WINNER_95CI,False,NONE,OK
winner_reference::dacd32adf5a7bf95b3eeada9,external_final_answer::cell::e7e6421da63728eeac0b9720,external_final_answer,processbench_llama31_response_v1,cell,processbench_olympiadbench_llama31_8b,cell,processbench_olympiadbench_llama31_8b,processbench,llama31_8b,olympiadbench,"[""processbench_olympiadbench_llama31_8b""]",1,single_cell,aurc_x1000,False,"[""pgrd_a""]",pgrd_a,dufs_stability_lsml,353.67693850664654,398.32162105841275,44.64468255176621,21.632148524770443,68.48165132025366,-44.64468255176621,-68.48165132025366,-21.632148524770457,0.99985,source_group,20000,20000,SEPARATED_FROM_POINT_WINNER_95CI,False,NONE,OK
winner_reference::dacd32adf5a7bf95b3eeada9,external_final_answer::cell::e7e6421da63728eeac0b9720,external_final_answer,processbench_llama31_response_v1,cell,processbench_olympiadbench_llama31_8b,cell,processbench_olympiadbench_llama31_8b,processbench,llama31_8b,olympiadbench,"[""processbench_olympiadbench_llama31_8b""]",1,single_cell,aurc_x1000,False,"[""pgrd_a""]",pgrd_a,equal_family_mean,353.67693850664654,354.8290001253025,1.1520616186559778,-8.151367629995054,10.942142542288378,-1.1520616186559778,-10.942142542288396,8.151367629995047,0.59635,source_group,20000,20000,NOT_SEPARATED_FROM_POINT_WINNER_95CI,True,NONE,OK
winner_reference::dacd32adf5a7bf95b3eeada9,external_final_answer::cell::e7e6421da63728eeac0b9720,external_final_answer,processbench_llama31_response_v1,cell,processbench_olympiadbench_llama31_8b,cell,processbench_olympiadbench_llama31_8b,processbench,llama31_8b,olympiadbench,"[""processbench_olympiadbench_llama31_8b""]",1,single_cell,aurc_x1000,False,"[""pgrd_a""]",pgrd_a,equal_feature_mean,353.67693850664654,355.42841688428183,1.7514783776352942,-5.955030941102251,9.291344376999303,-1.7514783776352942,-9.291344376999314,5.95503094110225,0.68365,source_group,20000,20000,NOT_SEPARATED_FROM_POINT_WINNER_95CI,True,NONE,OK
winner_reference::dacd32adf5a7bf95b3eeada9,external_final_answer::cell::e7e6421da63728eeac0b9720,external_final_answer,processbench_llama31_response_v1,cell,processbench_olympiadbench_llama31_8b,cell,processbench_olympiadbench_llama31_8b,processbench,llama31_8b,olympiadbench,"[""processbench_olympiadbench_llama31_8b""]",1,single_cell,aurc_x1000,False,"[""pgrd_a""]",pgrd_a,family_nrm_a,353.67693850664654,360.3479803770116,6.671041870365059,-1.4740576163499282,15.104617023641092,-6.671041870365059,-15.104617023641104,1.4740576163499104,0.9461,source_group,20000,20000,NOT_SEPARATED_FROM_POINT_WINNER_95CI,True,NONE,OK
winner_reference::dacd32adf5a7bf95b3eeada9,external_final_answer::cell::e7e6421da63728eeac0b9720,external_final_answer,processbench_llama31_response_v1,cell,processbench_olympiadbench_llama31_8b,cell,processbench_olympiadbench_llama31_8b,processbench,llama31_8b,olympiadbench,"[""processbench_olympiadbench_llama31_8b""]",1,single_cell,aurc_x1000,False,"[""pgrd_a""]",pgrd_a,iu_pcr,353.67693850664654,358.2216198302398,4.544681323593238,0.3283253579809497,8.88419494591343,-4.544681323593238,-8.884194945913432,-0.3283253579809522,0.98375,source_group,20000,20000,SEPARATED_FROM_POINT_WINNER_95CI,False,NONE,OK
winner_reference::dacd32adf5a7bf95b3eeada9,external_final_answer::cell::e7e6421da63728eeac0b9720,external_final_answer,processbench_llama31_response_v1,cell,processbench_olympiadbench_llama31_8b,cell,processbench_olympiadbench_llama31_8b,processbench,llama31_8b,olympiadbench,"[""processbench_olympiadbench_llama31_8b""]",1,single_cell,aurc_x1000,False,"[""pgrd_a""]",pgrd_a,pgrd_a,353.67693850664654,353.67693850664654,0.0,0.0,0.0,-0.0,-0.0,0.0,1.0,source_group,20000,20000,POINT_WINNER,True,NONE,OK
winner_reference::dacd32adf5a7bf95b3eeada9,external_final_answer::cell::e7e6421da63728eeac0b9720,external_final_answer,processbench_llama31_response_v1,cell,processbench_olympiadbench_llama31_8b,cell,processbench_olympiadbench_llama31_8b,processbench,llama31_8b,olympiadbench,"[""processbench_olympiadbench_llama31_8b""]",1,single_cell,aurc_x1000,False,"[""pgrd_a""]",pgrd_a,su_pcr,353.67693850664654,357.3111015980425,3.634163091395976,-1.1344574135983463,8.462502565165423,-3.634163091395976,-8.462502565165424,1.1344574135983434,0.93345,source_group,20000,20000,NOT_SEPARATED_FROM_POINT_WINNER_95CI,True,NONE,OK
winner_reference::dacd32adf5a7bf95b3eeada9,external_final_answer::cell::e7e6421da63728eeac0b9720,external_final_answer,processbench_llama31_response_v1,cell,processbench_olympiadbench_llama31_8b,cell,processbench_olympiadbench_llama31_8b,processbench,llama31_8b,olympiadbench,"[""processbench_olympiadbench_llama31_8b""]",1,single_cell,aurc_x1000,False,"[""pgrd_a""]",pgrd_a,upcr,353.67693850664654,366.8398297676746,13.16289126102805,-0.21195329243818423,26.72563473836928,-13.16289126102805,-26.725634738369283,0.21195329243817376,0.97285,source_group,20000,20000,NOT_SEPARATED_FROM_POINT_WINNER_95CI,True,NONE,OK
winner_reference::0fe54031a6a66dedb8b010b5,external_final_answer::cell::ef91c46fe897c543789c7dde,external_final_answer,processbench_llama31_response_v1,cell,processbench_olympiadbench_llama31_8b,cell,processbench_olympiadbench_llama31_8b,processbench,llama31_8b,olympiadbench,"[""processbench_olympiadbench_llama31_8b""]",1,single_cell,auroc,True,"[""deem_b3""]",deem_b3,ca_specrage_atomic,0.676876,0.6699599999999999,-0.006916000000000144,-0.01893669640798549,0.005024082897416751,-0.006916000000000144,-0.01893669640798549,0.005024082897416751,0.86995,source_group,20000,20000,NOT_SEPARATED_FROM_POINT_WINNER_95CI,True,NONE,OK
winner_reference::0fe54031a6a66dedb8b010b5,external_final_answer::cell::ef91c46fe897c543789c7dde,external_final_answer,processbench_llama31_response_v1,cell,processbench_olympiadbench_llama31_8b,cell,processbench_olympiadbench_llama31_8b,processbench,llama31_8b,olympiadbench,"[""processbench_olympiadbench_llama31_8b""]",1,single_cell,auroc,True,"[""deem_b3""]",deem_b3,continuous_lsml,0.676876,0.60978,-0.06709600000000004,-0.09581052947652889,-0.03855138648821138,-0.06709600000000004,-0.09581052947652889,-0.03855138648821138,1.0,source_group,20000,20000,SEPARATED_FROM_POINT_WINNER_95CI,False,NONE,OK
winner_reference::0fe54031a6a66dedb8b010b5,external_final_answer::cell::ef91c46fe897c543789c7dde,external_final_answer,processbench_llama31_response_v1,cell,processbench_olympiadbench_llama31_8b,cell,processbench_olympiadbench_llama31_8b,processbench,llama31_8b,olympiadbench,"[""processbench_olympiadbench_llama31_8b""]",1,single_cell,auroc,True,"[""deem_b3""]",deem_b3,deem_b3,0.676876,0.676876,0.0,0.0,0.0,0.0,0.0,0.0,1.0,source_group,20000,20000,POINT_WINNER,True,NONE,OK
winner_reference::0fe54031a6a66dedb8b010b5,external_final_answer::cell::ef91c46fe897c543789c7dde,external_final_answer,processbench_llama31_response_v1,cell,processbench_olympiadbench_llama31_8b,cell,processbench_olympiadbench_llama31_8b,processbench,llama31_8b,olympiadbench,"[""processbench_olympiadbench_llama31_8b""]",1,single_cell,auroc,True,"[""deem_b3""]",deem_b3,dufs_liu,0.676876,0.669828,-0.007048000000000054,-0.01728975865773861,0.0032880394646830242,-0.007048000000000054,-0.01728975865773861,0.0032880394646830242,0.9063,source_group,20000,20000,NOT_SEPARATED_FROM_POINT_WINNER_95CI,True,NONE,OK
winner_reference::0fe54031a6a66dedb8b010b5,external_final_answer::cell::ef91c46fe897c543789c7dde,external_final_answer,processbench_llama31_response_v1,cell,processbench_olympiadbench_llama31_8b,cell,processbench_olympiadbench_llama31_8b,processbench,llama31_8b,olympiadbench,"[""processbench_olympiadbench_llama31_8b""]",1,single_cell,auroc,True,"[""deem_b3""]",deem_b3,dufs_pf_lsml,0.676876,0.6328799999999999,-0.043996000000000146,-0.06965657293451737,-0.019130975444561448,-0.043996000000000146,-0.06965657293451737,-0.019130975444561448,0.99975,source_group,20000,20000,SEPARATED_FROM_POINT_WINNER_95CI,False,NONE,OK
winner_reference::0fe54031a6a66dedb8b010b5,external_final_answer::cell::ef91c46fe897c543789c7dde,external_final_answer,processbench_llama31_response_v1,cell,processbench_olympiadbench_llama31_8b,cell,processbench_olympiadbench_llama31_8b,processbench,llama31_8b,olympiadbench,"[""processbench_olympiadbench_llama31_8b""]",1,single_cell,auroc,True,"[""deem_b3""]",deem_b3,dufs_stability_lsml,0.676876,0.638412,-0.038464000000000054,-0.06223719648522545,-0.01516896019547031,-0.038464000000000054,-0.06223719648522545,-0.01516896019547031,0.9993,source_group,20000,20000,SEPARATED_FROM_POINT_WINNER_95CI,False,NONE,OK
winner_reference::0fe54031a6a66dedb8b010b5,external_final_answer::cell::ef91c46fe897c543789c7dde,external_final_answer,processbench_llama31_response_v1,cell,processbench_olympiadbench_llama31_8b,cell,processbench_olympiadbench_llama31_8b,processbench,llama31_8b,olympiadbench,"[""processbench_olympiadbench_llama31_8b""]",1,single_cell,auroc,True,"[""deem_b3""]",deem_b3,equal_family_mean,0.676876,0.6768000000000001,-7.599999999996498e-05,-0.0008967113641533409,0.0007102716621093924,-7.599999999996498e-05,-0.0008967113641533409,0.0007102716621093924,0.5732,source_group,20000,20000,NOT_SEPARATED_FROM_POINT_WINNER_95CI,True,NONE,OK
winner_reference::0fe54031a6a66dedb8b010b5,external_final_answer::cell::ef91c46fe897c543789c7dde,external_final_answer,processbench_llama31_response_v1,cell,processbench_olympiadbench_llama31_8b,cell,processbench_olympiadbench_llama31_8b,processbench,llama31_8b,olympiadbench,"[""processbench_olympiadbench_llama31_8b""]",1,single_cell,auroc,True,"[""deem_b3""]",deem_b3,equal_feature_mean,0.676876,0.669308,-0.007568000000000019,-0.017932819154764017,0.0026445434629951033,-0.007568000000000019,-0.017932819154764017,0.0026445434629951033,0.92505,source_group,20000,20000,NOT_SEPARATED_FROM_POINT_WINNER_95CI,True,NONE,OK
winner_reference::0fe54031a6a66dedb8b010b5,external_final_answer::cell::ef91c46fe897c543789c7dde,external_final_answer,processbench_llama31_response_v1,cell,processbench_olympiadbench_llama31_8b,cell,processbench_olympiadbench_llama31_8b,processbench,llama31_8b,olympiadbench,"[""processbench_olympiadbench_llama31_8b""]",1,single_cell,auroc,True,"[""deem_b3""]",deem_b3,family_nrm_a,0.676876,0.664212,-0.012664000000000009,-0.023038532919109164,-0.0025809760178424363,-0.012664000000000009,-0.023038532919109164,-0.0025809760178424363,0.9931,source_group,20000,20000,SEPARATED_FROM_POINT_WINNER_95CI,False,NONE,OK
winner_reference::0fe54031a6a66dedb8b010b5,external_final_answer::cell::ef91c46fe897c543789c7dde,external_final_answer,processbench_llama31_response_v1,cell,processbench_olympiadbench_llama31_8b,cell,processbench_olympiadbench_llama31_8b,processbench,llama31_8b,olympiadbench,"[""processbench_olympiadbench_llama31_8b""]",1,single_cell,auroc,True,"[""deem_b3""]",deem_b3,iu_pcr,0.676876,0.668404,-0.008472000000000035,-0.018860755492172098,0.002034270843740238,-0.008472000000000035,-0.018860755492172098,0.002034270843740238,0.942,source_group,20000,20000,NOT_SEPARATED_FROM_POINT_WINNER_95CI,True,NONE,OK
winner_reference::0fe54031a6a66dedb8b010b5,external_final_answer::cell::ef91c46fe897c543789c7dde,external_final_answer,processbench_llama31_response_v1,cell,processbench_olympiadbench_llama31_8b,cell,processbench_olympiadbench_llama31_8b,processbench,llama31_8b,olympiadbench,"[""processbench_olympiadbench_llama31_8b""]",1,single_cell,auroc,True,"[""deem_b3""]",deem_b3,pgrd_a,0.676876,0.6743760000000001,-0.0024999999999999467,-0.013578661683653773,0.008789191025325617,-0.0024999999999999467,-0.013578661683653773,0.008789191025325617,0.6641,source_group,20000,20000,NOT_SEPARATED_FROM_POINT_WINNER_95CI,True,NONE,OK
winner_reference::0fe54031a6a66dedb8b010b5,external_final_answer::cell::ef91c46fe897c543789c7dde,external_final_answer,processbench_llama31_response_v1,cell,processbench_olympiadbench_llama31_8b,cell,processbench_olympiadbench_llama31_8b,processbench,llama31_8b,olympiadbench,"[""processbench_olympiadbench_llama31_8b""]",1,single_cell,auroc,True,"[""deem_b3""]",deem_b3,su_pcr,0.676876,0.6698839999999999,-0.006992000000000109,-0.01729945880004348,0.003404473179960543,-0.006992000000000109,-0.01729945880004348,0.003404473179960543,0.9048,source_group,20000,20000,NOT_SEPARATED_FROM_POINT_WINNER_95CI,True,NONE,OK
winner_reference::0fe54031a6a66dedb8b010b5,external_final_answer::cell::ef91c46fe897c543789c7dde,external_final_answer,processbench_llama31_response_v1,cell,processbench_olympiadbench_llama31_8b,cell,processbench_olympiadbench_llama31_8b,processbench,llama31_8b,olympiadbench,"[""processbench_olympiadbench_llama31_8b""]",1,single_cell,auroc,True,"[""deem_b3""]",deem_b3,upcr,0.676876,0.663128,-0.013747999999999982,-0.03044464938690749,0.002765925476027304,-0.013747999999999982,-0.03044464938690749,0.002765925476027304,0.9491,source_group,20000,20000,NOT_SEPARATED_FROM_POINT_WINNER_95CI,True,NONE,OK
winner_reference::626de4b3c99f61b12473808f,external_final_answer::cell::6abac97662dfc95035fe61b4,external_final_answer,processbench_llama31_response_v1,cell,processbench_omnimath_llama31_8b,cell,processbench_omnimath_llama31_8b,processbench,llama31_8b,omnimath,"[""processbench_omnimath_llama31_8b""]",1,single_cell,auprc,True,"[""continuous_lsml""]",continuous_lsml,ca_specrage_atomic,0.6108066944782897,0.5761855093415584,-0.03462118513673129,-0.06934286555348006,0.0006454420057094267,-0.03462118513673129,-0.06934286555348006,0.0006454420057094267,0.97235,source_group,20000,20000,NOT_SEPARATED_FROM_POINT_WINNER_95CI,True,NONE,OK
winner_reference::626de4b3c99f61b12473808f,external_final_answer::cell::6abac97662dfc95035fe61b4,external_final_answer,processbench_llama31_response_v1,cell,processbench_omnimath_llama31_8b,cell,processbench_omnimath_llama31_8b,processbench,llama31_8b,omnimath,"[""processbench_omnimath_llama31_8b""]",1,single_cell,auprc,True,"[""continuous_lsml""]",continuous_lsml,continuous_lsml,0.6108066944782897,0.6108066944782897,0.0,0.0,0.0,0.0,0.0,0.0,1.0,source_group,20000,20000,POINT_WINNER,True,NONE,OK
winner_reference::626de4b3c99f61b12473808f,external_final_answer::cell::6abac97662dfc95035fe61b4,external_final_answer,processbench_llama31_response_v1,cell,processbench_omnimath_llama31_8b,cell,processbench_omnimath_llama31_8b,processbench,llama31_8b,omnimath,"[""processbench_omnimath_llama31_8b""]",1,single_cell,auprc,True,"[""continuous_lsml""]",continuous_lsml,deem_b3,0.6108066944782897,0.5903390446313694,-0.02046764984692029,-0.05155588722350049,0.009986583658940524,-0.02046764984692029,-0.05155588722350049,0.009986583658940524,0.9062,source_group,20000,20000,NOT_SEPARATED_FROM_POINT_WINNER_95CI,True,NONE,OK
winner_reference::626de4b3c99f61b12473808f,external_final_answer::cell::6abac97662dfc95035fe61b4,external_final_answer,processbench_llama31_response_v1,cell,processbench_omnimath_llama31_8b,cell,processbench_omnimath_llama31_8b,processbench,llama31_8b,omnimath,"[""processbench_omnimath_llama31_8b""]",1,single_cell,auprc,True,"[""continuous_lsml""]",continuous_lsml,dufs_liu,0.6108066944782897,0.5869001279178696,-0.023906566560420117,-0.05345830137630957,0.00554624738958883,-0.023906566560420117,-0.05345830137630957,0.00554624738958883,0.9431,source_group,20000,20000,NOT_SEPARATED_FROM_POINT_WINNER_95CI,True,NONE,OK
winner_reference::626de4b3c99f61b12473808f,external_final_answer::cell::6abac97662dfc95035fe61b4,external_final_answer,processbench_llama31_response_v1,cell,processbench_omnimath_llama31_8b,cell,processbench_omnimath_llama31_8b,processbench,llama31_8b,omnimath,"[""processbench_omnimath_llama31_8b""]",1,single_cell,auprc,True,"[""continuous_lsml""]",continuous_lsml,dufs_pf_lsml,0.6108066944782897,0.5517859515064866,-0.05902074297180315,-0.10093985505633263,-0.01643990171521609,-0.05902074297180315,-0.10093985505633263,-0.01643990171521609,0.99605,source_group,20000,20000,SEPARATED_FROM_POINT_WINNER_95CI,False,NONE,OK
winner_reference::626de4b3c99f61b12473808f,external_final_answer::cell::6abac97662dfc95035fe61b4,external_final_answer,processbench_llama31_response_v1,cell,processbench_omnimath_llama31_8b,cell,processbench_omnimath_llama31_8b,processbench,llama31_8b,omnimath,"[""processbench_omnimath_llama31_8b""]",1,single_cell,auprc,True,"[""continuous_lsml""]",continuous_lsml,dufs_stability_lsml,0.6108066944782897,0.5594258551393392,-0.051380839338950546,-0.09117569801837752,-0.010874656798419865,-0.051380839338950546,-0.09117569801837752,-0.010874656798419865,0.994,source_group,20000,20000,SEPARATED_FROM_POINT_WINNER_95CI,False,NONE,OK
winner_reference::626de4b3c99f61b12473808f,external_final_answer::cell::6abac97662dfc95035fe61b4,external_final_answer,processbench_llama31_response_v1,cell,processbench_omnimath_llama31_8b,cell,processbench_omnimath_llama31_8b,processbench,llama31_8b,omnimath,"[""processbench_omnimath_llama31_8b""]",1,single_cell,auprc,True,"[""continuous_lsml""]",continuous_lsml,equal_family_mean,0.6108066944782897,0.5913102421719492,-0.01949645230634056,-0.05036193206589943,0.010766807324599932,-0.01949645230634056,-0.05036193206589943,0.010766807324599932,0.89715,source_group,20000,20000,NOT_SEPARATED_FROM_POINT_WINNER_95CI,True,NONE,OK
winner_reference::626de4b3c99f61b12473808f,external_final_answer::cell::6abac97662dfc95035fe61b4,external_final_answer,processbench_llama31_response_v1,cell,processbench_omnimath_llama31_8b,cell,processbench_omnimath_llama31_8b,processbench,llama31_8b,omnimath,"[""processbench_omnimath_llama31_8b""]",1,single_cell,auprc,True,"[""continuous_lsml""]",continuous_lsml,equal_feature_mean,0.6108066944782897,0.5895023636394163,-0.021304330838873398,-0.046692744998117125,0.003427299067989944,-0.021304330838873398,-0.046692744998117125,0.003427299067989944,0.95375,source_group,20000,20000,NOT_SEPARATED_FROM_POINT_WINNER_95CI,True,NONE,OK
winner_reference::626de4b3c99f61b12473808f,external_final_answer::cell::6abac97662dfc95035fe61b4,external_final_answer,processbench_llama31_response_v1,cell,processbench_omnimath_llama31_8b,cell,processbench_omnimath_llama31_8b,processbench,llama31_8b,omnimath,"[""processbench_omnimath_llama31_8b""]",1,single_cell,auprc,True,"[""continuous_lsml""]",continuous_lsml,family_nrm_a,0.6108066944782897,0.5866312014973554,-0.024175492980934354,-0.050700758720424656,0.000920687471328552,-0.024175492980934354,-0.050700758720424656,0.000920687471328552,0.9698,source_group,20000,20000,NOT_SEPARATED_FROM_POINT_WINNER_95CI,True,NONE,OK
winner_reference::626de4b3c99f61b12473808f,external_final_answer::cell::6abac97662dfc95035fe61b4,external_final_answer,processbench_llama31_response_v1,cell,processbench_omnimath_llama31_8b,cell,processbench_omnimath_llama31_8b,processbench,llama31_8b,omnimath,"[""processbench_omnimath_llama31_8b""]",1,single_cell,auprc,True,"[""continuous_lsml""]",continuous_lsml,iu_pcr,0.6108066944782897,0.5901180406491602,-0.020688653829129544,-0.04862958456018345,0.005988707933005721,-0.020688653829129544,-0.04862958456018345,0.005988707933005721,0.9345,source_group,20000,20000,NOT_SEPARATED_FROM_POINT_WINNER_95CI,True,NONE,OK
winner_reference::626de4b3c99f61b12473808f,external_final_answer::cell::6abac97662dfc95035fe61b4,external_final_answer,processbench_llama31_response_v1,cell,processbench_omnimath_llama31_8b,cell,processbench_omnimath_llama31_8b,processbench,llama31_8b,omnimath,"[""processbench_omnimath_llama31_8b""]",1,single_cell,auprc,True,"[""continuous_lsml""]",continuous_lsml,pgrd_a,0.6108066944782897,0.5818881112087222,-0.028918583269567533,-0.06074106886704838,0.0033770258310521686,-0.028918583269567533,-0.06074106886704838,0.0033770258310521686,0.9606,source_group,20000,20000,NOT_SEPARATED_FROM_POINT_WINNER_95CI,True,NONE,OK
winner_reference::626de4b3c99f61b12473808f,external_final_answer::cell::6abac97662dfc95035fe61b4,external_final_answer,processbench_llama31_response_v1,cell,processbench_omnimath_llama31_8b,cell,processbench_omnimath_llama31_8b,processbench,llama31_8b,omnimath,"[""processbench_omnimath_llama31_8b""]",1,single_cell,auprc,True,"[""continuous_lsml""]",continuous_lsml,su_pcr,0.6108066944782897,0.5859370930656559,-0.024869601412633835,-0.05514145084812713,0.005312877670009988,-0.024869601412633835,-0.05514145084812713,0.005312877670009988,0.9466,source_group,20000,20000,NOT_SEPARATED_FROM_POINT_WINNER_95CI,True,NONE,OK
winner_reference::626de4b3c99f61b12473808f,external_final_answer::cell::6abac97662dfc95035fe61b4,external_final_answer,processbench_llama31_response_v1,cell,processbench_omnimath_llama31_8b,cell,processbench_omnimath_llama31_8b,processbench,llama31_8b,omnimath,"[""processbench_omnimath_llama31_8b""]",1,single_cell,auprc,True,"[""continuous_lsml""]",continuous_lsml,upcr,0.6108066944782897,0.5660613623853673,-0.04474533209292242,-0.08285847598480744,-0.006119703498635171,-0.04474533209292242,-0.08285847598480744,-0.006119703498635171,0.98865,source_group,20000,20000,SEPARATED_FROM_POINT_WINNER_95CI,False,NONE,OK
winner_reference::591755f6f0c78f5721c28e14,external_final_answer::cell::9d02856056dfcd20530b4f04,external_final_answer,processbench_llama31_response_v1,cell,processbench_omnimath_llama31_8b,cell,processbench_omnimath_llama31_8b,processbench,llama31_8b,omnimath,"[""processbench_omnimath_llama31_8b""]",1,single_cell,aurc_x1000,False,"[""equal_family_mean""]",equal_family_mean,ca_specrage_atomic,367.813870378058,375.5113015908362,7.697431212778156,-1.6826112436894347,17.253683482840437,-7.697431212778156,-17.253683482840444,1.6826112436894243,0.9476,source_group,20000,20000,NOT_SEPARATED_FROM_POINT_WINNER_95CI,True,NONE,OK
winner_reference::591755f6f0c78f5721c28e14,external_final_answer::cell::9d02856056dfcd20530b4f04,external_final_answer,processbench_llama31_response_v1,cell,processbench_omnimath_llama31_8b,cell,processbench_omnimath_llama31_8b,processbench,llama31_8b,omnimath,"[""processbench_omnimath_llama31_8b""]",1,single_cell,aurc_x1000,False,"[""equal_family_mean""]",equal_family_mean,continuous_lsml,367.813870378058,394.21489203425904,26.40102165620101,7.374653061267934,45.92649682154718,-26.40102165620101,-45.92649682154718,-7.374653061267984,0.9964,source_group,20000,20000,SEPARATED_FROM_POINT_WINNER_95CI,False,NONE,OK
winner_reference::591755f6f0c78f5721c28e14,external_final_answer::cell::9d02856056dfcd20530b4f04,external_final_answer,processbench_llama31_response_v1,cell,processbench_omnimath_llama31_8b,cell,processbench_omnimath_llama31_8b,processbench,llama31_8b,omnimath,"[""processbench_omnimath_llama31_8b""]",1,single_cell,aurc_x1000,False,"[""equal_family_mean""]",equal_family_mean,deem_b3,367.813870378058,367.95361169365617,0.13974131559814396,-0.5392968250560856,0.8292342775975835,-0.13974131559814396,-0.8292342775975854,0.5392968250560847,0.6552,source_group,20000,20000,NOT_SEPARATED_FROM_POINT_WINNER_95CI,True,NONE,OK
winner_reference::591755f6f0c78f5721c28e14,external_final_answer::cell::9d02856056dfcd20530b4f04,external_final_answer,processbench_llama31_response_v1,cell,processbench_omnimath_llama31_8b,cell,processbench_omnimath_llama31_8b,processbench,llama31_8b,omnimath,"[""processbench_omnimath_llama31_8b""]",1,single_cell,aurc_x1000,False,"[""equal_family_mean""]",equal_family_mean,dufs_liu,367.813870378058,373.2675695602253,5.45369918216727,-1.763887817848466,12.83967104753071,-5.45369918216727,-12.839671047530716,1.763887817848462,0.9302,source_group,20000,20000,NOT_SEPARATED_FROM_POINT_WINNER_95CI,True,NONE,OK
winner_reference::591755f6f0c78f5721c28e14,external_final_answer::cell::9d02856056dfcd20530b4f04,external_final_answer,processbench_llama31_response_v1,cell,processbench_omnimath_llama31_8b,cell,processbench_omnimath_llama31_8b,processbench,llama31_8b,omnimath,"[""processbench_omnimath_llama31_8b""]",1,single_cell,aurc_x1000,False,"[""equal_family_mean""]",equal_family_mean,dufs_pf_lsml,367.813870378058,410.6486259139489,42.83475553589085,21.107667307281535,65.43434351110032,-42.83475553589085,-65.43434351110034,-21.107667307281535,0.99995,source_group,20000,20000,SEPARATED_FROM_POINT_WINNER_95CI,False,NONE,OK
winner_reference::591755f6f0c78f5721c28e14,external_final_answer::cell::9d02856056dfcd20530b4f04,external_final_answer,processbench_llama31_response_v1,cell,processbench_omnimath_llama31_8b,cell,processbench_omnimath_llama31_8b,processbench,llama31_8b,omnimath,"[""processbench_omnimath_llama31_8b""]",1,single_cell,aurc_x1000,False,"[""equal_family_mean""]",equal_family_mean,dufs_stability_lsml,367.813870378058,400.5592782545228,32.74540787646475,13.830801544611782,52.245149025963116,-32.74540787646475,-52.24514902596312,-13.830801544611788,0.9997,source_group,20000,20000,SEPARATED_FROM_POINT_WINNER_95CI,False,NONE,OK
winner_reference::591755f6f0c78f5721c28e14,external_final_answer::cell::9d02856056dfcd20530b4f04,external_final_answer,processbench_llama31_response_v1,cell,processbench_omnimath_llama31_8b,cell,processbench_omnimath_llama31_8b,processbench,llama31_8b,omnimath,"[""processbench_omnimath_llama31_8b""]",1,single_cell,aurc_x1000,False,"[""equal_family_mean""]",equal_family_mean,equal_family_mean,367.813870378058,367.813870378058,0.0,0.0,0.0,-0.0,-0.0,0.0,1.0,source_group,20000,20000,POINT_WINNER,True,NONE,OK
winner_reference::591755f6f0c78f5721c28e14,external_final_answer::cell::9d02856056dfcd20530b4f04,external_final_answer,processbench_llama31_response_v1,cell,processbench_omnimath_llama31_8b,cell,processbench_omnimath_llama31_8b,processbench,llama31_8b,omnimath,"[""processbench_omnimath_llama31_8b""]",1,single_cell,aurc_x1000,False,"[""equal_family_mean""]",equal_family_mean,equal_feature_mean,367.813870378058,375.8628365433906,8.048966165332558,-0.15392601938364964,16.311992490099033,-8.048966165332558,-16.311992490099033,0.15392601938363928,0.9725,source_group,20000,20000,NOT_SEPARATED_FROM_POINT_WINNER_95CI,True,NONE,OK
winner_reference::591755f6f0c78f5721c28e14,external_final_answer::cell::9d02856056dfcd20530b4f04,external_final_answer,processbench_llama31_response_v1,cell,processbench_omnimath_llama31_8b,cell,processbench_omnimath_llama31_8b,processbench,llama31_8b,omnimath,"[""processbench_omnimath_llama31_8b""]",1,single_cell,aurc_x1000,False,"[""equal_family_mean""]",equal_family_mean,family_nrm_a,367.813870378058,379.04902352577153,11.235153147713504,4.260980288735047,18.456284623559238,-11.235153147713504,-18.456284623559238,-4.260980288735062,0.9994,source_group,20000,20000,SEPARATED_FROM_POINT_WINNER_95CI,False,NONE,OK
winner_reference::591755f6f0c78f5721c28e14,external_final_answer::cell::9d02856056dfcd20530b4f04,external_final_answer,processbench_llama31_response_v1,cell,processbench_omnimath_llama31_8b,cell,processbench_omnimath_llama31_8b,processbench,llama31_8b,omnimath,"[""processbench_omnimath_llama31_8b""]",1,single_cell,aurc_x1000,False,"[""equal_family_mean""]",equal_family_mean,iu_pcr,367.813870378058,373.47001390499776,5.656143526939729,-1.5613574376599473,13.068084921600649,-5.656143526939729,-13.06808492160065,1.5613574376599446,0.93785,source_group,20000,20000,NOT_SEPARATED_FROM_POINT_WINNER_95CI,True,NONE,OK
winner_reference::591755f6f0c78f5721c28e14,external_final_answer::cell::9d02856056dfcd20530b4f04,external_final_answer,processbench_llama31_response_v1,cell,processbench_omnimath_llama31_8b,cell,processbench_omnimath_llama31_8b,processbench,llama31_8b,omnimath,"[""processbench_omnimath_llama31_8b""]",1,single_cell,aurc_x1000,False,"[""equal_family_mean""]",equal_family_mean,pgrd_a,367.813870378058,374.61963307728263,6.805762699224601,-2.5001207065934223,16.466171307550546,-6.805762699224601,-16.466171307550557,2.500120706593422,0.92225,source_group,20000,20000,NOT_SEPARATED_FROM_POINT_WINNER_95CI,True,NONE,OK
winner_reference::591755f6f0c78f5721c28e14,external_final_answer::cell::9d02856056dfcd20530b4f04,external_final_answer,processbench_llama31_response_v1,cell,processbench_omnimath_llama31_8b,cell,processbench_omnimath_llama31_8b,processbench,llama31_8b,omnimath,"[""processbench_omnimath_llama31_8b""]",1,single_cell,aurc_x1000,False,"[""equal_family_mean""]",equal_family_mean,su_pcr,367.813870378058,373.59433072070823,5.780460342650201,-1.5202917902092394,13.25582324212848,-5.780460342650201,-13.25582324212849,1.520291790209232,0.9401,source_group,20000,20000,NOT_SEPARATED_FROM_POINT_WINNER_95CI,True,NONE,OK
winner_reference::591755f6f0c78f5721c28e14,external_final_answer::cell::9d02856056dfcd20530b4f04,external_final_answer,processbench_llama31_response_v1,cell,processbench_omnimath_llama31_8b,cell,processbench_omnimath_llama31_8b,processbench,llama31_8b,omnimath,"[""processbench_omnimath_llama31_8b""]",1,single_cell,aurc_x1000,False,"[""equal_family_mean""]",equal_family_mean,upcr,367.813870378058,385.93176085744585,18.117890479387825,4.128655128805443,32.68444822247796,-18.117890479387825,-32.68444822247797,-4.128655128805454,0.9944,source_group,20000,20000,SEPARATED_FROM_POINT_WINNER_95CI,False,NONE,OK
winner_reference::a6ccede31634108b5630952c,external_final_answer::cell::829bb86ae28a1558a04a19ee,external_final_answer,processbench_llama31_response_v1,cell,processbench_omnimath_llama31_8b,cell,processbench_omnimath_llama31_8b,processbench,llama31_8b,omnimath,"[""processbench_omnimath_llama31_8b""]",1,single_cell,auroc,True,"[""equal_family_mean""]",equal_family_mean,ca_specrage_atomic,0.63162,0.615504,-0.016115999999999908,-0.02842232883558998,-0.004139077951395971,-0.016115999999999908,-0.02842232883558998,-0.004139077951395971,0.9963,source_group,20000,20000,SEPARATED_FROM_POINT_WINNER_95CI,False,NONE,OK
winner_reference::a6ccede31634108b5630952c,external_final_answer::cell::829bb86ae28a1558a04a19ee,external_final_answer,processbench_llama31_response_v1,cell,processbench_omnimath_llama31_8b,cell,processbench_omnimath_llama31_8b,processbench,llama31_8b,omnimath,"[""processbench_omnimath_llama31_8b""]",1,single_cell,auroc,True,"[""equal_family_mean""]",equal_family_mean,continuous_lsml,0.63162,0.622916,-0.008703999999999934,-0.03611351386594972,0.018809188819138192,-0.008703999999999934,-0.03611351386594972,0.018809188819138192,0.72735,source_group,20000,20000,NOT_SEPARATED_FROM_POINT_WINNER_95CI,True,NONE,OK
winner_reference::a6ccede31634108b5630952c,external_final_answer::cell::829bb86ae28a1558a04a19ee,external_final_answer,processbench_llama31_response_v1,cell,processbench_omnimath_llama31_8b,cell,processbench_omnimath_llama31_8b,processbench,llama31_8b,omnimath,"[""processbench_omnimath_llama31_8b""]",1,single_cell,auroc,True,"[""equal_family_mean""]",equal_family_mean,deem_b3,0.63162,0.6308400000000001,-0.0007799999999998919,-0.0017130037978788566,0.00012406064095286378,-0.0007799999999998919,-0.0017130037978788566,0.00012406064095286378,0.9542,source_group,20000,20000,NOT_SEPARATED_FROM_POINT_WINNER_95CI,True,NONE,OK
winner_reference::a6ccede31634108b5630952c,external_final_answer::cell::829bb86ae28a1558a04a19ee,external_final_answer,processbench_llama31_response_v1,cell,processbench_omnimath_llama31_8b,cell,processbench_omnimath_llama31_8b,processbench,llama31_8b,omnimath,"[""processbench_omnimath_llama31_8b""]",1,single_cell,auroc,True,"[""equal_family_mean""]",equal_family_mean,dufs_liu,0.63162,0.623188,-0.008431999999999995,-0.01816909860717968,0.0011373856957210312,-0.008431999999999995,-0.01816909860717968,0.0011373856957210312,0.9564,source_group,20000,20000,NOT_SEPARATED_FROM_POINT_WINNER_95CI,True,NONE,OK
winner_reference::a6ccede31634108b5630952c,external_final_answer::cell::829bb86ae28a1558a04a19ee,external_final_answer,processbench_llama31_response_v1,cell,processbench_omnimath_llama31_8b,cell,processbench_omnimath_llama31_8b,processbench,llama31_8b,omnimath,"[""processbench_omnimath_llama31_8b""]",1,single_cell,auroc,True,"[""equal_family_mean""]",equal_family_mean,dufs_pf_lsml,0.63162,0.5897560000000001,-0.0418639999999999,-0.06435941222588575,-0.020083905057118233,-0.0418639999999999,-0.06435941222588575,-0.020083905057118233,1.0,source_group,20000,20000,SEPARATED_FROM_POINT_WINNER_95CI,False,NONE,OK
winner_reference::a6ccede31634108b5630952c,external_final_answer::cell::829bb86ae28a1558a04a19ee,external_final_answer,processbench_llama31_response_v1,cell,processbench_omnimath_llama31_8b,cell,processbench_omnimath_llama31_8b,processbench,llama31_8b,omnimath,"[""processbench_omnimath_llama31_8b""]",1,single_cell,auroc,True,"[""equal_family_mean""]",equal_family_mean,dufs_stability_lsml,0.63162,0.597132,-0.03448799999999996,-0.05421969571393224,-0.015368588831697876,-0.03448799999999996,-0.05421969571393224,-0.015368588831697876,0.9999,source_group,20000,20000,SEPARATED_FROM_POINT_WINNER_95CI,False,NONE,OK
winner_reference::a6ccede31634108b5630952c,external_final_answer::cell::829bb86ae28a1558a04a19ee,external_final_answer,processbench_llama31_response_v1,cell,processbench_omnimath_llama31_8b,cell,processbench_omnimath_llama31_8b,processbench,llama31_8b,omnimath,"[""processbench_omnimath_llama31_8b""]",1,single_cell,auroc,True,"[""equal_family_mean""]",equal_family_mean,equal_family_mean,0.63162,0.63162,0.0,0.0,0.0,0.0,0.0,0.0,1.0,source_group,20000,20000,POINT_WINNER,True,NONE,OK
winner_reference::a6ccede31634108b5630952c,external_final_answer::cell::829bb86ae28a1558a04a19ee,external_final_answer,processbench_llama31_response_v1,cell,processbench_omnimath_llama31_8b,cell,processbench_omnimath_llama31_8b,processbench,llama31_8b,omnimath,"[""processbench_omnimath_llama31_8b""]",1,single_cell,auroc,True,"[""equal_family_mean""]",equal_family_mean,equal_feature_mean,0.63162,0.625444,-0.006175999999999959,-0.016861273707407472,0.004700531991689312,-0.006175999999999959,-0.016861273707407472,0.004700531991689312,0.8687,source_group,20000,20000,NOT_SEPARATED_FROM_POINT_WINNER_95CI,True,NONE,OK
winner_reference::a6ccede31634108b5630952c,external_final_answer::cell::829bb86ae28a1558a04a19ee,external_final_answer,processbench_llama31_response_v1,cell,processbench_omnimath_llama31_8b,cell,processbench_omnimath_llama31_8b,processbench,llama31_8b,omnimath,"[""processbench_omnimath_llama31_8b""]",1,single_cell,auroc,True,"[""equal_family_mean""]",equal_family_mean,family_nrm_a,0.63162,0.6158359999999999,-0.01578400000000002,-0.02530963248763908,-0.006560864459337136,-0.01578400000000002,-0.02530963248763908,-0.006560864459337136,0.99955,source_group,20000,20000,SEPARATED_FROM_POINT_WINNER_95CI,False,NONE,OK
winner_reference::a6ccede31634108b5630952c,external_final_answer::cell::829bb86ae28a1558a04a19ee,external_final_answer,processbench_llama31_response_v1,cell,processbench_omnimath_llama31_8b,cell,processbench_omnimath_llama31_8b,processbench,llama31_8b,omnimath,"[""processbench_omnimath_llama31_8b""]",1,single_cell,auroc,True,"[""equal_family_mean""]",equal_family_mean,iu_pcr,0.63162,0.624876,-0.006743999999999972,-0.016380036762634796,0.0028874832499645965,-0.006743999999999972,-0.016380036762634796,0.0028874832499645965,0.91525,source_group,20000,20000,NOT_SEPARATED_FROM_POINT_WINNER_95CI,True,NONE,OK
winner_reference::a6ccede31634108b5630952c,external_final_answer::cell::829bb86ae28a1558a04a19ee,external_final_answer,processbench_llama31_response_v1,cell,processbench_omnimath_llama31_8b,cell,processbench_omnimath_llama31_8b,processbench,llama31_8b,omnimath,"[""processbench_omnimath_llama31_8b""]",1,single_cell,auroc,True,"[""equal_family_mean""]",equal_family_mean,pgrd_a,0.63162,0.619788,-0.011831999999999954,-0.024842378567946376,0.0010317279232315306,-0.011831999999999954,-0.024842378567946376,0.0010317279232315306,0.96425,source_group,20000,20000,NOT_SEPARATED_FROM_POINT_WINNER_95CI,True,NONE,OK
winner_reference::a6ccede31634108b5630952c,external_final_answer::cell::829bb86ae28a1558a04a19ee,external_final_answer,processbench_llama31_response_v1,cell,processbench_omnimath_llama31_8b,cell,processbench_omnimath_llama31_8b,processbench,llama31_8b,omnimath,"[""processbench_omnimath_llama31_8b""]",1,single_cell,auroc,True,"[""equal_family_mean""]",equal_family_mean,su_pcr,0.63162,0.622272,-0.009347999999999912,-0.019169312735603745,0.00031695414211144483,-0.009347999999999912,-0.019169312735603745,0.00031695414211144483,0.9711,source_group,20000,20000,NOT_SEPARATED_FROM_POINT_WINNER_95CI,True,NONE,OK
winner_reference::a6ccede31634108b5630952c,external_final_answer::cell::829bb86ae28a1558a04a19ee,external_final_answer,processbench_llama31_response_v1,cell,processbench_omnimath_llama31_8b,cell,processbench_omnimath_llama31_8b,processbench,llama31_8b,omnimath,"[""processbench_omnimath_llama31_8b""]",1,single_cell,auroc,True,"[""equal_family_mean""]",equal_family_mean,upcr,0.63162,0.6053959999999999,-0.026224000000000025,-0.04302469042229237,-0.00996138641532768,-0.026224000000000025,-0.04302469042229237,-0.00996138641532768,0.9994,source_group,20000,20000,SEPARATED_FROM_POINT_WINNER_95CI,False,NONE,OK
winner_reference::e707827d54b0646dcbacd425,external_final_answer::population::a0be5b2ef65eb55221237cac,external_final_answer,processbench_llama31_response_v1,population,processbench_llama31_response_v1,population,__population__,processbench,llama31_8b,population::equal_subset,"[""processbench_gsm8k_llama31_8b"",""processbench_math_llama31_8b"",""processbench_olympiadbench_llama31_8b"",""processbench_omnimath_llama31_8b""]",4,equal_cell,auprc,True,"[""equal_feature_mean""]",equal_feature_mean,ca_specrage_atomic,0.6869941462246877,0.680628526866221,-0.00636561935846669,-0.013197470156339269,0.0008945305654328877,-0.00636561935846669,-0.013197470156339269,0.0008945305654328877,0.95625,source_group,20000,20000,NOT_SEPARATED_FROM_POINT_WINNER_95CI,True,NONE,OK
winner_reference::e707827d54b0646dcbacd425,external_final_answer::population::a0be5b2ef65eb55221237cac,external_final_answer,processbench_llama31_response_v1,population,processbench_llama31_response_v1,population,__population__,processbench,llama31_8b,population::equal_subset,"[""processbench_gsm8k_llama31_8b"",""processbench_math_llama31_8b"",""processbench_olympiadbench_llama31_8b"",""processbench_omnimath_llama31_8b""]",4,equal_cell,auprc,True,"[""equal_feature_mean""]",equal_feature_mean,continuous_lsml,0.6869941462246877,0.6738968549258203,-0.013097291298867386,-0.024577250471196768,-0.0012670270614609977,-0.013097291298867386,-0.024577250471196768,-0.0012670270614609977,0.98455,source_group,20000,20000,SEPARATED_FROM_POINT_WINNER_95CI,False,NONE,OK
winner_reference::e707827d54b0646dcbacd425,external_final_answer::population::a0be5b2ef65eb55221237cac,external_final_answer,processbench_llama31_response_v1,population,processbench_llama31_response_v1,population,__population__,processbench,llama31_8b,population::equal_subset,"[""processbench_gsm8k_llama31_8b"",""processbench_math_llama31_8b"",""processbench_olympiadbench_llama31_8b"",""processbench_omnimath_llama31_8b""]",4,equal_cell,auprc,True,"[""equal_feature_mean""]",equal_feature_mean,deem_b3,0.6869941462246877,0.6857501386236381,-0.0012440076010495904,-0.006760428954348513,0.0044710469893136226,-0.0012440076010495904,-0.006760428954348513,0.0044710469893136226,0.6526,source_group,20000,20000,NOT_SEPARATED_FROM_POINT_WINNER_95CI,True,NONE,OK
winner_reference::e707827d54b0646dcbacd425,external_final_answer::population::a0be5b2ef65eb55221237cac,external_final_answer,processbench_llama31_response_v1,population,processbench_llama31_response_v1,population,__population__,processbench,llama31_8b,population::equal_subset,"[""processbench_gsm8k_llama31_8b"",""processbench_math_llama31_8b"",""processbench_olympiadbench_llama31_8b"",""processbench_omnimath_llama31_8b""]",4,equal_cell,auprc,True,"[""equal_feature_mean""]",equal_feature_mean,dufs_liu,0.6869941462246877,0.6848951880254818,-0.0020989581992059136,-0.006622745476158314,0.0026294249639342666,-0.0020989581992059136,-0.006622745476158314,0.0026294249639342666,0.79875,source_group,20000,20000,NOT_SEPARATED_FROM_POINT_WINNER_95CI,True,NONE,OK
winner_reference::e707827d54b0646dcbacd425,external_final_answer::population::a0be5b2ef65eb55221237cac,external_final_answer,processbench_llama31_response_v1,population,processbench_llama31_response_v1,population,__population__,processbench,llama31_8b,population::equal_subset,"[""processbench_gsm8k_llama31_8b"",""processbench_math_llama31_8b"",""processbench_olympiadbench_llama31_8b"",""processbench_omnimath_llama31_8b""]",4,equal_cell,auprc,True,"[""equal_feature_mean""]",equal_feature_mean,dufs_pf_lsml,0.6869941462246877,0.664476780367469,-0.02251736585721864,-0.033173376304661994,-0.011031109849745183,-0.02251736585721864,-0.033173376304661994,-0.011031109849745183,0.99985,source_group,20000,20000,SEPARATED_FROM_POINT_WINNER_95CI,False,NONE,OK
winner_reference::e707827d54b0646dcbacd425,external_final_answer::population::a0be5b2ef65eb55221237cac,external_final_answer,processbench_llama31_response_v1,population,processbench_llama31_response_v1,population,__population__,processbench,llama31_8b,population::equal_subset,"[""processbench_gsm8k_llama31_8b"",""processbench_math_llama31_8b"",""processbench_olympiadbench_llama31_8b"",""processbench_omnimath_llama31_8b""]",4,equal_cell,auprc,True,"[""equal_feature_mean""]",equal_feature_mean,dufs_stability_lsml,0.6869941462246877,0.669175176758986,-0.017818969465701717,-0.027481781404102946,-0.00741476345239026,-0.017818969465701717,-0.027481781404102946,-0.00741476345239026,0.99945,source_group,20000,20000,SEPARATED_FROM_POINT_WINNER_95CI,False,NONE,OK
winner_reference::e707827d54b0646dcbacd425,external_final_answer::population::a0be5b2ef65eb55221237cac,external_final_answer,processbench_llama31_response_v1,population,processbench_llama31_response_v1,population,__population__,processbench,llama31_8b,population::equal_subset,"[""processbench_gsm8k_llama31_8b"",""processbench_math_llama31_8b"",""processbench_olympiadbench_llama31_8b"",""processbench_omnimath_llama31_8b""]",4,equal_cell,auprc,True,"[""equal_feature_mean""]",equal_feature_mean,equal_family_mean,0.6869941462246877,0.6857340215655916,-0.0012601246590960846,-0.0069120093354264,0.004542407300634568,-0.0012601246590960846,-0.0069120093354264,0.004542407300634568,0.65405,source_group,20000,20000,NOT_SEPARATED_FROM_POINT_WINNER_95CI,True,NONE,OK
winner_reference::e707827d54b0646dcbacd425,external_final_answer::population::a0be5b2ef65eb55221237cac,external_final_answer,processbench_llama31_response_v1,population,processbench_llama31_response_v1,population,__population__,processbench,llama31_8b,population::equal_subset,"[""processbench_gsm8k_llama31_8b"",""processbench_math_llama31_8b"",""processbench_olympiadbench_llama31_8b"",""processbench_omnimath_llama31_8b""]",4,equal_cell,auprc,True,"[""equal_feature_mean""]",equal_feature_mean,equal_feature_mean,0.6869941462246877,0.6869941462246877,0.0,0.0,0.0,0.0,0.0,0.0,1.0,source_group,20000,20000,POINT_WINNER,True,NONE,OK
winner_reference::e707827d54b0646dcbacd425,external_final_answer::population::a0be5b2ef65eb55221237cac,external_final_answer,processbench_llama31_response_v1,population,processbench_llama31_response_v1,population,__population__,processbench,llama31_8b,population::equal_subset,"[""processbench_gsm8k_llama31_8b"",""processbench_math_llama31_8b"",""processbench_olympiadbench_llama31_8b"",""processbench_omnimath_llama31_8b""]",4,equal_cell,auprc,True,"[""equal_feature_mean""]",equal_feature_mean,family_nrm_a,0.6869941462246877,0.6779322610896973,-0.0090618851349904,-0.014192751270168771,-0.0040368994928383665,-0.0090618851349904,-0.014192751270168771,-0.0040368994928383665,0.99975,source_group,20000,20000,SEPARATED_FROM_POINT_WINNER_95CI,False,NONE,OK
winner_reference::e707827d54b0646dcbacd425,external_final_answer::population::a0be5b2ef65eb55221237cac,external_final_answer,processbench_llama31_response_v1,population,processbench_llama31_response_v1,population,__population__,processbench,llama31_8b,population::equal_subset,"[""processbench_gsm8k_llama31_8b"",""processbench_math_llama31_8b"",""processbench_olympiadbench_llama31_8b"",""processbench_omnimath_llama31_8b""]",4,equal_cell,auprc,True,"[""equal_feature_mean""]",equal_feature_mean,iu_pcr,0.6869941462246877,0.6855559750428775,-0.0014381711818102216,-0.005709021591107371,0.0027881849993899705,-0.0014381711818102216,-0.005709021591107371,0.0027881849993899705,0.7526,source_group,20000,20000,NOT_SEPARATED_FROM_POINT_WINNER_95CI,True,NONE,OK
winner_reference::e707827d54b0646dcbacd425,external_final_answer::population::a0be5b2ef65eb55221237cac,external_final_answer,processbench_llama31_response_v1,population,processbench_llama31_response_v1,population,__population__,processbench,llama31_8b,population::equal_subset,"[""processbench_gsm8k_llama31_8b"",""processbench_math_llama31_8b"",""processbench_olympiadbench_llama31_8b"",""processbench_omnimath_llama31_8b""]",4,equal_cell,auprc,True,"[""equal_feature_mean""]",equal_feature_mean,pgrd_a,0.6869941462246877,0.6849978810144839,-0.001996265210203796,-0.007540536216405072,0.0039746785506914375,-0.001996265210203796,-0.007540536216405072,0.0039746785506914375,0.72355,source_group,20000,20000,NOT_SEPARATED_FROM_POINT_WINNER_95CI,True,NONE,OK
winner_reference::e707827d54b0646dcbacd425,external_final_answer::population::a0be5b2ef65eb55221237cac,external_final_answer,processbench_llama31_response_v1,population,processbench_llama31_response_v1,population,__population__,processbench,llama31_8b,population::equal_subset,"[""processbench_gsm8k_llama31_8b"",""processbench_math_llama31_8b"",""processbench_olympiadbench_llama31_8b"",""processbench_omnimath_llama31_8b""]",4,equal_cell,auprc,True,"[""equal_feature_mean""]",equal_feature_mean,su_pcr,0.6869941462246877,0.6841924188252283,-0.002801727399459386,-0.0074286463876865,0.0020702673057800703,-0.002801727399459386,-0.0074286463876865,0.0020702673057800703,0.8642,source_group,20000,20000,NOT_SEPARATED_FROM_POINT_WINNER_95CI,True,NONE,OK
winner_reference::e707827d54b0646dcbacd425,external_final_answer::population::a0be5b2ef65eb55221237cac,external_final_answer,processbench_llama31_response_v1,population,processbench_llama31_response_v1,population,__population__,processbench,llama31_8b,population::equal_subset,"[""processbench_gsm8k_llama31_8b"",""processbench_math_llama31_8b"",""processbench_olympiadbench_llama31_8b"",""processbench_omnimath_llama31_8b""]",4,equal_cell,auprc,True,"[""equal_feature_mean""]",equal_feature_mean,upcr,0.6869941462246877,0.6761452943686923,-0.010848851855995378,-0.018335928165106753,-0.0028358003417089913,-0.010848851855995378,-0.018335928165106753,-0.0028358003417089913,0.99645,source_group,20000,20000,SEPARATED_FROM_POINT_WINNER_95CI,False,NONE,OK
winner_reference::a4bf8c136de28625913aebcb,external_final_answer::population::008156d9b57d6455c36c18c1,external_final_answer,processbench_llama31_response_v1,population,processbench_llama31_response_v1,population,__population__,processbench,llama31_8b,population::equal_subset,"[""processbench_gsm8k_llama31_8b"",""processbench_math_llama31_8b"",""processbench_olympiadbench_llama31_8b"",""processbench_omnimath_llama31_8b""]",4,equal_cell,aurc_x1000,False,"[""deem_b3""]",deem_b3,ca_specrage_atomic,334.40033917463484,342.90553272023135,8.505193545596512,2.8775356895785325,14.505941459307078,-8.505193545596512,-14.505941459307094,-2.87753568957854,0.9993,source_group,20000,20000,SEPARATED_FROM_POINT_WINNER_95CI,False,NONE,OK
winner_reference::a4bf8c136de28625913aebcb,external_final_answer::population::008156d9b57d6455c36c18c1,external_final_answer,processbench_llama31_response_v1,population,processbench_llama31_response_v1,population,__population__,processbench,llama31_8b,population::equal_subset,"[""processbench_gsm8k_llama31_8b"",""processbench_math_llama31_8b"",""processbench_olympiadbench_llama31_8b"",""processbench_omnimath_llama31_8b""]",4,equal_cell,aurc_x1000,False,"[""deem_b3""]",deem_b3,continuous_lsml,334.40033917463484,372.72382858669175,38.323489412056915,27.179714629219898,49.78986490519939,-38.323489412056915,-49.789864905199394,-27.179714629219898,1.0,source_group,20000,20000,SEPARATED_FROM_POINT_WINNER_95CI,False,NONE,OK
winner_reference::a4bf8c136de28625913aebcb,external_final_answer::population::008156d9b57d6455c36c18c1,external_final_answer,processbench_llama31_response_v1,population,processbench_llama31_response_v1,population,__population__,processbench,llama31_8b,population::equal_subset,"[""processbench_gsm8k_llama31_8b"",""processbench_math_llama31_8b"",""processbench_olympiadbench_llama31_8b"",""processbench_omnimath_llama31_8b""]",4,equal_cell,aurc_x1000,False,"[""deem_b3""]",deem_b3,deem_b3,334.40033917463484,334.40033917463484,0.0,0.0,0.0,-0.0,-0.0,0.0,1.0,source_group,20000,20000,POINT_WINNER,True,NONE,OK
winner_reference::a4bf8c136de28625913aebcb,external_final_answer::population::008156d9b57d6455c36c18c1,external_final_answer,processbench_llama31_response_v1,population,processbench_llama31_response_v1,population,__population__,processbench,llama31_8b,population::equal_subset,"[""processbench_gsm8k_llama31_8b"",""processbench_math_llama31_8b"",""processbench_olympiadbench_llama31_8b"",""processbench_omnimath_llama31_8b""]",4,equal_cell,aurc_x1000,False,"[""deem_b3""]",deem_b3,dufs_liu,334.40033917463484,342.5446893404519,8.144350165817059,3.0074134696179784,13.488737053569883,-8.144350165817059,-13.488737053569883,-3.007413469617994,0.9992,source_group,20000,20000,SEPARATED_FROM_POINT_WINNER_95CI,False,NONE,OK
winner_reference::a4bf8c136de28625913aebcb,external_final_answer::population::008156d9b57d6455c36c18c1,external_final_answer,processbench_llama31_response_v1,population,processbench_llama31_response_v1,population,__population__,processbench,llama31_8b,population::equal_subset,"[""processbench_gsm8k_llama31_8b"",""processbench_math_llama31_8b"",""processbench_olympiadbench_llama31_8b"",""processbench_omnimath_llama31_8b""]",4,equal_cell,aurc_x1000,False,"[""deem_b3""]",deem_b3,dufs_pf_lsml,334.40033917463484,370.4921354485293,36.09179627389449,25.45734060085492,46.94687840326123,-36.09179627389449,-46.94687840326127,-25.45734060085493,1.0,source_group,20000,20000,SEPARATED_FROM_POINT_WINNER_95CI,False,NONE,OK
winner_reference::a4bf8c136de28625913aebcb,external_final_answer::population::008156d9b57d6455c36c18c1,external_final_answer,processbench_llama31_response_v1,population,processbench_llama31_response_v1,population,__population__,processbench,llama31_8b,population::equal_subset,"[""processbench_gsm8k_llama31_8b"",""processbench_math_llama31_8b"",""processbench_olympiadbench_llama31_8b"",""processbench_omnimath_llama31_8b""]",4,equal_cell,aurc_x1000,False,"[""deem_b3""]",deem_b3,dufs_stability_lsml,334.40033917463484,363.61522219905817,29.21488302442333,19.567793454582365,39.30218981371606,-29.21488302442333,-39.30218981371607,-19.56779345458237,1.0,source_group,20000,20000,SEPARATED_FROM_POINT_WINNER_95CI,False,NONE,OK
winner_reference::a4bf8c136de28625913aebcb,external_final_answer::population::008156d9b57d6455c36c18c1,external_final_answer,processbench_llama31_response_v1,population,processbench_llama31_response_v1,population,__population__,processbench,llama31_8b,population::equal_subset,"[""processbench_gsm8k_llama31_8b"",""processbench_math_llama31_8b"",""processbench_olympiadbench_llama31_8b"",""processbench_omnimath_llama31_8b""]",4,equal_cell,aurc_x1000,False,"[""deem_b3""]",deem_b3,equal_family_mean,334.40033917463484,334.43763379472375,0.0372946200889146,-0.42848243248883905,0.4827848737927925,-0.0372946200889146,-0.48278487379279367,0.4284824324888379,0.56995,source_group,20000,20000,NOT_SEPARATED_FROM_POINT_WINNER_95CI,True,NONE,OK
winner_reference::a4bf8c136de28625913aebcb,external_final_answer::population::008156d9b57d6455c36c18c1,external_final_answer,processbench_llama31_response_v1,population,processbench_llama31_response_v1,population,__population__,processbench,llama31_8b,population::equal_subset,"[""processbench_gsm8k_llama31_8b"",""processbench_math_llama31_8b"",""processbench_olympiadbench_llama31_8b"",""processbench_omnimath_llama31_8b""]",4,equal_cell,aurc_x1000,False,"[""deem_b3""]",deem_b3,equal_feature_mean,334.40033917463484,341.1313467737466,6.731007599111763,1.5156304209480922,12.196161498358894,-6.731007599111763,-12.196161498358894,-1.5156304209480942,0.99505,source_group,20000,20000,SEPARATED_FROM_POINT_WINNER_95CI,False,NONE,OK
winner_reference::a4bf8c136de28625913aebcb,external_final_answer::population::008156d9b57d6455c36c18c1,external_final_answer,processbench_llama31_response_v1,population,processbench_llama31_response_v1,population,__population__,processbench,llama31_8b,population::equal_subset,"[""processbench_gsm8k_llama31_8b"",""processbench_math_llama31_8b"",""processbench_olympiadbench_llama31_8b"",""processbench_omnimath_llama31_8b""]",4,equal_cell,aurc_x1000,False,"[""deem_b3""]",deem_b3,family_nrm_a,334.40033917463484,354.14012558527133,19.739786410636498,13.229311007672889,26.641561402125706,-19.739786410636498,-26.64156140212571,-13.22931100767289,1.0,source_group,20000,20000,SEPARATED_FROM_POINT_WINNER_95CI,False,NONE,OK
winner_reference::a4bf8c136de28625913aebcb,external_final_answer::population::008156d9b57d6455c36c18c1,external_final_answer,processbench_llama31_response_v1,population,processbench_llama31_response_v1,population,__population__,processbench,llama31_8b,population::equal_subset,"[""processbench_gsm8k_llama31_8b"",""processbench_math_llama31_8b"",""processbench_olympiadbench_llama31_8b"",""processbench_omnimath_llama31_8b""]",4,equal_cell,aurc_x1000,False,"[""deem_b3""]",deem_b3,iu_pcr,334.40033917463484,343.3988567793728,8.99851760473797,3.629803083963023,14.625627452287285,-8.99851760473797,-14.625627452287299,-3.629803083963026,0.99945,source_group,20000,20000,SEPARATED_FROM_POINT_WINNER_95CI,False,NONE,OK
winner_reference::a4bf8c136de28625913aebcb,external_final_answer::population::008156d9b57d6455c36c18c1,external_final_answer,processbench_llama31_response_v1,population,processbench_llama31_response_v1,population,__population__,processbench,llama31_8b,population::equal_subset,"[""processbench_gsm8k_llama31_8b"",""processbench_math_llama31_8b"",""processbench_olympiadbench_llama31_8b"",""processbench_omnimath_llama31_8b""]",4,equal_cell,aurc_x1000,False,"[""deem_b3""]",deem_b3,pgrd_a,334.40033917463484,341.548554897126,7.148215722491159,0.6574539924870578,13.896611177503045,-7.148215722491159,-13.896611177503052,-0.6574539924870587,0.9841,source_group,20000,20000,SEPARATED_FROM_POINT_WINNER_95CI,False,NONE,OK
winner_reference::a4bf8c136de28625913aebcb,external_final_answer::population::008156d9b57d6455c36c18c1,external_final_answer,processbench_llama31_response_v1,population,processbench_llama31_response_v1,population,__population__,processbench,llama31_8b,population::equal_subset,"[""processbench_gsm8k_llama31_8b"",""processbench_math_llama31_8b"",""processbench_olympiadbench_llama31_8b"",""processbench_omnimath_llama31_8b""]",4,equal_cell,aurc_x1000,False,"[""deem_b3""]",deem_b3,su_pcr,334.40033917463484,342.98523815462556,8.584898979990726,3.382029360957131,13.990988661597736,-8.584898979990726,-13.990988661597736,-3.3820293609571315,0.9994,source_group,20000,20000,SEPARATED_FROM_POINT_WINNER_95CI,False,NONE,OK
winner_reference::a4bf8c136de28625913aebcb,external_final_answer::population::008156d9b57d6455c36c18c1,external_final_answer,processbench_llama31_response_v1,population,processbench_llama31_response_v1,population,__population__,processbench,llama31_8b,population::equal_subset,"[""processbench_gsm8k_llama31_8b"",""processbench_math_llama31_8b"",""processbench_olympiadbench_llama31_8b"",""processbench_omnimath_llama31_8b""]",4,equal_cell,aurc_x1000,False,"[""deem_b3""]",deem_b3,upcr,334.40033917463484,348.576780774867,14.176441600232181,7.876965840255335,20.67483462153894,-14.176441600232181,-20.674834621538942,-7.876965840255343,1.0,source_group,20000,20000,SEPARATED_FROM_POINT_WINNER_95CI,False,NONE,OK
winner_reference::9371bd623dc6e96cc9fabf67,external_final_answer::population::dd83f7256d63fd985fa25324,external_final_answer,processbench_llama31_response_v1,population,processbench_llama31_response_v1,population,__population__,processbench,llama31_8b,population::equal_subset,"[""processbench_gsm8k_llama31_8b"",""processbench_math_llama31_8b"",""processbench_olympiadbench_llama31_8b"",""processbench_omnimath_llama31_8b""]",4,equal_cell,auroc,True,"[""deem_b3""]",deem_b3,ca_specrage_atomic,0.70207675,0.69324825,-0.008828500000000017,-0.015733496567496515,-0.0019732178204736896,-0.008828500000000017,-0.015733496567496515,-0.0019732178204736896,0.99565,source_group,20000,20000,SEPARATED_FROM_POINT_WINNER_95CI,False,NONE,OK
winner_reference::9371bd623dc6e96cc9fabf67,external_final_answer::population::dd83f7256d63fd985fa25324,external_final_answer,processbench_llama31_response_v1,population,processbench_llama31_response_v1,population,__population__,processbench,llama31_8b,population::equal_subset,"[""processbench_gsm8k_llama31_8b"",""processbench_math_llama31_8b"",""processbench_olympiadbench_llama31_8b"",""processbench_omnimath_llama31_8b""]",4,equal_cell,auroc,True,"[""deem_b3""]",deem_b3,continuous_lsml,0.70207675,0.6688212499999999,-0.033255500000000104,-0.04689979815615175,-0.019984264419313332,-0.033255500000000104,-0.04689979815615175,-0.019984264419313332,1.0,source_group,20000,20000,SEPARATED_FROM_POINT_WINNER_95CI,False,NONE,OK
winner_reference::9371bd623dc6e96cc9fabf67,external_final_answer::population::dd83f7256d63fd985fa25324,external_final_answer,processbench_llama31_response_v1,population,processbench_llama31_response_v1,population,__population__,processbench,llama31_8b,population::equal_subset,"[""processbench_gsm8k_llama31_8b"",""processbench_math_llama31_8b"",""processbench_olympiadbench_llama31_8b"",""processbench_omnimath_llama31_8b""]",4,equal_cell,auroc,True,"[""deem_b3""]",deem_b3,deem_b3,0.70207675,0.70207675,0.0,0.0,0.0,0.0,0.0,0.0,1.0,source_group,20000,20000,POINT_WINNER,True,NONE,OK
winner_reference::9371bd623dc6e96cc9fabf67,external_final_answer::population::dd83f7256d63fd985fa25324,external_final_answer,processbench_llama31_response_v1,population,processbench_llama31_response_v1,population,__population__,processbench,llama31_8b,population::equal_subset,"[""processbench_gsm8k_llama31_8b"",""processbench_math_llama31_8b"",""processbench_olympiadbench_llama31_8b"",""processbench_omnimath_llama31_8b""]",4,equal_cell,auroc,True,"[""deem_b3""]",deem_b3,dufs_liu,0.70207675,0.6948719999999999,-0.007204750000000093,-0.013312828780443353,-0.0011225679213019838,-0.007204750000000093,-0.013312828780443353,-0.0011225679213019838,0.9906,source_group,20000,20000,SEPARATED_FROM_POINT_WINNER_95CI,False,NONE,OK
winner_reference::9371bd623dc6e96cc9fabf67,external_final_answer::population::dd83f7256d63fd985fa25324,external_final_answer,processbench_llama31_response_v1,population,processbench_llama31_response_v1,population,__population__,processbench,llama31_8b,population::equal_subset,"[""processbench_gsm8k_llama31_8b"",""processbench_math_llama31_8b"",""processbench_olympiadbench_llama31_8b"",""processbench_omnimath_llama31_8b""]",4,equal_cell,auroc,True,"[""deem_b3""]",deem_b3,dufs_pf_lsml,0.70207675,0.67221,-0.029866750000000053,-0.04068120522581799,-0.01910690700518221,-0.029866750000000053,-0.04068120522581799,-0.01910690700518221,1.0,source_group,20000,20000,SEPARATED_FROM_POINT_WINNER_95CI,False,NONE,OK
winner_reference::9371bd623dc6e96cc9fabf67,external_final_answer::population::dd83f7256d63fd985fa25324,external_final_answer,processbench_llama31_response_v1,population,processbench_llama31_response_v1,population,__population__,processbench,llama31_8b,population::equal_subset,"[""processbench_gsm8k_llama31_8b"",""processbench_math_llama31_8b"",""processbench_olympiadbench_llama31_8b"",""processbench_omnimath_llama31_8b""]",4,equal_cell,auroc,True,"[""deem_b3""]",deem_b3,dufs_stability_lsml,0.70207675,0.6777340000000001,-0.02434274999999997,-0.0341111580062391,-0.014459024295479501,-0.02434274999999997,-0.0341111580062391,-0.014459024295479501,1.0,source_group,20000,20000,SEPARATED_FROM_POINT_WINNER_95CI,False,NONE,OK
winner_reference::9371bd623dc6e96cc9fabf67,external_final_answer::population::dd83f7256d63fd985fa25324,external_final_answer,processbench_llama31_response_v1,population,processbench_llama31_response_v1,population,__population__,processbench,llama31_8b,population::equal_subset,"[""processbench_gsm8k_llama31_8b"",""processbench_math_llama31_8b"",""processbench_olympiadbench_llama31_8b"",""processbench_omnimath_llama31_8b""]",4,equal_cell,auroc,True,"[""deem_b3""]",deem_b3,equal_family_mean,0.70207675,0.7018945,-0.00018225000000005043,-0.0007656911654334381,0.0003887831444532109,-0.00018225000000005043,-0.0007656911654334381,0.0003887831444532109,0.7293,source_group,20000,20000,NOT_SEPARATED_FROM_POINT_WINNER_95CI,True,NONE,OK
winner_reference::9371bd623dc6e96cc9fabf67,external_final_answer::population::dd83f7256d63fd985fa25324,external_final_answer,processbench_llama31_response_v1,population,processbench_llama31_response_v1,population,__population__,processbench,llama31_8b,population::equal_subset,"[""processbench_gsm8k_llama31_8b"",""processbench_math_llama31_8b"",""processbench_olympiadbench_llama31_8b"",""processbench_omnimath_llama31_8b""]",4,equal_cell,auroc,True,"[""deem_b3""]",deem_b3,equal_feature_mean,0.70207675,0.6966669999999999,-0.005409750000000102,-0.011434335102605105,0.00044847182003297705,-0.005409750000000102,-0.011434335102605105,0.00044847182003297705,0.96475,source_group,20000,20000,NOT_SEPARATED_FROM_POINT_WINNER_95CI,True,NONE,OK
winner_reference::9371bd623dc6e96cc9fabf67,external_final_answer::population::dd83f7256d63fd985fa25324,external_final_answer,processbench_llama31_response_v1,population,processbench_llama31_response_v1,population,__population__,processbench,llama31_8b,population::equal_subset,"[""processbench_gsm8k_llama31_8b"",""processbench_math_llama31_8b"",""processbench_olympiadbench_llama31_8b"",""processbench_omnimath_llama31_8b""]",4,equal_cell,auroc,True,"[""deem_b3""]",deem_b3,family_nrm_a,0.70207675,0.68331,-0.018766750000000054,-0.025940226404161194,-0.011777324467773301,-0.018766750000000054,-0.025940226404161194,-0.011777324467773301,1.0,source_group,20000,20000,SEPARATED_FROM_POINT_WINNER_95CI,False,NONE,OK
winner_reference::9371bd623dc6e96cc9fabf67,external_final_answer::population::dd83f7256d63fd985fa25324,external_final_answer,processbench_llama31_response_v1,population,processbench_llama31_response_v1,population,__population__,processbench,llama31_8b,population::equal_subset,"[""processbench_gsm8k_llama31_8b"",""processbench_math_llama31_8b"",""processbench_olympiadbench_llama31_8b"",""processbench_omnimath_llama31_8b""]",4,equal_cell,auroc,True,"[""deem_b3""]",deem_b3,iu_pcr,0.70207675,0.69450875,-0.007568000000000019,-0.013921942767067184,-0.001375132154858348,-0.007568000000000019,-0.013921942767067184,-0.001375132154858348,0.9921,source_group,20000,20000,SEPARATED_FROM_POINT_WINNER_95CI,False,NONE,OK
winner_reference::9371bd623dc6e96cc9fabf67,external_final_answer::population::dd83f7256d63fd985fa25324,external_final_answer,processbench_llama31_response_v1,population,processbench_llama31_response_v1,population,__population__,processbench,llama31_8b,population::equal_subset,"[""processbench_gsm8k_llama31_8b"",""processbench_math_llama31_8b"",""processbench_olympiadbench_llama31_8b"",""processbench_omnimath_llama31_8b""]",4,equal_cell,auroc,True,"[""deem_b3""]",deem_b3,pgrd_a,0.70207675,0.6961010000000001,-0.005975749999999946,-0.013656144480950228,0.0015417518785671496,-0.005975749999999946,-0.013656144480950228,0.0015417518785671496,0.93885,source_group,20000,20000,NOT_SEPARATED_FROM_POINT_WINNER_95CI,True,NONE,OK
winner_reference::9371bd623dc6e96cc9fabf67,external_final_answer::population::dd83f7256d63fd985fa25324,external_final_answer,processbench_llama31_response_v1,population,processbench_llama31_response_v1,population,__population__,processbench,llama31_8b,population::equal_subset,"[""processbench_gsm8k_llama31_8b"",""processbench_math_llama31_8b"",""processbench_olympiadbench_llama31_8b"",""processbench_omnimath_llama31_8b""]",4,equal_cell,auroc,True,"[""deem_b3""]",deem_b3,su_pcr,0.70207675,0.6942765000000001,-0.007800249999999953,-0.013981260378231788,-0.001674969155534319,-0.007800249999999953,-0.013981260378231788,-0.001674969155534319,0.9938,source_group,20000,20000,SEPARATED_FROM_POINT_WINNER_95CI,False,NONE,OK
winner_reference::9371bd623dc6e96cc9fabf67,external_final_answer::population::dd83f7256d63fd985fa25324,external_final_answer,processbench_llama31_response_v1,population,processbench_llama31_response_v1,population,__population__,processbench,llama31_8b,population::equal_subset,"[""processbench_gsm8k_llama31_8b"",""processbench_math_llama31_8b"",""processbench_olympiadbench_llama31_8b"",""processbench_omnimath_llama31_8b""]",4,equal_cell,auroc,True,"[""deem_b3""]",deem_b3,upcr,0.70207675,0.6877972499999999,-0.014279500000000112,-0.02185493983229539,-0.006731958060133592,-0.014279500000000112,-0.02185493983229539,-0.006731958060133592,0.9999,source_group,20000,20000,SEPARATED_FROM_POINT_WINNER_95CI,False,NONE,OK
winner_reference::8b6e219792c5ff4f699c79d2,external_final_answer::cell::f16429324dd8c80026c0dac1,external_final_answer,processbench_qwen3_response_v1,cell,processbench_gsm8k_qwen3_4b,cell,processbench_gsm8k_qwen3_4b,processbench,qwen3_4b,gsm8k,"[""processbench_gsm8k_qwen3_4b""]",1,single_cell,auprc,True,"[""equal_family_mean""]",equal_family_mean,ca_specrage_atomic,0.8063287205762908,0.7932815904845278,-0.013047130091762948,-0.029643754769237314,0.0035642015866718477,-0.013047130091762948,-0.029643754769237314,0.0035642015866718477,0.9379,source_group,20000,20000,NOT_SEPARATED_FROM_POINT_WINNER_95CI,True,NONE,OK
winner_reference::8b6e219792c5ff4f699c79d2,external_final_answer::cell::f16429324dd8c80026c0dac1,external_final_answer,processbench_qwen3_response_v1,cell,processbench_gsm8k_qwen3_4b,cell,processbench_gsm8k_qwen3_4b,processbench,qwen3_4b,gsm8k,"[""processbench_gsm8k_qwen3_4b""]",1,single_cell,auprc,True,"[""equal_family_mean""]",equal_family_mean,continuous_lsml,0.8063287205762908,0.7588823803269364,-0.047446340249354346,-0.07269369959133526,-0.023388527772731475,-0.047446340249354346,-0.07269369959133526,-0.023388527772731475,0.99995,source_group,20000,20000,SEPARATED_FROM_POINT_WINNER_95CI,False,NONE,OK
winner_reference::8b6e219792c5ff4f699c79d2,external_final_answer::cell::f16429324dd8c80026c0dac1,external_final_answer,processbench_qwen3_response_v1,cell,processbench_gsm8k_qwen3_4b,cell,processbench_gsm8k_qwen3_4b,processbench,qwen3_4b,gsm8k,"[""processbench_gsm8k_qwen3_4b""]",1,single_cell,auprc,True,"[""equal_family_mean""]",equal_family_mean,deem_b3,0.8063287205762908,0.8059677923610826,-0.0003609282152081672,-0.002489260131609905,0.001266566340701197,-0.0003609282152081672,-0.002489260131609905,0.001266566340701197,0.6067,source_group,20000,20000,NOT_SEPARATED_FROM_POINT_WINNER_95CI,True,NONE,OK
winner_reference::8b6e219792c5ff4f699c79d2,external_final_answer::cell::f16429324dd8c80026c0dac1,external_final_answer,processbench_qwen3_response_v1,cell,processbench_gsm8k_qwen3_4b,cell,processbench_gsm8k_qwen3_4b,processbench,qwen3_4b,gsm8k,"[""processbench_gsm8k_qwen3_4b""]",1,single_cell,auprc,True,"[""equal_family_mean""]",equal_family_mean,dufs_liu,0.8063287205762908,0.7925067662796559,-0.013821954296634908,-0.028591920030798443,0.0008394784395093139,-0.013821954296634908,-0.028591920030798443,0.0008394784395093139,0.96785,source_group,20000,20000,NOT_SEPARATED_FROM_POINT_WINNER_95CI,True,NONE,OK
winner_reference::8b6e219792c5ff4f699c79d2,external_final_answer::cell::f16429324dd8c80026c0dac1,external_final_answer,processbench_qwen3_response_v1,cell,processbench_gsm8k_qwen3_4b,cell,processbench_gsm8k_qwen3_4b,processbench,qwen3_4b,gsm8k,"[""processbench_gsm8k_qwen3_4b""]",1,single_cell,auprc,True,"[""equal_family_mean""]",equal_family_mean,dufs_pf_lsml,0.8063287205762908,0.7848451031808796,-0.02148361739541116,-0.04229913844351308,-0.0007201543945872754,-0.02148361739541116,-0.04229913844351308,-0.0007201543945872754,0.9788,source_group,20000,20000,SEPARATED_FROM_POINT_WINNER_95CI,False,NONE,OK
winner_reference::8b6e219792c5ff4f699c79d2,external_final_answer::cell::f16429324dd8c80026c0dac1,external_final_answer,processbench_qwen3_response_v1,cell,processbench_gsm8k_qwen3_4b,cell,processbench_gsm8k_qwen3_4b,processbench,qwen3_4b,gsm8k,"[""processbench_gsm8k_qwen3_4b""]",1,single_cell,auprc,True,"[""equal_family_mean""]",equal_family_mean,dufs_stability_lsml,0.8063287205762908,0.7961368434239492,-0.0101918771523416,-0.02707920323497248,0.006722619850702134,-0.0101918771523416,-0.02707920323497248,0.006722619850702134,0.8807,source_group,20000,20000,NOT_SEPARATED_FROM_POINT_WINNER_95CI,True,NONE,OK
winner_reference::8b6e219792c5ff4f699c79d2,external_final_answer::cell::f16429324dd8c80026c0dac1,external_final_answer,processbench_qwen3_response_v1,cell,processbench_gsm8k_qwen3_4b,cell,processbench_gsm8k_qwen3_4b,processbench,qwen3_4b,gsm8k,"[""processbench_gsm8k_qwen3_4b""]",1,single_cell,auprc,True,"[""equal_family_mean""]",equal_family_mean,equal_family_mean,0.8063287205762908,0.8063287205762908,0.0,0.0,0.0,0.0,0.0,0.0,1.0,source_group,20000,20000,POINT_WINNER,True,NONE,OK
winner_reference::8b6e219792c5ff4f699c79d2,external_final_answer::cell::f16429324dd8c80026c0dac1,external_final_answer,processbench_qwen3_response_v1,cell,processbench_gsm8k_qwen3_4b,cell,processbench_gsm8k_qwen3_4b,processbench,qwen3_4b,gsm8k,"[""processbench_gsm8k_qwen3_4b""]",1,single_cell,auprc,True,"[""equal_family_mean""]",equal_family_mean,equal_feature_mean,0.8063287205762908,0.7995074007969725,-0.0068213197793183244,-0.0197382005161457,0.005932730848925307,-0.0068213197793183244,-0.0197382005161457,0.005932730848925307,0.84485,source_group,20000,20000,NOT_SEPARATED_FROM_POINT_WINNER_95CI,True,NONE,OK
winner_reference::8b6e219792c5ff4f699c79d2,external_final_answer::cell::f16429324dd8c80026c0dac1,external_final_answer,processbench_qwen3_response_v1,cell,processbench_gsm8k_qwen3_4b,cell,processbench_gsm8k_qwen3_4b,processbench,qwen3_4b,gsm8k,"[""processbench_gsm8k_qwen3_4b""]",1,single_cell,auprc,True,"[""equal_family_mean""]",equal_family_mean,family_nrm_a,0.8063287205762908,0.7885830087838219,-0.017745711792468866,-0.03493982115119297,-0.0007239775836915104,-0.017745711792468866,-0.03493982115119297,-0.0007239775836915104,0.97935,source_group,20000,20000,SEPARATED_FROM_POINT_WINNER_95CI,False,NONE,OK
winner_reference::8b6e219792c5ff4f699c79d2,external_final_answer::cell::f16429324dd8c80026c0dac1,external_final_answer,processbench_qwen3_response_v1,cell,processbench_gsm8k_qwen3_4b,cell,processbench_gsm8k_qwen3_4b,processbench,qwen3_4b,gsm8k,"[""processbench_gsm8k_qwen3_4b""]",1,single_cell,auprc,True,"[""equal_family_mean""]",equal_family_mean,iu_pcr,0.8063287205762908,0.791541018376188,-0.014787702200102837,-0.029510166291970792,-8.857231411696209e-05,-0.014787702200102837,-0.029510166291970792,-8.857231411696209e-05,0.97555,source_group,20000,20000,SEPARATED_FROM_POINT_WINNER_95CI,False,NONE,OK
winner_reference::8b6e219792c5ff4f699c79d2,external_final_answer::cell::f16429324dd8c80026c0dac1,external_final_answer,processbench_qwen3_response_v1,cell,processbench_gsm8k_qwen3_4b,cell,processbench_gsm8k_qwen3_4b,processbench,qwen3_4b,gsm8k,"[""processbench_gsm8k_qwen3_4b""]",1,single_cell,auprc,True,"[""equal_family_mean""]",equal_family_mean,pgrd_a,0.8063287205762908,0.7882674699419978,-0.01806125063429298,-0.03350780539422099,-0.0029868416657793002,-0.01806125063429298,-0.03350780539422099,-0.0029868416657793002,0.99045,source_group,20000,20000,SEPARATED_FROM_POINT_WINNER_95CI,False,NONE,OK
winner_reference::8b6e219792c5ff4f699c79d2,external_final_answer::cell::f16429324dd8c80026c0dac1,external_final_answer,processbench_qwen3_response_v1,cell,processbench_gsm8k_qwen3_4b,cell,processbench_gsm8k_qwen3_4b,processbench,qwen3_4b,gsm8k,"[""processbench_gsm8k_qwen3_4b""]",1,single_cell,auprc,True,"[""equal_family_mean""]",equal_family_mean,su_pcr,0.8063287205762908,0.7920161430117552,-0.014312577564535633,-0.029018508766708154,0.0003615892917798232,-0.014312577564535633,-0.029018508766708154,0.0003615892917798232,0.9725,source_group,20000,20000,NOT_SEPARATED_FROM_POINT_WINNER_95CI,True,NONE,OK
winner_reference::8b6e219792c5ff4f699c79d2,external_final_answer::cell::f16429324dd8c80026c0dac1,external_final_answer,processbench_qwen3_response_v1,cell,processbench_gsm8k_qwen3_4b,cell,processbench_gsm8k_qwen3_4b,processbench,qwen3_4b,gsm8k,"[""processbench_gsm8k_qwen3_4b""]",1,single_cell,auprc,True,"[""equal_family_mean""]",equal_family_mean,upcr,0.8063287205762908,0.7913298423054856,-0.01499887827080515,-0.030726156892867083,0.0004352894044942895,-0.01499887827080515,-0.030726156892867083,0.0004352894044942895,0.97205,source_group,20000,20000,NOT_SEPARATED_FROM_POINT_WINNER_95CI,True,NONE,OK
winner_reference::a4ce9adc4842a0de7c55da7e,external_final_answer::cell::89833469f82f22e687af281a,external_final_answer,processbench_qwen3_response_v1,cell,processbench_gsm8k_qwen3_4b,cell,processbench_gsm8k_qwen3_4b,processbench,qwen3_4b,gsm8k,"[""processbench_gsm8k_qwen3_4b""]",1,single_cell,aurc_x1000,False,"[""deem_b3""]",deem_b3,ca_specrage_atomic,290.91164160454707,307.2766054654094,16.364963860862304,-6.201579580308446,42.58786072562076,-16.364963860862304,-42.587860725620764,6.201579580308444,0.91295,source_group,20000,20000,NOT_SEPARATED_FROM_POINT_WINNER_95CI,True,NONE,OK
winner_reference::a4ce9adc4842a0de7c55da7e,external_final_answer::cell::89833469f82f22e687af281a,external_final_answer,processbench_qwen3_response_v1,cell,processbench_gsm8k_qwen3_4b,cell,processbench_gsm8k_qwen3_4b,processbench,qwen3_4b,gsm8k,"[""processbench_gsm8k_qwen3_4b""]",1,single_cell,aurc_x1000,False,"[""deem_b3""]",deem_b3,continuous_lsml,290.91164160454707,333.10898977599953,42.19734817145246,16.11514071710784,69.62866088774912,-42.19734817145246,-69.62866088774912,-16.11514071710784,0.9993,source_group,20000,20000,SEPARATED_FROM_POINT_WINNER_95CI,False,NONE,OK
winner_reference::a4ce9adc4842a0de7c55da7e,external_final_answer::cell::89833469f82f22e687af281a,external_final_answer,processbench_qwen3_response_v1,cell,processbench_gsm8k_qwen3_4b,cell,processbench_gsm8k_qwen3_4b,processbench,qwen3_4b,gsm8k,"[""processbench_gsm8k_qwen3_4b""]",1,single_cell,aurc_x1000,False,"[""deem_b3""]",deem_b3,deem_b3,290.91164160454707,290.91164160454707,0.0,0.0,0.0,-0.0,-0.0,0.0,1.0,source_group,20000,20000,POINT_WINNER,True,NONE,OK
winner_reference::a4ce9adc4842a0de7c55da7e,external_final_answer::cell::89833469f82f22e687af281a,external_final_answer,processbench_qwen3_response_v1,cell,processbench_gsm8k_qwen3_4b,cell,processbench_gsm8k_qwen3_4b,processbench,qwen3_4b,gsm8k,"[""processbench_gsm8k_qwen3_4b""]",1,single_cell,aurc_x1000,False,"[""deem_b3""]",deem_b3,dufs_liu,290.91164160454707,306.42172135290747,15.510079748360397,-0.01823866687174837,32.192740525725085,-15.510079748360397,-32.19274052572509,0.018238666871743442,0.9748,source_group,20000,20000,NOT_SEPARATED_FROM_POINT_WINNER_95CI,True,NONE,OK
winner_reference::a4ce9adc4842a0de7c55da7e,external_final_answer::cell::89833469f82f22e687af281a,external_final_answer,processbench_qwen3_response_v1,cell,processbench_gsm8k_qwen3_4b,cell,processbench_gsm8k_qwen3_4b,processbench,qwen3_4b,gsm8k,"[""processbench_gsm8k_qwen3_4b""]",1,single_cell,aurc_x1000,False,"[""deem_b3""]",deem_b3,dufs_pf_lsml,290.91164160454707,316.8519327454992,25.940291140952127,-4.750500309890161,57.452082689012705,-25.940291140952127,-57.45208268901274,4.750500309890143,0.9456,source_group,20000,20000,NOT_SEPARATED_FROM_POINT_WINNER_95CI,True,NONE,OK
winner_reference::a4ce9adc4842a0de7c55da7e,external_final_answer::cell::89833469f82f22e687af281a,external_final_answer,processbench_qwen3_response_v1,cell,processbench_gsm8k_qwen3_4b,cell,processbench_gsm8k_qwen3_4b,processbench,qwen3_4b,gsm8k,"[""processbench_gsm8k_qwen3_4b""]",1,single_cell,aurc_x1000,False,"[""deem_b3""]",deem_b3,dufs_stability_lsml,290.91164160454707,305.6692361512091,14.757594546662006,-6.695010739395538,38.232973695002045,-14.757594546662006,-38.23297369500208,6.695010739395508,0.90655,source_group,20000,20000,NOT_SEPARATED_FROM_POINT_WINNER_95CI,True,NONE,OK
winner_reference::a4ce9adc4842a0de7c55da7e,external_final_answer::cell::89833469f82f22e687af281a,external_final_answer,processbench_qwen3_response_v1,cell,processbench_gsm8k_qwen3_4b,cell,processbench_gsm8k_qwen3_4b,processbench,qwen3_4b,gsm8k,"[""processbench_gsm8k_qwen3_4b""]",1,single_cell,aurc_x1000,False,"[""deem_b3""]",deem_b3,equal_family_mean,290.91164160454707,291.35356010386533,0.44191849931826255,-0.6422747222660306,1.6731185122058547,-0.44191849931826255,-1.673118512205859,0.6422747222660306,0.7795,source_group,20000,20000,NOT_SEPARATED_FROM_POINT_WINNER_95CI,True,NONE,OK
winner_reference::a4ce9adc4842a0de7c55da7e,external_final_answer::cell::89833469f82f22e687af281a,external_final_answer,processbench_qwen3_response_v1,cell,processbench_gsm8k_qwen3_4b,cell,processbench_gsm8k_qwen3_4b,processbench,qwen3_4b,gsm8k,"[""processbench_gsm8k_qwen3_4b""]",1,single_cell,aurc_x1000,False,"[""deem_b3""]",deem_b3,equal_feature_mean,290.91164160454707,299.2822756084249,8.370634003877854,-5.860713643080746,22.55549373457163,-8.370634003877854,-22.55549373457165,5.860713643080743,0.8753,source_group,20000,20000,NOT_SEPARATED_FROM_POINT_WINNER_95CI,True,NONE,OK
winner_reference::a4ce9adc4842a0de7c55da7e,external_final_answer::cell::89833469f82f22e687af281a,external_final_answer,processbench_qwen3_response_v1,cell,processbench_gsm8k_qwen3_4b,cell,processbench_gsm8k_qwen3_4b,processbench,qwen3_4b,gsm8k,"[""processbench_gsm8k_qwen3_4b""]",1,single_cell,aurc_x1000,False,"[""deem_b3""]",deem_b3,family_nrm_a,290.91164160454707,309.9421273044177,19.03048569987061,-1.2030798559769165,40.267416721522444,-19.03048569987061,-40.267416721522466,1.2030798559769018,0.9665,source_group,20000,20000,NOT_SEPARATED_FROM_POINT_WINNER_95CI,True,NONE,OK
winner_reference::a4ce9adc4842a0de7c55da7e,external_final_answer::cell::89833469f82f22e687af281a,external_final_answer,processbench_qwen3_response_v1,cell,processbench_gsm8k_qwen3_4b,cell,processbench_gsm8k_qwen3_4b,processbench,qwen3_4b,gsm8k,"[""processbench_gsm8k_qwen3_4b""]",1,single_cell,aurc_x1000,False,"[""deem_b3""]",deem_b3,iu_pcr,290.91164160454707,307.8237115939571,16.912069989410043,0.9753971850879453,33.92558227114567,-16.912069989410043,-33.925582271145686,-0.9753971850879527,0.98195,source_group,20000,20000,SEPARATED_FROM_POINT_WINNER_95CI,False,NONE,OK
winner_reference::a4ce9adc4842a0de7c55da7e,external_final_answer::cell::89833469f82f22e687af281a,external_final_answer,processbench_qwen3_response_v1,cell,processbench_gsm8k_qwen3_4b,cell,processbench_gsm8k_qwen3_4b,processbench,qwen3_4b,gsm8k,"[""processbench_gsm8k_qwen3_4b""]",1,single_cell,aurc_x1000,False,"[""deem_b3""]",deem_b3,pgrd_a,290.91164160454707,309.88912840921296,18.977486804665887,2.5886542558626218,36.22785844196029,-18.977486804665887,-36.2278584419603,-2.5886542558626258,0.98885,source_group,20000,20000,SEPARATED_FROM_POINT_WINNER_95CI,False,NONE,OK
winner_reference::a4ce9adc4842a0de7c55da7e,external_final_answer::cell::89833469f82f22e687af281a,external_final_answer,processbench_qwen3_response_v1,cell,processbench_gsm8k_qwen3_4b,cell,processbench_gsm8k_qwen3_4b,processbench,qwen3_4b,gsm8k,"[""processbench_gsm8k_qwen3_4b""]",1,single_cell,aurc_x1000,False,"[""deem_b3""]",deem_b3,su_pcr,290.91164160454707,306.67926254858014,15.76762094403307,0.06348867753520059,32.498326524323744,-15.76762094403307,-32.498326524323794,-0.06348867753524541,0.9757,source_group,20000,20000,SEPARATED_FROM_POINT_WINNER_95CI,False,NONE,OK
winner_reference::a4ce9adc4842a0de7c55da7e,external_final_answer::cell::89833469f82f22e687af281a,external_final_answer,processbench_qwen3_response_v1,cell,processbench_gsm8k_qwen3_4b,cell,processbench_gsm8k_qwen3_4b,processbench,qwen3_4b,gsm8k,"[""processbench_gsm8k_qwen3_4b""]",1,single_cell,aurc_x1000,False,"[""deem_b3""]",deem_b3,upcr,290.91164160454707,310.08222173383456,19.170580129287487,2.5715919614772424,37.20373972340429,-19.170580129287487,-37.203739723404304,-2.571591961477306,0.9889,source_group,20000,20000,SEPARATED_FROM_POINT_WINNER_95CI,False,NONE,OK
winner_reference::a4fbb607f3fb051364844665,external_final_answer::cell::c9d58cef1fc6ce7dfe5681ef,external_final_answer,processbench_qwen3_response_v1,cell,processbench_gsm8k_qwen3_4b,cell,processbench_gsm8k_qwen3_4b,processbench,qwen3_4b,gsm8k,"[""processbench_gsm8k_qwen3_4b""]",1,single_cell,auroc,True,"[""deem_b3""]",deem_b3,ca_specrage_atomic,0.7861749999999998,0.771325,-0.014849999999999808,-0.03621451212063774,0.005704114923687439,-0.014849999999999808,-0.03621451212063774,0.005704114923687439,0.91875,source_group,20000,20000,NOT_SEPARATED_FROM_POINT_WINNER_95CI,True,NONE,OK
winner_reference::a4fbb607f3fb051364844665,external_final_answer::cell::c9d58cef1fc6ce7dfe5681ef,external_final_answer,processbench_qwen3_response_v1,cell,processbench_gsm8k_qwen3_4b,cell,processbench_gsm8k_qwen3_4b,processbench,qwen3_4b,gsm8k,"[""processbench_gsm8k_qwen3_4b""]",1,single_cell,auroc,True,"[""deem_b3""]",deem_b3,continuous_lsml,0.7861749999999998,0.7295500000000001,-0.0566249999999997,-0.08658690645366605,-0.027102440825696062,-0.0566249999999997,-0.08658690645366605,-0.027102440825696062,0.9999,source_group,20000,20000,SEPARATED_FROM_POINT_WINNER_95CI,False,NONE,OK
winner_reference::a4fbb607f3fb051364844665,external_final_answer::cell::c9d58cef1fc6ce7dfe5681ef,external_final_answer,processbench_qwen3_response_v1,cell,processbench_gsm8k_qwen3_4b,cell,processbench_gsm8k_qwen3_4b,processbench,qwen3_4b,gsm8k,"[""processbench_gsm8k_qwen3_4b""]",1,single_cell,auroc,True,"[""deem_b3""]",deem_b3,deem_b3,0.7861749999999998,0.7861749999999998,0.0,0.0,0.0,0.0,0.0,0.0,1.0,source_group,20000,20000,POINT_WINNER,True,NONE,OK
winner_reference::a4fbb607f3fb051364844665,external_final_answer::cell::c9d58cef1fc6ce7dfe5681ef,external_final_answer,processbench_qwen3_response_v1,cell,processbench_gsm8k_qwen3_4b,cell,processbench_gsm8k_qwen3_4b,processbench,qwen3_4b,gsm8k,"[""processbench_gsm8k_qwen3_4b""]",1,single_cell,auroc,True,"[""deem_b3""]",deem_b3,dufs_liu,0.7861749999999998,0.7671250000000001,-0.01904999999999979,-0.037808550999319054,-0.0014822630891367927,-0.01904999999999979,-0.037808550999319054,-0.0014822630891367927,0.98305,source_group,20000,20000,SEPARATED_FROM_POINT_WINNER_95CI,False,NONE,OK
winner_reference::a4fbb607f3fb051364844665,external_final_answer::cell::c9d58cef1fc6ce7dfe5681ef,external_final_answer,processbench_qwen3_response_v1,cell,processbench_gsm8k_qwen3_4b,cell,processbench_gsm8k_qwen3_4b,processbench,qwen3_4b,gsm8k,"[""processbench_gsm8k_qwen3_4b""]",1,single_cell,auroc,True,"[""deem_b3""]",deem_b3,dufs_pf_lsml,0.7861749999999998,0.76425,-0.02192499999999986,-0.04900491869074339,0.004705103058703586,-0.02192499999999986,-0.04900491869074339,0.004705103058703586,0.9462,source_group,20000,20000,NOT_SEPARATED_FROM_POINT_WINNER_95CI,True,NONE,OK
winner_reference::a4fbb607f3fb051364844665,external_final_answer::cell::c9d58cef1fc6ce7dfe5681ef,external_final_answer,processbench_qwen3_response_v1,cell,processbench_gsm8k_qwen3_4b,cell,processbench_gsm8k_qwen3_4b,processbench,qwen3_4b,gsm8k,"[""processbench_gsm8k_qwen3_4b""]",1,single_cell,auroc,True,"[""deem_b3""]",deem_b3,dufs_stability_lsml,0.7861749999999998,0.77215,-0.014024999999999843,-0.03555878142872766,0.006625795198877301,-0.014024999999999843,-0.03555878142872766,0.006625795198877301,0.90535,source_group,20000,20000,NOT_SEPARATED_FROM_POINT_WINNER_95CI,True,NONE,OK
winner_reference::a4fbb607f3fb051364844665,external_final_answer::cell::c9d58cef1fc6ce7dfe5681ef,external_final_answer,processbench_qwen3_response_v1,cell,processbench_gsm8k_qwen3_4b,cell,processbench_gsm8k_qwen3_4b,processbench,qwen3_4b,gsm8k,"[""processbench_gsm8k_qwen3_4b""]",1,single_cell,auroc,True,"[""deem_b3""]",deem_b3,equal_family_mean,0.7861749999999998,0.785825,-0.00034999999999985043,-0.0018045112781954753,0.0010307982401005528,-0.00034999999999985043,-0.0018045112781954753,0.0010307982401005528,0.69535,source_group,20000,20000,NOT_SEPARATED_FROM_POINT_WINNER_95CI,True,NONE,OK
winner_reference::a4fbb607f3fb051364844665,external_final_answer::cell::c9d58cef1fc6ce7dfe5681ef,external_final_answer,processbench_qwen3_response_v1,cell,processbench_gsm8k_qwen3_4b,cell,processbench_gsm8k_qwen3_4b,processbench,qwen3_4b,gsm8k,"[""processbench_gsm8k_qwen3_4b""]",1,single_cell,auroc,True,"[""deem_b3""]",deem_b3,equal_feature_mean,0.7861749999999998,0.774675,-0.011499999999999844,-0.027303704407478015,0.003850211896958426,-0.011499999999999844,-0.027303704407478015,0.003850211896958426,0.9276,source_group,20000,20000,NOT_SEPARATED_FROM_POINT_WINNER_95CI,True,NONE,OK
winner_reference::a4fbb607f3fb051364844665,external_final_answer::cell::c9d58cef1fc6ce7dfe5681ef,external_final_answer,processbench_qwen3_response_v1,cell,processbench_gsm8k_qwen3_4b,cell,processbench_gsm8k_qwen3_4b,processbench,qwen3_4b,gsm8k,"[""processbench_gsm8k_qwen3_4b""]",1,single_cell,auroc,True,"[""deem_b3""]",deem_b3,family_nrm_a,0.7861749999999998,0.763875,-0.022299999999999875,-0.04395500740657529,-0.0012754680955900943,-0.022299999999999875,-0.04395500740657529,-0.0012754680955900943,0.98045,source_group,20000,20000,SEPARATED_FROM_POINT_WINNER_95CI,False,NONE,OK
winner_reference::a4fbb607f3fb051364844665,external_final_answer::cell::c9d58cef1fc6ce7dfe5681ef,external_final_answer,processbench_qwen3_response_v1,cell,processbench_gsm8k_qwen3_4b,cell,processbench_gsm8k_qwen3_4b,processbench,qwen3_4b,gsm8k,"[""processbench_gsm8k_qwen3_4b""]",1,single_cell,auroc,True,"[""deem_b3""]",deem_b3,iu_pcr,0.7861749999999998,0.7655750000000001,-0.02059999999999973,-0.03937409774436095,-0.0026921778167197366,-0.02059999999999973,-0.03937409774436095,-0.0026921778167197366,0.9881,source_group,20000,20000,SEPARATED_FROM_POINT_WINNER_95CI,False,NONE,OK
winner_reference::a4fbb607f3fb051364844665,external_final_answer::cell::c9d58cef1fc6ce7dfe5681ef,external_final_answer,processbench_qwen3_response_v1,cell,processbench_gsm8k_qwen3_4b,cell,processbench_gsm8k_qwen3_4b,processbench,qwen3_4b,gsm8k,"[""processbench_gsm8k_qwen3_4b""]",1,single_cell,auroc,True,"[""deem_b3""]",deem_b3,pgrd_a,0.7861749999999998,0.7609,-0.025274999999999825,-0.04460477559917754,-0.006853876149835329,-0.025274999999999825,-0.04460477559917754,-0.006853876149835329,0.99705,source_group,20000,20000,SEPARATED_FROM_POINT_WINNER_95CI,False,NONE,OK
winner_reference::a4fbb607f3fb051364844665,external_final_answer::cell::c9d58cef1fc6ce7dfe5681ef,external_final_answer,processbench_qwen3_response_v1,cell,processbench_gsm8k_qwen3_4b,cell,processbench_gsm8k_qwen3_4b,processbench,qwen3_4b,gsm8k,"[""processbench_gsm8k_qwen3_4b""]",1,single_cell,auroc,True,"[""deem_b3""]",deem_b3,su_pcr,0.7861749999999998,0.766725,-0.019449999999999856,-0.03799031586318736,-0.001975193816164012,-0.019449999999999856,-0.03799031586318736,-0.001975193816164012,0.98485,source_group,20000,20000,SEPARATED_FROM_POINT_WINNER_95CI,False,NONE,OK
winner_reference::a4fbb607f3fb051364844665,external_final_answer::cell::c9d58cef1fc6ce7dfe5681ef,external_final_answer,processbench_qwen3_response_v1,cell,processbench_gsm8k_qwen3_4b,cell,processbench_gsm8k_qwen3_4b,processbench,qwen3_4b,gsm8k,"[""processbench_gsm8k_qwen3_4b""]",1,single_cell,auroc,True,"[""deem_b3""]",deem_b3,upcr,0.7861749999999998,0.763775,-0.022399999999999864,-0.042081481122080544,-0.0036766980526376056,-0.022399999999999864,-0.042081481122080544,-0.0036766980526376056,0.99115,source_group,20000,20000,SEPARATED_FROM_POINT_WINNER_95CI,False,NONE,OK
winner_reference::cf665faa332be9ec3dd2fff4,external_final_answer::cell::4fba44d39e2c977787a699ff,external_final_answer,processbench_qwen3_response_v1,cell,processbench_gsm8k_qwen3_8b,cell,processbench_gsm8k_qwen3_8b,processbench,qwen3_8b,gsm8k,"[""processbench_gsm8k_qwen3_8b""]",1,single_cell,auprc,True,"[""dufs_stability_lsml""]",dufs_stability_lsml,ca_specrage_atomic,0.793135749080041,0.7820790673935045,-0.011056681686536507,-0.01697039845009799,-0.0055840663436636925,-0.011056681686536507,-0.01697039845009799,-0.0055840663436636925,0.99995,source_group,20000,20000,SEPARATED_FROM_POINT_WINNER_95CI,False,NONE,OK
winner_reference::cf665faa332be9ec3dd2fff4,external_final_answer::cell::4fba44d39e2c977787a699ff,external_final_answer,processbench_qwen3_response_v1,cell,processbench_gsm8k_qwen3_8b,cell,processbench_gsm8k_qwen3_8b,processbench,qwen3_8b,gsm8k,"[""processbench_gsm8k_qwen3_8b""]",1,single_cell,auprc,True,"[""dufs_stability_lsml""]",dufs_stability_lsml,continuous_lsml,0.793135749080041,0.7633388653660875,-0.029796883713953504,-0.05463835103106097,-0.006734412265337571,-0.029796883713953504,-0.05463835103106097,-0.006734412265337571,0.99365,source_group,20000,20000,SEPARATED_FROM_POINT_WINNER_95CI,False,NONE,OK
winner_reference::cf665faa332be9ec3dd2fff4,external_final_answer::cell::4fba44d39e2c977787a699ff,external_final_answer,processbench_qwen3_response_v1,cell,processbench_gsm8k_qwen3_8b,cell,processbench_gsm8k_qwen3_8b,processbench,qwen3_8b,gsm8k,"[""processbench_gsm8k_qwen3_8b""]",1,single_cell,auprc,True,"[""dufs_stability_lsml""]",dufs_stability_lsml,deem_b3,0.793135749080041,0.7814457874683586,-0.011689961611682453,-0.029201751975523226,0.005640657021251168,-0.011689961611682453,-0.029201751975523226,0.005640657021251168,0.90865,source_group,20000,20000,NOT_SEPARATED_FROM_POINT_WINNER_95CI,True,NONE,OK
winner_reference::cf665faa332be9ec3dd2fff4,external_final_answer::cell::4fba44d39e2c977787a699ff,external_final_answer,processbench_qwen3_response_v1,cell,processbench_gsm8k_qwen3_8b,cell,processbench_gsm8k_qwen3_8b,processbench,qwen3_8b,gsm8k,"[""processbench_gsm8k_qwen3_8b""]",1,single_cell,auprc,True,"[""dufs_stability_lsml""]",dufs_stability_lsml,dufs_liu,0.793135749080041,0.7825884871174046,-0.010547261962636445,-0.023877480206518916,0.0020190012713282176,-0.010547261962636445,-0.023877480206518916,0.0020190012713282176,0.95015,source_group,20000,20000,NOT_SEPARATED_FROM_POINT_WINNER_95CI,True,NONE,OK
winner_reference::cf665faa332be9ec3dd2fff4,external_final_answer::cell::4fba44d39e2c977787a699ff,external_final_answer,processbench_qwen3_response_v1,cell,processbench_gsm8k_qwen3_8b,cell,processbench_gsm8k_qwen3_8b,processbench,qwen3_8b,gsm8k,"[""processbench_gsm8k_qwen3_8b""]",1,single_cell,auprc,True,"[""dufs_stability_lsml""]",dufs_stability_lsml,dufs_pf_lsml,0.793135749080041,0.7767529034077405,-0.016382845672300528,-0.02688057943421932,-0.006790462478753383,-0.016382845672300528,-0.02688057943421932,-0.006790462478753383,0.9999,source_group,20000,20000,SEPARATED_FROM_POINT_WINNER_95CI,False,NONE,OK
winner_reference::cf665faa332be9ec3dd2fff4,external_final_answer::cell::4fba44d39e2c977787a699ff,external_final_answer,processbench_qwen3_response_v1,cell,processbench_gsm8k_qwen3_8b,cell,processbench_gsm8k_qwen3_8b,processbench,qwen3_8b,gsm8k,"[""processbench_gsm8k_qwen3_8b""]",1,single_cell,auprc,True,"[""dufs_stability_lsml""]",dufs_stability_lsml,dufs_stability_lsml,0.793135749080041,0.793135749080041,0.0,0.0,0.0,0.0,0.0,0.0,1.0,source_group,20000,20000,POINT_WINNER,True,NONE,OK
winner_reference::cf665faa332be9ec3dd2fff4,external_final_answer::cell::4fba44d39e2c977787a699ff,external_final_answer,processbench_qwen3_response_v1,cell,processbench_gsm8k_qwen3_8b,cell,processbench_gsm8k_qwen3_8b,processbench,qwen3_8b,gsm8k,"[""processbench_gsm8k_qwen3_8b""]",1,single_cell,auprc,True,"[""dufs_stability_lsml""]",dufs_stability_lsml,equal_family_mean,0.793135749080041,0.7810010204664259,-0.012134728613615087,-0.030284123699027176,0.0057399769663039986,-0.012134728613615087,-0.030284123699027176,0.0057399769663039986,0.9087,source_group,20000,20000,NOT_SEPARATED_FROM_POINT_WINNER_95CI,True,NONE,OK
winner_reference::cf665faa332be9ec3dd2fff4,external_final_answer::cell::4fba44d39e2c977787a699ff,external_final_answer,processbench_qwen3_response_v1,cell,processbench_gsm8k_qwen3_8b,cell,processbench_gsm8k_qwen3_8b,processbench,qwen3_8b,gsm8k,"[""processbench_gsm8k_qwen3_8b""]",1,single_cell,auprc,True,"[""dufs_stability_lsml""]",dufs_stability_lsml,equal_feature_mean,0.793135749080041,0.7784875201614527,-0.014648228918588302,-0.03432947498844983,0.0046875788739902885,-0.014648228918588302,-0.03432947498844983,0.0046875788739902885,0.9308,source_group,20000,20000,NOT_SEPARATED_FROM_POINT_WINNER_95CI,True,NONE,OK
winner_reference::cf665faa332be9ec3dd2fff4,external_final_answer::cell::4fba44d39e2c977787a699ff,external_final_answer,processbench_qwen3_response_v1,cell,processbench_gsm8k_qwen3_8b,cell,processbench_gsm8k_qwen3_8b,processbench,qwen3_8b,gsm8k,"[""processbench_gsm8k_qwen3_8b""]",1,single_cell,auprc,True,"[""dufs_stability_lsml""]",dufs_stability_lsml,family_nrm_a,0.793135749080041,0.7686964203529514,-0.02443932872708965,-0.0430890555469374,-0.006629747487858399,-0.02443932872708965,-0.0430890555469374,-0.006629747487858399,0.9961,source_group,20000,20000,SEPARATED_FROM_POINT_WINNER_95CI,False,NONE,OK
winner_reference::cf665faa332be9ec3dd2fff4,external_final_answer::cell::4fba44d39e2c977787a699ff,external_final_answer,processbench_qwen3_response_v1,cell,processbench_gsm8k_qwen3_8b,cell,processbench_gsm8k_qwen3_8b,processbench,qwen3_8b,gsm8k,"[""processbench_gsm8k_qwen3_8b""]",1,single_cell,auprc,True,"[""dufs_stability_lsml""]",dufs_stability_lsml,iu_pcr,0.793135749080041,0.7806375576255042,-0.012498191454536789,-0.02827876054616942,0.0025167128058889536,-0.012498191454536789,-0.02827876054616942,0.0025167128058889536,0.94865,source_group,20000,20000,NOT_SEPARATED_FROM_POINT_WINNER_95CI,True,NONE,OK
winner_reference::cf665faa332be9ec3dd2fff4,external_final_answer::cell::4fba44d39e2c977787a699ff,external_final_answer,processbench_qwen3_response_v1,cell,processbench_gsm8k_qwen3_8b,cell,processbench_gsm8k_qwen3_8b,processbench,qwen3_8b,gsm8k,"[""processbench_gsm8k_qwen3_8b""]",1,single_cell,auprc,True,"[""dufs_stability_lsml""]",dufs_stability_lsml,pgrd_a,0.793135749080041,0.7785719751414278,-0.01456377393861319,-0.03602098732826006,0.006140153199015226,-0.01456377393861319,-0.03602098732826006,0.006140153199015226,0.91325,source_group,20000,20000,NOT_SEPARATED_FROM_POINT_WINNER_95CI,True,NONE,OK
winner_reference::cf665faa332be9ec3dd2fff4,external_final_answer::cell::4fba44d39e2c977787a699ff,external_final_answer,processbench_qwen3_response_v1,cell,processbench_gsm8k_qwen3_8b,cell,processbench_gsm8k_qwen3_8b,processbench,qwen3_8b,gsm8k,"[""processbench_gsm8k_qwen3_8b""]",1,single_cell,auprc,True,"[""dufs_stability_lsml""]",dufs_stability_lsml,su_pcr,0.793135749080041,0.7820851527705484,-0.011050596309492677,-0.025373371918526358,0.0026882711350463997,-0.011050596309492677,-0.025373371918526358,0.0026882711350463997,0.94355,source_group,20000,20000,NOT_SEPARATED_FROM_POINT_WINNER_95CI,True,NONE,OK
winner_reference::cf665faa332be9ec3dd2fff4,external_final_answer::cell::4fba44d39e2c977787a699ff,external_final_answer,processbench_qwen3_response_v1,cell,processbench_gsm8k_qwen3_8b,cell,processbench_gsm8k_qwen3_8b,processbench,qwen3_8b,gsm8k,"[""processbench_gsm8k_qwen3_8b""]",1,single_cell,auprc,True,"[""dufs_stability_lsml""]",dufs_stability_lsml,upcr,0.793135749080041,0.7841732682184712,-0.00896248086156981,-0.01808197576633621,-4.05668271067172e-05,-0.00896248086156981,-0.01808197576633621,-4.05668271067172e-05,0.9755,source_group,20000,20000,SEPARATED_FROM_POINT_WINNER_95CI,False,NONE,OK
winner_reference::396111a31cf34a725f9aa2f8,external_final_answer::cell::2c939dba23777e7ed5f2bad6,external_final_answer,processbench_qwen3_response_v1,cell,processbench_gsm8k_qwen3_8b,cell,processbench_gsm8k_qwen3_8b,processbench,qwen3_8b,gsm8k,"[""processbench_gsm8k_qwen3_8b""]",1,single_cell,aurc_x1000,False,"[""dufs_stability_lsml""]",dufs_stability_lsml,ca_specrage_atomic,315.2124311036942,323.55386341494017,8.341432311245967,0.20980986211624642,16.62049039445629,-8.341432311245967,-16.62049039445629,-0.20980986211624744,0.9784,source_group,20000,20000,SEPARATED_FROM_POINT_WINNER_95CI,False,NONE,OK
winner_reference::396111a31cf34a725f9aa2f8,external_final_answer::cell::2c939dba23777e7ed5f2bad6,external_final_answer,processbench_qwen3_response_v1,cell,processbench_gsm8k_qwen3_8b,cell,processbench_gsm8k_qwen3_8b,processbench,qwen3_8b,gsm8k,"[""processbench_gsm8k_qwen3_8b""]",1,single_cell,aurc_x1000,False,"[""dufs_stability_lsml""]",dufs_stability_lsml,continuous_lsml,315.2124311036942,342.98308381899466,27.770652715300457,1.0368803852531827,54.622166827754114,-27.770652715300457,-54.62216682775415,-1.0368803852531834,0.9788,source_group,20000,20000,SEPARATED_FROM_POINT_WINNER_95CI,False,NONE,OK
winner_reference::396111a31cf34a725f9aa2f8,external_final_answer::cell::2c939dba23777e7ed5f2bad6,external_final_answer,processbench_qwen3_response_v1,cell,processbench_gsm8k_qwen3_8b,cell,processbench_gsm8k_qwen3_8b,processbench,qwen3_8b,gsm8k,"[""processbench_gsm8k_qwen3_8b""]",1,single_cell,aurc_x1000,False,"[""dufs_stability_lsml""]",dufs_stability_lsml,deem_b3,315.2124311036942,317.3829188971669,2.1704877934727165,-20.756514681502846,24.31952867365571,-2.1704877934727165,-24.319528673655775,20.75651468150284,0.5751,source_group,20000,20000,NOT_SEPARATED_FROM_POINT_WINNER_95CI,True,NONE,OK
winner_reference::396111a31cf34a725f9aa2f8,external_final_answer::cell::2c939dba23777e7ed5f2bad6,external_final_answer,processbench_qwen3_response_v1,cell,processbench_gsm8k_qwen3_8b,cell,processbench_gsm8k_qwen3_8b,processbench,qwen3_8b,gsm8k,"[""processbench_gsm8k_qwen3_8b""]",1,single_cell,aurc_x1000,False,"[""dufs_stability_lsml""]",dufs_stability_lsml,dufs_liu,315.2124311036942,325.10661933962416,9.89418823592996,-6.775863050791033,26.04614289432795,-9.89418823592996,-26.046142894327957,6.775863050791027,0.8803,source_group,20000,20000,NOT_SEPARATED_FROM_POINT_WINNER_95CI,True,NONE,OK
winner_reference::396111a31cf34a725f9aa2f8,external_final_answer::cell::2c939dba23777e7ed5f2bad6,external_final_answer,processbench_qwen3_response_v1,cell,processbench_gsm8k_qwen3_8b,cell,processbench_gsm8k_qwen3_8b,processbench,qwen3_8b,gsm8k,"[""processbench_gsm8k_qwen3_8b""]",1,single_cell,aurc_x1000,False,"[""dufs_stability_lsml""]",dufs_stability_lsml,dufs_pf_lsml,315.2124311036942,333.45844509571305,18.246013992018845,3.0327055053489977,35.95900462031347,-18.246013992018845,-35.95900462031347,-3.0327055053490533,0.99265,source_group,20000,20000,SEPARATED_FROM_POINT_WINNER_95CI,False,NONE,OK
winner_reference::396111a31cf34a725f9aa2f8,external_final_answer::cell::2c939dba23777e7ed5f2bad6,external_final_answer,processbench_qwen3_response_v1,cell,processbench_gsm8k_qwen3_8b,cell,processbench_gsm8k_qwen3_8b,processbench,qwen3_8b,gsm8k,"[""processbench_gsm8k_qwen3_8b""]",1,single_cell,aurc_x1000,False,"[""dufs_stability_lsml""]",dufs_stability_lsml,dufs_stability_lsml,315.2124311036942,315.2124311036942,0.0,0.0,0.0,-0.0,-0.0,0.0,1.0,source_group,20000,20000,POINT_WINNER,True,NONE,OK
winner_reference::396111a31cf34a725f9aa2f8,external_final_answer::cell::2c939dba23777e7ed5f2bad6,external_final_answer,processbench_qwen3_response_v1,cell,processbench_gsm8k_qwen3_8b,cell,processbench_gsm8k_qwen3_8b,processbench,qwen3_8b,gsm8k,"[""processbench_gsm8k_qwen3_8b""]",1,single_cell,aurc_x1000,False,"[""dufs_stability_lsml""]",dufs_stability_lsml,equal_family_mean,315.2124311036942,316.97737534556256,1.7649442418683634,-21.648488147619247,24.25012903495233,-1.7649442418683634,-24.25012903495235,21.64848814761924,0.55985,source_group,20000,20000,NOT_SEPARATED_FROM_POINT_WINNER_95CI,True,NONE,OK
winner_reference::396111a31cf34a725f9aa2f8,external_final_answer::cell::2c939dba23777e7ed5f2bad6,external_final_answer,processbench_qwen3_response_v1,cell,processbench_gsm8k_qwen3_8b,cell,processbench_gsm8k_qwen3_8b,processbench,qwen3_8b,gsm8k,"[""processbench_gsm8k_qwen3_8b""]",1,single_cell,aurc_x1000,False,"[""dufs_stability_lsml""]",dufs_stability_lsml,equal_feature_mean,315.2124311036942,324.93106154244566,9.718630438751461,-14.510874100024441,33.79921995832247,-9.718630438751461,-33.799219958322496,14.510874100024422,0.78485,source_group,20000,20000,NOT_SEPARATED_FROM_POINT_WINNER_95CI,True,NONE,OK
winner_reference::396111a31cf34a725f9aa2f8,external_final_answer::cell::2c939dba23777e7ed5f2bad6,external_final_answer,processbench_qwen3_response_v1,cell,processbench_gsm8k_qwen3_8b,cell,processbench_gsm8k_qwen3_8b,processbench,qwen3_8b,gsm8k,"[""processbench_gsm8k_qwen3_8b""]",1,single_cell,aurc_x1000,False,"[""dufs_stability_lsml""]",dufs_stability_lsml,family_nrm_a,315.2124311036942,336.3745123959319,21.1620812922377,-0.7160798723960122,42.95227126079007,-21.1620812922377,-42.952271260790084,0.7160798723959709,0.9717,source_group,20000,20000,NOT_SEPARATED_FROM_POINT_WINNER_95CI,True,NONE,OK
winner_reference::396111a31cf34a725f9aa2f8,external_final_answer::cell::2c939dba23777e7ed5f2bad6,external_final_answer,processbench_qwen3_response_v1,cell,processbench_gsm8k_qwen3_8b,cell,processbench_gsm8k_qwen3_8b,processbench,qwen3_8b,gsm8k,"[""processbench_gsm8k_qwen3_8b""]",1,single_cell,aurc_x1000,False,"[""dufs_stability_lsml""]",dufs_stability_lsml,iu_pcr,315.2124311036942,326.6089033137463,11.396472210052082,-7.7870417270507,30.08004692332215,-11.396472210052082,-30.08004692332215,7.787041727050673,0.87915,source_group,20000,20000,NOT_SEPARATED_FROM_POINT_WINNER_95CI,True,NONE,OK
winner_reference::396111a31cf34a725f9aa2f8,external_final_answer::cell::2c939dba23777e7ed5f2bad6,external_final_answer,processbench_qwen3_response_v1,cell,processbench_gsm8k_qwen3_8b,cell,processbench_gsm8k_qwen3_8b,processbench,qwen3_8b,gsm8k,"[""processbench_gsm8k_qwen3_8b""]",1,single_cell,aurc_x1000,False,"[""dufs_stability_lsml""]",dufs_stability_lsml,pgrd_a,315.2124311036942,327.1649038490879,11.95247274539372,-11.906253954388632,35.076417583981566,-11.95247274539372,-35.07641758398158,11.906253954388623,0.83965,source_group,20000,20000,NOT_SEPARATED_FROM_POINT_WINNER_95CI,True,NONE,OK
winner_reference::396111a31cf34a725f9aa2f8,external_final_answer::cell::2c939dba23777e7ed5f2bad6,external_final_answer,processbench_qwen3_response_v1,cell,processbench_gsm8k_qwen3_8b,cell,processbench_gsm8k_qwen3_8b,processbench,qwen3_8b,gsm8k,"[""processbench_gsm8k_qwen3_8b""]",1,single_cell,aurc_x1000,False,"[""dufs_stability_lsml""]",dufs_stability_lsml,su_pcr,315.2124311036942,325.26002741385264,10.04759631015844,-7.934299222947928,27.392800351749045,-10.04759631015844,-27.392800351749056,7.934299222947923,0.86685,source_group,20000,20000,NOT_SEPARATED_FROM_POINT_WINNER_95CI,True,NONE,OK
winner_reference::396111a31cf34a725f9aa2f8,external_final_answer::cell::2c939dba23777e7ed5f2bad6,external_final_answer,processbench_qwen3_response_v1,cell,processbench_gsm8k_qwen3_8b,cell,processbench_gsm8k_qwen3_8b,processbench,qwen3_8b,gsm8k,"[""processbench_gsm8k_qwen3_8b""]",1,single_cell,aurc_x1000,False,"[""dufs_stability_lsml""]",dufs_stability_lsml,upcr,315.2124311036942,326.2080317531963,10.99560064950208,-1.2655084730041097,23.586056340480727,-10.99560064950208,-23.586056340480734,1.2655084730041086,0.9593,source_group,20000,20000,NOT_SEPARATED_FROM_POINT_WINNER_95CI,True,NONE,OK
winner_reference::5d7e84f084354400f45fa9e0,external_final_answer::cell::bca757f5bff0acdd627eea05,external_final_answer,processbench_qwen3_response_v1,cell,processbench_gsm8k_qwen3_8b,cell,processbench_gsm8k_qwen3_8b,processbench,qwen3_8b,gsm8k,"[""processbench_gsm8k_qwen3_8b""]",1,single_cell,auroc,True,"[""dufs_stability_lsml""]",dufs_stability_lsml,ca_specrage_atomic,0.7675,0.7549249999999998,-0.012575000000000114,-0.01992440739906387,-0.005539872379701196,-0.012575000000000114,-0.01992440739906387,-0.005539872379701196,0.99965,source_group,20000,20000,SEPARATED_FROM_POINT_WINNER_95CI,False,NONE,OK
winner_reference::5d7e84f084354400f45fa9e0,external_final_answer::cell::bca757f5bff0acdd627eea05,external_final_answer,processbench_qwen3_response_v1,cell,processbench_gsm8k_qwen3_8b,cell,processbench_gsm8k_qwen3_8b,processbench,qwen3_8b,gsm8k,"[""processbench_gsm8k_qwen3_8b""]",1,single_cell,auroc,True,"[""dufs_stability_lsml""]",dufs_stability_lsml,continuous_lsml,0.7675,0.7276,-0.039899999999999936,-0.07030717233312138,-0.010651065106510593,-0.039899999999999936,-0.07030717233312138,-0.010651065106510593,0.99625,source_group,20000,20000,SEPARATED_FROM_POINT_WINNER_95CI,False,NONE,OK
winner_reference::5d7e84f084354400f45fa9e0,external_final_answer::cell::bca757f5bff0acdd627eea05,external_final_answer,processbench_qwen3_response_v1,cell,processbench_gsm8k_qwen3_8b,cell,processbench_gsm8k_qwen3_8b,processbench,qwen3_8b,gsm8k,"[""processbench_gsm8k_qwen3_8b""]",1,single_cell,auroc,True,"[""dufs_stability_lsml""]",dufs_stability_lsml,deem_b3,0.7675,0.7591249999999999,-0.008375000000000021,-0.029736524899251625,0.013596912454716345,-0.008375000000000021,-0.029736524899251625,0.013596912454716345,0.777,source_group,20000,20000,NOT_SEPARATED_FROM_POINT_WINNER_95CI,True,NONE,OK
winner_reference::5d7e84f084354400f45fa9e0,external_final_answer::cell::bca757f5bff0acdd627eea05,external_final_answer,processbench_qwen3_response_v1,cell,processbench_gsm8k_qwen3_8b,cell,processbench_gsm8k_qwen3_8b,processbench,qwen3_8b,gsm8k,"[""processbench_gsm8k_qwen3_8b""]",1,single_cell,auroc,True,"[""dufs_stability_lsml""]",dufs_stability_lsml,dufs_liu,0.7675,0.752475,-0.015024999999999955,-0.03178729522846199,0.0015866579075882814,-0.015024999999999955,-0.03178729522846199,0.0015866579075882814,0.96195,source_group,20000,20000,NOT_SEPARATED_FROM_POINT_WINNER_95CI,True,NONE,OK
winner_reference::5d7e84f084354400f45fa9e0,external_final_answer::cell::bca757f5bff0acdd627eea05,external_final_answer,processbench_qwen3_response_v1,cell,processbench_gsm8k_qwen3_8b,cell,processbench_gsm8k_qwen3_8b,processbench,qwen3_8b,gsm8k,"[""processbench_gsm8k_qwen3_8b""]",1,single_cell,auroc,True,"[""dufs_stability_lsml""]",dufs_stability_lsml,dufs_pf_lsml,0.7675,0.751875,-0.015625,-0.027705845380263994,-0.0038502212823031292,-0.015625,-0.027705845380263994,-0.0038502212823031292,0.9951,source_group,20000,20000,SEPARATED_FROM_POINT_WINNER_95CI,False,NONE,OK
winner_reference::5d7e84f084354400f45fa9e0,external_final_answer::cell::bca757f5bff0acdd627eea05,external_final_answer,processbench_qwen3_response_v1,cell,processbench_gsm8k_qwen3_8b,cell,processbench_gsm8k_qwen3_8b,processbench,qwen3_8b,gsm8k,"[""processbench_gsm8k_qwen3_8b""]",1,single_cell,auroc,True,"[""dufs_stability_lsml""]",dufs_stability_lsml,dufs_stability_lsml,0.7675,0.7675,0.0,0.0,0.0,0.0,0.0,0.0,1.0,source_group,20000,20000,POINT_WINNER,True,NONE,OK
winner_reference::5d7e84f084354400f45fa9e0,external_final_answer::cell::bca757f5bff0acdd627eea05,external_final_answer,processbench_qwen3_response_v1,cell,processbench_gsm8k_qwen3_8b,cell,processbench_gsm8k_qwen3_8b,processbench,qwen3_8b,gsm8k,"[""processbench_gsm8k_qwen3_8b""]",1,single_cell,auroc,True,"[""dufs_stability_lsml""]",dufs_stability_lsml,equal_family_mean,0.7675,0.759125,-0.00837499999999991,-0.03031680416856223,0.014192611534187854,-0.00837499999999991,-0.03031680416856223,0.014192611534187854,0.7706,source_group,20000,20000,NOT_SEPARATED_FROM_POINT_WINNER_95CI,True,NONE,OK
winner_reference::5d7e84f084354400f45fa9e0,external_final_answer::cell::bca757f5bff0acdd627eea05,external_final_answer,processbench_qwen3_response_v1,cell,processbench_gsm8k_qwen3_8b,cell,processbench_gsm8k_qwen3_8b,processbench,qwen3_8b,gsm8k,"[""processbench_gsm8k_qwen3_8b""]",1,single_cell,auroc,True,"[""dufs_stability_lsml""]",dufs_stability_lsml,equal_feature_mean,0.7675,0.749375,-0.018124999999999947,-0.04320432043204314,0.006925238078806148,-0.018124999999999947,-0.04320432043204314,0.006925238078806148,0.9207,source_group,20000,20000,NOT_SEPARATED_FROM_POINT_WINNER_95CI,True,NONE,OK
winner_reference::5d7e84f084354400f45fa9e0,external_final_answer::cell::bca757f5bff0acdd627eea05,external_final_answer,processbench_qwen3_response_v1,cell,processbench_gsm8k_qwen3_8b,cell,processbench_gsm8k_qwen3_8b,processbench,qwen3_8b,gsm8k,"[""processbench_gsm8k_qwen3_8b""]",1,single_cell,auroc,True,"[""dufs_stability_lsml""]",dufs_stability_lsml,family_nrm_a,0.7675,0.73895,-0.028549999999999964,-0.051076312340139284,-0.006619529063040396,-0.028549999999999964,-0.051076312340139284,-0.006619529063040396,0.99465,source_group,20000,20000,SEPARATED_FROM_POINT_WINNER_95CI,False,NONE,OK
winner_reference::5d7e84f084354400f45fa9e0,external_final_answer::cell::bca757f5bff0acdd627eea05,external_final_answer,processbench_qwen3_response_v1,cell,processbench_gsm8k_qwen3_8b,cell,processbench_gsm8k_qwen3_8b,processbench,qwen3_8b,gsm8k,"[""processbench_gsm8k_qwen3_8b""]",1,single_cell,auroc,True,"[""dufs_stability_lsml""]",dufs_stability_lsml,iu_pcr,0.7675,0.7501749999999999,-0.017325000000000035,-0.03690789798000363,0.0023402793719057525,-0.017325000000000035,-0.03690789798000363,0.0023402793719057525,0.9579,source_group,20000,20000,NOT_SEPARATED_FROM_POINT_WINNER_95CI,True,NONE,OK
winner_reference::5d7e84f084354400f45fa9e0,external_final_answer::cell::bca757f5bff0acdd627eea05,external_final_answer,processbench_qwen3_response_v1,cell,processbench_gsm8k_qwen3_8b,cell,processbench_gsm8k_qwen3_8b,processbench,qwen3_8b,gsm8k,"[""processbench_gsm8k_qwen3_8b""]",1,single_cell,auroc,True,"[""dufs_stability_lsml""]",dufs_stability_lsml,pgrd_a,0.7675,0.7473,-0.020199999999999996,-0.04680117002925066,0.006300169317914249,-0.020199999999999996,-0.04680117002925066,0.006300169317914249,0.9308,source_group,20000,20000,NOT_SEPARATED_FROM_POINT_WINNER_95CI,True,NONE,OK
winner_reference::5d7e84f084354400f45fa9e0,external_final_answer::cell::bca757f5bff0acdd627eea05,external_final_answer,processbench_qwen3_response_v1,cell,processbench_gsm8k_qwen3_8b,cell,processbench_gsm8k_qwen3_8b,processbench,qwen3_8b,gsm8k,"[""processbench_gsm8k_qwen3_8b""]",1,single_cell,auroc,True,"[""dufs_stability_lsml""]",dufs_stability_lsml,su_pcr,0.7675,0.7520999999999999,-0.01540000000000008,-0.03331299791811746,0.0025519318621757725,-0.01540000000000008,-0.03331299791811746,0.0025519318621757725,0.95385,source_group,20000,20000,NOT_SEPARATED_FROM_POINT_WINNER_95CI,True,NONE,OK
winner_reference::5d7e84f084354400f45fa9e0,external_final_answer::cell::bca757f5bff0acdd627eea05,external_final_answer,processbench_qwen3_response_v1,cell,processbench_gsm8k_qwen3_8b,cell,processbench_gsm8k_qwen3_8b,processbench,qwen3_8b,gsm8k,"[""processbench_gsm8k_qwen3_8b""]",1,single_cell,auroc,True,"[""dufs_stability_lsml""]",dufs_stability_lsml,upcr,0.7675,0.7542,-0.013299999999999979,-0.025297797914615994,-0.001750692619074582,-0.013299999999999979,-0.025297797914615994,-0.001750692619074582,0.9884,source_group,20000,20000,SEPARATED_FROM_POINT_WINNER_95CI,False,NONE,OK
winner_reference::5a4200490f8e5d0ae64191e3,external_final_answer::cell::32bc034db1db3b2454ddd913,external_final_answer,processbench_qwen3_response_v1,cell,processbench_math_qwen3_4b,cell,processbench_math_qwen3_4b,processbench,qwen3_4b,math,"[""processbench_math_qwen3_4b""]",1,single_cell,auprc,True,"[""family_nrm_a""]",family_nrm_a,ca_specrage_atomic,0.705405332271887,0.6983995926642088,-0.007005739607678141,-0.017310050425238255,0.0031456662471335876,-0.007005739607678141,-0.017310050425238255,0.0031456662471335876,0.9103,source_group,20000,20000,NOT_SEPARATED_FROM_POINT_WINNER_95CI,True,NONE,OK
winner_reference::5a4200490f8e5d0ae64191e3,external_final_answer::cell::32bc034db1db3b2454ddd913,external_final_answer,processbench_qwen3_response_v1,cell,processbench_math_qwen3_4b,cell,processbench_math_qwen3_4b,processbench,qwen3_4b,math,"[""processbench_math_qwen3_4b""]",1,single_cell,auprc,True,"[""family_nrm_a""]",family_nrm_a,continuous_lsml,0.705405332271887,0.6969434359603286,-0.008461896311558359,-0.01785811973887289,0.0009207052451952407,-0.008461896311558359,-0.01785811973887289,0.0009207052451952407,0.95975,source_group,20000,20000,NOT_SEPARATED_FROM_POINT_WINNER_95CI,True,NONE,OK
winner_reference::5a4200490f8e5d0ae64191e3,external_final_answer::cell::32bc034db1db3b2454ddd913,external_final_answer,processbench_qwen3_response_v1,cell,processbench_math_qwen3_4b,cell,processbench_math_qwen3_4b,processbench,qwen3_4b,math,"[""processbench_math_qwen3_4b""]",1,single_cell,auprc,True,"[""family_nrm_a""]",family_nrm_a,deem_b3,0.705405332271887,0.7015376859440856,-0.003867646327801344,-0.013692884064917832,0.005069329216837502,-0.003867646327801344,-0.013692884064917832,0.005069329216837502,0.7846,source_group,20000,20000,NOT_SEPARATED_FROM_POINT_WINNER_95CI,True,NONE,OK
winner_reference::5a4200490f8e5d0ae64191e3,external_final_answer::cell::32bc034db1db3b2454ddd913,external_final_answer,processbench_qwen3_response_v1,cell,processbench_math_qwen3_4b,cell,processbench_math_qwen3_4b,processbench,qwen3_4b,math,"[""processbench_math_qwen3_4b""]",1,single_cell,auprc,True,"[""family_nrm_a""]",family_nrm_a,dufs_liu,0.705405332271887,0.7004873885046565,-0.004917943767230426,-0.011330657603105584,0.0014592203641290568,-0.004917943767230426,-0.011330657603105584,0.0014592203641290568,0.9361,source_group,20000,20000,NOT_SEPARATED_FROM_POINT_WINNER_95CI,True,NONE,OK
winner_reference::5a4200490f8e5d0ae64191e3,external_final_answer::cell::32bc034db1db3b2454ddd913,external_final_answer,processbench_qwen3_response_v1,cell,processbench_math_qwen3_4b,cell,processbench_math_qwen3_4b,processbench,qwen3_4b,math,"[""processbench_math_qwen3_4b""]",1,single_cell,auprc,True,"[""family_nrm_a""]",family_nrm_a,dufs_pf_lsml,0.705405332271887,0.6963737124090451,-0.009031619862841844,-0.02154265577499846,0.0031606600360402056,-0.009031619862841844,-0.02154265577499846,0.0031606600360402056,0.92565,source_group,20000,20000,NOT_SEPARATED_FROM_POINT_WINNER_95CI,True,NONE,OK
winner_reference::5a4200490f8e5d0ae64191e3,external_final_answer::cell::32bc034db1db3b2454ddd913,external_final_answer,processbench_qwen3_response_v1,cell,processbench_math_qwen3_4b,cell,processbench_math_qwen3_4b,processbench,qwen3_4b,math,"[""processbench_math_qwen3_4b""]",1,single_cell,auprc,True,"[""family_nrm_a""]",family_nrm_a,dufs_stability_lsml,0.705405332271887,0.6963737124090451,-0.009031619862841844,-0.02154265577499846,0.0031606600360402056,-0.009031619862841844,-0.02154265577499846,0.0031606600360402056,0.92565,source_group,20000,20000,NOT_SEPARATED_FROM_POINT_WINNER_95CI,True,NONE,OK
winner_reference::5a4200490f8e5d0ae64191e3,external_final_answer::cell::32bc034db1db3b2454ddd913,external_final_answer,processbench_qwen3_response_v1,cell,processbench_math_qwen3_4b,cell,processbench_math_qwen3_4b,processbench,qwen3_4b,math,"[""processbench_math_qwen3_4b""]",1,single_cell,auprc,True,"[""family_nrm_a""]",family_nrm_a,equal_family_mean,0.705405332271887,0.7018401250949002,-0.0035652071769867177,-0.013729383841931297,0.005639117106142491,-0.0035652071769867177,-0.013729383841931297,0.005639117106142491,0.76025,source_group,20000,20000,NOT_SEPARATED_FROM_POINT_WINNER_95CI,True,NONE,OK
winner_reference::5a4200490f8e5d0ae64191e3,external_final_answer::cell::32bc034db1db3b2454ddd913,external_final_answer,processbench_qwen3_response_v1,cell,processbench_math_qwen3_4b,cell,processbench_math_qwen3_4b,processbench,qwen3_4b,math,"[""processbench_math_qwen3_4b""]",1,single_cell,auprc,True,"[""family_nrm_a""]",family_nrm_a,equal_feature_mean,0.705405332271887,0.701531522132091,-0.00387381013979593,-0.0149711806898291,0.0069107604236336405,-0.00387381013979593,-0.0149711806898291,0.0069107604236336405,0.7438,source_group,20000,20000,NOT_SEPARATED_FROM_POINT_WINNER_95CI,True,NONE,OK
winner_reference::5a4200490f8e5d0ae64191e3,external_final_answer::cell::32bc034db1db3b2454ddd913,external_final_answer,processbench_qwen3_response_v1,cell,processbench_math_qwen3_4b,cell,processbench_math_qwen3_4b,processbench,qwen3_4b,math,"[""processbench_math_qwen3_4b""]",1,single_cell,auprc,True,"[""family_nrm_a""]",family_nrm_a,family_nrm_a,0.705405332271887,0.705405332271887,0.0,0.0,0.0,0.0,0.0,0.0,1.0,source_group,20000,20000,POINT_WINNER,True,NONE,OK
winner_reference::5a4200490f8e5d0ae64191e3,external_final_answer::cell::32bc034db1db3b2454ddd913,external_final_answer,processbench_qwen3_response_v1,cell,processbench_math_qwen3_4b,cell,processbench_math_qwen3_4b,processbench,qwen3_4b,math,"[""processbench_math_qwen3_4b""]",1,single_cell,auprc,True,"[""family_nrm_a""]",family_nrm_a,iu_pcr,0.705405332271887,0.7001454909682558,-0.005259841303631108,-0.011627394488425402,0.0010838038348119949,-0.005259841303631108,-0.011627394488425402,0.0010838038348119949,0.94885,source_group,20000,20000,NOT_SEPARATED_FROM_POINT_WINNER_95CI,True,NONE,OK
winner_reference::5a4200490f8e5d0ae64191e3,external_final_answer::cell::32bc034db1db3b2454ddd913,external_final_answer,processbench_qwen3_response_v1,cell,processbench_math_qwen3_4b,cell,processbench_math_qwen3_4b,processbench,qwen3_4b,math,"[""processbench_math_qwen3_4b""]",1,single_cell,auprc,True,"[""family_nrm_a""]",family_nrm_a,pgrd_a,0.705405332271887,0.6925846117585072,-0.01282072051337979,-0.023493430110524863,-0.002057569823131064,-0.01282072051337979,-0.023493430110524863,-0.002057569823131064,0.99075,source_group,20000,20000,SEPARATED_FROM_POINT_WINNER_95CI,False,NONE,OK
winner_reference::5a4200490f8e5d0ae64191e3,external_final_answer::cell::32bc034db1db3b2454ddd913,external_final_answer,processbench_qwen3_response_v1,cell,processbench_math_qwen3_4b,cell,processbench_math_qwen3_4b,processbench,qwen3_4b,math,"[""processbench_math_qwen3_4b""]",1,single_cell,auprc,True,"[""family_nrm_a""]",family_nrm_a,su_pcr,0.705405332271887,0.7004504533226046,-0.004954878949282371,-0.011422077898807084,0.0014878242504915169,-0.004954878949282371,-0.011422077898807084,0.0014878242504915169,0.9346,source_group,20000,20000,NOT_SEPARATED_FROM_POINT_WINNER_95CI,True,NONE,OK
winner_reference::5a4200490f8e5d0ae64191e3,external_final_answer::cell::32bc034db1db3b2454ddd913,external_final_answer,processbench_qwen3_response_v1,cell,processbench_math_qwen3_4b,cell,processbench_math_qwen3_4b,processbench,qwen3_4b,math,"[""processbench_math_qwen3_4b""]",1,single_cell,auprc,True,"[""family_nrm_a""]",family_nrm_a,upcr,0.705405332271887,0.6995122754996528,-0.005893056772234173,-0.012493418049887942,0.0007768077922159658,-0.005893056772234173,-0.012493418049887942,0.0007768077922159658,0.9604,source_group,20000,20000,NOT_SEPARATED_FROM_POINT_WINNER_95CI,True,NONE,OK
winner_reference::0c6d529a116bf56edfb43fcb,external_final_answer::cell::ff0f5b72b2e0169b78b106ca,external_final_answer,processbench_qwen3_response_v1,cell,processbench_math_qwen3_4b,cell,processbench_math_qwen3_4b,processbench,qwen3_4b,math,"[""processbench_math_qwen3_4b""]",1,single_cell,aurc_x1000,False,"[""equal_feature_mean""]",equal_feature_mean,ca_specrage_atomic,321.86276866741997,323.40163996684225,1.5388712994222828,-8.779306995686536,12.292324750993913,-1.5388712994222828,-12.29232475099392,8.779306995686534,0.61345,source_group,20000,20000,NOT_SEPARATED_FROM_POINT_WINNER_95CI,True,NONE,OK
winner_reference::0c6d529a116bf56edfb43fcb,external_final_answer::cell::ff0f5b72b2e0169b78b106ca,external_final_answer,processbench_qwen3_response_v1,cell,processbench_math_qwen3_4b,cell,processbench_math_qwen3_4b,processbench,qwen3_4b,math,"[""processbench_math_qwen3_4b""]",1,single_cell,aurc_x1000,False,"[""equal_feature_mean""]",equal_feature_mean,continuous_lsml,321.86276866741997,333.5302465797781,11.667477912358152,2.667931206788235,20.88744770284908,-11.667477912358152,-20.887447702849094,-2.6679312067882353,0.99415,source_group,20000,20000,SEPARATED_FROM_POINT_WINNER_95CI,False,NONE,OK
winner_reference::0c6d529a116bf56edfb43fcb,external_final_answer::cell::ff0f5b72b2e0169b78b106ca,external_final_answer,processbench_qwen3_response_v1,cell,processbench_math_qwen3_4b,cell,processbench_math_qwen3_4b,processbench,qwen3_4b,math,"[""processbench_math_qwen3_4b""]",1,single_cell,aurc_x1000,False,"[""equal_feature_mean""]",equal_feature_mean,deem_b3,321.86276866741997,321.9220002591047,0.059231591684749674,-9.509593455942099,10.215745005575263,-0.059231591684749674,-10.215745005575263,9.509593455942097,0.50265,source_group,20000,20000,NOT_SEPARATED_FROM_POINT_WINNER_95CI,True,NONE,OK
winner_reference::0c6d529a116bf56edfb43fcb,external_final_answer::cell::ff0f5b72b2e0169b78b106ca,external_final_answer,processbench_qwen3_response_v1,cell,processbench_math_qwen3_4b,cell,processbench_math_qwen3_4b,processbench,qwen3_4b,math,"[""processbench_math_qwen3_4b""]",1,single_cell,aurc_x1000,False,"[""equal_feature_mean""]",equal_feature_mean,dufs_liu,321.86276866741997,324.6466478910469,2.7838792236269114,-4.783238001545082,10.519160514702678,-2.7838792236269114,-10.519160514702683,4.783238001545082,0.76405,source_group,20000,20000,NOT_SEPARATED_FROM_POINT_WINNER_95CI,True,NONE,OK
winner_reference::0c6d529a116bf56edfb43fcb,external_final_answer::cell::ff0f5b72b2e0169b78b106ca,external_final_answer,processbench_qwen3_response_v1,cell,processbench_math_qwen3_4b,cell,processbench_math_qwen3_4b,processbench,qwen3_4b,math,"[""processbench_math_qwen3_4b""]",1,single_cell,aurc_x1000,False,"[""equal_feature_mean""]",equal_feature_mean,dufs_pf_lsml,321.86276866741997,328.6498100064313,6.787041339011353,-6.086244176333375,20.210325755265234,-6.787041339011353,-20.21032575526525,6.086244176333374,0.8435,source_group,20000,20000,NOT_SEPARATED_FROM_POINT_WINNER_95CI,True,NONE,OK
winner_reference::0c6d529a116bf56edfb43fcb,external_final_answer::cell::ff0f5b72b2e0169b78b106ca,external_final_answer,processbench_qwen3_response_v1,cell,processbench_math_qwen3_4b,cell,processbench_math_qwen3_4b,processbench,qwen3_4b,math,"[""processbench_math_qwen3_4b""]",1,single_cell,aurc_x1000,False,"[""equal_feature_mean""]",equal_feature_mean,dufs_stability_lsml,321.86276866741997,328.6498100064313,6.787041339011353,-6.086244176333375,20.210325755265234,-6.787041339011353,-20.21032575526525,6.086244176333374,0.8435,source_group,20000,20000,NOT_SEPARATED_FROM_POINT_WINNER_95CI,True,NONE,OK
winner_reference::0c6d529a116bf56edfb43fcb,external_final_answer::cell::ff0f5b72b2e0169b78b106ca,external_final_answer,processbench_qwen3_response_v1,cell,processbench_math_qwen3_4b,cell,processbench_math_qwen3_4b,processbench,qwen3_4b,math,"[""processbench_math_qwen3_4b""]",1,single_cell,aurc_x1000,False,"[""equal_feature_mean""]",equal_feature_mean,equal_family_mean,321.86276866741997,322.4030369152743,0.5402682478543284,-9.306151450312077,10.941171465678462,-0.5402682478543284,-10.941171465678481,9.306151450312068,0.53965,source_group,20000,20000,NOT_SEPARATED_FROM_POINT_WINNER_95CI,True,NONE,OK
winner_reference::0c6d529a116bf56edfb43fcb,external_final_answer::cell::ff0f5b72b2e0169b78b106ca,external_final_answer,processbench_qwen3_response_v1,cell,processbench_math_qwen3_4b,cell,processbench_math_qwen3_4b,processbench,qwen3_4b,math,"[""processbench_math_qwen3_4b""]",1,single_cell,aurc_x1000,False,"[""equal_feature_mean""]",equal_feature_mean,equal_feature_mean,321.86276866741997,321.86276866741997,0.0,0.0,0.0,-0.0,-0.0,0.0,1.0,source_group,20000,20000,POINT_WINNER,True,NONE,OK
winner_reference::0c6d529a116bf56edfb43fcb,external_final_answer::cell::ff0f5b72b2e0169b78b106ca,external_final_answer,processbench_qwen3_response_v1,cell,processbench_math_qwen3_4b,cell,processbench_math_qwen3_4b,processbench,qwen3_4b,math,"[""processbench_math_qwen3_4b""]",1,single_cell,aurc_x1000,False,"[""equal_feature_mean""]",equal_feature_mean,family_nrm_a,321.86276866741997,325.6767654334429,3.8139967660229104,-8.124014524477234,16.291703119518747,-3.8139967660229104,-16.291703119518747,8.124014524477232,0.7265,source_group,20000,20000,NOT_SEPARATED_FROM_POINT_WINNER_95CI,True,NONE,OK
winner_reference::0c6d529a116bf56edfb43fcb,external_final_answer::cell::ff0f5b72b2e0169b78b106ca,external_final_answer,processbench_qwen3_response_v1,cell,processbench_math_qwen3_4b,cell,processbench_math_qwen3_4b,processbench,qwen3_4b,math,"[""processbench_math_qwen3_4b""]",1,single_cell,aurc_x1000,False,"[""equal_feature_mean""]",equal_feature_mean,iu_pcr,321.86276866741997,325.6573879041218,3.7946192367018057,-3.7827563877305037,11.58918999817685,-3.7946192367018057,-11.58918999817687,3.7827563877304975,0.8363,source_group,20000,20000,NOT_SEPARATED_FROM_POINT_WINNER_95CI,True,NONE,OK
winner_reference::0c6d529a116bf56edfb43fcb,external_final_answer::cell::ff0f5b72b2e0169b78b106ca,external_final_answer,processbench_qwen3_response_v1,cell,processbench_math_qwen3_4b,cell,processbench_math_qwen3_4b,processbench,qwen3_4b,math,"[""processbench_math_qwen3_4b""]",1,single_cell,aurc_x1000,False,"[""equal_feature_mean""]",equal_feature_mean,pgrd_a,321.86276866741997,334.0065888138365,12.143820146416545,3.560244789958486,21.01384309408856,-12.143820146416545,-21.013843094088564,-3.5602447899584986,0.9976,source_group,20000,20000,SEPARATED_FROM_POINT_WINNER_95CI,False,NONE,OK
winner_reference::0c6d529a116bf56edfb43fcb,external_final_answer::cell::ff0f5b72b2e0169b78b106ca,external_final_answer,processbench_qwen3_response_v1,cell,processbench_math_qwen3_4b,cell,processbench_math_qwen3_4b,processbench,qwen3_4b,math,"[""processbench_math_qwen3_4b""]",1,single_cell,aurc_x1000,False,"[""equal_feature_mean""]",equal_feature_mean,su_pcr,321.86276866741997,324.4007580853915,2.5379894179715166,-5.052123452292451,10.334366989963602,-2.5379894179715166,-10.334366989963616,5.0521234522924425,0.74245,source_group,20000,20000,NOT_SEPARATED_FROM_POINT_WINNER_95CI,True,NONE,OK
winner_reference::0c6d529a116bf56edfb43fcb,external_final_answer::cell::ff0f5b72b2e0169b78b106ca,external_final_answer,processbench_qwen3_response_v1,cell,processbench_math_qwen3_4b,cell,processbench_math_qwen3_4b,processbench,qwen3_4b,math,"[""processbench_math_qwen3_4b""]",1,single_cell,aurc_x1000,False,"[""equal_feature_mean""]",equal_feature_mean,upcr,321.86276866741997,326.82452725233264,4.961758584912673,-2.9464960751882954,13.16650255274297,-4.961758584912673,-13.166502552742973,2.9464960751882887,0.88785,source_group,20000,20000,NOT_SEPARATED_FROM_POINT_WINNER_95CI,True,NONE,OK
winner_reference::b293cfee73ccd9aec761a79d,external_final_answer::cell::0dabfe2b8011225b2dc2b34d,external_final_answer,processbench_qwen3_response_v1,cell,processbench_math_qwen3_4b,cell,processbench_math_qwen3_4b,processbench,qwen3_4b,math,"[""processbench_math_qwen3_4b""]",1,single_cell,auroc,True,"[""deem_b3""]",deem_b3,ca_specrage_atomic,0.727,0.7219360000000001,-0.005063999999999846,-0.015997309637243055,0.0059395113980666315,-0.005063999999999846,-0.015997309637243055,0.0059395113980666315,0.8162,source_group,20000,20000,NOT_SEPARATED_FROM_POINT_WINNER_95CI,True,NONE,OK
winner_reference::b293cfee73ccd9aec761a79d,external_final_answer::cell::0dabfe2b8011225b2dc2b34d,external_final_answer,processbench_qwen3_response_v1,cell,processbench_math_qwen3_4b,cell,processbench_math_qwen3_4b,processbench,qwen3_4b,math,"[""processbench_math_qwen3_4b""]",1,single_cell,auroc,True,"[""deem_b3""]",deem_b3,continuous_lsml,0.727,0.7099599999999999,-0.017040000000000055,-0.030272653298193564,-0.0037567046210087328,-0.017040000000000055,-0.030272653298193564,-0.0037567046210087328,0.9943,source_group,20000,20000,SEPARATED_FROM_POINT_WINNER_95CI,False,NONE,OK
winner_reference::b293cfee73ccd9aec761a79d,external_final_answer::cell::0dabfe2b8011225b2dc2b34d,external_final_answer,processbench_qwen3_response_v1,cell,processbench_math_qwen3_4b,cell,processbench_math_qwen3_4b,processbench,qwen3_4b,math,"[""processbench_math_qwen3_4b""]",1,single_cell,auroc,True,"[""deem_b3""]",deem_b3,deem_b3,0.727,0.727,0.0,0.0,0.0,0.0,0.0,0.0,1.0,source_group,20000,20000,POINT_WINNER,True,NONE,OK
winner_reference::b293cfee73ccd9aec761a79d,external_final_answer::cell::0dabfe2b8011225b2dc2b34d,external_final_answer,processbench_qwen3_response_v1,cell,processbench_math_qwen3_4b,cell,processbench_math_qwen3_4b,processbench,qwen3_4b,math,"[""processbench_math_qwen3_4b""]",1,single_cell,auroc,True,"[""deem_b3""]",deem_b3,dufs_liu,0.727,0.7201119999999999,-0.006888000000000116,-0.016419410497876406,0.0025483647918277913,-0.006888000000000116,-0.016419410497876406,0.0025483647918277913,0.92215,source_group,20000,20000,NOT_SEPARATED_FROM_POINT_WINNER_95CI,True,NONE,OK
winner_reference::b293cfee73ccd9aec761a79d,external_final_answer::cell::0dabfe2b8011225b2dc2b34d,external_final_answer,processbench_qwen3_response_v1,cell,processbench_math_qwen3_4b,cell,processbench_math_qwen3_4b,processbench,qwen3_4b,math,"[""processbench_math_qwen3_4b""]",1,single_cell,auroc,True,"[""deem_b3""]",deem_b3,dufs_pf_lsml,0.727,0.7177399999999999,-0.009260000000000046,-0.02199179738285946,0.00360222436842804,-0.009260000000000046,-0.02199179738285946,0.00360222436842804,0.9239,source_group,20000,20000,NOT_SEPARATED_FROM_POINT_WINNER_95CI,True,NONE,OK
winner_reference::b293cfee73ccd9aec761a79d,external_final_answer::cell::0dabfe2b8011225b2dc2b34d,external_final_answer,processbench_qwen3_response_v1,cell,processbench_math_qwen3_4b,cell,processbench_math_qwen3_4b,processbench,qwen3_4b,math,"[""processbench_math_qwen3_4b""]",1,single_cell,auroc,True,"[""deem_b3""]",deem_b3,dufs_stability_lsml,0.727,0.7177399999999999,-0.009260000000000046,-0.02199179738285946,0.00360222436842804,-0.009260000000000046,-0.02199179738285946,0.00360222436842804,0.9239,source_group,20000,20000,NOT_SEPARATED_FROM_POINT_WINNER_95CI,True,NONE,OK
winner_reference::b293cfee73ccd9aec761a79d,external_final_answer::cell::0dabfe2b8011225b2dc2b34d,external_final_answer,processbench_qwen3_response_v1,cell,processbench_math_qwen3_4b,cell,processbench_math_qwen3_4b,processbench,qwen3_4b,math,"[""processbench_math_qwen3_4b""]",1,single_cell,auroc,True,"[""deem_b3""]",deem_b3,equal_family_mean,0.727,0.7268,-0.00019999999999997797,-0.0010046847943856545,0.0005961942998062935,-0.00019999999999997797,-0.0010046847943856545,0.0005961942998062935,0.68935,source_group,20000,20000,NOT_SEPARATED_FROM_POINT_WINNER_95CI,True,NONE,OK
winner_reference::b293cfee73ccd9aec761a79d,external_final_answer::cell::0dabfe2b8011225b2dc2b34d,external_final_answer,processbench_qwen3_response_v1,cell,processbench_math_qwen3_4b,cell,processbench_math_qwen3_4b,processbench,qwen3_4b,math,"[""processbench_math_qwen3_4b""]",1,single_cell,auroc,True,"[""deem_b3""]",deem_b3,equal_feature_mean,0.727,0.7234879999999999,-0.0035120000000000706,-0.014184303350269264,0.007399972904790744,-0.0035120000000000706,-0.014184303350269264,0.007399972904790744,0.73315,source_group,20000,20000,NOT_SEPARATED_FROM_POINT_WINNER_95CI,True,NONE,OK
winner_reference::b293cfee73ccd9aec761a79d,external_final_answer::cell::0dabfe2b8011225b2dc2b34d,external_final_answer,processbench_qwen3_response_v1,cell,processbench_math_qwen3_4b,cell,processbench_math_qwen3_4b,processbench,qwen3_4b,math,"[""processbench_math_qwen3_4b""]",1,single_cell,auroc,True,"[""deem_b3""]",deem_b3,family_nrm_a,0.727,0.7257399999999999,-0.0012600000000000389,-0.010097515640945668,0.007427631826710942,-0.0012600000000000389,-0.010097515640945668,0.007427631826710942,0.60885,source_group,20000,20000,NOT_SEPARATED_FROM_POINT_WINNER_95CI,True,NONE,OK
winner_reference::b293cfee73ccd9aec761a79d,external_final_answer::cell::0dabfe2b8011225b2dc2b34d,external_final_answer,processbench_qwen3_response_v1,cell,processbench_math_qwen3_4b,cell,processbench_math_qwen3_4b,processbench,qwen3_4b,math,"[""processbench_math_qwen3_4b""]",1,single_cell,auroc,True,"[""deem_b3""]",deem_b3,iu_pcr,0.727,0.7189880000000001,-0.008011999999999908,-0.017901847214949543,0.0017808619371775275,-0.008011999999999908,-0.017901847214949543,0.0017808619371775275,0.94535,source_group,20000,20000,NOT_SEPARATED_FROM_POINT_WINNER_95CI,True,NONE,OK
winner_reference::b293cfee73ccd9aec761a79d,external_final_answer::cell::0dabfe2b8011225b2dc2b34d,external_final_answer,processbench_qwen3_response_v1,cell,processbench_math_qwen3_4b,cell,processbench_math_qwen3_4b,processbench,qwen3_4b,math,"[""processbench_math_qwen3_4b""]",1,single_cell,auroc,True,"[""deem_b3""]",deem_b3,pgrd_a,0.727,0.707936,-0.01906399999999997,-0.032821637526539243,-0.005404585271608625,-0.01906399999999997,-0.032821637526539243,-0.005404585271608625,0.99665,source_group,20000,20000,SEPARATED_FROM_POINT_WINNER_95CI,False,NONE,OK
winner_reference::b293cfee73ccd9aec761a79d,external_final_answer::cell::0dabfe2b8011225b2dc2b34d,external_final_answer,processbench_qwen3_response_v1,cell,processbench_math_qwen3_4b,cell,processbench_math_qwen3_4b,processbench,qwen3_4b,math,"[""processbench_math_qwen3_4b""]",1,single_cell,auroc,True,"[""deem_b3""]",deem_b3,su_pcr,0.727,0.7204280000000001,-0.006571999999999911,-0.016008126154065876,0.002824047766397455,-0.006571999999999911,-0.016008126154065876,0.002824047766397455,0.9126,source_group,20000,20000,NOT_SEPARATED_FROM_POINT_WINNER_95CI,True,NONE,OK
winner_reference::b293cfee73ccd9aec761a79d,external_final_answer::cell::0dabfe2b8011225b2dc2b34d,external_final_answer,processbench_qwen3_response_v1,cell,processbench_math_qwen3_4b,cell,processbench_math_qwen3_4b,processbench,qwen3_4b,math,"[""processbench_math_qwen3_4b""]",1,single_cell,auroc,True,"[""deem_b3""]",deem_b3,upcr,0.727,0.7186040000000001,-0.008395999999999848,-0.018324021835713807,0.0013772080903026347,-0.008395999999999848,-0.018324021835713807,0.0013772080903026347,0.95405,source_group,20000,20000,NOT_SEPARATED_FROM_POINT_WINNER_95CI,True,NONE,OK
winner_reference::9050dd8b814c669b196080a3,external_final_answer::cell::cc4ef353792d69973a969fcb,external_final_answer,processbench_qwen3_response_v1,cell,processbench_math_qwen3_8b,cell,processbench_math_qwen3_8b,processbench,qwen3_8b,math,"[""processbench_math_qwen3_8b""]",1,single_cell,auprc,True,"[""deem_b3""]",deem_b3,ca_specrage_atomic,0.7044835202080633,0.6980611820327987,-0.006422338175264608,-0.017711374711874096,0.005292071777656591,-0.006422338175264608,-0.017711374711874096,0.005292071777656591,0.8613,source_group,20000,20000,NOT_SEPARATED_FROM_POINT_WINNER_95CI,True,NONE,OK
winner_reference::9050dd8b814c669b196080a3,external_final_answer::cell::cc4ef353792d69973a969fcb,external_final_answer,processbench_qwen3_response_v1,cell,processbench_math_qwen3_8b,cell,processbench_math_qwen3_8b,processbench,qwen3_8b,math,"[""processbench_math_qwen3_8b""]",1,single_cell,auprc,True,"[""deem_b3""]",deem_b3,continuous_lsml,0.7044835202080633,0.6860173207188403,-0.018466199489223012,-0.035495374606605616,-0.0006638869883601739,-0.018466199489223012,-0.035495374606605616,-0.0006638869883601739,0.9788,source_group,20000,20000,SEPARATED_FROM_POINT_WINNER_95CI,False,NONE,OK
winner_reference::9050dd8b814c669b196080a3,external_final_answer::cell::cc4ef353792d69973a969fcb,external_final_answer,processbench_qwen3_response_v1,cell,processbench_math_qwen3_8b,cell,processbench_math_qwen3_8b,processbench,qwen3_8b,math,"[""processbench_math_qwen3_8b""]",1,single_cell,auprc,True,"[""deem_b3""]",deem_b3,deem_b3,0.7044835202080633,0.7044835202080633,0.0,0.0,0.0,0.0,0.0,0.0,1.0,source_group,20000,20000,POINT_WINNER,True,NONE,OK
winner_reference::9050dd8b814c669b196080a3,external_final_answer::cell::cc4ef353792d69973a969fcb,external_final_answer,processbench_qwen3_response_v1,cell,processbench_math_qwen3_8b,cell,processbench_math_qwen3_8b,processbench,qwen3_8b,math,"[""processbench_math_qwen3_8b""]",1,single_cell,auprc,True,"[""deem_b3""]",deem_b3,dufs_liu,0.7044835202080633,0.7006085427713111,-0.003874977436752136,-0.014311559989709685,0.00684767238431506,-0.003874977436752136,-0.014311559989709685,0.00684767238431506,0.76245,source_group,20000,20000,NOT_SEPARATED_FROM_POINT_WINNER_95CI,True,NONE,OK
winner_reference::9050dd8b814c669b196080a3,external_final_answer::cell::cc4ef353792d69973a969fcb,external_final_answer,processbench_qwen3_response_v1,cell,processbench_math_qwen3_8b,cell,processbench_math_qwen3_8b,processbench,qwen3_8b,math,"[""processbench_math_qwen3_8b""]",1,single_cell,auprc,True,"[""deem_b3""]",deem_b3,dufs_pf_lsml,0.7044835202080633,0.6747897504523928,-0.029693769755670507,-0.049864681141818835,-0.00971380834640526,-0.029693769755670507,-0.049864681141818835,-0.00971380834640526,0.9983,source_group,20000,20000,SEPARATED_FROM_POINT_WINNER_95CI,False,NONE,OK
winner_reference::9050dd8b814c669b196080a3,external_final_answer::cell::cc4ef353792d69973a969fcb,external_final_answer,processbench_qwen3_response_v1,cell,processbench_math_qwen3_8b,cell,processbench_math_qwen3_8b,processbench,qwen3_8b,math,"[""processbench_math_qwen3_8b""]",1,single_cell,auprc,True,"[""deem_b3""]",deem_b3,dufs_stability_lsml,0.7044835202080633,0.6938750244190394,-0.010608495789023897,-0.024760483413436354,0.0036789112816403456,-0.010608495789023897,-0.024760483413436354,0.0036789112816403456,0.9292,source_group,20000,20000,NOT_SEPARATED_FROM_POINT_WINNER_95CI,True,NONE,OK
winner_reference::9050dd8b814c669b196080a3,external_final_answer::cell::cc4ef353792d69973a969fcb,external_final_answer,processbench_qwen3_response_v1,cell,processbench_math_qwen3_8b,cell,processbench_math_qwen3_8b,processbench,qwen3_8b,math,"[""processbench_math_qwen3_8b""]",1,single_cell,auprc,True,"[""deem_b3""]",deem_b3,equal_family_mean,0.7044835202080633,0.7042089378730849,-0.00027458233497834605,-0.001082448542513903,0.000602017968302356,-0.00027458233497834605,-0.001082448542513903,0.000602017968302356,0.74865,source_group,20000,20000,NOT_SEPARATED_FROM_POINT_WINNER_95CI,True,NONE,OK
winner_reference::9050dd8b814c669b196080a3,external_final_answer::cell::cc4ef353792d69973a969fcb,external_final_answer,processbench_qwen3_response_v1,cell,processbench_math_qwen3_8b,cell,processbench_math_qwen3_8b,processbench,qwen3_8b,math,"[""processbench_math_qwen3_8b""]",1,single_cell,auprc,True,"[""deem_b3""]",deem_b3,equal_feature_mean,0.7044835202080633,0.7008965335545215,-0.003586986653541735,-0.01380454406846555,0.006660701022141822,-0.003586986653541735,-0.01380454406846555,0.006660701022141822,0.75355,source_group,20000,20000,NOT_SEPARATED_FROM_POINT_WINNER_95CI,True,NONE,OK
winner_reference::9050dd8b814c669b196080a3,external_final_answer::cell::cc4ef353792d69973a969fcb,external_final_answer,processbench_qwen3_response_v1,cell,processbench_math_qwen3_8b,cell,processbench_math_qwen3_8b,processbench,qwen3_8b,math,"[""processbench_math_qwen3_8b""]",1,single_cell,auprc,True,"[""deem_b3""]",deem_b3,family_nrm_a,0.7044835202080633,0.7032677638049345,-0.0012157564031287649,-0.0089982115657471,0.00713159797461512,-0.0012157564031287649,-0.0089982115657471,0.00713159797461512,0.62345,source_group,20000,20000,NOT_SEPARATED_FROM_POINT_WINNER_95CI,True,NONE,OK
winner_reference::9050dd8b814c669b196080a3,external_final_answer::cell::cc4ef353792d69973a969fcb,external_final_answer,processbench_qwen3_response_v1,cell,processbench_math_qwen3_8b,cell,processbench_math_qwen3_8b,processbench,qwen3_8b,math,"[""processbench_math_qwen3_8b""]",1,single_cell,auprc,True,"[""deem_b3""]",deem_b3,iu_pcr,0.7044835202080633,0.7004075023425129,-0.004076017865550341,-0.014571678048996353,0.006900714293972864,-0.004076017865550341,-0.014571678048996353,0.006900714293972864,0.7691,source_group,20000,20000,NOT_SEPARATED_FROM_POINT_WINNER_95CI,True,NONE,OK
winner_reference::9050dd8b814c669b196080a3,external_final_answer::cell::cc4ef353792d69973a969fcb,external_final_answer,processbench_qwen3_response_v1,cell,processbench_math_qwen3_8b,cell,processbench_math_qwen3_8b,processbench,qwen3_8b,math,"[""processbench_math_qwen3_8b""]",1,single_cell,auprc,True,"[""deem_b3""]",deem_b3,pgrd_a,0.7044835202080633,0.6927667259962255,-0.0117167942118378,-0.025579579014530653,0.00265037752031567,-0.0117167942118378,-0.025579579014530653,0.00265037752031567,0.94715,source_group,20000,20000,NOT_SEPARATED_FROM_POINT_WINNER_95CI,True,NONE,OK
winner_reference::9050dd8b814c669b196080a3,external_final_answer::cell::cc4ef353792d69973a969fcb,external_final_answer,processbench_qwen3_response_v1,cell,processbench_math_qwen3_8b,cell,processbench_math_qwen3_8b,processbench,qwen3_8b,math,"[""processbench_math_qwen3_8b""]",1,single_cell,auprc,True,"[""deem_b3""]",deem_b3,su_pcr,0.7044835202080633,0.7006098620800075,-0.0038736581280557347,-0.014300363898978896,0.006830171785052507,-0.0038736581280557347,-0.014300363898978896,0.006830171785052507,0.76285,source_group,20000,20000,NOT_SEPARATED_FROM_POINT_WINNER_95CI,True,NONE,OK
winner_reference::9050dd8b814c669b196080a3,external_final_answer::cell::cc4ef353792d69973a969fcb,external_final_answer,processbench_qwen3_response_v1,cell,processbench_math_qwen3_8b,cell,processbench_math_qwen3_8b,processbench,qwen3_8b,math,"[""processbench_math_qwen3_8b""]",1,single_cell,auprc,True,"[""deem_b3""]",deem_b3,upcr,0.7044835202080633,0.6958909338892829,-0.008592586318780349,-0.020644434386272524,0.003822810058920773,-0.008592586318780349,-0.020644434386272524,0.003822810058920773,0.91395,source_group,20000,20000,NOT_SEPARATED_FROM_POINT_WINNER_95CI,True,NONE,OK
winner_reference::35e379d28ba7166b6a36f308,external_final_answer::cell::e08fa40263b1fb2f505f9ae3,external_final_answer,processbench_qwen3_response_v1,cell,processbench_math_qwen3_8b,cell,processbench_math_qwen3_8b,processbench,qwen3_8b,math,"[""processbench_math_qwen3_8b""]",1,single_cell,aurc_x1000,False,"[""ca_specrage_atomic""]",ca_specrage_atomic,ca_specrage_atomic,329.7223097750076,329.7223097750076,0.0,0.0,0.0,-0.0,-0.0,0.0,1.0,source_group,20000,20000,POINT_WINNER,True,NONE,OK
winner_reference::35e379d28ba7166b6a36f308,external_final_answer::cell::e08fa40263b1fb2f505f9ae3,external_final_answer,processbench_qwen3_response_v1,cell,processbench_math_qwen3_8b,cell,processbench_math_qwen3_8b,processbench,qwen3_8b,math,"[""processbench_math_qwen3_8b""]",1,single_cell,aurc_x1000,False,"[""ca_specrage_atomic""]",ca_specrage_atomic,continuous_lsml,329.7223097750076,352.83190225637156,23.10959248136396,8.858990599797421,37.776077651171605,-23.10959248136396,-37.77607765117161,-8.858990599797423,0.99925,source_group,20000,20000,SEPARATED_FROM_POINT_WINNER_95CI,False,NONE,OK
winner_reference::35e379d28ba7166b6a36f308,external_final_answer::cell::e08fa40263b1fb2f505f9ae3,external_final_answer,processbench_qwen3_response_v1,cell,processbench_math_qwen3_8b,cell,processbench_math_qwen3_8b,processbench,qwen3_8b,math,"[""processbench_math_qwen3_8b""]",1,single_cell,aurc_x1000,False,"[""ca_specrage_atomic""]",ca_specrage_atomic,deem_b3,329.7223097750076,331.6215687457804,1.8992589707727916,-7.793446673951912,11.891654468737027,-1.8992589707727916,-11.891654468737043,7.793446673951911,0.64905,source_group,20000,20000,NOT_SEPARATED_FROM_POINT_WINNER_95CI,True,NONE,OK
winner_reference::35e379d28ba7166b6a36f308,external_final_answer::cell::e08fa40263b1fb2f505f9ae3,external_final_answer,processbench_qwen3_response_v1,cell,processbench_math_qwen3_8b,cell,processbench_math_qwen3_8b,processbench,qwen3_8b,math,"[""processbench_math_qwen3_8b""]",1,single_cell,aurc_x1000,False,"[""ca_specrage_atomic""]",ca_specrage_atomic,dufs_liu,329.7223097750076,333.09492748592623,3.3726177109186324,-2.198280647591318,9.227788457771995,-3.3726177109186324,-9.22778845777201,2.1982806475913086,0.87945,source_group,20000,20000,NOT_SEPARATED_FROM_POINT_WINNER_95CI,True,NONE,OK
winner_reference::35e379d28ba7166b6a36f308,external_final_answer::cell::e08fa40263b1fb2f505f9ae3,external_final_answer,processbench_qwen3_response_v1,cell,processbench_math_qwen3_8b,cell,processbench_math_qwen3_8b,processbench,qwen3_8b,math,"[""processbench_math_qwen3_8b""]",1,single_cell,aurc_x1000,False,"[""ca_specrage_atomic""]",ca_specrage_atomic,dufs_pf_lsml,329.7223097750076,350.7526342227949,21.03032444778728,5.761908681618071,36.304904194980985,-21.03032444778728,-36.30490419498099,-5.761908681618083,0.9965,source_group,20000,20000,SEPARATED_FROM_POINT_WINNER_95CI,False,NONE,OK
winner_reference::35e379d28ba7166b6a36f308,external_final_answer::cell::e08fa40263b1fb2f505f9ae3,external_final_answer,processbench_qwen3_response_v1,cell,processbench_math_qwen3_8b,cell,processbench_math_qwen3_8b,processbench,qwen3_8b,math,"[""processbench_math_qwen3_8b""]",1,single_cell,aurc_x1000,False,"[""ca_specrage_atomic""]",ca_specrage_atomic,dufs_stability_lsml,329.7223097750076,332.0568969595501,2.3345871845424995,-4.550202653994804,9.133512367227835,-2.3345871845424995,-9.13351236722784,4.550202653994798,0.7484,source_group,20000,20000,NOT_SEPARATED_FROM_POINT_WINNER_95CI,True,NONE,OK
winner_reference::35e379d28ba7166b6a36f308,external_final_answer::cell::e08fa40263b1fb2f505f9ae3,external_final_answer,processbench_qwen3_response_v1,cell,processbench_math_qwen3_8b,cell,processbench_math_qwen3_8b,processbench,qwen3_8b,math,"[""processbench_math_qwen3_8b""]",1,single_cell,aurc_x1000,False,"[""ca_specrage_atomic""]",ca_specrage_atomic,equal_family_mean,329.7223097750076,332.18463640443645,2.462326629428844,-7.660532498359565,12.957632316397786,-2.462326629428844,-12.957632316397788,7.660532498359564,0.68185,source_group,20000,20000,NOT_SEPARATED_FROM_POINT_WINNER_95CI,True,NONE,OK
winner_reference::35e379d28ba7166b6a36f308,external_final_answer::cell::e08fa40263b1fb2f505f9ae3,external_final_answer,processbench_qwen3_response_v1,cell,processbench_math_qwen3_8b,cell,processbench_math_qwen3_8b,processbench,qwen3_8b,math,"[""processbench_math_qwen3_8b""]",1,single_cell,aurc_x1000,False,"[""ca_specrage_atomic""]",ca_specrage_atomic,equal_feature_mean,329.7223097750076,331.4361253277263,1.7138155527186996,-7.286784023783973,10.915738292547152,-1.7138155527186996,-10.915738292547156,7.28678402378397,0.65005,source_group,20000,20000,NOT_SEPARATED_FROM_POINT_WINNER_95CI,True,NONE,OK
winner_reference::35e379d28ba7166b6a36f308,external_final_answer::cell::e08fa40263b1fb2f505f9ae3,external_final_answer,processbench_qwen3_response_v1,cell,processbench_math_qwen3_8b,cell,processbench_math_qwen3_8b,processbench,qwen3_8b,math,"[""processbench_math_qwen3_8b""]",1,single_cell,aurc_x1000,False,"[""ca_specrage_atomic""]",ca_specrage_atomic,family_nrm_a,329.7223097750076,338.36694902075646,8.644639245748863,-0.6900752602217352,18.254376411092455,-8.644639245748863,-18.25437641109246,0.6900752602217324,0.96565,source_group,20000,20000,NOT_SEPARATED_FROM_POINT_WINNER_95CI,True,NONE,OK
winner_reference::35e379d28ba7166b6a36f308,external_final_answer::cell::e08fa40263b1fb2f505f9ae3,external_final_answer,processbench_qwen3_response_v1,cell,processbench_math_qwen3_8b,cell,processbench_math_qwen3_8b,processbench,qwen3_8b,math,"[""processbench_math_qwen3_8b""]",1,single_cell,aurc_x1000,False,"[""ca_specrage_atomic""]",ca_specrage_atomic,iu_pcr,329.7223097750076,334.17247391252954,4.450164137521938,-1.901348679875474,11.120390028610997,-4.450164137521938,-11.120390028610998,1.901348679875458,0.91245,source_group,20000,20000,NOT_SEPARATED_FROM_POINT_WINNER_95CI,True,NONE,OK
winner_reference::35e379d28ba7166b6a36f308,external_final_answer::cell::e08fa40263b1fb2f505f9ae3,external_final_answer,processbench_qwen3_response_v1,cell,processbench_math_qwen3_8b,cell,processbench_math_qwen3_8b,processbench,qwen3_8b,math,"[""processbench_math_qwen3_8b""]",1,single_cell,aurc_x1000,False,"[""ca_specrage_atomic""]",ca_specrage_atomic,pgrd_a,329.7223097750076,335.35337821919944,5.63106844419184,-3.81090207846551,15.30282925869196,-5.63106844419184,-15.302829258691961,3.810902078465506,0.8793,source_group,20000,20000,NOT_SEPARATED_FROM_POINT_WINNER_95CI,True,NONE,OK
winner_reference::35e379d28ba7166b6a36f308,external_final_answer::cell::e08fa40263b1fb2f505f9ae3,external_final_answer,processbench_qwen3_response_v1,cell,processbench_math_qwen3_8b,cell,processbench_math_qwen3_8b,processbench,qwen3_8b,math,"[""processbench_math_qwen3_8b""]",1,single_cell,aurc_x1000,False,"[""ca_specrage_atomic""]",ca_specrage_atomic,su_pcr,329.7223097750076,332.7526679365184,3.030358161510776,-2.271832608775237,8.61066267631277,-3.030358161510776,-8.610662676312774,2.2718326087752327,0.86515,source_group,20000,20000,NOT_SEPARATED_FROM_POINT_WINNER_95CI,True,NONE,OK
winner_reference::35e379d28ba7166b6a36f308,external_final_answer::cell::e08fa40263b1fb2f505f9ae3,external_final_answer,processbench_qwen3_response_v1,cell,processbench_math_qwen3_8b,cell,processbench_math_qwen3_8b,processbench,qwen3_8b,math,"[""processbench_math_qwen3_8b""]",1,single_cell,aurc_x1000,False,"[""ca_specrage_atomic""]",ca_specrage_atomic,upcr,329.7223097750076,334.3056249153003,4.5833151402927115,1.5240772763677128,7.824097567095034,-4.5833151402927115,-7.824097567095035,-1.524077276367718,0.99805,source_group,20000,20000,SEPARATED_FROM_POINT_WINNER_95CI,False,NONE,OK
winner_reference::33c708d03a804eb1ee9b7894,external_final_answer::cell::d1ac4a8b72b30636662522ae,external_final_answer,processbench_qwen3_response_v1,cell,processbench_math_qwen3_8b,cell,processbench_math_qwen3_8b,processbench,qwen3_8b,math,"[""processbench_math_qwen3_8b""]",1,single_cell,auroc,True,"[""deem_b3""]",deem_b3,ca_specrage_atomic,0.723448,0.718972,-0.0044759999999999245,-0.016359230364532858,0.00768521666755941,-0.0044759999999999245,-0.016359230364532858,0.00768521666755941,0.7691,source_group,20000,20000,NOT_SEPARATED_FROM_POINT_WINNER_95CI,True,NONE,OK
winner_reference::33c708d03a804eb1ee9b7894,external_final_answer::cell::d1ac4a8b72b30636662522ae,external_final_answer,processbench_qwen3_response_v1,cell,processbench_math_qwen3_8b,cell,processbench_math_qwen3_8b,processbench,qwen3_8b,math,"[""processbench_math_qwen3_8b""]",1,single_cell,auroc,True,"[""deem_b3""]",deem_b3,continuous_lsml,0.723448,0.6938519999999999,-0.029596000000000067,-0.04680487206629377,-0.012638282097916962,-0.029596000000000067,-0.04680487206629377,-0.012638282097916962,0.99965,source_group,20000,20000,SEPARATED_FROM_POINT_WINNER_95CI,False,NONE,OK
winner_reference::33c708d03a804eb1ee9b7894,external_final_answer::cell::d1ac4a8b72b30636662522ae,external_final_answer,processbench_qwen3_response_v1,cell,processbench_math_qwen3_8b,cell,processbench_math_qwen3_8b,processbench,qwen3_8b,math,"[""processbench_math_qwen3_8b""]",1,single_cell,auroc,True,"[""deem_b3""]",deem_b3,deem_b3,0.723448,0.723448,0.0,0.0,0.0,0.0,0.0,0.0,1.0,source_group,20000,20000,POINT_WINNER,True,NONE,OK
winner_reference::33c708d03a804eb1ee9b7894,external_final_answer::cell::d1ac4a8b72b30636662522ae,external_final_answer,processbench_qwen3_response_v1,cell,processbench_math_qwen3_8b,cell,processbench_math_qwen3_8b,processbench,qwen3_8b,math,"[""processbench_math_qwen3_8b""]",1,single_cell,auroc,True,"[""deem_b3""]",deem_b3,dufs_liu,0.723448,0.7177,-0.005747999999999975,-0.01614469910289557,0.004636324412604038,-0.005747999999999975,-0.01614469910289557,0.004636324412604038,0.86185,source_group,20000,20000,NOT_SEPARATED_FROM_POINT_WINNER_95CI,True,NONE,OK
winner_reference::33c708d03a804eb1ee9b7894,external_final_answer::cell::d1ac4a8b72b30636662522ae,external_final_answer,processbench_qwen3_response_v1,cell,processbench_math_qwen3_8b,cell,processbench_math_qwen3_8b,processbench,qwen3_8b,math,"[""processbench_math_qwen3_8b""]",1,single_cell,auroc,True,"[""deem_b3""]",deem_b3,dufs_pf_lsml,0.723448,0.691024,-0.03242400000000001,-0.055775058589483485,-0.008773215149741534,-0.03242400000000001,-0.055775058589483485,-0.008773215149741534,0.99665,source_group,20000,20000,SEPARATED_FROM_POINT_WINNER_95CI,False,NONE,OK
winner_reference::33c708d03a804eb1ee9b7894,external_final_answer::cell::d1ac4a8b72b30636662522ae,external_final_answer,processbench_qwen3_response_v1,cell,processbench_math_qwen3_8b,cell,processbench_math_qwen3_8b,processbench,qwen3_8b,math,"[""processbench_math_qwen3_8b""]",1,single_cell,auroc,True,"[""deem_b3""]",deem_b3,dufs_stability_lsml,0.723448,0.7158359999999999,-0.007612000000000063,-0.023234859497579197,0.008164547812482922,-0.007612000000000063,-0.023234859497579197,0.008164547812482922,0.82965,source_group,20000,20000,NOT_SEPARATED_FROM_POINT_WINNER_95CI,True,NONE,OK
winner_reference::33c708d03a804eb1ee9b7894,external_final_answer::cell::d1ac4a8b72b30636662522ae,external_final_answer,processbench_qwen3_response_v1,cell,processbench_math_qwen3_8b,cell,processbench_math_qwen3_8b,processbench,qwen3_8b,math,"[""processbench_math_qwen3_8b""]",1,single_cell,auroc,True,"[""deem_b3""]",deem_b3,equal_family_mean,0.723448,0.7229399999999999,-0.000508000000000064,-0.0012400004960079537,0.00021607087138065243,-0.000508000000000064,-0.0012400004960079537,0.00021607087138065243,0.91585,source_group,20000,20000,NOT_SEPARATED_FROM_POINT_WINNER_95CI,True,NONE,OK
winner_reference::33c708d03a804eb1ee9b7894,external_final_answer::cell::d1ac4a8b72b30636662522ae,external_final_answer,processbench_qwen3_response_v1,cell,processbench_math_qwen3_8b,cell,processbench_math_qwen3_8b,processbench,qwen3_8b,math,"[""processbench_math_qwen3_8b""]",1,single_cell,auroc,True,"[""deem_b3""]",deem_b3,equal_feature_mean,0.723448,0.717692,-0.005755999999999983,-0.016490955961009343,0.004749973753760042,-0.005755999999999983,-0.016490955961009343,0.004749973753760042,0.86065,source_group,20000,20000,NOT_SEPARATED_FROM_POINT_WINNER_95CI,True,NONE,OK
winner_reference::33c708d03a804eb1ee9b7894,external_final_answer::cell::d1ac4a8b72b30636662522ae,external_final_answer,processbench_qwen3_response_v1,cell,processbench_math_qwen3_8b,cell,processbench_math_qwen3_8b,processbench,qwen3_8b,math,"[""processbench_math_qwen3_8b""]",1,single_cell,auroc,True,"[""deem_b3""]",deem_b3,family_nrm_a,0.723448,0.7185679999999999,-0.0048800000000001065,-0.012685839066194457,0.002847698626652189,-0.0048800000000001065,-0.012685839066194457,0.002847698626652189,0.8922,source_group,20000,20000,NOT_SEPARATED_FROM_POINT_WINNER_95CI,True,NONE,OK
winner_reference::33c708d03a804eb1ee9b7894,external_final_answer::cell::d1ac4a8b72b30636662522ae,external_final_answer,processbench_qwen3_response_v1,cell,processbench_math_qwen3_8b,cell,processbench_math_qwen3_8b,processbench,qwen3_8b,math,"[""processbench_math_qwen3_8b""]",1,single_cell,auroc,True,"[""deem_b3""]",deem_b3,iu_pcr,0.723448,0.71692,-0.006527999999999978,-0.017109705829646975,0.003948418193558927,-0.006527999999999978,-0.017109705829646975,0.003948418193558927,0.8899,source_group,20000,20000,NOT_SEPARATED_FROM_POINT_WINNER_95CI,True,NONE,OK
winner_reference::33c708d03a804eb1ee9b7894,external_final_answer::cell::d1ac4a8b72b30636662522ae,external_final_answer,processbench_qwen3_response_v1,cell,processbench_math_qwen3_8b,cell,processbench_math_qwen3_8b,processbench,qwen3_8b,math,"[""processbench_math_qwen3_8b""]",1,single_cell,auroc,True,"[""deem_b3""]",deem_b3,pgrd_a,0.723448,0.7076000000000001,-0.015847999999999862,-0.030476834064106038,-0.0013687838111729332,-0.015847999999999862,-0.030476834064106038,-0.0013687838111729332,0.98365,source_group,20000,20000,SEPARATED_FROM_POINT_WINNER_95CI,False,NONE,OK
winner_reference::33c708d03a804eb1ee9b7894,external_final_answer::cell::d1ac4a8b72b30636662522ae,external_final_answer,processbench_qwen3_response_v1,cell,processbench_math_qwen3_8b,cell,processbench_math_qwen3_8b,processbench,qwen3_8b,math,"[""processbench_math_qwen3_8b""]",1,single_cell,auroc,True,"[""deem_b3""]",deem_b3,su_pcr,0.723448,0.717964,-0.005483999999999933,-0.015853147811544004,0.004924319588496853,-0.005483999999999933,-0.015853147811544004,0.004924319588496853,0.84855,source_group,20000,20000,NOT_SEPARATED_FROM_POINT_WINNER_95CI,True,NONE,OK
winner_reference::33c708d03a804eb1ee9b7894,external_final_answer::cell::d1ac4a8b72b30636662522ae,external_final_answer,processbench_qwen3_response_v1,cell,processbench_math_qwen3_8b,cell,processbench_math_qwen3_8b,processbench,qwen3_8b,math,"[""processbench_math_qwen3_8b""]",1,single_cell,auroc,True,"[""deem_b3""]",deem_b3,upcr,0.723448,0.714384,-0.009063999999999961,-0.02148271481061863,0.003392517368462475,-0.009063999999999961,-0.02148271481061863,0.003392517368462475,0.9223,source_group,20000,20000,NOT_SEPARATED_FROM_POINT_WINNER_95CI,True,NONE,OK
winner_reference::86880328fcbe45526ce19139,external_final_answer::cell::ac0c38604504e6b528e43ad0,external_final_answer,processbench_qwen3_response_v1,cell,processbench_olympiadbench_qwen3_4b,cell,processbench_olympiadbench_qwen3_4b,processbench,qwen3_4b,olympiadbench,"[""processbench_olympiadbench_qwen3_4b""]",1,single_cell,auprc,True,"[""equal_feature_mean""]",equal_feature_mean,ca_specrage_atomic,0.6509470003825711,0.6414209243938339,-0.009526075988737226,-0.022038506105463852,0.0042290741371669655,-0.009526075988737226,-0.022038506105463852,0.0042290741371669655,0.9079,source_group,20000,20000,NOT_SEPARATED_FROM_POINT_WINNER_95CI,True,NONE,OK
winner_reference::86880328fcbe45526ce19139,external_final_answer::cell::ac0c38604504e6b528e43ad0,external_final_answer,processbench_qwen3_response_v1,cell,processbench_olympiadbench_qwen3_4b,cell,processbench_olympiadbench_qwen3_4b,processbench,qwen3_4b,olympiadbench,"[""processbench_olympiadbench_qwen3_4b""]",1,single_cell,auprc,True,"[""equal_feature_mean""]",equal_feature_mean,continuous_lsml,0.6509470003825711,0.6399418359510953,-0.011005164431475811,-0.027053759142848893,0.0043320862008542575,-0.011005164431475811,-0.027053759142848893,0.0043320862008542575,0.9247,source_group,20000,20000,NOT_SEPARATED_FROM_POINT_WINNER_95CI,True,NONE,OK
winner_reference::86880328fcbe45526ce19139,external_final_answer::cell::ac0c38604504e6b528e43ad0,external_final_answer,processbench_qwen3_response_v1,cell,processbench_olympiadbench_qwen3_4b,cell,processbench_olympiadbench_qwen3_4b,processbench,qwen3_4b,olympiadbench,"[""processbench_olympiadbench_qwen3_4b""]",1,single_cell,auprc,True,"[""equal_feature_mean""]",equal_feature_mean,deem_b3,0.6509470003825711,0.6502627223573049,-0.0006842780252662717,-0.009678423440531065,0.009391007066879481,-0.0006842780252662717,-0.009678423440531065,0.009391007066879481,0.5135,source_group,20000,20000,NOT_SEPARATED_FROM_POINT_WINNER_95CI,True,NONE,OK
winner_reference::86880328fcbe45526ce19139,external_final_answer::cell::ac0c38604504e6b528e43ad0,external_final_answer,processbench_qwen3_response_v1,cell,processbench_olympiadbench_qwen3_4b,cell,processbench_olympiadbench_qwen3_4b,processbench,qwen3_4b,olympiadbench,"[""processbench_olympiadbench_qwen3_4b""]",1,single_cell,auprc,True,"[""equal_feature_mean""]",equal_feature_mean,dufs_liu,0.6509470003825711,0.6445373765032647,-0.006409623879306436,-0.014058602103698609,0.0023729357646631944,-0.006409623879306436,-0.014058602103698609,0.0023729357646631944,0.91955,source_group,20000,20000,NOT_SEPARATED_FROM_POINT_WINNER_95CI,True,NONE,OK
winner_reference::86880328fcbe45526ce19139,external_final_answer::cell::ac0c38604504e6b528e43ad0,external_final_answer,processbench_qwen3_response_v1,cell,processbench_olympiadbench_qwen3_4b,cell,processbench_olympiadbench_qwen3_4b,processbench,qwen3_4b,olympiadbench,"[""processbench_olympiadbench_qwen3_4b""]",1,single_cell,auprc,True,"[""equal_feature_mean""]",equal_feature_mean,dufs_pf_lsml,0.6509470003825711,0.6322457443756468,-0.018701256006924294,-0.03678686971412896,0.0008587168144473881,-0.018701256006924294,-0.03678686971412896,0.0008587168144473881,0.96935,source_group,20000,20000,NOT_SEPARATED_FROM_POINT_WINNER_95CI,True,NONE,OK
winner_reference::86880328fcbe45526ce19139,external_final_answer::cell::ac0c38604504e6b528e43ad0,external_final_answer,processbench_qwen3_response_v1,cell,processbench_olympiadbench_qwen3_4b,cell,processbench_olympiadbench_qwen3_4b,processbench,qwen3_4b,olympiadbench,"[""processbench_olympiadbench_qwen3_4b""]",1,single_cell,auprc,True,"[""equal_feature_mean""]",equal_feature_mean,dufs_stability_lsml,0.6509470003825711,0.627622388644104,-0.023324611738467116,-0.041987809604741376,-0.0031180696064112066,-0.023324611738467116,-0.041987809604741376,-0.0031180696064112066,0.9891,source_group,20000,20000,SEPARATED_FROM_POINT_WINNER_95CI,False,NONE,OK
winner_reference::86880328fcbe45526ce19139,external_final_answer::cell::ac0c38604504e6b528e43ad0,external_final_answer,processbench_qwen3_response_v1,cell,processbench_olympiadbench_qwen3_4b,cell,processbench_olympiadbench_qwen3_4b,processbench,qwen3_4b,olympiadbench,"[""processbench_olympiadbench_qwen3_4b""]",1,single_cell,auprc,True,"[""equal_feature_mean""]",equal_feature_mean,equal_family_mean,0.6509470003825711,0.6499483562318903,-0.0009986441506808497,-0.01024001389411378,0.009341755368293984,-0.0009986441506808497,-0.01024001389411378,0.009341755368293984,0.5362,source_group,20000,20000,NOT_SEPARATED_FROM_POINT_WINNER_95CI,True,NONE,OK
winner_reference::86880328fcbe45526ce19139,external_final_answer::cell::ac0c38604504e6b528e43ad0,external_final_answer,processbench_qwen3_response_v1,cell,processbench_olympiadbench_qwen3_4b,cell,processbench_olympiadbench_qwen3_4b,processbench,qwen3_4b,olympiadbench,"[""processbench_olympiadbench_qwen3_4b""]",1,single_cell,auprc,True,"[""equal_feature_mean""]",equal_feature_mean,equal_feature_mean,0.6509470003825711,0.6509470003825711,0.0,0.0,0.0,0.0,0.0,0.0,1.0,source_group,20000,20000,POINT_WINNER,True,NONE,OK
winner_reference::86880328fcbe45526ce19139,external_final_answer::cell::ac0c38604504e6b528e43ad0,external_final_answer,processbench_qwen3_response_v1,cell,processbench_olympiadbench_qwen3_4b,cell,processbench_olympiadbench_qwen3_4b,processbench,qwen3_4b,olympiadbench,"[""processbench_olympiadbench_qwen3_4b""]",1,single_cell,auprc,True,"[""equal_feature_mean""]",equal_feature_mean,family_nrm_a,0.6509470003825711,0.6381540806759936,-0.012792919706577588,-0.02267075976235437,-0.00322952791640644,-0.012792919706577588,-0.02267075976235437,-0.00322952791640644,0.9962,source_group,20000,20000,SEPARATED_FROM_POINT_WINNER_95CI,False,NONE,OK
winner_reference::86880328fcbe45526ce19139,external_final_answer::cell::ac0c38604504e6b528e43ad0,external_final_answer,processbench_qwen3_response_v1,cell,processbench_olympiadbench_qwen3_4b,cell,processbench_olympiadbench_qwen3_4b,processbench,qwen3_4b,olympiadbench,"[""processbench_olympiadbench_qwen3_4b""]",1,single_cell,auprc,True,"[""equal_feature_mean""]",equal_feature_mean,iu_pcr,0.6509470003825711,0.6458456639888279,-0.005101336393743217,-0.012177081539389225,0.0020942968946650008,-0.005101336393743217,-0.012177081539389225,0.0020942968946650008,0.9202,source_group,20000,20000,NOT_SEPARATED_FROM_POINT_WINNER_95CI,True,NONE,OK
winner_reference::86880328fcbe45526ce19139,external_final_answer::cell::ac0c38604504e6b528e43ad0,external_final_answer,processbench_qwen3_response_v1,cell,processbench_olympiadbench_qwen3_4b,cell,processbench_olympiadbench_qwen3_4b,processbench,qwen3_4b,olympiadbench,"[""processbench_olympiadbench_qwen3_4b""]",1,single_cell,auprc,True,"[""equal_feature_mean""]",equal_feature_mean,pgrd_a,0.6509470003825711,0.64576985849297,-0.005177141889601167,-0.01574452907083892,0.006637966290367203,-0.005177141889601167,-0.01574452907083892,0.006637966290367203,0.79185,source_group,20000,20000,NOT_SEPARATED_FROM_POINT_WINNER_95CI,True,NONE,OK
winner_reference::86880328fcbe45526ce19139,external_final_answer::cell::ac0c38604504e6b528e43ad0,external_final_answer,processbench_qwen3_response_v1,cell,processbench_olympiadbench_qwen3_4b,cell,processbench_olympiadbench_qwen3_4b,processbench,qwen3_4b,olympiadbench,"[""processbench_olympiadbench_qwen3_4b""]",1,single_cell,auprc,True,"[""equal_feature_mean""]",equal_feature_mean,su_pcr,0.6509470003825711,0.644454729671546,-0.006492270711025094,-0.014355520324877646,0.002548044522192216,-0.006492270711025094,-0.014355520324877646,0.002548044522192216,0.9165,source_group,20000,20000,NOT_SEPARATED_FROM_POINT_WINNER_95CI,True,NONE,OK
winner_reference::86880328fcbe45526ce19139,external_final_answer::cell::ac0c38604504e6b528e43ad0,external_final_answer,processbench_qwen3_response_v1,cell,processbench_olympiadbench_qwen3_4b,cell,processbench_olympiadbench_qwen3_4b,processbench,qwen3_4b,olympiadbench,"[""processbench_olympiadbench_qwen3_4b""]",1,single_cell,auprc,True,"[""equal_feature_mean""]",equal_feature_mean,upcr,0.6509470003825711,0.6369200927579887,-0.014026907624582474,-0.02797050656552871,0.0013754622167249369,-0.014026907624582474,-0.02797050656552871,0.0013754622167249369,0.96255,source_group,20000,20000,NOT_SEPARATED_FROM_POINT_WINNER_95CI,True,NONE,OK
winner_reference::9c68b2d7995f118403f805aa,external_final_answer::cell::fd1f5b8e5cc4310c885076fd,external_final_answer,processbench_qwen3_response_v1,cell,processbench_olympiadbench_qwen3_4b,cell,processbench_olympiadbench_qwen3_4b,processbench,qwen3_4b,olympiadbench,"[""processbench_olympiadbench_qwen3_4b""]",1,single_cell,aurc_x1000,False,"[""pgrd_a""]",pgrd_a,ca_specrage_atomic,352.90622548981605,354.866548247429,1.9603227576129711,-4.161662748580504,8.028205925812362,-1.9603227576129711,-8.028205925812369,4.1616627485805,0.7362,source_group,20000,20000,NOT_SEPARATED_FROM_POINT_WINNER_95CI,True,NONE,OK
winner_reference::9c68b2d7995f118403f805aa,external_final_answer::cell::fd1f5b8e5cc4310c885076fd,external_final_answer,processbench_qwen3_response_v1,cell,processbench_olympiadbench_qwen3_4b,cell,processbench_olympiadbench_qwen3_4b,processbench,qwen3_4b,olympiadbench,"[""processbench_olympiadbench_qwen3_4b""]",1,single_cell,aurc_x1000,False,"[""pgrd_a""]",pgrd_a,continuous_lsml,352.90622548981605,379.5740887566058,26.667863266789766,9.03228318023388,44.51296697848585,-26.667863266789766,-44.512966978485856,-9.032283180233883,0.9983,source_group,20000,20000,SEPARATED_FROM_POINT_WINNER_95CI,False,NONE,OK
winner_reference::9c68b2d7995f118403f805aa,external_final_answer::cell::fd1f5b8e5cc4310c885076fd,external_final_answer,processbench_qwen3_response_v1,cell,processbench_olympiadbench_qwen3_4b,cell,processbench_olympiadbench_qwen3_4b,processbench,qwen3_4b,olympiadbench,"[""processbench_olympiadbench_qwen3_4b""]",1,single_cell,aurc_x1000,False,"[""pgrd_a""]",pgrd_a,deem_b3,352.90622548981605,357.27532851487956,4.3691030250635094,-7.7057349453560935,15.62712528501871,-4.3691030250635094,-15.627125285018716,7.705734945356085,0.74665,source_group,20000,20000,NOT_SEPARATED_FROM_POINT_WINNER_95CI,True,NONE,OK
winner_reference::9c68b2d7995f118403f805aa,external_final_answer::cell::fd1f5b8e5cc4310c885076fd,external_final_answer,processbench_qwen3_response_v1,cell,processbench_olympiadbench_qwen3_4b,cell,processbench_olympiadbench_qwen3_4b,processbench,qwen3_4b,olympiadbench,"[""processbench_olympiadbench_qwen3_4b""]",1,single_cell,aurc_x1000,False,"[""pgrd_a""]",pgrd_a,dufs_liu,352.90622548981605,353.2244292779167,0.31820378810067496,-3.4895759109896116,4.105436334201717,-0.31820378810067496,-4.105436334201727,3.4895759109896076,0.5597,source_group,20000,20000,NOT_SEPARATED_FROM_POINT_WINNER_95CI,True,NONE,OK
winner_reference::9c68b2d7995f118403f805aa,external_final_answer::cell::fd1f5b8e5cc4310c885076fd,external_final_answer,processbench_qwen3_response_v1,cell,processbench_olympiadbench_qwen3_4b,cell,processbench_olympiadbench_qwen3_4b,processbench,qwen3_4b,olympiadbench,"[""processbench_olympiadbench_qwen3_4b""]",1,single_cell,aurc_x1000,False,"[""pgrd_a""]",pgrd_a,dufs_pf_lsml,352.90622548981605,369.23067077627326,16.324445286457205,2.3436195880031647,30.53540971300821,-16.324445286457205,-30.535409713008214,-2.343619588003168,0.989,source_group,20000,20000,SEPARATED_FROM_POINT_WINNER_95CI,False,NONE,OK
winner_reference::9c68b2d7995f118403f805aa,external_final_answer::cell::fd1f5b8e5cc4310c885076fd,external_final_answer,processbench_qwen3_response_v1,cell,processbench_olympiadbench_qwen3_4b,cell,processbench_olympiadbench_qwen3_4b,processbench,qwen3_4b,olympiadbench,"[""processbench_olympiadbench_qwen3_4b""]",1,single_cell,aurc_x1000,False,"[""pgrd_a""]",pgrd_a,dufs_stability_lsml,352.90622548981605,374.2664226404713,21.360197150655267,5.619619777324732,37.35269572203296,-21.360197150655267,-37.35269572203296,-5.619619777324743,0.99625,source_group,20000,20000,SEPARATED_FROM_POINT_WINNER_95CI,False,NONE,OK
winner_reference::9c68b2d7995f118403f805aa,external_final_answer::cell::fd1f5b8e5cc4310c885076fd,external_final_answer,processbench_qwen3_response_v1,cell,processbench_olympiadbench_qwen3_4b,cell,processbench_olympiadbench_qwen3_4b,processbench,qwen3_4b,olympiadbench,"[""processbench_olympiadbench_qwen3_4b""]",1,single_cell,aurc_x1000,False,"[""pgrd_a""]",pgrd_a,equal_family_mean,352.90622548981605,358.30550737166334,5.399281881847287,-7.229159768203355,17.16094498945257,-5.399281881847287,-17.160944989452574,7.2291597682033535,0.7896,source_group,20000,20000,NOT_SEPARATED_FROM_POINT_WINNER_95CI,True,NONE,OK
winner_reference::9c68b2d7995f118403f805aa,external_final_answer::cell::fd1f5b8e5cc4310c885076fd,external_final_answer,processbench_qwen3_response_v1,cell,processbench_olympiadbench_qwen3_4b,cell,processbench_olympiadbench_qwen3_4b,processbench,qwen3_4b,olympiadbench,"[""processbench_olympiadbench_qwen3_4b""]",1,single_cell,aurc_x1000,False,"[""pgrd_a""]",pgrd_a,equal_feature_mean,352.90622548981605,354.28780907229344,1.3815835824773899,-8.669183095450586,11.577097829617792,-1.3815835824773899,-11.577097829617792,8.66918309545054,0.60585,source_group,20000,20000,NOT_SEPARATED_FROM_POINT_WINNER_95CI,True,NONE,OK
winner_reference::9c68b2d7995f118403f805aa,external_final_answer::cell::fd1f5b8e5cc4310c885076fd,external_final_answer,processbench_qwen3_response_v1,cell,processbench_olympiadbench_qwen3_4b,cell,processbench_olympiadbench_qwen3_4b,processbench,qwen3_4b,olympiadbench,"[""processbench_olympiadbench_qwen3_4b""]",1,single_cell,aurc_x1000,False,"[""pgrd_a""]",pgrd_a,family_nrm_a,352.90622548981605,359.08757091978333,6.18134542996728,-1.8473106959967538,14.10359749046736,-6.18134542996728,-14.103597490467369,1.8473106959967538,0.9342,source_group,20000,20000,NOT_SEPARATED_FROM_POINT_WINNER_95CI,True,NONE,OK
winner_reference::9c68b2d7995f118403f805aa,external_final_answer::cell::fd1f5b8e5cc4310c885076fd,external_final_answer,processbench_qwen3_response_v1,cell,processbench_olympiadbench_qwen3_4b,cell,processbench_olympiadbench_qwen3_4b,processbench,qwen3_4b,olympiadbench,"[""processbench_olympiadbench_qwen3_4b""]",1,single_cell,aurc_x1000,False,"[""pgrd_a""]",pgrd_a,iu_pcr,352.90622548981605,354.41652158608304,1.510296096266984,-3.554375595860617,6.582734593693752,-1.510296096266984,-6.582734593693772,3.5543755958606167,0.71705,source_group,20000,20000,NOT_SEPARATED_FROM_POINT_WINNER_95CI,True,NONE,OK
winner_reference::9c68b2d7995f118403f805aa,external_final_answer::cell::fd1f5b8e5cc4310c885076fd,external_final_answer,processbench_qwen3_response_v1,cell,processbench_olympiadbench_qwen3_4b,cell,processbench_olympiadbench_qwen3_4b,processbench,qwen3_4b,olympiadbench,"[""processbench_olympiadbench_qwen3_4b""]",1,single_cell,aurc_x1000,False,"[""pgrd_a""]",pgrd_a,pgrd_a,352.90622548981605,352.90622548981605,0.0,0.0,0.0,-0.0,-0.0,0.0,1.0,source_group,20000,20000,POINT_WINNER,True,NONE,OK
winner_reference::9c68b2d7995f118403f805aa,external_final_answer::cell::fd1f5b8e5cc4310c885076fd,external_final_answer,processbench_qwen3_response_v1,cell,processbench_olympiadbench_qwen3_4b,cell,processbench_olympiadbench_qwen3_4b,processbench,qwen3_4b,olympiadbench,"[""processbench_olympiadbench_qwen3_4b""]",1,single_cell,aurc_x1000,False,"[""pgrd_a""]",pgrd_a,su_pcr,352.90622548981605,353.2879655892631,0.381740099447029,-3.224971568863306,3.9564683515424917,-0.381740099447029,-3.9564683515424917,3.2249715688632845,0.57655,source_group,20000,20000,NOT_SEPARATED_FROM_POINT_WINNER_95CI,True,NONE,OK
winner_reference::9c68b2d7995f118403f805aa,external_final_answer::cell::fd1f5b8e5cc4310c885076fd,external_final_answer,processbench_qwen3_response_v1,cell,processbench_olympiadbench_qwen3_4b,cell,processbench_olympiadbench_qwen3_4b,processbench,qwen3_4b,olympiadbench,"[""processbench_olympiadbench_qwen3_4b""]",1,single_cell,aurc_x1000,False,"[""pgrd_a""]",pgrd_a,upcr,352.90622548981605,359.13099866050413,6.224773170688081,-2.1302512142617887,14.533559461210467,-6.224773170688081,-14.53355946121048,2.1302512142617824,0.92445,source_group,20000,20000,NOT_SEPARATED_FROM_POINT_WINNER_95CI,True,NONE,OK
winner_reference::c38f060c0f72a6b0f1c3d186,external_final_answer::cell::1781d8c6b78ddd097bee7476,external_final_answer,processbench_qwen3_response_v1,cell,processbench_olympiadbench_qwen3_4b,cell,processbench_olympiadbench_qwen3_4b,processbench,qwen3_4b,olympiadbench,"[""processbench_olympiadbench_qwen3_4b""]",1,single_cell,auroc,True,"[""pgrd_a""]",pgrd_a,ca_specrage_atomic,0.6814479999999999,0.676828,-0.0046199999999999575,-0.010171312482955022,0.0009841929018087336,-0.0046199999999999575,-0.010171312482955022,0.0009841929018087336,0.9493,source_group,20000,20000,NOT_SEPARATED_FROM_POINT_WINNER_95CI,True,NONE,OK
winner_reference::c38f060c0f72a6b0f1c3d186,external_final_answer::cell::1781d8c6b78ddd097bee7476,external_final_answer,processbench_qwen3_response_v1,cell,processbench_olympiadbench_qwen3_4b,cell,processbench_olympiadbench_qwen3_4b,processbench,qwen3_4b,olympiadbench,"[""processbench_olympiadbench_qwen3_4b""]",1,single_cell,auroc,True,"[""pgrd_a""]",pgrd_a,continuous_lsml,0.6814479999999999,0.6556960000000001,-0.025751999999999886,-0.04663281164027558,-0.0050925669580812,-0.025751999999999886,-0.04663281164027558,-0.0050925669580812,0.99145,source_group,20000,20000,SEPARATED_FROM_POINT_WINNER_95CI,False,NONE,OK
winner_reference::c38f060c0f72a6b0f1c3d186,external_final_answer::cell::1781d8c6b78ddd097bee7476,external_final_answer,processbench_qwen3_response_v1,cell,processbench_olympiadbench_qwen3_4b,cell,processbench_olympiadbench_qwen3_4b,processbench,qwen3_4b,olympiadbench,"[""processbench_olympiadbench_qwen3_4b""]",1,single_cell,auroc,True,"[""pgrd_a""]",pgrd_a,deem_b3,0.6814479999999999,0.6812119999999999,-0.00023600000000001398,-0.012029448081938449,0.011514433340582227,-0.00023600000000001398,-0.012029448081938449,0.011514433340582227,0.5123,source_group,20000,20000,NOT_SEPARATED_FROM_POINT_WINNER_95CI,True,NONE,OK
winner_reference::c38f060c0f72a6b0f1c3d186,external_final_answer::cell::1781d8c6b78ddd097bee7476,external_final_answer,processbench_qwen3_response_v1,cell,processbench_olympiadbench_qwen3_4b,cell,processbench_olympiadbench_qwen3_4b,processbench,qwen3_4b,olympiadbench,"[""processbench_olympiadbench_qwen3_4b""]",1,single_cell,auroc,True,"[""pgrd_a""]",pgrd_a,dufs_liu,0.6814479999999999,0.680036,-0.0014119999999999688,-0.00542506386949386,0.002777116679094532,-0.0014119999999999688,-0.00542506386949386,0.002777116679094532,0.75175,source_group,20000,20000,NOT_SEPARATED_FROM_POINT_WINNER_95CI,True,NONE,OK
winner_reference::c38f060c0f72a6b0f1c3d186,external_final_answer::cell::1781d8c6b78ddd097bee7476,external_final_answer,processbench_qwen3_response_v1,cell,processbench_olympiadbench_qwen3_4b,cell,processbench_olympiadbench_qwen3_4b,processbench,qwen3_4b,olympiadbench,"[""processbench_olympiadbench_qwen3_4b""]",1,single_cell,auroc,True,"[""pgrd_a""]",pgrd_a,dufs_pf_lsml,0.6814479999999999,0.66144,-0.020007999999999915,-0.03255128208230853,-0.007683485671529597,-0.020007999999999915,-0.03255128208230853,-0.007683485671529597,0.999,source_group,20000,20000,SEPARATED_FROM_POINT_WINNER_95CI,False,NONE,OK
winner_reference::c38f060c0f72a6b0f1c3d186,external_final_answer::cell::1781d8c6b78ddd097bee7476,external_final_answer,processbench_qwen3_response_v1,cell,processbench_olympiadbench_qwen3_4b,cell,processbench_olympiadbench_qwen3_4b,processbench,qwen3_4b,olympiadbench,"[""processbench_olympiadbench_qwen3_4b""]",1,single_cell,auroc,True,"[""pgrd_a""]",pgrd_a,dufs_stability_lsml,0.6814479999999999,0.655216,-0.026231999999999922,-0.04038419594191983,-0.0122855513208474,-0.026231999999999922,-0.04038419594191983,-0.0122855513208474,0.99985,source_group,20000,20000,SEPARATED_FROM_POINT_WINNER_95CI,False,NONE,OK
winner_reference::c38f060c0f72a6b0f1c3d186,external_final_answer::cell::1781d8c6b78ddd097bee7476,external_final_answer,processbench_qwen3_response_v1,cell,processbench_olympiadbench_qwen3_4b,cell,processbench_olympiadbench_qwen3_4b,processbench,qwen3_4b,olympiadbench,"[""processbench_olympiadbench_qwen3_4b""]",1,single_cell,auroc,True,"[""pgrd_a""]",pgrd_a,equal_family_mean,0.6814479999999999,0.6802600000000001,-0.0011879999999998558,-0.013657285835029356,0.011227674883573999,-0.0011879999999998558,-0.013657285835029356,0.011227674883573999,0.57115,source_group,20000,20000,NOT_SEPARATED_FROM_POINT_WINNER_95CI,True,NONE,OK
winner_reference::c38f060c0f72a6b0f1c3d186,external_final_answer::cell::1781d8c6b78ddd097bee7476,external_final_answer,processbench_qwen3_response_v1,cell,processbench_olympiadbench_qwen3_4b,cell,processbench_olympiadbench_qwen3_4b,processbench,qwen3_4b,olympiadbench,"[""processbench_olympiadbench_qwen3_4b""]",1,single_cell,auroc,True,"[""pgrd_a""]",pgrd_a,equal_feature_mean,0.6814479999999999,0.68128,-0.00016799999999994597,-0.011136206340521615,0.01080588129288423,-0.00016799999999994597,-0.011136206340521615,0.01080588129288423,0.50705,source_group,20000,20000,NOT_SEPARATED_FROM_POINT_WINNER_95CI,True,NONE,OK
winner_reference::c38f060c0f72a6b0f1c3d186,external_final_answer::cell::1781d8c6b78ddd097bee7476,external_final_answer,processbench_qwen3_response_v1,cell,processbench_olympiadbench_qwen3_4b,cell,processbench_olympiadbench_qwen3_4b,processbench,qwen3_4b,olympiadbench,"[""processbench_olympiadbench_qwen3_4b""]",1,single_cell,auroc,True,"[""pgrd_a""]",pgrd_a,family_nrm_a,0.6814479999999999,0.671268,-0.010179999999999967,-0.01967634450157741,-0.0005358720523092473,-0.010179999999999967,-0.01967634450157741,-0.0005358720523092473,0.981,source_group,20000,20000,SEPARATED_FROM_POINT_WINNER_95CI,False,NONE,OK
winner_reference::c38f060c0f72a6b0f1c3d186,external_final_answer::cell::1781d8c6b78ddd097bee7476,external_final_answer,processbench_qwen3_response_v1,cell,processbench_olympiadbench_qwen3_4b,cell,processbench_olympiadbench_qwen3_4b,processbench,qwen3_4b,olympiadbench,"[""processbench_olympiadbench_qwen3_4b""]",1,single_cell,auroc,True,"[""pgrd_a""]",pgrd_a,iu_pcr,0.6814479999999999,0.679176,-0.0022719999999999407,-0.007916855433441826,0.0035023089382780256,-0.0022719999999999407,-0.007916855433441826,0.0035023089382780256,0.78235,source_group,20000,20000,NOT_SEPARATED_FROM_POINT_WINNER_95CI,True,NONE,OK
winner_reference::c38f060c0f72a6b0f1c3d186,external_final_answer::cell::1781d8c6b78ddd097bee7476,external_final_answer,processbench_qwen3_response_v1,cell,processbench_olympiadbench_qwen3_4b,cell,processbench_olympiadbench_qwen3_4b,processbench,qwen3_4b,olympiadbench,"[""processbench_olympiadbench_qwen3_4b""]",1,single_cell,auroc,True,"[""pgrd_a""]",pgrd_a,pgrd_a,0.6814479999999999,0.6814479999999999,0.0,0.0,0.0,0.0,0.0,0.0,1.0,source_group,20000,20000,POINT_WINNER,True,NONE,OK
winner_reference::c38f060c0f72a6b0f1c3d186,external_final_answer::cell::1781d8c6b78ddd097bee7476,external_final_answer,processbench_qwen3_response_v1,cell,processbench_olympiadbench_qwen3_4b,cell,processbench_olympiadbench_qwen3_4b,processbench,qwen3_4b,olympiadbench,"[""processbench_olympiadbench_qwen3_4b""]",1,single_cell,auroc,True,"[""pgrd_a""]",pgrd_a,su_pcr,0.6814479999999999,0.679948,-0.0014999999999999458,-0.005260119314901448,0.0023880611429518673,-0.0014999999999999458,-0.005260119314901448,0.0023880611429518673,0.77895,source_group,20000,20000,NOT_SEPARATED_FROM_POINT_WINNER_95CI,True,NONE,OK
winner_reference::c38f060c0f72a6b0f1c3d186,external_final_answer::cell::1781d8c6b78ddd097bee7476,external_final_answer,processbench_qwen3_response_v1,cell,processbench_olympiadbench_qwen3_4b,cell,processbench_olympiadbench_qwen3_4b,processbench,qwen3_4b,olympiadbench,"[""processbench_olympiadbench_qwen3_4b""]",1,single_cell,auroc,True,"[""pgrd_a""]",pgrd_a,upcr,0.6814479999999999,0.672184,-0.009263999999999939,-0.016829926753657017,-0.0017331430262285117,-0.009263999999999939,-0.016829926753657017,-0.0017331430262285117,0.99195,source_group,20000,20000,SEPARATED_FROM_POINT_WINNER_95CI,False,NONE,OK
winner_reference::86cadcf2c2e3a3860131d838,external_final_answer::cell::795b14e6d01c476cb6432176,external_final_answer,processbench_qwen3_response_v1,cell,processbench_olympiadbench_qwen3_8b,cell,processbench_olympiadbench_qwen3_8b,processbench,qwen3_8b,olympiadbench,"[""processbench_olympiadbench_qwen3_8b""]",1,single_cell,auprc,True,"[""equal_family_mean""]",equal_family_mean,ca_specrage_atomic,0.6538109832646825,0.6418411599562498,-0.011969823308432659,-0.02610925859400503,0.002129333734609842,-0.011969823308432659,-0.02610925859400503,0.002129333734609842,0.9508,source_group,20000,20000,NOT_SEPARATED_FROM_POINT_WINNER_95CI,True,NONE,OK
winner_reference::86cadcf2c2e3a3860131d838,external_final_answer::cell::795b14e6d01c476cb6432176,external_final_answer,processbench_qwen3_response_v1,cell,processbench_olympiadbench_qwen3_8b,cell,processbench_olympiadbench_qwen3_8b,processbench,qwen3_8b,olympiadbench,"[""processbench_olympiadbench_qwen3_8b""]",1,single_cell,auprc,True,"[""equal_family_mean""]",equal_family_mean,continuous_lsml,0.6538109832646825,0.6427028550470462,-0.011108128217636293,-0.033957693687052856,0.00975594897115226,-0.011108128217636293,-0.033957693687052856,0.00975594897115226,0.86255,source_group,20000,20000,NOT_SEPARATED_FROM_POINT_WINNER_95CI,True,NONE,OK
winner_reference::86cadcf2c2e3a3860131d838,external_final_answer::cell::795b14e6d01c476cb6432176,external_final_answer,processbench_qwen3_response_v1,cell,processbench_olympiadbench_qwen3_8b,cell,processbench_olympiadbench_qwen3_8b,processbench,qwen3_8b,olympiadbench,"[""processbench_olympiadbench_qwen3_8b""]",1,single_cell,auprc,True,"[""equal_family_mean""]",equal_family_mean,deem_b3,0.6538109832646825,0.6537020067465493,-0.00010897651813313036,-0.0009934237457181084,0.0007375734208929277,-0.00010897651813313036,-0.0009934237457181084,0.0007375734208929277,0.5956,source_group,20000,20000,NOT_SEPARATED_FROM_POINT_WINNER_95CI,True,NONE,OK
winner_reference::86cadcf2c2e3a3860131d838,external_final_answer::cell::795b14e6d01c476cb6432176,external_final_answer,processbench_qwen3_response_v1,cell,processbench_olympiadbench_qwen3_8b,cell,processbench_olympiadbench_qwen3_8b,processbench,qwen3_8b,olympiadbench,"[""processbench_olympiadbench_qwen3_8b""]",1,single_cell,auprc,True,"[""equal_family_mean""]",equal_family_mean,dufs_liu,0.6538109832646825,0.6476592899282122,-0.006151693336470254,-0.01957981865077349,0.006048898358530495,-0.006151693336470254,-0.01957981865077349,0.006048898358530495,0.8474,source_group,20000,20000,NOT_SEPARATED_FROM_POINT_WINNER_95CI,True,NONE,OK
winner_reference::86cadcf2c2e3a3860131d838,external_final_answer::cell::795b14e6d01c476cb6432176,external_final_answer,processbench_qwen3_response_v1,cell,processbench_olympiadbench_qwen3_8b,cell,processbench_olympiadbench_qwen3_8b,processbench,qwen3_8b,olympiadbench,"[""processbench_olympiadbench_qwen3_8b""]",1,single_cell,auprc,True,"[""equal_family_mean""]",equal_family_mean,dufs_pf_lsml,0.6538109832646825,0.632186500050433,-0.02162448321424948,-0.04028992950959088,-0.002554742334483676,-0.02162448321424948,-0.04028992950959088,-0.002554742334483676,0.9871,source_group,20000,20000,SEPARATED_FROM_POINT_WINNER_95CI,False,NONE,OK
winner_reference::86cadcf2c2e3a3860131d838,external_final_answer::cell::795b14e6d01c476cb6432176,external_final_answer,processbench_qwen3_response_v1,cell,processbench_olympiadbench_qwen3_8b,cell,processbench_olympiadbench_qwen3_8b,processbench,qwen3_8b,olympiadbench,"[""processbench_olympiadbench_qwen3_8b""]",1,single_cell,auprc,True,"[""equal_family_mean""]",equal_family_mean,dufs_stability_lsml,0.6538109832646825,0.6256163297520627,-0.02819465351261974,-0.049709929556598774,-0.006892159451990741,-0.02819465351261974,-0.049709929556598774,-0.006892159451990741,0.9953,source_group,20000,20000,SEPARATED_FROM_POINT_WINNER_95CI,False,NONE,OK
winner_reference::86cadcf2c2e3a3860131d838,external_final_answer::cell::795b14e6d01c476cb6432176,external_final_answer,processbench_qwen3_response_v1,cell,processbench_olympiadbench_qwen3_8b,cell,processbench_olympiadbench_qwen3_8b,processbench,qwen3_8b,olympiadbench,"[""processbench_olympiadbench_qwen3_8b""]",1,single_cell,auprc,True,"[""equal_family_mean""]",equal_family_mean,equal_family_mean,0.6538109832646825,0.6538109832646825,0.0,0.0,0.0,0.0,0.0,0.0,1.0,source_group,20000,20000,POINT_WINNER,True,NONE,OK
winner_reference::86cadcf2c2e3a3860131d838,external_final_answer::cell::795b14e6d01c476cb6432176,external_final_answer,processbench_qwen3_response_v1,cell,processbench_olympiadbench_qwen3_8b,cell,processbench_olympiadbench_qwen3_8b,processbench,qwen3_8b,olympiadbench,"[""processbench_olympiadbench_qwen3_8b""]",1,single_cell,auprc,True,"[""equal_family_mean""]",equal_family_mean,equal_feature_mean,0.6538109832646825,0.6534634521932381,-0.00034753107144436246,-0.011442771554203432,0.010529580101563286,-0.00034753107144436246,-0.011442771554203432,0.010529580101563286,0.53515,source_group,20000,20000,NOT_SEPARATED_FROM_POINT_WINNER_95CI,True,NONE,OK
winner_reference::86cadcf2c2e3a3860131d838,external_final_answer::cell::795b14e6d01c476cb6432176,external_final_answer,processbench_qwen3_response_v1,cell,processbench_olympiadbench_qwen3_8b,cell,processbench_olympiadbench_qwen3_8b,processbench,qwen3_8b,olympiadbench,"[""processbench_olympiadbench_qwen3_8b""]",1,single_cell,auprc,True,"[""equal_family_mean""]",equal_family_mean,family_nrm_a,0.6538109832646825,0.6416695116820024,-0.012141471582680086,-0.02735584470462765,0.0010773331398442997,-0.012141471582680086,-0.02735584470462765,0.0010773331398442997,0.964,source_group,20000,20000,NOT_SEPARATED_FROM_POINT_WINNER_95CI,True,NONE,OK
winner_reference::86cadcf2c2e3a3860131d838,external_final_answer::cell::795b14e6d01c476cb6432176,external_final_answer,processbench_qwen3_response_v1,cell,processbench_olympiadbench_qwen3_8b,cell,processbench_olympiadbench_qwen3_8b,processbench,qwen3_8b,olympiadbench,"[""processbench_olympiadbench_qwen3_8b""]",1,single_cell,auprc,True,"[""equal_family_mean""]",equal_family_mean,iu_pcr,0.6538109832646825,0.6477207511497423,-0.006090232114940197,-0.01972568829816436,0.006311830080819404,-0.006090232114940197,-0.01972568829816436,0.006311830080819404,0.84485,source_group,20000,20000,NOT_SEPARATED_FROM_POINT_WINNER_95CI,True,NONE,OK
winner_reference::86cadcf2c2e3a3860131d838,external_final_answer::cell::795b14e6d01c476cb6432176,external_final_answer,processbench_qwen3_response_v1,cell,processbench_olympiadbench_qwen3_8b,cell,processbench_olympiadbench_qwen3_8b,processbench,qwen3_8b,olympiadbench,"[""processbench_olympiadbench_qwen3_8b""]",1,single_cell,auprc,True,"[""equal_family_mean""]",equal_family_mean,pgrd_a,0.6538109832646825,0.6426570196098405,-0.011153963654842003,-0.026368555366641705,0.003684418368140762,-0.011153963654842003,-0.026368555366641705,0.003684418368140762,0.9273,source_group,20000,20000,NOT_SEPARATED_FROM_POINT_WINNER_95CI,True,NONE,OK
winner_reference::86cadcf2c2e3a3860131d838,external_final_answer::cell::795b14e6d01c476cb6432176,external_final_answer,processbench_qwen3_response_v1,cell,processbench_olympiadbench_qwen3_8b,cell,processbench_olympiadbench_qwen3_8b,processbench,qwen3_8b,olympiadbench,"[""processbench_olympiadbench_qwen3_8b""]",1,single_cell,auprc,True,"[""equal_family_mean""]",equal_family_mean,su_pcr,0.6538109832646825,0.6474008243885496,-0.006410158876132832,-0.019786426300943093,0.005735652680528446,-0.006410158876132832,-0.019786426300943093,0.005735652680528446,0.85485,source_group,20000,20000,NOT_SEPARATED_FROM_POINT_WINNER_95CI,True,NONE,OK
winner_reference::86cadcf2c2e3a3860131d838,external_final_answer::cell::795b14e6d01c476cb6432176,external_final_answer,processbench_qwen3_response_v1,cell,processbench_olympiadbench_qwen3_8b,cell,processbench_olympiadbench_qwen3_8b,processbench,qwen3_8b,olympiadbench,"[""processbench_olympiadbench_qwen3_8b""]",1,single_cell,auprc,True,"[""equal_family_mean""]",equal_family_mean,upcr,0.6538109832646825,0.6383566141481865,-0.015454369116496003,-0.030821073236730296,0.00015174456152379295,-0.015454369116496003,-0.030821073236730296,0.00015174456152379295,0.97365,source_group,20000,20000,NOT_SEPARATED_FROM_POINT_WINNER_95CI,True,NONE,OK
winner_reference::7e09381d921e6f91a1fc015e,external_final_answer::cell::4ae82d73637dd9bceef2e464,external_final_answer,processbench_qwen3_response_v1,cell,processbench_olympiadbench_qwen3_8b,cell,processbench_olympiadbench_qwen3_8b,processbench,qwen3_8b,olympiadbench,"[""processbench_olympiadbench_qwen3_8b""]",1,single_cell,aurc_x1000,False,"[""su_pcr""]",su_pcr,ca_specrage_atomic,357.94769953842615,358.7990354843668,0.8513359459406615,-5.045245811097088,6.527286644929346,-0.8513359459406615,-6.527286644929346,5.045245811097074,0.62065,source_group,20000,20000,NOT_SEPARATED_FROM_POINT_WINNER_95CI,True,NONE,OK
winner_reference::7e09381d921e6f91a1fc015e,external_final_answer::cell::4ae82d73637dd9bceef2e464,external_final_answer,processbench_qwen3_response_v1,cell,processbench_olympiadbench_qwen3_8b,cell,processbench_olympiadbench_qwen3_8b,processbench,qwen3_8b,olympiadbench,"[""processbench_olympiadbench_qwen3_8b""]",1,single_cell,aurc_x1000,False,"[""su_pcr""]",su_pcr,continuous_lsml,357.94769953842615,380.3617626337059,22.414063095279744,6.686398992024512,38.04735755222988,-22.414063095279744,-38.04735755222988,-6.686398992024536,0.99765,source_group,20000,20000,SEPARATED_FROM_POINT_WINNER_95CI,False,NONE,OK
winner_reference::7e09381d921e6f91a1fc015e,external_final_answer::cell::4ae82d73637dd9bceef2e464,external_final_answer,processbench_qwen3_response_v1,cell,processbench_olympiadbench_qwen3_8b,cell,processbench_olympiadbench_qwen3_8b,processbench,qwen3_8b,olympiadbench,"[""processbench_olympiadbench_qwen3_8b""]",1,single_cell,aurc_x1000,False,"[""su_pcr""]",su_pcr,deem_b3,357.94769953842615,360.5179768630359,2.5702773246097763,-10.53066975921046,14.952558424920884,-2.5702773246097763,-14.952558424920886,10.530669759210449,0.62955,source_group,20000,20000,NOT_SEPARATED_FROM_POINT_WINNER_95CI,True,NONE,OK
winner_reference::7e09381d921e6f91a1fc015e,external_final_answer::cell::4ae82d73637dd9bceef2e464,external_final_answer,processbench_qwen3_response_v1,cell,processbench_olympiadbench_qwen3_8b,cell,processbench_olympiadbench_qwen3_8b,processbench,qwen3_8b,olympiadbench,"[""processbench_olympiadbench_qwen3_8b""]",1,single_cell,aurc_x1000,False,"[""su_pcr""]",su_pcr,dufs_liu,357.94769953842615,358.1237438364596,0.176044298033446,-0.6777936706904185,1.0049751153568536,-0.176044298033446,-1.0049751153568536,0.6777936706904177,0.66615,source_group,20000,20000,NOT_SEPARATED_FROM_POINT_WINNER_95CI,True,NONE,OK
winner_reference::7e09381d921e6f91a1fc015e,external_final_answer::cell::4ae82d73637dd9bceef2e464,external_final_answer,processbench_qwen3_response_v1,cell,processbench_olympiadbench_qwen3_8b,cell,processbench_olympiadbench_qwen3_8b,processbench,qwen3_8b,olympiadbench,"[""processbench_olympiadbench_qwen3_8b""]",1,single_cell,aurc_x1000,False,"[""su_pcr""]",su_pcr,dufs_pf_lsml,357.94769953842615,370.43113671049986,12.483437172073707,-2.9595717127893577,27.94441439578043,-12.483437172073707,-27.944414395780456,2.959571712789332,0.9466,source_group,20000,20000,NOT_SEPARATED_FROM_POINT_WINNER_95CI,True,NONE,OK
winner_reference::7e09381d921e6f91a1fc015e,external_final_answer::cell::4ae82d73637dd9bceef2e464,external_final_answer,processbench_qwen3_response_v1,cell,processbench_olympiadbench_qwen3_8b,cell,processbench_olympiadbench_qwen3_8b,processbench,qwen3_8b,olympiadbench,"[""processbench_olympiadbench_qwen3_8b""]",1,single_cell,aurc_x1000,False,"[""su_pcr""]",su_pcr,dufs_stability_lsml,357.94769953842615,380.9380229723431,22.990323433916956,5.096054025035397,41.175485829608974,-22.990323433916956,-41.17548582960899,-5.096054025035407,0.99395,source_group,20000,20000,SEPARATED_FROM_POINT_WINNER_95CI,False,NONE,OK
winner_reference::7e09381d921e6f91a1fc015e,external_final_answer::cell::4ae82d73637dd9bceef2e464,external_final_answer,processbench_qwen3_response_v1,cell,processbench_olympiadbench_qwen3_8b,cell,processbench_olympiadbench_qwen3_8b,processbench,qwen3_8b,olympiadbench,"[""processbench_olympiadbench_qwen3_8b""]",1,single_cell,aurc_x1000,False,"[""su_pcr""]",su_pcr,equal_family_mean,357.94769953842615,360.8831828411849,2.935483302758769,-10.81215503399466,16.017936423232783,-2.935483302758769,-16.017936423232783,10.812155033994625,0.64285,source_group,20000,20000,NOT_SEPARATED_FROM_POINT_WINNER_95CI,True,NONE,OK
winner_reference::7e09381d921e6f91a1fc015e,external_final_answer::cell::4ae82d73637dd9bceef2e464,external_final_answer,processbench_qwen3_response_v1,cell,processbench_olympiadbench_qwen3_8b,cell,processbench_olympiadbench_qwen3_8b,processbench,qwen3_8b,olympiadbench,"[""processbench_olympiadbench_qwen3_8b""]",1,single_cell,aurc_x1000,False,"[""su_pcr""]",su_pcr,equal_feature_mean,357.94769953842615,357.9868337827665,0.03913424434034596,-9.041666799699517,9.06015128363399,-0.03913424434034596,-9.060151283633992,9.041666799699511,0.50155,source_group,20000,20000,NOT_SEPARATED_FROM_POINT_WINNER_95CI,True,NONE,OK
winner_reference::7e09381d921e6f91a1fc015e,external_final_answer::cell::4ae82d73637dd9bceef2e464,external_final_answer,processbench_qwen3_response_v1,cell,processbench_olympiadbench_qwen3_8b,cell,processbench_olympiadbench_qwen3_8b,processbench,qwen3_8b,olympiadbench,"[""processbench_olympiadbench_qwen3_8b""]",1,single_cell,aurc_x1000,False,"[""su_pcr""]",su_pcr,family_nrm_a,357.94769953842615,361.8204189589634,3.872719420537237,-2.9563625241941978,10.705954628859228,-3.872719420537237,-10.705954628859228,2.9563625241941973,0.8666,source_group,20000,20000,NOT_SEPARATED_FROM_POINT_WINNER_95CI,True,NONE,OK
winner_reference::7e09381d921e6f91a1fc015e,external_final_answer::cell::4ae82d73637dd9bceef2e464,external_final_answer,processbench_qwen3_response_v1,cell,processbench_olympiadbench_qwen3_8b,cell,processbench_olympiadbench_qwen3_8b,processbench,qwen3_8b,olympiadbench,"[""processbench_olympiadbench_qwen3_8b""]",1,single_cell,aurc_x1000,False,"[""su_pcr""]",su_pcr,iu_pcr,357.94769953842615,358.35520757881585,0.40750804038970045,-2.6588890211950487,3.2494480982052782,-0.40750804038970045,-3.2494480982052836,2.6588890211950478,0.62125,source_group,20000,20000,NOT_SEPARATED_FROM_POINT_WINNER_95CI,True,NONE,OK
winner_reference::7e09381d921e6f91a1fc015e,external_final_answer::cell::4ae82d73637dd9bceef2e464,external_final_answer,processbench_qwen3_response_v1,cell,processbench_olympiadbench_qwen3_8b,cell,processbench_olympiadbench_qwen3_8b,processbench,qwen3_8b,olympiadbench,"[""processbench_olympiadbench_qwen3_8b""]",1,single_cell,aurc_x1000,False,"[""su_pcr""]",su_pcr,pgrd_a,357.94769953842615,360.12439974960074,2.176700211174591,-6.096722201562386,10.488315307777762,-2.176700211174591,-10.488315307777764,6.096722201562379,0.6998,source_group,20000,20000,NOT_SEPARATED_FROM_POINT_WINNER_95CI,True,NONE,OK
winner_reference::7e09381d921e6f91a1fc015e,external_final_answer::cell::4ae82d73637dd9bceef2e464,external_final_answer,processbench_qwen3_response_v1,cell,processbench_olympiadbench_qwen3_8b,cell,processbench_olympiadbench_qwen3_8b,processbench,qwen3_8b,olympiadbench,"[""processbench_olympiadbench_qwen3_8b""]",1,single_cell,aurc_x1000,False,"[""su_pcr""]",su_pcr,su_pcr,357.94769953842615,357.94769953842615,0.0,0.0,0.0,-0.0,-0.0,0.0,1.0,source_group,20000,20000,POINT_WINNER,True,NONE,OK
winner_reference::7e09381d921e6f91a1fc015e,external_final_answer::cell::4ae82d73637dd9bceef2e464,external_final_answer,processbench_qwen3_response_v1,cell,processbench_olympiadbench_qwen3_8b,cell,processbench_olympiadbench_qwen3_8b,processbench,qwen3_8b,olympiadbench,"[""processbench_olympiadbench_qwen3_8b""]",1,single_cell,aurc_x1000,False,"[""su_pcr""]",su_pcr,upcr,357.94769953842615,361.9766904235253,4.0289908850991765,-4.015425248593592,11.90037007234264,-4.0289908850991765,-11.900370072342655,4.015425248593588,0.842,source_group,20000,20000,NOT_SEPARATED_FROM_POINT_WINNER_95CI,True,NONE,OK
winner_reference::0fb48e177194dcf04125145e,external_final_answer::cell::c927a9ea5ca456d0a1de07c2,external_final_answer,processbench_qwen3_response_v1,cell,processbench_olympiadbench_qwen3_8b,cell,processbench_olympiadbench_qwen3_8b,processbench,qwen3_8b,olympiadbench,"[""processbench_olympiadbench_qwen3_8b""]",1,single_cell,auroc,True,"[""deem_b3""]",deem_b3,ca_specrage_atomic,0.68138,0.67516,-0.006220000000000003,-0.022071198496240577,0.009566104462387431,-0.006220000000000003,-0.022071198496240577,0.009566104462387431,0.78135,source_group,20000,20000,NOT_SEPARATED_FROM_POINT_WINNER_95CI,True,NONE,OK
winner_reference::0fb48e177194dcf04125145e,external_final_answer::cell::c927a9ea5ca456d0a1de07c2,external_final_answer,processbench_qwen3_response_v1,cell,processbench_olympiadbench_qwen3_8b,cell,processbench_olympiadbench_qwen3_8b,processbench,qwen3_8b,olympiadbench,"[""processbench_olympiadbench_qwen3_8b""]",1,single_cell,auroc,True,"[""deem_b3""]",deem_b3,continuous_lsml,0.68138,0.656584,-0.02479600000000004,-0.0428867329896907,-0.006373084054626617,-0.02479600000000004,-0.0428867329896907,-0.006373084054626617,0.99605,source_group,20000,20000,SEPARATED_FROM_POINT_WINNER_95CI,False,NONE,OK
winner_reference::0fb48e177194dcf04125145e,external_final_answer::cell::c927a9ea5ca456d0a1de07c2,external_final_answer,processbench_qwen3_response_v1,cell,processbench_olympiadbench_qwen3_8b,cell,processbench_olympiadbench_qwen3_8b,processbench,qwen3_8b,olympiadbench,"[""processbench_olympiadbench_qwen3_8b""]",1,single_cell,auroc,True,"[""deem_b3""]",deem_b3,deem_b3,0.68138,0.68138,0.0,0.0,0.0,0.0,0.0,0.0,1.0,source_group,20000,20000,POINT_WINNER,True,NONE,OK
winner_reference::0fb48e177194dcf04125145e,external_final_answer::cell::c927a9ea5ca456d0a1de07c2,external_final_answer,processbench_qwen3_response_v1,cell,processbench_olympiadbench_qwen3_8b,cell,processbench_olympiadbench_qwen3_8b,processbench,qwen3_8b,olympiadbench,"[""processbench_olympiadbench_qwen3_8b""]",1,single_cell,auroc,True,"[""deem_b3""]",deem_b3,dufs_liu,0.68138,0.6780360000000001,-0.0033439999999999026,-0.01615040817894622,0.009409592804879248,-0.0033439999999999026,-0.01615040817894622,0.009409592804879248,0.69335,source_group,20000,20000,NOT_SEPARATED_FROM_POINT_WINNER_95CI,True,NONE,OK
winner_reference::0fb48e177194dcf04125145e,external_final_answer::cell::c927a9ea5ca456d0a1de07c2,external_final_answer,processbench_qwen3_response_v1,cell,processbench_olympiadbench_qwen3_8b,cell,processbench_olympiadbench_qwen3_8b,processbench,qwen3_8b,olympiadbench,"[""processbench_olympiadbench_qwen3_8b""]",1,single_cell,auroc,True,"[""deem_b3""]",deem_b3,dufs_pf_lsml,0.68138,0.658104,-0.023275999999999963,-0.04595794061393322,-0.001035653037106436,-0.023275999999999963,-0.04595794061393322,-0.001035653037106436,0.97975,source_group,20000,20000,SEPARATED_FROM_POINT_WINNER_95CI,False,NONE,OK
winner_reference::0fb48e177194dcf04125145e,external_final_answer::cell::c927a9ea5ca456d0a1de07c2,external_final_answer,processbench_qwen3_response_v1,cell,processbench_olympiadbench_qwen3_8b,cell,processbench_olympiadbench_qwen3_8b,processbench,qwen3_8b,olympiadbench,"[""processbench_olympiadbench_qwen3_8b""]",1,single_cell,auroc,True,"[""deem_b3""]",deem_b3,dufs_stability_lsml,0.68138,0.645864,-0.03551599999999999,-0.061024423929798476,-0.010407630968159666,-0.03551599999999999,-0.061024423929798476,-0.010407630968159666,0.99705,source_group,20000,20000,SEPARATED_FROM_POINT_WINNER_95CI,False,NONE,OK
winner_reference::0fb48e177194dcf04125145e,external_final_answer::cell::c927a9ea5ca456d0a1de07c2,external_final_answer,processbench_qwen3_response_v1,cell,processbench_olympiadbench_qwen3_8b,cell,processbench_olympiadbench_qwen3_8b,processbench,qwen3_8b,olympiadbench,"[""processbench_olympiadbench_qwen3_8b""]",1,single_cell,auroc,True,"[""deem_b3""]",deem_b3,equal_family_mean,0.68138,0.6811039999999999,-0.000276000000000054,-0.0011077336749988564,0.0005480804583788966,-0.000276000000000054,-0.0011077336749988564,0.0005480804583788966,0.7451,source_group,20000,20000,NOT_SEPARATED_FROM_POINT_WINNER_95CI,True,NONE,OK
winner_reference::0fb48e177194dcf04125145e,external_final_answer::cell::c927a9ea5ca456d0a1de07c2,external_final_answer,processbench_qwen3_response_v1,cell,processbench_olympiadbench_qwen3_8b,cell,processbench_olympiadbench_qwen3_8b,processbench,qwen3_8b,olympiadbench,"[""processbench_olympiadbench_qwen3_8b""]",1,single_cell,auroc,True,"[""deem_b3""]",deem_b3,equal_feature_mean,0.68138,0.680588,-0.0007920000000000149,-0.010578127238476665,0.009051017137211948,-0.0007920000000000149,-0.010578127238476665,0.009051017137211948,0.5618,source_group,20000,20000,NOT_SEPARATED_FROM_POINT_WINNER_95CI,True,NONE,OK
winner_reference::0fb48e177194dcf04125145e,external_final_answer::cell::c927a9ea5ca456d0a1de07c2,external_final_answer,processbench_qwen3_response_v1,cell,processbench_olympiadbench_qwen3_8b,cell,processbench_olympiadbench_qwen3_8b,processbench,qwen3_8b,olympiadbench,"[""processbench_olympiadbench_qwen3_8b""]",1,single_cell,auroc,True,"[""deem_b3""]",deem_b3,family_nrm_a,0.68138,0.6707160000000001,-0.010663999999999896,-0.02424849579860131,0.0028166382747772077,-0.010663999999999896,-0.02424849579860131,0.0028166382747772077,0.9386,source_group,20000,20000,NOT_SEPARATED_FROM_POINT_WINNER_95CI,True,NONE,OK
winner_reference::0fb48e177194dcf04125145e,external_final_answer::cell::c927a9ea5ca456d0a1de07c2,external_final_answer,processbench_qwen3_response_v1,cell,processbench_olympiadbench_qwen3_8b,cell,processbench_olympiadbench_qwen3_8b,processbench,qwen3_8b,olympiadbench,"[""processbench_olympiadbench_qwen3_8b""]",1,single_cell,auroc,True,"[""deem_b3""]",deem_b3,iu_pcr,0.68138,0.6772199999999999,-0.0041600000000000525,-0.01670569228476735,0.008302842466309933,-0.0041600000000000525,-0.01670569228476735,0.008302842466309933,0.74345,source_group,20000,20000,NOT_SEPARATED_FROM_POINT_WINNER_95CI,True,NONE,OK
winner_reference::0fb48e177194dcf04125145e,external_final_answer::cell::c927a9ea5ca456d0a1de07c2,external_final_answer,processbench_qwen3_response_v1,cell,processbench_olympiadbench_qwen3_8b,cell,processbench_olympiadbench_qwen3_8b,processbench,qwen3_8b,olympiadbench,"[""processbench_olympiadbench_qwen3_8b""]",1,single_cell,auroc,True,"[""deem_b3""]",deem_b3,pgrd_a,0.68138,0.6725599999999999,-0.00882000000000005,-0.02454333978705834,0.0065965026963882584,-0.00882000000000005,-0.02454333978705834,0.0065965026963882584,0.8681,source_group,20000,20000,NOT_SEPARATED_FROM_POINT_WINNER_95CI,True,NONE,OK
winner_reference::0fb48e177194dcf04125145e,external_final_answer::cell::c927a9ea5ca456d0a1de07c2,external_final_answer,processbench_qwen3_response_v1,cell,processbench_olympiadbench_qwen3_8b,cell,processbench_olympiadbench_qwen3_8b,processbench,qwen3_8b,olympiadbench,"[""processbench_olympiadbench_qwen3_8b""]",1,single_cell,auroc,True,"[""deem_b3""]",deem_b3,su_pcr,0.68138,0.678104,-0.0032759999999999456,-0.016261118779587243,0.009756018056339253,-0.0032759999999999456,-0.016261118779587243,0.009756018056339253,0.68775,source_group,20000,20000,NOT_SEPARATED_FROM_POINT_WINNER_95CI,True,NONE,OK
winner_reference::0fb48e177194dcf04125145e,external_final_answer::cell::c927a9ea5ca456d0a1de07c2,external_final_answer,processbench_qwen3_response_v1,cell,processbench_olympiadbench_qwen3_8b,cell,processbench_olympiadbench_qwen3_8b,processbench,qwen3_8b,olympiadbench,"[""processbench_olympiadbench_qwen3_8b""]",1,single_cell,auroc,True,"[""deem_b3""]",deem_b3,upcr,0.68138,0.671444,-0.009935999999999945,-0.027521427198029448,0.007695434718623702,-0.009935999999999945,-0.027521427198029448,0.007695434718623702,0.86375,source_group,20000,20000,NOT_SEPARATED_FROM_POINT_WINNER_95CI,True,NONE,OK
winner_reference::637877bb83e31080cbd727b3,external_final_answer::cell::170fdaa7bd66370727e5c648,external_final_answer,processbench_qwen3_response_v1,cell,processbench_omnimath_qwen3_4b,cell,processbench_omnimath_qwen3_4b,processbench,qwen3_4b,omnimath,"[""processbench_omnimath_qwen3_4b""]",1,single_cell,auprc,True,"[""continuous_lsml""]",continuous_lsml,ca_specrage_atomic,0.608352078205687,0.5798678498755538,-0.0284842283301332,-0.05248099740293421,-0.0023707994327167893,-0.0284842283301332,-0.05248099740293421,-0.0023707994327167893,0.98375,source_group,20000,20000,SEPARATED_FROM_POINT_WINNER_95CI,False,NONE,OK
winner_reference::637877bb83e31080cbd727b3,external_final_answer::cell::170fdaa7bd66370727e5c648,external_final_answer,processbench_qwen3_response_v1,cell,processbench_omnimath_qwen3_4b,cell,processbench_omnimath_qwen3_4b,processbench,qwen3_4b,omnimath,"[""processbench_omnimath_qwen3_4b""]",1,single_cell,auprc,True,"[""continuous_lsml""]",continuous_lsml,continuous_lsml,0.608352078205687,0.608352078205687,0.0,0.0,0.0,0.0,0.0,0.0,1.0,source_group,20000,20000,POINT_WINNER,True,NONE,OK
winner_reference::637877bb83e31080cbd727b3,external_final_answer::cell::170fdaa7bd66370727e5c648,external_final_answer,processbench_qwen3_response_v1,cell,processbench_omnimath_qwen3_4b,cell,processbench_omnimath_qwen3_4b,processbench,qwen3_4b,omnimath,"[""processbench_omnimath_qwen3_4b""]",1,single_cell,auprc,True,"[""continuous_lsml""]",continuous_lsml,deem_b3,0.608352078205687,0.5938580637148183,-0.014494014490868734,-0.03524922990239493,0.005929883047317495,-0.014494014490868734,-0.03524922990239493,0.005929883047317495,0.91785,source_group,20000,20000,NOT_SEPARATED_FROM_POINT_WINNER_95CI,True,NONE,OK
winner_reference::637877bb83e31080cbd727b3,external_final_answer::cell::170fdaa7bd66370727e5c648,external_final_answer,processbench_qwen3_response_v1,cell,processbench_omnimath_qwen3_4b,cell,processbench_omnimath_qwen3_4b,processbench,qwen3_4b,omnimath,"[""processbench_omnimath_qwen3_4b""]",1,single_cell,auprc,True,"[""continuous_lsml""]",continuous_lsml,dufs_liu,0.608352078205687,0.5933912539361776,-0.014960824269509398,-0.03257651572957841,0.00222608681591937,-0.014960824269509398,-0.03257651572957841,0.00222608681591937,0.95635,source_group,20000,20000,NOT_SEPARATED_FROM_POINT_WINNER_95CI,True,NONE,OK
winner_reference::637877bb83e31080cbd727b3,external_final_answer::cell::170fdaa7bd66370727e5c648,external_final_answer,processbench_qwen3_response_v1,cell,processbench_omnimath_qwen3_4b,cell,processbench_omnimath_qwen3_4b,processbench,qwen3_4b,omnimath,"[""processbench_omnimath_qwen3_4b""]",1,single_cell,auprc,True,"[""continuous_lsml""]",continuous_lsml,dufs_pf_lsml,0.608352078205687,0.5708061942059923,-0.03754588399969472,-0.06533678932544473,-0.007467574460572132,-0.03754588399969472,-0.06533678932544473,-0.007467574460572132,0.9924,source_group,20000,20000,SEPARATED_FROM_POINT_WINNER_95CI,False,NONE,OK
winner_reference::637877bb83e31080cbd727b3,external_final_answer::cell::170fdaa7bd66370727e5c648,external_final_answer,processbench_qwen3_response_v1,cell,processbench_omnimath_qwen3_4b,cell,processbench_omnimath_qwen3_4b,processbench,qwen3_4b,omnimath,"[""processbench_omnimath_qwen3_4b""]",1,single_cell,auprc,True,"[""continuous_lsml""]",continuous_lsml,dufs_stability_lsml,0.608352078205687,0.5743291909644321,-0.03402288724125491,-0.06025765867256559,-0.005561741725892024,-0.03402288724125491,-0.06025765867256559,-0.005561741725892024,0.9904,source_group,20000,20000,SEPARATED_FROM_POINT_WINNER_95CI,False,NONE,OK
winner_reference::637877bb83e31080cbd727b3,external_final_answer::cell::170fdaa7bd66370727e5c648,external_final_answer,processbench_qwen3_response_v1,cell,processbench_omnimath_qwen3_4b,cell,processbench_omnimath_qwen3_4b,processbench,qwen3_4b,omnimath,"[""processbench_omnimath_qwen3_4b""]",1,single_cell,auprc,True,"[""continuous_lsml""]",continuous_lsml,equal_family_mean,0.608352078205687,0.5942207453000758,-0.014131332905611194,-0.03471856783050616,0.006090529783905202,-0.014131332905611194,-0.03471856783050616,0.006090529783905202,0.9147,source_group,20000,20000,NOT_SEPARATED_FROM_POINT_WINNER_95CI,True,NONE,OK
winner_reference::637877bb83e31080cbd727b3,external_final_answer::cell::170fdaa7bd66370727e5c648,external_final_answer,processbench_qwen3_response_v1,cell,processbench_omnimath_qwen3_4b,cell,processbench_omnimath_qwen3_4b,processbench,qwen3_4b,omnimath,"[""processbench_omnimath_qwen3_4b""]",1,single_cell,auprc,True,"[""continuous_lsml""]",continuous_lsml,equal_feature_mean,0.608352078205687,0.589636324997026,-0.018715753208661035,-0.03388990633026652,-0.004031650818111971,-0.018715753208661035,-0.03388990633026652,-0.004031650818111971,0.9938,source_group,20000,20000,SEPARATED_FROM_POINT_WINNER_95CI,False,NONE,OK
winner_reference::637877bb83e31080cbd727b3,external_final_answer::cell::170fdaa7bd66370727e5c648,external_final_answer,processbench_qwen3_response_v1,cell,processbench_omnimath_qwen3_4b,cell,processbench_omnimath_qwen3_4b,processbench,qwen3_4b,omnimath,"[""processbench_omnimath_qwen3_4b""]",1,single_cell,auprc,True,"[""continuous_lsml""]",continuous_lsml,family_nrm_a,0.608352078205687,0.5882925521141447,-0.02005952609154238,-0.03557896303930068,-0.005229079065349854,-0.02005952609154238,-0.03557896303930068,-0.005229079065349854,0.99525,source_group,20000,20000,SEPARATED_FROM_POINT_WINNER_95CI,False,NONE,OK
winner_reference::637877bb83e31080cbd727b3,external_final_answer::cell::170fdaa7bd66370727e5c648,external_final_answer,processbench_qwen3_response_v1,cell,processbench_omnimath_qwen3_4b,cell,processbench_omnimath_qwen3_4b,processbench,qwen3_4b,omnimath,"[""processbench_omnimath_qwen3_4b""]",1,single_cell,auprc,True,"[""continuous_lsml""]",continuous_lsml,iu_pcr,0.608352078205687,0.5950402774956965,-0.013311800709990496,-0.029486549374925647,0.002438269988367602,-0.013311800709990496,-0.029486549374925647,0.002438269988367602,0.95115,source_group,20000,20000,NOT_SEPARATED_FROM_POINT_WINNER_95CI,True,NONE,OK
winner_reference::637877bb83e31080cbd727b3,external_final_answer::cell::170fdaa7bd66370727e5c648,external_final_answer,processbench_qwen3_response_v1,cell,processbench_omnimath_qwen3_4b,cell,processbench_omnimath_qwen3_4b,processbench,qwen3_4b,omnimath,"[""processbench_omnimath_qwen3_4b""]",1,single_cell,auprc,True,"[""continuous_lsml""]",continuous_lsml,pgrd_a,0.608352078205687,0.588191744235887,-0.020160333969799993,-0.040938610056253086,0.0004772484278021425,-0.020160333969799993,-0.040938610056253086,0.0004772484278021425,0.9721,source_group,20000,20000,NOT_SEPARATED_FROM_POINT_WINNER_95CI,True,NONE,OK
winner_reference::637877bb83e31080cbd727b3,external_final_answer::cell::170fdaa7bd66370727e5c648,external_final_answer,processbench_qwen3_response_v1,cell,processbench_omnimath_qwen3_4b,cell,processbench_omnimath_qwen3_4b,processbench,qwen3_4b,omnimath,"[""processbench_omnimath_qwen3_4b""]",1,single_cell,auprc,True,"[""continuous_lsml""]",continuous_lsml,su_pcr,0.608352078205687,0.5944675246855149,-0.01388455352017215,-0.030713095047116785,0.0025233596435259584,-0.01388455352017215,-0.030713095047116785,0.0025233596435259584,0.95195,source_group,20000,20000,NOT_SEPARATED_FROM_POINT_WINNER_95CI,True,NONE,OK
winner_reference::637877bb83e31080cbd727b3,external_final_answer::cell::170fdaa7bd66370727e5c648,external_final_answer,processbench_qwen3_response_v1,cell,processbench_omnimath_qwen3_4b,cell,processbench_omnimath_qwen3_4b,processbench,qwen3_4b,omnimath,"[""processbench_omnimath_qwen3_4b""]",1,single_cell,auprc,True,"[""continuous_lsml""]",continuous_lsml,upcr,0.608352078205687,0.5847969636107618,-0.02355511459492521,-0.04580106772252027,-0.0009734636199527303,-0.02355511459492521,-0.04580106772252027,-0.0009734636199527303,0.97945,source_group,20000,20000,SEPARATED_FROM_POINT_WINNER_95CI,False,NONE,OK
winner_reference::da03b215bf8c3d35f6162b9a,external_final_answer::cell::bb5cfa972a2583b0c93d05ee,external_final_answer,processbench_qwen3_response_v1,cell,processbench_omnimath_qwen3_4b,cell,processbench_omnimath_qwen3_4b,processbench,qwen3_4b,omnimath,"[""processbench_omnimath_qwen3_4b""]",1,single_cell,aurc_x1000,False,"[""ca_specrage_atomic""]",ca_specrage_atomic,ca_specrage_atomic,370.37699270709004,370.37699270709004,0.0,0.0,0.0,-0.0,-0.0,0.0,1.0,source_group,20000,20000,POINT_WINNER,True,NONE,OK
winner_reference::da03b215bf8c3d35f6162b9a,external_final_answer::cell::bb5cfa972a2583b0c93d05ee,external_final_answer,processbench_qwen3_response_v1,cell,processbench_omnimath_qwen3_4b,cell,processbench_omnimath_qwen3_4b,processbench,qwen3_4b,omnimath,"[""processbench_omnimath_qwen3_4b""]",1,single_cell,aurc_x1000,False,"[""ca_specrage_atomic""]",ca_specrage_atomic,continuous_lsml,370.37699270709004,386.0826915786574,15.705698871567336,-3.227060599064072,34.493439786438614,-15.705698871567336,-34.493439786438636,3.2270605990640684,0.9493,source_group,20000,20000,NOT_SEPARATED_FROM_POINT_WINNER_95CI,True,NONE,OK
winner_reference::da03b215bf8c3d35f6162b9a,external_final_answer::cell::bb5cfa972a2583b0c93d05ee,external_final_answer,processbench_qwen3_response_v1,cell,processbench_omnimath_qwen3_4b,cell,processbench_omnimath_qwen3_4b,processbench,qwen3_4b,omnimath,"[""processbench_omnimath_qwen3_4b""]",1,single_cell,aurc_x1000,False,"[""ca_specrage_atomic""]",ca_specrage_atomic,deem_b3,370.37699270709004,370.6842923291826,0.30729962209255746,-11.750847000690369,12.34107740092691,-0.30729962209255746,-12.341077400926924,11.750847000690369,0.5199,source_group,20000,20000,NOT_SEPARATED_FROM_POINT_WINNER_95CI,True,NONE,OK
winner_reference::da03b215bf8c3d35f6162b9a,external_final_answer::cell::bb5cfa972a2583b0c93d05ee,external_final_answer,processbench_qwen3_response_v1,cell,processbench_omnimath_qwen3_4b,cell,processbench_omnimath_qwen3_4b,processbench,qwen3_4b,omnimath,"[""processbench_omnimath_qwen3_4b""]",1,single_cell,aurc_x1000,False,"[""ca_specrage_atomic""]",ca_specrage_atomic,dufs_liu,370.37699270709004,372.0215567717279,1.6445640646378479,-6.749919897703012,9.923896330963904,-1.6445640646378479,-9.92389633096391,6.749919897702992,0.65285,source_group,20000,20000,NOT_SEPARATED_FROM_POINT_WINNER_95CI,True,NONE,OK
winner_reference::da03b215bf8c3d35f6162b9a,external_final_answer::cell::bb5cfa972a2583b0c93d05ee,external_final_answer,processbench_qwen3_response_v1,cell,processbench_omnimath_qwen3_4b,cell,processbench_omnimath_qwen3_4b,processbench,qwen3_4b,omnimath,"[""processbench_omnimath_qwen3_4b""]",1,single_cell,aurc_x1000,False,"[""ca_specrage_atomic""]",ca_specrage_atomic,dufs_pf_lsml,370.37699270709004,377.1072137404732,6.730221033383145,-1.2526761834355569,14.717631931453717,-6.730221033383145,-14.717631931453726,1.2526761834355542,0.94995,source_group,20000,20000,NOT_SEPARATED_FROM_POINT_WINNER_95CI,True,NONE,OK
winner_reference::da03b215bf8c3d35f6162b9a,external_final_answer::cell::bb5cfa972a2583b0c93d05ee,external_final_answer,processbench_qwen3_response_v1,cell,processbench_omnimath_qwen3_4b,cell,processbench_omnimath_qwen3_4b,processbench,qwen3_4b,omnimath,"[""processbench_omnimath_qwen3_4b""]",1,single_cell,aurc_x1000,False,"[""ca_specrage_atomic""]",ca_specrage_atomic,dufs_stability_lsml,370.37699270709004,372.9055043958587,2.528511688768674,-3.110353050454459,7.759787012474824,-2.528511688768674,-7.759787012474839,3.1103530504544574,0.8215,source_group,20000,20000,NOT_SEPARATED_FROM_POINT_WINNER_95CI,True,NONE,OK
winner_reference::da03b215bf8c3d35f6162b9a,external_final_answer::cell::bb5cfa972a2583b0c93d05ee,external_final_answer,processbench_qwen3_response_v1,cell,processbench_omnimath_qwen3_4b,cell,processbench_omnimath_qwen3_4b,processbench,qwen3_4b,omnimath,"[""processbench_omnimath_qwen3_4b""]",1,single_cell,aurc_x1000,False,"[""ca_specrage_atomic""]",ca_specrage_atomic,equal_family_mean,370.37699270709004,371.6183538633223,1.2413611562322444,-11.272268955286147,13.810411704114735,-1.2413611562322444,-13.81041170411476,11.27226895528614,0.57635,source_group,20000,20000,NOT_SEPARATED_FROM_POINT_WINNER_95CI,True,NONE,OK
winner_reference::da03b215bf8c3d35f6162b9a,external_final_answer::cell::bb5cfa972a2583b0c93d05ee,external_final_answer,processbench_qwen3_response_v1,cell,processbench_omnimath_qwen3_4b,cell,processbench_omnimath_qwen3_4b,processbench,qwen3_4b,omnimath,"[""processbench_omnimath_qwen3_4b""]",1,single_cell,aurc_x1000,False,"[""ca_specrage_atomic""]",ca_specrage_atomic,equal_feature_mean,370.37699270709004,380.56556653098363,10.188573823893591,-3.419743572120332,23.906848423652182,-10.188573823893591,-23.906848423652185,3.4197435721203178,0.92825,source_group,20000,20000,NOT_SEPARATED_FROM_POINT_WINNER_95CI,True,NONE,OK
winner_reference::da03b215bf8c3d35f6162b9a,external_final_answer::cell::bb5cfa972a2583b0c93d05ee,external_final_answer,processbench_qwen3_response_v1,cell,processbench_omnimath_qwen3_4b,cell,processbench_omnimath_qwen3_4b,processbench,qwen3_4b,omnimath,"[""processbench_omnimath_qwen3_4b""]",1,single_cell,aurc_x1000,False,"[""ca_specrage_atomic""]",ca_specrage_atomic,family_nrm_a,370.37699270709004,388.03921838513645,17.66222567804641,6.688025651658516,28.984185266957823,-17.66222567804641,-28.984185266957837,-6.68802565165852,0.99885,source_group,20000,20000,SEPARATED_FROM_POINT_WINNER_95CI,False,NONE,OK
winner_reference::da03b215bf8c3d35f6162b9a,external_final_answer::cell::bb5cfa972a2583b0c93d05ee,external_final_answer,processbench_qwen3_response_v1,cell,processbench_omnimath_qwen3_4b,cell,processbench_omnimath_qwen3_4b,processbench,qwen3_4b,omnimath,"[""processbench_omnimath_qwen3_4b""]",1,single_cell,aurc_x1000,False,"[""ca_specrage_atomic""]",ca_specrage_atomic,iu_pcr,370.37699270709004,372.4541066540508,2.0771139469607647,-7.367986399846593,11.42759472430802,-2.0771139469607647,-11.427594724308038,7.367986399846582,0.6698,source_group,20000,20000,NOT_SEPARATED_FROM_POINT_WINNER_95CI,True,NONE,OK
winner_reference::da03b215bf8c3d35f6162b9a,external_final_answer::cell::bb5cfa972a2583b0c93d05ee,external_final_answer,processbench_qwen3_response_v1,cell,processbench_omnimath_qwen3_4b,cell,processbench_omnimath_qwen3_4b,processbench,qwen3_4b,omnimath,"[""processbench_omnimath_qwen3_4b""]",1,single_cell,aurc_x1000,False,"[""ca_specrage_atomic""]",ca_specrage_atomic,pgrd_a,370.37699270709004,374.56818105437907,4.191188347289028,-2.08663097537183,10.625325645238151,-4.191188347289028,-10.625325645238156,2.086630975371829,0.9063,source_group,20000,20000,NOT_SEPARATED_FROM_POINT_WINNER_95CI,True,NONE,OK
winner_reference::da03b215bf8c3d35f6162b9a,external_final_answer::cell::bb5cfa972a2583b0c93d05ee,external_final_answer,processbench_qwen3_response_v1,cell,processbench_omnimath_qwen3_4b,cell,processbench_omnimath_qwen3_4b,processbench,qwen3_4b,omnimath,"[""processbench_omnimath_qwen3_4b""]",1,single_cell,aurc_x1000,False,"[""ca_specrage_atomic""]",ca_specrage_atomic,su_pcr,370.37699270709004,372.28413518255485,1.9071424754648092,-7.030713346912822,10.750595252531147,-1.9071424754648092,-10.750595252531147,7.030713346912821,0.6644,source_group,20000,20000,NOT_SEPARATED_FROM_POINT_WINNER_95CI,True,NONE,OK
winner_reference::da03b215bf8c3d35f6162b9a,external_final_answer::cell::bb5cfa972a2583b0c93d05ee,external_final_answer,processbench_qwen3_response_v1,cell,processbench_omnimath_qwen3_4b,cell,processbench_omnimath_qwen3_4b,processbench,qwen3_4b,omnimath,"[""processbench_omnimath_qwen3_4b""]",1,single_cell,aurc_x1000,False,"[""ca_specrage_atomic""]",ca_specrage_atomic,upcr,370.37699270709004,372.59891331636385,2.221920609273809,-2.1940166917701545,6.659858866658547,-2.221920609273809,-6.659858866658547,2.194016691770143,0.8424,source_group,20000,20000,NOT_SEPARATED_FROM_POINT_WINNER_95CI,True,NONE,OK
winner_reference::e6cbf527dad23c60023a617a,external_final_answer::cell::76143cf577c6e1089362fa57,external_final_answer,processbench_qwen3_response_v1,cell,processbench_omnimath_qwen3_4b,cell,processbench_omnimath_qwen3_4b,processbench,qwen3_4b,omnimath,"[""processbench_omnimath_qwen3_4b""]",1,single_cell,auroc,True,"[""deem_b3""]",deem_b3,ca_specrage_atomic,0.6328239999999999,0.62132,-0.011503999999999959,-0.025721663259570135,0.002540902646057298,-0.011503999999999959,-0.025721663259570135,0.002540902646057298,0.9452,source_group,20000,20000,NOT_SEPARATED_FROM_POINT_WINNER_95CI,True,NONE,OK
winner_reference::e6cbf527dad23c60023a617a,external_final_answer::cell::76143cf577c6e1089362fa57,external_final_answer,processbench_qwen3_response_v1,cell,processbench_omnimath_qwen3_4b,cell,processbench_omnimath_qwen3_4b,processbench,qwen3_4b,omnimath,"[""processbench_omnimath_qwen3_4b""]",1,single_cell,auroc,True,"[""deem_b3""]",deem_b3,continuous_lsml,0.6328239999999999,0.6257839999999999,-0.007040000000000046,-0.025841344931948937,0.011452762445384262,-0.007040000000000046,-0.025841344931948937,0.011452762445384262,0.7664,source_group,20000,20000,NOT_SEPARATED_FROM_POINT_WINNER_95CI,True,NONE,OK
winner_reference::e6cbf527dad23c60023a617a,external_final_answer::cell::76143cf577c6e1089362fa57,external_final_answer,processbench_qwen3_response_v1,cell,processbench_omnimath_qwen3_4b,cell,processbench_omnimath_qwen3_4b,processbench,qwen3_4b,omnimath,"[""processbench_omnimath_qwen3_4b""]",1,single_cell,auroc,True,"[""deem_b3""]",deem_b3,deem_b3,0.6328239999999999,0.6328239999999999,0.0,0.0,0.0,0.0,0.0,0.0,1.0,source_group,20000,20000,POINT_WINNER,True,NONE,OK
winner_reference::e6cbf527dad23c60023a617a,external_final_answer::cell::76143cf577c6e1089362fa57,external_final_answer,processbench_qwen3_response_v1,cell,processbench_omnimath_qwen3_4b,cell,processbench_omnimath_qwen3_4b,processbench,qwen3_4b,omnimath,"[""processbench_omnimath_qwen3_4b""]",1,single_cell,auroc,True,"[""deem_b3""]",deem_b3,dufs_liu,0.6328239999999999,0.6265360000000001,-0.006287999999999849,-0.016379321517147,0.0037726552336356045,-0.006287999999999849,-0.016379321517147,0.0037726552336356045,0.8896,source_group,20000,20000,NOT_SEPARATED_FROM_POINT_WINNER_95CI,True,NONE,OK
winner_reference::e6cbf527dad23c60023a617a,external_final_answer::cell::76143cf577c6e1089362fa57,external_final_answer,processbench_qwen3_response_v1,cell,processbench_omnimath_qwen3_4b,cell,processbench_omnimath_qwen3_4b,processbench,qwen3_4b,omnimath,"[""processbench_omnimath_qwen3_4b""]",1,single_cell,auroc,True,"[""deem_b3""]",deem_b3,dufs_pf_lsml,0.6328239999999999,0.6149800000000001,-0.01784399999999986,-0.03553824875284637,-0.00043581403980174645,-0.01784399999999986,-0.03553824875284637,-0.00043581403980174645,0.97725,source_group,20000,20000,SEPARATED_FROM_POINT_WINNER_95CI,False,NONE,OK
winner_reference::e6cbf527dad23c60023a617a,external_final_answer::cell::76143cf577c6e1089362fa57,external_final_answer,processbench_qwen3_response_v1,cell,processbench_omnimath_qwen3_4b,cell,processbench_omnimath_qwen3_4b,processbench,qwen3_4b,omnimath,"[""processbench_omnimath_qwen3_4b""]",1,single_cell,auroc,True,"[""deem_b3""]",deem_b3,dufs_stability_lsml,0.6328239999999999,0.616724,-0.016099999999999892,-0.032297975016224424,-0.00013195232001005685,-0.016099999999999892,-0.032297975016224424,-0.00013195232001005685,0.97565,source_group,20000,20000,SEPARATED_FROM_POINT_WINNER_95CI,False,NONE,OK
winner_reference::e6cbf527dad23c60023a617a,external_final_answer::cell::76143cf577c6e1089362fa57,external_final_answer,processbench_qwen3_response_v1,cell,processbench_omnimath_qwen3_4b,cell,processbench_omnimath_qwen3_4b,processbench,qwen3_4b,omnimath,"[""processbench_omnimath_qwen3_4b""]",1,single_cell,auroc,True,"[""deem_b3""]",deem_b3,equal_family_mean,0.6328239999999999,0.63248,-0.00034399999999989994,-0.0012482465287989575,0.0005562705144660145,-0.00034399999999989994,-0.0012482465287989575,0.0005562705144660145,0.76965,source_group,20000,20000,NOT_SEPARATED_FROM_POINT_WINNER_95CI,True,NONE,OK
winner_reference::e6cbf527dad23c60023a617a,external_final_answer::cell::76143cf577c6e1089362fa57,external_final_answer,processbench_qwen3_response_v1,cell,processbench_omnimath_qwen3_4b,cell,processbench_omnimath_qwen3_4b,processbench,qwen3_4b,omnimath,"[""processbench_omnimath_qwen3_4b""]",1,single_cell,auroc,True,"[""deem_b3""]",deem_b3,equal_feature_mean,0.6328239999999999,0.622684,-0.010139999999999927,-0.01978289173489957,-0.00046512529127064686,-0.010139999999999927,-0.01978289173489957,-0.00046512529127064686,0.98005,source_group,20000,20000,SEPARATED_FROM_POINT_WINNER_95CI,False,NONE,OK
winner_reference::e6cbf527dad23c60023a617a,external_final_answer::cell::76143cf577c6e1089362fa57,external_final_answer,processbench_qwen3_response_v1,cell,processbench_omnimath_qwen3_4b,cell,processbench_omnimath_qwen3_4b,processbench,qwen3_4b,omnimath,"[""processbench_omnimath_qwen3_4b""]",1,single_cell,auroc,True,"[""deem_b3""]",deem_b3,family_nrm_a,0.6328239999999999,0.6124160000000001,-0.02040799999999987,-0.03252069111397418,-0.008552121971628133,-0.02040799999999987,-0.03252069111397418,-0.008552121971628133,0.99985,source_group,20000,20000,SEPARATED_FROM_POINT_WINNER_95CI,False,NONE,OK
winner_reference::e6cbf527dad23c60023a617a,external_final_answer::cell::76143cf577c6e1089362fa57,external_final_answer,processbench_qwen3_response_v1,cell,processbench_omnimath_qwen3_4b,cell,processbench_omnimath_qwen3_4b,processbench,qwen3_4b,omnimath,"[""processbench_omnimath_qwen3_4b""]",1,single_cell,auroc,True,"[""deem_b3""]",deem_b3,iu_pcr,0.6328239999999999,0.62738,-0.005443999999999893,-0.01554028895203768,0.004548365864646119,-0.005443999999999893,-0.01554028895203768,0.004548365864646119,0.85465,source_group,20000,20000,NOT_SEPARATED_FROM_POINT_WINNER_95CI,True,NONE,OK
winner_reference::e6cbf527dad23c60023a617a,external_final_answer::cell::76143cf577c6e1089362fa57,external_final_answer,processbench_qwen3_response_v1,cell,processbench_omnimath_qwen3_4b,cell,processbench_omnimath_qwen3_4b,processbench,qwen3_4b,omnimath,"[""processbench_omnimath_qwen3_4b""]",1,single_cell,auroc,True,"[""deem_b3""]",deem_b3,pgrd_a,0.6328239999999999,0.622188,-0.010635999999999979,-0.020999214982617476,-0.00037232806344449147,-0.010635999999999979,-0.020999214982617476,-0.00037232806344449147,0.97895,source_group,20000,20000,SEPARATED_FROM_POINT_WINNER_95CI,False,NONE,OK
winner_reference::e6cbf527dad23c60023a617a,external_final_answer::cell::76143cf577c6e1089362fa57,external_final_answer,processbench_qwen3_response_v1,cell,processbench_omnimath_qwen3_4b,cell,processbench_omnimath_qwen3_4b,processbench,qwen3_4b,omnimath,"[""processbench_omnimath_qwen3_4b""]",1,single_cell,auroc,True,"[""deem_b3""]",deem_b3,su_pcr,0.6328239999999999,0.6270479999999999,-0.005776000000000003,-0.01584101659145529,0.004212348485148437,-0.005776000000000003,-0.01584101659145529,0.004212348485148437,0.87,source_group,20000,20000,NOT_SEPARATED_FROM_POINT_WINNER_95CI,True,NONE,OK
winner_reference::e6cbf527dad23c60023a617a,external_final_answer::cell::76143cf577c6e1089362fa57,external_final_answer,processbench_qwen3_response_v1,cell,processbench_omnimath_qwen3_4b,cell,processbench_omnimath_qwen3_4b,processbench,qwen3_4b,omnimath,"[""processbench_omnimath_qwen3_4b""]",1,single_cell,auroc,True,"[""deem_b3""]",deem_b3,upcr,0.6328239999999999,0.6209119999999999,-0.011912000000000034,-0.024917514343728984,0.0009332825735329834,-0.011912000000000034,-0.024917514343728984,0.0009332825735329834,0.96535,source_group,20000,20000,NOT_SEPARATED_FROM_POINT_WINNER_95CI,True,NONE,OK
winner_reference::8372d2e6a696be03f4c751f8,external_final_answer::cell::9a7a6d047219698c3f002639,external_final_answer,processbench_qwen3_response_v1,cell,processbench_omnimath_qwen3_8b,cell,processbench_omnimath_qwen3_8b,processbench,qwen3_8b,omnimath,"[""processbench_omnimath_qwen3_8b""]",1,single_cell,auprc,True,"[""continuous_lsml""]",continuous_lsml,ca_specrage_atomic,0.6130604555118059,0.5858121612175511,-0.027248294294254793,-0.05437853669911941,-0.0005664159107697631,-0.027248294294254793,-0.05437853669911941,-0.0005664159107697631,0.97705,source_group,20000,20000,SEPARATED_FROM_POINT_WINNER_95CI,False,NONE,OK
winner_reference::8372d2e6a696be03f4c751f8,external_final_answer::cell::9a7a6d047219698c3f002639,external_final_answer,processbench_qwen3_response_v1,cell,processbench_omnimath_qwen3_8b,cell,processbench_omnimath_qwen3_8b,processbench,qwen3_8b,omnimath,"[""processbench_omnimath_qwen3_8b""]",1,single_cell,auprc,True,"[""continuous_lsml""]",continuous_lsml,continuous_lsml,0.6130604555118059,0.6130604555118059,0.0,0.0,0.0,0.0,0.0,0.0,1.0,source_group,20000,20000,POINT_WINNER,True,NONE,OK
winner_reference::8372d2e6a696be03f4c751f8,external_final_answer::cell::9a7a6d047219698c3f002639,external_final_answer,processbench_qwen3_response_v1,cell,processbench_omnimath_qwen3_8b,cell,processbench_omnimath_qwen3_8b,processbench,qwen3_8b,omnimath,"[""processbench_omnimath_qwen3_8b""]",1,single_cell,auprc,True,"[""continuous_lsml""]",continuous_lsml,deem_b3,0.6130604555118059,0.6053712943564439,-0.007689161155362001,-0.030614241878546073,0.01375917265714775,-0.007689161155362001,-0.030614241878546073,0.01375917265714775,0.767,source_group,20000,20000,NOT_SEPARATED_FROM_POINT_WINNER_95CI,True,NONE,OK
winner_reference::8372d2e6a696be03f4c751f8,external_final_answer::cell::9a7a6d047219698c3f002639,external_final_answer,processbench_qwen3_response_v1,cell,processbench_omnimath_qwen3_8b,cell,processbench_omnimath_qwen3_8b,processbench,qwen3_8b,omnimath,"[""processbench_omnimath_qwen3_8b""]",1,single_cell,auprc,True,"[""continuous_lsml""]",continuous_lsml,dufs_liu,0.6130604555118059,0.5985595312626375,-0.014500924249168379,-0.03509967403876151,0.004191293630995232,-0.014500924249168379,-0.03509967403876151,0.004191293630995232,0.9395,source_group,20000,20000,NOT_SEPARATED_FROM_POINT_WINNER_95CI,True,NONE,OK
winner_reference::8372d2e6a696be03f4c751f8,external_final_answer::cell::9a7a6d047219698c3f002639,external_final_answer,processbench_qwen3_response_v1,cell,processbench_omnimath_qwen3_8b,cell,processbench_omnimath_qwen3_8b,processbench,qwen3_8b,omnimath,"[""processbench_omnimath_qwen3_8b""]",1,single_cell,auprc,True,"[""continuous_lsml""]",continuous_lsml,dufs_pf_lsml,0.6130604555118059,0.5670954009569884,-0.045965054554817475,-0.07754968724407224,-0.013046728610682429,-0.045965054554817475,-0.07754968724407224,-0.013046728610682429,0.99745,source_group,20000,20000,SEPARATED_FROM_POINT_WINNER_95CI,False,NONE,OK
winner_reference::8372d2e6a696be03f4c751f8,external_final_answer::cell::9a7a6d047219698c3f002639,external_final_answer,processbench_qwen3_response_v1,cell,processbench_omnimath_qwen3_8b,cell,processbench_omnimath_qwen3_8b,processbench,qwen3_8b,omnimath,"[""processbench_omnimath_qwen3_8b""]",1,single_cell,auprc,True,"[""continuous_lsml""]",continuous_lsml,dufs_stability_lsml,0.6130604555118059,0.5840368959015597,-0.029023559610246163,-0.05738318449623936,-0.00122214227651077,-0.029023559610246163,-0.05738318449623936,-0.00122214227651077,0.9796,source_group,20000,20000,SEPARATED_FROM_POINT_WINNER_95CI,False,NONE,OK
winner_reference::8372d2e6a696be03f4c751f8,external_final_answer::cell::9a7a6d047219698c3f002639,external_final_answer,processbench_qwen3_response_v1,cell,processbench_omnimath_qwen3_8b,cell,processbench_omnimath_qwen3_8b,processbench,qwen3_8b,omnimath,"[""processbench_omnimath_qwen3_8b""]",1,single_cell,auprc,True,"[""continuous_lsml""]",continuous_lsml,equal_family_mean,0.6130604555118059,0.6062719106446501,-0.006788544867155744,-0.02966113368674693,0.014607943878244536,-0.006788544867155744,-0.02966113368674693,0.014607943878244536,0.7434,source_group,20000,20000,NOT_SEPARATED_FROM_POINT_WINNER_95CI,True,NONE,OK
winner_reference::8372d2e6a696be03f4c751f8,external_final_answer::cell::9a7a6d047219698c3f002639,external_final_answer,processbench_qwen3_response_v1,cell,processbench_omnimath_qwen3_8b,cell,processbench_omnimath_qwen3_8b,processbench,qwen3_8b,omnimath,"[""processbench_omnimath_qwen3_8b""]",1,single_cell,auprc,True,"[""continuous_lsml""]",continuous_lsml,equal_feature_mean,0.6130604555118059,0.6018935478432399,-0.011166907668565984,-0.027736601008801254,0.0033983694051494956,-0.011166907668565984,-0.027736601008801254,0.0033983694051494956,0.9329,source_group,20000,20000,NOT_SEPARATED_FROM_POINT_WINNER_95CI,True,NONE,OK
winner_reference::8372d2e6a696be03f4c751f8,external_final_answer::cell::9a7a6d047219698c3f002639,external_final_answer,processbench_qwen3_response_v1,cell,processbench_omnimath_qwen3_8b,cell,processbench_omnimath_qwen3_8b,processbench,qwen3_8b,omnimath,"[""processbench_omnimath_qwen3_8b""]",1,single_cell,auprc,True,"[""continuous_lsml""]",continuous_lsml,family_nrm_a,0.6130604555118059,0.5959909799382893,-0.017069475573516568,-0.035640889493263904,-0.0010890778244046398,-0.017069475573516568,-0.035640889493263904,-0.0010890778244046398,0.9814,source_group,20000,20000,SEPARATED_FROM_POINT_WINNER_95CI,False,NONE,OK
winner_reference::8372d2e6a696be03f4c751f8,external_final_answer::cell::9a7a6d047219698c3f002639,external_final_answer,processbench_qwen3_response_v1,cell,processbench_omnimath_qwen3_8b,cell,processbench_omnimath_qwen3_8b,processbench,qwen3_8b,omnimath,"[""processbench_omnimath_qwen3_8b""]",1,single_cell,auprc,True,"[""continuous_lsml""]",continuous_lsml,iu_pcr,0.6130604555118059,0.6004257525557939,-0.01263470295601199,-0.03157481059262267,0.004171925667111083,-0.01263470295601199,-0.03157481059262267,0.004171925667111083,0.93495,source_group,20000,20000,NOT_SEPARATED_FROM_POINT_WINNER_95CI,True,NONE,OK
winner_reference::8372d2e6a696be03f4c751f8,external_final_answer::cell::9a7a6d047219698c3f002639,external_final_answer,processbench_qwen3_response_v1,cell,processbench_omnimath_qwen3_8b,cell,processbench_omnimath_qwen3_8b,processbench,qwen3_8b,omnimath,"[""processbench_omnimath_qwen3_8b""]",1,single_cell,auprc,True,"[""continuous_lsml""]",continuous_lsml,pgrd_a,0.6130604555118059,0.5939602111879063,-0.019100244323899562,-0.04152429110019379,0.0009866362387412923,-0.019100244323899562,-0.04152429110019379,0.0009866362387412923,0.96825,source_group,20000,20000,NOT_SEPARATED_FROM_POINT_WINNER_95CI,True,NONE,OK
winner_reference::8372d2e6a696be03f4c751f8,external_final_answer::cell::9a7a6d047219698c3f002639,external_final_answer,processbench_qwen3_response_v1,cell,processbench_omnimath_qwen3_8b,cell,processbench_omnimath_qwen3_8b,processbench,qwen3_8b,omnimath,"[""processbench_omnimath_qwen3_8b""]",1,single_cell,auprc,True,"[""continuous_lsml""]",continuous_lsml,su_pcr,0.6130604555118059,0.599547252997251,-0.0135132025145549,-0.0332744197484261,0.004272814982951167,-0.0135132025145549,-0.0332744197484261,0.004272814982951167,0.9362,source_group,20000,20000,NOT_SEPARATED_FROM_POINT_WINNER_95CI,True,NONE,OK
winner_reference::8372d2e6a696be03f4c751f8,external_final_answer::cell::9a7a6d047219698c3f002639,external_final_answer,processbench_qwen3_response_v1,cell,processbench_omnimath_qwen3_8b,cell,processbench_omnimath_qwen3_8b,processbench,qwen3_8b,omnimath,"[""processbench_omnimath_qwen3_8b""]",1,single_cell,auprc,True,"[""continuous_lsml""]",continuous_lsml,upcr,0.6130604555118059,0.5873026873227944,-0.025757768189011432,-0.05167278660918787,-0.00042627164265719323,-0.025757768189011432,-0.05167278660918787,-0.00042627164265719323,0.97655,source_group,20000,20000,SEPARATED_FROM_POINT_WINNER_95CI,False,NONE,OK
winner_reference::715fd10d5e44632f7895ce16,external_final_answer::cell::d8ce124eff7e7e5bb0c06908,external_final_answer,processbench_qwen3_response_v1,cell,processbench_omnimath_qwen3_8b,cell,processbench_omnimath_qwen3_8b,processbench,qwen3_8b,omnimath,"[""processbench_omnimath_qwen3_8b""]",1,single_cell,aurc_x1000,False,"[""deem_b3""]",deem_b3,ca_specrage_atomic,364.03932737894024,371.4319003833454,7.392573004405165,-4.275160956562212,19.16268626466854,-7.392573004405165,-19.16268626466854,4.275160956562204,0.89365,source_group,20000,20000,NOT_SEPARATED_FROM_POINT_WINNER_95CI,True,NONE,OK
winner_reference::715fd10d5e44632f7895ce16,external_final_answer::cell::d8ce124eff7e7e5bb0c06908,external_final_answer,processbench_qwen3_response_v1,cell,processbench_omnimath_qwen3_8b,cell,processbench_omnimath_qwen3_8b,processbench,qwen3_8b,omnimath,"[""processbench_omnimath_qwen3_8b""]",1,single_cell,aurc_x1000,False,"[""deem_b3""]",deem_b3,continuous_lsml,364.03932737894024,382.96149604037765,18.92216866143741,6.057250819425088,31.499990113484653,-18.92216866143741,-31.499990113484657,-6.057250819425134,0.99815,source_group,20000,20000,SEPARATED_FROM_POINT_WINNER_95CI,False,NONE,OK
winner_reference::715fd10d5e44632f7895ce16,external_final_answer::cell::d8ce124eff7e7e5bb0c06908,external_final_answer,processbench_qwen3_response_v1,cell,processbench_omnimath_qwen3_8b,cell,processbench_omnimath_qwen3_8b,processbench,qwen3_8b,omnimath,"[""processbench_omnimath_qwen3_8b""]",1,single_cell,aurc_x1000,False,"[""deem_b3""]",deem_b3,deem_b3,364.03932737894024,364.03932737894024,0.0,0.0,0.0,-0.0,-0.0,0.0,1.0,source_group,20000,20000,POINT_WINNER,True,NONE,OK
winner_reference::715fd10d5e44632f7895ce16,external_final_answer::cell::d8ce124eff7e7e5bb0c06908,external_final_answer,processbench_qwen3_response_v1,cell,processbench_omnimath_qwen3_8b,cell,processbench_omnimath_qwen3_8b,processbench,qwen3_8b,omnimath,"[""processbench_omnimath_qwen3_8b""]",1,single_cell,aurc_x1000,False,"[""deem_b3""]",deem_b3,dufs_liu,364.03932737894024,369.6020874075068,5.562760028566572,-2.153437322357307,13.213401913884363,-5.562760028566572,-13.213401913884365,2.153437322357298,0.92335,source_group,20000,20000,NOT_SEPARATED_FROM_POINT_WINNER_95CI,True,NONE,OK
winner_reference::715fd10d5e44632f7895ce16,external_final_answer::cell::d8ce124eff7e7e5bb0c06908,external_final_answer,processbench_qwen3_response_v1,cell,processbench_omnimath_qwen3_8b,cell,processbench_omnimath_qwen3_8b,processbench,qwen3_8b,omnimath,"[""processbench_omnimath_qwen3_8b""]",1,single_cell,aurc_x1000,False,"[""deem_b3""]",deem_b3,dufs_pf_lsml,364.03932737894024,389.1973310483988,25.158003669458537,4.099296705296992,46.48165545479576,-25.158003669458537,-46.481655454795785,-4.0992967052970055,0.9894,source_group,20000,20000,SEPARATED_FROM_POINT_WINNER_95CI,False,NONE,OK
winner_reference::715fd10d5e44632f7895ce16,external_final_answer::cell::d8ce124eff7e7e5bb0c06908,external_final_answer,processbench_qwen3_response_v1,cell,processbench_omnimath_qwen3_8b,cell,processbench_omnimath_qwen3_8b,processbench,qwen3_8b,omnimath,"[""processbench_omnimath_qwen3_8b""]",1,single_cell,aurc_x1000,False,"[""deem_b3""]",deem_b3,dufs_stability_lsml,364.03932737894024,372.32844939964275,8.289122020702507,-6.404430197807829,23.094992168913326,-8.289122020702507,-23.09499216891333,6.404430197807801,0.8677,source_group,20000,20000,NOT_SEPARATED_FROM_POINT_WINNER_95CI,True,NONE,OK
winner_reference::715fd10d5e44632f7895ce16,external_final_answer::cell::d8ce124eff7e7e5bb0c06908,external_final_answer,processbench_qwen3_response_v1,cell,processbench_omnimath_qwen3_8b,cell,processbench_omnimath_qwen3_8b,processbench,qwen3_8b,omnimath,"[""processbench_omnimath_qwen3_8b""]",1,single_cell,aurc_x1000,False,"[""deem_b3""]",deem_b3,equal_family_mean,364.03932737894024,364.3141346639664,0.2748072850261565,-0.43900999821986775,1.0026634080082923,-0.2748072850261565,-1.0026634080082928,0.4390099982198675,0.7802,source_group,20000,20000,NOT_SEPARATED_FROM_POINT_WINNER_95CI,True,NONE,OK
winner_reference::715fd10d5e44632f7895ce16,external_final_answer::cell::d8ce124eff7e7e5bb0c06908,external_final_answer,processbench_qwen3_response_v1,cell,processbench_omnimath_qwen3_8b,cell,processbench_omnimath_qwen3_8b,processbench,qwen3_8b,omnimath,"[""processbench_omnimath_qwen3_8b""]",1,single_cell,aurc_x1000,False,"[""deem_b3""]",deem_b3,equal_feature_mean,364.03932737894024,372.56728355590104,8.5279561769608,1.6103266908509823,15.557572911734354,-8.5279561769608,-15.557572911734356,-1.6103266908509852,0.99215,source_group,20000,20000,SEPARATED_FROM_POINT_WINNER_95CI,False,NONE,OK
winner_reference::715fd10d5e44632f7895ce16,external_final_answer::cell::d8ce124eff7e7e5bb0c06908,external_final_answer,processbench_qwen3_response_v1,cell,processbench_omnimath_qwen3_8b,cell,processbench_omnimath_qwen3_8b,processbench,qwen3_8b,omnimath,"[""processbench_omnimath_qwen3_8b""]",1,single_cell,aurc_x1000,False,"[""deem_b3""]",deem_b3,family_nrm_a,364.03932737894024,383.21095963549146,19.17163225655122,9.476437806722318,28.314081070794835,-19.17163225655122,-28.31408107079484,-9.476437806722318,1.0,source_group,20000,20000,SEPARATED_FROM_POINT_WINNER_95CI,False,NONE,OK
winner_reference::715fd10d5e44632f7895ce16,external_final_answer::cell::d8ce124eff7e7e5bb0c06908,external_final_answer,processbench_qwen3_response_v1,cell,processbench_omnimath_qwen3_8b,cell,processbench_omnimath_qwen3_8b,processbench,qwen3_8b,omnimath,"[""processbench_omnimath_qwen3_8b""]",1,single_cell,aurc_x1000,False,"[""deem_b3""]",deem_b3,iu_pcr,364.03932737894024,370.27152455437397,6.2321971754337255,-1.2508224481629484,13.727649216327505,-6.2321971754337255,-13.727649216327523,1.2508224481629473,0.94955,source_group,20000,20000,NOT_SEPARATED_FROM_POINT_WINNER_95CI,True,NONE,OK
winner_reference::715fd10d5e44632f7895ce16,external_final_answer::cell::d8ce124eff7e7e5bb0c06908,external_final_answer,processbench_qwen3_response_v1,cell,processbench_omnimath_qwen3_8b,cell,processbench_omnimath_qwen3_8b,processbench,qwen3_8b,omnimath,"[""processbench_omnimath_qwen3_8b""]",1,single_cell,aurc_x1000,False,"[""deem_b3""]",deem_b3,pgrd_a,364.03932737894024,379.3293925441997,15.290065165259477,5.853740321203044,24.115083162947332,-15.290065165259477,-24.115083162947354,-5.853740321203049,0.9996,source_group,20000,20000,SEPARATED_FROM_POINT_WINNER_95CI,False,NONE,OK
winner_reference::715fd10d5e44632f7895ce16,external_final_answer::cell::d8ce124eff7e7e5bb0c06908,external_final_answer,processbench_qwen3_response_v1,cell,processbench_omnimath_qwen3_8b,cell,processbench_omnimath_qwen3_8b,processbench,qwen3_8b,omnimath,"[""processbench_omnimath_qwen3_8b""]",1,single_cell,aurc_x1000,False,"[""deem_b3""]",deem_b3,su_pcr,364.03932737894024,369.9550314137757,5.915704034835471,-1.658652835326329,13.442832372682885,-5.915704034835471,-13.442832372682894,1.6586528353263204,0.93935,source_group,20000,20000,NOT_SEPARATED_FROM_POINT_WINNER_95CI,True,NONE,OK
winner_reference::715fd10d5e44632f7895ce16,external_final_answer::cell::d8ce124eff7e7e5bb0c06908,external_final_answer,processbench_qwen3_response_v1,cell,processbench_omnimath_qwen3_8b,cell,processbench_omnimath_qwen3_8b,processbench,qwen3_8b,omnimath,"[""processbench_omnimath_qwen3_8b""]",1,single_cell,aurc_x1000,False,"[""deem_b3""]",deem_b3,upcr,364.03932737894024,373.89848692268043,9.85915954374019,-1.0545522588519076,20.682234539792518,-9.85915954374019,-20.68223453979252,1.0545522588519076,0.96165,source_group,20000,20000,NOT_SEPARATED_FROM_POINT_WINNER_95CI,True,NONE,OK
winner_reference::5bea3b2c8558d8c6b0b27116,external_final_answer::cell::66094e85ba82876626c8d5f0,external_final_answer,processbench_qwen3_response_v1,cell,processbench_omnimath_qwen3_8b,cell,processbench_omnimath_qwen3_8b,processbench,qwen3_8b,omnimath,"[""processbench_omnimath_qwen3_8b""]",1,single_cell,auroc,True,"[""deem_b3""]",deem_b3,ca_specrage_atomic,0.6443080000000001,0.625452,-0.018856000000000095,-0.03348912192184798,-0.004530631561677658,-0.018856000000000095,-0.03348912192184798,-0.004530631561677658,0.99505,source_group,20000,20000,SEPARATED_FROM_POINT_WINNER_95CI,False,NONE,OK
winner_reference::5bea3b2c8558d8c6b0b27116,external_final_answer::cell::66094e85ba82876626c8d5f0,external_final_answer,processbench_qwen3_response_v1,cell,processbench_omnimath_qwen3_8b,cell,processbench_omnimath_qwen3_8b,processbench,qwen3_8b,omnimath,"[""processbench_omnimath_qwen3_8b""]",1,single_cell,auroc,True,"[""deem_b3""]",deem_b3,continuous_lsml,0.6443080000000001,0.632952,-0.011356000000000144,-0.03047503041569938,0.007665753091334328,-0.011356000000000144,-0.03047503041569938,0.007665753091334328,0.87545,source_group,20000,20000,NOT_SEPARATED_FROM_POINT_WINNER_95CI,True,NONE,OK
winner_reference::5bea3b2c8558d8c6b0b27116,external_final_answer::cell::66094e85ba82876626c8d5f0,external_final_answer,processbench_qwen3_response_v1,cell,processbench_omnimath_qwen3_8b,cell,processbench_omnimath_qwen3_8b,processbench,qwen3_8b,omnimath,"[""processbench_omnimath_qwen3_8b""]",1,single_cell,auroc,True,"[""deem_b3""]",deem_b3,deem_b3,0.6443080000000001,0.6443080000000001,0.0,0.0,0.0,0.0,0.0,0.0,1.0,source_group,20000,20000,POINT_WINNER,True,NONE,OK
winner_reference::5bea3b2c8558d8c6b0b27116,external_final_answer::cell::66094e85ba82876626c8d5f0,external_final_answer,processbench_qwen3_response_v1,cell,processbench_omnimath_qwen3_8b,cell,processbench_omnimath_qwen3_8b,processbench,qwen3_8b,omnimath,"[""processbench_omnimath_qwen3_8b""]",1,single_cell,auroc,True,"[""deem_b3""]",deem_b3,dufs_liu,0.6443080000000001,0.635088,-0.009220000000000117,-0.019615931105853596,0.0009482346416664508,-0.009220000000000117,-0.019615931105853596,0.0009482346416664508,0.96165,source_group,20000,20000,NOT_SEPARATED_FROM_POINT_WINNER_95CI,True,NONE,OK
winner_reference::5bea3b2c8558d8c6b0b27116,external_final_answer::cell::66094e85ba82876626c8d5f0,external_final_answer,processbench_qwen3_response_v1,cell,processbench_omnimath_qwen3_8b,cell,processbench_omnimath_qwen3_8b,processbench,qwen3_8b,omnimath,"[""processbench_omnimath_qwen3_8b""]",1,single_cell,auroc,True,"[""deem_b3""]",deem_b3,dufs_pf_lsml,0.6443080000000001,0.606604,-0.03770400000000007,-0.05834877431795388,-0.01722759136823483,-0.03770400000000007,-0.05834877431795388,-0.01722759136823483,1.0,source_group,20000,20000,SEPARATED_FROM_POINT_WINNER_95CI,False,NONE,OK
winner_reference::5bea3b2c8558d8c6b0b27116,external_final_answer::cell::66094e85ba82876626c8d5f0,external_final_answer,processbench_qwen3_response_v1,cell,processbench_omnimath_qwen3_8b,cell,processbench_omnimath_qwen3_8b,processbench,qwen3_8b,omnimath,"[""processbench_omnimath_qwen3_8b""]",1,single_cell,auroc,True,"[""deem_b3""]",deem_b3,dufs_stability_lsml,0.6443080000000001,0.6233,-0.021008000000000138,-0.036395863290650574,-0.0059343238975697755,-0.021008000000000138,-0.036395863290650574,-0.0059343238975697755,0.99665,source_group,20000,20000,SEPARATED_FROM_POINT_WINNER_95CI,False,NONE,OK
winner_reference::5bea3b2c8558d8c6b0b27116,external_final_answer::cell::66094e85ba82876626c8d5f0,external_final_answer,processbench_qwen3_response_v1,cell,processbench_omnimath_qwen3_8b,cell,processbench_omnimath_qwen3_8b,processbench,qwen3_8b,omnimath,"[""processbench_omnimath_qwen3_8b""]",1,single_cell,auroc,True,"[""deem_b3""]",deem_b3,equal_family_mean,0.6443080000000001,0.6442359999999999,-7.200000000018303e-05,-0.0009808423787786042,0.0008262577756461477,-7.200000000018303e-05,-0.0009808423787786042,0.0008262577756461477,0.5657,source_group,20000,20000,NOT_SEPARATED_FROM_POINT_WINNER_95CI,True,NONE,OK
winner_reference::5bea3b2c8558d8c6b0b27116,external_final_answer::cell::66094e85ba82876626c8d5f0,external_final_answer,processbench_qwen3_response_v1,cell,processbench_omnimath_qwen3_8b,cell,processbench_omnimath_qwen3_8b,processbench,qwen3_8b,omnimath,"[""processbench_omnimath_qwen3_8b""]",1,single_cell,auroc,True,"[""deem_b3""]",deem_b3,equal_feature_mean,0.6443080000000001,0.63578,-0.008528000000000091,-0.018528943409512794,0.0011970808121128825,-0.008528000000000091,-0.018528943409512794,0.0011970808121128825,0.9557,source_group,20000,20000,NOT_SEPARATED_FROM_POINT_WINNER_95CI,True,NONE,OK
winner_reference::5bea3b2c8558d8c6b0b27116,external_final_answer::cell::66094e85ba82876626c8d5f0,external_final_answer,processbench_qwen3_response_v1,cell,processbench_omnimath_qwen3_8b,cell,processbench_omnimath_qwen3_8b,processbench,qwen3_8b,omnimath,"[""processbench_omnimath_qwen3_8b""]",1,single_cell,auroc,True,"[""deem_b3""]",deem_b3,family_nrm_a,0.6443080000000001,0.6236679999999999,-0.020640000000000214,-0.0331800700250751,-0.008393596119710566,-0.020640000000000214,-0.0331800700250751,-0.008393596119710566,0.9995,source_group,20000,20000,SEPARATED_FROM_POINT_WINNER_95CI,False,NONE,OK
winner_reference::5bea3b2c8558d8c6b0b27116,external_final_answer::cell::66094e85ba82876626c8d5f0,external_final_answer,processbench_qwen3_response_v1,cell,processbench_omnimath_qwen3_8b,cell,processbench_omnimath_qwen3_8b,processbench,qwen3_8b,omnimath,"[""processbench_omnimath_qwen3_8b""]",1,single_cell,auroc,True,"[""deem_b3""]",deem_b3,iu_pcr,0.6443080000000001,0.635904,-0.008404000000000078,-0.018668142833421858,0.0016847576980199461,-0.008404000000000078,-0.018668142833421858,0.0016847576980199461,0.94785,source_group,20000,20000,NOT_SEPARATED_FROM_POINT_WINNER_95CI,True,NONE,OK
winner_reference::5bea3b2c8558d8c6b0b27116,external_final_answer::cell::66094e85ba82876626c8d5f0,external_final_answer,processbench_qwen3_response_v1,cell,processbench_omnimath_qwen3_8b,cell,processbench_omnimath_qwen3_8b,processbench,qwen3_8b,omnimath,"[""processbench_omnimath_qwen3_8b""]",1,single_cell,auroc,True,"[""deem_b3""]",deem_b3,pgrd_a,0.6443080000000001,0.6259839999999999,-0.01832400000000023,-0.030087784838865025,-0.006890670731692971,-0.01832400000000023,-0.030087784838865025,-0.006890670731692971,0.99935,source_group,20000,20000,SEPARATED_FROM_POINT_WINNER_95CI,False,NONE,OK
winner_reference::5bea3b2c8558d8c6b0b27116,external_final_answer::cell::66094e85ba82876626c8d5f0,external_final_answer,processbench_qwen3_response_v1,cell,processbench_omnimath_qwen3_8b,cell,processbench_omnimath_qwen3_8b,processbench,qwen3_8b,omnimath,"[""processbench_omnimath_qwen3_8b""]",1,single_cell,auroc,True,"[""deem_b3""]",deem_b3,su_pcr,0.6443080000000001,0.6355839999999999,-0.008724000000000176,-0.019015961022338372,0.0014298922744586766,-0.008724000000000176,-0.019015961022338372,0.0014298922744586766,0.95415,source_group,20000,20000,NOT_SEPARATED_FROM_POINT_WINNER_95CI,True,NONE,OK
winner_reference::5bea3b2c8558d8c6b0b27116,external_final_answer::cell::66094e85ba82876626c8d5f0,external_final_answer,processbench_qwen3_response_v1,cell,processbench_omnimath_qwen3_8b,cell,processbench_omnimath_qwen3_8b,processbench,qwen3_8b,omnimath,"[""processbench_omnimath_qwen3_8b""]",1,single_cell,auroc,True,"[""deem_b3""]",deem_b3,upcr,0.6443080000000001,0.6245200000000001,-0.019788000000000028,-0.033824309633170846,-0.006003721409073714,-0.019788000000000028,-0.033824309633170846,-0.006003721409073714,0.9977,source_group,20000,20000,SEPARATED_FROM_POINT_WINNER_95CI,False,NONE,OK
winner_reference::cb68ae067c2c73f4941f3dea,external_final_answer::population::8791a0a51518152e9cb89a58,external_final_answer,processbench_qwen3_response_v1,population,processbench_qwen3_response_v1,population,__population__,processbench,__multiple__,population::equal_model_then_equal_subset,"[""processbench_gsm8k_qwen3_4b"",""processbench_gsm8k_qwen3_8b"",""processbench_math_qwen3_4b"",""processbench_math_qwen3_8b"",""processbench_olympiadbench_qwen3_4b"",""processbench_olympiadbench_qwen3_8b"",""processbench_omnimath_qwen3_4b"",""processbench_omnimath_qwen3_8b""]",8,equal_cell,auprc,True,"[""equal_family_mean""]",equal_family_mean,ca_specrage_atomic,0.6872038499315001,0.6775954410022786,-0.009608408929221435,-0.01579273634985128,-0.0029548592389599415,-0.009608408929221435,-0.01579273634985128,-0.0029548592389599415,0.99785,linked_source_group,20000,20000,SEPARATED_FROM_POINT_WINNER_95CI,False,NONE,OK
winner_reference::cb68ae067c2c73f4941f3dea,external_final_answer::population::8791a0a51518152e9cb89a58,external_final_answer,processbench_qwen3_response_v1,population,processbench_qwen3_response_v1,population,__population__,processbench,__multiple__,population::equal_model_then_equal_subset,"[""processbench_gsm8k_qwen3_4b"",""processbench_gsm8k_qwen3_8b"",""processbench_math_qwen3_4b"",""processbench_math_qwen3_8b"",""processbench_olympiadbench_qwen3_4b"",""processbench_olympiadbench_qwen3_8b"",""processbench_omnimath_qwen3_4b"",""processbench_omnimath_qwen3_8b""]",8,equal_cell,auprc,True,"[""equal_family_mean""]",equal_family_mean,continuous_lsml,0.6872038499315001,0.6761549033859784,-0.011048946545521687,-0.02071815272888387,-0.0015292192731252857,-0.011048946545521687,-0.02071815272888387,-0.0015292192731252857,0.98825,linked_source_group,20000,20000,SEPARATED_FROM_POINT_WINNER_95CI,False,NONE,OK
winner_reference::cb68ae067c2c73f4941f3dea,external_final_answer::population::8791a0a51518152e9cb89a58,external_final_answer,processbench_qwen3_response_v1,population,processbench_qwen3_response_v1,population,__population__,processbench,__multiple__,population::equal_model_then_equal_subset,"[""processbench_gsm8k_qwen3_4b"",""processbench_gsm8k_qwen3_8b"",""processbench_math_qwen3_4b"",""processbench_math_qwen3_8b"",""processbench_olympiadbench_qwen3_4b"",""processbench_olympiadbench_qwen3_8b"",""processbench_omnimath_qwen3_4b"",""processbench_omnimath_qwen3_8b""]",8,equal_cell,auprc,True,"[""equal_family_mean""]",equal_family_mean,deem_b3,0.6872038499315001,0.6870786091445883,-0.00012524078691178442,-0.0005944708879399574,0.000337260672474865,-0.00012524078691178442,-0.0005944708879399574,0.000337260672474865,0.6746,linked_source_group,20000,20000,NOT_SEPARATED_FROM_POINT_WINNER_95CI,True,NONE,OK
winner_reference::cb68ae067c2c73f4941f3dea,external_final_answer::population::8791a0a51518152e9cb89a58,external_final_answer,processbench_qwen3_response_v1,population,processbench_qwen3_response_v1,population,__population__,processbench,__multiple__,population::equal_model_then_equal_subset,"[""processbench_gsm8k_qwen3_4b"",""processbench_gsm8k_qwen3_8b"",""processbench_math_qwen3_4b"",""processbench_math_qwen3_8b"",""processbench_olympiadbench_qwen3_4b"",""processbench_olympiadbench_qwen3_8b"",""processbench_omnimath_qwen3_4b"",""processbench_omnimath_qwen3_8b""]",8,equal_cell,auprc,True,"[""equal_family_mean""]",equal_family_mean,dufs_liu,0.6872038499315001,0.6825423295379149,-0.004661520393585139,-0.010222691125821897,0.0008762178359360676,-0.004661520393585139,-0.010222691125821897,0.0008762178359360676,0.95275,linked_source_group,20000,20000,NOT_SEPARATED_FROM_POINT_WINNER_95CI,True,NONE,OK
winner_reference::cb68ae067c2c73f4941f3dea,external_final_answer::population::8791a0a51518152e9cb89a58,external_final_answer,processbench_qwen3_response_v1,population,processbench_qwen3_response_v1,population,__population__,processbench,__multiple__,population::equal_model_then_equal_subset,"[""processbench_gsm8k_qwen3_4b"",""processbench_gsm8k_qwen3_8b"",""processbench_math_qwen3_4b"",""processbench_math_qwen3_8b"",""processbench_olympiadbench_qwen3_4b"",""processbench_olympiadbench_qwen3_8b"",""processbench_omnimath_qwen3_4b"",""processbench_omnimath_qwen3_8b""]",8,equal_cell,auprc,True,"[""equal_family_mean""]",equal_family_mean,dufs_pf_lsml,0.6872038499315001,0.6668869136298898,-0.020316936301610244,-0.028408083996567773,-0.011564916777613373,-0.020316936301610244,-0.028408083996567773,-0.011564916777613373,1.0,linked_source_group,20000,20000,SEPARATED_FROM_POINT_WINNER_95CI,False,NONE,OK
winner_reference::cb68ae067c2c73f4941f3dea,external_final_answer::population::8791a0a51518152e9cb89a58,external_final_answer,processbench_qwen3_response_v1,population,processbench_qwen3_response_v1,population,__population__,processbench,__multiple__,population::equal_model_then_equal_subset,"[""processbench_gsm8k_qwen3_4b"",""processbench_gsm8k_qwen3_8b"",""processbench_math_qwen3_4b"",""processbench_math_qwen3_8b"",""processbench_olympiadbench_qwen3_4b"",""processbench_olympiadbench_qwen3_8b"",""processbench_omnimath_qwen3_4b"",""processbench_omnimath_qwen3_8b""]",8,equal_cell,auprc,True,"[""equal_family_mean""]",equal_family_mean,dufs_stability_lsml,0.6872038499315001,0.6738907668242791,-0.013313083107221013,-0.020712795114722626,-0.005524784575839104,-0.013313083107221013,-0.020712795114722626,-0.005524784575839104,0.9996,linked_source_group,20000,20000,SEPARATED_FROM_POINT_WINNER_95CI,False,NONE,OK
winner_reference::cb68ae067c2c73f4941f3dea,external_final_answer::population::8791a0a51518152e9cb89a58,external_final_answer,processbench_qwen3_response_v1,population,processbench_qwen3_response_v1,population,__population__,processbench,__multiple__,population::equal_model_then_equal_subset,"[""processbench_gsm8k_qwen3_4b"",""processbench_gsm8k_qwen3_8b"",""processbench_math_qwen3_4b"",""processbench_math_qwen3_8b"",""processbench_olympiadbench_qwen3_4b"",""processbench_olympiadbench_qwen3_8b"",""processbench_omnimath_qwen3_4b"",""processbench_omnimath_qwen3_8b""]",8,equal_cell,auprc,True,"[""equal_family_mean""]",equal_family_mean,equal_family_mean,0.6872038499315001,0.6872038499315001,0.0,0.0,0.0,0.0,0.0,0.0,1.0,linked_source_group,20000,20000,POINT_WINNER,True,NONE,OK
winner_reference::cb68ae067c2c73f4941f3dea,external_final_answer::population::8791a0a51518152e9cb89a58,external_final_answer,processbench_qwen3_response_v1,population,processbench_qwen3_response_v1,population,__population__,processbench,__multiple__,population::equal_model_then_equal_subset,"[""processbench_gsm8k_qwen3_4b"",""processbench_gsm8k_qwen3_8b"",""processbench_math_qwen3_4b"",""processbench_math_qwen3_8b"",""processbench_olympiadbench_qwen3_4b"",""processbench_olympiadbench_qwen3_8b"",""processbench_omnimath_qwen3_4b"",""processbench_omnimath_qwen3_8b""]",8,equal_cell,auprc,True,"[""equal_family_mean""]",equal_family_mean,equal_feature_mean,0.6872038499315001,0.6845454127576391,-0.002658437173860939,-0.008016619479112747,0.0025765405249939923,-0.002658437173860939,-0.008016619479112747,0.0025765405249939923,0.84495,linked_source_group,20000,20000,NOT_SEPARATED_FROM_POINT_WINNER_95CI,True,NONE,OK
winner_reference::cb68ae067c2c73f4941f3dea,external_final_answer::population::8791a0a51518152e9cb89a58,external_final_answer,processbench_qwen3_response_v1,population,processbench_qwen3_response_v1,population,__population__,processbench,__multiple__,population::equal_model_then_equal_subset,"[""processbench_gsm8k_qwen3_4b"",""processbench_gsm8k_qwen3_8b"",""processbench_math_qwen3_4b"",""processbench_math_qwen3_8b"",""processbench_olympiadbench_qwen3_4b"",""processbench_olympiadbench_qwen3_8b"",""processbench_omnimath_qwen3_4b"",""processbench_omnimath_qwen3_8b""]",8,equal_cell,auprc,True,"[""equal_family_mean""]",equal_family_mean,family_nrm_a,0.6872038499315001,0.6787574562030031,-0.008446393728496981,-0.014721452742951443,-0.0024770633264599444,-0.008446393728496981,-0.014721452742951443,-0.0024770633264599444,0.9966,linked_source_group,20000,20000,SEPARATED_FROM_POINT_WINNER_95CI,False,NONE,OK
winner_reference::cb68ae067c2c73f4941f3dea,external_final_answer::population::8791a0a51518152e9cb89a58,external_final_answer,processbench_qwen3_response_v1,population,processbench_qwen3_response_v1,population,__population__,processbench,__multiple__,population::equal_model_then_equal_subset,"[""processbench_gsm8k_qwen3_4b"",""processbench_gsm8k_qwen3_8b"",""processbench_math_qwen3_4b"",""processbench_math_qwen3_8b"",""processbench_olympiadbench_qwen3_4b"",""processbench_olympiadbench_qwen3_8b"",""processbench_omnimath_qwen3_4b"",""processbench_omnimath_qwen3_8b""]",8,equal_cell,auprc,True,"[""equal_family_mean""]",equal_family_mean,iu_pcr,0.6872038499315001,0.6827205018128152,-0.004483348118684893,-0.010228759734434384,0.0010253560273356273,-0.004483348118684893,-0.010228759734434384,0.0010253560273356273,0.9453,linked_source_group,20000,20000,NOT_SEPARATED_FROM_POINT_WINNER_95CI,True,NONE,OK
winner_reference::cb68ae067c2c73f4941f3dea,external_final_answer::population::8791a0a51518152e9cb89a58,external_final_answer,processbench_qwen3_response_v1,population,processbench_qwen3_response_v1,population,__population__,processbench,__multiple__,population::equal_model_then_equal_subset,"[""processbench_gsm8k_qwen3_4b"",""processbench_gsm8k_qwen3_8b"",""processbench_math_qwen3_4b"",""processbench_math_qwen3_8b"",""processbench_olympiadbench_qwen3_4b"",""processbench_olympiadbench_qwen3_8b"",""processbench_omnimath_qwen3_4b"",""processbench_omnimath_qwen3_8b""]",8,equal_cell,auprc,True,"[""equal_family_mean""]",equal_family_mean,pgrd_a,0.6872038499315001,0.6778462020455953,-0.009357647885904763,-0.015241339438313952,-0.0032830132392924157,-0.009357647885904763,-0.015241339438313952,-0.0032830132392924157,0.998,linked_source_group,20000,20000,SEPARATED_FROM_POINT_WINNER_95CI,False,NONE,OK
winner_reference::cb68ae067c2c73f4941f3dea,external_final_answer::population::8791a0a51518152e9cb89a58,external_final_answer,processbench_qwen3_response_v1,population,processbench_qwen3_response_v1,population,__population__,processbench,__multiple__,population::equal_model_then_equal_subset,"[""processbench_gsm8k_qwen3_4b"",""processbench_gsm8k_qwen3_8b"",""processbench_math_qwen3_4b"",""processbench_math_qwen3_8b"",""processbench_olympiadbench_qwen3_4b"",""processbench_olympiadbench_qwen3_8b"",""processbench_omnimath_qwen3_4b"",""processbench_omnimath_qwen3_8b""]",8,equal_cell,auprc,True,"[""equal_family_mean""]",equal_family_mean,su_pcr,0.6872038499315001,0.6826289928659721,-0.00457485706552796,-0.010130195866150927,0.0009459770066275976,-0.00457485706552796,-0.010130195866150927,0.0009459770066275976,0.94895,linked_source_group,20000,20000,NOT_SEPARATED_FROM_POINT_WINNER_95CI,True,NONE,OK
winner_reference::cb68ae067c2c73f4941f3dea,external_final_answer::population::8791a0a51518152e9cb89a58,external_final_answer,processbench_qwen3_response_v1,population,processbench_qwen3_response_v1,population,__population__,processbench,__multiple__,population::equal_model_then_equal_subset,"[""processbench_gsm8k_qwen3_4b"",""processbench_gsm8k_qwen3_8b"",""processbench_math_qwen3_4b"",""processbench_math_qwen3_8b"",""processbench_olympiadbench_qwen3_4b"",""processbench_olympiadbench_qwen3_8b"",""processbench_omnimath_qwen3_4b"",""processbench_omnimath_qwen3_8b""]",8,equal_cell,auprc,True,"[""equal_family_mean""]",equal_family_mean,upcr,0.6872038499315001,0.677285334719078,-0.009918515212422041,-0.01610152496822119,-0.0033559809698340843,-0.009918515212422041,-0.01610152496822119,-0.0033559809698340843,0.99845,linked_source_group,20000,20000,SEPARATED_FROM_POINT_WINNER_95CI,False,NONE,OK
winner_reference::fa91de95f43487854349ecee,external_final_answer::population::6f25428c31c8491a6a0c94c0,external_final_answer,processbench_qwen3_response_v1,population,processbench_qwen3_response_v1,population,__population__,processbench,__multiple__,population::equal_model_then_equal_subset,"[""processbench_gsm8k_qwen3_4b"",""processbench_gsm8k_qwen3_8b"",""processbench_math_qwen3_4b"",""processbench_math_qwen3_8b"",""processbench_olympiadbench_qwen3_4b"",""processbench_olympiadbench_qwen3_8b"",""processbench_omnimath_qwen3_4b"",""processbench_omnimath_qwen3_8b""]",8,equal_cell,aurc_x1000,False,"[""deem_b3""]",deem_b3,ca_specrage_atomic,339.29438182407966,342.42861193055387,3.134230106474206,-3.741289475320117,10.5347952345565,-3.134230106474206,-10.534795234556503,3.741289475320114,0.8115,linked_source_group,20000,20000,NOT_SEPARATED_FROM_POINT_WINNER_95CI,True,NONE,OK
winner_reference::fa91de95f43487854349ecee,external_final_answer::population::6f25428c31c8491a6a0c94c0,external_final_answer,processbench_qwen3_response_v1,population,processbench_qwen3_response_v1,population,__population__,processbench,__multiple__,population::equal_model_then_equal_subset,"[""processbench_gsm8k_qwen3_4b"",""processbench_gsm8k_qwen3_8b"",""processbench_math_qwen3_4b"",""processbench_math_qwen3_8b"",""processbench_olympiadbench_qwen3_4b"",""processbench_olympiadbench_qwen3_8b"",""processbench_omnimath_qwen3_4b"",""processbench_omnimath_qwen3_8b""]",8,equal_cell,aurc_x1000,False,"[""deem_b3""]",deem_b3,continuous_lsml,339.29438182407966,361.4292826800613,22.13490085598164,13.743002625433034,30.582237905947032,-22.13490085598164,-30.58223790594704,-13.743002625433034,1.0,linked_source_group,20000,20000,SEPARATED_FROM_POINT_WINNER_95CI,False,NONE,OK
winner_reference::fa91de95f43487854349ecee,external_final_answer::population::6f25428c31c8491a6a0c94c0,external_final_answer,processbench_qwen3_response_v1,population,processbench_qwen3_response_v1,population,__population__,processbench,__multiple__,population::equal_model_then_equal_subset,"[""processbench_gsm8k_qwen3_4b"",""processbench_gsm8k_qwen3_8b"",""processbench_math_qwen3_4b"",""processbench_math_qwen3_8b"",""processbench_olympiadbench_qwen3_4b"",""processbench_olympiadbench_qwen3_8b"",""processbench_omnimath_qwen3_4b"",""processbench_omnimath_qwen3_8b""]",8,equal_cell,aurc_x1000,False,"[""deem_b3""]",deem_b3,deem_b3,339.29438182407966,339.29438182407966,0.0,0.0,0.0,-0.0,-0.0,0.0,1.0,linked_source_group,20000,20000,POINT_WINNER,True,NONE,OK
winner_reference::fa91de95f43487854349ecee,external_final_answer::population::6f25428c31c8491a6a0c94c0,external_final_answer,processbench_qwen3_response_v1,population,processbench_qwen3_response_v1,population,__population__,processbench,__multiple__,population::equal_model_then_equal_subset,"[""processbench_gsm8k_qwen3_4b"",""processbench_gsm8k_qwen3_8b"",""processbench_math_qwen3_4b"",""processbench_math_qwen3_8b"",""processbench_olympiadbench_qwen3_4b"",""processbench_olympiadbench_qwen3_8b"",""processbench_omnimath_qwen3_4b"",""processbench_omnimath_qwen3_8b""]",8,equal_cell,aurc_x1000,False,"[""deem_b3""]",deem_b3,dufs_liu,339.29438182407966,342.78021667038945,3.4858348463097855,-1.6852851698189042,8.768483912871329,-3.4858348463097855,-8.768483912871334,1.6852851698189026,0.91115,linked_source_group,20000,20000,NOT_SEPARATED_FROM_POINT_WINNER_95CI,True,NONE,OK
winner_reference::fa91de95f43487854349ecee,external_final_answer::population::6f25428c31c8491a6a0c94c0,external_final_answer,processbench_qwen3_response_v1,population,processbench_qwen3_response_v1,population,__population__,processbench,__multiple__,population::equal_model_then_equal_subset,"[""processbench_gsm8k_qwen3_4b"",""processbench_gsm8k_qwen3_8b"",""processbench_math_qwen3_4b"",""processbench_math_qwen3_8b"",""processbench_olympiadbench_qwen3_4b"",""processbench_olympiadbench_qwen3_8b"",""processbench_omnimath_qwen3_4b"",""processbench_omnimath_qwen3_8b""]",8,equal_cell,aurc_x1000,False,"[""deem_b3""]",deem_b3,dufs_pf_lsml,339.29438182407966,354.45989679326044,15.165514969180776,4.785285110052671,25.897194465911664,-15.165514969180776,-25.89719446591167,-4.785285110052672,0.99835,linked_source_group,20000,20000,SEPARATED_FROM_POINT_WINNER_95CI,False,NONE,OK
winner_reference::fa91de95f43487854349ecee,external_final_answer::population::6f25428c31c8491a6a0c94c0,external_final_answer,processbench_qwen3_response_v1,population,processbench_qwen3_response_v1,population,__population__,processbench,__multiple__,population::equal_model_then_equal_subset,"[""processbench_gsm8k_qwen3_4b"",""processbench_gsm8k_qwen3_8b"",""processbench_math_qwen3_4b"",""processbench_math_qwen3_8b"",""processbench_olympiadbench_qwen3_4b"",""processbench_olympiadbench_qwen3_8b"",""processbench_omnimath_qwen3_4b"",""processbench_omnimath_qwen3_8b""]",8,equal_cell,aurc_x1000,False,"[""deem_b3""]",deem_b3,dufs_stability_lsml,339.29438182407966,347.7533467036501,8.45896487957043,-0.15228481304080066,17.32849736833922,-8.45896487957043,-17.328497368339224,0.1522848130407888,0.97325,linked_source_group,20000,20000,NOT_SEPARATED_FROM_POINT_WINNER_95CI,True,NONE,OK
winner_reference::fa91de95f43487854349ecee,external_final_answer::population::6f25428c31c8491a6a0c94c0,external_final_answer,processbench_qwen3_response_v1,population,processbench_qwen3_response_v1,population,__population__,processbench,__multiple__,population::equal_model_then_equal_subset,"[""processbench_gsm8k_qwen3_4b"",""processbench_gsm8k_qwen3_8b"",""processbench_math_qwen3_4b"",""processbench_math_qwen3_8b"",""processbench_olympiadbench_qwen3_4b"",""processbench_olympiadbench_qwen3_8b"",""processbench_omnimath_qwen3_4b"",""processbench_omnimath_qwen3_8b""]",8,equal_cell,aurc_x1000,False,"[""deem_b3""]",deem_b3,equal_family_mean,339.29438182407966,339.7549734386595,0.4605916145798119,0.0674615375320002,0.8613006271511802,-0.4605916145798119,-0.8613006271511822,-0.06746153753200046,0.9896,linked_source_group,20000,20000,SEPARATED_FROM_POINT_WINNER_95CI,False,NONE,OK
winner_reference::fa91de95f43487854349ecee,external_final_answer::population::6f25428c31c8491a6a0c94c0,external_final_answer,processbench_qwen3_response_v1,population,processbench_qwen3_response_v1,population,__population__,processbench,__multiple__,population::equal_model_then_equal_subset,"[""processbench_gsm8k_qwen3_4b"",""processbench_gsm8k_qwen3_8b"",""processbench_math_qwen3_4b"",""processbench_math_qwen3_8b"",""processbench_olympiadbench_qwen3_4b"",""processbench_olympiadbench_qwen3_8b"",""processbench_omnimath_qwen3_4b"",""processbench_omnimath_qwen3_8b""]",8,equal_cell,aurc_x1000,False,"[""deem_b3""]",deem_b3,equal_feature_mean,339.29438182407966,342.86496551099515,3.5705836869154837,-1.5175127017137526,8.707052546159128,-3.5705836869154837,-8.707052546159142,1.5175127017137486,0.9173,linked_source_group,20000,20000,NOT_SEPARATED_FROM_POINT_WINNER_95CI,True,NONE,OK
winner_reference::fa91de95f43487854349ecee,external_final_answer::population::6f25428c31c8491a6a0c94c0,external_final_answer,processbench_qwen3_response_v1,population,processbench_qwen3_response_v1,population,__population__,processbench,__multiple__,population::equal_model_then_equal_subset,"[""processbench_gsm8k_qwen3_4b"",""processbench_gsm8k_qwen3_8b"",""processbench_math_qwen3_4b"",""processbench_math_qwen3_8b"",""processbench_olympiadbench_qwen3_4b"",""processbench_olympiadbench_qwen3_8b"",""processbench_omnimath_qwen3_4b"",""processbench_omnimath_qwen3_8b""]",8,equal_cell,aurc_x1000,False,"[""deem_b3""]",deem_b3,family_nrm_a,339.29438182407966,350.3148152567405,11.020433432660809,5.017130797316698,17.154875325691517,-11.020433432660809,-17.154875325691528,-5.017130797316708,0.9998,linked_source_group,20000,20000,SEPARATED_FROM_POINT_WINNER_95CI,False,NONE,OK
winner_reference::fa91de95f43487854349ecee,external_final_answer::population::6f25428c31c8491a6a0c94c0,external_final_answer,processbench_qwen3_response_v1,population,processbench_qwen3_response_v1,population,__population__,processbench,__multiple__,population::equal_model_then_equal_subset,"[""processbench_gsm8k_qwen3_4b"",""processbench_gsm8k_qwen3_8b"",""processbench_math_qwen3_4b"",""processbench_math_qwen3_8b"",""processbench_olympiadbench_qwen3_4b"",""processbench_olympiadbench_qwen3_8b"",""processbench_omnimath_qwen3_4b"",""processbench_omnimath_qwen3_8b""]",8,equal_cell,aurc_x1000,False,"[""deem_b3""]",deem_b3,iu_pcr,339.29438182407966,343.7199796372098,4.425597813130139,-0.772485133680442,9.775861196137166,-4.425597813130139,-9.775861196137171,0.7724851336804404,0.95225,linked_source_group,20000,20000,NOT_SEPARATED_FROM_POINT_WINNER_95CI,True,NONE,OK
winner_reference::fa91de95f43487854349ecee,external_final_answer::population::6f25428c31c8491a6a0c94c0,external_final_answer,processbench_qwen3_response_v1,population,processbench_qwen3_response_v1,population,__population__,processbench,__multiple__,population::equal_model_then_equal_subset,"[""processbench_gsm8k_qwen3_4b"",""processbench_gsm8k_qwen3_8b"",""processbench_math_qwen3_4b"",""processbench_math_qwen3_8b"",""processbench_olympiadbench_qwen3_4b"",""processbench_olympiadbench_qwen3_8b"",""processbench_omnimath_qwen3_4b"",""processbench_omnimath_qwen3_8b""]",8,equal_cell,aurc_x1000,False,"[""deem_b3""]",deem_b3,pgrd_a,339.29438182407966,346.66777476616653,7.373392942086866,1.6543913340249674,13.103631917753498,-7.373392942086866,-13.103631917753514,-1.6543913340249805,0.9948,linked_source_group,20000,20000,SEPARATED_FROM_POINT_WINNER_95CI,False,NONE,OK
winner_reference::fa91de95f43487854349ecee,external_final_answer::population::6f25428c31c8491a6a0c94c0,external_final_answer,processbench_qwen3_response_v1,population,processbench_qwen3_response_v1,population,__population__,processbench,__multiple__,population::equal_model_then_equal_subset,"[""processbench_gsm8k_qwen3_4b"",""processbench_gsm8k_qwen3_8b"",""processbench_math_qwen3_4b"",""processbench_math_qwen3_8b"",""processbench_olympiadbench_qwen3_4b"",""processbench_olympiadbench_qwen3_8b"",""processbench_omnimath_qwen3_4b"",""processbench_omnimath_qwen3_8b""]",8,equal_cell,aurc_x1000,False,"[""deem_b3""]",deem_b3,su_pcr,339.29438182407966,342.8209434635453,3.5265616394656263,-1.6389986545237305,8.817119776232955,-3.5265616394656263,-8.817119776232955,1.6389986545237247,0.9125,linked_source_group,20000,20000,NOT_SEPARATED_FROM_POINT_WINNER_95CI,True,NONE,OK
winner_reference::fa91de95f43487854349ecee,external_final_answer::population::6f25428c31c8491a6a0c94c0,external_final_answer,processbench_qwen3_response_v1,population,processbench_qwen3_response_v1,population,__population__,processbench,__multiple__,population::equal_model_then_equal_subset,"[""processbench_gsm8k_qwen3_4b"",""processbench_gsm8k_qwen3_8b"",""processbench_math_qwen3_4b"",""processbench_math_qwen3_8b"",""processbench_olympiadbench_qwen3_4b"",""processbench_olympiadbench_qwen3_8b"",""processbench_omnimath_qwen3_4b"",""processbench_omnimath_qwen3_8b""]",8,equal_cell,aurc_x1000,False,"[""deem_b3""]",deem_b3,upcr,339.29438182407966,345.6281868722172,6.333805048137549,0.12080086548833438,12.782045410386,-6.333805048137549,-12.782045410386008,-0.12080086548833738,0.97685,linked_source_group,20000,20000,SEPARATED_FROM_POINT_WINNER_95CI,False,NONE,OK
winner_reference::4002bbe9f0309456acfbae5b,external_final_answer::population::d7f461928175891d1802a14f,external_final_answer,processbench_qwen3_response_v1,population,processbench_qwen3_response_v1,population,__population__,processbench,__multiple__,population::equal_model_then_equal_subset,"[""processbench_gsm8k_qwen3_4b"",""processbench_gsm8k_qwen3_8b"",""processbench_math_qwen3_4b"",""processbench_math_qwen3_8b"",""processbench_olympiadbench_qwen3_4b"",""processbench_olympiadbench_qwen3_8b"",""processbench_omnimath_qwen3_4b"",""processbench_omnimath_qwen3_8b""]",8,equal_cell,auroc,True,"[""deem_b3""]",deem_b3,ca_specrage_atomic,0.704434,0.69573975,-0.008694250000000014,-0.0163324463086211,-0.0012307941114696407,-0.008694250000000014,-0.0163324463086211,-0.0012307941114696407,0.9889,linked_source_group,20000,20000,SEPARATED_FROM_POINT_WINNER_95CI,False,NONE,OK
winner_reference::4002bbe9f0309456acfbae5b,external_final_answer::population::d7f461928175891d1802a14f,external_final_answer,processbench_qwen3_response_v1,population,processbench_qwen3_response_v1,population,__population__,processbench,__multiple__,population::equal_model_then_equal_subset,"[""processbench_gsm8k_qwen3_4b"",""processbench_gsm8k_qwen3_8b"",""processbench_math_qwen3_4b"",""processbench_math_qwen3_8b"",""processbench_olympiadbench_qwen3_4b"",""processbench_olympiadbench_qwen3_8b"",""processbench_omnimath_qwen3_4b"",""processbench_omnimath_qwen3_8b""]",8,equal_cell,auroc,True,"[""deem_b3""]",deem_b3,continuous_lsml,0.704434,0.6789972499999999,-0.02543675000000012,-0.035142342838667275,-0.015890128287227294,-0.02543675000000012,-0.035142342838667275,-0.015890128287227294,1.0,linked_source_group,20000,20000,SEPARATED_FROM_POINT_WINNER_95CI,False,NONE,OK
winner_reference::4002bbe9f0309456acfbae5b,external_final_answer::population::d7f461928175891d1802a14f,external_final_answer,processbench_qwen3_response_v1,population,processbench_qwen3_response_v1,population,__population__,processbench,__multiple__,population::equal_model_then_equal_subset,"[""processbench_gsm8k_qwen3_4b"",""processbench_gsm8k_qwen3_8b"",""processbench_math_qwen3_4b"",""processbench_math_qwen3_8b"",""processbench_olympiadbench_qwen3_4b"",""processbench_olympiadbench_qwen3_8b"",""processbench_omnimath_qwen3_4b"",""processbench_omnimath_qwen3_8b""]",8,equal_cell,auroc,True,"[""deem_b3""]",deem_b3,deem_b3,0.704434,0.704434,0.0,0.0,0.0,0.0,0.0,0.0,1.0,linked_source_group,20000,20000,POINT_WINNER,True,NONE,OK
winner_reference::4002bbe9f0309456acfbae5b,external_final_answer::population::d7f461928175891d1802a14f,external_final_answer,processbench_qwen3_response_v1,population,processbench_qwen3_response_v1,population,__population__,processbench,__multiple__,population::equal_model_then_equal_subset,"[""processbench_gsm8k_qwen3_4b"",""processbench_gsm8k_qwen3_8b"",""processbench_math_qwen3_4b"",""processbench_math_qwen3_8b"",""processbench_olympiadbench_qwen3_4b"",""processbench_olympiadbench_qwen3_8b"",""processbench_omnimath_qwen3_4b"",""processbench_omnimath_qwen3_8b""]",8,equal_cell,auroc,True,"[""deem_b3""]",deem_b3,dufs_liu,0.704434,0.6971385,-0.00729550000000001,-0.013110001888337048,-0.0014072643342434054,-0.00729550000000001,-0.013110001888337048,-0.0014072643342434054,0.99235,linked_source_group,20000,20000,SEPARATED_FROM_POINT_WINNER_95CI,False,NONE,OK
winner_reference::4002bbe9f0309456acfbae5b,external_final_answer::population::d7f461928175891d1802a14f,external_final_answer,processbench_qwen3_response_v1,population,processbench_qwen3_response_v1,population,__population__,processbench,__multiple__,population::equal_model_then_equal_subset,"[""processbench_gsm8k_qwen3_4b"",""processbench_gsm8k_qwen3_8b"",""processbench_math_qwen3_4b"",""processbench_math_qwen3_8b"",""processbench_olympiadbench_qwen3_4b"",""processbench_olympiadbench_qwen3_8b"",""processbench_omnimath_qwen3_4b"",""processbench_omnimath_qwen3_8b""]",8,equal_cell,auroc,True,"[""deem_b3""]",deem_b3,dufs_pf_lsml,0.704434,0.683252125,-0.021181875000000017,-0.031707785236950135,-0.010745267550431618,-0.021181875000000017,-0.031707785236950135,-0.010745267550431618,1.0,linked_source_group,20000,20000,SEPARATED_FROM_POINT_WINNER_95CI,False,NONE,OK
winner_reference::4002bbe9f0309456acfbae5b,external_final_answer::population::d7f461928175891d1802a14f,external_final_answer,processbench_qwen3_response_v1,population,processbench_qwen3_response_v1,population,__population__,processbench,__multiple__,population::equal_model_then_equal_subset,"[""processbench_gsm8k_qwen3_4b"",""processbench_gsm8k_qwen3_8b"",""processbench_math_qwen3_4b"",""processbench_math_qwen3_8b"",""processbench_olympiadbench_qwen3_4b"",""processbench_olympiadbench_qwen3_8b"",""processbench_omnimath_qwen3_4b"",""processbench_omnimath_qwen3_8b""]",8,equal_cell,auroc,True,"[""deem_b3""]",deem_b3,dufs_stability_lsml,0.704434,0.6892912499999999,-0.015142750000000094,-0.024349054697037235,-0.005960087717697461,-0.015142750000000094,-0.024349054697037235,-0.005960087717697461,0.99945,linked_source_group,20000,20000,SEPARATED_FROM_POINT_WINNER_95CI,False,NONE,OK
winner_reference::4002bbe9f0309456acfbae5b,external_final_answer::population::d7f461928175891d1802a14f,external_final_answer,processbench_qwen3_response_v1,population,processbench_qwen3_response_v1,population,__population__,processbench,__multiple__,population::equal_model_then_equal_subset,"[""processbench_gsm8k_qwen3_4b"",""processbench_gsm8k_qwen3_8b"",""processbench_math_qwen3_4b"",""processbench_math_qwen3_8b"",""processbench_olympiadbench_qwen3_4b"",""processbench_olympiadbench_qwen3_8b"",""processbench_omnimath_qwen3_4b"",""processbench_omnimath_qwen3_8b""]",8,equal_cell,auroc,True,"[""deem_b3""]",deem_b3,equal_family_mean,0.704434,0.70409625,-0.00033775000000002553,-0.0007707270727126181,9.195229149565571e-05,-0.00033775000000002553,-0.0007707270727126181,9.195229149565571e-05,0.94155,linked_source_group,20000,20000,NOT_SEPARATED_FROM_POINT_WINNER_95CI,True,NONE,OK
winner_reference::4002bbe9f0309456acfbae5b,external_final_answer::population::d7f461928175891d1802a14f,external_final_answer,processbench_qwen3_response_v1,population,processbench_qwen3_response_v1,population,__population__,processbench,__multiple__,population::equal_model_then_equal_subset,"[""processbench_gsm8k_qwen3_4b"",""processbench_gsm8k_qwen3_8b"",""processbench_math_qwen3_4b"",""processbench_math_qwen3_8b"",""processbench_olympiadbench_qwen3_4b"",""processbench_olympiadbench_qwen3_8b"",""processbench_omnimath_qwen3_4b"",""processbench_omnimath_qwen3_8b""]",8,equal_cell,auroc,True,"[""deem_b3""]",deem_b3,equal_feature_mean,0.704434,0.6981952499999999,-0.006238750000000071,-0.011819364840314895,-0.0005628036416432311,-0.006238750000000071,-0.011819364840314895,-0.0005628036416432311,0.98465,linked_source_group,20000,20000,SEPARATED_FROM_POINT_WINNER_95CI,False,NONE,OK
winner_reference::4002bbe9f0309456acfbae5b,external_final_answer::population::d7f461928175891d1802a14f,external_final_answer,processbench_qwen3_response_v1,population,processbench_qwen3_response_v1,population,__population__,processbench,__multiple__,population::equal_model_then_equal_subset,"[""processbench_gsm8k_qwen3_4b"",""processbench_gsm8k_qwen3_8b"",""processbench_math_qwen3_4b"",""processbench_math_qwen3_8b"",""processbench_olympiadbench_qwen3_4b"",""processbench_olympiadbench_qwen3_8b"",""processbench_omnimath_qwen3_4b"",""processbench_omnimath_qwen3_8b""]",8,equal_cell,auroc,True,"[""deem_b3""]",deem_b3,family_nrm_a,0.704434,0.690650125,-0.013783875000000001,-0.020260109965826136,-0.0073072960418297875,-0.013783875000000001,-0.020260109965826136,-0.0073072960418297875,1.0,linked_source_group,20000,20000,SEPARATED_FROM_POINT_WINNER_95CI,False,NONE,OK
winner_reference::4002bbe9f0309456acfbae5b,external_final_answer::population::d7f461928175891d1802a14f,external_final_answer,processbench_qwen3_response_v1,population,processbench_qwen3_response_v1,population,__population__,processbench,__multiple__,population::equal_model_then_equal_subset,"[""processbench_gsm8k_qwen3_4b"",""processbench_gsm8k_qwen3_8b"",""processbench_math_qwen3_4b"",""processbench_math_qwen3_8b"",""processbench_olympiadbench_qwen3_4b"",""processbench_olympiadbench_qwen3_8b"",""processbench_omnimath_qwen3_4b"",""processbench_omnimath_qwen3_8b""]",8,equal_cell,auroc,True,"[""deem_b3""]",deem_b3,iu_pcr,0.704434,0.69641725,-0.008016750000000017,-0.013841521197993534,-0.0021233553998772996,-0.008016750000000017,-0.013841521197993534,-0.0021233553998772996,0.99605,linked_source_group,20000,20000,SEPARATED_FROM_POINT_WINNER_95CI,False,NONE,OK
winner_reference::4002bbe9f0309456acfbae5b,external_final_answer::population::d7f461928175891d1802a14f,external_final_answer,processbench_qwen3_response_v1,population,processbench_qwen3_response_v1,population,__population__,processbench,__multiple__,population::equal_model_then_equal_subset,"[""processbench_gsm8k_qwen3_4b"",""processbench_gsm8k_qwen3_8b"",""processbench_math_qwen3_4b"",""processbench_math_qwen3_8b"",""processbench_olympiadbench_qwen3_4b"",""processbench_olympiadbench_qwen3_8b"",""processbench_omnimath_qwen3_4b"",""processbench_omnimath_qwen3_8b""]",8,equal_cell,auroc,True,"[""deem_b3""]",deem_b3,pgrd_a,0.704434,0.6907395,-0.013694500000000054,-0.02013002271034734,-0.0070948736097295505,-0.013694500000000054,-0.02013002271034734,-0.0070948736097295505,0.9999,linked_source_group,20000,20000,SEPARATED_FROM_POINT_WINNER_95CI,False,NONE,OK
winner_reference::4002bbe9f0309456acfbae5b,external_final_answer::population::d7f461928175891d1802a14f,external_final_answer,processbench_qwen3_response_v1,population,processbench_qwen3_response_v1,population,__population__,processbench,__multiple__,population::equal_model_then_equal_subset,"[""processbench_gsm8k_qwen3_4b"",""processbench_gsm8k_qwen3_8b"",""processbench_math_qwen3_4b"",""processbench_math_qwen3_8b"",""processbench_olympiadbench_qwen3_4b"",""processbench_olympiadbench_qwen3_8b"",""processbench_omnimath_qwen3_4b"",""processbench_omnimath_qwen3_8b""]",8,equal_cell,auroc,True,"[""deem_b3""]",deem_b3,su_pcr,0.704434,0.697237625,-0.007196375000000033,-0.013031697608861225,-0.001335630292941879,-0.007196375000000033,-0.013031697608861225,-0.001335630292941879,0.9916,linked_source_group,20000,20000,SEPARATED_FROM_POINT_WINNER_95CI,False,NONE,OK
winner_reference::4002bbe9f0309456acfbae5b,external_final_answer::population::d7f461928175891d1802a14f,external_final_answer,processbench_qwen3_response_v1,population,processbench_qwen3_response_v1,population,__population__,processbench,__multiple__,population::equal_model_then_equal_subset,"[""processbench_gsm8k_qwen3_4b"",""processbench_gsm8k_qwen3_8b"",""processbench_math_qwen3_4b"",""processbench_math_qwen3_8b"",""processbench_olympiadbench_qwen3_4b"",""processbench_olympiadbench_qwen3_8b"",""processbench_omnimath_qwen3_4b"",""processbench_omnimath_qwen3_8b""]",8,equal_cell,auroc,True,"[""deem_b3""]",deem_b3,upcr,0.704434,0.692502875,-0.011931125000000042,-0.01915059076105044,-0.004723383538474217,-0.011931125000000042,-0.01915059076105044,-0.004723383538474217,0.99925,linked_source_group,20000,20000,SEPARATED_FROM_POINT_WINNER_95CI,False,NONE,OK
