{
 "upcr": {
  "w": [
   0.13823144433212003,
   0.13291278291730327,
   0.12819177998921663,
   0.11558754861338803,
   0.11454967877686278,
   -0.006648964578023386,
   0.0,
   0.0
  ],
  "rho": [
   0.5056021653065275,
   0.43159366911429975,
   0.3880410800941595,
   0.347943249540368,
   0.2862969337521925,
   0.21044701020943393,
   0.0,
   0.0
  ],
  "g2": 0.25,
  "diag_keys": [
   "evals_top2",
   "lambda2_frac",
   "n_components_used",
   "n_kept",
   "trace_C"
  ],
  "n_kept": 6,
  "lambda2_frac": 0.12268179831273927
 },
 "lsml": {
  "fused_sum": 6.217248937900877e-15,
  "fused_head": [
   1.8142029266030282,
   0.31345719294287094,
   -1.832183193197006,
   0.7497989354848997,
   -0.5388941019608782
  ],
  "K": 2,
  "residual": 1.021525921005999,
  "cross_weights": [
   0.7071067811865475,
   0.7071067811865475
  ],
  "c": [
   0,
   0,
   0,
   1,
   1
  ]
 }
}