{
  "gsm8k": {
    "mode": "mirror-fallback",
    "lsml_stored": [
      0.75390625,
      0.659449989828961,
      0.8428686358967911
    ],
    "lsml_corrected": [
      0.75390625,
      0.659449989828961,
      0.8428686358967911
    ],
    "lsml_flipped": 0.0,
    "fusion_stored": [
      0.7578125000000001,
      0.6621498480312104,
      0.8445706226904631
    ],
    "fusion_corrected": [
      0.7578125000000001,
      0.6621498480312104,
      0.8445706226904631
    ],
    "fusion_flipped": 0.0
  },
  "math500": {
    "mode": "mirror-fallback",
    "lsml_stored": [
      0.23021582733812948,
      0.15225262413020405,
      0.31586640550692396
    ],
    "lsml_corrected": [
      0.7697841726618705,
      0.684133594493076,
      0.847747375869796
    ],
    "lsml_flipped": 1.0,
    "fusion_stored": [
      0.2317490270079019,
      0.14994563429325772,
      0.3223552078255543
    ],
    "fusion_corrected": [
      0.7682509729920981,
      0.6776447921744457,
      0.8500543657067423
    ],
    "fusion_flipped": 1.0
  },
  "gpqa": {
    "mode": "mirror-fallback",
    "lsml_stored": [
      0.5533026755852842,
      0.4454342007989087,
      0.6563110242037233
    ],
    "lsml_corrected": [
      0.5533026755852842,
      0.4454342007989087,
      0.6563110242037233
    ],
    "lsml_flipped": 0.0,
    "fusion_stored": [
      0.5729515050167224,
      0.46889378964850664,
      0.6697046975538921
    ],
    "fusion_corrected": [
      0.5729515050167224,
      0.46889378964850664,
      0.6697046975538921
    ],
    "fusion_flipped": 0.0
  },
  "battery_corroboration": {
    "cell": "Qwen-Math-7B_T1.0",
    "n": 300,
    "flipped": true,
    "auc": 0.9443893298059964
  }
}