{
  "n_valid": 200,
  "f1_k_sweep": {
    "1": {
      "auc": 0.8505830027647553,
      "lo": 0.7769233045647532,
      "hi": 0.9184132288611754
    },
    "2": {
      "auc": 0.8693352566414232,
      "lo": 0.7926850023318741,
      "hi": 0.9329065811728485
    },
    "3": {
      "auc": 0.8624834715711022,
      "lo": 0.7942471914184243,
      "hi": 0.9198670471102478
    },
    "4": {
      "auc": 0.9050366630604639,
      "lo": 0.8438456301891072,
      "hi": 0.9557178520363451
    },
    "5": {
      "auc": 0.9120086548864046,
      "lo": 0.8579705962498742,
      "hi": 0.9538779361865508
    }
  },
  "f2_new_features": {
    "spilled": {
      "epr_spilled": {
        "auc": 0.8432503906719558,
        "lo": 0.764706066655998,
        "hi": 0.9121066761973534,
        "rho_vs_good5": 0.7673201830045753
      },
      "sw_var_peak_spilled": {
        "auc": 0.85971871619185,
        "lo": 0.8000063178111733,
        "hi": 0.9117488853050062,
        "rho_vs_good5": 0.4674416860421511
      },
      "cusum_max_spilled": {
        "auc": 0.9088832792402932,
        "lo": 0.8524801185164237,
        "hi": 0.9551463293650794,
        "rho_vs_good5": 0.5644266106652668
      },
      "min_spilled": {
        "auc": 0.5865488640461595,
        "lo": 0.5089379890916006,
        "hi": 0.6700403165812246,
        "rho_vs_good5": 0.2543074196410134
      },
      "best_feature": "cusum_max_spilled"
    },
    "logprob": {
      "mean_top1_logprob": {
        "auc": 0.8343550907561004,
        "lo": 0.7595651169828281,
        "hi": 0.9050208267367953,
        "rho_vs_good5": 0.8149913747843698
      },
      "logprob_margin": {
        "auc": 0.8799134511359539,
        "lo": 0.8122077702849038,
        "hi": 0.9323189498241856,
        "rho_vs_good5": 0.6107897697442437
      },
      "mean_logprob_entropy": {
        "auc": 0.852866931121529,
        "lo": 0.7800747906439728,
        "hi": 0.9160037987003712,
        "rho_vs_good5": 0.7975399384984626
      },
      "varentropy": {
        "auc": 0.7401129943502824,
        "lo": 0.6551557792073425,
        "hi": 0.8140503481273896,
        "rho_vs_good5": 0.4586934673366835
      },
      "renyi_entropy_2": {
        "auc": 0.838442120447169,
        "lo": 0.764010115765056,
        "hi": 0.9080120535714286,
        "rho_vs_good5": 0.8159798994974874
      },
      "topk_tail_mass": {
        "auc": 0.9020314941699723,
        "lo": 0.8460937318966516,
        "hi": 0.9456010930212682,
        "rho_vs_good5": 0.7077011925298133
      },
      "best_feature": "topk_tail_mass"
    },
    "fusion_cusum_max_spilled": {
      "auc": 0.861882437793004,
      "lo": 0.7923704000534295,
      "hi": 0.9242246923754911,
      "rho": 0.5644266106652668,
      "delta_vs_good5": 0.011299435028248705,
      "delta_lo": 0.003599285714285652,
      "delta_hi": 0.02110110352865969,
      "gate_pass": true
    },
    "fusion_topk_tail_mass": {
      "auc": 0.8577954081019353,
      "lo": 0.7867771554863373,
      "hi": 0.9211453336977363,
      "rho": 0.7077011925298133,
      "delta_vs_good5": 0.007212405337180039,
      "delta_lo": 0.0007972742127154792,
      "delta_hi": 0.015238095238095273,
      "gate_pass": false
    }
  },
  "f3_fairer_diversity": {
    "b_prime_avg": {
      "auc": 0.8811155186921504,
      "lo": 0.8200389056255136,
      "hi": 0.9335399960399962
    },
    "b_prime_lsml": {
      "auc": 0.8562327202788796,
      "lo": 0.7892359572185855,
      "hi": 0.9134563236869018
    },
    "rho_offdiag_mean": 0.06663816595414886,
    "k3_same_t_matched": {
      "n": 200,
      "auc_k3_same_t": 0.8624834715711022,
      "delta_bprime_minus_k3": -0.006250751292222523,
      "delta_lo": -0.07339092457842462,
      "delta_hi": 0.05983038780883621
    }
  },
  "f4_cross_temperature": {
    "0.3": {
      "auc_vs_cold_label": 0.38790720038466164,
      "lo": 0.29771128377996386,
      "hi": 0.47824738128298594,
      "auc_vs_own_label": 0.54484375
    },
    "0.6": {
      "auc_vs_cold_label": 0.5268662098809953,
      "lo": 0.4250239747011818,
      "hi": 0.6285839644693781,
      "auc_vs_own_label": 0.6436743491958216
    },
    "1.5": {
      "auc_vs_cold_label": 0.6262771967784589,
      "lo": 0.5463966903417894,
      "hi": 0.70780358631636,
      "auc_vs_own_label": 0.8782445141065831
    },
    "2.0": {
      "auc_vs_cold_label": 0.40942420964058174,
      "lo": 0.33019333736439,
      "hi": 0.49115175216057727,
      "auc_vs_own_label": 0.62890625
    }
  },
  "blocked": [
    "#3 anchor/sign robustness across T",
    "#7 length-controlled AUROC per T"
  ]
}