{
  "mode": "full-rescore",
  "n": 200,
  "lsml": [
    0.8505830027647553,
    0.7769233045647532,
    0.9184132288611754
  ],
  "sc": [
    0.8206515206154587,
    0.7579796270547328,
    0.8787628968253969
  ],
  "rho": 0.22630734305644748,
  "fused": [
    0.9517970909965139,
    0.9183653767242571,
    0.9795988607422103
  ],
  "gate_pass": true,
  "partial": {
    "mode": "partial-results-pkl",
    "aucs": {
      "single pass T=1.0 (base)": [
        0.8505830027647553,
        0.7769233045647532,
        0.9184132288611754
      ],
      "A: K=5 same-T, L-SML": [
        0.9120086548864046,
        0.8579705962498742,
        0.9538779361865508
      ],
      "A: K=5 same-T, simple avg": [
        0.9059983171054213,
        0.850059103782642,
        0.9483633094987709
      ],
      "B: K=5 multi-T, L-SML": [
        0.858636855391273,
        0.7935634908934679,
        0.9138143727281658
      ],
      "B: K=5 multi-T, simple avg": [
        0.8296670272869335,
        0.7599887152777778,
        0.889877163907464
      ]
    },
    "a_rho_offdiag_mean": 0.4465415135378386,
    "delta_A_minus_base": [
      0.0614256521216493,
      0.00424173401270899,
      0.12783849445748757
    ],
    "gate_same_T_averaging_pass": true
  }
}