version,task,replicate,seed,budget,method,n_calibration_draws,auroc,auprc,auroc_delta_vs_iu,auprc_delta_vs_iu,fallback_fraction,mean_alpha_u2
u2-prior-reconciliation-v1-2026-08-06,selective_target_nuisance,0,240006,4,anchored_pcr2_current,16,0.8406147586737284,0.848261012731763,0.0021343768412450184,0.001807113783120047,0.0,
u2-prior-reconciliation-v1-2026-08-06,selective_target_nuisance,0,240006,4,anchored_pcr2_current_reparameterized,16,0.8406147586737284,0.848261012731763,0.0021343768412450184,0.001807113783120047,0.0,
u2-prior-reconciliation-v1-2026-08-06,selective_target_nuisance,0,240006,4,anchored_pcr2_historical,16,0.8717991008627332,0.8740706113182701,0.03331871903024981,0.027616712369627185,0.0,
u2-prior-reconciliation-v1-2026-08-06,selective_target_nuisance,0,240006,4,fixed_average,16,0.8191168497677677,0.822290942889487,-0.019363532064715708,-0.024162956059155957,0.0,
u2-prior-reconciliation-v1-2026-08-06,selective_target_nuisance,0,240006,4,iu,16,0.8384803818324834,0.846453898948643,0.0,0.0,0.0,
u2-prior-reconciliation-v1-2026-08-06,selective_target_nuisance,0,240006,4,optimistic_endpoint_switch,16,0.8464873222762238,0.8530241327367554,0.008006940443740493,0.006570233788112362,0.0,
u2-prior-reconciliation-v1-2026-08-06,selective_target_nuisance,0,240006,4,optimistic_interpolation,16,0.8537327718966656,0.8592097899513156,0.015252390064182192,0.012755891002672548,0.0,0.34562499999999996
u2-prior-reconciliation-v1-2026-08-06,selective_target_nuisance,0,240006,4,ta_liu,16,0.8425104803812048,0.8499412372333197,0.004030098548721425,0.0034873382846768095,0.3125,
u2-prior-reconciliation-v1-2026-08-06,selective_target_nuisance,0,240006,4,u2_logistic,16,0.6644744519172244,0.673946377335821,-0.17400592991525893,-0.17250752161282198,0.25,
u2-prior-reconciliation-v1-2026-08-06,selective_target_nuisance,0,240006,8,anchored_pcr2_current,16,0.843441130622602,0.8500639851286723,0.005013803269856905,0.00413969495099855,0.0,
u2-prior-reconciliation-v1-2026-08-06,selective_target_nuisance,0,240006,8,anchored_pcr2_current_reparameterized,16,0.843441130622602,0.8500639851286723,0.005013803269856905,0.00413969495099855,0.0,
u2-prior-reconciliation-v1-2026-08-06,selective_target_nuisance,0,240006,8,anchored_pcr2_historical,16,0.8707854741112462,0.8729188808957107,0.03235814675850116,0.02699459071803688,0.0,
u2-prior-reconciliation-v1-2026-08-06,selective_target_nuisance,0,240006,8,fixed_average,16,0.8181878960146077,0.8216611064584857,-0.02023943133813732,-0.024263183719188,0.0,
u2-prior-reconciliation-v1-2026-08-06,selective_target_nuisance,0,240006,8,iu,16,0.838427327352745,0.8459242901776738,0.0,0.0,0.0,
u2-prior-reconciliation-v1-2026-08-06,selective_target_nuisance,0,240006,8,optimistic_endpoint_switch,16,0.8467127044282149,0.8529570797647039,0.008285377075469912,0.007032789587030193,0.0,
u2-prior-reconciliation-v1-2026-08-06,selective_target_nuisance,0,240006,8,optimistic_interpolation,16,0.8547695472458584,0.8595217523701275,0.016342219893113415,0.013597462192453759,0.0,0.458125
u2-prior-reconciliation-v1-2026-08-06,selective_target_nuisance,0,240006,8,ta_liu,16,0.8449003072879566,0.8515871429233617,0.006472979935211592,0.005662852745687806,0.0,
u2-prior-reconciliation-v1-2026-08-06,selective_target_nuisance,0,240006,8,u2_logistic,16,0.761704651613262,0.7801571767330494,-0.07672267573948309,-0.06576711344462433,0.0,
u2-prior-reconciliation-v1-2026-08-06,selective_target_nuisance,0,240006,16,anchored_pcr2_current,16,0.8514933658234829,0.8565949133352382,0.014029574854537465,0.01179482229252029,0.0,
u2-prior-reconciliation-v1-2026-08-06,selective_target_nuisance,0,240006,16,anchored_pcr2_current_reparameterized,16,0.8514933658234829,0.8565949133352382,0.014029574854537465,0.01179482229252029,0.0,
u2-prior-reconciliation-v1-2026-08-06,selective_target_nuisance,0,240006,16,anchored_pcr2_historical,16,0.8702559658160522,0.871702770980316,0.03279217484710683,0.026902679937598137,0.0,
u2-prior-reconciliation-v1-2026-08-06,selective_target_nuisance,0,240006,16,fixed_average,16,0.8567591426102505,0.860405051497885,0.019295351641305185,0.015604960455167238,0.0,
u2-prior-reconciliation-v1-2026-08-06,selective_target_nuisance,0,240006,16,iu,16,0.8374637909689454,0.8448000910427178,0.0,0.0,0.0,
u2-prior-reconciliation-v1-2026-08-06,selective_target_nuisance,0,240006,16,optimistic_endpoint_switch,16,0.8568881462343121,0.861223185818368,0.019424355265366684,0.01642309477565012,0.0,
u2-prior-reconciliation-v1-2026-08-06,selective_target_nuisance,0,240006,16,optimistic_interpolation,16,0.8632457545932861,0.8660931139490993,0.025781963624340765,0.021293022906381368,0.0,0.7246875
u2-prior-reconciliation-v1-2026-08-06,selective_target_nuisance,0,240006,16,ta_liu,16,0.847172548772618,0.8531381692878559,0.00970875780367271,0.00833807824513802,0.0,
u2-prior-reconciliation-v1-2026-08-06,selective_target_nuisance,0,240006,16,u2_logistic,16,0.8509067896209128,0.8553282232821279,0.013442998651967408,0.010528132239410043,0.0,
u2-prior-reconciliation-v1-2026-08-06,selective_target_nuisance,0,240006,32,anchored_pcr2_current,16,0.8625502983152364,0.866922307226206,0.02438394091673969,0.020587812795287402,0.0,
u2-prior-reconciliation-v1-2026-08-06,selective_target_nuisance,0,240006,32,anchored_pcr2_current_reparameterized,16,0.8625502983152364,0.866922307226206,0.02438394091673969,0.020587812795287402,0.0,
u2-prior-reconciliation-v1-2026-08-06,selective_target_nuisance,0,240006,32,anchored_pcr2_historical,16,0.8715719688959117,0.8735821408876079,0.03340561149741493,0.027247646456689402,0.0,
u2-prior-reconciliation-v1-2026-08-06,selective_target_nuisance,0,240006,32,fixed_average,16,0.8650050573382678,0.8686619775695292,0.026838699939771046,0.022327483138610653,0.0,
u2-prior-reconciliation-v1-2026-08-06,selective_target_nuisance,0,240006,32,iu,16,0.8381663573984968,0.8463344944309186,0.0,0.0,0.0,
u2-prior-reconciliation-v1-2026-08-06,selective_target_nuisance,0,240006,32,optimistic_endpoint_switch,16,0.8676372355061706,0.8709053816235286,0.02947087810767378,0.024570887192610198,0.0,
u2-prior-reconciliation-v1-2026-08-06,selective_target_nuisance,0,240006,32,optimistic_interpolation,16,0.8713231670761632,0.8740019600643693,0.033156809677666294,0.027667465633450745,0.0,0.84875
u2-prior-reconciliation-v1-2026-08-06,selective_target_nuisance,0,240006,32,ta_liu,16,0.8484352649904818,0.8551016634581001,0.010268907591985052,0.008767169027181616,0.0,
u2-prior-reconciliation-v1-2026-08-06,selective_target_nuisance,0,240006,32,u2_logistic,16,0.8675977314907036,0.8707784636243914,0.029431374092206794,0.024443969193472817,0.0,
u2-prior-reconciliation-v1-2026-08-06,selective_target_nuisance,0,240006,64,anchored_pcr2_current,16,0.8646553449045133,0.8664898351055236,0.02991295670497185,0.025755678128018752,0.0,
u2-prior-reconciliation-v1-2026-08-06,selective_target_nuisance,0,240006,64,anchored_pcr2_current_reparameterized,16,0.8646553449045133,0.8664898351055236,0.02991295670497185,0.025755678128018752,0.0,
u2-prior-reconciliation-v1-2026-08-06,selective_target_nuisance,0,240006,64,anchored_pcr2_historical,16,0.8671186585423236,0.8673399912285636,0.03237627034278203,0.0266058342510588,0.0,
u2-prior-reconciliation-v1-2026-08-06,selective_target_nuisance,0,240006,64,fixed_average,16,0.8612214230712874,0.863074519425471,0.02647903487174577,0.022340362447966035,0.0,
u2-prior-reconciliation-v1-2026-08-06,selective_target_nuisance,0,240006,64,iu,16,0.8347423881995415,0.8407341569775049,0.0,0.0,0.0,
u2-prior-reconciliation-v1-2026-08-06,selective_target_nuisance,0,240006,64,optimistic_endpoint_switch,16,0.8655027141921099,0.8667717529021282,0.030760325992568262,0.026037595924623305,0.0,
u2-prior-reconciliation-v1-2026-08-06,selective_target_nuisance,0,240006,64,optimistic_interpolation,16,0.8672844190488991,0.8681107047452,0.03254203084935752,0.027376547767695096,0.0,0.87625
u2-prior-reconciliation-v1-2026-08-06,selective_target_nuisance,0,240006,64,ta_liu,16,0.8450589491527596,0.8495900329272443,0.010316560953217944,0.008855875949739585,0.0,
u2-prior-reconciliation-v1-2026-08-06,selective_target_nuisance,0,240006,64,u2_logistic,16,0.8655027141921099,0.8667717529021282,0.030760325992568262,0.026037595924623305,0.0,
u2-prior-reconciliation-v1-2026-08-06,selective_target_nuisance,1,241015,4,anchored_pcr2_current,16,0.8573656586255358,0.8625701743034642,0.003039842819926787,0.003442792039863002,0.0,
u2-prior-reconciliation-v1-2026-08-06,selective_target_nuisance,1,241015,4,anchored_pcr2_current_reparameterized,16,0.8573656586255358,0.8625701743034642,0.003039842819926787,0.003442792039863002,0.0,
u2-prior-reconciliation-v1-2026-08-06,selective_target_nuisance,1,241015,4,anchored_pcr2_historical,16,0.8703717984022349,0.8763115168060136,0.016045982596625895,0.017184134542412445,0.0,
u2-prior-reconciliation-v1-2026-08-06,selective_target_nuisance,1,241015,4,fixed_average,16,0.8404778726808269,0.848383477651836,-0.013847943124782124,-0.010743904611765297,0.0,
u2-prior-reconciliation-v1-2026-08-06,selective_target_nuisance,1,241015,4,iu,16,0.8543258158056091,0.8591273822636012,0.0,0.0,0.0,
u2-prior-reconciliation-v1-2026-08-06,selective_target_nuisance,1,241015,4,optimistic_endpoint_switch,16,0.8561465871972069,0.8611523591663618,0.0018207713915980236,0.002024976902760607,0.0,
u2-prior-reconciliation-v1-2026-08-06,selective_target_nuisance,1,241015,4,optimistic_interpolation,16,0.8639918136099973,0.8695576066786685,0.009665997804388322,0.010430224415067225,0.0,0.24656250000000002
u2-prior-reconciliation-v1-2026-08-06,selective_target_nuisance,1,241015,4,ta_liu,16,0.8567679265950248,0.8618494100406173,0.0024421107894157315,0.0027220277770161963,0.25,
u2-prior-reconciliation-v1-2026-08-06,selective_target_nuisance,1,241015,4,u2_logistic,16,0.6702153118766127,0.6827074123471111,-0.18411050392899633,-0.17641996991649025,0.25,
u2-prior-reconciliation-v1-2026-08-06,selective_target_nuisance,1,241015,8,anchored_pcr2_current,16,0.8574099822555197,0.8625093538185971,0.003220500661610233,0.003460789197675833,0.0,
u2-prior-reconciliation-v1-2026-08-06,selective_target_nuisance,1,241015,8,anchored_pcr2_current_reparameterized,16,0.8574099822555197,0.8625093538185971,0.003220500661610233,0.003460789197675833,0.0,
u2-prior-reconciliation-v1-2026-08-06,selective_target_nuisance,1,241015,8,anchored_pcr2_historical,16,0.8701592377663456,0.8752889531870316,0.015969756172436247,0.016240388566110354,0.0,
u2-prior-reconciliation-v1-2026-08-06,selective_target_nuisance,1,241015,8,fixed_average,16,0.8504418030159544,0.8552917483738701,-0.0037476785779550353,-0.003756816247051084,0.0,
u2-prior-reconciliation-v1-2026-08-06,selective_target_nuisance,1,241015,8,iu,16,0.8541894815939094,0.8590485646209212,0.0,0.0,0.0,
u2-prior-reconciliation-v1-2026-08-06,selective_target_nuisance,1,241015,8,optimistic_endpoint_switch,16,0.8585481272645552,0.8640549017297992,0.004358645670645825,0.005006337108878024,0.0,
u2-prior-reconciliation-v1-2026-08-06,selective_target_nuisance,1,241015,8,optimistic_interpolation,16,0.865986180057823,0.8719491466626275,0.011796698463913693,0.012900582041706334,0.0,0.46218750000000003
u2-prior-reconciliation-v1-2026-08-06,selective_target_nuisance,1,241015,8,ta_liu,16,0.8581385479737254,0.8634003739976114,0.003949066379815895,0.004351809376690267,0.0,
u2-prior-reconciliation-v1-2026-08-06,selective_target_nuisance,1,241015,8,u2_logistic,16,0.7987945994348895,0.8069624540977771,-0.05539488215901994,-0.052086110523144095,0.0,
u2-prior-reconciliation-v1-2026-08-06,selective_target_nuisance,1,241015,16,anchored_pcr2_current,16,0.8626205075176252,0.8683521477696959,0.008226513503935676,0.008970575714628538,0.0,
u2-prior-reconciliation-v1-2026-08-06,selective_target_nuisance,1,241015,16,anchored_pcr2_current_reparameterized,16,0.8626205075176252,0.8683521477696959,0.008226513503935676,0.008970575714628538,0.0,
u2-prior-reconciliation-v1-2026-08-06,selective_target_nuisance,1,241015,16,anchored_pcr2_historical,16,0.8681721613248746,0.8732309873949942,0.013778167311185044,0.01384941533992684,0.0,
u2-prior-reconciliation-v1-2026-08-06,selective_target_nuisance,1,241015,16,fixed_average,16,0.8642752771568758,0.8705662754674837,0.009881283143186238,0.011184703412416293,0.0,
u2-prior-reconciliation-v1-2026-08-06,selective_target_nuisance,1,241015,16,iu,16,0.8543939940136895,0.8593815720550674,0.0,0.0,0.0,
u2-prior-reconciliation-v1-2026-08-06,selective_target_nuisance,1,241015,16,optimistic_endpoint_switch,16,0.8631585878883398,0.8690254229241994,0.008764593874650298,0.009643850869131942,0.0,
u2-prior-reconciliation-v1-2026-08-06,selective_target_nuisance,1,241015,16,optimistic_interpolation,16,0.868831115741729,0.8749604874412991,0.014437121728039418,0.015578915386231643,0.0,0.615
u2-prior-reconciliation-v1-2026-08-06,selective_target_nuisance,1,241015,16,ta_liu,16,0.8592269318603567,0.8646944568507691,0.004832937846667121,0.00531288479570171,0.0,
u2-prior-reconciliation-v1-2026-08-06,selective_target_nuisance,1,241015,16,u2_logistic,16,0.8492156788958894,0.8581164446657206,-0.005178315117800064,-0.0012651273893468234,0.0,
u2-prior-reconciliation-v1-2026-08-06,selective_target_nuisance,1,241015,32,anchored_pcr2_current,16,0.8603288407585314,0.8670374220645045,0.007054537027706705,0.007465070549919024,0.0,
u2-prior-reconciliation-v1-2026-08-06,selective_target_nuisance,1,241015,32,anchored_pcr2_current_reparameterized,16,0.8603288407585314,0.8670374220645045,0.007054537027706705,0.007465070549919024,0.0,
u2-prior-reconciliation-v1-2026-08-06,selective_target_nuisance,1,241015,32,anchored_pcr2_historical,16,0.8661550995673979,0.8716224116392653,0.012880795836573082,0.0120500601246799,0.0,
u2-prior-reconciliation-v1-2026-08-06,selective_target_nuisance,1,241015,32,fixed_average,16,0.8602942816294985,0.8671320999799166,0.007019977898673833,0.00755974846533123,0.0,
u2-prior-reconciliation-v1-2026-08-06,selective_target_nuisance,1,241015,32,iu,16,0.8532743037308248,0.8595723515145854,0.0,0.0,0.0,
u2-prior-reconciliation-v1-2026-08-06,selective_target_nuisance,1,241015,32,optimistic_endpoint_switch,16,0.8631654612042063,0.8701681816212374,0.009891157473381623,0.010595830106651993,0.0,
u2-prior-reconciliation-v1-2026-08-06,selective_target_nuisance,1,241015,32,optimistic_interpolation,16,0.8651363284535964,0.8720813933273095,0.011862024722771695,0.012509041812724053,0.0,0.605625
u2-prior-reconciliation-v1-2026-08-06,selective_target_nuisance,1,241015,32,ta_liu,16,0.8575280677483488,0.8641823152022311,0.004253764017524024,0.004609963687645616,0.0,
u2-prior-reconciliation-v1-2026-08-06,selective_target_nuisance,1,241015,32,u2_logistic,16,0.856278633355076,0.8631687201428728,0.0030043296242512132,0.0035963686282873553,0.0,
u2-prior-reconciliation-v1-2026-08-06,selective_target_nuisance,1,241015,64,anchored_pcr2_current,16,0.8644625794649902,0.871184027400095,0.011325292510455408,0.012399100228543923,0.0,
u2-prior-reconciliation-v1-2026-08-06,selective_target_nuisance,1,241015,64,anchored_pcr2_current_reparameterized,16,0.8644625794649902,0.871184027400095,0.011325292510455408,0.012399100228543923,0.0,
u2-prior-reconciliation-v1-2026-08-06,selective_target_nuisance,1,241015,64,anchored_pcr2_historical,16,0.8672562652845721,0.8734300965602444,0.014118978330037418,0.014645169388693285,0.0,
u2-prior-reconciliation-v1-2026-08-06,selective_target_nuisance,1,241015,64,fixed_average,16,0.86335483266695,0.8702101766632152,0.010217545712415219,0.011425249491664013,0.0,
u2-prior-reconciliation-v1-2026-08-06,selective_target_nuisance,1,241015,64,iu,16,0.8531372869545348,0.8587849271715511,0.0,0.0,0.0,
u2-prior-reconciliation-v1-2026-08-06,selective_target_nuisance,1,241015,64,optimistic_endpoint_switch,16,0.8665707531984456,0.8733760186024679,0.01343346624391082,0.01459109143091683,0.0,
u2-prior-reconciliation-v1-2026-08-06,selective_target_nuisance,1,241015,64,optimistic_interpolation,16,0.867954831561644,0.8747862230155046,0.014817544607109254,0.016001295843953503,0.0,0.9075
u2-prior-reconciliation-v1-2026-08-06,selective_target_nuisance,1,241015,64,ta_liu,16,0.857562475374942,0.8636064711904753,0.004425188420407324,0.004821544018924116,0.0,
u2-prior-reconciliation-v1-2026-08-06,selective_target_nuisance,1,241015,64,u2_logistic,16,0.8664794289975324,0.8734026997917388,0.013342142042997579,0.014617772620187673,0.0,
u2-prior-reconciliation-v1-2026-08-06,selective_target_nuisance,2,242024,4,anchored_pcr2_current,16,0.835403814290504,0.8363792591967656,0.010308963509291481,0.010681094867760275,0.0,
u2-prior-reconciliation-v1-2026-08-06,selective_target_nuisance,2,242024,4,anchored_pcr2_current_reparameterized,16,0.835403814290504,0.8363792591967656,0.010308963509291481,0.010681094867760275,0.0,
u2-prior-reconciliation-v1-2026-08-06,selective_target_nuisance,2,242024,4,anchored_pcr2_historical,16,0.8668775763293004,0.8725835205886554,0.04178272554808789,0.04688535625965016,0.0,
u2-prior-reconciliation-v1-2026-08-06,selective_target_nuisance,2,242024,4,fixed_average,16,0.8472830096820345,0.8515274169969581,0.022188158900821917,0.025829252667952815,0.0,
u2-prior-reconciliation-v1-2026-08-06,selective_target_nuisance,2,242024,4,iu,16,0.8250948507812126,0.8256981643290053,0.0,0.0,0.0,
u2-prior-reconciliation-v1-2026-08-06,selective_target_nuisance,2,242024,4,optimistic_endpoint_switch,16,0.8379387729103934,0.8425287707653935,0.012843922129180854,0.01683060643638814,0.0,
u2-prior-reconciliation-v1-2026-08-06,selective_target_nuisance,2,242024,4,optimistic_interpolation,16,0.8574066416370348,0.8617958342073107,0.03231179085582227,0.03609766987830526,0.0,0.5778125000000001
u2-prior-reconciliation-v1-2026-08-06,selective_target_nuisance,2,242024,4,ta_liu,16,0.8339658117210904,0.8345099783354895,0.008870960939877881,0.008811814006484092,0.125,
u2-prior-reconciliation-v1-2026-08-06,selective_target_nuisance,2,242024,4,u2_logistic,16,0.775755064165975,0.7787665836449525,-0.049339786615237594,-0.046931580684052746,0.0625,
u2-prior-reconciliation-v1-2026-08-06,selective_target_nuisance,2,242024,8,anchored_pcr2_current,16,0.8381929224644837,0.8380184131626263,0.012828957357493696,0.013375506998461205,0.0,
u2-prior-reconciliation-v1-2026-08-06,selective_target_nuisance,2,242024,8,anchored_pcr2_current_reparameterized,16,0.8381929224644837,0.8380184131626263,0.012828957357493696,0.013375506998461205,0.0,
u2-prior-reconciliation-v1-2026-08-06,selective_target_nuisance,2,242024,8,anchored_pcr2_historical,16,0.866293410955262,0.8710796776769134,0.040929445848271975,0.04643677151274837,0.0,
u2-prior-reconciliation-v1-2026-08-06,selective_target_nuisance,2,242024,8,fixed_average,16,0.8394459066381417,0.8410223491582278,0.014081941531151679,0.016379442994062826,0.0,
u2-prior-reconciliation-v1-2026-08-06,selective_target_nuisance,2,242024,8,iu,16,0.8253639651069901,0.8246429061641651,0.0,0.0,0.0,
u2-prior-reconciliation-v1-2026-08-06,selective_target_nuisance,2,242024,8,optimistic_endpoint_switch,16,0.8423278096538288,0.8448344831122101,0.01696384454683879,0.020191576948045006,0.0,
u2-prior-reconciliation-v1-2026-08-06,selective_target_nuisance,2,242024,8,optimistic_interpolation,16,0.8549652039334563,0.8574772980571727,0.029601238826466238,0.03283439189300761,0.0,0.6621874999999999
u2-prior-reconciliation-v1-2026-08-06,selective_target_nuisance,2,242024,8,ta_liu,16,0.8338729904944032,0.8331635361720918,0.008509025387413126,0.008520630007926792,0.0,
u2-prior-reconciliation-v1-2026-08-06,selective_target_nuisance,2,242024,8,u2_logistic,16,0.7962161341549325,0.7991695693676322,-0.029147830952057578,-0.025473336796532874,0.0,
u2-prior-reconciliation-v1-2026-08-06,selective_target_nuisance,2,242024,16,anchored_pcr2_current,16,0.845380721052248,0.8459832803736083,0.02027272631102279,0.02181400464051611,0.0,
u2-prior-reconciliation-v1-2026-08-06,selective_target_nuisance,2,242024,16,anchored_pcr2_current_reparameterized,16,0.845380721052248,0.8459832803736083,0.02027272631102279,0.02181400464051611,0.0,
u2-prior-reconciliation-v1-2026-08-06,selective_target_nuisance,2,242024,16,anchored_pcr2_historical,16,0.8657191932078514,0.8706780686136697,0.04061119846662613,0.046508792880577535,0.0,
u2-prior-reconciliation-v1-2026-08-06,selective_target_nuisance,2,242024,16,fixed_average,16,0.8515859285453443,0.8536238630111699,0.02647793380411915,0.029454587278077607,0.0,
u2-prior-reconciliation-v1-2026-08-06,selective_target_nuisance,2,242024,16,iu,16,0.8251079947412253,0.8241692757330923,0.0,0.0,0.0,
u2-prior-reconciliation-v1-2026-08-06,selective_target_nuisance,2,242024,16,optimistic_endpoint_switch,16,0.8484096963184296,0.8536286211488064,0.023301701577204383,0.02945934541571417,0.0,
u2-prior-reconciliation-v1-2026-08-06,selective_target_nuisance,2,242024,16,optimistic_interpolation,16,0.8601261162732682,0.863535937529266,0.035018121532043,0.039366661796173825,0.0,0.649375
u2-prior-reconciliation-v1-2026-08-06,selective_target_nuisance,2,242024,16,ta_liu,16,0.8350954350209954,0.8344496555765729,0.009987440279770096,0.010280379843480701,0.0,
u2-prior-reconciliation-v1-2026-08-06,selective_target_nuisance,2,242024,16,u2_logistic,16,0.8375779029297825,0.8432413824253607,0.012469908188557352,0.019072106692268546,0.0,
u2-prior-reconciliation-v1-2026-08-06,selective_target_nuisance,2,242024,32,anchored_pcr2_current,16,0.8552220156525352,0.8583687366067736,0.02952117268091444,0.031748089353838334,0.0,
u2-prior-reconciliation-v1-2026-08-06,selective_target_nuisance,2,242024,32,anchored_pcr2_current_reparameterized,16,0.8552220156525352,0.8583687366067736,0.02952117268091444,0.031748089353838334,0.0,
u2-prior-reconciliation-v1-2026-08-06,selective_target_nuisance,2,242024,32,anchored_pcr2_historical,16,0.8661038766135939,0.87218580524817,0.04040303364197314,0.045565157995234806,0.0,
u2-prior-reconciliation-v1-2026-08-06,selective_target_nuisance,2,242024,32,fixed_average,16,0.8571579634824606,0.8591714635007961,0.03145712051084002,0.032550816247860784,0.0,
u2-prior-reconciliation-v1-2026-08-06,selective_target_nuisance,2,242024,32,iu,16,0.8257008429716206,0.8266206472529352,0.0,0.0,0.0,
u2-prior-reconciliation-v1-2026-08-06,selective_target_nuisance,2,242024,32,optimistic_endpoint_switch,16,0.8566476961637299,0.8623980816433117,0.030946853192109214,0.03577743439037648,0.0,
u2-prior-reconciliation-v1-2026-08-06,selective_target_nuisance,2,242024,32,optimistic_interpolation,16,0.8648790267314874,0.8696343005506142,0.039178183759866675,0.04301365329767892,0.0,0.8178125
u2-prior-reconciliation-v1-2026-08-06,selective_target_nuisance,2,242024,32,ta_liu,16,0.8361066620026113,0.8370540773822783,0.010405819030990547,0.0104334301293431,0.0,
u2-prior-reconciliation-v1-2026-08-06,selective_target_nuisance,2,242024,32,u2_logistic,16,0.8559711959033809,0.8629152629367416,0.03027035293176035,0.03629461568380627,0.0,
u2-prior-reconciliation-v1-2026-08-06,selective_target_nuisance,2,242024,64,anchored_pcr2_current,16,0.8608244033937694,0.8654156346130187,0.03696129956113212,0.039815215958820246,0.0,
u2-prior-reconciliation-v1-2026-08-06,selective_target_nuisance,2,242024,64,anchored_pcr2_current_reparameterized,16,0.8608244033937694,0.8654156346130187,0.03696129956113212,0.039815215958820246,0.0,
u2-prior-reconciliation-v1-2026-08-06,selective_target_nuisance,2,242024,64,anchored_pcr2_historical,16,0.8672393510319891,0.8737437032978369,0.04337624719935178,0.04814328464363855,0.0,
u2-prior-reconciliation-v1-2026-08-06,selective_target_nuisance,2,242024,64,fixed_average,16,0.8569929981019804,0.8595018723056287,0.033129894269343096,0.033901453651430276,0.0,
u2-prior-reconciliation-v1-2026-08-06,selective_target_nuisance,2,242024,64,iu,16,0.8238631038326374,0.8256004186541984,0.0,0.0,0.0,
u2-prior-reconciliation-v1-2026-08-06,selective_target_nuisance,2,242024,64,optimistic_endpoint_switch,16,0.8653209361092146,0.872590853292359,0.041457832276577185,0.04699043463816046,0.0,
u2-prior-reconciliation-v1-2026-08-06,selective_target_nuisance,2,242024,64,optimistic_interpolation,16,0.8673565918193546,0.873023108752822,0.0434934879867174,0.047422690098623536,0.0,0.9084375
u2-prior-reconciliation-v1-2026-08-06,selective_target_nuisance,2,242024,64,ta_liu,16,0.834757812816344,0.8364688370981428,0.010894708983706758,0.010868418443944337,0.0,
u2-prior-reconciliation-v1-2026-08-06,selective_target_nuisance,2,242024,64,u2_logistic,16,0.8653209361092146,0.872590853292359,0.041457832276577185,0.04699043463816046,0.0,
u2-prior-reconciliation-v1-2026-08-06,selective_target_nuisance,3,243033,4,anchored_pcr2_current,16,0.8595614674201192,0.8700060656489517,0.005140647156680125,0.0052386545978288165,0.0,
u2-prior-reconciliation-v1-2026-08-06,selective_target_nuisance,3,243033,4,anchored_pcr2_current_reparameterized,16,0.8595614674201192,0.8700060656489517,0.005140647156680125,0.0052386545978288165,0.0,
u2-prior-reconciliation-v1-2026-08-06,selective_target_nuisance,3,243033,4,anchored_pcr2_historical,16,0.8604040218893334,0.870548567814139,0.0059832016258943785,0.00578115676301625,0.0,
u2-prior-reconciliation-v1-2026-08-06,selective_target_nuisance,3,243033,4,fixed_average,16,0.8559989441836525,0.8683929670121662,0.001578123920213427,0.003625555961043317,0.0,
u2-prior-reconciliation-v1-2026-08-06,selective_target_nuisance,3,243033,4,iu,16,0.8544208202634391,0.8647674110511229,0.0,0.0,0.0,
u2-prior-reconciliation-v1-2026-08-06,selective_target_nuisance,3,243033,4,optimistic_endpoint_switch,16,0.8564349088853532,0.8669900431117332,0.0020140886219141355,0.0022226320606104563,0.0,
u2-prior-reconciliation-v1-2026-08-06,selective_target_nuisance,3,243033,4,optimistic_interpolation,16,0.8673533566815517,0.8778404265701419,0.012932536418112539,0.013073015519019168,0.0,0.3171875
u2-prior-reconciliation-v1-2026-08-06,selective_target_nuisance,3,243033,4,ta_liu,16,0.8595575843507149,0.8700989128461485,0.005136764087275897,0.005331501795025596,0.1875,
u2-prior-reconciliation-v1-2026-08-06,selective_target_nuisance,3,243033,4,u2_logistic,16,0.7238453435604546,0.7377084131472481,-0.13057547670298453,-0.12705899790387465,0.1875,
u2-prior-reconciliation-v1-2026-08-06,selective_target_nuisance,3,243033,8,anchored_pcr2_current,16,0.8602077614145381,0.8703475382532198,0.005764779802744507,0.005790183230020757,0.0,
u2-prior-reconciliation-v1-2026-08-06,selective_target_nuisance,3,243033,8,anchored_pcr2_current_reparameterized,16,0.8602077614145381,0.8703475382532198,0.005764779802744507,0.005790183230020757,0.0,
u2-prior-reconciliation-v1-2026-08-06,selective_target_nuisance,3,243033,8,anchored_pcr2_historical,16,0.862922316134638,0.8728895543005222,0.008479334522844502,0.008332199277323149,0.0,
u2-prior-reconciliation-v1-2026-08-06,selective_target_nuisance,3,243033,8,fixed_average,16,0.8496449012207341,0.8611217240924162,-0.004798080391059535,-0.0034356309307827654,0.0,
u2-prior-reconciliation-v1-2026-08-06,selective_target_nuisance,3,243033,8,iu,16,0.8544429816117936,0.864557355023199,0.0,0.0,0.0,
u2-prior-reconciliation-v1-2026-08-06,selective_target_nuisance,3,243033,8,optimistic_endpoint_switch,16,0.8614527876947303,0.8719361114015425,0.007009806082936755,0.007378756378343537,0.0,
u2-prior-reconciliation-v1-2026-08-06,selective_target_nuisance,3,243033,8,optimistic_interpolation,16,0.8693523609637861,0.8793747001787066,0.014909379351992512,0.014817345155507589,0.0,0.47468750000000004
u2-prior-reconciliation-v1-2026-08-06,selective_target_nuisance,3,243033,8,ta_liu,16,0.8591626861178054,0.869371467851391,0.004719704506011897,0.0048141128281919895,0.125,
u2-prior-reconciliation-v1-2026-08-06,selective_target_nuisance,3,243033,8,u2_logistic,16,0.7536633348341456,0.7725413345593506,-0.100779646777648,-0.09201602046384841,0.125,
u2-prior-reconciliation-v1-2026-08-06,selective_target_nuisance,3,243033,16,anchored_pcr2_current,16,0.8650711170090437,0.8759174617864536,0.009151414525149948,0.009387587281949876,0.0,
u2-prior-reconciliation-v1-2026-08-06,selective_target_nuisance,3,243033,16,anchored_pcr2_current_reparameterized,16,0.8650711170090437,0.8759174617864536,0.009151414525149948,0.009387587281949876,0.0,
u2-prior-reconciliation-v1-2026-08-06,selective_target_nuisance,3,243033,16,anchored_pcr2_historical,16,0.8668931332906451,0.8775082797059351,0.010973430806751255,0.010978405201431486,0.0,
u2-prior-reconciliation-v1-2026-08-06,selective_target_nuisance,3,243033,16,fixed_average,16,0.8647782341963004,0.8747573995263285,0.008858531712406463,0.008227525021824729,0.0,
u2-prior-reconciliation-v1-2026-08-06,selective_target_nuisance,3,243033,16,iu,16,0.8559197024838938,0.8665298745045037,0.0,0.0,0.0,
u2-prior-reconciliation-v1-2026-08-06,selective_target_nuisance,3,243033,16,optimistic_endpoint_switch,16,0.8678274147797469,0.8794118816822233,0.011907712295853017,0.012882007177719562,0.0,
u2-prior-reconciliation-v1-2026-08-06,selective_target_nuisance,3,243033,16,optimistic_interpolation,16,0.8726782655741258,0.8831772172911097,0.016758563090231937,0.016647342786606005,0.0,0.6653125
u2-prior-reconciliation-v1-2026-08-06,selective_target_nuisance,3,243033,16,ta_liu,16,0.861787624304247,0.8726776008482218,0.0058679218203532,0.006147726343718046,0.0,
u2-prior-reconciliation-v1-2026-08-06,selective_target_nuisance,3,243033,16,u2_logistic,16,0.853898855423338,0.8647022103857818,-0.0020208470605558443,-0.0018276641187219972,0.0,
u2-prior-reconciliation-v1-2026-08-06,selective_target_nuisance,3,243033,32,anchored_pcr2_current,16,0.8714460155866153,0.8826995868713755,0.012960812419946413,0.012833077597301124,0.0,
u2-prior-reconciliation-v1-2026-08-06,selective_target_nuisance,3,243033,32,anchored_pcr2_current_reparameterized,16,0.8714460155866153,0.8826995868713755,0.012960812419946413,0.012833077597301124,0.0,
u2-prior-reconciliation-v1-2026-08-06,selective_target_nuisance,3,243033,32,anchored_pcr2_historical,16,0.8653974008482888,0.8762643572368953,0.006912197681620033,0.006397847962821029,0.0,
u2-prior-reconciliation-v1-2026-08-06,selective_target_nuisance,3,243033,32,fixed_average,16,0.8707950132600595,0.8822291044432891,0.012309810093390772,0.012362595169214653,0.0,
u2-prior-reconciliation-v1-2026-08-06,selective_target_nuisance,3,243033,32,iu,16,0.8584852031666688,0.8698665092740744,0.0,0.0,0.0,
u2-prior-reconciliation-v1-2026-08-06,selective_target_nuisance,3,243033,32,optimistic_endpoint_switch,16,0.8669014201391296,0.8781608351505632,0.00841621697246097,0.00829432587648881,0.0,
u2-prior-reconciliation-v1-2026-08-06,selective_target_nuisance,3,243033,32,optimistic_interpolation,16,0.8741658300180543,0.8850292267723643,0.015680626851385493,0.015162717498289909,0.0,0.6421875
u2-prior-reconciliation-v1-2026-08-06,selective_target_nuisance,3,243033,32,ta_liu,16,0.8645874621715799,0.8761506301136057,0.006102259004911126,0.006284120839531386,0.0,
u2-prior-reconciliation-v1-2026-08-06,selective_target_nuisance,3,243033,32,u2_logistic,16,0.8590179202789539,0.8723171406203887,0.0005327171122850652,0.00245063134631434,0.0,
u2-prior-reconciliation-v1-2026-08-06,selective_target_nuisance,3,243033,64,anchored_pcr2_current,16,0.8747968212412673,0.8876736501872428,0.014334582322795636,0.01385314456230672,0.0,
u2-prior-reconciliation-v1-2026-08-06,selective_target_nuisance,3,243033,64,anchored_pcr2_current_reparameterized,16,0.8747968212412673,0.8876736501872428,0.014334582322795636,0.01385314456230672,0.0,
u2-prior-reconciliation-v1-2026-08-06,selective_target_nuisance,3,243033,64,anchored_pcr2_historical,16,0.8698455130646684,0.8823085236646988,0.009383274146196621,0.008488018039762825,0.0,
u2-prior-reconciliation-v1-2026-08-06,selective_target_nuisance,3,243033,64,fixed_average,16,0.8736511940871854,0.8864603585421306,0.013188955168713656,0.012639852917194563,0.0,
u2-prior-reconciliation-v1-2026-08-06,selective_target_nuisance,3,243033,64,iu,16,0.8604622389184717,0.873820505624936,0.0,0.0,0.0,
u2-prior-reconciliation-v1-2026-08-06,selective_target_nuisance,3,243033,64,optimistic_endpoint_switch,16,0.8725101564326934,0.8857613074838638,0.012047917514221532,0.011940801858927888,0.0,
u2-prior-reconciliation-v1-2026-08-06,selective_target_nuisance,3,243033,64,optimistic_interpolation,16,0.8775147570639146,0.889962296879986,0.01705251814544282,0.01614179125504992,0.0,0.7418750000000001
u2-prior-reconciliation-v1-2026-08-06,selective_target_nuisance,3,243033,64,ta_liu,16,0.8665726562699856,0.8799651154722361,0.006110417351513943,0.0061446098473000935,0.0,
u2-prior-reconciliation-v1-2026-08-06,selective_target_nuisance,3,243033,64,u2_logistic,16,0.8710285852458792,0.8846300694018862,0.010566346327407466,0.010809563776950172,0.0,
u2-prior-reconciliation-v1-2026-08-06,selective_target_nuisance,4,244042,4,anchored_pcr2_current,16,0.8495706254637647,0.8401772754553698,0.004667292751469508,0.0057878121480609,0.0,
u2-prior-reconciliation-v1-2026-08-06,selective_target_nuisance,4,244042,4,anchored_pcr2_current_reparameterized,16,0.8495706254637647,0.8401772754553698,0.004667292751469508,0.0057878121480609,0.0,
u2-prior-reconciliation-v1-2026-08-06,selective_target_nuisance,4,244042,4,anchored_pcr2_historical,16,0.8356909414034496,0.8491457445701911,-0.009212391308845679,0.014756281262882073,0.0,
u2-prior-reconciliation-v1-2026-08-06,selective_target_nuisance,4,244042,4,fixed_average,16,0.8388907194194625,0.8380115369938751,-0.006012613292832827,0.0036220736865661754,0.0,
u2-prior-reconciliation-v1-2026-08-06,selective_target_nuisance,4,244042,4,iu,16,0.8449033327122952,0.834389463307309,0.0,0.0,0.0,
u2-prior-reconciliation-v1-2026-08-06,selective_target_nuisance,4,244042,4,optimistic_endpoint_switch,16,0.8547586804355274,0.8489369834862398,0.0098553477232321,0.014547520178930809,0.0,
u2-prior-reconciliation-v1-2026-08-06,selective_target_nuisance,4,244042,4,optimistic_interpolation,16,0.8698671981945965,0.8663836376686442,0.0249638654823012,0.031994174361335274,0.0,0.4084375
u2-prior-reconciliation-v1-2026-08-06,selective_target_nuisance,4,244042,4,ta_liu,16,0.8526381054176945,0.8432512919128139,0.007734772705399247,0.008861828605504912,0.0625,
u2-prior-reconciliation-v1-2026-08-06,selective_target_nuisance,4,244042,4,u2_logistic,16,0.7382952439081352,0.733026770445409,-0.10660808880416009,-0.10136269286189994,0.0625,
u2-prior-reconciliation-v1-2026-08-06,selective_target_nuisance,4,244042,8,anchored_pcr2_current,16,0.8558636724110386,0.8478531885585479,0.011235518393685091,0.013668561174101743,0.0,
u2-prior-reconciliation-v1-2026-08-06,selective_target_nuisance,4,244042,8,anchored_pcr2_current_reparameterized,16,0.8558636724110386,0.8478531885585479,0.011235518393685091,0.013668561174101743,0.0,
u2-prior-reconciliation-v1-2026-08-06,selective_target_nuisance,4,244042,8,anchored_pcr2_historical,16,0.8421985829005147,0.8554460136174126,-0.0024295711168386344,0.0212613862329665,0.0,
u2-prior-reconciliation-v1-2026-08-06,selective_target_nuisance,4,244042,8,fixed_average,16,0.8665123602013284,0.862851898616773,0.021884206183974887,0.028667271232326957,0.0,
u2-prior-reconciliation-v1-2026-08-06,selective_target_nuisance,4,244042,8,iu,16,0.8446281540173535,0.834184627384446,0.0,0.0,0.0,
u2-prior-reconciliation-v1-2026-08-06,selective_target_nuisance,4,244042,8,optimistic_endpoint_switch,16,0.8604143950762393,0.8574877283055273,0.0157862410588858,0.023303100921081267,0.0,
u2-prior-reconciliation-v1-2026-08-06,selective_target_nuisance,4,244042,8,optimistic_interpolation,16,0.8745961203321151,0.8723336172676899,0.029967966314761646,0.038148989883243896,0.0,0.611875
u2-prior-reconciliation-v1-2026-08-06,selective_target_nuisance,4,244042,8,ta_liu,16,0.8557972043812649,0.8469137031811714,0.011169050363911366,0.012729075796725414,0.0,
u2-prior-reconciliation-v1-2026-08-06,selective_target_nuisance,4,244042,8,u2_logistic,16,0.8441660713931125,0.8436292296659349,-0.00046208262424091845,0.009444602281488794,0.0,
u2-prior-reconciliation-v1-2026-08-06,selective_target_nuisance,4,244042,16,anchored_pcr2_current,16,0.8646073288091838,0.8595291647310175,0.020600476998776797,0.025063677161439563,0.0,
u2-prior-reconciliation-v1-2026-08-06,selective_target_nuisance,4,244042,16,anchored_pcr2_current_reparameterized,16,0.8646073288091838,0.8595291647310175,0.020600476998776797,0.025063677161439563,0.0,
u2-prior-reconciliation-v1-2026-08-06,selective_target_nuisance,4,244042,16,anchored_pcr2_historical,16,0.852669303664723,0.8645515924353353,0.008662451854316099,0.0300861048657573,0.0,
u2-prior-reconciliation-v1-2026-08-06,selective_target_nuisance,4,244042,16,fixed_average,16,0.8697191835019064,0.8654347387113235,0.025712331691499425,0.030969251141745542,0.0,
u2-prior-reconciliation-v1-2026-08-06,selective_target_nuisance,4,244042,16,iu,16,0.8440068518104069,0.8344654875695781,0.0,0.0,0.0,
u2-prior-reconciliation-v1-2026-08-06,selective_target_nuisance,4,244042,16,optimistic_endpoint_switch,16,0.8691052338359084,0.8693288490380837,0.02509838202550143,0.03486336146850576,0.0,
u2-prior-reconciliation-v1-2026-08-06,selective_target_nuisance,4,244042,16,optimistic_interpolation,16,0.8775710265910112,0.8768083473189827,0.03356417478060421,0.04234285974940468,0.0,0.7528125
u2-prior-reconciliation-v1-2026-08-06,selective_target_nuisance,4,244042,16,ta_liu,16,0.8558420311569165,0.8479483776441192,0.011835179346509496,0.01348289007454117,0.0,
u2-prior-reconciliation-v1-2026-08-06,selective_target_nuisance,4,244042,16,u2_logistic,16,0.8625872392641125,0.8637404368212127,0.018580387453705514,0.029274949251634784,0.0,
u2-prior-reconciliation-v1-2026-08-06,selective_target_nuisance,4,244042,32,anchored_pcr2_current,16,0.8731812984774328,0.8691298786223502,0.028257083684177786,0.03486712357405125,0.0,
u2-prior-reconciliation-v1-2026-08-06,selective_target_nuisance,4,244042,32,anchored_pcr2_current_reparameterized,16,0.8731812984774328,0.8691298786223502,0.028257083684177786,0.03486712357405125,0.0,
u2-prior-reconciliation-v1-2026-08-06,selective_target_nuisance,4,244042,32,anchored_pcr2_historical,16,0.8712155068153706,0.8794830931468567,0.026291292022115553,0.04522033809855769,0.0,
u2-prior-reconciliation-v1-2026-08-06,selective_target_nuisance,4,244042,32,fixed_average,16,0.8738368665847189,0.8681442968492583,0.028912651791463934,0.0338815418009593,0.0,
u2-prior-reconciliation-v1-2026-08-06,selective_target_nuisance,4,244042,32,iu,16,0.844924214793255,0.8342627550482989,0.0,0.0,0.0,
u2-prior-reconciliation-v1-2026-08-06,selective_target_nuisance,4,244042,32,optimistic_endpoint_switch,16,0.8780279929176174,0.8796598352652684,0.03310377812436222,0.04539708021696936,0.0,
u2-prior-reconciliation-v1-2026-08-06,selective_target_nuisance,4,244042,32,optimistic_interpolation,16,0.8819741771812507,0.8812806686805814,0.03704996238799571,0.04701791363228247,0.0,0.8584375000000001
u2-prior-reconciliation-v1-2026-08-06,selective_target_nuisance,4,244042,32,ta_liu,16,0.8567521234612141,0.8477241207751129,0.011827908667958999,0.01346136572681389,0.0,
u2-prior-reconciliation-v1-2026-08-06,selective_target_nuisance,4,244042,32,u2_logistic,16,0.8780279929176174,0.8796598352652684,0.03310377812436222,0.04539708021696936,0.0,
u2-prior-reconciliation-v1-2026-08-06,selective_target_nuisance,4,244042,64,anchored_pcr2_current,16,0.8806880303684582,0.8796352077705777,0.03429544336306558,0.04248830428176916,0.0,
u2-prior-reconciliation-v1-2026-08-06,selective_target_nuisance,4,244042,64,anchored_pcr2_current_reparameterized,16,0.8806880303684582,0.8796352077705777,0.03429544336306558,0.04248830428176916,0.0,
u2-prior-reconciliation-v1-2026-08-06,selective_target_nuisance,4,244042,64,anchored_pcr2_historical,16,0.8756385385649044,0.8824411881251326,0.029245951559511624,0.04529428463632415,0.0,
u2-prior-reconciliation-v1-2026-08-06,selective_target_nuisance,4,244042,64,fixed_average,16,0.8760176910794235,0.8713319982603112,0.0296251040740308,0.03418509477150271,0.0,
u2-prior-reconciliation-v1-2026-08-06,selective_target_nuisance,4,244042,64,iu,16,0.8463925870053927,0.8371469034888085,0.0,0.0,0.0,
u2-prior-reconciliation-v1-2026-08-06,selective_target_nuisance,4,244042,64,optimistic_endpoint_switch,16,0.8797871009306979,0.8812785980028178,0.03339451392530525,0.04413169451400929,0.0,
u2-prior-reconciliation-v1-2026-08-06,selective_target_nuisance,4,244042,64,optimistic_interpolation,16,0.8841389462777929,0.8834868827202502,0.037746359272400234,0.04633997923144166,0.0,0.80375
u2-prior-reconciliation-v1-2026-08-06,selective_target_nuisance,4,244042,64,ta_liu,16,0.8583617573527944,0.8506137705930116,0.011969170347401761,0.013466867104203084,0.0,
u2-prior-reconciliation-v1-2026-08-06,selective_target_nuisance,4,244042,64,u2_logistic,16,0.8791279446507363,0.881850032466759,0.0327353576453436,0.04470312897795049,0.0,
u2-prior-reconciliation-v1-2026-08-06,selective_target_nuisance,5,245051,4,anchored_pcr2_current,16,0.8772781319688729,0.8838104480198381,0.006630020249298214,0.006879466361784534,0.0,
u2-prior-reconciliation-v1-2026-08-06,selective_target_nuisance,5,245051,4,anchored_pcr2_current_reparameterized,16,0.8772781319688729,0.8838104480198381,0.006630020249298214,0.006879466361784534,0.0,
u2-prior-reconciliation-v1-2026-08-06,selective_target_nuisance,5,245051,4,anchored_pcr2_historical,16,0.899227719167851,0.906025067384133,0.02857960744827634,0.029094085726079508,0.0,
u2-prior-reconciliation-v1-2026-08-06,selective_target_nuisance,5,245051,4,fixed_average,16,0.8748772919608084,0.8821534776896826,0.004229180241233685,0.005222496031628963,0.0,
u2-prior-reconciliation-v1-2026-08-06,selective_target_nuisance,5,245051,4,iu,16,0.8706481117195748,0.8769309816580536,0.0,0.0,0.0,
u2-prior-reconciliation-v1-2026-08-06,selective_target_nuisance,5,245051,4,optimistic_endpoint_switch,16,0.884095518325627,0.8915167796481904,0.01344740660605239,0.014585797990136866,0.0,
u2-prior-reconciliation-v1-2026-08-06,selective_target_nuisance,5,245051,4,optimistic_interpolation,16,0.8954757602806505,0.9024259867180493,0.024827648561075673,0.025495005059995732,0.0,0.5384375
u2-prior-reconciliation-v1-2026-08-06,selective_target_nuisance,5,245051,4,ta_liu,16,0.8758755928828563,0.8824496992913675,0.005227481163281568,0.005518717633313915,0.0,
u2-prior-reconciliation-v1-2026-08-06,selective_target_nuisance,5,245051,4,u2_logistic,16,0.8229944307904993,0.8264032117343016,-0.04765368092907553,-0.05052776992375195,0.0,
u2-prior-reconciliation-v1-2026-08-06,selective_target_nuisance,5,245051,8,anchored_pcr2_current,16,0.8826427149937257,0.889285473427415,0.011624267678567925,0.011908831946220166,0.0,
u2-prior-reconciliation-v1-2026-08-06,selective_target_nuisance,5,245051,8,anchored_pcr2_current_reparameterized,16,0.8826427149937257,0.889285473427415,0.011624267678567925,0.011908831946220166,0.0,
u2-prior-reconciliation-v1-2026-08-06,selective_target_nuisance,5,245051,8,anchored_pcr2_historical,16,0.8994668850553309,0.9065377183042204,0.02844843774017311,0.029161076823025503,0.0,
u2-prior-reconciliation-v1-2026-08-06,selective_target_nuisance,5,245051,8,fixed_average,16,0.8846202483715753,0.8920539548412527,0.013601801056417395,0.014677313360057863,0.0,
u2-prior-reconciliation-v1-2026-08-06,selective_target_nuisance,5,245051,8,iu,16,0.8710184473151579,0.8773766414811949,0.0,0.0,0.0,
u2-prior-reconciliation-v1-2026-08-06,selective_target_nuisance,5,245051,8,optimistic_endpoint_switch,16,0.8819629097754366,0.8890492190148092,0.010944462460278644,0.011672577533614371,0.0,
u2-prior-reconciliation-v1-2026-08-06,selective_target_nuisance,5,245051,8,optimistic_interpolation,16,0.8941580870988294,0.9009644724962027,0.023139639783671555,0.02358783101500777,0.0,0.606875
u2-prior-reconciliation-v1-2026-08-06,selective_target_nuisance,5,245051,8,ta_liu,16,0.8776104752528807,0.8843523470640915,0.006592027937722851,0.006975705582896577,0.0,
u2-prior-reconciliation-v1-2026-08-06,selective_target_nuisance,5,245051,8,u2_logistic,16,0.850704398408465,0.8530768182015648,-0.020314048906692833,-0.024299823279630053,0.0,
u2-prior-reconciliation-v1-2026-08-06,selective_target_nuisance,5,245051,16,anchored_pcr2_current,16,0.889648976216403,0.8969492913026395,0.01868094422024006,0.019018094173447346,0.0,
u2-prior-reconciliation-v1-2026-08-06,selective_target_nuisance,5,245051,16,anchored_pcr2_current_reparameterized,16,0.889648976216403,0.8969492913026395,0.01868094422024006,0.019018094173447346,0.0,
u2-prior-reconciliation-v1-2026-08-06,selective_target_nuisance,5,245051,16,anchored_pcr2_historical,16,0.9010662651642296,0.9086033921658616,0.030098233168066556,0.030672195036669465,0.0,
u2-prior-reconciliation-v1-2026-08-06,selective_target_nuisance,5,245051,16,fixed_average,16,0.8956745833124838,0.9028653430273994,0.024706551316320727,0.024934145898207326,0.0,
u2-prior-reconciliation-v1-2026-08-06,selective_target_nuisance,5,245051,16,iu,16,0.8709680319961631,0.8779311971291921,0.0,0.0,0.0,
u2-prior-reconciliation-v1-2026-08-06,selective_target_nuisance,5,245051,16,optimistic_endpoint_switch,16,0.8914216583707893,0.8992694371516521,0.020453626374626256,0.02133824002246,0.0,
u2-prior-reconciliation-v1-2026-08-06,selective_target_nuisance,5,245051,16,optimistic_interpolation,16,0.9008233411122576,0.9082814778788462,0.02985530911609449,0.030350280749654006,0.0,0.7796875
u2-prior-reconciliation-v1-2026-08-06,selective_target_nuisance,5,245051,16,ta_liu,16,0.8782950422792023,0.8856363056004083,0.007327010283039163,0.007705108471216193,0.0,
u2-prior-reconciliation-v1-2026-08-06,selective_target_nuisance,5,245051,16,u2_logistic,16,0.8860956479920508,0.8931244907757107,0.015127615995887737,0.015193293646518578,0.0,
u2-prior-reconciliation-v1-2026-08-06,selective_target_nuisance,5,245051,32,anchored_pcr2_current,16,0.8946180234930667,0.9022215412392172,0.021997442118602183,0.022637197425584732,0.0,
u2-prior-reconciliation-v1-2026-08-06,selective_target_nuisance,5,245051,32,anchored_pcr2_current_reparameterized,16,0.8946180234930667,0.9022215412392172,0.021997442118602183,0.022637197425584732,0.0,
u2-prior-reconciliation-v1-2026-08-06,selective_target_nuisance,5,245051,32,anchored_pcr2_historical,16,0.900674934751732,0.9085695316076513,0.02805435337726729,0.028985187794018805,0.0,
u2-prior-reconciliation-v1-2026-08-06,selective_target_nuisance,5,245051,32,fixed_average,16,0.8954525379127093,0.9027175962110908,0.02283195653824467,0.02313325239745828,0.0,
u2-prior-reconciliation-v1-2026-08-06,selective_target_nuisance,5,245051,32,iu,16,0.8726205813744646,0.8795843438136325,0.0,0.0,0.0,
u2-prior-reconciliation-v1-2026-08-06,selective_target_nuisance,5,245051,32,optimistic_endpoint_switch,16,0.8934181525837863,0.901460962505313,0.02079757120932158,0.021876618691680512,0.0,
u2-prior-reconciliation-v1-2026-08-06,selective_target_nuisance,5,245051,32,optimistic_interpolation,16,0.9009678719343246,0.9083337325031111,0.028347290559859975,0.02874938868947867,0.0,0.7209375
u2-prior-reconciliation-v1-2026-08-06,selective_target_nuisance,5,245051,32,ta_liu,16,0.8796864136552079,0.8870657254399276,0.00706583228074336,0.00748138162629506,0.0,
u2-prior-reconciliation-v1-2026-08-06,selective_target_nuisance,5,245051,32,u2_logistic,16,0.8898130800949668,0.8978761204613966,0.017192498720502186,0.018291776647764102,0.0,
u2-prior-reconciliation-v1-2026-08-06,selective_target_nuisance,5,245051,64,anchored_pcr2_current,16,0.897235363676937,0.9055583114038932,0.02496022345234334,0.025007947359865133,0.0,
u2-prior-reconciliation-v1-2026-08-06,selective_target_nuisance,5,245051,64,anchored_pcr2_current_reparameterized,16,0.897235363676937,0.9055583114038932,0.02496022345234334,0.025007947359865133,0.0,
u2-prior-reconciliation-v1-2026-08-06,selective_target_nuisance,5,245051,64,anchored_pcr2_historical,16,0.9010064249483669,0.9096244790401619,0.02873128472377317,0.02907411499613391,0.0,
u2-prior-reconciliation-v1-2026-08-06,selective_target_nuisance,5,245051,64,fixed_average,16,0.8950485548618023,0.9028899567159492,0.022773414637208673,0.022339592671921288,0.0,
u2-prior-reconciliation-v1-2026-08-06,selective_target_nuisance,5,245051,64,iu,16,0.8722751402245936,0.880550364044028,0.0,0.0,0.0,
u2-prior-reconciliation-v1-2026-08-06,selective_target_nuisance,5,245051,64,optimistic_endpoint_switch,16,0.8983463184482791,0.9073402437405197,0.026071178223685355,0.026789879696491728,0.0,
u2-prior-reconciliation-v1-2026-08-06,selective_target_nuisance,5,245051,64,optimistic_interpolation,16,0.9008752952632465,0.9091557812436365,0.028600155038652833,0.028605417199608546,0.0,0.8756250000000001
u2-prior-reconciliation-v1-2026-08-06,selective_target_nuisance,5,245051,64,ta_liu,16,0.8795908817591886,0.8881477458243163,0.007315741534594959,0.007597381780288369,0.0,
u2-prior-reconciliation-v1-2026-08-06,selective_target_nuisance,5,245051,64,u2_logistic,16,0.8983463184482791,0.9073402437405197,0.026071178223685355,0.026789879696491728,0.0,
u2-prior-reconciliation-v1-2026-08-06,selective_target_nuisance,6,246060,4,anchored_pcr2_current,16,0.8642037775568551,0.8670259790808743,0.0029352970884287052,0.0020798137806965974,0.0,
u2-prior-reconciliation-v1-2026-08-06,selective_target_nuisance,6,246060,4,anchored_pcr2_current_reparameterized,16,0.8642037775568551,0.8670259790808743,0.0029352970884287052,0.0020798137806965974,0.0,
u2-prior-reconciliation-v1-2026-08-06,selective_target_nuisance,6,246060,4,anchored_pcr2_historical,16,0.8661724683224523,0.8593253049973979,0.004903987854026098,-0.0056208603027798135,0.0,
u2-prior-reconciliation-v1-2026-08-06,selective_target_nuisance,6,246060,4,fixed_average,16,0.8446059852161253,0.8471914963723263,-0.016662495252301,-0.017754668927851387,0.0,
u2-prior-reconciliation-v1-2026-08-06,selective_target_nuisance,6,246060,4,iu,16,0.8612684804684263,0.8649461653001778,0.0,0.0,0.0,
u2-prior-reconciliation-v1-2026-08-06,selective_target_nuisance,6,246060,4,optimistic_endpoint_switch,16,0.8685317120444722,0.8697095813526667,0.007263231576045831,0.004763416052489089,0.0,
u2-prior-reconciliation-v1-2026-08-06,selective_target_nuisance,6,246060,4,optimistic_interpolation,16,0.8739426221378965,0.8735782353591897,0.012674141669470174,0.008632070059011995,0.0,0.40437500000000004
u2-prior-reconciliation-v1-2026-08-06,selective_target_nuisance,6,246060,4,ta_liu,16,0.8667405683851485,0.8688941331931914,0.005472087916722074,0.003947967893013729,0.0625,
u2-prior-reconciliation-v1-2026-08-06,selective_target_nuisance,6,246060,4,u2_logistic,16,0.770107543643736,0.7670965102936473,-0.09116093682469034,-0.09784965500653031,0.0625,
u2-prior-reconciliation-v1-2026-08-06,selective_target_nuisance,6,246060,8,anchored_pcr2_current,16,0.8714137267909572,0.8722711094822901,0.009729486858448162,0.0070380249083718815,0.0,
u2-prior-reconciliation-v1-2026-08-06,selective_target_nuisance,6,246060,8,anchored_pcr2_current_reparameterized,16,0.8714137267909572,0.8722711094822901,0.009729486858448162,0.0070380249083718815,0.0,
u2-prior-reconciliation-v1-2026-08-06,selective_target_nuisance,6,246060,8,anchored_pcr2_historical,16,0.8690955275241086,0.8619851474200012,0.007411287591599536,-0.00324793715391708,0.0,
u2-prior-reconciliation-v1-2026-08-06,selective_target_nuisance,6,246060,8,fixed_average,16,0.876687963603531,0.8754701997854105,0.015003723671021867,0.010237115211492225,0.0,
u2-prior-reconciliation-v1-2026-08-06,selective_target_nuisance,6,246060,8,iu,16,0.861684239932509,0.8652330845739182,0.0,0.0,0.0,
u2-prior-reconciliation-v1-2026-08-06,selective_target_nuisance,6,246060,8,optimistic_endpoint_switch,16,0.8748320192447209,0.8730900398244114,0.013147779312211873,0.007856955250493111,0.0,
u2-prior-reconciliation-v1-2026-08-06,selective_target_nuisance,6,246060,8,optimistic_interpolation,16,0.8847532429863756,0.8811893398855692,0.023069003053866666,0.01595625531165093,0.0,0.6203125
u2-prior-reconciliation-v1-2026-08-06,selective_target_nuisance,6,246060,8,ta_liu,16,0.8708468681646576,0.871860165908537,0.00916262823214857,0.006627081334618666,0.0,
u2-prior-reconciliation-v1-2026-08-06,selective_target_nuisance,6,246060,8,u2_logistic,16,0.8558320761021645,0.8512556362406231,-0.005852163830344419,-0.013977448333295207,0.0,
u2-prior-reconciliation-v1-2026-08-06,selective_target_nuisance,6,246060,16,anchored_pcr2_current,16,0.873145015764412,0.8727577324500325,0.011472875019358175,0.007631674257377735,0.0,
u2-prior-reconciliation-v1-2026-08-06,selective_target_nuisance,6,246060,16,anchored_pcr2_current_reparameterized,16,0.873145015764412,0.8727577324500325,0.011472875019358175,0.007631674257377735,0.0,
u2-prior-reconciliation-v1-2026-08-06,selective_target_nuisance,6,246060,16,anchored_pcr2_historical,16,0.8728446807612225,0.8651645245642839,0.0111725400161687,3.846637162917971e-05,0.0,
u2-prior-reconciliation-v1-2026-08-06,selective_target_nuisance,6,246060,16,fixed_average,16,0.8734007068228893,0.8731526928452384,0.011728566077835428,0.008026634652583638,0.0,
u2-prior-reconciliation-v1-2026-08-06,selective_target_nuisance,6,246060,16,iu,16,0.8616721407450538,0.8651260581926548,0.0,0.0,0.0,
u2-prior-reconciliation-v1-2026-08-06,selective_target_nuisance,6,246060,16,optimistic_endpoint_switch,16,0.8738335905505935,0.8712631662318131,0.012161449805539785,0.006137108039158255,0.0,
u2-prior-reconciliation-v1-2026-08-06,selective_target_nuisance,6,246060,16,optimistic_interpolation,16,0.8815221654468691,0.8788886008262051,0.019850024701815273,0.013762542633550354,0.0,0.5775
u2-prior-reconciliation-v1-2026-08-06,selective_target_nuisance,6,246060,16,ta_liu,16,0.8708544502268374,0.8717790608898516,0.00918230948178364,0.006653002697196771,0.0,
u2-prior-reconciliation-v1-2026-08-06,selective_target_nuisance,6,246060,16,u2_logistic,16,0.8584126521941537,0.8557375424607077,-0.0032594885509000873,-0.009388515731947232,0.0,
u2-prior-reconciliation-v1-2026-08-06,selective_target_nuisance,6,246060,32,anchored_pcr2_current,16,0.8794872649315455,0.8773406384743139,0.01751044088039648,0.01175592223167006,0.0,
u2-prior-reconciliation-v1-2026-08-06,selective_target_nuisance,6,246060,32,anchored_pcr2_current_reparameterized,16,0.8794872649315455,0.8773406384743139,0.01751044088039648,0.01175592223167006,0.0,
u2-prior-reconciliation-v1-2026-08-06,selective_target_nuisance,6,246060,32,anchored_pcr2_historical,16,0.8724602305725835,0.865895777665771,0.01048340652143464,0.00031106142312717355,0.0,
u2-prior-reconciliation-v1-2026-08-06,selective_target_nuisance,6,246060,32,fixed_average,16,0.8788739307277305,0.8782976839931986,0.016897106676581425,0.012712967750554735,0.0,
u2-prior-reconciliation-v1-2026-08-06,selective_target_nuisance,6,246060,32,iu,16,0.861976824051149,0.8655847162426439,0.0,0.0,0.0,
u2-prior-reconciliation-v1-2026-08-06,selective_target_nuisance,6,246060,32,optimistic_endpoint_switch,16,0.879914409250178,0.8759750212214932,0.01793758519902911,0.01039030497884929,0.0,
u2-prior-reconciliation-v1-2026-08-06,selective_target_nuisance,6,246060,32,optimistic_interpolation,16,0.8855486577466146,0.8825749416997286,0.023571833695465665,0.016990225457084708,0.0,0.6637500000000001
u2-prior-reconciliation-v1-2026-08-06,selective_target_nuisance,6,246060,32,ta_liu,16,0.871827004651998,0.8728078488035688,0.009850180600848989,0.00722313256092489,0.0,
u2-prior-reconciliation-v1-2026-08-06,selective_target_nuisance,6,246060,32,u2_logistic,16,0.8725519637361197,0.8694774028886026,0.01057513968497064,0.0038926866459588066,0.0,
u2-prior-reconciliation-v1-2026-08-06,selective_target_nuisance,6,246060,64,anchored_pcr2_current,16,0.8839634708599498,0.880226086622329,0.02300259318944104,0.015437126429959314,0.0,
u2-prior-reconciliation-v1-2026-08-06,selective_target_nuisance,6,246060,64,anchored_pcr2_current_reparameterized,16,0.8839634708599498,0.880226086622329,0.02300259318944104,0.015437126429959314,0.0,
u2-prior-reconciliation-v1-2026-08-06,selective_target_nuisance,6,246060,64,anchored_pcr2_historical,16,0.8767340144696496,0.8707231175637523,0.015773136799140802,0.005934157371382656,0.0,
u2-prior-reconciliation-v1-2026-08-06,selective_target_nuisance,6,246060,64,fixed_average,16,0.882087868544173,0.8810055371402009,0.021126990873664125,0.016216576947831296,0.0,
u2-prior-reconciliation-v1-2026-08-06,selective_target_nuisance,6,246060,64,iu,16,0.8609608776705088,0.8647889601923697,0.0,0.0,0.0,
u2-prior-reconciliation-v1-2026-08-06,selective_target_nuisance,6,246060,64,optimistic_endpoint_switch,16,0.8845975673268918,0.879812160270088,0.023636689656383006,0.015023200077718422,0.0,
u2-prior-reconciliation-v1-2026-08-06,selective_target_nuisance,6,246060,64,optimistic_interpolation,16,0.8876690202791657,0.8845977469086037,0.026708142608657018,0.019808786716233956,0.0,0.835625
u2-prior-reconciliation-v1-2026-08-06,selective_target_nuisance,6,246060,64,ta_liu,16,0.871260659189605,0.8723830369925099,0.010299781519096239,0.007594076800140244,0.0,
u2-prior-reconciliation-v1-2026-08-06,selective_target_nuisance,6,246060,64,u2_logistic,16,0.8845975673268918,0.879812160270088,0.023636689656383006,0.015023200077718422,0.0,
u2-prior-reconciliation-v1-2026-08-06,selective_target_nuisance,7,247069,4,anchored_pcr2_current,16,0.8541566426530901,0.866629297023277,0.002110815974538105,0.0017256651843384416,0.0,
u2-prior-reconciliation-v1-2026-08-06,selective_target_nuisance,7,247069,4,anchored_pcr2_current_reparameterized,16,0.8541566426530901,0.866629297023277,0.002110815974538105,0.0017256651843384416,0.0,
u2-prior-reconciliation-v1-2026-08-06,selective_target_nuisance,7,247069,4,anchored_pcr2_historical,16,0.8780216296818999,0.8885612839552345,0.02597580300334791,0.023657652116296057,0.0,
u2-prior-reconciliation-v1-2026-08-06,selective_target_nuisance,7,247069,4,fixed_average,16,0.8443646473281379,0.855159273984748,-0.007681179350414166,-0.009744357854190429,0.0,
u2-prior-reconciliation-v1-2026-08-06,selective_target_nuisance,7,247069,4,iu,16,0.852045826678552,0.8649036318389385,0.0,0.0,0.0,
u2-prior-reconciliation-v1-2026-08-06,selective_target_nuisance,7,247069,4,optimistic_endpoint_switch,16,0.8608930103951299,0.8714656571397359,0.008847183716577903,0.006562025300797414,0.0,
u2-prior-reconciliation-v1-2026-08-06,selective_target_nuisance,7,247069,4,optimistic_interpolation,16,0.8700303430418148,0.8808843301315927,0.017984516363262808,0.01598069829265425,0.0,0.3940625
u2-prior-reconciliation-v1-2026-08-06,selective_target_nuisance,7,247069,4,ta_liu,16,0.8568334393967938,0.8692284909192264,0.004787612718241713,0.00432485908028795,0.0625,
u2-prior-reconciliation-v1-2026-08-06,selective_target_nuisance,7,247069,4,u2_logistic,16,0.7769908744984974,0.7777278291954981,-0.07505495218005462,-0.0871758026434403,0.0625,
u2-prior-reconciliation-v1-2026-08-06,selective_target_nuisance,7,247069,8,anchored_pcr2_current,16,0.8566984448707682,0.869095566538435,0.005175626557010066,0.004702097416233168,0.0,
u2-prior-reconciliation-v1-2026-08-06,selective_target_nuisance,7,247069,8,anchored_pcr2_current_reparameterized,16,0.8566984448707682,0.869095566538435,0.005175626557010066,0.004702097416233168,0.0,
u2-prior-reconciliation-v1-2026-08-06,selective_target_nuisance,7,247069,8,anchored_pcr2_historical,16,0.8773118826644322,0.8876971122909729,0.02578906435067408,0.023303643168771163,0.0,
u2-prior-reconciliation-v1-2026-08-06,selective_target_nuisance,7,247069,8,fixed_average,16,0.8610427030765768,0.8727061673095367,0.009519884762818724,0.008312698187334724,0.0,
u2-prior-reconciliation-v1-2026-08-06,selective_target_nuisance,7,247069,8,iu,16,0.8515228183137581,0.8643934691222018,0.0,0.0,0.0,
u2-prior-reconciliation-v1-2026-08-06,selective_target_nuisance,7,247069,8,optimistic_endpoint_switch,16,0.8655521791295361,0.8753815808087284,0.014029360815777991,0.01098811168652667,0.0,
u2-prior-reconciliation-v1-2026-08-06,selective_target_nuisance,7,247069,8,optimistic_interpolation,16,0.8708267070843796,0.8816100803722405,0.01930388877062153,0.01721661125003869,0.0,0.6809375
u2-prior-reconciliation-v1-2026-08-06,selective_target_nuisance,7,247069,8,ta_liu,16,0.8591237555150029,0.8713538389948816,0.007600937201244766,0.0069603698726797905,0.0,
u2-prior-reconciliation-v1-2026-08-06,selective_target_nuisance,7,247069,8,u2_logistic,16,0.8527253834280208,0.8609012251079113,0.0012025651142627616,-0.003492244014290463,0.0,
u2-prior-reconciliation-v1-2026-08-06,selective_target_nuisance,7,247069,16,anchored_pcr2_current,16,0.8660684889419707,0.8783979894037593,0.015024191296798578,0.013571440720314139,0.0,
u2-prior-reconciliation-v1-2026-08-06,selective_target_nuisance,7,247069,16,anchored_pcr2_current_reparameterized,16,0.8660684889419707,0.8783979894037593,0.015024191296798578,0.013571440720314139,0.0,
u2-prior-reconciliation-v1-2026-08-06,selective_target_nuisance,7,247069,16,anchored_pcr2_historical,16,0.8779274914316952,0.8886751703426956,0.02688319378652311,0.023848621659250342,0.0,
u2-prior-reconciliation-v1-2026-08-06,selective_target_nuisance,7,247069,16,fixed_average,16,0.8693117470328938,0.8806795246491396,0.01826744938772166,0.015852975965694363,0.0,
u2-prior-reconciliation-v1-2026-08-06,selective_target_nuisance,7,247069,16,iu,16,0.8510442976451722,0.8648265486834452,0.0,0.0,0.0,
u2-prior-reconciliation-v1-2026-08-06,selective_target_nuisance,7,247069,16,optimistic_endpoint_switch,16,0.8689251134210705,0.8789714813892651,0.017880815775898437,0.014144932705819846,0.0,
u2-prior-reconciliation-v1-2026-08-06,selective_target_nuisance,7,247069,16,optimistic_interpolation,16,0.875109123243681,0.8859604481316946,0.024064825598508775,0.02113389944824945,0.0,0.7384375000000001
u2-prior-reconciliation-v1-2026-08-06,selective_target_nuisance,7,247069,16,ta_liu,16,0.8594722587132614,0.8725467987127515,0.008427961068089296,0.007720250029306278,0.0,
u2-prior-reconciliation-v1-2026-08-06,selective_target_nuisance,7,247069,16,u2_logistic,16,0.8610743505155526,0.8693200967346375,0.010030052870380488,0.00449354805119221,0.0,
u2-prior-reconciliation-v1-2026-08-06,selective_target_nuisance,7,247069,32,anchored_pcr2_current,16,0.8723542055484244,0.8837082208147644,0.02180530548269303,0.019803912863978805,0.0,
u2-prior-reconciliation-v1-2026-08-06,selective_target_nuisance,7,247069,32,anchored_pcr2_current_reparameterized,16,0.8723542055484244,0.8837082208147644,0.02180530548269303,0.019803912863978805,0.0,
u2-prior-reconciliation-v1-2026-08-06,selective_target_nuisance,7,247069,32,anchored_pcr2_historical,16,0.8782102768809644,0.8884972185593987,0.027661376815233,0.024592910608613128,0.0,
u2-prior-reconciliation-v1-2026-08-06,selective_target_nuisance,7,247069,32,fixed_average,16,0.8726476892312509,0.8835553177181462,0.022098789165519564,0.019651009767360665,0.0,
u2-prior-reconciliation-v1-2026-08-06,selective_target_nuisance,7,247069,32,iu,16,0.8505489000657314,0.8639043079507855,0.0,0.0,0.0,
u2-prior-reconciliation-v1-2026-08-06,selective_target_nuisance,7,247069,32,optimistic_endpoint_switch,16,0.8731669317892812,0.8827029697710882,0.0226180317235498,0.018798661820302688,0.0,
u2-prior-reconciliation-v1-2026-08-06,selective_target_nuisance,7,247069,32,optimistic_interpolation,16,0.877929062149239,0.888613380328872,0.0273801620835077,0.024709072378086477,0.0,0.8196875
u2-prior-reconciliation-v1-2026-08-06,selective_target_nuisance,7,247069,32,ta_liu,16,0.8598838249880102,0.8725369646872103,0.00933492492227879,0.008632656736424688,0.0,
u2-prior-reconciliation-v1-2026-08-06,selective_target_nuisance,7,247069,32,u2_logistic,16,0.8707199156152712,0.879226291556587,0.02017101554953976,0.015321983605801434,0.0,
u2-prior-reconciliation-v1-2026-08-06,selective_target_nuisance,7,247069,64,anchored_pcr2_current,16,0.874769485795297,0.8850580791151055,0.025087904114493374,0.023243864302032062,0.0,
u2-prior-reconciliation-v1-2026-08-06,selective_target_nuisance,7,247069,64,anchored_pcr2_current_reparameterized,16,0.874769485795297,0.8850580791151055,0.025087904114493374,0.023243864302032062,0.0,
u2-prior-reconciliation-v1-2026-08-06,selective_target_nuisance,7,247069,64,anchored_pcr2_historical,16,0.8784405022639484,0.8884087844155673,0.028758920583144776,0.026594569602493748,0.0,
u2-prior-reconciliation-v1-2026-08-06,selective_target_nuisance,7,247069,64,fixed_average,16,0.8723090858799358,0.8821747871564618,0.022627504199132085,0.020360572343388325,0.0,
u2-prior-reconciliation-v1-2026-08-06,selective_target_nuisance,7,247069,64,iu,16,0.8496815816808037,0.8618142148130735,0.0,0.0,0.0,
u2-prior-reconciliation-v1-2026-08-06,selective_target_nuisance,7,247069,64,optimistic_endpoint_switch,16,0.8770474028482147,0.8863928169732711,0.02736582116741102,0.024578602160197652,0.0,
u2-prior-reconciliation-v1-2026-08-06,selective_target_nuisance,7,247069,64,optimistic_interpolation,16,0.8780124716607988,0.8878995710469019,0.02833088997999507,0.026085356233828454,0.0,0.91625
u2-prior-reconciliation-v1-2026-08-06,selective_target_nuisance,7,247069,64,ta_liu,16,0.8590678232339028,0.8705832615701202,0.009386241553099181,0.00876904675704681,0.0,
u2-prior-reconciliation-v1-2026-08-06,selective_target_nuisance,7,247069,64,u2_logistic,16,0.8770474028482147,0.8863928169732711,0.02736582116741102,0.024578602160197652,0.0,
u2-prior-reconciliation-v1-2026-08-06,selective_target_signal,0,240006,4,anchored_pcr2_current,16,0.6712900512723554,0.6328573476722081,0.03391981652374477,0.03324593857209024,0.0,
u2-prior-reconciliation-v1-2026-08-06,selective_target_signal,0,240006,4,anchored_pcr2_current_reparameterized,16,0.6712900512723554,0.6328573476722081,0.03391981652374477,0.03324593857209024,0.0,
u2-prior-reconciliation-v1-2026-08-06,selective_target_signal,0,240006,4,anchored_pcr2_historical,16,0.5553885242126864,0.5275389020221628,-0.08198171053592426,-0.07207250707795511,0.0,
u2-prior-reconciliation-v1-2026-08-06,selective_target_signal,0,240006,4,fixed_average,16,0.7757281122076034,0.757400921655031,0.13835787745899272,0.1577895125549132,0.0,
u2-prior-reconciliation-v1-2026-08-06,selective_target_signal,0,240006,4,iu,16,0.6373702347486108,0.5996114091001179,0.0,0.0,0.0,
u2-prior-reconciliation-v1-2026-08-06,selective_target_signal,0,240006,4,optimistic_endpoint_switch,16,0.7793539186714178,0.7759743269787208,0.14198368392280708,0.17636291787860287,0.0,
u2-prior-reconciliation-v1-2026-08-06,selective_target_signal,0,240006,4,optimistic_interpolation,16,0.8089673382804325,0.8012417962627724,0.17159710353182187,0.20163038716265447,0.0,0.6400000000000001
u2-prior-reconciliation-v1-2026-08-06,selective_target_signal,0,240006,4,ta_liu,16,0.648612340592208,0.6103907042197209,0.011242105843597305,0.010779295119602877,0.1875,
u2-prior-reconciliation-v1-2026-08-06,selective_target_signal,0,240006,4,u2_logistic,16,0.7536318542774785,0.7571000355141726,0.11626161952886771,0.1574886264140547,0.1875,
u2-prior-reconciliation-v1-2026-08-06,selective_target_signal,0,240006,8,anchored_pcr2_current,16,0.697285529825588,0.6603399543394062,0.059627470527329925,0.059367132239208524,0.0,
u2-prior-reconciliation-v1-2026-08-06,selective_target_signal,0,240006,8,anchored_pcr2_current_reparameterized,16,0.697285529825588,0.6603399543394062,0.059627470527329925,0.059367132239208524,0.0,
u2-prior-reconciliation-v1-2026-08-06,selective_target_signal,0,240006,8,anchored_pcr2_historical,16,0.5891369411559045,0.5554681894055293,-0.048521118142353596,-0.04550463269466837,0.0,
u2-prior-reconciliation-v1-2026-08-06,selective_target_signal,0,240006,8,fixed_average,16,0.7884050263621538,0.7677990755735632,0.15074696706389568,0.1668262534733655,0.0,
u2-prior-reconciliation-v1-2026-08-06,selective_target_signal,0,240006,8,iu,16,0.6376580592982581,0.6009728221001978,0.0,0.0,0.0,
u2-prior-reconciliation-v1-2026-08-06,selective_target_signal,0,240006,8,optimistic_endpoint_switch,16,0.8136782645108784,0.8151672771486678,0.17602020521262016,0.21419445504847007,0.0,
u2-prior-reconciliation-v1-2026-08-06,selective_target_signal,0,240006,8,optimistic_interpolation,16,0.8345662464592078,0.8307974838934238,0.1969081871609497,0.22982466179322608,0.0,0.8515625
u2-prior-reconciliation-v1-2026-08-06,selective_target_signal,0,240006,8,ta_liu,16,0.6498298330240816,0.6125720119329616,0.012171773725823475,0.011599189832763937,0.0,
u2-prior-reconciliation-v1-2026-08-06,selective_target_signal,0,240006,8,u2_logistic,16,0.8136782645108784,0.8151672771486678,0.17602020521262016,0.21419445504847007,0.0,
u2-prior-reconciliation-v1-2026-08-06,selective_target_signal,0,240006,16,anchored_pcr2_current,16,0.7423596493513065,0.7110252926283823,0.10304583305812087,0.10879596737145765,0.0,
u2-prior-reconciliation-v1-2026-08-06,selective_target_signal,0,240006,16,anchored_pcr2_current_reparameterized,16,0.7423596493513065,0.7110252926283823,0.10304583305812087,0.10879596737145765,0.0,
u2-prior-reconciliation-v1-2026-08-06,selective_target_signal,0,240006,16,anchored_pcr2_historical,16,0.6514098849000701,0.6114631405343236,0.012096068606884544,0.00923381527739893,0.0,
u2-prior-reconciliation-v1-2026-08-06,selective_target_signal,0,240006,16,fixed_average,16,0.8060015283401321,0.7884169091836071,0.16668771204694655,0.18618758392668233,0.0,
u2-prior-reconciliation-v1-2026-08-06,selective_target_signal,0,240006,16,iu,16,0.6393138162931855,0.6022293252569247,0.0,0.0,0.0,
u2-prior-reconciliation-v1-2026-08-06,selective_target_signal,0,240006,16,optimistic_endpoint_switch,16,0.8179982954499871,0.8223013013603574,0.17868447915680163,0.22007197610343274,0.0,
u2-prior-reconciliation-v1-2026-08-06,selective_target_signal,0,240006,16,optimistic_interpolation,16,0.850712146565936,0.8523226823229937,0.2113983302727503,0.25009335706606906,0.0,0.830625
u2-prior-reconciliation-v1-2026-08-06,selective_target_signal,0,240006,16,ta_liu,16,0.6531581994022373,0.6155483244663172,0.013844383109051749,0.013318999209392564,0.0,
u2-prior-reconciliation-v1-2026-08-06,selective_target_signal,0,240006,16,u2_logistic,16,0.8179982954499871,0.8223013013603574,0.17868447915680163,0.22007197610343274,0.0,
u2-prior-reconciliation-v1-2026-08-06,selective_target_signal,0,240006,32,anchored_pcr2_current,16,0.7908089811160048,0.7672463728315884,0.15146124731076366,0.16798111905277097,0.0,
u2-prior-reconciliation-v1-2026-08-06,selective_target_signal,0,240006,32,anchored_pcr2_current_reparameterized,16,0.7908089811160048,0.7672463728315884,0.15146124731076366,0.16798111905277097,0.0,
u2-prior-reconciliation-v1-2026-08-06,selective_target_signal,0,240006,32,anchored_pcr2_historical,16,0.7385348004219761,0.6996936760269313,0.09918706661673504,0.10042842224811394,0.0,
u2-prior-reconciliation-v1-2026-08-06,selective_target_signal,0,240006,32,fixed_average,16,0.8050659627669414,0.7810510195073783,0.16571822896170027,0.18178576572856087,0.0,
u2-prior-reconciliation-v1-2026-08-06,selective_target_signal,0,240006,32,iu,16,0.6393477338052411,0.5992652537788175,0.0,0.0,0.0,
u2-prior-reconciliation-v1-2026-08-06,selective_target_signal,0,240006,32,optimistic_endpoint_switch,16,0.8463135682031233,0.8513765678617485,0.2069658343978821,0.25211131408293114,0.0,
u2-prior-reconciliation-v1-2026-08-06,selective_target_signal,0,240006,32,optimistic_interpolation,16,0.855059586699812,0.8535063486711183,0.21571185289457084,0.2542410948923009,0.0,0.870625
u2-prior-reconciliation-v1-2026-08-06,selective_target_signal,0,240006,32,ta_liu,16,0.653890178656442,0.6136094099497388,0.01454244485120073,0.014344156170921343,0.0,
u2-prior-reconciliation-v1-2026-08-06,selective_target_signal,0,240006,32,u2_logistic,16,0.8463135682031233,0.8513765678617485,0.2069658343978821,0.25211131408293114,0.0,
u2-prior-reconciliation-v1-2026-08-06,selective_target_signal,0,240006,64,anchored_pcr2_current,16,0.8342026999797421,0.8265410632093257,0.19338272765985087,0.22809261708892536,0.0,
u2-prior-reconciliation-v1-2026-08-06,selective_target_signal,0,240006,64,anchored_pcr2_current_reparameterized,16,0.8342026999797421,0.8265410632093257,0.19338272765985087,0.22809261708892536,0.0,
u2-prior-reconciliation-v1-2026-08-06,selective_target_signal,0,240006,64,anchored_pcr2_historical,16,0.8205439709699086,0.7994269496205643,0.17972399865001745,0.20097850350016377,0.0,
u2-prior-reconciliation-v1-2026-08-06,selective_target_signal,0,240006,64,fixed_average,16,0.8066796620605297,0.7818311913853943,0.16585968974063847,0.18338274526499385,0.0,
u2-prior-reconciliation-v1-2026-08-06,selective_target_signal,0,240006,64,iu,16,0.6408199723198912,0.5984484461204005,0.0,0.0,0.0,
u2-prior-reconciliation-v1-2026-08-06,selective_target_signal,0,240006,64,optimistic_endpoint_switch,16,0.856172485234462,0.86092104795655,0.2153525129145708,0.2624726018361496,0.0,
u2-prior-reconciliation-v1-2026-08-06,selective_target_signal,0,240006,64,optimistic_interpolation,16,0.8597273235853375,0.8590224746922707,0.2189073512654463,0.2605740285718703,0.0,0.9337500000000001
u2-prior-reconciliation-v1-2026-08-06,selective_target_signal,0,240006,64,ta_liu,16,0.6573069781448364,0.6146710256759284,0.0164870058249452,0.016222579555527916,0.0,
u2-prior-reconciliation-v1-2026-08-06,selective_target_signal,0,240006,64,u2_logistic,16,0.856172485234462,0.86092104795655,0.2153525129145708,0.2624726018361496,0.0,
u2-prior-reconciliation-v1-2026-08-06,selective_target_signal,1,241015,4,anchored_pcr2_current,16,0.662914997387517,0.6533687636718297,0.01874590408816889,0.018743570981348233,0.0,
u2-prior-reconciliation-v1-2026-08-06,selective_target_signal,1,241015,4,anchored_pcr2_current_reparameterized,16,0.662914997387517,0.6533687636718297,0.01874590408816889,0.018743570981348233,0.0,
u2-prior-reconciliation-v1-2026-08-06,selective_target_signal,1,241015,4,anchored_pcr2_historical,16,0.5810281179759831,0.5754578634722831,-0.06314097532336492,-0.05916732921819837,0.0,
u2-prior-reconciliation-v1-2026-08-06,selective_target_signal,1,241015,4,fixed_average,16,0.7544801568475659,0.7408190631736353,0.1103110635482177,0.10619387048315392,0.0,
u2-prior-reconciliation-v1-2026-08-06,selective_target_signal,1,241015,4,iu,16,0.6441690932993481,0.6346251926904816,0.0,0.0,0.0,
u2-prior-reconciliation-v1-2026-08-06,selective_target_signal,1,241015,4,optimistic_endpoint_switch,16,0.7527684622086692,0.7468344091205814,0.1085993689093211,0.11220921643009986,0.0,
u2-prior-reconciliation-v1-2026-08-06,selective_target_signal,1,241015,4,optimistic_interpolation,16,0.7966257781427601,0.7872282121390695,0.15245668484341213,0.15260301944858792,0.0,0.6668750000000001
u2-prior-reconciliation-v1-2026-08-06,selective_target_signal,1,241015,4,ta_liu,16,0.652286444122768,0.643085003275513,0.008117350823419918,0.008459810585031466,0.125,
u2-prior-reconciliation-v1-2026-08-06,selective_target_signal,1,241015,4,u2_logistic,16,0.7083581430853791,0.7150739844975659,0.0641890497860311,0.08044879180708434,0.125,
u2-prior-reconciliation-v1-2026-08-06,selective_target_signal,1,241015,8,anchored_pcr2_current,16,0.6765258855804659,0.6675362155181177,0.03214260983827923,0.03213820576148711,0.0,
u2-prior-reconciliation-v1-2026-08-06,selective_target_signal,1,241015,8,anchored_pcr2_current_reparameterized,16,0.6765258855804659,0.6675362155181177,0.03214260983827923,0.03213820576148711,0.0,
u2-prior-reconciliation-v1-2026-08-06,selective_target_signal,1,241015,8,anchored_pcr2_historical,16,0.5797315601410793,0.57539041816063,-0.06465171560110734,-0.06000759159600065,0.0,
u2-prior-reconciliation-v1-2026-08-06,selective_target_signal,1,241015,8,fixed_average,16,0.7456678687897025,0.73709645689456,0.10128459304751594,0.10169844713792942,0.0,
u2-prior-reconciliation-v1-2026-08-06,selective_target_signal,1,241015,8,iu,16,0.6443832757421866,0.6353980097566307,0.0,0.0,0.0,
u2-prior-reconciliation-v1-2026-08-06,selective_target_signal,1,241015,8,optimistic_endpoint_switch,16,0.772601678835992,0.7656679251063572,0.12821840309380528,0.13026991534972648,0.0,
u2-prior-reconciliation-v1-2026-08-06,selective_target_signal,1,241015,8,optimistic_interpolation,16,0.8124109041102562,0.8015991148804507,0.1680276283680695,0.16620110512382014,0.0,0.7225
u2-prior-reconciliation-v1-2026-08-06,selective_target_signal,1,241015,8,ta_liu,16,0.6515225202877156,0.6429310151800728,0.0071392445455290485,0.007533005423442207,0.0,
u2-prior-reconciliation-v1-2026-08-06,selective_target_signal,1,241015,8,u2_logistic,16,0.7102588389135872,0.7259954561346622,0.0658755631714006,0.09059744637803153,0.0,
u2-prior-reconciliation-v1-2026-08-06,selective_target_signal,1,241015,16,anchored_pcr2_current,16,0.7254873557001588,0.7154316578969557,0.08020881030703494,0.07810764756771768,0.0,
u2-prior-reconciliation-v1-2026-08-06,selective_target_signal,1,241015,16,anchored_pcr2_current_reparameterized,16,0.7254873557001588,0.7154316578969557,0.08020881030703494,0.07810764756771768,0.0,
u2-prior-reconciliation-v1-2026-08-06,selective_target_signal,1,241015,16,anchored_pcr2_historical,16,0.5821942819746815,0.5816918498930828,-0.06308426341844237,-0.05563216043615548,0.0,
u2-prior-reconciliation-v1-2026-08-06,selective_target_signal,1,241015,16,fixed_average,16,0.7992755761586834,0.7847296888823307,0.15399703076555954,0.14740567855309267,0.0,
u2-prior-reconciliation-v1-2026-08-06,selective_target_signal,1,241015,16,iu,16,0.6452785453931238,0.6373240103292381,0.0,0.0,0.0,
u2-prior-reconciliation-v1-2026-08-06,selective_target_signal,1,241015,16,optimistic_endpoint_switch,16,0.8381885869978616,0.8330482553358951,0.19291004160473785,0.19572424500665697,0.0,
u2-prior-reconciliation-v1-2026-08-06,selective_target_signal,1,241015,16,optimistic_interpolation,16,0.8499339779237671,0.8410635297152315,0.20465543253064333,0.20373951938599333,0.0,0.9
u2-prior-reconciliation-v1-2026-08-06,selective_target_signal,1,241015,16,ta_liu,16,0.6597606845001664,0.6525630281678139,0.014482139107042671,0.015239017838575723,0.0,
u2-prior-reconciliation-v1-2026-08-06,selective_target_signal,1,241015,16,u2_logistic,16,0.8381885869978616,0.8330482553358951,0.19291004160473785,0.19572424500665697,0.0,
u2-prior-reconciliation-v1-2026-08-06,selective_target_signal,1,241015,32,anchored_pcr2_current,16,0.7790094316502254,0.7692993853899912,0.13375615744171376,0.13121797039149027,0.0,
u2-prior-reconciliation-v1-2026-08-06,selective_target_signal,1,241015,32,anchored_pcr2_current_reparameterized,16,0.7790094316502254,0.7692993853899912,0.13375615744171376,0.13121797039149027,0.0,
u2-prior-reconciliation-v1-2026-08-06,selective_target_signal,1,241015,32,anchored_pcr2_historical,16,0.5790144211750301,0.5810261343354158,-0.06623885303348151,-0.057055280663085066,0.0,
u2-prior-reconciliation-v1-2026-08-06,selective_target_signal,1,241015,32,fixed_average,16,0.7995410049563578,0.7850267474029835,0.15428773074784627,0.14694533240448265,0.0,
u2-prior-reconciliation-v1-2026-08-06,selective_target_signal,1,241015,32,iu,16,0.6452532742085115,0.638081414998501,0.0,0.0,0.0,
u2-prior-reconciliation-v1-2026-08-06,selective_target_signal,1,241015,32,optimistic_endpoint_switch,16,0.838933169980786,0.8324349910513298,0.19367989577227446,0.1943535760528288,0.0,
u2-prior-reconciliation-v1-2026-08-06,selective_target_signal,1,241015,32,optimistic_interpolation,16,0.847949317958273,0.8379526327584895,0.20269604374976138,0.19987121775998865,0.0,0.8981250000000001
u2-prior-reconciliation-v1-2026-08-06,selective_target_signal,1,241015,32,ta_liu,16,0.659355818674006,0.6529929608053813,0.014102544465494332,0.014911545806880325,0.0,
u2-prior-reconciliation-v1-2026-08-06,selective_target_signal,1,241015,32,u2_logistic,16,0.838933169980786,0.8324349910513298,0.19367989577227446,0.1943535760528288,0.0,
u2-prior-reconciliation-v1-2026-08-06,selective_target_signal,1,241015,64,anchored_pcr2_current,16,0.8217316209251674,0.8106605405549034,0.17807753894872622,0.17348944558458668,0.0,
u2-prior-reconciliation-v1-2026-08-06,selective_target_signal,1,241015,64,anchored_pcr2_current_reparameterized,16,0.8217316209251674,0.8106605405549034,0.17807753894872622,0.17348944558458668,0.0,
u2-prior-reconciliation-v1-2026-08-06,selective_target_signal,1,241015,64,anchored_pcr2_historical,16,0.5773071015028117,0.5840871230772081,-0.06634698047362944,-0.053083971893108615,0.0,
u2-prior-reconciliation-v1-2026-08-06,selective_target_signal,1,241015,64,fixed_average,16,0.7988497484926074,0.783600084185728,0.15519566651616623,0.1464289892154112,0.0,
u2-prior-reconciliation-v1-2026-08-06,selective_target_signal,1,241015,64,iu,16,0.6436540819764413,0.6371710949703168,0.0,0.0,0.0,
u2-prior-reconciliation-v1-2026-08-06,selective_target_signal,1,241015,64,optimistic_endpoint_switch,16,0.8522860851615985,0.8432400600924957,0.20863200318515746,0.20606896512217904,0.0,
u2-prior-reconciliation-v1-2026-08-06,selective_target_signal,1,241015,64,optimistic_interpolation,16,0.8537962620426058,0.8435779475768381,0.21014218006616464,0.20640685260652142,0.0,0.94875
u2-prior-reconciliation-v1-2026-08-06,selective_target_signal,1,241015,64,ta_liu,16,0.6588302404361306,0.6530104007044286,0.015176158459689504,0.015839305734111887,0.0,
u2-prior-reconciliation-v1-2026-08-06,selective_target_signal,1,241015,64,u2_logistic,16,0.8522860851615985,0.8432400600924957,0.20863200318515746,0.20606896512217904,0.0,
u2-prior-reconciliation-v1-2026-08-06,selective_target_signal,2,242024,4,anchored_pcr2_current,16,0.6662282559370467,0.6562728098792235,0.03260003572855937,0.030655583711129024,0.0,
u2-prior-reconciliation-v1-2026-08-06,selective_target_signal,2,242024,4,anchored_pcr2_current_reparameterized,16,0.6662282559370467,0.6562728098792235,0.03260003572855937,0.030655583711129024,0.0,
u2-prior-reconciliation-v1-2026-08-06,selective_target_signal,2,242024,4,anchored_pcr2_historical,16,0.5332064671727335,0.5373266831021557,-0.10042175303575401,-0.08829054306593886,0.0,
u2-prior-reconciliation-v1-2026-08-06,selective_target_signal,2,242024,4,fixed_average,16,0.7787305829559796,0.7709972288630936,0.14510236274749225,0.14538000269499918,0.0,
u2-prior-reconciliation-v1-2026-08-06,selective_target_signal,2,242024,4,iu,16,0.6336282202084875,0.6256172261680946,0.0,0.0,0.0,
u2-prior-reconciliation-v1-2026-08-06,selective_target_signal,2,242024,4,optimistic_endpoint_switch,16,0.7778879995540012,0.7747269843325525,0.14425977934551376,0.14910975816445796,0.0,
u2-prior-reconciliation-v1-2026-08-06,selective_target_signal,2,242024,4,optimistic_interpolation,16,0.8139363958184366,0.8093719152727523,0.18030817560994913,0.1837546891046579,0.0,0.6353125
u2-prior-reconciliation-v1-2026-08-06,selective_target_signal,2,242024,4,ta_liu,16,0.6404673434343341,0.6321696194438423,0.006839123225846705,0.006552393275747734,0.125,
u2-prior-reconciliation-v1-2026-08-06,selective_target_signal,2,242024,4,u2_logistic,16,0.7599272948959253,0.7582394683552809,0.1262990746874379,0.13262224218718643,0.125,
u2-prior-reconciliation-v1-2026-08-06,selective_target_signal,2,242024,8,anchored_pcr2_current,16,0.6944681679058646,0.6837721197579555,0.06080391421532971,0.05747162182754176,0.0,
u2-prior-reconciliation-v1-2026-08-06,selective_target_signal,2,242024,8,anchored_pcr2_current_reparameterized,16,0.6944681679058646,0.6837721197579555,0.06080391421532971,0.05747162182754176,0.0,
u2-prior-reconciliation-v1-2026-08-06,selective_target_signal,2,242024,8,anchored_pcr2_historical,16,0.5704617658028674,0.5692520850531276,-0.06320248788766765,-0.057048412877286,0.0,
u2-prior-reconciliation-v1-2026-08-06,selective_target_signal,2,242024,8,fixed_average,16,0.7868855290440586,0.7789661299738863,0.1532212753535237,0.1526656320434726,0.0,
u2-prior-reconciliation-v1-2026-08-06,selective_target_signal,2,242024,8,iu,16,0.633664253690535,0.6263004979304136,0.0,0.0,0.0,
u2-prior-reconciliation-v1-2026-08-06,selective_target_signal,2,242024,8,optimistic_endpoint_switch,16,0.8160506555503484,0.8128824613977097,0.1823864018598134,0.1865819634672959,0.0,
u2-prior-reconciliation-v1-2026-08-06,selective_target_signal,2,242024,8,optimistic_interpolation,16,0.8404421859461538,0.8365166739497463,0.20677793225561883,0.21021617601933257,0.0,0.8871875
u2-prior-reconciliation-v1-2026-08-06,selective_target_signal,2,242024,8,ta_liu,16,0.6418644267145466,0.6341154732808305,0.008200173024011624,0.007814975350416774,0.0,
u2-prior-reconciliation-v1-2026-08-06,selective_target_signal,2,242024,8,u2_logistic,16,0.8160506555503484,0.8128824613977097,0.1823864018598134,0.1865819634672959,0.0,
u2-prior-reconciliation-v1-2026-08-06,selective_target_signal,2,242024,16,anchored_pcr2_current,16,0.7325559941739286,0.7207632449555155,0.09977222164781271,0.09618585960429636,0.0,
u2-prior-reconciliation-v1-2026-08-06,selective_target_signal,2,242024,16,anchored_pcr2_current_reparameterized,16,0.7325559941739286,0.7207632449555155,0.09977222164781271,0.09618585960429636,0.0,
u2-prior-reconciliation-v1-2026-08-06,selective_target_signal,2,242024,16,anchored_pcr2_historical,16,0.633339695892071,0.62340038912631,0.0005559233659550786,-0.0011769962249090979,0.0,
u2-prior-reconciliation-v1-2026-08-06,selective_target_signal,2,242024,16,fixed_average,16,0.7949073516958112,0.7831570350476675,0.1621235791696954,0.15857964969644844,0.0,
u2-prior-reconciliation-v1-2026-08-06,selective_target_signal,2,242024,16,iu,16,0.6327837725261158,0.6245773853512191,0.0,0.0,0.0,
u2-prior-reconciliation-v1-2026-08-06,selective_target_signal,2,242024,16,optimistic_endpoint_switch,16,0.8430821825994606,0.8402789116336068,0.21029841007334477,0.2157015262823877,0.0,
u2-prior-reconciliation-v1-2026-08-06,selective_target_signal,2,242024,16,optimistic_interpolation,16,0.8565064009894412,0.8532203999517669,0.22372262846332536,0.22864301460054787,0.0,0.9171875
u2-prior-reconciliation-v1-2026-08-06,selective_target_signal,2,242024,16,ta_liu,16,0.6429748290032626,0.6342484191161508,0.01019105647714684,0.00967103376493176,0.0,
u2-prior-reconciliation-v1-2026-08-06,selective_target_signal,2,242024,16,u2_logistic,16,0.8430821825994606,0.8402789116336068,0.21029841007334477,0.2157015262823877,0.0,
u2-prior-reconciliation-v1-2026-08-06,selective_target_signal,2,242024,32,anchored_pcr2_current,16,0.7968390191704573,0.7879308840775245,0.16360339990124967,0.16031708674024864,0.0,
u2-prior-reconciliation-v1-2026-08-06,selective_target_signal,2,242024,32,anchored_pcr2_current_reparameterized,16,0.7968390191704573,0.7879308840775245,0.16360339990124967,0.16031708674024864,0.0,
u2-prior-reconciliation-v1-2026-08-06,selective_target_signal,2,242024,32,anchored_pcr2_historical,16,0.7388865443392325,0.7275680893150511,0.10565092507002483,0.0999542919777753,0.0,
u2-prior-reconciliation-v1-2026-08-06,selective_target_signal,2,242024,32,fixed_average,16,0.8116505106310418,0.7985339266639135,0.17841489136183408,0.17092012932663758,0.0,
u2-prior-reconciliation-v1-2026-08-06,selective_target_signal,2,242024,32,iu,16,0.6332356192692077,0.627613797337276,0.0,0.0,0.0,
u2-prior-reconciliation-v1-2026-08-06,selective_target_signal,2,242024,32,optimistic_endpoint_switch,16,0.8652097228217497,0.8634401875512492,0.231974103552542,0.23582639021397328,0.0,
u2-prior-reconciliation-v1-2026-08-06,selective_target_signal,2,242024,32,optimistic_interpolation,16,0.872150374231311,0.8703211290114737,0.23891475496210338,0.24270733167419792,0.0,0.9153125
u2-prior-reconciliation-v1-2026-08-06,selective_target_signal,2,242024,32,ta_liu,16,0.647089850112411,0.6406151462883303,0.013854230843203315,0.013001348951054412,0.0,
u2-prior-reconciliation-v1-2026-08-06,selective_target_signal,2,242024,32,u2_logistic,16,0.8652097228217497,0.8634401875512492,0.231974103552542,0.23582639021397328,0.0,
u2-prior-reconciliation-v1-2026-08-06,selective_target_signal,2,242024,64,anchored_pcr2_current,16,0.8379358719744341,0.8319828662971162,0.20951986758582103,0.21139341476576565,0.0,
u2-prior-reconciliation-v1-2026-08-06,selective_target_signal,2,242024,64,anchored_pcr2_current_reparameterized,16,0.8379358719744341,0.8319828662971162,0.20951986758582103,0.21139341476576565,0.0,
u2-prior-reconciliation-v1-2026-08-06,selective_target_signal,2,242024,64,anchored_pcr2_historical,16,0.8157118235187117,0.8068785188621137,0.1872958191300986,0.18628906733076322,0.0,
u2-prior-reconciliation-v1-2026-08-06,selective_target_signal,2,242024,64,fixed_average,16,0.81158765867794,0.7949134559497241,0.1831716542893269,0.17432400441837345,0.0,
u2-prior-reconciliation-v1-2026-08-06,selective_target_signal,2,242024,64,iu,16,0.6284160043886131,0.6205894515313506,0.0,0.0,0.0,
u2-prior-reconciliation-v1-2026-08-06,selective_target_signal,2,242024,64,optimistic_endpoint_switch,16,0.867012548638553,0.866196427661023,0.23859654424993992,0.24560697612967247,0.0,
u2-prior-reconciliation-v1-2026-08-06,selective_target_signal,2,242024,64,optimistic_interpolation,16,0.8727334054053022,0.8722153310845115,0.24431740101668914,0.25162587955316107,0.0,0.9099999999999999
u2-prior-reconciliation-v1-2026-08-06,selective_target_signal,2,242024,64,ta_liu,16,0.6421250853409461,0.6335135727785492,0.013709080952333065,0.012924121247198689,0.0,
u2-prior-reconciliation-v1-2026-08-06,selective_target_signal,2,242024,64,u2_logistic,16,0.867012548638553,0.866196427661023,0.23859654424993992,0.24560697612967247,0.0,
u2-prior-reconciliation-v1-2026-08-06,selective_target_signal,3,243033,4,anchored_pcr2_current,16,0.6531481367099045,0.6532543994327076,0.018815149767812137,0.021966039427518486,0.0,
u2-prior-reconciliation-v1-2026-08-06,selective_target_signal,3,243033,4,anchored_pcr2_current_reparameterized,16,0.6531481367099045,0.6532543994327076,0.018815149767812137,0.021966039427518486,0.0,
u2-prior-reconciliation-v1-2026-08-06,selective_target_signal,3,243033,4,anchored_pcr2_historical,16,0.459694723535573,0.46108349376761637,-0.17463826340651928,-0.17020486623757272,0.0,
u2-prior-reconciliation-v1-2026-08-06,selective_target_signal,3,243033,4,fixed_average,16,0.6858421116944746,0.7040173519808226,0.05150912475238233,0.07272899197563354,0.0,
u2-prior-reconciliation-v1-2026-08-06,selective_target_signal,3,243033,4,iu,16,0.6343329869420923,0.6312883600051891,0.0,0.0,0.0,
u2-prior-reconciliation-v1-2026-08-06,selective_target_signal,3,243033,4,optimistic_endpoint_switch,16,0.7251476019419192,0.7300425134827174,0.09081461499982688,0.0987541534775283,0.0,
u2-prior-reconciliation-v1-2026-08-06,selective_target_signal,3,243033,4,optimistic_interpolation,16,0.7518195882390115,0.7611244960469076,0.11748660129691922,0.12983613604171845,0.0,0.5643750000000001
u2-prior-reconciliation-v1-2026-08-06,selective_target_signal,3,243033,4,ta_liu,16,0.637820552627756,0.6353753648547975,0.0034875656856637946,0.004087004849608382,0.1875,
u2-prior-reconciliation-v1-2026-08-06,selective_target_signal,3,243033,4,u2_logistic,16,0.6480909061476328,0.6706108054125456,0.013757919205540398,0.03932244540735647,0.1875,
u2-prior-reconciliation-v1-2026-08-06,selective_target_signal,3,243033,8,anchored_pcr2_current,16,0.6798156419661161,0.6828312981984049,0.04413969641946923,0.0505954707516471,0.0,
u2-prior-reconciliation-v1-2026-08-06,selective_target_signal,3,243033,8,anchored_pcr2_current_reparameterized,16,0.6798156419661161,0.6828312981984049,0.04413969641946923,0.0505954707516471,0.0,
u2-prior-reconciliation-v1-2026-08-06,selective_target_signal,3,243033,8,anchored_pcr2_historical,16,0.47588985641279224,0.4748201661393607,-0.15978608913385464,-0.15741566130739712,0.0,
u2-prior-reconciliation-v1-2026-08-06,selective_target_signal,3,243033,8,fixed_average,16,0.7689490530163453,0.7764964320254963,0.1332731074696983,0.14426060457873846,0.0,
u2-prior-reconciliation-v1-2026-08-06,selective_target_signal,3,243033,8,iu,16,0.635675945546647,0.6322358274467578,0.0,0.0,0.0,
u2-prior-reconciliation-v1-2026-08-06,selective_target_signal,3,243033,8,optimistic_endpoint_switch,16,0.7594197277031955,0.7693272009657681,0.12374378215654872,0.1370913735190104,0.0,
u2-prior-reconciliation-v1-2026-08-06,selective_target_signal,3,243033,8,optimistic_interpolation,16,0.8079856675918591,0.8208533579342916,0.1723097220452121,0.18861753048753382,0.0,0.7384375
u2-prior-reconciliation-v1-2026-08-06,selective_target_signal,3,243033,8,ta_liu,16,0.6421753826544496,0.6400454804025012,0.006499437107802791,0.007809652955743485,0.0,
u2-prior-reconciliation-v1-2026-08-06,selective_target_signal,3,243033,8,u2_logistic,16,0.729725193395879,0.7377255813816668,0.09404924784923213,0.10548975393490895,0.0,
u2-prior-reconciliation-v1-2026-08-06,selective_target_signal,3,243033,16,anchored_pcr2_current,16,0.725815093528418,0.7334356194927572,0.09014375632440798,0.10297889791887406,0.0,
u2-prior-reconciliation-v1-2026-08-06,selective_target_signal,3,243033,16,anchored_pcr2_current_reparameterized,16,0.725815093528418,0.7334356194927572,0.09014375632440798,0.10297889791887406,0.0,
u2-prior-reconciliation-v1-2026-08-06,selective_target_signal,3,243033,16,anchored_pcr2_historical,16,0.5283652602171376,0.5205581943129856,-0.10730607698687243,-0.1098985272608975,0.0,
u2-prior-reconciliation-v1-2026-08-06,selective_target_signal,3,243033,16,fixed_average,16,0.7968680511517832,0.810356168788406,0.16119671394777316,0.1798994472145229,0.0,
u2-prior-reconciliation-v1-2026-08-06,selective_target_signal,3,243033,16,iu,16,0.6356713372040101,0.6304567215738831,0.0,0.0,0.0,
u2-prior-reconciliation-v1-2026-08-06,selective_target_signal,3,243033,16,optimistic_endpoint_switch,16,0.8396408501883503,0.8554379304094508,0.2039695129843403,0.22498120883556777,0.0,
u2-prior-reconciliation-v1-2026-08-06,selective_target_signal,3,243033,16,optimistic_interpolation,16,0.8492883382503266,0.8660271955684709,0.21361700104631645,0.23557047399458775,0.0,0.8890625000000001
u2-prior-reconciliation-v1-2026-08-06,selective_target_signal,3,243033,16,ta_liu,16,0.646924704349149,0.6442316752883122,0.011253367145138846,0.013774953714429092,0.0,
u2-prior-reconciliation-v1-2026-08-06,selective_target_signal,3,243033,16,u2_logistic,16,0.8396408501883503,0.8554379304094508,0.2039695129843403,0.22498120883556777,0.0,
u2-prior-reconciliation-v1-2026-08-06,selective_target_signal,3,243033,32,anchored_pcr2_current,16,0.7843481696277388,0.7974400087306479,0.14733839367386098,0.16650923808664955,0.0,
u2-prior-reconciliation-v1-2026-08-06,selective_target_signal,3,243033,32,anchored_pcr2_current_reparameterized,16,0.7843481696277388,0.7974400087306479,0.14733839367386098,0.16650923808664955,0.0,
u2-prior-reconciliation-v1-2026-08-06,selective_target_signal,3,243033,32,anchored_pcr2_historical,16,0.6457415812975134,0.6428708565830781,0.00873180534363558,0.011940085939079872,0.0,
u2-prior-reconciliation-v1-2026-08-06,selective_target_signal,3,243033,32,fixed_average,16,0.8016532876914446,0.8134947531650827,0.16464351173756686,0.1825639825210844,0.0,
u2-prior-reconciliation-v1-2026-08-06,selective_target_signal,3,243033,32,iu,16,0.6370097759538778,0.6309307706439984,0.0,0.0,0.0,
u2-prior-reconciliation-v1-2026-08-06,selective_target_signal,3,243033,32,optimistic_endpoint_switch,16,0.843673359669312,0.8576948591555962,0.20666358371543425,0.2267640885115978,0.0,
u2-prior-reconciliation-v1-2026-08-06,selective_target_signal,3,243033,32,optimistic_interpolation,16,0.8512569473595034,0.8665071391337691,0.21424717140562563,0.23557636848977082,0.0,0.8825000000000001
u2-prior-reconciliation-v1-2026-08-06,selective_target_signal,3,243033,32,ta_liu,16,0.6500736647380441,0.6466791115806614,0.013063888784166311,0.01574834093666304,0.0,
u2-prior-reconciliation-v1-2026-08-06,selective_target_signal,3,243033,32,u2_logistic,16,0.843673359669312,0.8576948591555962,0.20666358371543425,0.2267640885115978,0.0,
u2-prior-reconciliation-v1-2026-08-06,selective_target_signal,3,243033,64,anchored_pcr2_current,16,0.8193166867577135,0.834896399285334,0.18376316372401238,0.20530811856956105,0.0,
u2-prior-reconciliation-v1-2026-08-06,selective_target_signal,3,243033,64,anchored_pcr2_current_reparameterized,16,0.8193166867577135,0.834896399285334,0.18376316372401238,0.20530811856956105,0.0,
u2-prior-reconciliation-v1-2026-08-06,selective_target_signal,3,243033,64,anchored_pcr2_historical,16,0.7276004999407388,0.7282033494182814,0.09204697690703775,0.09861506870250837,0.0,
u2-prior-reconciliation-v1-2026-08-06,selective_target_signal,3,243033,64,fixed_average,16,0.795384143176335,0.8058026366295337,0.15983062014263386,0.17621435591376067,0.0,
u2-prior-reconciliation-v1-2026-08-06,selective_target_signal,3,243033,64,iu,16,0.6355535230337012,0.6295882807157729,0.0,0.0,0.0,
u2-prior-reconciliation-v1-2026-08-06,selective_target_signal,3,243033,64,optimistic_endpoint_switch,16,0.8521409548312543,0.8667808732781599,0.2165874317975532,0.23719259256238695,0.0,
u2-prior-reconciliation-v1-2026-08-06,selective_target_signal,3,243033,64,optimistic_interpolation,16,0.8539591905964303,0.8692009356237597,0.21840566756272922,0.23961265490798675,0.0,0.94875
u2-prior-reconciliation-v1-2026-08-06,selective_target_signal,3,243033,64,ta_liu,16,0.6480313535041275,0.6445336088665146,0.012477830470426401,0.014945328150741552,0.0,
u2-prior-reconciliation-v1-2026-08-06,selective_target_signal,3,243033,64,u2_logistic,16,0.8521409548312543,0.8667808732781599,0.2165874317975532,0.23719259256238695,0.0,
u2-prior-reconciliation-v1-2026-08-06,selective_target_signal,4,244042,4,anchored_pcr2_current,16,0.633324375706203,0.6141249550954309,0.028731625387000442,0.029680691255330197,0.0,
u2-prior-reconciliation-v1-2026-08-06,selective_target_signal,4,244042,4,anchored_pcr2_current_reparameterized,16,0.633324375706203,0.6141249550954309,0.028731625387000442,0.029680691255330197,0.0,
u2-prior-reconciliation-v1-2026-08-06,selective_target_signal,4,244042,4,anchored_pcr2_historical,16,0.35654563845611803,0.4040267912961637,-0.24804711186308448,-0.18041747254393692,0.0,
u2-prior-reconciliation-v1-2026-08-06,selective_target_signal,4,244042,4,fixed_average,16,0.7409929485588354,0.7320001804460166,0.13640019823963273,0.14755591660591597,0.0,
u2-prior-reconciliation-v1-2026-08-06,selective_target_signal,4,244042,4,iu,16,0.6045927503192026,0.5844442638401006,0.0,0.0,0.0,
u2-prior-reconciliation-v1-2026-08-06,selective_target_signal,4,244042,4,optimistic_endpoint_switch,16,0.7516545629792056,0.7488628062504,0.14706181266000318,0.16441854241029932,0.0,
u2-prior-reconciliation-v1-2026-08-06,selective_target_signal,4,244042,4,optimistic_interpolation,16,0.7829804319508292,0.7853152917241475,0.17838768163162677,0.20087102788404693,0.0,0.665625
u2-prior-reconciliation-v1-2026-08-06,selective_target_signal,4,244042,4,ta_liu,16,0.6097748003071161,0.5902399840642405,0.005182049987913551,0.0057957202241397665,0.125,
u2-prior-reconciliation-v1-2026-08-06,selective_target_signal,4,244042,4,u2_logistic,16,0.7357319555669044,0.7354924175182301,0.13113920524770195,0.15104815367812946,0.125,
u2-prior-reconciliation-v1-2026-08-06,selective_target_signal,4,244042,8,anchored_pcr2_current,16,0.656455961788246,0.6375225352233209,0.05247186968702325,0.053264668134185365,0.0,
u2-prior-reconciliation-v1-2026-08-06,selective_target_signal,4,244042,8,anchored_pcr2_current_reparameterized,16,0.656455961788246,0.6375225352233209,0.05247186968702325,0.053264668134185365,0.0,
u2-prior-reconciliation-v1-2026-08-06,selective_target_signal,4,244042,8,anchored_pcr2_historical,16,0.3716368848894814,0.4123393990823556,-0.23234720721174126,-0.17191846800677993,0.0,
u2-prior-reconciliation-v1-2026-08-06,selective_target_signal,4,244042,8,fixed_average,16,0.7628744675931575,0.7544860437168602,0.15889037549193483,0.1702281766277246,0.0,
u2-prior-reconciliation-v1-2026-08-06,selective_target_signal,4,244042,8,iu,16,0.6039840921012227,0.5842578670891356,0.0,0.0,0.0,
u2-prior-reconciliation-v1-2026-08-06,selective_target_signal,4,244042,8,optimistic_endpoint_switch,16,0.8028502200222268,0.8077183643293748,0.19886612792100417,0.22346049724023925,0.0,
u2-prior-reconciliation-v1-2026-08-06,selective_target_signal,4,244042,8,optimistic_interpolation,16,0.819397422438615,0.8262966509833429,0.21541333033739235,0.24203878389420738,0.0,0.8712500000000001
u2-prior-reconciliation-v1-2026-08-06,selective_target_signal,4,244042,8,ta_liu,16,0.6132757374523274,0.5939731346599163,0.0092916453511048,0.009715267570780721,0.0,
u2-prior-reconciliation-v1-2026-08-06,selective_target_signal,4,244042,8,u2_logistic,16,0.8028502200222268,0.8077183643293748,0.19886612792100417,0.22346049724023925,0.0,
u2-prior-reconciliation-v1-2026-08-06,selective_target_signal,4,244042,16,anchored_pcr2_current,16,0.6884686087268337,0.6720902799811064,0.08690957384042397,0.08930548559321502,0.0,
u2-prior-reconciliation-v1-2026-08-06,selective_target_signal,4,244042,16,anchored_pcr2_current_reparameterized,16,0.6884686087268337,0.6720902799811064,0.08690957384042397,0.08930548559321502,0.0,
u2-prior-reconciliation-v1-2026-08-06,selective_target_signal,4,244042,16,anchored_pcr2_historical,16,0.39997888533295567,0.4303959121294608,-0.201580149553454,-0.15238888225843045,0.0,
u2-prior-reconciliation-v1-2026-08-06,selective_target_signal,4,244042,16,fixed_average,16,0.7404329020153045,0.7256339150044433,0.13887386712889477,0.14284912061655192,0.0,
u2-prior-reconciliation-v1-2026-08-06,selective_target_signal,4,244042,16,iu,16,0.6015590348864097,0.5827847943878913,0.0,0.0,0.0,
u2-prior-reconciliation-v1-2026-08-06,selective_target_signal,4,244042,16,optimistic_endpoint_switch,16,0.8070865129021643,0.8121982987615013,0.2055274780157546,0.22941350437361,0.0,
u2-prior-reconciliation-v1-2026-08-06,selective_target_signal,4,244042,16,optimistic_interpolation,16,0.8113688114085967,0.816809835445644,0.20980977652218707,0.23402504105775274,0.0,0.958125
u2-prior-reconciliation-v1-2026-08-06,selective_target_signal,4,244042,16,ta_liu,16,0.609243309150018,0.5907600387524574,0.007684274263608383,0.007975244364566057,0.0,
u2-prior-reconciliation-v1-2026-08-06,selective_target_signal,4,244042,16,u2_logistic,16,0.8070865129021643,0.8121982987615013,0.2055274780157546,0.22941350437361,0.0,
u2-prior-reconciliation-v1-2026-08-06,selective_target_signal,4,244042,32,anchored_pcr2_current,16,0.7402148059980568,0.7317624455869122,0.13948181471871002,0.14708661295684938,0.0,
u2-prior-reconciliation-v1-2026-08-06,selective_target_signal,4,244042,32,anchored_pcr2_current_reparameterized,16,0.7402148059980568,0.7317624455869122,0.13948181471871002,0.14708661295684938,0.0,
u2-prior-reconciliation-v1-2026-08-06,selective_target_signal,4,244042,32,anchored_pcr2_historical,16,0.47396463417338025,0.4806392201287186,-0.12676835710596654,-0.10403661250134409,0.0,
u2-prior-reconciliation-v1-2026-08-06,selective_target_signal,4,244042,32,fixed_average,16,0.754460985639961,0.739681915679187,0.15372799436061427,0.15500608304912425,0.0,
u2-prior-reconciliation-v1-2026-08-06,selective_target_signal,4,244042,32,iu,16,0.6007329912793468,0.5846758326300627,0.0,0.0,0.0,
u2-prior-reconciliation-v1-2026-08-06,selective_target_signal,4,244042,32,optimistic_endpoint_switch,16,0.8195894195733506,0.8288980637872363,0.2188564282940038,0.2442222311571735,0.0,
u2-prior-reconciliation-v1-2026-08-06,selective_target_signal,4,244042,32,optimistic_interpolation,16,0.8229574044955168,0.8324186365752394,0.22222441321617004,0.24774280394517664,0.0,0.9475
u2-prior-reconciliation-v1-2026-08-06,selective_target_signal,4,244042,32,ta_liu,16,0.6105181270509237,0.5947965539580373,0.009785135771577011,0.010120721327974612,0.0,
u2-prior-reconciliation-v1-2026-08-06,selective_target_signal,4,244042,32,u2_logistic,16,0.8195894195733506,0.8288980637872363,0.2188564282940038,0.2442222311571735,0.0,
u2-prior-reconciliation-v1-2026-08-06,selective_target_signal,4,244042,64,anchored_pcr2_current,16,0.7916837892426609,0.7909758001041518,0.1910513365188478,0.2107269053916243,0.0,
u2-prior-reconciliation-v1-2026-08-06,selective_target_signal,4,244042,64,anchored_pcr2_current_reparameterized,16,0.7916837892426609,0.7909758001041518,0.1910513365188478,0.2107269053916243,0.0,
u2-prior-reconciliation-v1-2026-08-06,selective_target_signal,4,244042,64,anchored_pcr2_historical,16,0.5964700945739911,0.578314912043318,-0.0041623581498219375,-0.0019339826692094976,0.0,
u2-prior-reconciliation-v1-2026-08-06,selective_target_signal,4,244042,64,fixed_average,16,0.7655957543693491,0.7475232652249151,0.16496330164553608,0.16727437051238767,0.0,
u2-prior-reconciliation-v1-2026-08-06,selective_target_signal,4,244042,64,iu,16,0.6006324527238132,0.5802488947125274,0.0,0.0,0.0,
u2-prior-reconciliation-v1-2026-08-06,selective_target_signal,4,244042,64,optimistic_endpoint_switch,16,0.8293619508693477,0.8384336133704383,0.22872949814553462,0.25818471865791087,0.0,
u2-prior-reconciliation-v1-2026-08-06,selective_target_signal,4,244042,64,optimistic_interpolation,16,0.8310345734788518,0.8399679662074433,0.23040212075503877,0.2597190714949158,0.0,0.9634375
u2-prior-reconciliation-v1-2026-08-06,selective_target_signal,4,244042,64,ta_liu,16,0.6124193805459215,0.5919322337037248,0.011786927822108356,0.011683338991197341,0.0,
u2-prior-reconciliation-v1-2026-08-06,selective_target_signal,4,244042,64,u2_logistic,16,0.8293619508693477,0.8384336133704383,0.22872949814553462,0.25818471865791087,0.0,
u2-prior-reconciliation-v1-2026-08-06,selective_target_signal,5,245051,4,anchored_pcr2_current,16,0.6909417072354135,0.6741960342637723,0.027610767211785937,0.027700922027313002,0.0,
u2-prior-reconciliation-v1-2026-08-06,selective_target_signal,5,245051,4,anchored_pcr2_current_reparameterized,16,0.6909417072354135,0.6741960342637723,0.027610767211785937,0.027700922027313002,0.0,
u2-prior-reconciliation-v1-2026-08-06,selective_target_signal,5,245051,4,anchored_pcr2_historical,16,0.6224223181150271,0.6048459731831094,-0.040908621908600354,-0.04164913905335001,0.0,
u2-prior-reconciliation-v1-2026-08-06,selective_target_signal,5,245051,4,fixed_average,16,0.7588157731516919,0.7468005949443683,0.09548483312806444,0.10030548270790901,0.0,
u2-prior-reconciliation-v1-2026-08-06,selective_target_signal,5,245051,4,iu,16,0.6633309400236275,0.6464951122364593,0.0,0.0,0.0,
u2-prior-reconciliation-v1-2026-08-06,selective_target_signal,5,245051,4,optimistic_endpoint_switch,16,0.7769091687145842,0.765908051365979,0.11357822869095661,0.11941293912951959,0.0,
u2-prior-reconciliation-v1-2026-08-06,selective_target_signal,5,245051,4,optimistic_interpolation,16,0.8025708687259281,0.7905951651250739,0.13923992870230062,0.14410005288861452,0.0,0.745
u2-prior-reconciliation-v1-2026-08-06,selective_target_signal,5,245051,4,ta_liu,16,0.6692704965965575,0.6520948664345203,0.005939556572929917,0.005599754198060879,0.0,
u2-prior-reconciliation-v1-2026-08-06,selective_target_signal,5,245051,4,u2_logistic,16,0.7540305246574666,0.7466432368799639,0.09069958463383895,0.10014812464350456,0.0,
u2-prior-reconciliation-v1-2026-08-06,selective_target_signal,5,245051,8,anchored_pcr2_current,16,0.7130466388281167,0.6979476843877328,0.049905830248753676,0.050622772507235146,0.0,
u2-prior-reconciliation-v1-2026-08-06,selective_target_signal,5,245051,8,anchored_pcr2_current_reparameterized,16,0.7130466388281167,0.6979476843877328,0.049905830248753676,0.050622772507235146,0.0,
u2-prior-reconciliation-v1-2026-08-06,selective_target_signal,5,245051,8,anchored_pcr2_historical,16,0.6519977821631405,0.6356921625054743,-0.011143026416222473,-0.01163274937502317,0.0,
u2-prior-reconciliation-v1-2026-08-06,selective_target_signal,5,245051,8,fixed_average,16,0.7858160676542016,0.771360395519761,0.12267525907483863,0.1240354836392635,0.0,
u2-prior-reconciliation-v1-2026-08-06,selective_target_signal,5,245051,8,iu,16,0.663140808579363,0.6473249118804976,0.0,0.0,0.0,
u2-prior-reconciliation-v1-2026-08-06,selective_target_signal,5,245051,8,optimistic_endpoint_switch,16,0.820387920168554,0.8122313728848701,0.15724711158919108,0.16490646100437265,0.0,
u2-prior-reconciliation-v1-2026-08-06,selective_target_signal,5,245051,8,optimistic_interpolation,16,0.835036486059358,0.8247636979551689,0.17189567747999496,0.1774387860746713,0.0,0.908125
u2-prior-reconciliation-v1-2026-08-06,selective_target_signal,5,245051,8,ta_liu,16,0.671423692865057,0.6555249582261491,0.008282884285693931,0.00820004634565151,0.0,
u2-prior-reconciliation-v1-2026-08-06,selective_target_signal,5,245051,8,u2_logistic,16,0.820387920168554,0.8122313728848701,0.15724711158919108,0.16490646100437265,0.0,
u2-prior-reconciliation-v1-2026-08-06,selective_target_signal,5,245051,16,anchored_pcr2_current,16,0.746460694145693,0.7319670029586824,0.08338848500261786,0.0853046384593669,0.0,
u2-prior-reconciliation-v1-2026-08-06,selective_target_signal,5,245051,16,anchored_pcr2_current_reparameterized,16,0.746460694145693,0.7319670029586824,0.08338848500261786,0.0853046384593669,0.0,
u2-prior-reconciliation-v1-2026-08-06,selective_target_signal,5,245051,16,anchored_pcr2_historical,16,0.6923514606819857,0.6768504440601844,0.02927925153891052,0.0301880795608687,0.0,
u2-prior-reconciliation-v1-2026-08-06,selective_target_signal,5,245051,16,fixed_average,16,0.8018903257182926,0.7858414362931396,0.13881811657521745,0.13917907179382388,0.0,
u2-prior-reconciliation-v1-2026-08-06,selective_target_signal,5,245051,16,iu,16,0.6630722091430752,0.6466623644993157,0.0,0.0,0.0,
u2-prior-reconciliation-v1-2026-08-06,selective_target_signal,5,245051,16,optimistic_endpoint_switch,16,0.8410223032759494,0.8346558502644597,0.17795009413287421,0.187993485765144,0.0,
u2-prior-reconciliation-v1-2026-08-06,selective_target_signal,5,245051,16,optimistic_interpolation,16,0.858053556499002,0.8485475965969378,0.1949813473559268,0.20188523209762213,0.0,0.915
u2-prior-reconciliation-v1-2026-08-06,selective_target_signal,5,245051,16,ta_liu,16,0.6738186220034434,0.6576094257204694,0.010746412860368142,0.010947061221153728,0.0,
u2-prior-reconciliation-v1-2026-08-06,selective_target_signal,5,245051,16,u2_logistic,16,0.8410223032759494,0.8346558502644597,0.17795009413287421,0.187993485765144,0.0,
u2-prior-reconciliation-v1-2026-08-06,selective_target_signal,5,245051,32,anchored_pcr2_current,16,0.7905885829315862,0.7792695407107139,0.1318036944096037,0.13378519137234055,0.0,
u2-prior-reconciliation-v1-2026-08-06,selective_target_signal,5,245051,32,anchored_pcr2_current_reparameterized,16,0.7905885829315862,0.7792695407107139,0.1318036944096037,0.13378519137234055,0.0,
u2-prior-reconciliation-v1-2026-08-06,selective_target_signal,5,245051,32,anchored_pcr2_historical,16,0.75203232537359,0.7394025712002702,0.0932474368516076,0.09391822186189681,0.0,
u2-prior-reconciliation-v1-2026-08-06,selective_target_signal,5,245051,32,fixed_average,16,0.8071169694258227,0.7920806042488371,0.14833208090384034,0.1465962549104638,0.0,
u2-prior-reconciliation-v1-2026-08-06,selective_target_signal,5,245051,32,iu,16,0.6587848885219825,0.6454843493383733,0.0,0.0,0.0,
u2-prior-reconciliation-v1-2026-08-06,selective_target_signal,5,245051,32,optimistic_endpoint_switch,16,0.8639387803093441,0.8573672078748291,0.2051538917873617,0.21188285853645583,0.0,
u2-prior-reconciliation-v1-2026-08-06,selective_target_signal,5,245051,32,optimistic_interpolation,16,0.8695605041234293,0.8596098486004998,0.21077561560144698,0.21412549926212648,0.0,0.9428124999999999
u2-prior-reconciliation-v1-2026-08-06,selective_target_signal,5,245051,32,ta_liu,16,0.6710841843760915,0.6578770021231475,0.012299295854109195,0.012392652784774104,0.0,
u2-prior-reconciliation-v1-2026-08-06,selective_target_signal,5,245051,32,u2_logistic,16,0.8639387803093441,0.8573672078748291,0.2051538917873617,0.21188285853645583,0.0,
u2-prior-reconciliation-v1-2026-08-06,selective_target_signal,5,245051,64,anchored_pcr2_current,16,0.8456646191829018,0.8347595405912617,0.18505156062118708,0.19003573026075515,0.0,
u2-prior-reconciliation-v1-2026-08-06,selective_target_signal,5,245051,64,anchored_pcr2_current_reparameterized,16,0.8456646191829018,0.8347595405912617,0.18505156062118708,0.19003573026075515,0.0,
u2-prior-reconciliation-v1-2026-08-06,selective_target_signal,5,245051,64,anchored_pcr2_historical,16,0.8252483157629643,0.8142728842172242,0.1646352572012495,0.16954907388671778,0.0,
u2-prior-reconciliation-v1-2026-08-06,selective_target_signal,5,245051,64,fixed_average,16,0.8198409428488256,0.800465373278297,0.1592278842871107,0.15574156294779054,0.0,
u2-prior-reconciliation-v1-2026-08-06,selective_target_signal,5,245051,64,iu,16,0.6606130585617147,0.6447238103305064,0.0,0.0,0.0,
u2-prior-reconciliation-v1-2026-08-06,selective_target_signal,5,245051,64,optimistic_endpoint_switch,16,0.8712599381907697,0.8616628320544939,0.21064687962905493,0.21693902172398732,0.0,
u2-prior-reconciliation-v1-2026-08-06,selective_target_signal,5,245051,64,optimistic_interpolation,16,0.8748070493496196,0.8594778934852687,0.21419399078790474,0.21475408315476213,0.0,0.9253125
u2-prior-reconciliation-v1-2026-08-06,selective_target_signal,5,245051,64,ta_liu,16,0.6755357764856598,0.6596141925331661,0.014922717923945061,0.01489038220265955,0.0,
u2-prior-reconciliation-v1-2026-08-06,selective_target_signal,5,245051,64,u2_logistic,16,0.8712599381907697,0.8616628320544939,0.21064687962905493,0.21693902172398732,0.0,
u2-prior-reconciliation-v1-2026-08-06,selective_target_signal,6,246060,4,anchored_pcr2_current,16,0.6678591146592379,0.6504571322490037,0.03287222191494633,0.029345661897548135,0.0,
u2-prior-reconciliation-v1-2026-08-06,selective_target_signal,6,246060,4,anchored_pcr2_current_reparameterized,16,0.6678591146592379,0.6504571322490037,0.03287222191494633,0.029345661897548135,0.0,
u2-prior-reconciliation-v1-2026-08-06,selective_target_signal,6,246060,4,anchored_pcr2_historical,16,0.40476601901347886,0.4503828169680288,-0.23022087373081265,-0.1707286533834268,0.0,
u2-prior-reconciliation-v1-2026-08-06,selective_target_signal,6,246060,4,fixed_average,16,0.7684106813146356,0.7579626548787075,0.133423788570344,0.13685118452725198,0.0,
u2-prior-reconciliation-v1-2026-08-06,selective_target_signal,6,246060,4,iu,16,0.6349868927442915,0.6211114703514555,0.0,0.0,0.0,
u2-prior-reconciliation-v1-2026-08-06,selective_target_signal,6,246060,4,optimistic_endpoint_switch,16,0.790534033780042,0.7952895962875949,0.15554714103575032,0.17417812593613924,0.0,
u2-prior-reconciliation-v1-2026-08-06,selective_target_signal,6,246060,4,optimistic_interpolation,16,0.8106766703953592,0.8167674651027785,0.17568977765106758,0.1956559947513229,0.0,0.7503124999999999
u2-prior-reconciliation-v1-2026-08-06,selective_target_signal,6,246060,4,ta_liu,16,0.6441438638915915,0.6298971904719965,0.009156971147299998,0.008785720120540998,0.125,
u2-prior-reconciliation-v1-2026-08-06,selective_target_signal,6,246060,4,u2_logistic,16,0.7736385161032742,0.7801550378821661,0.13865162335898268,0.1590435675307105,0.125,
u2-prior-reconciliation-v1-2026-08-06,selective_target_signal,6,246060,8,anchored_pcr2_current,16,0.7013313679356624,0.6835936506236638,0.06648466472576048,0.06192634230270391,0.0,
u2-prior-reconciliation-v1-2026-08-06,selective_target_signal,6,246060,8,anchored_pcr2_current_reparameterized,16,0.7013313679356624,0.6835936506236638,0.06648466472576048,0.06192634230270391,0.0,
u2-prior-reconciliation-v1-2026-08-06,selective_target_signal,6,246060,8,anchored_pcr2_historical,16,0.42148215929416866,0.46187549461823146,-0.21336454391573323,-0.15979181370272846,0.0,
u2-prior-reconciliation-v1-2026-08-06,selective_target_signal,6,246060,8,fixed_average,16,0.7910399409187747,0.783170272185187,0.15619323770887283,0.16150296386422697,0.0,
u2-prior-reconciliation-v1-2026-08-06,selective_target_signal,6,246060,8,iu,16,0.6348467032099019,0.6216673083209598,0.0,0.0,0.0,
u2-prior-reconciliation-v1-2026-08-06,selective_target_signal,6,246060,8,optimistic_endpoint_switch,16,0.831098538043452,0.844220892342703,0.1962518348335501,0.222553584021743,0.0,
u2-prior-reconciliation-v1-2026-08-06,selective_target_signal,6,246060,8,optimistic_interpolation,16,0.8406754157569433,0.853897542914543,0.20582871254704138,0.232230234593583,0.0,0.8221875000000001
u2-prior-reconciliation-v1-2026-08-06,selective_target_signal,6,246060,8,ta_liu,16,0.6486062689378839,0.6347807278148827,0.01375956572798194,0.013113419493922716,0.0,
u2-prior-reconciliation-v1-2026-08-06,selective_target_signal,6,246060,8,u2_logistic,16,0.8283504427438652,0.8418707571411854,0.19350373953396333,0.22020344882022547,0.0,
u2-prior-reconciliation-v1-2026-08-06,selective_target_signal,6,246060,16,anchored_pcr2_current,16,0.7447807499353915,0.7283742599486498,0.11018350210655828,0.10677153981136639,0.0,
u2-prior-reconciliation-v1-2026-08-06,selective_target_signal,6,246060,16,anchored_pcr2_current_reparameterized,16,0.7447807499353915,0.7283742599486498,0.11018350210655828,0.10677153981136639,0.0,
u2-prior-reconciliation-v1-2026-08-06,selective_target_signal,6,246060,16,anchored_pcr2_historical,16,0.47237313217327626,0.49570416293564945,-0.16222411565555694,-0.12589855720163393,0.0,
u2-prior-reconciliation-v1-2026-08-06,selective_target_signal,6,246060,16,fixed_average,16,0.7953680714809499,0.784422040501767,0.16077082365211687,0.1628193203644837,0.0,
u2-prior-reconciliation-v1-2026-08-06,selective_target_signal,6,246060,16,iu,16,0.6345972478288331,0.6216027201372833,0.0,0.0,0.0,
u2-prior-reconciliation-v1-2026-08-06,selective_target_signal,6,246060,16,optimistic_endpoint_switch,16,0.8385690559398626,0.8515613731054599,0.20397180811102955,0.22995865296817644,0.0,
u2-prior-reconciliation-v1-2026-08-06,selective_target_signal,6,246060,16,optimistic_interpolation,16,0.8505416564911197,0.8636922557807911,0.21594440866228654,0.24208953564350763,0.0,0.906875
u2-prior-reconciliation-v1-2026-08-06,selective_target_signal,6,246060,16,ta_liu,16,0.6490192716660489,0.6352794881347242,0.014422023837215837,0.013676767997440768,0.0,
u2-prior-reconciliation-v1-2026-08-06,selective_target_signal,6,246060,16,u2_logistic,16,0.8385690559398626,0.8515613731054599,0.20397180811102955,0.22995865296817644,0.0,
u2-prior-reconciliation-v1-2026-08-06,selective_target_signal,6,246060,32,anchored_pcr2_current,16,0.7836892135750915,0.7739779435411328,0.14982500479411004,0.15074663357569473,0.0,
u2-prior-reconciliation-v1-2026-08-06,selective_target_signal,6,246060,32,anchored_pcr2_current_reparameterized,16,0.7836892135750915,0.7739779435411328,0.14982500479411004,0.15074663357569473,0.0,
u2-prior-reconciliation-v1-2026-08-06,selective_target_signal,6,246060,32,anchored_pcr2_historical,16,0.5146046937231208,0.5264844724729483,-0.11925951505786074,-0.09674683749248984,0.0,
u2-prior-reconciliation-v1-2026-08-06,selective_target_signal,6,246060,32,fixed_average,16,0.7929568568868262,0.7801908048526395,0.1590926481058447,0.15695949488720135,0.0,
u2-prior-reconciliation-v1-2026-08-06,selective_target_signal,6,246060,32,iu,16,0.6338642087809814,0.6232313099654381,0.0,0.0,0.0,
u2-prior-reconciliation-v1-2026-08-06,selective_target_signal,6,246060,32,optimistic_endpoint_switch,16,0.8530911651450295,0.868470784772005,0.21922695636404801,0.24523947480656685,0.0,
u2-prior-reconciliation-v1-2026-08-06,selective_target_signal,6,246060,32,optimistic_interpolation,16,0.8556752852382543,0.8703542368609629,0.22181107645727288,0.24712292689552473,0.0,0.9559374999999999
u2-prior-reconciliation-v1-2026-08-06,selective_target_signal,6,246060,32,ta_liu,16,0.6500279813871924,0.6384859041179314,0.016163772606210915,0.015254594152493257,0.0,
u2-prior-reconciliation-v1-2026-08-06,selective_target_signal,6,246060,32,u2_logistic,16,0.8530911651450295,0.868470784772005,0.21922695636404801,0.24523947480656685,0.0,
u2-prior-reconciliation-v1-2026-08-06,selective_target_signal,6,246060,64,anchored_pcr2_current,16,0.8267644706897107,0.8294064859302113,0.193964468389203,0.20806131741592965,0.0,
u2-prior-reconciliation-v1-2026-08-06,selective_target_signal,6,246060,64,anchored_pcr2_current_reparameterized,16,0.8267644706897107,0.8294064859302113,0.193964468389203,0.20806131741592965,0.0,
u2-prior-reconciliation-v1-2026-08-06,selective_target_signal,6,246060,64,anchored_pcr2_historical,16,0.6394955835331101,0.619717229950234,0.006695581232602395,-0.0016279385640474917,0.0,
u2-prior-reconciliation-v1-2026-08-06,selective_target_signal,6,246060,64,fixed_average,16,0.7986269027557107,0.7842853816259479,0.16582690045520304,0.16294021311166632,0.0,
u2-prior-reconciliation-v1-2026-08-06,selective_target_signal,6,246060,64,iu,16,0.6328000023005077,0.6213451685142817,0.0,0.0,0.0,
u2-prior-reconciliation-v1-2026-08-06,selective_target_signal,6,246060,64,optimistic_endpoint_switch,16,0.8527783699779106,0.8693388139142887,0.21997836767740286,0.2479936454000071,0.0,
u2-prior-reconciliation-v1-2026-08-06,selective_target_signal,6,246060,64,optimistic_interpolation,16,0.8561460294143561,0.87132111548449,0.22334602711384843,0.24997594697020836,0.0,0.9190625
u2-prior-reconciliation-v1-2026-08-06,selective_target_signal,6,246060,64,ta_liu,16,0.649641500555953,0.6374179393381245,0.016841498255445383,0.016072770823842904,0.0,
u2-prior-reconciliation-v1-2026-08-06,selective_target_signal,6,246060,64,u2_logistic,16,0.8527783699779106,0.8693388139142887,0.21997836767740286,0.2479936454000071,0.0,
u2-prior-reconciliation-v1-2026-08-06,selective_target_signal,7,247069,4,anchored_pcr2_current,16,0.6937517277831046,0.6702918356860904,0.03125854901113076,0.02866392470173979,0.0,
u2-prior-reconciliation-v1-2026-08-06,selective_target_signal,7,247069,4,anchored_pcr2_current_reparameterized,16,0.6937517277831046,0.6702918356860904,0.03125854901113076,0.02866392470173979,0.0,
u2-prior-reconciliation-v1-2026-08-06,selective_target_signal,7,247069,4,anchored_pcr2_historical,16,0.6164909054231178,0.6066172420289774,-0.04600227334885597,-0.035010668955373296,0.0,
u2-prior-reconciliation-v1-2026-08-06,selective_target_signal,7,247069,4,fixed_average,16,0.7539952042476967,0.7430645773757629,0.09150202547572295,0.1014366663914123,0.0,
u2-prior-reconciliation-v1-2026-08-06,selective_target_signal,7,247069,4,iu,16,0.6624931787719737,0.6416279109843507,0.0,0.0,0.0,
u2-prior-reconciliation-v1-2026-08-06,selective_target_signal,7,247069,4,optimistic_endpoint_switch,16,0.801579055177799,0.8034521249250725,0.13908587640582526,0.1618242139407218,0.0,
u2-prior-reconciliation-v1-2026-08-06,selective_target_signal,7,247069,4,optimistic_interpolation,16,0.8240020873105193,0.8206560729619639,0.16150890853854555,0.17902816197761315,0.0,0.7178125
u2-prior-reconciliation-v1-2026-08-06,selective_target_signal,7,247069,4,ta_liu,16,0.6758183916741413,0.6552566804160214,0.013325212902167448,0.013628769431670719,0.0,
u2-prior-reconciliation-v1-2026-08-06,selective_target_signal,7,247069,4,u2_logistic,16,0.7575103973034771,0.7696798756196931,0.09501721853150331,0.12805196463534235,0.0,
u2-prior-reconciliation-v1-2026-08-06,selective_target_signal,7,247069,8,anchored_pcr2_current,16,0.7145986788424372,0.6893563739569426,0.05185530551984419,0.0479203256248829,0.0,
u2-prior-reconciliation-v1-2026-08-06,selective_target_signal,7,247069,8,anchored_pcr2_current_reparameterized,16,0.7145986788424372,0.6893563739569426,0.05185530551984419,0.0479203256248829,0.0,
u2-prior-reconciliation-v1-2026-08-06,selective_target_signal,7,247069,8,anchored_pcr2_historical,16,0.642675262834813,0.6284535960028732,-0.020068110487780087,-0.012982452329186371,0.0,
u2-prior-reconciliation-v1-2026-08-06,selective_target_signal,7,247069,8,fixed_average,16,0.792757596305918,0.7770237822400763,0.13001422298332493,0.13558773390801665,0.0,
u2-prior-reconciliation-v1-2026-08-06,selective_target_signal,7,247069,8,iu,16,0.662743373322593,0.6414360483320597,0.0,0.0,0.0,
u2-prior-reconciliation-v1-2026-08-06,selective_target_signal,7,247069,8,optimistic_endpoint_switch,16,0.8109549090782343,0.8161675630796923,0.14821153575564125,0.17473151474763265,0.0,
u2-prior-reconciliation-v1-2026-08-06,selective_target_signal,7,247069,8,optimistic_interpolation,16,0.8358481723971324,0.83792464920014,0.1731047990745393,0.19648860086808043,0.0,0.7421875
u2-prior-reconciliation-v1-2026-08-06,selective_target_signal,7,247069,8,ta_liu,16,0.6750036645604981,0.6542512050901523,0.01226029123790505,0.01281515675809266,0.0,
u2-prior-reconciliation-v1-2026-08-06,selective_target_signal,7,247069,8,u2_logistic,16,0.7993121113110407,0.8072131307236041,0.13656873798844765,0.16577708239154437,0.0,
u2-prior-reconciliation-v1-2026-08-06,selective_target_signal,7,247069,16,anchored_pcr2_current,16,0.7744085807769374,0.751137435446443,0.10984040471250638,0.10737726842485124,0.0,
u2-prior-reconciliation-v1-2026-08-06,selective_target_signal,7,247069,16,anchored_pcr2_current_reparameterized,16,0.7744085807769374,0.751137435446443,0.10984040471250638,0.10737726842485124,0.0,
u2-prior-reconciliation-v1-2026-08-06,selective_target_signal,7,247069,16,anchored_pcr2_historical,16,0.71901178352322,0.6958513560548014,0.054443607458788866,0.05209118903320962,0.0,
u2-prior-reconciliation-v1-2026-08-06,selective_target_signal,7,247069,16,fixed_average,16,0.8245443601272273,0.8088056133960388,0.15997618406279618,0.165045446374447,0.0,
u2-prior-reconciliation-v1-2026-08-06,selective_target_signal,7,247069,16,iu,16,0.6645681760644311,0.6437601670215918,0.0,0.0,0.0,
u2-prior-reconciliation-v1-2026-08-06,selective_target_signal,7,247069,16,optimistic_endpoint_switch,16,0.8530579543708838,0.8642618558073566,0.18848977830645264,0.22050168878576484,0.0,
u2-prior-reconciliation-v1-2026-08-06,selective_target_signal,7,247069,16,optimistic_interpolation,16,0.8669179552791118,0.8747724718204106,0.20234977921468061,0.2310123047988188,0.0,0.8500000000000001
u2-prior-reconciliation-v1-2026-08-06,selective_target_signal,7,247069,16,ta_liu,16,0.6833255554458966,0.6624567926506832,0.018757379381465447,0.01869662562909142,0.0,
u2-prior-reconciliation-v1-2026-08-06,selective_target_signal,7,247069,16,u2_logistic,16,0.8530579543708838,0.8642618558073566,0.18848977830645264,0.22050168878576484,0.0,
u2-prior-reconciliation-v1-2026-08-06,selective_target_signal,7,247069,32,anchored_pcr2_current,16,0.8159147337851634,0.8033539868296999,0.15112252236770893,0.15822746426041265,0.0,
u2-prior-reconciliation-v1-2026-08-06,selective_target_signal,7,247069,32,anchored_pcr2_current_reparameterized,16,0.8159147337851634,0.8033539868296999,0.15112252236770893,0.15822746426041265,0.0,
u2-prior-reconciliation-v1-2026-08-06,selective_target_signal,7,247069,32,anchored_pcr2_historical,16,0.7859295550833683,0.7681376487785048,0.1211373436659137,0.12301112620921736,0.0,
u2-prior-reconciliation-v1-2026-08-06,selective_target_signal,7,247069,32,fixed_average,16,0.8195352514493619,0.8005236259182948,0.1547430400319074,0.15539710334900741,0.0,
u2-prior-reconciliation-v1-2026-08-06,selective_target_signal,7,247069,32,iu,16,0.6647922114174545,0.6451265225692875,0.0,0.0,0.0,
u2-prior-reconciliation-v1-2026-08-06,selective_target_signal,7,247069,32,optimistic_endpoint_switch,16,0.8641834548296623,0.8756141090913204,0.19939124341220776,0.23048758652203302,0.0,
u2-prior-reconciliation-v1-2026-08-06,selective_target_signal,7,247069,32,optimistic_interpolation,16,0.8680562539003802,0.8776506468190164,0.2032640424829257,0.23252412424972901,0.0,0.9309375
u2-prior-reconciliation-v1-2026-08-06,selective_target_signal,7,247069,32,ta_liu,16,0.6842254959469141,0.6641474758777632,0.01943328452945948,0.019020953308475766,0.0,
u2-prior-reconciliation-v1-2026-08-06,selective_target_signal,7,247069,32,u2_logistic,16,0.8641834548296623,0.8756141090913204,0.19939124341220776,0.23048758652203302,0.0,
u2-prior-reconciliation-v1-2026-08-06,selective_target_signal,7,247069,64,anchored_pcr2_current,16,0.8460924971387684,0.8432154396930298,0.18087422546897702,0.19639521480591837,0.0,
u2-prior-reconciliation-v1-2026-08-06,selective_target_signal,7,247069,64,anchored_pcr2_current_reparameterized,16,0.8460924971387684,0.8432154396930298,0.18087422546897702,0.19639521480591837,0.0,
u2-prior-reconciliation-v1-2026-08-06,selective_target_signal,7,247069,64,anchored_pcr2_historical,16,0.8314132696819956,0.8254910164260656,0.1661949980122041,0.17867079153895418,0.0,
u2-prior-reconciliation-v1-2026-08-06,selective_target_signal,7,247069,64,fixed_average,16,0.8180529143275748,0.7950473731426565,0.1528346426577834,0.14822714825554512,0.0,
u2-prior-reconciliation-v1-2026-08-06,selective_target_signal,7,247069,64,iu,16,0.6652182716697914,0.6468202248871113,0.0,0.0,0.0,
u2-prior-reconciliation-v1-2026-08-06,selective_target_signal,7,247069,64,optimistic_endpoint_switch,16,0.8627488752428504,0.8728606804927969,0.19753060357305888,0.22604045560568553,0.0,
u2-prior-reconciliation-v1-2026-08-06,selective_target_signal,7,247069,64,optimistic_interpolation,16,0.8655785804823322,0.873978198436669,0.2003603088125406,0.22715797354955766,0.0,0.9415625000000001
u2-prior-reconciliation-v1-2026-08-06,selective_target_signal,7,247069,64,ta_liu,16,0.6849500813725744,0.6654701380573897,0.019731809702783015,0.01864991317027835,0.0,
u2-prior-reconciliation-v1-2026-08-06,selective_target_signal,7,247069,64,u2_logistic,16,0.8627488752428504,0.8728606804927969,0.19753060357305888,0.22604045560568553,0.0,
