scope,channel,set,n_locators,stratum,n_erroneous,union_sla_exact,union_sla_tolerance_one,shuffled_union_sla_exact
within_channel,q15_H1,top5,1,all,4442,0.2978388113462404,0.5475011256190905,0.2465105808194507
within_channel,q15_H1,top5,1,steps_2_to_5,1312,0.4214939024390244,0.7675304878048781,0.3696646341463415
within_channel,q15_H1,top5,1,steps_6_to_10,2308,0.2729636048526863,0.5090987868284229,0.22270363951473138
within_channel,q15_H1,top5,1,steps_11_plus,822,0.170316301703163,0.30413625304136255,0.11678832116788321
within_channel,q15_H1,top5+top10,2,all,4442,0.3455650607834309,0.5932012606933813,0.3030166591625394
within_channel,q15_H1,top5+top10,2,steps_2_to_5,1312,0.4649390243902439,0.7980182926829268,0.4344512195121951
within_channel,q15_H1,top5+top10,2,steps_6_to_10,2308,0.3223570190641248,0.5632582322357019,0.28292894280762565
within_channel,q15_H1,top5+top10,2,steps_11_plus,822,0.22019464720194648,0.35036496350364965,0.14963503649635038
within_channel,q15_H1,top5+max,2,all,4442,0.3628995947771274,0.640252138676272,0.31764970733903647
within_channel,q15_H1,top5+max,2,steps_2_to_5,1312,0.4969512195121951,0.8292682926829268,0.4535060975609756
within_channel,q15_H1,top5+max,2,steps_6_to_10,2308,0.33838821490467935,0.6152512998266898,0.29462738301559793
within_channel,q15_H1,top5+max,2,steps_11_plus,822,0.21776155717761558,0.40875912408759124,0.1654501216545012
within_channel,q15_H1,top5+mean,2,all,4442,0.3689779378658262,0.6519585772174696,0.3194506978838361
within_channel,q15_H1,top5+mean,2,steps_2_to_5,1312,0.4969512195121951,0.8361280487804879,0.4725609756097561
within_channel,q15_H1,top5+mean,2,steps_6_to_10,2308,0.34575389948006935,0.6373483535528596,0.2885615251299827
within_channel,q15_H1,top5+mean,2,steps_11_plus,822,0.22992700729927007,0.39902676399026765,0.16180048661800486
within_channel,q15_H1,top5+log_top5,2,all,4442,0.40567312021611884,0.6728950923007654,0.35862224223322825
within_channel,q15_H1,top5+log_top5,2,steps_2_to_5,1312,0.541920731707317,0.8582317073170732,0.5190548780487805
within_channel,q15_H1,top5+log_top5,2,steps_6_to_10,2308,0.3817157712305026,0.6499133448873483,0.3305892547660312
within_channel,q15_H1,top5+log_top5,2,steps_11_plus,822,0.25547445255474455,0.4416058394160584,0.18126520681265207
within_channel,q15_H1,top5+cusum_top5,2,all,4442,0.43403872129671317,0.7156686177397569,0.38473660513282304
within_channel,q15_H1,top5+cusum_top5,2,steps_2_to_5,1312,0.604420731707317,0.899390243902439,0.5571646341463414
within_channel,q15_H1,top5+cusum_top5,2,steps_6_to_10,2308,0.40294627383015597,0.6975736568457539,0.34748700173310226
within_channel,q15_H1,top5+cusum_top5,2,steps_11_plus,822,0.24939172749391728,0.4732360097323601,0.2141119221411192
within_channel,q15_H1,top5+onset80,2,all,4442,0.3930661864025214,0.6641152633948672,0.3291310220621342
within_channel,q15_H1,top5+onset80,2,steps_2_to_5,1312,0.4969512195121951,0.8147865853658537,0.4382621951219512
within_channel,q15_H1,top5+onset80,2,steps_6_to_10,2308,0.37261698440207974,0.6503466204506065,0.31672443674176776
within_channel,q15_H1,top5+onset80,2,steps_11_plus,822,0.2846715328467153,0.46228710462287104,0.1897810218978102
within_channel,q15_H1,top5+top30,2,all,4442,0.3919405673120216,0.6283205763169744,0.35929761368752816
within_channel,q15_H1,top5+top30,2,steps_2_to_5,1312,0.5091463414634146,0.8216463414634146,0.5053353658536586
within_channel,q15_H1,top5+top30,2,steps_6_to_10,2308,0.37391681109185443,0.6061525129982669,0.33232235701906415
within_channel,q15_H1,top5+top30,2,steps_11_plus,822,0.25547445255474455,0.3819951338199513,0.20194647201946472
within_channel,q15_H1,top5+std,2,all,4442,0.34781629896443045,0.6314723097703737,0.29558757316524087
within_channel,q15_H1,top5+std,2,steps_2_to_5,1312,0.4794207317073171,0.8285060975609756,0.4291158536585366
within_channel,q15_H1,top5+std,2,steps_6_to_10,2308,0.32062391681109187,0.610051993067591,0.27599653379549394
within_channel,q15_H1,top5+std,2,steps_11_plus,822,0.2141119221411192,0.3771289537712895,0.13746958637469586
within_channel,q15_H1,top5+iqr,2,all,4442,0.3809095002251238,0.6566861773975686,0.33926159387663213
within_channel,q15_H1,top5+iqr,2,steps_2_to_5,1312,0.5137195121951219,0.8407012195121951,0.5045731707317073
within_channel,q15_H1,top5+iqr,2,steps_6_to_10,2308,0.35398613518197575,0.6395147313691508,0.3037261698440208
within_channel,q15_H1,top5+iqr,2,steps_11_plus,822,0.24452554744525548,0.41119221411192214,0.17518248175182483
within_channel,q15_H1,top5+frac_above_z,2,all,4442,0.3815848716794237,0.6654660063034669,0.3340837460603332
within_channel,q15_H1,top5+frac_above_z,2,steps_2_to_5,1312,0.5198170731707317,0.8452743902439024,0.4969512195121951
within_channel,q15_H1,top5+frac_above_z,2,steps_6_to_10,2308,0.35268630849220106,0.6451473136915078,0.298526863084922
within_channel,q15_H1,top5+frac_above_z,2,steps_11_plus,822,0.24209245742092458,0.43552311435523117,0.17396593673965938
within_channel,q15_H1,top5+slope,2,all,4442,0.4085997298514183,0.6922557406573615,0.3280054029716344
within_channel,q15_H1,top5+slope,2,steps_2_to_5,1312,0.5579268292682927,0.8841463414634146,0.49314024390243905
within_channel,q15_H1,top5+slope,2,steps_6_to_10,2308,0.3817157712305026,0.6720103986135182,0.29332755632582325
within_channel,q15_H1,top5+slope,2,steps_11_plus,822,0.24574209245742093,0.44282238442822386,0.16180048661800486
within_channel,q15_H1,top5+jump,2,all,4442,0.3878883385862224,0.6670418730301666,0.3259792886087348
within_channel,q15_H1,top5+jump,2,steps_2_to_5,1312,0.5533536585365854,0.854420731707317,0.49390243902439024
within_channel,q15_H1,top5+jump,2,steps_6_to_10,2308,0.3496533795493934,0.6490467937608319,0.2907279029462738
within_channel,q15_H1,top5+jump,2,steps_11_plus,822,0.23114355231143552,0.41849148418491483,0.15693430656934307
within_channel,q15_H1,top5+q90,2,all,4442,0.3615488518685277,0.6436289959477712,0.314948221521837
within_channel,q15_H1,top5+q90,2,steps_2_to_5,1312,0.4961890243902439,0.8300304878048781,0.4649390243902439
within_channel,q15_H1,top5+q90,2,steps_6_to_10,2308,0.3327556325823224,0.6260831889081456,0.28639514731369153
within_channel,q15_H1,top5+q90,2,steps_11_plus,822,0.22749391727493917,0.3953771289537713,0.15571776155717762
within_channel,q15_H1,top5+first_token,2,all,4442,0.37820801440792434,0.6909049977487618,0.3574966231427285
within_channel,q15_H1,top5+first_token,2,steps_2_to_5,1312,0.5121951219512195,0.881859756097561,0.5175304878048781
within_channel,q15_H1,top5+first_token,2,steps_6_to_10,2308,0.3565857885615251,0.6668110918544194,0.3297227036395147
within_channel,q15_H1,top5+first_token,2,steps_11_plus,822,0.22506082725060828,0.4537712895377129,0.18004866180048662
within_channel,q15_H1,top5+boxcar8_max,2,all,4442,0.3707789284106258,0.6357496623142729,0.3430886987843314
within_channel,q15_H1,top5+boxcar8_max,2,steps_2_to_5,1312,0.5045731707317073,0.8216463414634146,0.48551829268292684
within_channel,q15_H1,top5+boxcar8_max,2,steps_6_to_10,2308,0.34748700173310226,0.6165511265164645,0.32019064124783364
within_channel,q15_H1,top5+boxcar8_max,2,steps_11_plus,822,0.22262773722627738,0.3929440389294404,0.18004866180048662
within_channel,q15_H1,top5+page_wmax,2,all,4442,0.3743809095002251,0.6330481764970733,0.34128770823953175
within_channel,q15_H1,top5+page_wmax,2,steps_2_to_5,1312,0.5076219512195121,0.8216463414634146,0.4839939024390244
within_channel,q15_H1,top5+page_wmax,2,steps_6_to_10,2308,0.35051993067590986,0.6122183708838822,0.3210571923743501
within_channel,q15_H1,top5+page_wmax,2,steps_11_plus,822,0.22871046228710462,0.3905109489051095,0.170316301703163
within_channel,q15_H1,top5+peak,7,all,4442,0.5612336785231877,0.8129221071589374,0.5511031067086898
within_channel,q15_H1,top5+peak,7,steps_2_to_5,1312,0.7004573170731707,0.930640243902439,0.71875
within_channel,q15_H1,top5+peak,7,steps_6_to_10,2308,0.541161178509532,0.8145580589254766,0.5290294627383015
within_channel,q15_H1,top5+peak,7,steps_11_plus,822,0.3953771289537713,0.6204379562043796,0.34549878345498786
within_channel,q15_H1,top5+spread,4,all,4442,0.4185051778478163,0.7080144079243584,0.3905898244034219
within_channel,q15_H1,top5+spread,4,steps_2_to_5,1312,0.5533536585365854,0.8742378048780488,0.5579268292682927
within_channel,q15_H1,top5+spread,4,steps_6_to_10,2308,0.38951473136915077,0.6941074523396881,0.3587521663778163
within_channel,q15_H1,top5+spread,4,steps_11_plus,822,0.2846715328467153,0.48175182481751827,0.21289537712895376
within_channel,q15_H1,top5+trend,3,all,4442,0.4709590274651058,0.759567762269248,0.3935164340387213
within_channel,q15_H1,top5+trend,3,steps_2_to_5,1312,0.6417682926829268,0.9237804878048781,0.583079268292683
within_channel,q15_H1,top5+trend,3,steps_6_to_10,2308,0.43630849220103984,0.7504332755632582,0.35398613518197575
within_channel,q15_H1,top5+trend,3,steps_11_plus,822,0.2956204379562044,0.5231143552311436,0.20194647201946472
within_channel,q15_H1,top5+sequential,4,all,4442,0.5524538496172895,0.8079693831607384,0.5065285907248986
within_channel,q15_H1,top5+sequential,4,steps_2_to_5,1312,0.698170731707317,0.9314024390243902,0.6722560975609756
within_channel,q15_H1,top5+sequential,4,steps_6_to_10,2308,0.5259965337954939,0.804159445407279,0.4809358752166378
within_channel,q15_H1,top5+sequential,4,steps_11_plus,822,0.39416058394160586,0.621654501216545,0.31386861313868614
within_channel,q15_H1,top5+first_token,2,all,4442,0.37820801440792434,0.6909049977487618,0.3574966231427285
within_channel,q15_H1,top5+first_token,2,steps_2_to_5,1312,0.5121951219512195,0.881859756097561,0.5175304878048781
within_channel,q15_H1,top5+first_token,2,steps_6_to_10,2308,0.3565857885615251,0.6668110918544194,0.3297227036395147
within_channel,q15_H1,top5+first_token,2,steps_11_plus,822,0.22506082725060828,0.4537712895377129,0.18004866180048662
within_channel,q15_H1,top5+mean,2,all,4442,0.3689779378658262,0.6519585772174696,0.3194506978838361
within_channel,q15_H1,top5+mean,2,steps_2_to_5,1312,0.4969512195121951,0.8361280487804879,0.4725609756097561
within_channel,q15_H1,top5+mean,2,steps_6_to_10,2308,0.34575389948006935,0.6373483535528596,0.2885615251299827
within_channel,q15_H1,top5+mean,2,steps_11_plus,822,0.22992700729927007,0.39902676399026765,0.16180048661800486
within_channel,q15_H1,all_readouts,17,all,4442,0.7717244484466457,0.9439441692931112,0.7622692480864476
within_channel,q15_H1,all_readouts,17,steps_2_to_5,1312,0.9032012195121951,0.9923780487804879,0.9085365853658537
within_channel,q15_H1,all_readouts,17,steps_6_to_10,2308,0.7582322357019065,0.9527729636048526,0.7521663778162911
within_channel,q15_H1,all_readouts,17,steps_11_plus,822,0.5997566909975669,0.8418491484184915,0.5571776155717761
within_channel,q15_VE1,top5,1,all,4442,0.3059432687978388,0.5576316974335884,0.24065736154885187
within_channel,q15_VE1,top5,1,steps_2_to_5,1312,0.41996951219512196,0.7599085365853658,0.3429878048780488
within_channel,q15_VE1,top5,1,steps_6_to_10,2308,0.28292894280762565,0.5229636048526863,0.22140381282495666
within_channel,q15_VE1,top5,1,steps_11_plus,822,0.18856447688564476,0.33211678832116787,0.13138686131386862
within_channel,q15_VE1,top5+top10,2,all,4442,0.36132372805042773,0.604907699234579,0.2980639351643404
within_channel,q15_VE1,top5+top10,2,steps_2_to_5,1312,0.49314024390243905,0.8048780487804879,0.41310975609756095
within_channel,q15_VE1,top5+top10,2,steps_6_to_10,2308,0.33535528596187175,0.5762564991334489,0.2768630849220104
within_channel,q15_VE1,top5+top10,2,steps_11_plus,822,0.22384428223844283,0.3661800486618005,0.17396593673965938
within_channel,q15_VE1,top5+max,2,all,4442,0.37528140477262495,0.6492570914002701,0.3133723547951373
within_channel,q15_VE1,top5+max,2,steps_2_to_5,1312,0.5091463414634146,0.8285060975609756,0.4321646341463415
within_channel,q15_VE1,top5+max,2,steps_6_to_10,2308,0.3492201039861352,0.6247833622183708,0.292894280762565
within_channel,q15_VE1,top5+max,2,steps_11_plus,822,0.23479318734793186,0.4318734793187348,0.18126520681265207
within_channel,q15_VE1,top5+mean,2,all,4442,0.39464205312922107,0.6735704637550652,0.31022062134173795
within_channel,q15_VE1,top5+mean,2,steps_2_to_5,1312,0.5266768292682927,0.8475609756097561,0.4344512195121951
within_channel,q15_VE1,top5+mean,2,steps_6_to_10,2308,0.3765164644714038,0.6646447140381283,0.287261698440208
within_channel,q15_VE1,top5+mean,2,steps_11_plus,822,0.23479318734793186,0.4209245742092457,0.17639902676399027
within_channel,q15_VE1,top5+log_top5,2,all,4442,0.4239081494822152,0.690004502476362,0.3433138226024313
within_channel,q15_VE1,top5+log_top5,2,steps_2_to_5,1312,0.5609756097560976,0.8574695121951219,0.47027439024390244
within_channel,q15_VE1,top5+log_top5,2,steps_6_to_10,2308,0.40771230502599654,0.6776429809358753,0.32192374350086655
within_channel,q15_VE1,top5+log_top5,2,steps_11_plus,822,0.25060827250608275,0.45742092457420924,0.20072992700729927
within_channel,q15_VE1,top5+cusum_top5,2,all,4442,0.4464205312922107,0.7287257991895543,0.38316073840612336
within_channel,q15_VE1,top5+cusum_top5,2,steps_2_to_5,1312,0.6189024390243902,0.9054878048780488,0.538109756097561
within_channel,q15_VE1,top5+cusum_top5,2,steps_6_to_10,2308,0.40814558058925476,0.7114384748700173,0.3561525129982669
within_channel,q15_VE1,top5+cusum_top5,2,steps_11_plus,822,0.27858880778588807,0.4951338199513382,0.2116788321167883
within_channel,q15_VE1,top5+onset80,2,all,4442,0.4036470058532193,0.6686177397568662,0.32192705988293563
within_channel,q15_VE1,top5+onset80,2,steps_2_to_5,1312,0.4954268292682927,0.8224085365853658,0.41539634146341464
within_channel,q15_VE1,top5+onset80,2,steps_6_to_10,2308,0.39168110918544197,0.6520797227036396,0.30329289428076256
within_channel,q15_VE1,top5+onset80,2,steps_11_plus,822,0.29075425790754256,0.46958637469586373,0.22506082725060828
within_channel,q15_VE1,top5+top30,2,all,4442,0.4083746060333183,0.6443043674020711,0.35682125168842865
within_channel,q15_VE1,top5+top30,2,steps_2_to_5,1312,0.5289634146341463,0.8277439024390244,0.4885670731707317
within_channel,q15_VE1,top5+top30,2,steps_6_to_10,2308,0.3912478336221837,0.6273830155979203,0.3310225303292894
within_channel,q15_VE1,top5+top30,2,steps_11_plus,822,0.2639902676399027,0.39902676399026765,0.21897810218978103
within_channel,q15_VE1,top5+std,2,all,4442,0.36515083295812695,0.645204862674471,0.2935614588023413
within_channel,q15_VE1,top5+std,2,steps_2_to_5,1312,0.4878048780487805,0.8224085365853658,0.4138719512195122
within_channel,q15_VE1,top5+std,2,steps_6_to_10,2308,0.34532062391681106,0.6278162911611785,0.27253032928942805
within_channel,q15_VE1,top5+std,2,steps_11_plus,822,0.22506082725060828,0.41119221411192214,0.16058394160583941
within_channel,q15_VE1,top5+iqr,2,all,4442,0.41085096803241783,0.6859522737505628,0.3266546600630347
within_channel,q15_VE1,top5+iqr,2,steps_2_to_5,1312,0.5510670731707317,0.868140243902439,0.4657012195121951
within_channel,q15_VE1,top5+iqr,2,steps_6_to_10,2308,0.38431542461005197,0.6689774696707106,0.3024263431542461
within_channel,q15_VE1,top5+iqr,2,steps_11_plus,822,0.2615571776155718,0.44282238442822386,0.17274939172749393
within_channel,q15_VE1,top5+frac_above_z,2,all,4442,0.39734353894642055,0.6816749212066636,0.32170193606483566
within_channel,q15_VE1,top5+frac_above_z,2,steps_2_to_5,1312,0.5335365853658537,0.8597560975609756,0.45884146341463417
within_channel,q15_VE1,top5+frac_above_z,2,steps_6_to_10,2308,0.37694974003466203,0.6676776429809359,0.29506065857885616
within_channel,q15_VE1,top5+frac_above_z,2,steps_11_plus,822,0.23722627737226276,0.4367396593673966,0.17761557177615572
within_channel,q15_VE1,top5+slope,2,all,4442,0.4180549302116164,0.7066636650157586,0.3239531742458352
within_channel,q15_VE1,top5+slope,2,steps_2_to_5,1312,0.5647865853658537,0.8795731707317073,0.4657012195121951
within_channel,q15_VE1,top5+slope,2,steps_6_to_10,2308,0.39298093587521665,0.6967071057192374,0.2972270363951473
within_channel,q15_VE1,top5+slope,2,steps_11_plus,822,0.2542579075425791,0.4586374695863747,0.17274939172749393
within_channel,q15_VE1,top5+jump,2,all,4442,0.4045475011256191,0.6859522737505628,0.3158487167942368
within_channel,q15_VE1,top5+jump,2,steps_2_to_5,1312,0.5442073170731707,0.8612804878048781,0.4649390243902439
within_channel,q15_VE1,top5+jump,2,steps_6_to_10,2308,0.3778162911611785,0.6733102253032929,0.28292894280762565
within_channel,q15_VE1,top5+jump,2,steps_11_plus,822,0.25669099756691,0.4416058394160584,0.170316301703163
within_channel,q15_VE1,top5+q90,2,all,4442,0.3881134624043224,0.6611886537595678,0.32192705988293563
within_channel,q15_VE1,top5+q90,2,steps_2_to_5,1312,0.5190548780487805,0.8353658536585366,0.45198170731707316
within_channel,q15_VE1,top5+q90,2,steps_6_to_10,2308,0.36871750433275563,0.6451473136915078,0.2972270363951473
within_channel,q15_VE1,top5+q90,2,steps_11_plus,822,0.23357664233576642,0.4282238442822384,0.18369829683698297
within_channel,q15_VE1,top5+first_token,2,all,4442,0.40117064385411977,0.7131922557406574,0.35051778478162987
within_channel,q15_VE1,top5+first_token,2,steps_2_to_5,1312,0.5304878048780488,0.8772865853658537,0.49771341463414637
within_channel,q15_VE1,top5+first_token,2,steps_6_to_10,2308,0.3830155979202773,0.7084055459272097,0.32062391681109187
within_channel,q15_VE1,top5+first_token,2,steps_11_plus,822,0.24574209245742093,0.46472019464720193,0.19951338199513383
within_channel,q15_VE1,top5+boxcar8_max,2,all,4442,0.3836109860423233,0.6465556055830707,0.3394867176947321
within_channel,q15_VE1,top5+boxcar8_max,2,steps_2_to_5,1312,0.5236280487804879,0.8361280487804879,0.4603658536585366
within_channel,q15_VE1,top5+boxcar8_max,2,steps_6_to_10,2308,0.3578856152512998,0.6226169844020797,0.3210571923743501
within_channel,q15_VE1,top5+boxcar8_max,2,steps_11_plus,822,0.23236009732360097,0.41119221411192214,0.19829683698296838
within_channel,q15_VE1,top5+page_wmax,2,all,4442,0.390139576767222,0.6542098153984691,0.33633498424133274
within_channel,q15_VE1,top5+page_wmax,2,steps_2_to_5,1312,0.5228658536585366,0.836890243902439,0.45426829268292684
within_channel,q15_VE1,top5+page_wmax,2,steps_6_to_10,2308,0.3648180242634315,0.6308492201039861,0.32062391681109187
within_channel,q15_VE1,top5+page_wmax,2,steps_11_plus,822,0.24939172749391728,0.4282238442822384,0.1922141119221411
within_channel,q15_VE1,top5+peak,7,all,4442,0.5886987843313822,0.8322827555155335,0.5526789734353894
within_channel,q15_VE1,top5+peak,7,steps_2_to_5,1312,0.7362804878048781,0.944359756097561,0.6966463414634146
within_channel,q15_VE1,top5+peak,7,steps_6_to_10,2308,0.5749566724436742,0.8392547660311959,0.5333622183708839
within_channel,q15_VE1,top5+peak,7,steps_11_plus,822,0.39172749391727496,0.6338199513381995,0.3771289537712895
within_channel,q15_VE1,top5+spread,4,all,4442,0.459927960378208,0.7424583520936515,0.38180999549752365
within_channel,q15_VE1,top5+spread,4,steps_2_to_5,1312,0.59375,0.8917682926829268,0.5274390243902439
within_channel,q15_VE1,top5+spread,4,steps_6_to_10,2308,0.4410745233968804,0.7378682842287695,0.35701906412478335
within_channel,q15_VE1,top5+spread,4,steps_11_plus,822,0.29927007299270075,0.5170316301703163,0.21897810218978103
within_channel,q15_VE1,top5+trend,3,all,4442,0.4871679423683026,0.7730751913552454,0.3878883385862224
within_channel,q15_VE1,top5+trend,3,steps_2_to_5,1312,0.6387195121951219,0.916920731707317,0.5655487804878049
within_channel,q15_VE1,top5+trend,3,steps_6_to_10,2308,0.46360485268630847,0.7755632582322357,0.35051993067590986
within_channel,q15_VE1,top5+trend,3,steps_11_plus,822,0.31143552311435524,0.5364963503649635,0.20924574209245742
within_channel,q15_VE1,top5+sequential,4,all,4442,0.570013507429086,0.8201260693381359,0.5013507429085997
within_channel,q15_VE1,top5+sequential,4,steps_2_to_5,1312,0.7141768292682927,0.9435975609756098,0.649390243902439
within_channel,q15_VE1,top5+sequential,4,steps_6_to_10,2308,0.5446273830155979,0.8132582322357019,0.47660311958405543
within_channel,q15_VE1,top5+sequential,4,steps_11_plus,822,0.41119221411192214,0.6423357664233577,0.33454987834549876
within_channel,q15_VE1,top5+first_token,2,all,4442,0.40117064385411977,0.7131922557406574,0.35051778478162987
within_channel,q15_VE1,top5+first_token,2,steps_2_to_5,1312,0.5304878048780488,0.8772865853658537,0.49771341463414637
within_channel,q15_VE1,top5+first_token,2,steps_6_to_10,2308,0.3830155979202773,0.7084055459272097,0.32062391681109187
within_channel,q15_VE1,top5+first_token,2,steps_11_plus,822,0.24574209245742093,0.46472019464720193,0.19951338199513383
within_channel,q15_VE1,top5+mean,2,all,4442,0.39464205312922107,0.6735704637550652,0.31022062134173795
within_channel,q15_VE1,top5+mean,2,steps_2_to_5,1312,0.5266768292682927,0.8475609756097561,0.4344512195121951
within_channel,q15_VE1,top5+mean,2,steps_6_to_10,2308,0.3765164644714038,0.6646447140381283,0.287261698440208
within_channel,q15_VE1,top5+mean,2,steps_11_plus,822,0.23479318734793186,0.4209245742092457,0.17639902676399027
within_channel,q15_VE1,all_readouts,17,all,4442,0.7987393066186402,0.9533993696533093,0.7586672669968483
within_channel,q15_VE1,all_readouts,17,steps_2_to_5,1312,0.9153963414634146,0.9954268292682927,0.9100609756097561
within_channel,q15_VE1,all_readouts,17,steps_6_to_10,2308,0.7963604852686309,0.9640381282495667,0.7400346620450606
within_channel,q15_VE1,all_readouts,17,steps_11_plus,822,0.6192214111922141,0.8564476885644768,0.5693430656934306
within_channel,chosen_surprisal,top5,1,all,4442,0.12809545249887438,0.36267447095902744,0.20936515083295812
within_channel,chosen_surprisal,top5,1,steps_2_to_5,1312,0.2347560975609756,0.6105182926829268,0.3178353658536585
within_channel,chosen_surprisal,top5,1,steps_6_to_10,2308,0.09098786828422877,0.28986135181975736,0.177209705372617
within_channel,chosen_surprisal,top5,1,steps_11_plus,822,0.06204379562043796,0.17153284671532848,0.12652068126520682
within_channel,chosen_surprisal,top5+top10,2,all,4442,0.16073840612336784,0.39621791985592075,0.24313372354795137
within_channel,chosen_surprisal,top5+top10,2,steps_2_to_5,1312,0.27972560975609756,0.6448170731707317,0.3597560975609756
within_channel,chosen_surprisal,top5+top10,2,steps_6_to_10,2308,0.12131715771230503,0.32712305025996535,0.20883882149046792
within_channel,chosen_surprisal,top5+top10,2,steps_11_plus,822,0.08150851581508516,0.19343065693430658,0.15328467153284672
within_channel,chosen_surprisal,top5+max,2,all,4442,0.1289959477712742,0.36357496623142727,0.21274200810445745
within_channel,chosen_surprisal,top5+max,2,steps_2_to_5,1312,0.23780487804878048,0.6135670731707317,0.3246951219512195
within_channel,chosen_surprisal,top5+max,2,steps_6_to_10,2308,0.09098786828422877,0.28986135181975736,0.1789428076256499
within_channel,chosen_surprisal,top5+max,2,steps_11_plus,822,0.06204379562043796,0.17153284671532848,0.12895377128953772
within_channel,chosen_surprisal,top5+mean,2,all,4442,0.18842863574966232,0.45610085547050877,0.2435839711841513
within_channel,chosen_surprisal,top5+mean,2,steps_2_to_5,1312,0.2919207317073171,0.676829268292683,0.3620426829268293
within_channel,chosen_surprisal,top5+mean,2,steps_6_to_10,2308,0.15641247833622185,0.40511265164644716,0.20927209705372618
within_channel,chosen_surprisal,top5+mean,2,steps_11_plus,822,0.11313868613138686,0.24695863746958638,0.15085158150851583
within_channel,chosen_surprisal,top5+log_top5,2,all,4442,0.1289959477712742,0.36357496623142727,0.21319225574065737
within_channel,chosen_surprisal,top5+log_top5,2,steps_2_to_5,1312,0.23780487804878048,0.6135670731707317,0.32621951219512196
within_channel,chosen_surprisal,top5+log_top5,2,steps_6_to_10,2308,0.09098786828422877,0.28986135181975736,0.1789428076256499
within_channel,chosen_surprisal,top5+log_top5,2,steps_11_plus,822,0.06204379562043796,0.17153284671532848,0.12895377128953772
within_channel,chosen_surprisal,top5+cusum_top5,2,all,4442,0.3018910400720396,0.6004052228725799,0.3255290409725349
within_channel,chosen_surprisal,top5+cusum_top5,2,steps_2_to_5,1312,0.4420731707317073,0.7690548780487805,0.45121951219512196
within_channel,chosen_surprisal,top5+cusum_top5,2,steps_6_to_10,2308,0.2634315424610052,0.5706239168110918,0.29982668977469673
within_channel,chosen_surprisal,top5+cusum_top5,2,steps_11_plus,822,0.18613138686131386,0.4148418491484185,0.19708029197080293
within_channel,chosen_surprisal,top5+onset80,2,all,4442,0.1289959477712742,0.36357496623142727,0.2219720846465556
within_channel,chosen_surprisal,top5+onset80,2,steps_2_to_5,1312,0.23780487804878048,0.6135670731707317,0.33384146341463417
within_channel,chosen_surprisal,top5+onset80,2,steps_6_to_10,2308,0.09098786828422877,0.28986135181975736,0.18847487001733101
within_channel,chosen_surprisal,top5+onset80,2,steps_11_plus,822,0.06204379562043796,0.17153284671532848,0.13746958637469586
within_channel,chosen_surprisal,top5+top30,2,all,4442,0.2444844664565511,0.4930211616389014,0.3084196307969383
within_channel,chosen_surprisal,top5+top30,2,steps_2_to_5,1312,0.3597560975609756,0.7088414634146342,0.42301829268292684
within_channel,chosen_surprisal,top5+top30,2,steps_6_to_10,2308,0.21577123050259966,0.45190641247833624,0.2785961871750433
within_channel,chosen_surprisal,top5+top30,2,steps_11_plus,822,0.1411192214111922,0.2639902676399027,0.20924574209245742
within_channel,chosen_surprisal,top5+std,2,all,4442,0.1305718144979739,0.36582620441242686,0.21319225574065737
within_channel,chosen_surprisal,top5+std,2,steps_2_to_5,1312,0.24085365853658536,0.6189024390243902,0.3246951219512195
within_channel,chosen_surprisal,top5+std,2,steps_6_to_10,2308,0.09228769497400346,0.2907279029462738,0.1798093587521664
within_channel,chosen_surprisal,top5+std,2,steps_11_plus,822,0.06204379562043796,0.17274939172749393,0.12895377128953772
within_channel,chosen_surprisal,top5+iqr,2,all,4442,0.2915353444394417,0.6161638901395767,0.305042773525439
within_channel,chosen_surprisal,top5+iqr,2,steps_2_to_5,1312,0.4253048780487805,0.8109756097560976,0.4451219512195122
within_channel,chosen_surprisal,top5+iqr,2,steps_6_to_10,2308,0.25909878682842286,0.5966204506065858,0.2738301559792028
within_channel,chosen_surprisal,top5+iqr,2,steps_11_plus,822,0.16909975669099755,0.36009732360097324,0.16909975669099755
within_channel,chosen_surprisal,top5+frac_above_z,2,all,4442,0.2960378208014408,0.6260693381359748,0.3025664115263395
within_channel,chosen_surprisal,top5+frac_above_z,2,steps_2_to_5,1312,0.4382621951219512,0.8246951219512195,0.4481707317073171
within_channel,chosen_surprisal,top5+frac_above_z,2,steps_6_to_10,2308,0.2603986135181976,0.604419410745234,0.2673310225303293
within_channel,chosen_surprisal,top5+frac_above_z,2,steps_11_plus,822,0.16909975669099755,0.36982968369829683,0.16909975669099755
within_channel,chosen_surprisal,top5+slope,2,all,4442,0.31382260243133725,0.6661413777577667,0.2832057631697434
within_channel,chosen_surprisal,top5+slope,2,steps_2_to_5,1312,0.4679878048780488,0.9115853658536586,0.4413109756097561
within_channel,chosen_surprisal,top5+slope,2,steps_6_to_10,2308,0.2703639514731369,0.6221837088388215,0.24003466204506066
within_channel,chosen_surprisal,top5+slope,2,steps_11_plus,822,0.1897810218978102,0.3978102189781022,0.15206812652068127
within_channel,chosen_surprisal,top5+jump,2,all,4442,0.13574966231427285,0.3811346240432238,0.27870328680774425
within_channel,chosen_surprisal,top5+jump,2,steps_2_to_5,1312,0.24009146341463414,0.6257621951219512,0.4245426829268293
within_channel,chosen_surprisal,top5+jump,2,steps_6_to_10,2308,0.09705372616984402,0.3050259965337955,0.23873483535528597
within_channel,chosen_surprisal,top5+jump,2,steps_11_plus,822,0.07785888077858881,0.20437956204379562,0.15815085158150852
within_channel,chosen_surprisal,top5+q90,2,all,4442,0.25123818099954975,0.54997748761819,0.30526789734353893
within_channel,chosen_surprisal,top5+q90,2,steps_2_to_5,1312,0.37652439024390244,0.7652439024390244,0.4428353658536585
within_channel,chosen_surprisal,top5+q90,2,steps_6_to_10,2308,0.21447140381282495,0.5086655112651647,0.27253032928942805
within_channel,chosen_surprisal,top5+q90,2,steps_11_plus,822,0.15450121654501217,0.3223844282238443,0.17761557177615572
within_channel,chosen_surprisal,top5+first_token,2,all,4442,0.1289959477712742,0.36357496623142727,0.3237280504277353
within_channel,chosen_surprisal,top5+first_token,2,steps_2_to_5,1312,0.23780487804878048,0.6135670731707317,0.4657012195121951
within_channel,chosen_surprisal,top5+first_token,2,steps_6_to_10,2308,0.09098786828422877,0.28986135181975736,0.2941941074523397
within_channel,chosen_surprisal,top5+first_token,2,steps_11_plus,822,0.06204379562043796,0.17153284671532848,0.18004866180048662
within_channel,chosen_surprisal,top5+boxcar8_max,2,all,4442,0.13327330031517334,0.3680774425934264,0.21364250337685728
within_channel,chosen_surprisal,top5+boxcar8_max,2,steps_2_to_5,1312,0.24085365853658536,0.6173780487804879,0.32621951219512196
within_channel,chosen_surprisal,top5+boxcar8_max,2,steps_6_to_10,2308,0.09618717504332755,0.29462738301559793,0.17937608318890816
within_channel,chosen_surprisal,top5+boxcar8_max,2,steps_11_plus,822,0.06569343065693431,0.17639902676399027,0.13017031630170317
within_channel,chosen_surprisal,top5+page_wmax,2,all,4442,0.135074290859973,0.3707789284106258,0.21431787483115713
within_channel,chosen_surprisal,top5+page_wmax,2,steps_2_to_5,1312,0.24466463414634146,0.6189024390243902,0.3254573170731707
within_channel,chosen_surprisal,top5+page_wmax,2,steps_6_to_10,2308,0.09662045060658579,0.29462738301559793,0.18067590987868284
within_channel,chosen_surprisal,top5+page_wmax,2,steps_11_plus,822,0.0681265206812652,0.18856447688564476,0.13138686131386862
within_channel,chosen_surprisal,top5+peak,7,all,4442,0.34128770823953175,0.620216118865376,0.38338586222422333
within_channel,chosen_surprisal,top5+peak,7,steps_2_to_5,1312,0.46646341463414637,0.8064024390243902,0.5121951219512195
within_channel,chosen_surprisal,top5+peak,7,steps_6_to_10,2308,0.31325823223570193,0.5953206239168111,0.35831889081455803
within_channel,chosen_surprisal,top5+peak,7,steps_11_plus,822,0.22019464720194648,0.3929440389294404,0.24817518248175183
within_channel,chosen_surprisal,top5+spread,4,all,4442,0.3365601080594327,0.6686177397568662,0.33881134624043224
within_channel,chosen_surprisal,top5+spread,4,steps_2_to_5,1312,0.46646341463414637,0.8429878048780488,0.49009146341463417
within_channel,chosen_surprisal,top5+spread,4,steps_6_to_10,2308,0.30329289428076256,0.651213171577123,0.3037261698440208
within_channel,chosen_surprisal,top5+spread,4,steps_11_plus,822,0.22262773722627738,0.4391727493917275,0.19586374695863748
within_channel,chosen_surprisal,top5+trend,3,all,4442,0.3194506978838361,0.6749212066636651,0.33971184151283207
within_channel,chosen_surprisal,top5+trend,3,steps_2_to_5,1312,0.4695121951219512,0.9115853658536586,0.5182926829268293
within_channel,chosen_surprisal,top5+trend,3,steps_6_to_10,2308,0.27469670710571925,0.6304159445407279,0.29506065857885616
within_channel,chosen_surprisal,top5+trend,3,steps_11_plus,822,0.20559610705596107,0.4221411192214112,0.18004866180048662
within_channel,chosen_surprisal,top5+sequential,4,all,4442,0.3070688878883386,0.6042323277802791,0.3356596127870329
within_channel,chosen_surprisal,top5+sequential,4,steps_2_to_5,1312,0.4489329268292683,0.7728658536585366,0.4641768292682927
within_channel,chosen_surprisal,top5+sequential,4,steps_6_to_10,2308,0.26776429809358754,0.5736568457538995,0.3093587521663778
within_channel,chosen_surprisal,top5+sequential,4,steps_11_plus,822,0.19099756690997566,0.4209245742092457,0.20437956204379562
within_channel,chosen_surprisal,top5+first_token,2,all,4442,0.1289959477712742,0.36357496623142727,0.3237280504277353
within_channel,chosen_surprisal,top5+first_token,2,steps_2_to_5,1312,0.23780487804878048,0.6135670731707317,0.4657012195121951
within_channel,chosen_surprisal,top5+first_token,2,steps_6_to_10,2308,0.09098786828422877,0.28986135181975736,0.2941941074523397
within_channel,chosen_surprisal,top5+first_token,2,steps_11_plus,822,0.06204379562043796,0.17153284671532848,0.18004866180048662
within_channel,chosen_surprisal,top5+mean,2,all,4442,0.18842863574966232,0.45610085547050877,0.2435839711841513
within_channel,chosen_surprisal,top5+mean,2,steps_2_to_5,1312,0.2919207317073171,0.676829268292683,0.3620426829268293
within_channel,chosen_surprisal,top5+mean,2,steps_6_to_10,2308,0.15641247833622185,0.40511265164644716,0.20927209705372618
within_channel,chosen_surprisal,top5+mean,2,steps_11_plus,822,0.11313868613138686,0.24695863746958638,0.15085158150851583
within_channel,chosen_surprisal,all_readouts,17,all,4442,0.65015758667267,0.9022962629446195,0.6359747861323728
within_channel,chosen_surprisal,all_readouts,17,steps_2_to_5,1312,0.7766768292682927,0.9855182926829268,0.7972560975609756
within_channel,chosen_surprisal,all_readouts,17,steps_6_to_10,2308,0.6360485268630849,0.9072790294627383,0.6252166377816292
within_channel,chosen_surprisal,all_readouts,17,steps_11_plus,822,0.4878345498783455,0.7554744525547445,0.40875912408759124
within_channel,logprob_margin,top5,1,all,4442,0.2989644304367402,0.54952723998199,0.2505628095452499
within_channel,logprob_margin,top5,1,steps_2_to_5,1312,0.4009146341463415,0.7560975609756098,0.38490853658536583
within_channel,logprob_margin,top5,1,steps_6_to_10,2308,0.28682842287694976,0.5181975736568457,0.21967071057192375
within_channel,logprob_margin,top5,1,steps_11_plus,822,0.170316301703163,0.3077858880778589,0.12287104622871046
within_channel,logprob_margin,top5+top10,2,all,4442,0.37528140477262495,0.6253939666816749,0.3237280504277353
within_channel,logprob_margin,top5+top10,2,steps_2_to_5,1312,0.4771341463414634,0.8086890243902439,0.47865853658536583
within_channel,logprob_margin,top5+top10,2,steps_6_to_10,2308,0.3643847487001733,0.604419410745234,0.28639514731369153
within_channel,logprob_margin,top5+top10,2,steps_11_plus,822,0.24330900243309003,0.39172749391727496,0.18126520681265207
within_channel,logprob_margin,top5+mean,2,all,4442,0.41467807294011705,0.7008104457451598,0.3329581269698334
within_channel,logprob_margin,top5+mean,2,steps_2_to_5,1312,0.5510670731707317,0.8696646341463414,0.5114329268292683
within_channel,logprob_margin,top5+mean,2,steps_6_to_10,2308,0.3990467937608319,0.6967071057192374,0.2907279029462738
within_channel,logprob_margin,top5+mean,2,steps_11_plus,822,0.24087591240875914,0.44282238442822386,0.16666666666666666
within_channel,logprob_margin,top5+log_top5,2,all,4442,0.41332733003151734,0.7215218370103557,0.38226024313372353
within_channel,logprob_margin,top5+log_top5,2,steps_2_to_5,1312,0.5632621951219512,0.8963414634146342,0.5525914634146342
within_channel,logprob_margin,top5+log_top5,2,steps_6_to_10,2308,0.3925476603119584,0.7153379549393414,0.3461871750433276
within_channel,logprob_margin,top5+log_top5,2,steps_11_plus,822,0.23236009732360097,0.45985401459854014,0.2116788321167883
within_channel,logprob_margin,top5+cusum_top5,2,all,4442,0.434939216569113,0.7323277802791536,0.39081494822152185
within_channel,logprob_margin,top5+cusum_top5,2,steps_2_to_5,1312,0.600609756097561,0.9176829268292683,0.5724085365853658
within_channel,logprob_margin,top5+cusum_top5,2,steps_6_to_10,2308,0.4033795493934142,0.7114384748700173,0.35571923743500866
within_channel,logprob_margin,top5+cusum_top5,2,steps_11_plus,822,0.2591240875912409,0.4951338199513382,0.19951338199513383
within_channel,logprob_margin,top5+onset80,2,all,4442,0.3876632147681225,0.665240882485367,0.32733003151733453
within_channel,logprob_margin,top5+onset80,2,steps_2_to_5,1312,0.4817073170731707,0.8224085365853658,0.46722560975609756
within_channel,logprob_margin,top5+onset80,2,steps_6_to_10,2308,0.38128249566724437,0.6555459272097054,0.2989601386481802
within_channel,logprob_margin,top5+onset80,2,steps_11_plus,822,0.25547445255474455,0.4416058394160584,0.18369829683698297
within_channel,logprob_margin,top5+top30,2,all,4442,0.4281855020261144,0.6634398919405673,0.37167942368302564
within_channel,logprob_margin,top5+top30,2,steps_2_to_5,1312,0.5472560975609756,0.836890243902439,0.520579268292683
within_channel,logprob_margin,top5+top30,2,steps_6_to_10,2308,0.41594454072790293,0.6499133448873483,0.33925476603119586
within_channel,logprob_margin,top5+top30,2,steps_11_plus,822,0.2725060827250608,0.4245742092457421,0.22506082725060828
within_channel,logprob_margin,top5+std,2,all,4442,0.3820351193156236,0.7023863124718596,0.33993696533093204
within_channel,logprob_margin,top5+std,2,steps_2_to_5,1312,0.5411585365853658,0.8894817073170732,0.5221036585365854
within_channel,logprob_margin,top5+std,2,steps_6_to_10,2308,0.3513864818024263,0.6867417677642981,0.29506065857885616
within_channel,logprob_margin,top5+std,2,steps_11_plus,822,0.2141119221411192,0.44768856447688565,0.17518248175182483
within_channel,logprob_margin,top5+iqr,2,all,4442,0.3809095002251238,0.7057631697433588,0.35727149932462854
within_channel,logprob_margin,top5+iqr,2,steps_2_to_5,1312,0.5297256097560976,0.8948170731707317,0.5350609756097561
within_channel,logprob_margin,top5+iqr,2,steps_6_to_10,2308,0.354419410745234,0.6854419410745234,0.31845753899480067
within_channel,logprob_margin,top5+iqr,2,steps_11_plus,822,0.21776155717761558,0.4610705596107056,0.18248175182481752
within_channel,logprob_margin,top5+frac_above_z,2,all,4442,0.38045925258892394,0.6834759117514633,0.3223773075191355
within_channel,logprob_margin,top5+frac_above_z,2,steps_2_to_5,1312,0.506859756097561,0.8704268292682927,0.5076219512195121
within_channel,logprob_margin,top5+frac_above_z,2,steps_6_to_10,2308,0.36048526863084923,0.6629116117850953,0.2755632582322357
within_channel,logprob_margin,top5+frac_above_z,2,steps_11_plus,822,0.23479318734793186,0.44282238442822386,0.15815085158150852
within_channel,logprob_margin,top5+slope,2,all,4442,0.4203061683926159,0.6945069788383611,0.3212516884286358
within_channel,logprob_margin,top5+slope,2,steps_2_to_5,1312,0.5685975609756098,0.8666158536585366,0.4893292682926829
within_channel,logprob_margin,top5+slope,2,steps_6_to_10,2308,0.3964471403812825,0.6798093587521664,0.2833622183708839
within_channel,logprob_margin,top5+slope,2,steps_11_plus,822,0.25060827250608275,0.4610705596107056,0.15936739659367397
within_channel,logprob_margin,top5+jump,2,all,4442,0.44934714092751016,0.7298514182800541,0.3523187753264295
within_channel,logprob_margin,top5+jump,2,steps_2_to_5,1312,0.5739329268292683,0.8948170731707317,0.5175304878048781
within_channel,logprob_margin,top5+jump,2,steps_6_to_10,2308,0.4311091854419411,0.7162045060658578,0.3210571923743501
within_channel,logprob_margin,top5+jump,2,steps_11_plus,822,0.30170316301703165,0.5048661800486618,0.17639902676399027
within_channel,logprob_margin,top5+q90,2,all,4442,0.385186852769023,0.6776226924808645,0.3280054029716344
within_channel,logprob_margin,top5+q90,2,steps_2_to_5,1312,0.49314024390243905,0.8551829268292683,0.49771341463414637
within_channel,logprob_margin,top5+q90,2,steps_6_to_10,2308,0.37391681109185443,0.6637781629116117,0.29116117850953205
within_channel,logprob_margin,top5+q90,2,steps_11_plus,822,0.24452554744525548,0.43309002433090027,0.16058394160583941
within_channel,logprob_margin,top5+first_token,2,all,4442,0.39329131022062136,0.7172444844664565,0.3656010805943269
within_channel,logprob_margin,top5+first_token,2,steps_2_to_5,1312,0.5182926829268293,0.9077743902439024,0.5365853658536586
within_channel,logprob_margin,top5+first_token,2,steps_6_to_10,2308,0.37694974003466203,0.7027729636048526,0.3297227036395147
within_channel,logprob_margin,top5+first_token,2,steps_11_plus,822,0.2396593673965937,0.4537712895377129,0.19343065693430658
within_channel,logprob_margin,top5+boxcar8_max,2,all,4442,0.41692931112111664,0.6895542548401621,0.3696533093201261
within_channel,logprob_margin,top5+boxcar8_max,2,steps_2_to_5,1312,0.5525914634146342,0.8810975609756098,0.5327743902439024
within_channel,logprob_margin,top5+boxcar8_max,2,steps_6_to_10,2308,0.3951473136915078,0.6663778162911612,0.34228769497400346
within_channel,logprob_margin,top5+boxcar8_max,2,steps_11_plus,822,0.2615571776155718,0.4489051094890511,0.18613138686131386
within_channel,logprob_margin,top5+page_wmax,2,all,4442,0.4180549302116164,0.6904547501125619,0.36672669968482663
within_channel,logprob_margin,top5+page_wmax,2,steps_2_to_5,1312,0.5632621951219512,0.8757621951219512,0.5236280487804879
within_channel,logprob_margin,top5+page_wmax,2,steps_6_to_10,2308,0.389948006932409,0.6694107452339688,0.3379549393414211
within_channel,logprob_margin,top5+page_wmax,2,steps_11_plus,822,0.26520681265206814,0.4537712895377129,0.19708029197080293
within_channel,logprob_margin,top5+peak,6,all,4442,0.6166141377757767,0.8721296713192256,0.5722647456100856
within_channel,logprob_margin,top5+peak,6,steps_2_to_5,1312,0.7621951219512195,0.9702743902439024,0.7477134146341463
within_channel,logprob_margin,top5+peak,6,steps_6_to_10,2308,0.6031195840554593,0.8838821490467937,0.5454939341421143
within_channel,logprob_margin,top5+peak,6,steps_11_plus,822,0.4221411192214112,0.6824817518248175,0.36739659367396593
within_channel,logprob_margin,top5+spread,4,all,4442,0.45767672219720845,0.7910850968032418,0.44687077892841065
within_channel,logprob_margin,top5+spread,4,steps_2_to_5,1312,0.6219512195121951,0.9428353658536586,0.6554878048780488
within_channel,logprob_margin,top5+spread,4,steps_6_to_10,2308,0.4259098786828423,0.7829289428076257,0.4007798960138648
within_channel,logprob_margin,top5+spread,4,steps_11_plus,822,0.2846715328467153,0.5717761557177615,0.24330900243309003
within_channel,logprob_margin,top5+trend,3,all,4442,0.5382710490769923,0.8059432687978388,0.410175596578118
within_channel,logprob_margin,top5+trend,3,steps_2_to_5,1312,0.6890243902439024,0.9397865853658537,0.5952743902439024
within_channel,logprob_margin,top5+trend,3,steps_6_to_10,2308,0.5125649913344887,0.8019930675909879,0.37608318890814557
within_channel,logprob_margin,top5+trend,3,steps_11_plus,822,0.36982968369829683,0.6034063260340633,0.21046228710462286
within_channel,logprob_margin,top5+sequential,4,all,4442,0.5907248986942819,0.8493921656911301,0.524538496172895
within_channel,logprob_margin,top5+sequential,4,steps_2_to_5,1312,0.7515243902439024,0.9657012195121951,0.6966463414634146
within_channel,logprob_margin,top5+sequential,4,steps_6_to_10,2308,0.5619584055459272,0.8474870017331022,0.5
within_channel,logprob_margin,top5+sequential,4,steps_11_plus,822,0.4148418491484185,0.6690997566909975,0.31873479318734793
within_channel,logprob_margin,top5+first_token,2,all,4442,0.39329131022062136,0.7172444844664565,0.3656010805943269
within_channel,logprob_margin,top5+first_token,2,steps_2_to_5,1312,0.5182926829268293,0.9077743902439024,0.5365853658536586
within_channel,logprob_margin,top5+first_token,2,steps_6_to_10,2308,0.37694974003466203,0.7027729636048526,0.3297227036395147
within_channel,logprob_margin,top5+first_token,2,steps_11_plus,822,0.2396593673965937,0.4537712895377129,0.19343065693430658
within_channel,logprob_margin,top5+mean,2,all,4442,0.41467807294011705,0.7008104457451598,0.3329581269698334
within_channel,logprob_margin,top5+mean,2,steps_2_to_5,1312,0.5510670731707317,0.8696646341463414,0.5114329268292683
within_channel,logprob_margin,top5+mean,2,steps_6_to_10,2308,0.3990467937608319,0.6967071057192374,0.2907279029462738
within_channel,logprob_margin,top5+mean,2,steps_11_plus,822,0.24087591240875914,0.44282238442822386,0.16666666666666666
within_channel,logprob_margin,all_readouts,16,all,4442,0.8541197658712292,0.9795137325529041,0.8185502026114363
within_channel,logprob_margin,all_readouts,16,steps_2_to_5,1312,0.9596036585365854,1.0,0.9542682926829268
within_channel,logprob_margin,all_readouts,16,steps_6_to_10,2308,0.8578856152512998,0.9900346620450606,0.8158578856152513
within_channel,logprob_margin,all_readouts,16,steps_11_plus,822,0.6751824817518248,0.9172749391727494,0.6094890510948905
within_channel,true_tail50,top5,1,all,4442,0.2728500675371454,0.524988743809095,0.22264745610085548
within_channel,true_tail50,top5,1,steps_2_to_5,1312,0.3742378048780488,0.7096036585365854,0.33003048780487804
within_channel,true_tail50,top5,1,steps_6_to_10,2308,0.25736568457538994,0.5017331022530329,0.19280762564991336
within_channel,true_tail50,top5,1,steps_11_plus,822,0.15450121654501217,0.2956204379562044,0.13503649635036497
within_channel,true_tail50,top5+top10,2,all,4442,0.29040972534894194,0.5414227825303917,0.24561008554705088
within_channel,true_tail50,top5+top10,2,steps_2_to_5,1312,0.3948170731707317,0.7233231707317073,0.36128048780487804
within_channel,true_tail50,top5+top10,2,steps_6_to_10,2308,0.2755632582322357,0.520363951473137,0.21403812824956672
within_channel,true_tail50,top5+top10,2,steps_11_plus,822,0.1654501216545012,0.3102189781021898,0.14963503649635038
within_channel,true_tail50,top5+max,2,all,4442,0.3003151733453399,0.560333183250788,0.26294461954074744
within_channel,true_tail50,top5+max,2,steps_2_to_5,1312,0.40396341463414637,0.7332317073170732,0.38109756097560976
within_channel,true_tail50,top5+max,2,steps_6_to_10,2308,0.2850953206239168,0.5398613518197574,0.23050259965337955
within_channel,true_tail50,top5+max,2,steps_11_plus,822,0.17761557177615572,0.3418491484184915,0.1654501216545012
within_channel,true_tail50,top5+mean,2,all,4442,0.305042773525439,0.5756416028815848,0.2532642953624493
within_channel,true_tail50,top5+mean,2,steps_2_to_5,1312,0.40777439024390244,0.7416158536585366,0.3589939024390244
within_channel,true_tail50,top5+mean,2,steps_6_to_10,2308,0.2920277296360485,0.5567590987868284,0.22487001733102252
within_channel,true_tail50,top5+mean,2,steps_11_plus,822,0.17761557177615572,0.3637469586374696,0.16423357664233576
within_channel,true_tail50,top5+log_top5,2,all,4442,0.2973885637100405,0.5520036019810896,0.25664115263394865
within_channel,true_tail50,top5+log_top5,2,steps_2_to_5,1312,0.3978658536585366,0.7248475609756098,0.3742378048780488
within_channel,true_tail50,top5+log_top5,2,steps_6_to_10,2308,0.2837954939341421,0.5329289428076257,0.22616984402079723
within_channel,true_tail50,top5+log_top5,2,steps_11_plus,822,0.17518248175182483,0.32968369829683697,0.15450121654501217
within_channel,true_tail50,top5+cusum_top5,2,all,4442,0.40792435839711844,0.6614137775776677,0.32462854570013505
within_channel,true_tail50,top5+cusum_top5,2,steps_2_to_5,1312,0.5358231707317073,0.8399390243902439,0.4458841463414634
within_channel,true_tail50,top5+cusum_top5,2,steps_6_to_10,2308,0.3925476603119584,0.6442807625649913,0.3019930675909879
within_channel,true_tail50,top5+cusum_top5,2,steps_11_plus,822,0.24695863746958638,0.4245742092457421,0.19464720194647203
within_channel,true_tail50,top5+onset80,2,all,4442,0.30076542098153985,0.5580819450697884,0.26046825754164793
within_channel,true_tail50,top5+onset80,2,steps_2_to_5,1312,0.3986280487804878,0.7317073170731707,0.36585365853658536
within_channel,true_tail50,top5+onset80,2,steps_6_to_10,2308,0.287261698440208,0.5385615251299827,0.23353552859618718
within_channel,true_tail50,top5+onset80,2,steps_11_plus,822,0.18248175182481752,0.3357664233576642,0.1678832116788321
within_channel,true_tail50,top5+top30,2,all,4442,0.30346690679873933,0.554930211616389,0.2622692480864475
within_channel,true_tail50,top5+top30,2,steps_2_to_5,1312,0.40777439024390244,0.7324695121951219,0.38490853658536583
within_channel,true_tail50,top5+top30,2,steps_6_to_10,2308,0.29116117850953205,0.5359618717504333,0.23093587521663778
within_channel,true_tail50,top5+top30,2,steps_11_plus,822,0.17153284671532848,0.3248175182481752,0.15450121654501217
within_channel,true_tail50,top5+std,2,all,4442,0.28905898244034217,0.5583070688878884,0.2519135524538496
within_channel,true_tail50,top5+std,2,steps_2_to_5,1312,0.38948170731707316,0.729420731707317,0.36051829268292684
within_channel,true_tail50,top5+std,2,steps_6_to_10,2308,0.27339688041594457,0.5350953206239168,0.2231369150779896
within_channel,true_tail50,top5+std,2,steps_11_plus,822,0.17274939172749393,0.35036496350364965,0.15936739659367397
within_channel,true_tail50,top5+iqr,2,all,4442,0.3619990995047276,0.6364250337685727,0.31427285006753714
within_channel,true_tail50,top5+iqr,2,steps_2_to_5,1312,0.4817073170731707,0.801829268292683,0.44740853658536583
within_channel,true_tail50,top5+iqr,2,steps_6_to_10,2308,0.3492201039861352,0.6291161178509532,0.2833622183708839
within_channel,true_tail50,top5+iqr,2,steps_11_plus,822,0.20681265206812652,0.3929440389294404,0.18856447688564476
within_channel,true_tail50,top5+frac_above_z,2,all,4442,0.36875281404772625,0.6422782530391715,0.3129221071589374
within_channel,true_tail50,top5+frac_above_z,2,steps_2_to_5,1312,0.4878048780487805,0.8079268292682927,0.45960365853658536
within_channel,true_tail50,top5+frac_above_z,2,steps_6_to_10,2308,0.35528596187175043,0.6356152512998267,0.2781629116117851
within_channel,true_tail50,top5+frac_above_z,2,steps_11_plus,822,0.21654501216545013,0.39659367396593675,0.17639902676399027
within_channel,true_tail50,top5+slope,2,all,4442,0.39081494822152185,0.6710941017559657,0.29873930661864023
within_channel,true_tail50,top5+slope,2,steps_2_to_5,1312,0.5190548780487805,0.8300304878048781,0.44664634146341464
within_channel,true_tail50,top5+slope,2,steps_6_to_10,2308,0.37608318890814557,0.6637781629116117,0.25996533795493937
within_channel,true_tail50,top5+slope,2,steps_11_plus,822,0.22749391727493917,0.43795620437956206,0.17153284671532848
within_channel,true_tail50,top5+jump,2,all,4442,0.32620441242683473,0.594777127420081,0.27577667717244486
within_channel,true_tail50,top5+jump,2,steps_2_to_5,1312,0.4382621951219512,0.7621951219512195,0.40853658536585363
within_channel,true_tail50,top5+jump,2,steps_6_to_10,2308,0.3089254766031196,0.5766897746967071,0.2404679376083189
within_channel,true_tail50,top5+jump,2,steps_11_plus,822,0.19586374695863748,0.37834549878345497,0.1630170316301703
within_channel,true_tail50,top5+q90,2,all,4442,0.34939216569113013,0.6303466906798739,0.30616839261593876
within_channel,true_tail50,top5+q90,2,steps_2_to_5,1312,0.46722560975609756,0.7957317073170732,0.4336890243902439
within_channel,true_tail50,top5+q90,2,steps_6_to_10,2308,0.3375216637781629,0.6178509532062392,0.27946273830155977
within_channel,true_tail50,top5+q90,2,steps_11_plus,822,0.19464720194647203,0.40145985401459855,0.17761557177615572
within_channel,true_tail50,top5+first_token,2,all,4442,0.34533993696533094,0.6593876632147682,0.3356596127870329
within_channel,true_tail50,top5+first_token,2,steps_2_to_5,1312,0.4580792682926829,0.8422256097560976,0.4839939024390244
within_channel,true_tail50,top5+first_token,2,steps_6_to_10,2308,0.3310225303292894,0.641681109185442,0.29809358752166376
within_channel,true_tail50,top5+first_token,2,steps_11_plus,822,0.20559610705596107,0.4172749391727494,0.20437956204379562
within_channel,true_tail50,top5+boxcar8_max,2,all,4442,0.2980639351643404,0.5560558307068888,0.2586672669968483
within_channel,true_tail50,top5+boxcar8_max,2,steps_2_to_5,1312,0.4092987804878049,0.7370426829268293,0.3704268292682927
within_channel,true_tail50,top5+boxcar8_max,2,steps_6_to_10,2308,0.2803292894280763,0.5324956672443674,0.22790294627383015
within_channel,true_tail50,top5+boxcar8_max,2,steps_11_plus,822,0.170316301703163,0.3333333333333333,0.16666666666666666
within_channel,true_tail50,top5+page_wmax,2,all,4442,0.3043674020711391,0.5508779828905899,0.26046825754164793
within_channel,true_tail50,top5+page_wmax,2,steps_2_to_5,1312,0.4214939024390244,0.7355182926829268,0.37347560975609756
within_channel,true_tail50,top5+page_wmax,2,steps_6_to_10,2308,0.28422876949740034,0.5251299826689775,0.22876949740034663
within_channel,true_tail50,top5+page_wmax,2,steps_11_plus,822,0.17396593673965938,0.3284671532846715,0.16909975669099755
within_channel,true_tail50,top5+peak,7,all,4442,0.4034218820351193,0.6740207113912652,0.38316073840612336
within_channel,true_tail50,top5+peak,7,steps_2_to_5,1312,0.5259146341463414,0.8262195121951219,0.520579268292683
within_channel,true_tail50,top5+peak,7,steps_6_to_10,2308,0.3934142114384749,0.665944540727903,0.3548526863084922
within_channel,true_tail50,top5+peak,7,steps_11_plus,822,0.2360097323600973,0.4537712895377129,0.24330900243309003
within_channel,true_tail50,top5+spread,4,all,4442,0.40027014858171994,0.679648806843764,0.37010355695632596
within_channel,true_tail50,top5+spread,4,steps_2_to_5,1312,0.5137195121951219,0.8292682926829268,0.5114329268292683
within_channel,true_tail50,top5+spread,4,steps_6_to_10,2308,0.3921143847487002,0.6733102253032929,0.3401213171577123
within_channel,true_tail50,top5+spread,4,steps_11_plus,822,0.24209245742092458,0.4586374695863747,0.22871046228710462
within_channel,true_tail50,top5+trend,3,all,4442,0.4259342638451148,0.7064385411976587,0.3403872129671319
within_channel,true_tail50,top5+trend,3,steps_2_to_5,1312,0.555640243902439,0.850609756097561,0.5076219512195121
within_channel,true_tail50,top5+trend,3,steps_6_to_10,2308,0.4120450606585789,0.7036395147313691,0.2972270363951473
within_channel,true_tail50,top5+trend,3,steps_11_plus,822,0.25790754257907544,0.48418491484184917,0.19464720194647203
within_channel,true_tail50,top5+sequential,4,all,4442,0.44169293111211166,0.6837010355695633,0.36920306168392614
within_channel,true_tail50,top5+sequential,4,steps_2_to_5,1312,0.5655487804878049,0.8467987804878049,0.49314024390243905
within_channel,true_tail50,top5+sequential,4,steps_6_to_10,2308,0.42807625649913345,0.669844020797227,0.34358752166377815
within_channel,true_tail50,top5+sequential,4,steps_11_plus,822,0.2822384428223844,0.46228710462287104,0.24330900243309003
within_channel,true_tail50,top5+first_token,2,all,4442,0.34533993696533094,0.6593876632147682,0.3356596127870329
within_channel,true_tail50,top5+first_token,2,steps_2_to_5,1312,0.4580792682926829,0.8422256097560976,0.4839939024390244
within_channel,true_tail50,top5+first_token,2,steps_6_to_10,2308,0.3310225303292894,0.641681109185442,0.29809358752166376
within_channel,true_tail50,top5+first_token,2,steps_11_plus,822,0.20559610705596107,0.4172749391727494,0.20437956204379562
within_channel,true_tail50,top5+mean,2,all,4442,0.305042773525439,0.5756416028815848,0.2532642953624493
within_channel,true_tail50,top5+mean,2,steps_2_to_5,1312,0.40777439024390244,0.7416158536585366,0.3589939024390244
within_channel,true_tail50,top5+mean,2,steps_6_to_10,2308,0.2920277296360485,0.5567590987868284,0.22487001733102252
within_channel,true_tail50,top5+mean,2,steps_11_plus,822,0.17761557177615572,0.3637469586374696,0.16423357664233576
within_channel,true_tail50,all_readouts,17,all,4442,0.6431787483115714,0.8678523187753264,0.6240432237730752
within_channel,true_tail50,all_readouts,17,steps_2_to_5,1312,0.7774390243902439,0.9649390243902439,0.7865853658536586
within_channel,true_tail50,all_readouts,17,steps_6_to_10,2308,0.6408145580589255,0.8747833622183708,0.6031195840554593
within_channel,true_tail50,all_readouts,17,steps_11_plus,822,0.43552311435523117,0.6934306569343066,0.4233576642335766
within_channel,energy_level,top5,1,all,4442,0.2514633048176497,0.4909950472760018,0.23863124718595227
within_channel,energy_level,top5,1,steps_2_to_5,1312,0.3513719512195122,0.7035060975609756,0.3711890243902439
within_channel,energy_level,top5,1,steps_6_to_10,2308,0.23310225303292895,0.4493067590987868,0.20797227036395147
within_channel,energy_level,top5,1,steps_11_plus,822,0.1435523114355231,0.2688564476885645,0.11313868613138686
within_channel,energy_level,top5+top10,2,all,4442,0.29558757316524087,0.5371454299864926,0.29986492570914003
within_channel,energy_level,top5+top10,2,steps_2_to_5,1312,0.3932926829268293,0.7400914634146342,0.43978658536585363
within_channel,energy_level,top5+top10,2,steps_6_to_10,2308,0.28162911611785096,0.5043327556325823,0.2699306759098787
within_channel,energy_level,top5+top10,2,steps_11_plus,822,0.17883211678832117,0.305352798053528,0.16058394160583941
within_channel,energy_level,top5+max,2,all,4442,0.30324178298063936,0.5616839261593877,0.3124718595227375
within_channel,energy_level,top5+max,2,steps_2_to_5,1312,0.4070121951219512,0.7522865853658537,0.46189024390243905
within_channel,energy_level,top5+max,2,steps_6_to_10,2308,0.2902946273830156,0.5320623916811091,0.2833622183708839
within_channel,energy_level,top5+max,2,steps_11_plus,822,0.17396593673965938,0.340632603406326,0.15571776155717762
within_channel,energy_level,top5+mean,2,all,4442,0.32170193606483566,0.5886987843313822,0.32282755515533545
within_channel,energy_level,top5+mean,2,steps_2_to_5,1312,0.42835365853658536,0.7896341463414634,0.49390243902439024
within_channel,energy_level,top5+mean,2,steps_6_to_10,2308,0.3093587521663778,0.5563258232235702,0.2876949740034662
within_channel,energy_level,top5+mean,2,steps_11_plus,822,0.18613138686131386,0.3588807785888078,0.14841849148418493
within_channel,energy_level,top5+log_top5,2,all,4442,0.39081494822152185,0.7156686177397569,0.37167942368302564
within_channel,energy_level,top5+log_top5,2,steps_2_to_5,1312,0.5571646341463414,0.8932926829268293,0.5358231707317073
within_channel,energy_level,top5+log_top5,2,steps_6_to_10,2308,0.36048526863084923,0.7105719237435009,0.341421143847487
within_channel,energy_level,top5+log_top5,2,steps_11_plus,822,0.21046228710462286,0.4464720194647202,0.19464720194647203
within_channel,energy_level,top5+cusum_top5,2,all,4442,0.4570013507429086,0.7631697433588474,0.37775776677172446
within_channel,energy_level,top5+cusum_top5,2,steps_2_to_5,1312,0.6371951219512195,0.9352134146341463,0.5670731707317073
within_channel,energy_level,top5+cusum_top5,2,steps_6_to_10,2308,0.42157712305025996,0.7491334488734835,0.3375216637781629
within_channel,energy_level,top5+cusum_top5,2,steps_11_plus,822,0.2688564476885645,0.5279805352798054,0.18856447688564476
within_channel,energy_level,top5+onset80,2,all,4442,0.35704637550652857,0.6161638901395767,0.3169743358847366
within_channel,energy_level,top5+onset80,2,steps_2_to_5,1312,0.4405487804878049,0.7713414634146342,0.4451219512195122
within_channel,energy_level,top5+onset80,2,steps_6_to_10,2308,0.35225303292894283,0.5931542461005199,0.2915944540727903
within_channel,energy_level,top5+onset80,2,steps_11_plus,822,0.23722627737226276,0.43309002433090027,0.18369829683698297
within_channel,energy_level,top5+top30,2,all,4442,0.34376407023863126,0.579918955425484,0.35974786132372805
within_channel,energy_level,top5+top30,2,steps_2_to_5,1312,0.45884146341463417,0.7934451219512195,0.5160060975609756
within_channel,energy_level,top5+top30,2,steps_6_to_10,2308,0.3253899480069324,0.5433275563258232,0.3245233968804159
within_channel,energy_level,top5+top30,2,steps_11_plus,822,0.2116788321167883,0.3418491484184915,0.20924574209245742
within_channel,energy_level,top5+std,2,all,4442,0.3644754615038271,0.7037370553804593,0.3320576316974336
within_channel,energy_level,top5+std,2,steps_2_to_5,1312,0.5282012195121951,0.881859756097561,0.5015243902439024
within_channel,energy_level,top5+std,2,steps_6_to_10,2308,0.33362218370883884,0.6993067590987868,0.2993934142114385
within_channel,energy_level,top5+std,2,steps_11_plus,822,0.1897810218978102,0.4318734793187348,0.15328467153284672
within_channel,energy_level,top5+iqr,2,all,4442,0.37122917604682576,0.715443493921657,0.3379108509680324
within_channel,energy_level,top5+iqr,2,steps_2_to_5,1312,0.5251524390243902,0.8925304878048781,0.5121951219512195
within_channel,energy_level,top5+iqr,2,steps_6_to_10,2308,0.3401213171577123,0.7045060658578857,0.30155979202772965
within_channel,energy_level,top5+iqr,2,steps_11_plus,822,0.21289537712895376,0.4635036496350365,0.16180048661800486
within_channel,energy_level,top5+frac_above_z,2,all,4442,0.31539846915803693,0.5754164790634849,0.314948221521837
within_channel,energy_level,top5+frac_above_z,2,steps_2_to_5,1312,0.42759146341463417,0.7728658536585366,0.4771341463414634
within_channel,energy_level,top5+frac_above_z,2,steps_6_to_10,2308,0.2989601386481802,0.5459272097053726,0.27989601386481805
within_channel,energy_level,top5+frac_above_z,2,steps_11_plus,822,0.18248175182481752,0.34306569343065696,0.15450121654501217
within_channel,energy_level,top5+slope,2,all,4442,0.37820801440792434,0.6782980639351643,0.3194506978838361
within_channel,energy_level,top5+slope,2,steps_2_to_5,1312,0.5251524390243902,0.8666158536585366,0.4878048780487805
within_channel,energy_level,top5+slope,2,steps_6_to_10,2308,0.35051993067590986,0.662478336221837,0.2837954939341421
within_channel,energy_level,top5+slope,2,steps_11_plus,822,0.22141119221411193,0.4221411192214112,0.15085158150851583
within_channel,energy_level,top5+jump,2,all,4442,0.4308869878433138,0.7480864475461504,0.3421882035119316
within_channel,energy_level,top5+jump,2,steps_2_to_5,1312,0.5396341463414634,0.9009146341463414,0.5053353658536586
within_channel,energy_level,top5+jump,2,steps_6_to_10,2308,0.4150779896013865,0.7391681109185442,0.31152512998266896
within_channel,energy_level,top5+jump,2,steps_11_plus,822,0.30170316301703165,0.5291970802919708,0.1678832116788321
within_channel,energy_level,top5+q90,2,all,4442,0.31022062134173795,0.5677622692480865,0.3129221071589374
within_channel,energy_level,top5+q90,2,steps_2_to_5,1312,0.4184451219512195,0.774390243902439,0.4733231707317073
within_channel,energy_level,top5+q90,2,steps_6_to_10,2308,0.2967937608318891,0.5346620450606586,0.27946273830155977
within_channel,energy_level,top5+q90,2,steps_11_plus,822,0.17518248175182483,0.3309002433090024,0.15085158150851583
within_channel,energy_level,top5+first_token,2,all,4442,0.3160738406123368,0.6166141377757767,0.35029266096352996
within_channel,energy_level,top5+first_token,2,steps_2_to_5,1312,0.4344512195121951,0.8323170731707317,0.5190548780487805
within_channel,energy_level,top5+first_token,2,steps_6_to_10,2308,0.292894280762565,0.5831889081455806,0.31152512998266896
within_channel,energy_level,top5+first_token,2,steps_11_plus,822,0.1922141119221411,0.3661800486618005,0.1897810218978102
within_channel,energy_level,top5+boxcar8_max,2,all,4442,0.33070688878883386,0.5733903647005854,0.34984241332733
within_channel,energy_level,top5+boxcar8_max,2,steps_2_to_5,1312,0.4413109756097561,0.774390243902439,0.5198170731707317
within_channel,energy_level,top5+boxcar8_max,2,steps_6_to_10,2308,0.317157712305026,0.5450606585788561,0.31499133448873484
within_channel,energy_level,top5+boxcar8_max,2,steps_11_plus,822,0.1922141119221411,0.33211678832116787,0.17639902676399027
within_channel,energy_level,top5+page_wmax,2,all,4442,0.320126069338136,0.5758667266996849,0.3408374606033318
within_channel,energy_level,top5+page_wmax,2,steps_2_to_5,1312,0.43902439024390244,0.7766768292682927,0.5015243902439024
within_channel,energy_level,top5+page_wmax,2,steps_6_to_10,2308,0.3011265164644714,0.541161178509532,0.3050259965337955
within_channel,energy_level,top5+page_wmax,2,steps_11_plus,822,0.18369829683698297,0.35279805352798055,0.18491484184914841
within_channel,energy_level,top5+peak,7,all,4442,0.5547050877982891,0.8277802791535345,0.585321927059883
within_channel,energy_level,top5+peak,7,steps_2_to_5,1312,0.7172256097560976,0.9588414634146342,0.7614329268292683
within_channel,energy_level,top5+peak,7,steps_6_to_10,2308,0.5389948006932409,0.8409878682842288,0.5593587521663779
within_channel,energy_level,top5+peak,7,steps_11_plus,822,0.33941605839416056,0.5815085158150851,0.3771289537712895
within_channel,energy_level,top5+spread,4,all,4442,0.4644304367402071,0.7982890589824403,0.44709590274651057
within_channel,energy_level,top5+spread,4,steps_2_to_5,1312,0.6402439024390244,0.9458841463414634,0.6554878048780488
within_channel,energy_level,top5+spread,4,steps_6_to_10,2308,0.4354419410745234,0.798526863084922,0.408578856152513
within_channel,energy_level,top5+spread,4,steps_11_plus,822,0.26520681265206814,0.5620437956204379,0.22262773722627738
within_channel,energy_level,top5+trend,3,all,4442,0.5270148581719946,0.8196758217019361,0.4090499774876182
within_channel,energy_level,top5+trend,3,steps_2_to_5,1312,0.676829268292683,0.9512195121951219,0.5975609756097561
within_channel,energy_level,top5+trend,3,steps_6_to_10,2308,0.5004332755632582,0.8197573656845754,0.3747833622183709
within_channel,energy_level,top5+trend,3,steps_11_plus,822,0.36253041362530414,0.6094890510948905,0.20437956204379562
within_channel,energy_level,top5+sequential,4,all,4442,0.5691130121566862,0.834759117514633,0.49414678072940116
within_channel,energy_level,top5+sequential,4,steps_2_to_5,1312,0.7278963414634146,0.9542682926829268,0.666920731707317
within_channel,energy_level,top5+sequential,4,steps_6_to_10,2308,0.5511265164644714,0.834055459272097,0.46360485268630847
within_channel,energy_level,top5+sequential,4,steps_11_plus,822,0.3661800486618005,0.6459854014598541,0.30413625304136255
within_channel,energy_level,top5+first_token,2,all,4442,0.3160738406123368,0.6166141377757767,0.35029266096352996
within_channel,energy_level,top5+first_token,2,steps_2_to_5,1312,0.4344512195121951,0.8323170731707317,0.5190548780487805
within_channel,energy_level,top5+first_token,2,steps_6_to_10,2308,0.292894280762565,0.5831889081455806,0.31152512998266896
within_channel,energy_level,top5+first_token,2,steps_11_plus,822,0.1922141119221411,0.3661800486618005,0.1897810218978102
within_channel,energy_level,top5+mean,2,all,4442,0.32170193606483566,0.5886987843313822,0.32282755515533545
within_channel,energy_level,top5+mean,2,steps_2_to_5,1312,0.42835365853658536,0.7896341463414634,0.49390243902439024
within_channel,energy_level,top5+mean,2,steps_6_to_10,2308,0.3093587521663778,0.5563258232235702,0.2876949740034662
within_channel,energy_level,top5+mean,2,steps_11_plus,822,0.18613138686131386,0.3588807785888078,0.14841849148418493
within_channel,energy_level,all_readouts,17,all,4442,0.8397118415128321,0.9732102656461054,0.8081945069788383
within_channel,energy_level,all_readouts,17,steps_2_to_5,1312,0.9557926829268293,1.0,0.944359756097561
within_channel,energy_level,all_readouts,17,steps_6_to_10,2308,0.8379549393414212,0.9852686308492201,0.8050259965337955
within_channel,energy_level,all_readouts,17,steps_11_plus,822,0.6593673965936739,0.8965936739659367,0.5997566909975669
within_channel,energy_innovation,top5,1,all,4442,0.15983791085096805,0.4459702836560108,0.2334533993696533
within_channel,energy_innovation,top5,1,steps_2_to_5,1312,0.26753048780487804,0.6844512195121951,0.3399390243902439
within_channel,energy_innovation,top5,1,steps_6_to_10,2308,0.13474870017331023,0.39991334488734837,0.207105719237435
within_channel,energy_innovation,top5,1,steps_11_plus,822,0.058394160583941604,0.19464720194647203,0.13746958637469586
within_channel,energy_innovation,top5+top10,2,all,4442,0.18437640702386313,0.48244034218820353,0.28230526789734356
within_channel,energy_innovation,top5+top10,2,steps_2_to_5,1312,0.3041158536585366,0.7195121951219512,0.4032012195121951
within_channel,energy_innovation,top5+top10,2,steps_6_to_10,2308,0.15684575389948008,0.43847487001733104,0.25
within_channel,energy_innovation,top5+top10,2,steps_11_plus,822,0.0705596107055961,0.22749391727493917,0.18004866180048662
within_channel,energy_innovation,top5+max,2,all,4442,0.2161188653759568,0.5330932012606934,0.31269698334083745
within_channel,energy_innovation,top5+max,2,steps_2_to_5,1312,0.3429878048780488,0.7652439024390244,0.44435975609756095
within_channel,energy_innovation,top5+max,2,steps_6_to_10,2308,0.18847487001733101,0.4913344887348354,0.2850953206239168
within_channel,energy_innovation,top5+max,2,steps_11_plus,822,0.09124087591240876,0.2798053527980535,0.18004866180048662
within_channel,energy_innovation,top5+mean,2,all,4442,0.18865375956776226,0.5466006303466907,0.305042773525439
within_channel,energy_innovation,top5+mean,2,steps_2_to_5,1312,0.3048780487804878,0.7660060975609756,0.43521341463414637
within_channel,energy_innovation,top5+mean,2,steps_6_to_10,2308,0.16204506065857885,0.5177642980935875,0.2755632582322357
within_channel,energy_innovation,top5+mean,2,steps_11_plus,822,0.07785888077858881,0.2773722627737226,0.18004866180048662
within_channel,energy_innovation,top5+log_top5,2,all,4442,0.25011256190904996,0.5691130121566862,0.32778027915353447
within_channel,energy_innovation,top5+log_top5,2,steps_2_to_5,1312,0.39176829268292684,0.7865853658536586,0.4634146341463415
within_channel,energy_innovation,top5+log_top5,2,steps_6_to_10,2308,0.22227036395147315,0.5359618717504333,0.2989601386481802
within_channel,energy_innovation,top5+log_top5,2,steps_11_plus,822,0.10218978102189781,0.3150851581508516,0.1922141119221411
within_channel,energy_innovation,top5+cusum_top5,2,all,4442,0.29468707789284104,0.6517334533993696,0.37685727149932463
within_channel,energy_innovation,top5+cusum_top5,2,steps_2_to_5,1312,0.44740853658536583,0.8551829268292683,0.5365853658536586
within_channel,energy_innovation,top5+cusum_top5,2,steps_6_to_10,2308,0.26299826689774697,0.6169844020797227,0.3444540727902946
within_channel,energy_innovation,top5+cusum_top5,2,steps_11_plus,822,0.13990267639902676,0.4245742092457421,0.21289537712895376
within_channel,energy_innovation,top5+onset80,2,all,4442,0.1924808644754615,0.49662314272850067,0.3003151733453399
within_channel,energy_innovation,top5+onset80,2,steps_2_to_5,1312,0.3018292682926829,0.7225609756097561,0.4070121951219512
within_channel,energy_innovation,top5+onset80,2,steps_6_to_10,2308,0.16854419410745233,0.45190641247833624,0.2803292894280763
within_channel,energy_innovation,top5+onset80,2,steps_11_plus,822,0.0851581508515815,0.2615571776155718,0.18613138686131386
within_channel,energy_innovation,top5+top30,2,all,4442,0.21229176046825754,0.5216118865375957,0.3356596127870329
within_channel,energy_innovation,top5+top30,2,steps_2_to_5,1312,0.34527439024390244,0.7583841463414634,0.4641768292682927
within_channel,energy_innovation,top5+top30,2,steps_6_to_10,2308,0.18067590987868284,0.4809358752166378,0.3076256499133449
within_channel,energy_innovation,top5+top30,2,steps_11_plus,822,0.08880778588807786,0.25790754257907544,0.20924574209245742
within_channel,energy_innovation,top5+std,2,all,4442,0.20666366501575867,0.5310670868977938,0.28883385862224226
within_channel,energy_innovation,top5+std,2,steps_2_to_5,1312,0.3361280487804878,0.7515243902439024,0.4192073170731707
within_channel,energy_innovation,top5+std,2,steps_6_to_10,2308,0.17374350086655113,0.49263431542461006,0.25736568457538994
within_channel,energy_innovation,top5+std,2,steps_11_plus,822,0.09245742092457421,0.2871046228710462,0.16909975669099755
within_channel,energy_innovation,top5+iqr,2,all,4442,0.24110760918505178,0.5812696983340837,0.33070688878883386
within_channel,energy_innovation,top5+iqr,2,steps_2_to_5,1312,0.37652439024390244,0.8086890243902439,0.4725609756097561
within_channel,energy_innovation,top5+iqr,2,steps_6_to_10,2308,0.20623916811091855,0.5381282495667244,0.29766031195840553
within_channel,energy_innovation,top5+iqr,2,steps_11_plus,822,0.12287104622871046,0.33941605839416056,0.19708029197080293
within_channel,energy_innovation,top5+frac_above_z,2,all,4442,0.19518235029266096,0.5461503827104908,0.3210265646105358
within_channel,energy_innovation,top5+frac_above_z,2,steps_2_to_5,1312,0.3201219512195122,0.7728658536585366,0.4580792682926829
within_channel,energy_innovation,top5+frac_above_z,2,steps_6_to_10,2308,0.1655112651646447,0.5095320623916811,0.29116117850953205
within_channel,energy_innovation,top5+frac_above_z,2,steps_11_plus,822,0.07907542579075426,0.2871046228710462,0.18613138686131386
within_channel,energy_innovation,top5+slope,2,all,4442,0.22962629446195407,0.6494822152183701,0.3160738406123368
within_channel,energy_innovation,top5+slope,2,steps_2_to_5,1312,0.3955792682926829,0.864329268292683,0.48323170731707316
within_channel,energy_innovation,top5+slope,2,steps_6_to_10,2308,0.1854419410745234,0.6304159445407279,0.2738301559792028
within_channel,energy_innovation,top5+slope,2,steps_11_plus,822,0.08880778588807786,0.36009732360097324,0.1678832116788321
within_channel,energy_innovation,top5+jump,2,all,4442,0.20778928410625844,0.5886987843313822,0.3165240882485367
within_channel,energy_innovation,top5+jump,2,steps_2_to_5,1312,0.32164634146341464,0.7903963414634146,0.45121951219512196
within_channel,energy_innovation,top5+jump,2,steps_6_to_10,2308,0.18804159445407279,0.5645580589254766,0.285528596187175
within_channel,energy_innovation,top5+jump,2,steps_11_plus,822,0.08150851581508516,0.33454987834549876,0.18856447688564476
within_channel,energy_innovation,top5+q90,2,all,4442,0.19518235029266096,0.5238631247185952,0.3054930211616389
within_channel,energy_innovation,top5+q90,2,steps_2_to_5,1312,0.3254573170731707,0.7583841463414634,0.4382621951219512
within_channel,energy_innovation,top5+q90,2,steps_6_to_10,2308,0.16247833622183708,0.4852686308492201,0.27599653379549394
within_channel,energy_innovation,top5+q90,2,steps_11_plus,822,0.07907542579075426,0.25790754257907544,0.17639902676399027
within_channel,energy_innovation,top5+first_token,2,all,4442,0.22039621791985592,0.5378208014407925,0.33746060333183253
within_channel,energy_innovation,top5+first_token,2,steps_2_to_5,1312,0.36890243902439024,0.7873475609756098,0.4771341463414634
within_channel,energy_innovation,top5+first_token,2,steps_6_to_10,2308,0.18110918544194107,0.49090121317157714,0.31022530329289427
within_channel,energy_innovation,top5+first_token,2,steps_11_plus,822,0.09367396593673966,0.2712895377128954,0.19099756690997566
within_channel,energy_innovation,top5+boxcar8_max,2,all,4442,0.2059882935614588,0.5193606483565961,0.32035119315623595
within_channel,energy_innovation,top5+boxcar8_max,2,steps_2_to_5,1312,0.33003048780487804,0.7355182926829268,0.4535060975609756
within_channel,energy_innovation,top5+boxcar8_max,2,steps_6_to_10,2308,0.17677642980935876,0.481369150779896,0.2907279029462738
within_channel,energy_innovation,top5+boxcar8_max,2,steps_11_plus,822,0.09002433090024331,0.28102189781021897,0.19099756690997566
within_channel,energy_innovation,top5+page_wmax,2,all,4442,0.2113912651958577,0.5355695632597929,0.3115713642503377
within_channel,energy_innovation,top5+page_wmax,2,steps_2_to_5,1312,0.3407012195121951,0.7522865853658537,0.4382621951219512
within_channel,energy_innovation,top5+page_wmax,2,steps_6_to_10,2308,0.17807625649913345,0.4935008665511265,0.28596187175043325
within_channel,energy_innovation,top5+page_wmax,2,steps_11_plus,822,0.09854014598540146,0.3077858880778589,0.18126520681265207
within_channel,energy_innovation,top5+peak,7,all,4442,0.35321927059882935,0.7019360648356596,0.5294912201710941
within_channel,energy_innovation,top5+peak,7,steps_2_to_5,1312,0.5266768292682927,0.8765243902439024,0.6920731707317073
within_channel,energy_innovation,top5+peak,7,steps_6_to_10,2308,0.317157712305026,0.6850086655112652,0.5012998266897747
within_channel,energy_innovation,top5+peak,7,steps_11_plus,822,0.17761557177615572,0.4708029197080292,0.3491484184914842
within_channel,energy_innovation,top5+spread,4,all,4442,0.2766771724448447,0.6483565961278703,0.39981990094552006
within_channel,energy_innovation,top5+spread,4,steps_2_to_5,1312,0.42835365853658536,0.8551829268292683,0.5503048780487805
within_channel,energy_innovation,top5+spread,4,steps_6_to_10,2308,0.23700173310225303,0.6113518197573656,0.3700173310225303
within_channel,energy_innovation,top5+spread,4,steps_11_plus,822,0.145985401459854,0.4221411192214112,0.24330900243309003
within_channel,energy_innovation,top5+trend,3,all,4442,0.27172444844664567,0.7309770373705538,0.3854119765871229
within_channel,energy_innovation,top5+trend,3,steps_2_to_5,1312,0.4367378048780488,0.899390243902439,0.5632621951219512
within_channel,energy_innovation,top5+trend,3,steps_6_to_10,2308,0.23526863084922012,0.7287694974003466,0.34488734835355284
within_channel,energy_innovation,top5+trend,3,steps_11_plus,822,0.11070559610705596,0.4683698296836983,0.21532846715328466
within_channel,energy_innovation,top5+sequential,4,all,4442,0.34128770823953175,0.7048626744709591,0.4714092751013057
within_channel,energy_innovation,top5+sequential,4,steps_2_to_5,1312,0.49390243902439024,0.881859756097561,0.6272865853658537
within_channel,energy_innovation,top5+sequential,4,steps_6_to_10,2308,0.31022530329289427,0.6694107452339688,0.4493067590987868
within_channel,energy_innovation,top5+sequential,4,steps_11_plus,822,0.18491484184914841,0.5218978102189781,0.2846715328467153
within_channel,energy_innovation,top5+first_token,2,all,4442,0.22039621791985592,0.5378208014407925,0.33746060333183253
within_channel,energy_innovation,top5+first_token,2,steps_2_to_5,1312,0.36890243902439024,0.7873475609756098,0.4771341463414634
within_channel,energy_innovation,top5+first_token,2,steps_6_to_10,2308,0.18110918544194107,0.49090121317157714,0.31022530329289427
within_channel,energy_innovation,top5+first_token,2,steps_11_plus,822,0.09367396593673966,0.2712895377128954,0.19099756690997566
within_channel,energy_innovation,top5+mean,2,all,4442,0.18865375956776226,0.5466006303466907,0.305042773525439
within_channel,energy_innovation,top5+mean,2,steps_2_to_5,1312,0.3048780487804878,0.7660060975609756,0.43521341463414637
within_channel,energy_innovation,top5+mean,2,steps_6_to_10,2308,0.16204506065857885,0.5177642980935875,0.2755632582322357
within_channel,energy_innovation,top5+mean,2,steps_11_plus,822,0.07785888077858881,0.2773722627737226,0.18004866180048662
within_channel,energy_innovation,all_readouts,17,all,4442,0.5508779828905899,0.9076992345790185,0.7559657811796489
within_channel,energy_innovation,all_readouts,17,steps_2_to_5,1312,0.7591463414634146,0.9878048780487805,0.8894817073170732
within_channel,energy_innovation,all_readouts,17,steps_6_to_10,2308,0.5108318890814558,0.9103119584055459,0.7595320623916811
within_channel,energy_innovation,all_readouts,17,steps_11_plus,822,0.3309002433090024,0.7725060827250608,0.5328467153284672
within_channel,top15_turnover,top5,1,all,4442,0.1265195857721747,0.3644754615038271,0.12674470959027465
within_channel,top15_turnover,top5,1,steps_2_to_5,1312,0.23246951219512196,0.6128048780487805,0.2301829268292683
within_channel,top15_turnover,top5,1,steps_6_to_10,2308,0.09012131715771231,0.29116117850953205,0.09098786828422877
within_channel,top15_turnover,top5,1,steps_11_plus,822,0.05961070559610705,0.17396593673965938,0.06204379562043796
within_channel,top15_turnover,top5+mean,2,all,4442,0.2519135524538496,0.6256190904997748,0.2330031517334534
within_channel,top15_turnover,top5+mean,2,steps_2_to_5,1312,0.39176829268292684,0.836890243902439,0.38490853658536583
within_channel,top15_turnover,top5+mean,2,steps_6_to_10,2308,0.22140381282495666,0.5996533795493935,0.1923743500866551
within_channel,top15_turnover,top5+mean,2,steps_11_plus,822,0.11435523114355231,0.3613138686131387,0.10462287104622871
within_channel,top15_turnover,top5+log_top5,2,all,4442,0.28658262044124266,0.6116614137775777,0.2976136875281405
within_channel,top15_turnover,top5+log_top5,2,steps_2_to_5,1312,0.4603658536585366,0.8536585365853658,0.4580792682926829
within_channel,top15_turnover,top5+log_top5,2,steps_6_to_10,2308,0.23960138648180243,0.5723570190641247,0.2586655112651646
within_channel,top15_turnover,top5+log_top5,2,steps_11_plus,822,0.1411192214111922,0.3357664233576642,0.15085158150851583
within_channel,top15_turnover,top5+cusum_top5,2,all,4442,0.3343088698784331,0.6913552453849617,0.32530391715443496
within_channel,top15_turnover,top5+cusum_top5,2,steps_2_to_5,1312,0.5358231707317073,0.9092987804878049,0.5030487804878049
within_channel,top15_turnover,top5+cusum_top5,2,steps_6_to_10,2308,0.274263431542461,0.6650779896013865,0.2820623916811092
within_channel,top15_turnover,top5+cusum_top5,2,steps_11_plus,822,0.18126520681265207,0.4172749391727494,0.1630170316301703
within_channel,top15_turnover,top5+onset80,2,all,4442,0.1265195857721747,0.3644754615038271,0.12674470959027465
within_channel,top15_turnover,top5+onset80,2,steps_2_to_5,1312,0.23246951219512196,0.6128048780487805,0.2301829268292683
within_channel,top15_turnover,top5+onset80,2,steps_6_to_10,2308,0.09012131715771231,0.29116117850953205,0.09098786828422877
within_channel,top15_turnover,top5+onset80,2,steps_11_plus,822,0.05961070559610705,0.17396593673965938,0.06204379562043796
within_channel,top15_turnover,top5+top30,2,all,4442,0.3106708689779379,0.5855470508779829,0.2935614588023413
within_channel,top15_turnover,top5+top30,2,steps_2_to_5,1312,0.44435975609756095,0.7766768292682927,0.4321646341463415
within_channel,top15_turnover,top5+top30,2,steps_6_to_10,2308,0.2751299826689775,0.5550259965337955,0.2538994800693241
within_channel,top15_turnover,top5+top30,2,steps_11_plus,822,0.19708029197080293,0.3661800486618005,0.18369829683698297
within_channel,top15_turnover,top5+std,2,all,4442,0.22692480864475462,0.5718144979738856,0.23908149482215219
within_channel,top15_turnover,top5+std,2,steps_2_to_5,1312,0.37652439024390244,0.8254573170731707,0.3948170731707317
within_channel,top15_turnover,top5+std,2,steps_6_to_10,2308,0.18327556325823224,0.5229636048526863,0.1975736568457539
within_channel,top15_turnover,top5+std,2,steps_11_plus,822,0.11070559610705596,0.30413625304136255,0.1070559610705596
within_channel,top15_turnover,top5+iqr,2,all,4442,0.26069338135974784,0.5920756416028816,0.235029266096353
within_channel,top15_turnover,top5+iqr,2,steps_2_to_5,1312,0.4070121951219512,0.8216463414634146,0.37652439024390244
within_channel,top15_turnover,top5+iqr,2,steps_6_to_10,2308,0.21403812824956672,0.5450606585788561,0.1923743500866551
within_channel,top15_turnover,top5+iqr,2,steps_11_plus,822,0.15815085158150852,0.35766423357664234,0.12895377128953772
within_channel,top15_turnover,top5+slope,2,all,4442,0.19067987393066185,0.5058532192705988,0.2161188653759568
within_channel,top15_turnover,top5+slope,2,steps_2_to_5,1312,0.3125,0.7286585365853658,0.3757621951219512
within_channel,top15_turnover,top5+slope,2,steps_6_to_10,2308,0.1572790294627383,0.4545060658578856,0.16334488734835356
within_channel,top15_turnover,top5+slope,2,steps_11_plus,822,0.09002433090024331,0.2944038929440389,0.10948905109489052
within_channel,top15_turnover,top5+jump,2,all,4442,0.27217469608284556,0.6465556055830707,0.2769022962629446
within_channel,top15_turnover,top5+jump,2,steps_2_to_5,1312,0.43521341463414637,0.8971036585365854,0.4535060975609756
within_channel,top15_turnover,top5+jump,2,steps_6_to_10,2308,0.22833622183708838,0.6039861351819757,0.22530329289428075
within_channel,top15_turnover,top5+jump,2,steps_11_plus,822,0.13503649635036497,0.3661800486618005,0.13990267639902676
within_channel,top15_turnover,top5+boxcar8_max,2,all,4442,0.31539846915803693,0.6481314723097704,0.29063484916704185
within_channel,top15_turnover,top5+boxcar8_max,2,steps_2_to_5,1312,0.4565548780487805,0.836890243902439,0.4367378048780488
within_channel,top15_turnover,top5+boxcar8_max,2,steps_6_to_10,2308,0.27599653379549394,0.6265164644714039,0.2517331022530329
within_channel,top15_turnover,top5+boxcar8_max,2,steps_11_plus,822,0.20072992700729927,0.4075425790754258,0.16666666666666666
within_channel,top15_turnover,top5+page_wmax,2,all,4442,0.30774425934263844,0.659837910850968,0.28635749662314275
within_channel,top15_turnover,top5+page_wmax,2,steps_2_to_5,1312,0.4641768292682927,0.8620426829268293,0.4329268292682927
within_channel,top15_turnover,top5+page_wmax,2,steps_6_to_10,2308,0.2738301559792028,0.6429809358752167,0.24870017331022531
within_channel,top15_turnover,top5+page_wmax,2,steps_11_plus,822,0.15328467153284672,0.3844282238442822,0.15815085158150852
within_channel,top15_turnover,top5+peak,4,all,4442,0.5261143628995948,0.8331832507879333,0.4961728950923008
within_channel,top15_turnover,top5+peak,4,steps_2_to_5,1312,0.6928353658536586,0.9435975609756098,0.6707317073170732
within_channel,top15_turnover,top5+peak,4,steps_6_to_10,2308,0.4891681109185442,0.8453206239168111,0.4597053726169844
within_channel,top15_turnover,top5+peak,4,steps_11_plus,822,0.3637469586374696,0.6228710462287105,0.3199513381995134
within_channel,top15_turnover,top5+spread,3,all,4442,0.3045925258892391,0.6643403872129672,0.31517334533993696
within_channel,top15_turnover,top5+spread,3,steps_2_to_5,1312,0.4679878048780488,0.8841463414634146,0.4878048780487805
within_channel,top15_turnover,top5+spread,3,steps_6_to_10,2308,0.2564991334488735,0.6291161178509532,0.26949740034662045
within_channel,top15_turnover,top5+spread,3,steps_11_plus,822,0.17883211678832117,0.4124087591240876,0.1678832116788321
within_channel,top15_turnover,top5+trend,3,all,4442,0.3183250787933363,0.7111661413777578,0.3496172895092301
within_channel,top15_turnover,top5+trend,3,steps_2_to_5,1312,0.4847560975609756,0.9222560975609756,0.5617378048780488
within_channel,top15_turnover,top5+trend,3,steps_6_to_10,2308,0.27989601386481805,0.6811091854419411,0.287261698440208
within_channel,top15_turnover,top5+trend,3,steps_11_plus,822,0.16058394160583941,0.4586374695863747,0.18613138686131386
within_channel,top15_turnover,top5+sequential,4,all,4442,0.4554254840162089,0.8131472309770373,0.43291310220621343
within_channel,top15_turnover,top5+sequential,4,steps_2_to_5,1312,0.6585365853658537,0.9565548780487805,0.6150914634146342
within_channel,top15_turnover,top5+sequential,4,steps_6_to_10,2308,0.40771230502599654,0.8201906412478336,0.39601386481802425
within_channel,top15_turnover,top5+sequential,4,steps_11_plus,822,0.26520681265206814,0.5644768856447688,0.24574209245742093
within_channel,top15_turnover,top5+first_token,1,all,4442,0.1265195857721747,0.3644754615038271,0.12674470959027465
within_channel,top15_turnover,top5+first_token,1,steps_2_to_5,1312,0.23246951219512196,0.6128048780487805,0.2301829268292683
within_channel,top15_turnover,top5+first_token,1,steps_6_to_10,2308,0.09012131715771231,0.29116117850953205,0.09098786828422877
within_channel,top15_turnover,top5+first_token,1,steps_11_plus,822,0.05961070559610705,0.17396593673965938,0.06204379562043796
within_channel,top15_turnover,top5+mean,2,all,4442,0.2519135524538496,0.6256190904997748,0.2330031517334534
within_channel,top15_turnover,top5+mean,2,steps_2_to_5,1312,0.39176829268292684,0.836890243902439,0.38490853658536583
within_channel,top15_turnover,top5+mean,2,steps_6_to_10,2308,0.22140381282495666,0.5996533795493935,0.1923743500866551
within_channel,top15_turnover,top5+mean,2,steps_11_plus,822,0.11435523114355231,0.3613138686131387,0.10462287104622871
within_channel,top15_turnover,all_readouts,11,all,4442,0.7719495722647456,0.970058532192706,0.7564160288158487
within_channel,top15_turnover,all_readouts,11,steps_2_to_5,1312,0.9092987804878049,0.9992378048780488,0.9207317073170732
within_channel,top15_turnover,all_readouts,11,steps_6_to_10,2308,0.7586655112651647,0.9809358752166378,0.737001733102253
within_channel,top15_turnover,all_readouts,11,steps_11_plus,822,0.5900243309002433,0.8929440389294404,0.5486618004866181
within_channel,top50_js,top5,1,all,4442,0.12877082395317424,0.37370553804592527,0.13687528140477262
within_channel,top50_js,top5,1,steps_2_to_5,1312,0.2263719512195122,0.6105182926829268,0.24314024390243902
within_channel,top50_js,top5,1,steps_6_to_10,2308,0.09618717504332755,0.30675909878682844,0.10268630849220103
within_channel,top50_js,top5,1,steps_11_plus,822,0.06447688564476886,0.18369829683698297,0.06326034063260341
within_channel,top50_js,top5+mean,2,all,4442,0.23683025664115265,0.6224673570463755,0.22737505628095453
within_channel,top50_js,top5+mean,2,steps_2_to_5,1312,0.4260670731707317,0.885670731707317,0.3910060975609756
within_channel,top50_js,top5+mean,2,steps_6_to_10,2308,0.18587521663778164,0.5805892547660312,0.177209705372617
within_channel,top50_js,top5+mean,2,steps_11_plus,822,0.07785888077858881,0.3199513381995134,0.1070559610705596
within_channel,top50_js,top5+log_top5,2,all,4442,0.2030616839261594,0.4889689329131022,0.2978388113462404
within_channel,top50_js,top5+log_top5,2,steps_2_to_5,1312,0.31859756097560976,0.7195121951219512,0.46875
within_channel,top50_js,top5+log_top5,2,steps_6_to_10,2308,0.16941074523396882,0.43630849220103984,0.2603986135181976
within_channel,top50_js,top5+log_top5,2,steps_11_plus,822,0.11313868613138686,0.2688564476885645,0.13017031630170317
within_channel,top50_js,top5+cusum_top5,2,all,4442,0.3194506978838361,0.6706438541197659,0.3291310220621342
within_channel,top50_js,top5+cusum_top5,2,steps_2_to_5,1312,0.4916158536585366,0.8605182926829268,0.5030487804878049
within_channel,top50_js,top5+cusum_top5,2,steps_6_to_10,2308,0.26776429809358754,0.6564124783362218,0.2967937608318891
within_channel,top50_js,top5+cusum_top5,2,steps_11_plus,822,0.1897810218978102,0.4075425790754258,0.14233576642335766
within_channel,top50_js,top5+onset80,2,all,4442,0.1334984241332733,0.3788833858622242,0.14182800540297164
within_channel,top50_js,top5+onset80,2,steps_2_to_5,1312,0.23551829268292682,0.6204268292682927,0.25228658536585363
within_channel,top50_js,top5+onset80,2,steps_6_to_10,2308,0.09965337954939342,0.3106585788561525,0.10528596187175043
within_channel,top50_js,top5+onset80,2,steps_11_plus,822,0.06569343065693431,0.18491484184914841,0.0681265206812652
within_channel,top50_js,top5+top30,2,all,4442,0.23075191355245386,0.5243133723547951,0.3084196307969383
within_channel,top50_js,top5+top30,2,steps_2_to_5,1312,0.37728658536585363,0.760670731707317,0.4573170731707317
within_channel,top50_js,top5+top30,2,steps_6_to_10,2308,0.19280762564991336,0.4770363951473137,0.27772963604852685
within_channel,top50_js,top5+top30,2,steps_11_plus,822,0.10340632603406326,0.2798053527980535,0.15693430656934307
within_channel,top50_js,top5+std,2,all,4442,0.2059882935614588,0.5441242683475912,0.24876181900045025
within_channel,top50_js,top5+std,2,steps_2_to_5,1312,0.3323170731707317,0.7934451219512195,0.4146341463414634
within_channel,top50_js,top5+std,2,steps_6_to_10,2308,0.17244367417677642,0.4913344887348354,0.20927209705372618
within_channel,top50_js,top5+std,2,steps_11_plus,822,0.09854014598540146,0.2944038929440389,0.0948905109489051
within_channel,top50_js,top5+iqr,2,all,4442,0.34016208914903195,0.6695182350292661,0.2568662764520486
within_channel,top50_js,top5+iqr,2,steps_2_to_5,1312,0.510670731707317,0.885670731707317,0.42835365853658536
within_channel,top50_js,top5+iqr,2,steps_6_to_10,2308,0.29332755632582325,0.6442807625649913,0.21143847487001732
within_channel,top50_js,top5+iqr,2,steps_11_plus,822,0.19951338199513383,0.3953771289537713,0.11070559610705596
within_channel,top50_js,top5+slope,2,all,4442,0.18640252138676272,0.5182350292660963,0.23277802791535346
within_channel,top50_js,top5+slope,2,steps_2_to_5,1312,0.3117378048780488,0.7477134146341463,0.3833841463414634
within_channel,top50_js,top5+slope,2,steps_6_to_10,2308,0.14991334488734837,0.46707105719237435,0.18977469670710573
within_channel,top50_js,top5+slope,2,steps_11_plus,822,0.08880778588807786,0.2956204379562044,0.11313868613138686
within_channel,top50_js,top5+jump,2,all,4442,0.28658262044124266,0.6393516434038722,0.2791535344439442
within_channel,top50_js,top5+jump,2,steps_2_to_5,1312,0.48323170731707316,0.8871951219512195,0.45198170731707316
within_channel,top50_js,top5+jump,2,steps_6_to_10,2308,0.2322357019064125,0.6070190641247833,0.23050259965337955
within_channel,top50_js,top5+jump,2,steps_11_plus,822,0.12530413625304138,0.33454987834549876,0.13990267639902676
within_channel,top50_js,top5+boxcar8_max,2,all,4442,0.2140927510130572,0.5459252588923909,0.3081945069788384
within_channel,top50_js,top5+boxcar8_max,2,steps_2_to_5,1312,0.3635670731707317,0.7865853658536586,0.4717987804878049
within_channel,top50_js,top5+boxcar8_max,2,steps_6_to_10,2308,0.17287694974003467,0.4961005199306759,0.27123050259965337
within_channel,top50_js,top5+boxcar8_max,2,steps_11_plus,822,0.09124087591240876,0.30170316301703165,0.15085158150851583
within_channel,top50_js,top5+peak,4,all,4442,0.3367852318775326,0.6764970733903647,0.5063034669067987
within_channel,top50_js,top5+peak,4,steps_2_to_5,1312,0.5060975609756098,0.875,0.6935975609756098
within_channel,top50_js,top5+peak,4,steps_6_to_10,2308,0.30155979202772965,0.6546793760831889,0.48570190641247835
within_channel,top50_js,top5+peak,4,steps_11_plus,822,0.1654501216545012,0.4209245742092457,0.26520681265206814
within_channel,top50_js,top5+spread,3,all,4442,0.38023412877082396,0.7273750562809546,0.33520936515083294
within_channel,top50_js,top5+spread,3,steps_2_to_5,1312,0.5495426829268293,0.9253048780487805,0.5320121951219512
within_channel,top50_js,top5+spread,3,steps_6_to_10,2308,0.3396880415944541,0.7118717504332756,0.2937608318890815
within_channel,top50_js,top5+spread,3,steps_11_plus,822,0.22384428223844283,0.45498783454987834,0.13746958637469586
within_channel,top50_js,top5+trend,3,all,4442,0.33475911751463305,0.7104907699234579,0.3588473660513282
within_channel,top50_js,top5+trend,3,steps_2_to_5,1312,0.551829268292683,0.9230182926829268,0.555640243902439
within_channel,top50_js,top5+trend,3,steps_6_to_10,2308,0.2772963604852686,0.6923743500866552,0.3076256499133449
within_channel,top50_js,top5+trend,3,steps_11_plus,822,0.14963503649635038,0.4221411192214112,0.18856447688564476
within_channel,top50_js,top5+sequential,3,all,4442,0.3223773075191355,0.6735704637550652,0.33340837460603334
within_channel,top50_js,top5+sequential,3,steps_2_to_5,1312,0.4946646341463415,0.8628048780487805,0.5099085365853658
within_channel,top50_js,top5+sequential,3,steps_6_to_10,2308,0.27123050259965337,0.6603119584055459,0.2993934142114385
within_channel,top50_js,top5+sequential,3,steps_11_plus,822,0.19099756690997566,0.40875912408759124,0.14720194647201945
within_channel,top50_js,top5+first_token,1,all,4442,0.12877082395317424,0.37370553804592527,0.13687528140477262
within_channel,top50_js,top5+first_token,1,steps_2_to_5,1312,0.2263719512195122,0.6105182926829268,0.24314024390243902
within_channel,top50_js,top5+first_token,1,steps_6_to_10,2308,0.09618717504332755,0.30675909878682844,0.10268630849220103
within_channel,top50_js,top5+first_token,1,steps_11_plus,822,0.06447688564476886,0.18369829683698297,0.06326034063260341
within_channel,top50_js,top5+mean,2,all,4442,0.23683025664115265,0.6224673570463755,0.22737505628095453
within_channel,top50_js,top5+mean,2,steps_2_to_5,1312,0.4260670731707317,0.885670731707317,0.3910060975609756
within_channel,top50_js,top5+mean,2,steps_6_to_10,2308,0.18587521663778164,0.5805892547660312,0.177209705372617
within_channel,top50_js,top5+mean,2,steps_11_plus,822,0.07785888077858881,0.3199513381995134,0.1070559610705596
within_channel,top50_js,all_readouts,10,all,4442,0.7228725799189554,0.9486717694732103,0.7606933813597478
within_channel,top50_js,all_readouts,10,steps_2_to_5,1312,0.9222560975609756,0.9954268292682927,0.9344512195121951
within_channel,top50_js,all_readouts,10,steps_6_to_10,2308,0.7045060658578857,0.9640381282495667,0.7616984402079723
within_channel,top50_js,all_readouts,10,steps_11_plus,822,0.4562043795620438,0.8309002433090025,0.4805352798053528
within_channel,dominant_freq16,top5,1,all,4442,0.1380009004952724,0.38180999549752365,0.12449347140927511
within_channel,dominant_freq16,top5,1,steps_2_to_5,1312,0.23780487804878048,0.6265243902439024,0.22942073170731708
within_channel,dominant_freq16,top5,1,steps_6_to_10,2308,0.10701906412478336,0.30979202772963604,0.08795493934142114
within_channel,dominant_freq16,top5,1,steps_11_plus,822,0.06569343065693431,0.19343065693430658,0.05961070559610705
within_channel,dominant_freq16,top5+mean,2,all,4442,0.2543899144529491,0.6343989194056732,0.22985141828005404
within_channel,dominant_freq16,top5+mean,2,steps_2_to_5,1312,0.4070121951219512,0.8612804878048781,0.39710365853658536
within_channel,dominant_freq16,top5+mean,2,steps_6_to_10,2308,0.21967071057192375,0.6000866551126517,0.17850953206239167
within_channel,dominant_freq16,top5+mean,2,steps_11_plus,822,0.10827250608272507,0.3686131386861314,0.1070559610705596
within_channel,dominant_freq16,top5+log_top5,2,all,4442,0.289959477712742,0.6325979288608735,0.29941467807294014
within_channel,dominant_freq16,top5+log_top5,2,steps_2_to_5,1312,0.4565548780487805,0.8597560975609756,0.4641768292682927
within_channel,dominant_freq16,top5+log_top5,2,steps_6_to_10,2308,0.25,0.5892547660311959,0.255632582322357
within_channel,dominant_freq16,top5+log_top5,2,steps_11_plus,822,0.1362530413625304,0.39172749391727496,0.15936739659367397
within_channel,dominant_freq16,top5+cusum_top5,2,all,4442,0.32057631697433586,0.6674921206663665,0.320126069338136
within_channel,dominant_freq16,top5+cusum_top5,2,steps_2_to_5,1312,0.5045731707317073,0.8658536585365854,0.5182926829268293
within_channel,dominant_freq16,top5+cusum_top5,2,steps_6_to_10,2308,0.27339688041594457,0.6403812824956673,0.2634315424610052
within_channel,dominant_freq16,top5+cusum_top5,2,steps_11_plus,822,0.15936739659367397,0.42700729927007297,0.1630170316301703
within_channel,dominant_freq16,top5+onset80,2,all,4442,0.13822602431337236,0.38180999549752365,0.12449347140927511
within_channel,dominant_freq16,top5+onset80,2,steps_2_to_5,1312,0.2385670731707317,0.6265243902439024,0.22942073170731708
within_channel,dominant_freq16,top5+onset80,2,steps_6_to_10,2308,0.10701906412478336,0.30979202772963604,0.08795493934142114
within_channel,dominant_freq16,top5+onset80,2,steps_11_plus,822,0.06569343065693431,0.19343065693430658,0.05961070559610705
within_channel,dominant_freq16,top5+top30,2,all,4442,0.2480864475461504,0.5135074290859973,0.24335884736605132
within_channel,dominant_freq16,top5+top30,2,steps_2_to_5,1312,0.3902439024390244,0.7423780487804879,0.3940548780487805
within_channel,dominant_freq16,top5+top30,2,steps_6_to_10,2308,0.2084055459272097,0.4623050259965338,0.19540727902946273
within_channel,dominant_freq16,top5+top30,2,steps_11_plus,822,0.13260340632603407,0.291970802919708,0.13746958637469586
within_channel,dominant_freq16,top5+std,2,all,4442,0.255065285907249,0.6082845565060784,0.2325529040972535
within_channel,dominant_freq16,top5+std,2,steps_2_to_5,1312,0.4192073170731707,0.8513719512195121,0.38490853658536583
within_channel,dominant_freq16,top5+std,2,steps_6_to_10,2308,0.20580589254766032,0.5576256499133448,0.18977469670710573
within_channel,dominant_freq16,top5+std,2,steps_11_plus,822,0.13138686131386862,0.36253041362530414,0.10948905109489052
within_channel,dominant_freq16,top5+iqr,2,all,4442,0.25619090499774877,0.5923007654209815,0.22332282755515534
within_channel,dominant_freq16,top5+iqr,2,steps_2_to_5,1312,0.4092987804878049,0.8292682926829268,0.3551829268292683
within_channel,dominant_freq16,top5+iqr,2,steps_6_to_10,2308,0.21057192374350087,0.5433275563258232,0.18370883882149047
within_channel,dominant_freq16,top5+iqr,2,steps_11_plus,822,0.13990267639902676,0.3515815085158151,0.12408759124087591
within_channel,dominant_freq16,top5+slope,2,all,4442,0.21431787483115713,0.5738406123367852,0.21701936064835659
within_channel,dominant_freq16,top5+slope,2,steps_2_to_5,1312,0.36509146341463417,0.8285060975609756,0.3788109756097561
within_channel,dominant_freq16,top5+slope,2,steps_6_to_10,2308,0.16984402079722705,0.5125649913344887,0.16897746967071056
within_channel,dominant_freq16,top5+slope,2,steps_11_plus,822,0.09854014598540146,0.33941605839416056,0.09367396593673966
within_channel,dominant_freq16,top5+jump,2,all,4442,0.28815848716794235,0.64993246285457,0.2674470959027465
within_channel,dominant_freq16,top5+jump,2,steps_2_to_5,1312,0.4557926829268293,0.9032012195121951,0.4481707317073171
within_channel,dominant_freq16,top5+jump,2,steps_6_to_10,2308,0.24263431542461006,0.5948873483535528,0.2123050259965338
within_channel,dominant_freq16,top5+jump,2,steps_11_plus,822,0.14841849148418493,0.4002433090024331,0.13381995133819952
within_channel,dominant_freq16,top5+first_token,2,all,4442,0.28005402971634397,0.5900495272399819,0.24425934263845114
within_channel,dominant_freq16,top5+first_token,2,steps_2_to_5,1312,0.4367378048780488,0.8262195121951219,0.3864329268292683
within_channel,dominant_freq16,top5+first_token,2,steps_6_to_10,2308,0.2430675909878683,0.5459272097053726,0.20233968804159447
within_channel,dominant_freq16,top5+first_token,2,steps_11_plus,822,0.13381995133819952,0.33698296836982966,0.13503649635036497
within_channel,dominant_freq16,top5+boxcar8_max,2,all,4442,0.24065736154885187,0.5434488968932913,0.28523187753264295
within_channel,dominant_freq16,top5+boxcar8_max,2,steps_2_to_5,1312,0.3597560975609756,0.7454268292682927,0.4504573170731707
within_channel,dominant_freq16,top5+boxcar8_max,2,steps_6_to_10,2308,0.20580589254766032,0.49523396880415943,0.23570190641247835
within_channel,dominant_freq16,top5+boxcar8_max,2,steps_11_plus,822,0.14841849148418493,0.3564476885644769,0.16058394160583941
within_channel,dominant_freq16,top5+page_wmax,2,all,4442,0.32778027915353447,0.6713192255740658,0.28365601080594327
within_channel,dominant_freq16,top5+page_wmax,2,steps_2_to_5,1312,0.49009146341463417,0.8803353658536586,0.4557926829268293
within_channel,dominant_freq16,top5+page_wmax,2,steps_6_to_10,2308,0.28639514731369153,0.652946273830156,0.23180242634315423
within_channel,dominant_freq16,top5+page_wmax,2,steps_11_plus,822,0.18491484184914841,0.38929440389294406,0.15450121654501217
within_channel,dominant_freq16,top5+peak,4,all,4442,0.43291310220621343,0.759567762269248,0.4734353894642053
within_channel,dominant_freq16,top5+peak,4,steps_2_to_5,1312,0.6128048780487805,0.926829268292683,0.6638719512195121
within_channel,dominant_freq16,top5+peak,4,steps_6_to_10,2308,0.3938474870017331,0.7409012131715771,0.4237435008665511
within_channel,dominant_freq16,top5+peak,4,steps_11_plus,822,0.25547445255474455,0.5450121654501217,0.30900243309002434
within_channel,dominant_freq16,top5+spread,3,all,4442,0.29716343989194055,0.6596127870328681,0.2845565060783431
within_channel,dominant_freq16,top5+spread,3,steps_2_to_5,1312,0.4717987804878049,0.885670731707317,0.4458841463414634
within_channel,dominant_freq16,top5+spread,3,steps_6_to_10,2308,0.2448006932409012,0.6161178509532063,0.24133448873483535
within_channel,dominant_freq16,top5+spread,3,steps_11_plus,822,0.1654501216545012,0.4209245742092457,0.14841849148418493
within_channel,dominant_freq16,top5+trend,3,all,4442,0.35074290859972984,0.7402071139126519,0.33723547951373256
within_channel,dominant_freq16,top5+trend,3,steps_2_to_5,1312,0.5541158536585366,0.9535060975609756,0.5495426829268293
within_channel,dominant_freq16,top5+trend,3,steps_6_to_10,2308,0.2967937608318891,0.7062391681109186,0.2785961871750433
within_channel,dominant_freq16,top5+trend,3,steps_11_plus,822,0.17761557177615572,0.4951338199513382,0.1630170316301703
within_channel,dominant_freq16,top5+sequential,4,all,4442,0.45362449347140926,0.7942368302566412,0.4241332733003152
within_channel,dominant_freq16,top5+sequential,4,steps_2_to_5,1312,0.649390243902439,0.9367378048780488,0.6410060975609756
within_channel,dominant_freq16,top5+sequential,4,steps_6_to_10,2308,0.4120450606585789,0.7993934142114385,0.3669844020797227
within_channel,dominant_freq16,top5+sequential,4,steps_11_plus,822,0.25790754257907544,0.5523114355231143,0.2384428223844282
within_channel,dominant_freq16,top5+first_token,2,all,4442,0.28005402971634397,0.5900495272399819,0.24425934263845114
within_channel,dominant_freq16,top5+first_token,2,steps_2_to_5,1312,0.4367378048780488,0.8262195121951219,0.3864329268292683
within_channel,dominant_freq16,top5+first_token,2,steps_6_to_10,2308,0.2430675909878683,0.5459272097053726,0.20233968804159447
within_channel,dominant_freq16,top5+first_token,2,steps_11_plus,822,0.13381995133819952,0.33698296836982966,0.13503649635036497
within_channel,dominant_freq16,top5+mean,2,all,4442,0.2543899144529491,0.6343989194056732,0.22985141828005404
within_channel,dominant_freq16,top5+mean,2,steps_2_to_5,1312,0.4070121951219512,0.8612804878048781,0.39710365853658536
within_channel,dominant_freq16,top5+mean,2,steps_6_to_10,2308,0.21967071057192375,0.6000866551126517,0.17850953206239167
within_channel,dominant_freq16,top5+mean,2,steps_11_plus,822,0.10827250608272507,0.3686131386861314,0.1070559610705596
within_channel,dominant_freq16,all_readouts,12,all,4442,0.7769022962629446,0.9669067987393066,0.7685727149932463
within_channel,dominant_freq16,all_readouts,12,steps_2_to_5,1312,0.9466463414634146,0.9984756097560976,0.9291158536585366
within_channel,dominant_freq16,all_readouts,12,steps_6_to_10,2308,0.7608318890814558,0.9761698440207972,0.75
within_channel,dominant_freq16,all_readouts,12,steps_11_plus,822,0.551094890510949,0.8905109489051095,0.5644768856447688
within_channel,bocpd_p0,top5,1,all,4442,0.2395317424583521,0.475236380009005,0.22489869428185502
within_channel,bocpd_p0,top5,1,steps_2_to_5,1312,0.32698170731707316,0.6882621951219512,0.3239329268292683
within_channel,bocpd_p0,top5,1,steps_6_to_10,2308,0.22616984402079723,0.427209705372617,0.20320623916811092
within_channel,bocpd_p0,top5,1,steps_11_plus,822,0.13746958637469586,0.27007299270072993,0.12773722627737227
within_channel,bocpd_p0,top5+top10,2,all,4442,0.26159387663214767,0.49932462854570014,0.239981990094552
within_channel,bocpd_p0,top5+top10,2,steps_2_to_5,1312,0.3483231707317073,0.7042682926829268,0.34146341463414637
within_channel,bocpd_p0,top5+top10,2,steps_6_to_10,2308,0.2512998266897747,0.457105719237435,0.2188041594454073
within_channel,bocpd_p0,top5+top10,2,steps_11_plus,822,0.15206812652068127,0.29075425790754256,0.13746958637469586
within_channel,bocpd_p0,top5+max,2,all,4442,0.2960378208014408,0.5594326879783881,0.28905898244034217
within_channel,bocpd_p0,top5+max,2,steps_2_to_5,1312,0.3856707317073171,0.7416158536585366,0.3948170731707317
within_channel,bocpd_p0,top5+max,2,steps_6_to_10,2308,0.2820623916811092,0.5220970537261699,0.268630849220104
within_channel,bocpd_p0,top5+max,2,steps_11_plus,822,0.1922141119221411,0.3734793187347932,0.17761557177615572
within_channel,bocpd_p0,top5+mean,2,all,4442,0.28793336334984243,0.5756416028815848,0.2613687528140477
within_channel,bocpd_p0,top5+mean,2,steps_2_to_5,1312,0.38414634146341464,0.7545731707317073,0.3696646341463415
within_channel,bocpd_p0,top5+mean,2,steps_6_to_10,2308,0.2716637781629116,0.5446273830155979,0.24003466204506066
within_channel,bocpd_p0,top5+mean,2,steps_11_plus,822,0.18004866180048662,0.3771289537712895,0.14841849148418493
within_channel,bocpd_p0,top5+log_top5,2,all,4442,0.2766771724448447,0.5288158487167942,0.27239981990094553
within_channel,bocpd_p0,top5+log_top5,2,steps_2_to_5,1312,0.3643292682926829,0.7240853658536586,0.3788109756097561
within_channel,bocpd_p0,top5+log_top5,2,steps_6_to_10,2308,0.26429809358752165,0.48700173310225303,0.2538994800693241
within_channel,bocpd_p0,top5+log_top5,2,steps_11_plus,822,0.17153284671532848,0.33454987834549876,0.15450121654501217
within_channel,bocpd_p0,top5+cusum_top5,2,all,4442,0.3444394416929311,0.6280954524988743,0.33610986042323276
within_channel,bocpd_p0,top5+cusum_top5,2,steps_2_to_5,1312,0.48246951219512196,0.8262195121951219,0.47484756097560976
within_channel,bocpd_p0,top5+cusum_top5,2,steps_6_to_10,2308,0.31542461005199307,0.598786828422877,0.31152512998266896
within_channel,bocpd_p0,top5+cusum_top5,2,steps_11_plus,822,0.20559610705596107,0.39416058394160586,0.18369829683698297
within_channel,bocpd_p0,top5+onset80,2,all,4442,0.28275551553354344,0.5425484016208915,0.264970733903647
within_channel,bocpd_p0,top5+onset80,2,steps_2_to_5,1312,0.3597560975609756,0.7233231707317073,0.35823170731707316
within_channel,bocpd_p0,top5+onset80,2,steps_6_to_10,2308,0.27642980935875217,0.5134315424610052,0.24826689774696706
within_channel,bocpd_p0,top5+onset80,2,steps_11_plus,822,0.17761557177615572,0.3357664233576642,0.1630170316301703
within_channel,bocpd_p0,top5+top30,2,all,4442,0.28680774425934263,0.5297163439891941,0.2534894191805493
within_channel,bocpd_p0,top5+top30,2,steps_2_to_5,1312,0.3711890243902439,0.7286585365853658,0.3567073170731707
within_channel,bocpd_p0,top5+top30,2,steps_6_to_10,2308,0.27772963604852685,0.4878682842287695,0.23050259965337955
within_channel,bocpd_p0,top5+top30,2,steps_11_plus,822,0.17761557177615572,0.32968369829683697,0.15328467153284672
within_channel,bocpd_p0,top5+std,2,all,4442,0.270148581719946,0.5459252588923909,0.2640702386312472
within_channel,bocpd_p0,top5+std,2,steps_2_to_5,1312,0.3620426829268293,0.7355182926829268,0.3696646341463415
within_channel,bocpd_p0,top5+std,2,steps_6_to_10,2308,0.2530329289428076,0.5047660311958405,0.24176776429809357
within_channel,bocpd_p0,top5+std,2,steps_11_plus,822,0.17153284671532848,0.3588807785888078,0.15815085158150852
within_channel,bocpd_p0,top5+iqr,2,all,4442,0.344889689329131,0.6515083295812697,0.314948221521837
within_channel,bocpd_p0,top5+iqr,2,steps_2_to_5,1312,0.4878048780487805,0.8414634146341463,0.4649390243902439
within_channel,bocpd_p0,top5+iqr,2,steps_6_to_10,2308,0.32192374350086655,0.6278162911611785,0.2772963604852686
within_channel,bocpd_p0,top5+iqr,2,steps_11_plus,822,0.18126520681265207,0.4148418491484185,0.18126520681265207
within_channel,bocpd_p0,top5+frac_above_z,2,all,4442,0.3878883385862224,0.7021611886537595,0.31134624043223774
within_channel,bocpd_p0,top5+frac_above_z,2,steps_2_to_5,1312,0.5266768292682927,0.8871951219512195,0.4557926829268293
within_channel,bocpd_p0,top5+frac_above_z,2,steps_6_to_10,2308,0.36221837088388215,0.6871750433275563,0.27599653379549394
within_channel,bocpd_p0,top5+frac_above_z,2,steps_11_plus,822,0.2384428223844282,0.4489051094890511,0.18004866180048662
within_channel,bocpd_p0,top5+slope,2,all,4442,0.3529941467807294,0.6566861773975686,0.30977037370553806
within_channel,bocpd_p0,top5+slope,2,steps_2_to_5,1312,0.4961890243902439,0.8704268292682927,0.4580792682926829
within_channel,bocpd_p0,top5+slope,2,steps_6_to_10,2308,0.3253899480069324,0.6226169844020797,0.274263431542461
within_channel,bocpd_p0,top5+slope,2,steps_11_plus,822,0.20194647201946472,0.41119221411192214,0.17274939172749393
within_channel,bocpd_p0,top5+jump,2,all,4442,0.2937865826204412,0.5841963079693832,0.2764520486267447
within_channel,bocpd_p0,top5+jump,2,steps_2_to_5,1312,0.4024390243902439,0.7797256097560976,0.39710365853658536
within_channel,bocpd_p0,top5+jump,2,steps_6_to_10,2308,0.27772963604852685,0.5524263431542461,0.25043327556325823
within_channel,bocpd_p0,top5+jump,2,steps_11_plus,822,0.1654501216545012,0.3613138686131387,0.15693430656934307
within_channel,bocpd_p0,top5+q90,2,all,4442,0.3529941467807294,0.6555605583070689,0.3095452498874381
within_channel,bocpd_p0,top5+q90,2,steps_2_to_5,1312,0.4740853658536585,0.8239329268292683,0.44664634146341464
within_channel,bocpd_p0,top5+q90,2,steps_6_to_10,2308,0.3401213171577123,0.6481802426343154,0.2803292894280763
within_channel,bocpd_p0,top5+q90,2,steps_11_plus,822,0.19586374695863748,0.4075425790754258,0.17274939172749393
within_channel,bocpd_p0,top5+first_token,2,all,4442,0.3185502026114363,0.6062584421431787,0.3406123367852319
within_channel,bocpd_p0,top5+first_token,2,steps_2_to_5,1312,0.4016768292682927,0.8003048780487805,0.4817073170731707
within_channel,bocpd_p0,top5+first_token,2,steps_6_to_10,2308,0.3128249566724437,0.5723570190641247,0.31499133448873484
within_channel,bocpd_p0,top5+first_token,2,steps_11_plus,822,0.20194647201946472,0.39172749391727496,0.1873479318734793
within_channel,bocpd_p0,top5+boxcar8_max,2,all,4442,0.30076542098153985,0.564835659612787,0.28162989644304365
within_channel,bocpd_p0,top5+boxcar8_max,2,steps_2_to_5,1312,0.3986280487804878,0.7477134146341463,0.3871951219512195
within_channel,bocpd_p0,top5+boxcar8_max,2,steps_6_to_10,2308,0.2833622183708839,0.5294627383015598,0.26299826689774697
within_channel,bocpd_p0,top5+boxcar8_max,2,steps_11_plus,822,0.19343065693430658,0.3722627737226277,0.1654501216545012
within_channel,bocpd_p0,top5+page_wmax,2,all,4442,0.29693831607384064,0.5583070688878884,0.28140477262494373
within_channel,bocpd_p0,top5+page_wmax,2,steps_2_to_5,1312,0.3856707317073171,0.739329268292683,0.3826219512195122
within_channel,bocpd_p0,top5+page_wmax,2,steps_6_to_10,2308,0.2820623916811092,0.5225303292894281,0.26646447140381285
within_channel,bocpd_p0,top5+page_wmax,2,steps_11_plus,822,0.19708029197080293,0.36982968369829683,0.16180048661800486
within_channel,bocpd_p0,top5+peak,7,all,4442,0.4540747411076092,0.7591175146330482,0.41287708239531745
within_channel,bocpd_p0,top5+peak,7,steps_2_to_5,1312,0.5579268292682927,0.8826219512195121,0.551829268292683
within_channel,bocpd_p0,top5+peak,7,steps_6_to_10,2308,0.4436741767764298,0.7560658578856152,0.3856152512998267
within_channel,bocpd_p0,top5+peak,7,steps_11_plus,822,0.3175182481751825,0.5705596107055961,0.26763990267639903
within_channel,bocpd_p0,top5+spread,4,all,4442,0.4565511031067087,0.7847816298964431,0.37775776677172446
within_channel,bocpd_p0,top5+spread,4,steps_2_to_5,1312,0.5990853658536586,0.9230182926829268,0.5327743902439024
within_channel,bocpd_p0,top5+spread,4,steps_6_to_10,2308,0.43630849220103984,0.7785961871750433,0.34228769497400346
within_channel,bocpd_p0,top5+spread,4,steps_11_plus,822,0.28588807785888076,0.5815085158150851,0.22992700729927007
within_channel,bocpd_p0,top5+trend,3,all,4442,0.3971184151283206,0.7237730751913553,0.34984241332733
within_channel,bocpd_p0,top5+trend,3,steps_2_to_5,1312,0.5548780487804879,0.9115853658536586,0.5121951219512195
within_channel,bocpd_p0,top5+trend,3,steps_6_to_10,2308,0.3669844020797227,0.7036395147313691,0.3128249566724437
within_channel,bocpd_p0,top5+trend,3,steps_11_plus,822,0.22992700729927007,0.4805352798053528,0.19464720194647203
within_channel,bocpd_p0,top5+sequential,4,all,4442,0.414903196758217,0.7019360648356596,0.3935164340387213
within_channel,bocpd_p0,top5+sequential,4,steps_2_to_5,1312,0.5358231707317073,0.854420731707317,0.5160060975609756
within_channel,bocpd_p0,top5+sequential,4,steps_6_to_10,2308,0.39081455805892545,0.6910745233968805,0.37954939341421146
within_channel,bocpd_p0,top5+sequential,4,steps_11_plus,822,0.2895377128953771,0.48905109489051096,0.23722627737226276
within_channel,bocpd_p0,top5+first_token,2,all,4442,0.3185502026114363,0.6062584421431787,0.3406123367852319
within_channel,bocpd_p0,top5+first_token,2,steps_2_to_5,1312,0.4016768292682927,0.8003048780487805,0.4817073170731707
within_channel,bocpd_p0,top5+first_token,2,steps_6_to_10,2308,0.3128249566724437,0.5723570190641247,0.31499133448873484
within_channel,bocpd_p0,top5+first_token,2,steps_11_plus,822,0.20194647201946472,0.39172749391727496,0.1873479318734793
within_channel,bocpd_p0,top5+mean,2,all,4442,0.28793336334984243,0.5756416028815848,0.2613687528140477
within_channel,bocpd_p0,top5+mean,2,steps_2_to_5,1312,0.38414634146341464,0.7545731707317073,0.3696646341463415
within_channel,bocpd_p0,top5+mean,2,steps_6_to_10,2308,0.2716637781629116,0.5446273830155979,0.24003466204506066
within_channel,bocpd_p0,top5+mean,2,steps_11_plus,822,0.18004866180048662,0.3771289537712895,0.14841849148418493
within_channel,bocpd_p0,all_readouts,17,all,4442,0.719720846465556,0.9466456551103106,0.6436289959477712
within_channel,bocpd_p0,all_readouts,17,steps_2_to_5,1312,0.8605182926829268,0.9923780487804879,0.823170731707317
within_channel,bocpd_p0,all_readouts,17,steps_6_to_10,2308,0.6984402079722704,0.9584055459272097,0.6139514731369151
within_channel,bocpd_p0,all_readouts,17,steps_11_plus,822,0.5547445255474452,0.8406326034063261,0.44038929440389296
across_channels,,all_channels_top5,11,all,4442,0.7276001800990545,0.9306618640252139,0.7510130571814498
across_channels,,all_channels_top5,11,steps_2_to_5,1312,0.8788109756097561,0.9946646341463414,0.9108231707317073
across_channels,,all_channels_top5,11,steps_6_to_10,2308,0.7248700173310225,0.9540727902946274,0.7266031195840554
across_channels,,all_channels_top5,11,steps_11_plus,822,0.49391727493917276,0.7627737226277372,0.5644768856447688
across_channels,,everything,168,all,4442,0.9984241332733003,1.0,0.9990995047276002
across_channels,,everything,168,steps_2_to_5,1312,1.0,1.0,1.0
across_channels,,everything,168,steps_6_to_10,2308,1.0,1.0,1.0
across_channels,,everything,168,steps_11_plus,822,0.9914841849148418,1.0,0.9951338199513382
fused,,ct7,1,all,4442,0.3824853669518235,0.6130121566861774,
fused,,ct7,1,steps_2_to_5,1312,0.4763719512195122,0.791920731707317,
fused,,ct7,1,steps_6_to_10,2308,0.3587521663778163,0.5810225303292894,
fused,,ct7,1,steps_11_plus,822,0.29927007299270075,0.4172749391727494,
fused,,ct7+peak,57,all,4442,0.9509230076542098,0.9975236380009005,
fused,,ct7+peak,57,steps_2_to_5,1312,0.9900914634146342,1.0,
fused,,ct7+peak,57,steps_6_to_10,2308,0.9597053726169844,1.0,
fused,,ct7+peak,57,steps_11_plus,822,0.8637469586374696,0.98661800486618,
fused,,ct7+spread,31,all,4442,0.8613237280504278,0.9862674470959027,
fused,,ct7+spread,31,steps_2_to_5,1312,0.9634146341463414,1.0,
fused,,ct7+spread,31,steps_6_to_10,2308,0.8557192374350087,0.9961005199306759,
fused,,ct7+spread,31,steps_11_plus,822,0.7141119221411192,0.9367396593673966,
fused,,ct7+trend,23,all,4442,0.895092300765421,0.9885186852769023,
fused,,ct7+trend,23,steps_2_to_5,1312,0.9839939024390244,1.0,
fused,,ct7+trend,23,steps_6_to_10,2308,0.901213171577123,0.9965337954939342,
fused,,ct7+trend,23,steps_11_plus,822,0.7360097323600974,0.9476885644768857,
fused,,ct7+sequential,33,all,4442,0.9398919405673121,0.995047276001801,
fused,,ct7+sequential,33,steps_2_to_5,1312,0.989329268292683,1.0,
fused,,ct7+sequential,33,steps_6_to_10,2308,0.945840554592721,0.9987001733102253,
fused,,ct7+sequential,33,steps_11_plus,822,0.8442822384428224,0.9768856447688564,
fused,,ct7+first_token,10,all,4442,0.7823052678973436,0.9669067987393066,
fused,,ct7+first_token,10,steps_2_to_5,1312,0.9001524390243902,0.9992378048780488,
fused,,ct7+first_token,10,steps_6_to_10,2308,0.7842287694974004,0.9818024263431543,
fused,,ct7+first_token,10,steps_11_plus,822,0.5888077858880778,0.8734793187347932,
fused,,ct7+mean,12,all,4442,0.7660963529941468,0.9666816749212067,
fused,,ct7+mean,12,steps_2_to_5,1312,0.9237804878048781,1.0,
fused,,ct7+mean,12,steps_6_to_10,2308,0.7560658578856152,0.9822357019064125,
fused,,ct7+mean,12,steps_11_plus,822,0.5425790754257908,0.8698296836982968,
fused,,ct7+everything,169,all,4442,0.9984241332733003,1.0,
fused,,ct7+everything,169,steps_2_to_5,1312,1.0,1.0,
fused,,ct7+everything,169,steps_6_to_10,2308,1.0,1.0,
fused,,ct7+everything,169,steps_11_plus,822,0.9914841849148418,1.0,
fused,,token_lsml,1,all,4442,0.3313822602431337,0.5715893741557857,
fused,,token_lsml,1,steps_2_to_5,1312,0.4321646341463415,0.7698170731707317,
fused,,token_lsml,1,steps_6_to_10,2308,0.31802426343154244,0.5459272097053726,
fused,,token_lsml,1,steps_11_plus,822,0.20802919708029197,0.32725060827250607,
fused,,token_lsml+peak,57,all,4442,0.9506978838361099,0.9975236380009005,
fused,,token_lsml+peak,57,steps_2_to_5,1312,0.9900914634146342,1.0,
fused,,token_lsml+peak,57,steps_6_to_10,2308,0.9597053726169844,1.0,
fused,,token_lsml+peak,57,steps_11_plus,822,0.8625304136253041,0.98661800486618,
fused,,token_lsml+spread,31,all,4442,0.8478162989644304,0.985366951823503,
fused,,token_lsml+spread,31,steps_2_to_5,1312,0.9588414634146342,1.0,
fused,,token_lsml+spread,31,steps_6_to_10,2308,0.8453206239168111,0.9961005199306759,
fused,,token_lsml+spread,31,steps_11_plus,822,0.6776155717761557,0.9318734793187348,
fused,,token_lsml+trend,23,all,4442,0.8905898244034219,0.9880684376407024,
fused,,token_lsml+trend,23,steps_2_to_5,1312,0.9832317073170732,1.0,
fused,,token_lsml+trend,23,steps_6_to_10,2308,0.9003466204506065,0.9969670710571924,
fused,,token_lsml+trend,23,steps_11_plus,822,0.7153284671532847,0.9440389294403893,
fused,,token_lsml+sequential,33,all,4442,0.9385411976587122,0.995047276001801,
fused,,token_lsml+sequential,33,steps_2_to_5,1312,0.989329268292683,1.0,
fused,,token_lsml+sequential,33,steps_6_to_10,2308,0.9454072790294628,0.9987001733102253,
fused,,token_lsml+sequential,33,steps_11_plus,822,0.8381995133819952,0.9768856447688564,
fused,,token_lsml+first_token,10,all,4442,0.7618190004502476,0.9635299414678073,
fused,,token_lsml+first_token,10,steps_2_to_5,1312,0.8932926829268293,0.9992378048780488,
fused,,token_lsml+first_token,10,steps_6_to_10,2308,0.7647313691507799,0.9813691507798961,
fused,,token_lsml+first_token,10,steps_11_plus,822,0.5437956204379562,0.8564476885644768,
fused,,token_lsml+mean,12,all,4442,0.7402071139126519,0.9617289509230077,
fused,,token_lsml+mean,12,steps_2_to_5,1312,0.9100609756097561,1.0,
fused,,token_lsml+mean,12,steps_6_to_10,2308,0.7361351819757366,0.9800693240901213,
fused,,token_lsml+mean,12,steps_11_plus,822,0.4805352798053528,0.8491484184914841,
fused,,token_lsml+everything,169,all,4442,0.9984241332733003,1.0,
fused,,token_lsml+everything,169,steps_2_to_5,1312,1.0,1.0,
fused,,token_lsml+everything,169,steps_6_to_10,2308,1.0,1.0,
fused,,token_lsml+everything,169,steps_11_plus,822,0.9914841849148418,1.0,
fused,,top5__all__soft__equal,1,all,4442,0.3009905447996398,0.5362449347140927,
fused,,top5__all__soft__equal,1,steps_2_to_5,1312,0.42073170731707316,0.7515243902439024,
fused,,top5__all__soft__equal,1,steps_6_to_10,2308,0.2885615251299827,0.5051993067590987,
fused,,top5__all__soft__equal,1,steps_11_plus,822,0.14476885644768855,0.2798053527980535,
fused,,top5__all__soft__equal+peak,57,all,4442,0.9506978838361099,0.9975236380009005,
fused,,top5__all__soft__equal+peak,57,steps_2_to_5,1312,0.9900914634146342,1.0,
fused,,top5__all__soft__equal+peak,57,steps_6_to_10,2308,0.9597053726169844,1.0,
fused,,top5__all__soft__equal+peak,57,steps_11_plus,822,0.8625304136253041,0.98661800486618,
fused,,top5__all__soft__equal+spread,31,all,4442,0.8356596127870328,0.9833408374606033,
fused,,top5__all__soft__equal+spread,31,steps_2_to_5,1312,0.9542682926829268,1.0,
fused,,top5__all__soft__equal+spread,31,steps_6_to_10,2308,0.8314558058925476,0.9952339688041595,
fused,,top5__all__soft__equal+spread,31,steps_11_plus,822,0.6581508515815085,0.9233576642335767,
fused,,top5__all__soft__equal+trend,23,all,4442,0.8829356145880234,0.9876181900045025,
fused,,top5__all__soft__equal+trend,23,steps_2_to_5,1312,0.9824695121951219,1.0,
fused,,top5__all__soft__equal+trend,23,steps_6_to_10,2308,0.8921143847487002,0.9965337954939342,
fused,,top5__all__soft__equal+trend,23,steps_11_plus,822,0.6982968369829684,0.9428223844282239,
fused,,top5__all__soft__equal+sequential,33,all,4442,0.9383160738406123,0.995047276001801,
fused,,top5__all__soft__equal+sequential,33,steps_2_to_5,1312,0.989329268292683,1.0,
fused,,top5__all__soft__equal+sequential,33,steps_6_to_10,2308,0.9454072790294628,0.9987001733102253,
fused,,top5__all__soft__equal+sequential,33,steps_11_plus,822,0.8369829683698297,0.9768856447688564,
fused,,top5__all__soft__equal+first_token,10,all,4442,0.7386312471859523,0.9581269698334084,
fused,,top5__all__soft__equal+first_token,10,steps_2_to_5,1312,0.8864329268292683,0.9984756097560976,
fused,,top5__all__soft__equal+first_token,10,steps_6_to_10,2308,0.7439341421143848,0.9779029462738301,
fused,,top5__all__soft__equal+first_token,10,steps_11_plus,822,0.4878345498783455,0.8381995133819952,
fused,,top5__all__soft__equal+mean,12,all,4442,0.7244484466456551,0.9610535794687078,
fused,,top5__all__soft__equal+mean,12,steps_2_to_5,1312,0.9123475609756098,1.0,
fused,,top5__all__soft__equal+mean,12,steps_6_to_10,2308,0.7175043327556326,0.979636048526863,
fused,,top5__all__soft__equal+mean,12,steps_11_plus,822,0.4440389294403893,0.8467153284671532,
fused,,top5__all__soft__equal+everything,169,all,4442,0.9984241332733003,1.0,
fused,,top5__all__soft__equal+everything,169,steps_2_to_5,1312,1.0,1.0,
fused,,top5__all__soft__equal+everything,169,steps_6_to_10,2308,1.0,1.0,
fused,,top5__all__soft__equal+everything,169,steps_11_plus,822,0.9914841849148418,1.0,
fused,,top5__all__pmf__equal,1,all,4442,0.3009905447996398,0.5362449347140927,
fused,,top5__all__pmf__equal,1,steps_2_to_5,1312,0.42073170731707316,0.7515243902439024,
fused,,top5__all__pmf__equal,1,steps_6_to_10,2308,0.2885615251299827,0.5051993067590987,
fused,,top5__all__pmf__equal,1,steps_11_plus,822,0.14476885644768855,0.2798053527980535,
fused,,top5__all__pmf__equal+peak,57,all,4442,0.9506978838361099,0.9975236380009005,
fused,,top5__all__pmf__equal+peak,57,steps_2_to_5,1312,0.9900914634146342,1.0,
fused,,top5__all__pmf__equal+peak,57,steps_6_to_10,2308,0.9597053726169844,1.0,
fused,,top5__all__pmf__equal+peak,57,steps_11_plus,822,0.8625304136253041,0.98661800486618,
fused,,top5__all__pmf__equal+spread,31,all,4442,0.8356596127870328,0.9833408374606033,
fused,,top5__all__pmf__equal+spread,31,steps_2_to_5,1312,0.9542682926829268,1.0,
fused,,top5__all__pmf__equal+spread,31,steps_6_to_10,2308,0.8314558058925476,0.9952339688041595,
fused,,top5__all__pmf__equal+spread,31,steps_11_plus,822,0.6581508515815085,0.9233576642335767,
fused,,top5__all__pmf__equal+trend,23,all,4442,0.8829356145880234,0.9876181900045025,
fused,,top5__all__pmf__equal+trend,23,steps_2_to_5,1312,0.9824695121951219,1.0,
fused,,top5__all__pmf__equal+trend,23,steps_6_to_10,2308,0.8921143847487002,0.9965337954939342,
fused,,top5__all__pmf__equal+trend,23,steps_11_plus,822,0.6982968369829684,0.9428223844282239,
fused,,top5__all__pmf__equal+sequential,33,all,4442,0.9383160738406123,0.995047276001801,
fused,,top5__all__pmf__equal+sequential,33,steps_2_to_5,1312,0.989329268292683,1.0,
fused,,top5__all__pmf__equal+sequential,33,steps_6_to_10,2308,0.9454072790294628,0.9987001733102253,
fused,,top5__all__pmf__equal+sequential,33,steps_11_plus,822,0.8369829683698297,0.9768856447688564,
fused,,top5__all__pmf__equal+first_token,10,all,4442,0.7386312471859523,0.9581269698334084,
fused,,top5__all__pmf__equal+first_token,10,steps_2_to_5,1312,0.8864329268292683,0.9984756097560976,
fused,,top5__all__pmf__equal+first_token,10,steps_6_to_10,2308,0.7439341421143848,0.9779029462738301,
fused,,top5__all__pmf__equal+first_token,10,steps_11_plus,822,0.4878345498783455,0.8381995133819952,
fused,,top5__all__pmf__equal+mean,12,all,4442,0.7244484466456551,0.9610535794687078,
fused,,top5__all__pmf__equal+mean,12,steps_2_to_5,1312,0.9123475609756098,1.0,
fused,,top5__all__pmf__equal+mean,12,steps_6_to_10,2308,0.7175043327556326,0.979636048526863,
fused,,top5__all__pmf__equal+mean,12,steps_11_plus,822,0.4440389294403893,0.8467153284671532,
fused,,top5__all__pmf__equal+everything,169,all,4442,0.9984241332733003,1.0,
fused,,top5__all__pmf__equal+everything,169,steps_2_to_5,1312,1.0,1.0,
fused,,top5__all__pmf__equal+everything,169,steps_6_to_10,2308,1.0,1.0,
fused,,top5__all__pmf__equal+everything,169,steps_11_plus,822,0.9914841849148418,1.0,
fused,,all_fused,4,all,4442,0.4936965330932013,0.7298514182800541,
fused,,all_fused,4,steps_2_to_5,1312,0.5823170731707317,0.8612804878048781,
fused,,all_fused,4,steps_6_to_10,2308,0.4883015597920277,0.7270363951473137,
fused,,all_fused,4,steps_11_plus,822,0.36739659367396593,0.5279805352798054,
